analysis,omics,prior_mode,model,fold,sample_id,y_true,y_true_label,y_pred,y_pred_label,y_score_sensitive
early_fusion,rna_cnv_mutation,pax,logistic_l2,1,REF002,1,Sensitive,1,Sensitive,0.718304077902548
early_fusion,rna_cnv_mutation,pax,logistic_l2,1,REF005,1,Sensitive,0,Resistant,0.2716903242448126
early_fusion,rna_cnv_mutation,pax,logistic_l2,1,REF034,0,Resistant,1,Sensitive,0.7990268177328356
early_fusion,rna_cnv_mutation,pax,logistic_l2,1,REF035,0,Resistant,0,Resistant,0.2632765387211368
early_fusion,rna_cnv_mutation,pax,logistic_l2,1,REF044,0,Resistant,0,Resistant,0.3315261679585535
early_fusion,rna_cnv_mutation,pax,logistic_l2,1,REF057,0,Resistant,0,Resistant,0.30227939577162083
early_fusion,rna_cnv_mutation,pax,logistic_l2,1,REF063,0,Resistant,1,Sensitive,0.7810321693768949
early_fusion,rna_cnv_mutation,pax,logistic_l2,1,S100804,0,Resistant,0,Resistant,0.4757817752637668
early_fusion,rna_cnv_mutation,pax,logistic_l2,1,S18674,1,Sensitive,0,Resistant,0.4645503329807507
early_fusion,rna_cnv_mutation,pax,logistic_l2,1,S241417,1,Sensitive,1,Sensitive,0.7823658147559126
early_fusion,rna_cnv_mutation,pax,logistic_l2,1,S66684,1,Sensitive,1,Sensitive,0.6755001047297606
early_fusion,rna_cnv_mutation,pax,logistic_l2,1,S66817,1,Sensitive,1,Sensitive,0.7511115888233021
early_fusion,rna_cnv_mutation,pax,logistic_l2,1,S73471,0,Resistant,1,Sensitive,0.6190914928050629
early_fusion,rna_cnv_mutation,pax,logistic_l1,1,REF002,1,Sensitive,1,Sensitive,0.9664000244217127
early_fusion,rna_cnv_mutation,pax,logistic_l1,1,REF005,1,Sensitive,0,Resistant,0.44284309263861094
early_fusion,rna_cnv_mutation,pax,logistic_l1,1,REF034,0,Resistant,1,Sensitive,0.8438088227199314
early_fusion,rna_cnv_mutation,pax,logistic_l1,1,REF035,0,Resistant,0,Resistant,0.3036198399259117
early_fusion,rna_cnv_mutation,pax,logistic_l1,1,REF044,0,Resistant,0,Resistant,0.11366837718383797
early_fusion,rna_cnv_mutation,pax,logistic_l1,1,REF057,0,Resistant,1,Sensitive,0.8180591048795313
early_fusion,rna_cnv_mutation,pax,logistic_l1,1,REF063,0,Resistant,0,Resistant,0.180371582154598
early_fusion,rna_cnv_mutation,pax,logistic_l1,1,S100804,0,Resistant,1,Sensitive,0.9497954779006591
early_fusion,rna_cnv_mutation,pax,logistic_l1,1,S18674,1,Sensitive,0,Resistant,0.3686286567636724
early_fusion,rna_cnv_mutation,pax,logistic_l1,1,S241417,1,Sensitive,1,Sensitive,0.9015395117441088
early_fusion,rna_cnv_mutation,pax,logistic_l1,1,S66684,1,Sensitive,1,Sensitive,0.8157945940066128
early_fusion,rna_cnv_mutation,pax,logistic_l1,1,S66817,1,Sensitive,0,Resistant,0.38228289588268316
early_fusion,rna_cnv_mutation,pax,logistic_l1,1,S73471,0,Resistant,0,Resistant,0.12481637426850374
early_fusion,rna_cnv_mutation,pax,svm_rbf,1,REF002,1,Sensitive,0,Resistant,0.5593142452749346
early_fusion,rna_cnv_mutation,pax,svm_rbf,1,REF005,1,Sensitive,0,Resistant,0.5591339054412467
early_fusion,rna_cnv_mutation,pax,svm_rbf,1,REF034,0,Resistant,0,Resistant,0.5591314089563415
early_fusion,rna_cnv_mutation,pax,svm_rbf,1,REF035,0,Resistant,0,Resistant,0.5595427417767879
early_fusion,rna_cnv_mutation,pax,svm_rbf,1,REF044,0,Resistant,0,Resistant,0.5598881157145074
early_fusion,rna_cnv_mutation,pax,svm_rbf,1,REF057,0,Resistant,0,Resistant,0.5596391674381147
early_fusion,rna_cnv_mutation,pax,svm_rbf,1,REF063,0,Resistant,0,Resistant,0.5592355026023396
early_fusion,rna_cnv_mutation,pax,svm_rbf,1,S100804,0,Resistant,0,Resistant,0.5595127118593854
early_fusion,rna_cnv_mutation,pax,svm_rbf,1,S18674,1,Sensitive,0,Resistant,0.5592924004535076
early_fusion,rna_cnv_mutation,pax,svm_rbf,1,S241417,1,Sensitive,0,Resistant,0.559228163730924
early_fusion,rna_cnv_mutation,pax,svm_rbf,1,S66684,1,Sensitive,0,Resistant,0.5587767683102239
early_fusion,rna_cnv_mutation,pax,svm_rbf,1,S66817,1,Sensitive,0,Resistant,0.559608860282316
early_fusion,rna_cnv_mutation,pax,svm_rbf,1,S73471,0,Resistant,0,Resistant,0.5584563160043713
early_fusion,rna_cnv_mutation,pax,random_forest,1,REF002,1,Sensitive,1,Sensitive,0.5232888781624074
early_fusion,rna_cnv_mutation,pax,random_forest,1,REF005,1,Sensitive,0,Resistant,0.4519084510749676
early_fusion,rna_cnv_mutation,pax,random_forest,1,REF034,0,Resistant,1,Sensitive,0.6548089238713967
early_fusion,rna_cnv_mutation,pax,random_forest,1,REF035,0,Resistant,0,Resistant,0.38519889033889726
early_fusion,rna_cnv_mutation,pax,random_forest,1,REF044,0,Resistant,0,Resistant,0.4650254824756357
early_fusion,rna_cnv_mutation,pax,random_forest,1,REF057,0,Resistant,0,Resistant,0.4147262551316447
early_fusion,rna_cnv_mutation,pax,random_forest,1,REF063,0,Resistant,1,Sensitive,0.5882773790343477
early_fusion,rna_cnv_mutation,pax,random_forest,1,S100804,0,Resistant,0,Resistant,0.4428450087510364
early_fusion,rna_cnv_mutation,pax,random_forest,1,S18674,1,Sensitive,1,Sensitive,0.5110836596381559
early_fusion,rna_cnv_mutation,pax,random_forest,1,S241417,1,Sensitive,1,Sensitive,0.5254397839766602
early_fusion,rna_cnv_mutation,pax,random_forest,1,S66684,1,Sensitive,1,Sensitive,0.550589051651871
early_fusion,rna_cnv_mutation,pax,random_forest,1,S66817,1,Sensitive,0,Resistant,0.4952296182132454
early_fusion,rna_cnv_mutation,pax,random_forest,1,S73471,0,Resistant,1,Sensitive,0.5087526232829247
early_fusion,rna_cnv_mutation,pax,logistic_l2,2,REF004,0,Resistant,0,Resistant,0.3684915134394842
early_fusion,rna_cnv_mutation,pax,logistic_l2,2,REF006,0,Resistant,0,Resistant,0.4417138777969277
early_fusion,rna_cnv_mutation,pax,logistic_l2,2,REF019,0,Resistant,1,Sensitive,0.6181136101984943
early_fusion,rna_cnv_mutation,pax,logistic_l2,2,REF022,1,Sensitive,1,Sensitive,0.646475489886261
early_fusion,rna_cnv_mutation,pax,logistic_l2,2,REF024,1,Sensitive,0,Resistant,0.43034481735414376
early_fusion,rna_cnv_mutation,pax,logistic_l2,2,REF047,0,Resistant,1,Sensitive,0.5164454456224716
early_fusion,rna_cnv_mutation,pax,logistic_l2,2,REF048,0,Resistant,0,Resistant,0.10041723680352399
early_fusion,rna_cnv_mutation,pax,logistic_l2,2,S38807,1,Sensitive,1,Sensitive,0.8228155093138741
early_fusion,rna_cnv_mutation,pax,logistic_l2,2,S47904,0,Resistant,1,Sensitive,0.6128175675937776
early_fusion,rna_cnv_mutation,pax,logistic_l2,2,S48041,1,Sensitive,0,Resistant,0.22141799995882075
early_fusion,rna_cnv_mutation,pax,logistic_l2,2,S48342,0,Resistant,0,Resistant,0.09365767097768712
early_fusion,rna_cnv_mutation,pax,logistic_l2,2,S67990,1,Sensitive,1,Sensitive,0.7872552787760024
early_fusion,rna_cnv_mutation,pax,logistic_l2,2,S85277,1,Sensitive,1,Sensitive,0.7713542174292632
early_fusion,rna_cnv_mutation,pax,logistic_l1,2,REF004,0,Resistant,0,Resistant,0.5
early_fusion,rna_cnv_mutation,pax,logistic_l1,2,REF006,0,Resistant,0,Resistant,0.5
early_fusion,rna_cnv_mutation,pax,logistic_l1,2,REF019,0,Resistant,0,Resistant,0.5
early_fusion,rna_cnv_mutation,pax,logistic_l1,2,REF022,1,Sensitive,0,Resistant,0.5
early_fusion,rna_cnv_mutation,pax,logistic_l1,2,REF024,1,Sensitive,0,Resistant,0.5
early_fusion,rna_cnv_mutation,pax,logistic_l1,2,REF047,0,Resistant,0,Resistant,0.5
early_fusion,rna_cnv_mutation,pax,logistic_l1,2,REF048,0,Resistant,0,Resistant,0.5
early_fusion,rna_cnv_mutation,pax,logistic_l1,2,S38807,1,Sensitive,0,Resistant,0.5
early_fusion,rna_cnv_mutation,pax,logistic_l1,2,S47904,0,Resistant,0,Resistant,0.5
early_fusion,rna_cnv_mutation,pax,logistic_l1,2,S48041,1,Sensitive,0,Resistant,0.5
early_fusion,rna_cnv_mutation,pax,logistic_l1,2,S48342,0,Resistant,0,Resistant,0.5
early_fusion,rna_cnv_mutation,pax,logistic_l1,2,S67990,1,Sensitive,0,Resistant,0.5
early_fusion,rna_cnv_mutation,pax,logistic_l1,2,S85277,1,Sensitive,0,Resistant,0.5
early_fusion,rna_cnv_mutation,pax,svm_rbf,2,REF004,0,Resistant,0,Resistant,0.48938341865684165
early_fusion,rna_cnv_mutation,pax,svm_rbf,2,REF006,0,Resistant,1,Sensitive,0.4900890173599572
early_fusion,rna_cnv_mutation,pax,svm_rbf,2,REF019,0,Resistant,1,Sensitive,0.4903733784656147
early_fusion,rna_cnv_mutation,pax,svm_rbf,2,REF022,1,Sensitive,1,Sensitive,0.49050284473661515
early_fusion,rna_cnv_mutation,pax,svm_rbf,2,REF024,1,Sensitive,0,Resistant,0.4893448567054569
early_fusion,rna_cnv_mutation,pax,svm_rbf,2,REF047,0,Resistant,0,Resistant,0.4893236465626509
early_fusion,rna_cnv_mutation,pax,svm_rbf,2,REF048,0,Resistant,0,Resistant,0.4884809080694135
early_fusion,rna_cnv_mutation,pax,svm_rbf,2,S38807,1,Sensitive,1,Sensitive,0.49104144713180703
early_fusion,rna_cnv_mutation,pax,svm_rbf,2,S47904,0,Resistant,1,Sensitive,0.4902583555398574
early_fusion,rna_cnv_mutation,pax,svm_rbf,2,S48041,1,Sensitive,0,Resistant,0.4887717503947346
early_fusion,rna_cnv_mutation,pax,svm_rbf,2,S48342,0,Resistant,0,Resistant,0.48751549794208876
early_fusion,rna_cnv_mutation,pax,svm_rbf,2,S67990,1,Sensitive,1,Sensitive,0.49056404942923415
early_fusion,rna_cnv_mutation,pax,svm_rbf,2,S85277,1,Sensitive,1,Sensitive,0.49108032381712424
early_fusion,rna_cnv_mutation,pax,random_forest,2,REF004,0,Resistant,0,Resistant,0.4643940269265988
early_fusion,rna_cnv_mutation,pax,random_forest,2,REF006,0,Resistant,1,Sensitive,0.5010142122104249
early_fusion,rna_cnv_mutation,pax,random_forest,2,REF019,0,Resistant,1,Sensitive,0.5375445324329438
early_fusion,rna_cnv_mutation,pax,random_forest,2,REF022,1,Sensitive,1,Sensitive,0.5618024226764874
early_fusion,rna_cnv_mutation,pax,random_forest,2,REF024,1,Sensitive,0,Resistant,0.45753264748991523
early_fusion,rna_cnv_mutation,pax,random_forest,2,REF047,0,Resistant,1,Sensitive,0.5042055034541996
early_fusion,rna_cnv_mutation,pax,random_forest,2,REF048,0,Resistant,0,Resistant,0.4020737766665499
early_fusion,rna_cnv_mutation,pax,random_forest,2,S38807,1,Sensitive,1,Sensitive,0.6121210370612592
early_fusion,rna_cnv_mutation,pax,random_forest,2,S47904,0,Resistant,1,Sensitive,0.5272286271506698
early_fusion,rna_cnv_mutation,pax,random_forest,2,S48041,1,Sensitive,0,Resistant,0.39645619441637736
early_fusion,rna_cnv_mutation,pax,random_forest,2,S48342,0,Resistant,0,Resistant,0.2311830297458648
early_fusion,rna_cnv_mutation,pax,random_forest,2,S67990,1,Sensitive,1,Sensitive,0.6144583626835506
early_fusion,rna_cnv_mutation,pax,random_forest,2,S85277,1,Sensitive,1,Sensitive,0.6489469269904056
early_fusion,rna_cnv_mutation,pax,logistic_l2,3,INSB019,0,Resistant,1,Sensitive,0.8302880643079517
early_fusion,rna_cnv_mutation,pax,logistic_l2,3,REF003,0,Resistant,1,Sensitive,0.7646957998817141
early_fusion,rna_cnv_mutation,pax,logistic_l2,3,REF013,1,Sensitive,1,Sensitive,0.5831466795632907
early_fusion,rna_cnv_mutation,pax,logistic_l2,3,REF025,1,Sensitive,1,Sensitive,0.7088157561225932
early_fusion,rna_cnv_mutation,pax,logistic_l2,3,REF037,0,Resistant,0,Resistant,0.23319341966182086
early_fusion,rna_cnv_mutation,pax,logistic_l2,3,S100672,1,Sensitive,1,Sensitive,0.5422469693867251
early_fusion,rna_cnv_mutation,pax,logistic_l2,3,S20710,0,Resistant,1,Sensitive,0.8515732310060671
early_fusion,rna_cnv_mutation,pax,logistic_l2,3,S28077,1,Sensitive,0,Resistant,0.43783724753841213
early_fusion,rna_cnv_mutation,pax,logistic_l2,3,S53782,0,Resistant,0,Resistant,0.2776891246935884
early_fusion,rna_cnv_mutation,pax,logistic_l2,3,S71208,1,Sensitive,1,Sensitive,0.6761092382655717
early_fusion,rna_cnv_mutation,pax,logistic_l2,3,S72877,1,Sensitive,1,Sensitive,0.6326072764970885
early_fusion,rna_cnv_mutation,pax,logistic_l2,3,S72955,0,Resistant,0,Resistant,0.16739400856107345
early_fusion,rna_cnv_mutation,pax,logistic_l1,3,INSB019,0,Resistant,1,Sensitive,0.938454933894036
early_fusion,rna_cnv_mutation,pax,logistic_l1,3,REF003,0,Resistant,1,Sensitive,0.8555846845436483
early_fusion,rna_cnv_mutation,pax,logistic_l1,3,REF013,1,Sensitive,0,Resistant,0.3935565027899847
early_fusion,rna_cnv_mutation,pax,logistic_l1,3,REF025,1,Sensitive,0,Resistant,0.34546602701691353
early_fusion,rna_cnv_mutation,pax,logistic_l1,3,REF037,0,Resistant,0,Resistant,0.036818726992766636
early_fusion,rna_cnv_mutation,pax,logistic_l1,3,S100672,1,Sensitive,0,Resistant,0.4771737454490385
early_fusion,rna_cnv_mutation,pax,logistic_l1,3,S20710,0,Resistant,1,Sensitive,0.6637275630392824
early_fusion,rna_cnv_mutation,pax,logistic_l1,3,S28077,1,Sensitive,0,Resistant,0.025413672739327726
early_fusion,rna_cnv_mutation,pax,logistic_l1,3,S53782,0,Resistant,0,Resistant,0.1092148330225817
early_fusion,rna_cnv_mutation,pax,logistic_l1,3,S71208,1,Sensitive,0,Resistant,0.39706681365377233
early_fusion,rna_cnv_mutation,pax,logistic_l1,3,S72877,1,Sensitive,1,Sensitive,0.8709807233578944
early_fusion,rna_cnv_mutation,pax,logistic_l1,3,S72955,0,Resistant,1,Sensitive,0.5696910779590828
early_fusion,rna_cnv_mutation,pax,svm_rbf,3,INSB019,0,Resistant,1,Sensitive,0.4201621727403464
early_fusion,rna_cnv_mutation,pax,svm_rbf,3,REF003,0,Resistant,1,Sensitive,0.4173719847375839
early_fusion,rna_cnv_mutation,pax,svm_rbf,3,REF013,1,Sensitive,1,Sensitive,0.45100783299477976
early_fusion,rna_cnv_mutation,pax,svm_rbf,3,REF025,1,Sensitive,1,Sensitive,0.4068660284938421
early_fusion,rna_cnv_mutation,pax,svm_rbf,3,REF037,0,Resistant,0,Resistant,0.5228884353068342
early_fusion,rna_cnv_mutation,pax,svm_rbf,3,S100672,1,Sensitive,1,Sensitive,0.45444811302824434
early_fusion,rna_cnv_mutation,pax,svm_rbf,3,S20710,0,Resistant,1,Sensitive,0.4122307194904354
early_fusion,rna_cnv_mutation,pax,svm_rbf,3,S28077,1,Sensitive,1,Sensitive,0.46977034940039236
early_fusion,rna_cnv_mutation,pax,svm_rbf,3,S53782,0,Resistant,1,Sensitive,0.47145574241286414
early_fusion,rna_cnv_mutation,pax,svm_rbf,3,S71208,1,Sensitive,1,Sensitive,0.4265817174989787
early_fusion,rna_cnv_mutation,pax,svm_rbf,3,S72877,1,Sensitive,1,Sensitive,0.43180069633669543
early_fusion,rna_cnv_mutation,pax,svm_rbf,3,S72955,0,Resistant,0,Resistant,0.5655832326739634
early_fusion,rna_cnv_mutation,pax,random_forest,3,INSB019,0,Resistant,1,Sensitive,0.5183405188932823
early_fusion,rna_cnv_mutation,pax,random_forest,3,REF003,0,Resistant,1,Sensitive,0.5890198746497176
early_fusion,rna_cnv_mutation,pax,random_forest,3,REF013,1,Sensitive,1,Sensitive,0.5094474013042439
early_fusion,rna_cnv_mutation,pax,random_forest,3,REF025,1,Sensitive,1,Sensitive,0.5948024897956102
early_fusion,rna_cnv_mutation,pax,random_forest,3,REF037,0,Resistant,0,Resistant,0.3913634663993621
early_fusion,rna_cnv_mutation,pax,random_forest,3,S100672,1,Sensitive,0,Resistant,0.48662606859103724
early_fusion,rna_cnv_mutation,pax,random_forest,3,S20710,0,Resistant,1,Sensitive,0.5687828741676422
early_fusion,rna_cnv_mutation,pax,random_forest,3,S28077,1,Sensitive,0,Resistant,0.45571250402019226
early_fusion,rna_cnv_mutation,pax,random_forest,3,S53782,0,Resistant,0,Resistant,0.47251363406463026
early_fusion,rna_cnv_mutation,pax,random_forest,3,S71208,1,Sensitive,1,Sensitive,0.5019595685003387
early_fusion,rna_cnv_mutation,pax,random_forest,3,S72877,1,Sensitive,0,Resistant,0.4833741523373733
early_fusion,rna_cnv_mutation,pax,random_forest,3,S72955,0,Resistant,0,Resistant,0.3319996620734406
early_fusion,rna_cnv_mutation,pax,logistic_l2,4,REF001,0,Resistant,1,Sensitive,0.6513365918978543
early_fusion,rna_cnv_mutation,pax,logistic_l2,4,REF007,1,Sensitive,1,Sensitive,0.5752002197265109
early_fusion,rna_cnv_mutation,pax,logistic_l2,4,REF016,0,Resistant,1,Sensitive,0.8524801430775785
early_fusion,rna_cnv_mutation,pax,logistic_l2,4,REF023,1,Sensitive,0,Resistant,0.16665091947550933
early_fusion,rna_cnv_mutation,pax,logistic_l2,4,REF043,1,Sensitive,0,Resistant,0.14002413635914185
early_fusion,rna_cnv_mutation,pax,logistic_l2,4,REF052,0,Resistant,0,Resistant,0.18410275927854358
early_fusion,rna_cnv_mutation,pax,logistic_l2,4,S108045,0,Resistant,0,Resistant,0.432468743053626
early_fusion,rna_cnv_mutation,pax,logistic_l2,4,S16720,0,Resistant,0,Resistant,0.27566681045547714
early_fusion,rna_cnv_mutation,pax,logistic_l2,4,S44441,0,Resistant,0,Resistant,0.49485476817649837
early_fusion,rna_cnv_mutation,pax,logistic_l2,4,S48602,1,Sensitive,1,Sensitive,0.72964756116615
early_fusion,rna_cnv_mutation,pax,logistic_l2,4,S67455,1,Sensitive,1,Sensitive,0.7949277969440316
early_fusion,rna_cnv_mutation,pax,logistic_l2,4,S69196,1,Sensitive,1,Sensitive,0.6764042936186824
early_fusion,rna_cnv_mutation,pax,logistic_l1,4,REF001,0,Resistant,0,Resistant,0.440460879002121
early_fusion,rna_cnv_mutation,pax,logistic_l1,4,REF007,1,Sensitive,1,Sensitive,0.6194744356194369
early_fusion,rna_cnv_mutation,pax,logistic_l1,4,REF016,0,Resistant,1,Sensitive,0.991842864179207
early_fusion,rna_cnv_mutation,pax,logistic_l1,4,REF023,1,Sensitive,0,Resistant,0.06589267900419947
early_fusion,rna_cnv_mutation,pax,logistic_l1,4,REF043,1,Sensitive,0,Resistant,0.022771464915707525
early_fusion,rna_cnv_mutation,pax,logistic_l1,4,REF052,0,Resistant,1,Sensitive,0.8785269889950638
early_fusion,rna_cnv_mutation,pax,logistic_l1,4,S108045,0,Resistant,0,Resistant,0.07858477703392938
early_fusion,rna_cnv_mutation,pax,logistic_l1,4,S16720,0,Resistant,0,Resistant,0.01583375201577531
early_fusion,rna_cnv_mutation,pax,logistic_l1,4,S44441,0,Resistant,0,Resistant,0.4252422667298616
early_fusion,rna_cnv_mutation,pax,logistic_l1,4,S48602,1,Sensitive,1,Sensitive,0.6983478744365617
early_fusion,rna_cnv_mutation,pax,logistic_l1,4,S67455,1,Sensitive,1,Sensitive,0.7925280865319678
early_fusion,rna_cnv_mutation,pax,logistic_l1,4,S69196,1,Sensitive,1,Sensitive,0.6508379480426467
early_fusion,rna_cnv_mutation,pax,svm_rbf,4,REF001,0,Resistant,1,Sensitive,0.447451602924716
early_fusion,rna_cnv_mutation,pax,svm_rbf,4,REF007,1,Sensitive,0,Resistant,0.48762728145102147
early_fusion,rna_cnv_mutation,pax,svm_rbf,4,REF016,0,Resistant,1,Sensitive,0.4722207125572136
early_fusion,rna_cnv_mutation,pax,svm_rbf,4,REF023,1,Sensitive,0,Resistant,0.5426904353222931
early_fusion,rna_cnv_mutation,pax,svm_rbf,4,REF043,1,Sensitive,0,Resistant,0.5393033419661563
early_fusion,rna_cnv_mutation,pax,svm_rbf,4,REF052,0,Resistant,0,Resistant,0.5532713681111976
early_fusion,rna_cnv_mutation,pax,svm_rbf,4,S108045,0,Resistant,0,Resistant,0.5406739542539898
early_fusion,rna_cnv_mutation,pax,svm_rbf,4,S16720,0,Resistant,0,Resistant,0.5258404185307455
early_fusion,rna_cnv_mutation,pax,svm_rbf,4,S44441,0,Resistant,0,Resistant,0.5058778193205037
early_fusion,rna_cnv_mutation,pax,svm_rbf,4,S48602,1,Sensitive,1,Sensitive,0.43272427966492255
early_fusion,rna_cnv_mutation,pax,svm_rbf,4,S67455,1,Sensitive,1,Sensitive,0.40428270440714204
early_fusion,rna_cnv_mutation,pax,svm_rbf,4,S69196,1,Sensitive,1,Sensitive,0.39127304006228597
early_fusion,rna_cnv_mutation,pax,random_forest,4,REF001,0,Resistant,1,Sensitive,0.5321643669687852
early_fusion,rna_cnv_mutation,pax,random_forest,4,REF007,1,Sensitive,0,Resistant,0.4030969823208502
early_fusion,rna_cnv_mutation,pax,random_forest,4,REF016,0,Resistant,1,Sensitive,0.5602283857423038
early_fusion,rna_cnv_mutation,pax,random_forest,4,REF023,1,Sensitive,0,Resistant,0.375187716534113
early_fusion,rna_cnv_mutation,pax,random_forest,4,REF043,1,Sensitive,0,Resistant,0.4457394514238088
early_fusion,rna_cnv_mutation,pax,random_forest,4,REF052,0,Resistant,0,Resistant,0.37514456898574916
early_fusion,rna_cnv_mutation,pax,random_forest,4,S108045,0,Resistant,0,Resistant,0.44946563414232255
early_fusion,rna_cnv_mutation,pax,random_forest,4,S16720,0,Resistant,0,Resistant,0.4603420207017192
early_fusion,rna_cnv_mutation,pax,random_forest,4,S44441,0,Resistant,0,Resistant,0.4361148387407554
early_fusion,rna_cnv_mutation,pax,random_forest,4,S48602,1,Sensitive,1,Sensitive,0.5151748431314039
early_fusion,rna_cnv_mutation,pax,random_forest,4,S67455,1,Sensitive,1,Sensitive,0.5424336935664078
early_fusion,rna_cnv_mutation,pax,random_forest,4,S69196,1,Sensitive,1,Sensitive,0.6181915561980134
early_fusion,rna_cnv_mutation,pax,logistic_l2,5,INSB014,0,Resistant,1,Sensitive,0.9908184115994804
early_fusion,rna_cnv_mutation,pax,logistic_l2,5,REF009,1,Sensitive,0,Resistant,0.49411964730650415
early_fusion,rna_cnv_mutation,pax,logistic_l2,5,REF014,0,Resistant,1,Sensitive,0.7532748850551354
early_fusion,rna_cnv_mutation,pax,logistic_l2,5,REF036,1,Sensitive,1,Sensitive,0.9845968085255206
early_fusion,rna_cnv_mutation,pax,logistic_l2,5,REF041,1,Sensitive,0,Resistant,2.409574786352834e-05
early_fusion,rna_cnv_mutation,pax,logistic_l2,5,S100534,0,Resistant,1,Sensitive,0.9996882388458983
early_fusion,rna_cnv_mutation,pax,logistic_l2,5,S108099,0,Resistant,0,Resistant,0.2909317554467821
early_fusion,rna_cnv_mutation,pax,logistic_l2,5,S44205,0,Resistant,1,Sensitive,0.9952250621732815
early_fusion,rna_cnv_mutation,pax,logistic_l2,5,S70620,1,Sensitive,1,Sensitive,0.925821948658281
early_fusion,rna_cnv_mutation,pax,logistic_l2,5,S71335,0,Resistant,1,Sensitive,0.7822031269641596
early_fusion,rna_cnv_mutation,pax,logistic_l2,5,S73230,1,Sensitive,1,Sensitive,0.9974247954536449
early_fusion,rna_cnv_mutation,pax,logistic_l2,5,S73263,1,Sensitive,0,Resistant,0.10216107439716926
early_fusion,rna_cnv_mutation,pax,logistic_l1,5,INSB014,0,Resistant,1,Sensitive,0.878052200807205
early_fusion,rna_cnv_mutation,pax,logistic_l1,5,REF009,1,Sensitive,0,Resistant,0.08405688900457668
early_fusion,rna_cnv_mutation,pax,logistic_l1,5,REF014,0,Resistant,1,Sensitive,0.575055553985888
early_fusion,rna_cnv_mutation,pax,logistic_l1,5,REF036,1,Sensitive,0,Resistant,0.15209258234839249
early_fusion,rna_cnv_mutation,pax,logistic_l1,5,REF041,1,Sensitive,0,Resistant,0.0003964196650913509
early_fusion,rna_cnv_mutation,pax,logistic_l1,5,S100534,0,Resistant,1,Sensitive,0.9906326807186817
early_fusion,rna_cnv_mutation,pax,logistic_l1,5,S108099,0,Resistant,1,Sensitive,0.8435265069902472
early_fusion,rna_cnv_mutation,pax,logistic_l1,5,S44205,0,Resistant,1,Sensitive,0.9936240161155082
early_fusion,rna_cnv_mutation,pax,logistic_l1,5,S70620,1,Sensitive,1,Sensitive,0.9499338298102425
early_fusion,rna_cnv_mutation,pax,logistic_l1,5,S71335,0,Resistant,1,Sensitive,0.6233938738486906
early_fusion,rna_cnv_mutation,pax,logistic_l1,5,S73230,1,Sensitive,1,Sensitive,0.9999550875126921
early_fusion,rna_cnv_mutation,pax,logistic_l1,5,S73263,1,Sensitive,0,Resistant,0.2842052204469182
early_fusion,rna_cnv_mutation,pax,svm_rbf,5,INSB014,0,Resistant,1,Sensitive,0.3488319393788228
early_fusion,rna_cnv_mutation,pax,svm_rbf,5,REF009,1,Sensitive,1,Sensitive,0.3488319393788228
early_fusion,rna_cnv_mutation,pax,svm_rbf,5,REF014,0,Resistant,1,Sensitive,0.3488319393788228
early_fusion,rna_cnv_mutation,pax,svm_rbf,5,REF036,1,Sensitive,1,Sensitive,0.3488319393788228
early_fusion,rna_cnv_mutation,pax,svm_rbf,5,REF041,1,Sensitive,1,Sensitive,0.3488319393788228
early_fusion,rna_cnv_mutation,pax,svm_rbf,5,S100534,0,Resistant,1,Sensitive,0.3488319393788106
early_fusion,rna_cnv_mutation,pax,svm_rbf,5,S108099,0,Resistant,1,Sensitive,0.3488319393788228
early_fusion,rna_cnv_mutation,pax,svm_rbf,5,S44205,0,Resistant,1,Sensitive,0.3488319393788228
early_fusion,rna_cnv_mutation,pax,svm_rbf,5,S70620,1,Sensitive,1,Sensitive,0.3488319393788228
early_fusion,rna_cnv_mutation,pax,svm_rbf,5,S71335,0,Resistant,1,Sensitive,0.3488319393788228
early_fusion,rna_cnv_mutation,pax,svm_rbf,5,S73230,1,Sensitive,1,Sensitive,0.34883193937882245
early_fusion,rna_cnv_mutation,pax,svm_rbf,5,S73263,1,Sensitive,1,Sensitive,0.34883193937882256
early_fusion,rna_cnv_mutation,pax,random_forest,5,INSB014,0,Resistant,1,Sensitive,0.5093948746497181
early_fusion,rna_cnv_mutation,pax,random_forest,5,REF009,1,Sensitive,0,Resistant,0.4650766094887459
early_fusion,rna_cnv_mutation,pax,random_forest,5,REF014,0,Resistant,1,Sensitive,0.5323196645294318
early_fusion,rna_cnv_mutation,pax,random_forest,5,REF036,1,Sensitive,1,Sensitive,0.5845134233750399
early_fusion,rna_cnv_mutation,pax,random_forest,5,REF041,1,Sensitive,0,Resistant,0.339927445507364
early_fusion,rna_cnv_mutation,pax,random_forest,5,S100534,0,Resistant,1,Sensitive,0.7105118084787251
early_fusion,rna_cnv_mutation,pax,random_forest,5,S108099,0,Resistant,0,Resistant,0.4033300686191977
early_fusion,rna_cnv_mutation,pax,random_forest,5,S44205,0,Resistant,1,Sensitive,0.5349029706249498
early_fusion,rna_cnv_mutation,pax,random_forest,5,S70620,1,Sensitive,1,Sensitive,0.5591464535970861
early_fusion,rna_cnv_mutation,pax,random_forest,5,S71335,0,Resistant,0,Resistant,0.4190431774644427
early_fusion,rna_cnv_mutation,pax,random_forest,5,S73230,1,Sensitive,1,Sensitive,0.686846043781682
early_fusion,rna_cnv_mutation,pax,random_forest,5,S73263,1,Sensitive,0,Resistant,0.4475764201199846
early_fusion,rna_cnv_mutation,pax,logistic_l2,6,INSB014,0,Resistant,1,Sensitive,0.6554981120524764
early_fusion,rna_cnv_mutation,pax,logistic_l2,6,REF002,1,Sensitive,1,Sensitive,0.9621160565841094
early_fusion,rna_cnv_mutation,pax,logistic_l2,6,REF003,0,Resistant,1,Sensitive,0.5831145114254465
early_fusion,rna_cnv_mutation,pax,logistic_l2,6,REF005,1,Sensitive,0,Resistant,0.3297156810062516
early_fusion,rna_cnv_mutation,pax,logistic_l2,6,REF007,1,Sensitive,1,Sensitive,0.838711448061524
early_fusion,rna_cnv_mutation,pax,logistic_l2,6,REF009,1,Sensitive,1,Sensitive,0.8462319476311816
early_fusion,rna_cnv_mutation,pax,logistic_l2,6,REF036,1,Sensitive,1,Sensitive,0.9768333942719162
early_fusion,rna_cnv_mutation,pax,logistic_l2,6,S100534,0,Resistant,1,Sensitive,0.9985688911803253
early_fusion,rna_cnv_mutation,pax,logistic_l2,6,S100804,0,Resistant,1,Sensitive,0.5279986948918379
early_fusion,rna_cnv_mutation,pax,logistic_l2,6,S20710,0,Resistant,1,Sensitive,0.991673387495239
early_fusion,rna_cnv_mutation,pax,logistic_l2,6,S47904,0,Resistant,1,Sensitive,0.8404622031910163
early_fusion,rna_cnv_mutation,pax,logistic_l2,6,S48602,1,Sensitive,1,Sensitive,0.9803189757134143
early_fusion,rna_cnv_mutation,pax,logistic_l2,6,S73471,0,Resistant,1,Sensitive,0.9339056626745071
early_fusion,rna_cnv_mutation,pax,logistic_l1,6,INSB014,0,Resistant,1,Sensitive,0.7291989944956866
early_fusion,rna_cnv_mutation,pax,logistic_l1,6,REF002,1,Sensitive,1,Sensitive,0.7079664514058376
early_fusion,rna_cnv_mutation,pax,logistic_l1,6,REF003,0,Resistant,0,Resistant,0.348233016645445
early_fusion,rna_cnv_mutation,pax,logistic_l1,6,REF005,1,Sensitive,1,Sensitive,0.5421823209988716
early_fusion,rna_cnv_mutation,pax,logistic_l1,6,REF007,1,Sensitive,0,Resistant,0.2637897652600766
early_fusion,rna_cnv_mutation,pax,logistic_l1,6,REF009,1,Sensitive,0,Resistant,0.3803277784857538
early_fusion,rna_cnv_mutation,pax,logistic_l1,6,REF036,1,Sensitive,0,Resistant,0.31296200233072685
early_fusion,rna_cnv_mutation,pax,logistic_l1,6,S100534,0,Resistant,1,Sensitive,0.9645338269476116
early_fusion,rna_cnv_mutation,pax,logistic_l1,6,S100804,0,Resistant,1,Sensitive,0.6970915916341782
early_fusion,rna_cnv_mutation,pax,logistic_l1,6,S20710,0,Resistant,1,Sensitive,0.9812579555612031
early_fusion,rna_cnv_mutation,pax,logistic_l1,6,S47904,0,Resistant,0,Resistant,0.3320053973478307
early_fusion,rna_cnv_mutation,pax,logistic_l1,6,S48602,1,Sensitive,1,Sensitive,0.9846490908237149
early_fusion,rna_cnv_mutation,pax,logistic_l1,6,S73471,0,Resistant,0,Resistant,0.17135248885279558
early_fusion,rna_cnv_mutation,pax,svm_rbf,6,INSB014,0,Resistant,0,Resistant,0.4914290002906956
early_fusion,rna_cnv_mutation,pax,svm_rbf,6,REF002,1,Sensitive,0,Resistant,0.49421894590487336
early_fusion,rna_cnv_mutation,pax,svm_rbf,6,REF003,0,Resistant,0,Resistant,0.48097619930543706
early_fusion,rna_cnv_mutation,pax,svm_rbf,6,REF005,1,Sensitive,1,Sensitive,0.5111366814362577
early_fusion,rna_cnv_mutation,pax,svm_rbf,6,REF007,1,Sensitive,0,Resistant,0.48660757524529374
early_fusion,rna_cnv_mutation,pax,svm_rbf,6,REF009,1,Sensitive,0,Resistant,0.4924758607051628
early_fusion,rna_cnv_mutation,pax,svm_rbf,6,REF036,1,Sensitive,0,Resistant,0.5
early_fusion,rna_cnv_mutation,pax,svm_rbf,6,S100534,0,Resistant,1,Sensitive,0.559647191868575
early_fusion,rna_cnv_mutation,pax,svm_rbf,6,S100804,0,Resistant,0,Resistant,0.48782179248277047
early_fusion,rna_cnv_mutation,pax,svm_rbf,6,S20710,0,Resistant,0,Resistant,0.4935006591848138
early_fusion,rna_cnv_mutation,pax,svm_rbf,6,S47904,0,Resistant,1,Sensitive,0.5
early_fusion,rna_cnv_mutation,pax,svm_rbf,6,S48602,1,Sensitive,1,Sensitive,0.5
early_fusion,rna_cnv_mutation,pax,svm_rbf,6,S73471,0,Resistant,1,Sensitive,0.5404514220631762
early_fusion,rna_cnv_mutation,pax,random_forest,6,INSB014,0,Resistant,1,Sensitive,0.5076681140234087
early_fusion,rna_cnv_mutation,pax,random_forest,6,REF002,1,Sensitive,1,Sensitive,0.5677755304234681
early_fusion,rna_cnv_mutation,pax,random_forest,6,REF003,0,Resistant,0,Resistant,0.48871172577123684
early_fusion,rna_cnv_mutation,pax,random_forest,6,REF005,1,Sensitive,1,Sensitive,0.5456877741790216
early_fusion,rna_cnv_mutation,pax,random_forest,6,REF007,1,Sensitive,0,Resistant,0.43855075443003544
early_fusion,rna_cnv_mutation,pax,random_forest,6,REF009,1,Sensitive,0,Resistant,0.44366160383427267
early_fusion,rna_cnv_mutation,pax,random_forest,6,REF036,1,Sensitive,1,Sensitive,0.562981003283133
early_fusion,rna_cnv_mutation,pax,random_forest,6,S100534,0,Resistant,1,Sensitive,0.7080357574546872
early_fusion,rna_cnv_mutation,pax,random_forest,6,S100804,0,Resistant,0,Resistant,0.456181334718238
early_fusion,rna_cnv_mutation,pax,random_forest,6,S20710,0,Resistant,1,Sensitive,0.6327483390534078
early_fusion,rna_cnv_mutation,pax,random_forest,6,S47904,0,Resistant,1,Sensitive,0.5110120424798723
early_fusion,rna_cnv_mutation,pax,random_forest,6,S48602,1,Sensitive,1,Sensitive,0.6002826215958096
early_fusion,rna_cnv_mutation,pax,random_forest,6,S73471,0,Resistant,1,Sensitive,0.5642651965511359
early_fusion,rna_cnv_mutation,pax,logistic_l2,7,REF001,0,Resistant,1,Sensitive,0.8732700771341877
early_fusion,rna_cnv_mutation,pax,logistic_l2,7,REF004,0,Resistant,1,Sensitive,0.9126243871307693
early_fusion,rna_cnv_mutation,pax,logistic_l2,7,REF023,1,Sensitive,0,Resistant,0.0008269026388748845
early_fusion,rna_cnv_mutation,pax,logistic_l2,7,REF041,1,Sensitive,0,Resistant,2.0306345992672155e-06
early_fusion,rna_cnv_mutation,pax,logistic_l2,7,REF048,0,Resistant,0,Resistant,0.00045122924766834404
early_fusion,rna_cnv_mutation,pax,logistic_l2,7,REF063,0,Resistant,0,Resistant,0.4813891243350291
early_fusion,rna_cnv_mutation,pax,logistic_l2,7,S18674,1,Sensitive,0,Resistant,0.007320826991987956
early_fusion,rna_cnv_mutation,pax,logistic_l2,7,S28077,1,Sensitive,0,Resistant,0.1465474718375599
early_fusion,rna_cnv_mutation,pax,logistic_l2,7,S44441,0,Resistant,0,Resistant,0.014459313030083173
early_fusion,rna_cnv_mutation,pax,logistic_l2,7,S48041,1,Sensitive,0,Resistant,0.0034823640856373717
early_fusion,rna_cnv_mutation,pax,logistic_l2,7,S53782,0,Resistant,0,Resistant,0.25171229236206
early_fusion,rna_cnv_mutation,pax,logistic_l2,7,S67455,1,Sensitive,1,Sensitive,0.9715307914948798
early_fusion,rna_cnv_mutation,pax,logistic_l2,7,S72955,0,Resistant,0,Resistant,0.002424517281640364
early_fusion,rna_cnv_mutation,pax,logistic_l1,7,REF001,0,Resistant,1,Sensitive,0.9730977518667998
early_fusion,rna_cnv_mutation,pax,logistic_l1,7,REF004,0,Resistant,1,Sensitive,0.9512299585499141
early_fusion,rna_cnv_mutation,pax,logistic_l1,7,REF023,1,Sensitive,0,Resistant,0.029853221973306067
early_fusion,rna_cnv_mutation,pax,logistic_l1,7,REF041,1,Sensitive,0,Resistant,0.00011700126896949141
early_fusion,rna_cnv_mutation,pax,logistic_l1,7,REF048,0,Resistant,0,Resistant,0.029335714901566834
early_fusion,rna_cnv_mutation,pax,logistic_l1,7,REF063,0,Resistant,1,Sensitive,0.9940332424280601
early_fusion,rna_cnv_mutation,pax,logistic_l1,7,S18674,1,Sensitive,0,Resistant,0.15267277164461057
early_fusion,rna_cnv_mutation,pax,logistic_l1,7,S28077,1,Sensitive,0,Resistant,0.278492690800453
early_fusion,rna_cnv_mutation,pax,logistic_l1,7,S44441,0,Resistant,0,Resistant,0.03691767867544469
early_fusion,rna_cnv_mutation,pax,logistic_l1,7,S48041,1,Sensitive,0,Resistant,0.08312772732024214
early_fusion,rna_cnv_mutation,pax,logistic_l1,7,S53782,0,Resistant,1,Sensitive,0.7746803390560357
early_fusion,rna_cnv_mutation,pax,logistic_l1,7,S67455,1,Sensitive,1,Sensitive,0.9042682023292872
early_fusion,rna_cnv_mutation,pax,logistic_l1,7,S72955,0,Resistant,0,Resistant,0.09450788856049779
early_fusion,rna_cnv_mutation,pax,svm_rbf,7,REF001,0,Resistant,1,Sensitive,0.5627188528771813
early_fusion,rna_cnv_mutation,pax,svm_rbf,7,REF004,0,Resistant,1,Sensitive,0.48086619553462157
early_fusion,rna_cnv_mutation,pax,svm_rbf,7,REF023,1,Sensitive,0,Resistant,0.33148791617596046
early_fusion,rna_cnv_mutation,pax,svm_rbf,7,REF041,1,Sensitive,0,Resistant,0.25978322106810864
early_fusion,rna_cnv_mutation,pax,svm_rbf,7,REF048,0,Resistant,0,Resistant,0.35648619539281623
early_fusion,rna_cnv_mutation,pax,svm_rbf,7,REF063,0,Resistant,1,Sensitive,0.5
early_fusion,rna_cnv_mutation,pax,svm_rbf,7,S18674,1,Sensitive,0,Resistant,0.45955707536463136
early_fusion,rna_cnv_mutation,pax,svm_rbf,7,S28077,1,Sensitive,0,Resistant,0.3926137575154533
early_fusion,rna_cnv_mutation,pax,svm_rbf,7,S44441,0,Resistant,0,Resistant,0.29657599324951783
early_fusion,rna_cnv_mutation,pax,svm_rbf,7,S48041,1,Sensitive,0,Resistant,0.34112764064405815
early_fusion,rna_cnv_mutation,pax,svm_rbf,7,S53782,0,Resistant,1,Sensitive,0.5875596234732222
early_fusion,rna_cnv_mutation,pax,svm_rbf,7,S67455,1,Sensitive,1,Sensitive,0.6274627268440001
early_fusion,rna_cnv_mutation,pax,svm_rbf,7,S72955,0,Resistant,0,Resistant,0.2811877575460671
early_fusion,rna_cnv_mutation,pax,random_forest,7,REF001,0,Resistant,1,Sensitive,0.5169650041259165
early_fusion,rna_cnv_mutation,pax,random_forest,7,REF004,0,Resistant,0,Resistant,0.49047971502365123
early_fusion,rna_cnv_mutation,pax,random_forest,7,REF023,1,Sensitive,0,Resistant,0.417887458137922
early_fusion,rna_cnv_mutation,pax,random_forest,7,REF041,1,Sensitive,0,Resistant,0.29507336891695907
early_fusion,rna_cnv_mutation,pax,random_forest,7,REF048,0,Resistant,0,Resistant,0.4624414010785406
early_fusion,rna_cnv_mutation,pax,random_forest,7,REF063,0,Resistant,1,Sensitive,0.55376124269136
early_fusion,rna_cnv_mutation,pax,random_forest,7,S18674,1,Sensitive,0,Resistant,0.45368341741641016
early_fusion,rna_cnv_mutation,pax,random_forest,7,S28077,1,Sensitive,0,Resistant,0.3927006770103559
early_fusion,rna_cnv_mutation,pax,random_forest,7,S44441,0,Resistant,0,Resistant,0.3140518496252989
early_fusion,rna_cnv_mutation,pax,random_forest,7,S48041,1,Sensitive,0,Resistant,0.36119686054534816
early_fusion,rna_cnv_mutation,pax,random_forest,7,S53782,0,Resistant,1,Sensitive,0.5819869712277604
early_fusion,rna_cnv_mutation,pax,random_forest,7,S67455,1,Sensitive,1,Sensitive,0.5831181927337774
early_fusion,rna_cnv_mutation,pax,random_forest,7,S72955,0,Resistant,0,Resistant,0.3296309397566421
early_fusion,rna_cnv_mutation,pax,logistic_l2,8,REF013,1,Sensitive,1,Sensitive,0.5446050810279874
early_fusion,rna_cnv_mutation,pax,logistic_l2,8,REF016,0,Resistant,1,Sensitive,0.7703558728144577
early_fusion,rna_cnv_mutation,pax,logistic_l2,8,REF024,1,Sensitive,0,Resistant,0.3043033089952157
early_fusion,rna_cnv_mutation,pax,logistic_l2,8,REF047,0,Resistant,0,Resistant,0.23120936399538794
early_fusion,rna_cnv_mutation,pax,logistic_l2,8,REF052,0,Resistant,0,Resistant,0.29275012691996544
early_fusion,rna_cnv_mutation,pax,logistic_l2,8,S16720,0,Resistant,0,Resistant,0.43287587185598075
early_fusion,rna_cnv_mutation,pax,logistic_l2,8,S44205,0,Resistant,1,Sensitive,0.6993618509768823
early_fusion,rna_cnv_mutation,pax,logistic_l2,8,S48342,0,Resistant,0,Resistant,0.021465050984355107
early_fusion,rna_cnv_mutation,pax,logistic_l2,8,S71208,1,Sensitive,1,Sensitive,0.6052308168017521
early_fusion,rna_cnv_mutation,pax,logistic_l2,8,S72877,1,Sensitive,1,Sensitive,0.6350188110042816
early_fusion,rna_cnv_mutation,pax,logistic_l2,8,S73230,1,Sensitive,1,Sensitive,0.8853765483666287
early_fusion,rna_cnv_mutation,pax,logistic_l2,8,S73263,1,Sensitive,0,Resistant,0.2816431852610222
early_fusion,rna_cnv_mutation,pax,logistic_l1,8,REF013,1,Sensitive,0,Resistant,0.5
early_fusion,rna_cnv_mutation,pax,logistic_l1,8,REF016,0,Resistant,0,Resistant,0.5
early_fusion,rna_cnv_mutation,pax,logistic_l1,8,REF024,1,Sensitive,0,Resistant,0.5
early_fusion,rna_cnv_mutation,pax,logistic_l1,8,REF047,0,Resistant,0,Resistant,0.5
early_fusion,rna_cnv_mutation,pax,logistic_l1,8,REF052,0,Resistant,0,Resistant,0.5
early_fusion,rna_cnv_mutation,pax,logistic_l1,8,S16720,0,Resistant,0,Resistant,0.5
early_fusion,rna_cnv_mutation,pax,logistic_l1,8,S44205,0,Resistant,0,Resistant,0.5
early_fusion,rna_cnv_mutation,pax,logistic_l1,8,S48342,0,Resistant,0,Resistant,0.5
early_fusion,rna_cnv_mutation,pax,logistic_l1,8,S71208,1,Sensitive,0,Resistant,0.5
early_fusion,rna_cnv_mutation,pax,logistic_l1,8,S72877,1,Sensitive,0,Resistant,0.5
early_fusion,rna_cnv_mutation,pax,logistic_l1,8,S73230,1,Sensitive,0,Resistant,0.5
early_fusion,rna_cnv_mutation,pax,logistic_l1,8,S73263,1,Sensitive,0,Resistant,0.5
early_fusion,rna_cnv_mutation,pax,svm_rbf,8,REF013,1,Sensitive,1,Sensitive,0.35353428868380254
early_fusion,rna_cnv_mutation,pax,svm_rbf,8,REF016,0,Resistant,1,Sensitive,0.355564666842049
early_fusion,rna_cnv_mutation,pax,svm_rbf,8,REF024,1,Sensitive,1,Sensitive,0.358565823165378
early_fusion,rna_cnv_mutation,pax,svm_rbf,8,REF047,0,Resistant,1,Sensitive,0.36049318236684463
early_fusion,rna_cnv_mutation,pax,svm_rbf,8,REF052,0,Resistant,1,Sensitive,0.35749884731002907
early_fusion,rna_cnv_mutation,pax,svm_rbf,8,S16720,0,Resistant,1,Sensitive,0.35655408083229784
early_fusion,rna_cnv_mutation,pax,svm_rbf,8,S44205,0,Resistant,1,Sensitive,0.35462052235856384
early_fusion,rna_cnv_mutation,pax,svm_rbf,8,S48342,0,Resistant,1,Sensitive,0.3676521510676497
early_fusion,rna_cnv_mutation,pax,svm_rbf,8,S71208,1,Sensitive,1,Sensitive,0.3514034116690939
early_fusion,rna_cnv_mutation,pax,svm_rbf,8,S72877,1,Sensitive,1,Sensitive,0.3510929458183822
early_fusion,rna_cnv_mutation,pax,svm_rbf,8,S73230,1,Sensitive,1,Sensitive,0.34639246997275985
early_fusion,rna_cnv_mutation,pax,svm_rbf,8,S73263,1,Sensitive,1,Sensitive,0.3576177637350441
early_fusion,rna_cnv_mutation,pax,random_forest,8,REF013,1,Sensitive,1,Sensitive,0.5538642605889209
early_fusion,rna_cnv_mutation,pax,random_forest,8,REF016,0,Resistant,0,Resistant,0.4995435291438341
early_fusion,rna_cnv_mutation,pax,random_forest,8,REF024,1,Sensitive,0,Resistant,0.4329127394763235
early_fusion,rna_cnv_mutation,pax,random_forest,8,REF047,0,Resistant,0,Resistant,0.4448489307575471
early_fusion,rna_cnv_mutation,pax,random_forest,8,REF052,0,Resistant,0,Resistant,0.4658966124911337
early_fusion,rna_cnv_mutation,pax,random_forest,8,S16720,0,Resistant,0,Resistant,0.4742986285210194
early_fusion,rna_cnv_mutation,pax,random_forest,8,S44205,0,Resistant,0,Resistant,0.49670553704829523
early_fusion,rna_cnv_mutation,pax,random_forest,8,S48342,0,Resistant,0,Resistant,0.25416110154192384
early_fusion,rna_cnv_mutation,pax,random_forest,8,S71208,1,Sensitive,0,Resistant,0.484768071228578
early_fusion,rna_cnv_mutation,pax,random_forest,8,S72877,1,Sensitive,1,Sensitive,0.5072977341540775
early_fusion,rna_cnv_mutation,pax,random_forest,8,S73230,1,Sensitive,1,Sensitive,0.6108047889435724
early_fusion,rna_cnv_mutation,pax,random_forest,8,S73263,1,Sensitive,0,Resistant,0.3898208822255584
early_fusion,rna_cnv_mutation,pax,logistic_l2,9,REF006,0,Resistant,1,Sensitive,0.6206300307856033
early_fusion,rna_cnv_mutation,pax,logistic_l2,9,REF019,0,Resistant,1,Sensitive,0.7359127382637654
early_fusion,rna_cnv_mutation,pax,logistic_l2,9,REF035,0,Resistant,0,Resistant,0.3747399272214901
early_fusion,rna_cnv_mutation,pax,logistic_l2,9,REF043,1,Sensitive,0,Resistant,0.09458090458978083
early_fusion,rna_cnv_mutation,pax,logistic_l2,9,REF044,0,Resistant,0,Resistant,0.40823002676376036
early_fusion,rna_cnv_mutation,pax,logistic_l2,9,REF057,0,Resistant,0,Resistant,0.18820298138354305
early_fusion,rna_cnv_mutation,pax,logistic_l2,9,S108045,0,Resistant,0,Resistant,0.47792753853472875
early_fusion,rna_cnv_mutation,pax,logistic_l2,9,S241417,1,Sensitive,1,Sensitive,0.8156704956080115
early_fusion,rna_cnv_mutation,pax,logistic_l2,9,S38807,1,Sensitive,1,Sensitive,0.817400437738072
early_fusion,rna_cnv_mutation,pax,logistic_l2,9,S66684,1,Sensitive,1,Sensitive,0.720761326552363
early_fusion,rna_cnv_mutation,pax,logistic_l2,9,S69196,1,Sensitive,1,Sensitive,0.7258223935929926
early_fusion,rna_cnv_mutation,pax,logistic_l2,9,S85277,1,Sensitive,1,Sensitive,0.8186012033957588
early_fusion,rna_cnv_mutation,pax,logistic_l1,9,REF006,0,Resistant,0,Resistant,0.5
early_fusion,rna_cnv_mutation,pax,logistic_l1,9,REF019,0,Resistant,0,Resistant,0.5
early_fusion,rna_cnv_mutation,pax,logistic_l1,9,REF035,0,Resistant,0,Resistant,0.5
early_fusion,rna_cnv_mutation,pax,logistic_l1,9,REF043,1,Sensitive,0,Resistant,0.5
early_fusion,rna_cnv_mutation,pax,logistic_l1,9,REF044,0,Resistant,0,Resistant,0.5
early_fusion,rna_cnv_mutation,pax,logistic_l1,9,REF057,0,Resistant,0,Resistant,0.5
early_fusion,rna_cnv_mutation,pax,logistic_l1,9,S108045,0,Resistant,0,Resistant,0.5
early_fusion,rna_cnv_mutation,pax,logistic_l1,9,S241417,1,Sensitive,0,Resistant,0.5
early_fusion,rna_cnv_mutation,pax,logistic_l1,9,S38807,1,Sensitive,0,Resistant,0.5
early_fusion,rna_cnv_mutation,pax,logistic_l1,9,S66684,1,Sensitive,0,Resistant,0.5
early_fusion,rna_cnv_mutation,pax,logistic_l1,9,S69196,1,Sensitive,0,Resistant,0.5
early_fusion,rna_cnv_mutation,pax,logistic_l1,9,S85277,1,Sensitive,0,Resistant,0.5
early_fusion,rna_cnv_mutation,pax,svm_rbf,9,REF006,0,Resistant,0,Resistant,0.4837914240898875
early_fusion,rna_cnv_mutation,pax,svm_rbf,9,REF019,0,Resistant,0,Resistant,0.48379142408988757
early_fusion,rna_cnv_mutation,pax,svm_rbf,9,REF035,0,Resistant,0,Resistant,0.4837914240898992
early_fusion,rna_cnv_mutation,pax,svm_rbf,9,REF043,1,Sensitive,0,Resistant,0.48379142408988757
early_fusion,rna_cnv_mutation,pax,svm_rbf,9,REF044,0,Resistant,0,Resistant,0.48379142408988757
early_fusion,rna_cnv_mutation,pax,svm_rbf,9,REF057,0,Resistant,0,Resistant,0.48379142408988757
early_fusion,rna_cnv_mutation,pax,svm_rbf,9,S108045,0,Resistant,0,Resistant,0.48379142408988757
early_fusion,rna_cnv_mutation,pax,svm_rbf,9,S241417,1,Sensitive,0,Resistant,0.48379142408988757
early_fusion,rna_cnv_mutation,pax,svm_rbf,9,S38807,1,Sensitive,0,Resistant,0.4837914240899298
early_fusion,rna_cnv_mutation,pax,svm_rbf,9,S66684,1,Sensitive,0,Resistant,0.48379142408988685
early_fusion,rna_cnv_mutation,pax,svm_rbf,9,S69196,1,Sensitive,0,Resistant,0.4837914240898605
early_fusion,rna_cnv_mutation,pax,svm_rbf,9,S85277,1,Sensitive,0,Resistant,0.48379142408988696
early_fusion,rna_cnv_mutation,pax,random_forest,9,REF006,0,Resistant,1,Sensitive,0.5462191136255359
early_fusion,rna_cnv_mutation,pax,random_forest,9,REF019,0,Resistant,1,Sensitive,0.5822850305413771
early_fusion,rna_cnv_mutation,pax,random_forest,9,REF035,0,Resistant,0,Resistant,0.41952147018208324
early_fusion,rna_cnv_mutation,pax,random_forest,9,REF043,1,Sensitive,0,Resistant,0.45412007402256677
early_fusion,rna_cnv_mutation,pax,random_forest,9,REF044,0,Resistant,0,Resistant,0.4862723743325627
early_fusion,rna_cnv_mutation,pax,random_forest,9,REF057,0,Resistant,0,Resistant,0.39422341436222386
early_fusion,rna_cnv_mutation,pax,random_forest,9,S108045,0,Resistant,0,Resistant,0.47712538585002234
early_fusion,rna_cnv_mutation,pax,random_forest,9,S241417,1,Sensitive,1,Sensitive,0.5031665228973372
early_fusion,rna_cnv_mutation,pax,random_forest,9,S38807,1,Sensitive,1,Sensitive,0.5875575103584316
early_fusion,rna_cnv_mutation,pax,random_forest,9,S66684,1,Sensitive,1,Sensitive,0.5594087763612765
early_fusion,rna_cnv_mutation,pax,random_forest,9,S69196,1,Sensitive,1,Sensitive,0.5896812265294005
early_fusion,rna_cnv_mutation,pax,random_forest,9,S85277,1,Sensitive,1,Sensitive,0.6183074998904258
early_fusion,rna_cnv_mutation,pax,logistic_l2,10,INSB019,0,Resistant,1,Sensitive,0.7986020376580977
early_fusion,rna_cnv_mutation,pax,logistic_l2,10,REF014,0,Resistant,0,Resistant,0.412925664875935
early_fusion,rna_cnv_mutation,pax,logistic_l2,10,REF022,1,Sensitive,1,Sensitive,0.5611840820330134
early_fusion,rna_cnv_mutation,pax,logistic_l2,10,REF025,1,Sensitive,1,Sensitive,0.6562672654327771
early_fusion,rna_cnv_mutation,pax,logistic_l2,10,REF034,0,Resistant,1,Sensitive,0.7849958549176874
early_fusion,rna_cnv_mutation,pax,logistic_l2,10,REF037,0,Resistant,0,Resistant,0.3016223353818765
early_fusion,rna_cnv_mutation,pax,logistic_l2,10,S100672,1,Sensitive,1,Sensitive,0.6401441106951216
early_fusion,rna_cnv_mutation,pax,logistic_l2,10,S108099,0,Resistant,0,Resistant,0.232237686131959
early_fusion,rna_cnv_mutation,pax,logistic_l2,10,S66817,1,Sensitive,1,Sensitive,0.8511358403633118
early_fusion,rna_cnv_mutation,pax,logistic_l2,10,S67990,1,Sensitive,1,Sensitive,0.799468283119645
early_fusion,rna_cnv_mutation,pax,logistic_l2,10,S70620,1,Sensitive,1,Sensitive,0.5222950539369151
early_fusion,rna_cnv_mutation,pax,logistic_l2,10,S71335,0,Resistant,1,Sensitive,0.6006659861925145
early_fusion,rna_cnv_mutation,pax,logistic_l1,10,INSB019,0,Resistant,0,Resistant,0.5
early_fusion,rna_cnv_mutation,pax,logistic_l1,10,REF014,0,Resistant,0,Resistant,0.5
early_fusion,rna_cnv_mutation,pax,logistic_l1,10,REF022,1,Sensitive,0,Resistant,0.5
early_fusion,rna_cnv_mutation,pax,logistic_l1,10,REF025,1,Sensitive,0,Resistant,0.5
early_fusion,rna_cnv_mutation,pax,logistic_l1,10,REF034,0,Resistant,0,Resistant,0.5
early_fusion,rna_cnv_mutation,pax,logistic_l1,10,REF037,0,Resistant,0,Resistant,0.5
early_fusion,rna_cnv_mutation,pax,logistic_l1,10,S100672,1,Sensitive,0,Resistant,0.5
early_fusion,rna_cnv_mutation,pax,logistic_l1,10,S108099,0,Resistant,0,Resistant,0.5
early_fusion,rna_cnv_mutation,pax,logistic_l1,10,S66817,1,Sensitive,0,Resistant,0.5
early_fusion,rna_cnv_mutation,pax,logistic_l1,10,S67990,1,Sensitive,0,Resistant,0.5
early_fusion,rna_cnv_mutation,pax,logistic_l1,10,S70620,1,Sensitive,0,Resistant,0.5
early_fusion,rna_cnv_mutation,pax,logistic_l1,10,S71335,0,Resistant,0,Resistant,0.5
early_fusion,rna_cnv_mutation,pax,svm_rbf,10,INSB019,0,Resistant,1,Sensitive,0.406485330120032
early_fusion,rna_cnv_mutation,pax,svm_rbf,10,REF014,0,Resistant,1,Sensitive,0.47258852815687213
early_fusion,rna_cnv_mutation,pax,svm_rbf,10,REF022,1,Sensitive,1,Sensitive,0.41714861954542504
early_fusion,rna_cnv_mutation,pax,svm_rbf,10,REF025,1,Sensitive,1,Sensitive,0.39451497116345563
early_fusion,rna_cnv_mutation,pax,svm_rbf,10,REF034,0,Resistant,1,Sensitive,0.38403244279082716
early_fusion,rna_cnv_mutation,pax,svm_rbf,10,REF037,0,Resistant,0,Resistant,0.5084937708491754
early_fusion,rna_cnv_mutation,pax,svm_rbf,10,S100672,1,Sensitive,1,Sensitive,0.41217640383651877
early_fusion,rna_cnv_mutation,pax,svm_rbf,10,S108099,0,Resistant,0,Resistant,0.5072105519535709
early_fusion,rna_cnv_mutation,pax,svm_rbf,10,S66817,1,Sensitive,1,Sensitive,0.40152604931699487
early_fusion,rna_cnv_mutation,pax,svm_rbf,10,S67990,1,Sensitive,1,Sensitive,0.3997053790701906
early_fusion,rna_cnv_mutation,pax,svm_rbf,10,S70620,1,Sensitive,1,Sensitive,0.43498196047781995
early_fusion,rna_cnv_mutation,pax,svm_rbf,10,S71335,0,Resistant,1,Sensitive,0.4614448365188124
early_fusion,rna_cnv_mutation,pax,random_forest,10,INSB019,0,Resistant,1,Sensitive,0.5198323331383614
early_fusion,rna_cnv_mutation,pax,random_forest,10,REF014,0,Resistant,0,Resistant,0.42614542310957015
early_fusion,rna_cnv_mutation,pax,random_forest,10,REF022,1,Sensitive,1,Sensitive,0.5020263189197458
early_fusion,rna_cnv_mutation,pax,random_forest,10,REF025,1,Sensitive,1,Sensitive,0.5980779135694108
early_fusion,rna_cnv_mutation,pax,random_forest,10,REF034,0,Resistant,1,Sensitive,0.6445801729007237
early_fusion,rna_cnv_mutation,pax,random_forest,10,REF037,0,Resistant,0,Resistant,0.4074202325589354
early_fusion,rna_cnv_mutation,pax,random_forest,10,S100672,1,Sensitive,1,Sensitive,0.5333454006133392
early_fusion,rna_cnv_mutation,pax,random_forest,10,S108099,0,Resistant,0,Resistant,0.3914723989624302
early_fusion,rna_cnv_mutation,pax,random_forest,10,S66817,1,Sensitive,1,Sensitive,0.5700649024369195
early_fusion,rna_cnv_mutation,pax,random_forest,10,S67990,1,Sensitive,1,Sensitive,0.5709995883645067
early_fusion,rna_cnv_mutation,pax,random_forest,10,S70620,1,Sensitive,0,Resistant,0.48167961562158956
early_fusion,rna_cnv_mutation,pax,random_forest,10,S71335,0,Resistant,1,Sensitive,0.5027340627355549
early_fusion,rna_cnv_mutation,pax,logistic_l2,11,REF001,0,Resistant,1,Sensitive,0.6169791098569409
early_fusion,rna_cnv_mutation,pax,logistic_l2,11,REF002,1,Sensitive,1,Sensitive,0.6476727975762302
early_fusion,rna_cnv_mutation,pax,logistic_l2,11,REF014,0,Resistant,0,Resistant,0.35195639894171055
early_fusion,rna_cnv_mutation,pax,logistic_l2,11,REF041,1,Sensitive,0,Resistant,0.051960463549132356
early_fusion,rna_cnv_mutation,pax,logistic_l2,11,REF043,1,Sensitive,0,Resistant,0.06390499276554269
early_fusion,rna_cnv_mutation,pax,logistic_l2,11,S100672,1,Sensitive,1,Sensitive,0.6409789293749355
early_fusion,rna_cnv_mutation,pax,logistic_l2,11,S100804,0,Resistant,0,Resistant,0.3050475094635764
early_fusion,rna_cnv_mutation,pax,logistic_l2,11,S108045,0,Resistant,0,Resistant,0.226705017866335
early_fusion,rna_cnv_mutation,pax,logistic_l2,11,S16720,0,Resistant,0,Resistant,0.31653883402276123
early_fusion,rna_cnv_mutation,pax,logistic_l2,11,S20710,0,Resistant,1,Sensitive,0.8185651566244879
early_fusion,rna_cnv_mutation,pax,logistic_l2,11,S67455,1,Sensitive,1,Sensitive,0.8200881979148676
early_fusion,rna_cnv_mutation,pax,logistic_l2,11,S67990,1,Sensitive,1,Sensitive,0.8287253682965388
early_fusion,rna_cnv_mutation,pax,logistic_l2,11,S73471,0,Resistant,1,Sensitive,0.7703785620585056
early_fusion,rna_cnv_mutation,pax,logistic_l1,11,REF001,0,Resistant,1,Sensitive,0.7135821997243488
early_fusion,rna_cnv_mutation,pax,logistic_l1,11,REF002,1,Sensitive,1,Sensitive,0.6218758073408163
early_fusion,rna_cnv_mutation,pax,logistic_l1,11,REF014,0,Resistant,0,Resistant,0.1806941511404551
early_fusion,rna_cnv_mutation,pax,logistic_l1,11,REF041,1,Sensitive,0,Resistant,0.003979535174897552
early_fusion,rna_cnv_mutation,pax,logistic_l1,11,REF043,1,Sensitive,0,Resistant,0.0026808771252948044
early_fusion,rna_cnv_mutation,pax,logistic_l1,11,S100672,1,Sensitive,0,Resistant,0.09077669238515994
early_fusion,rna_cnv_mutation,pax,logistic_l1,11,S100804,0,Resistant,0,Resistant,0.3955173628404918
early_fusion,rna_cnv_mutation,pax,logistic_l1,11,S108045,0,Resistant,0,Resistant,0.0812364944438964
early_fusion,rna_cnv_mutation,pax,logistic_l1,11,S16720,0,Resistant,0,Resistant,0.16733111575295592
early_fusion,rna_cnv_mutation,pax,logistic_l1,11,S20710,0,Resistant,1,Sensitive,0.9986552091416079
early_fusion,rna_cnv_mutation,pax,logistic_l1,11,S67455,1,Sensitive,1,Sensitive,0.7748876401261909
early_fusion,rna_cnv_mutation,pax,logistic_l1,11,S67990,1,Sensitive,1,Sensitive,0.9950182866535097
early_fusion,rna_cnv_mutation,pax,logistic_l1,11,S73471,0,Resistant,1,Sensitive,0.9793107050240464
early_fusion,rna_cnv_mutation,pax,svm_rbf,11,REF001,0,Resistant,1,Sensitive,0.5201680378371945
early_fusion,rna_cnv_mutation,pax,svm_rbf,11,REF002,1,Sensitive,1,Sensitive,0.5081111390080721
early_fusion,rna_cnv_mutation,pax,svm_rbf,11,REF014,0,Resistant,0,Resistant,0.47388629446206587
early_fusion,rna_cnv_mutation,pax,svm_rbf,11,REF041,1,Sensitive,0,Resistant,0.40737505611151054
early_fusion,rna_cnv_mutation,pax,svm_rbf,11,REF043,1,Sensitive,0,Resistant,0.4256252460490005
early_fusion,rna_cnv_mutation,pax,svm_rbf,11,S100672,1,Sensitive,1,Sensitive,0.5256372733090727
early_fusion,rna_cnv_mutation,pax,svm_rbf,11,S100804,0,Resistant,0,Resistant,0.4711842373332312
early_fusion,rna_cnv_mutation,pax,svm_rbf,11,S108045,0,Resistant,0,Resistant,0.4369205957303353
early_fusion,rna_cnv_mutation,pax,svm_rbf,11,S16720,0,Resistant,0,Resistant,0.4682739367546982
early_fusion,rna_cnv_mutation,pax,svm_rbf,11,S20710,0,Resistant,1,Sensitive,0.5281139357107859
early_fusion,rna_cnv_mutation,pax,svm_rbf,11,S67455,1,Sensitive,1,Sensitive,0.5599875032386541
early_fusion,rna_cnv_mutation,pax,svm_rbf,11,S67990,1,Sensitive,1,Sensitive,0.5388367655953431
early_fusion,rna_cnv_mutation,pax,svm_rbf,11,S73471,0,Resistant,1,Sensitive,0.5502377770852692
early_fusion,rna_cnv_mutation,pax,random_forest,11,REF001,0,Resistant,1,Sensitive,0.5560632559935983
early_fusion,rna_cnv_mutation,pax,random_forest,11,REF002,1,Sensitive,1,Sensitive,0.5203479781307312
early_fusion,rna_cnv_mutation,pax,random_forest,11,REF014,0,Resistant,0,Resistant,0.46148508817083944
early_fusion,rna_cnv_mutation,pax,random_forest,11,REF041,1,Sensitive,0,Resistant,0.3112646484898975
early_fusion,rna_cnv_mutation,pax,random_forest,11,REF043,1,Sensitive,0,Resistant,0.34921065857628214
early_fusion,rna_cnv_mutation,pax,random_forest,11,S100672,1,Sensitive,1,Sensitive,0.557389981032093
early_fusion,rna_cnv_mutation,pax,random_forest,11,S100804,0,Resistant,0,Resistant,0.4373378158892107
early_fusion,rna_cnv_mutation,pax,random_forest,11,S108045,0,Resistant,0,Resistant,0.4397936853728782
early_fusion,rna_cnv_mutation,pax,random_forest,11,S16720,0,Resistant,1,Sensitive,0.503310760388844
early_fusion,rna_cnv_mutation,pax,random_forest,11,S20710,0,Resistant,1,Sensitive,0.561950652213956
early_fusion,rna_cnv_mutation,pax,random_forest,11,S67455,1,Sensitive,1,Sensitive,0.6052164304240012
early_fusion,rna_cnv_mutation,pax,random_forest,11,S67990,1,Sensitive,1,Sensitive,0.619573162956392
early_fusion,rna_cnv_mutation,pax,random_forest,11,S73471,0,Resistant,1,Sensitive,0.5900422408039531
early_fusion,rna_cnv_mutation,pax,logistic_l2,12,INSB014,0,Resistant,1,Sensitive,0.511287491372428
early_fusion,rna_cnv_mutation,pax,logistic_l2,12,REF006,0,Resistant,1,Sensitive,0.6665275017425036
early_fusion,rna_cnv_mutation,pax,logistic_l2,12,REF009,1,Sensitive,1,Sensitive,0.6747850776910254
early_fusion,rna_cnv_mutation,pax,logistic_l2,12,REF023,1,Sensitive,0,Resistant,0.18900182994222656
early_fusion,rna_cnv_mutation,pax,logistic_l2,12,REF025,1,Sensitive,1,Sensitive,0.6717316452055235
early_fusion,rna_cnv_mutation,pax,logistic_l2,12,REF034,0,Resistant,1,Sensitive,0.7772252895258105
early_fusion,rna_cnv_mutation,pax,logistic_l2,12,REF035,0,Resistant,0,Resistant,0.35889193647798107
early_fusion,rna_cnv_mutation,pax,logistic_l2,12,S44205,0,Resistant,1,Sensitive,0.6101572829329599
early_fusion,rna_cnv_mutation,pax,logistic_l2,12,S44441,0,Resistant,1,Sensitive,0.5855950070197745
early_fusion,rna_cnv_mutation,pax,logistic_l2,12,S48041,1,Sensitive,0,Resistant,0.4231599011665209
early_fusion,rna_cnv_mutation,pax,logistic_l2,12,S71208,1,Sensitive,1,Sensitive,0.7135671002435245
early_fusion,rna_cnv_mutation,pax,logistic_l2,12,S71335,0,Resistant,1,Sensitive,0.6866892131706422
early_fusion,rna_cnv_mutation,pax,logistic_l2,12,S85277,1,Sensitive,1,Sensitive,0.8385151322883705
early_fusion,rna_cnv_mutation,pax,logistic_l1,12,INSB014,0,Resistant,1,Sensitive,0.5802821143808126
early_fusion,rna_cnv_mutation,pax,logistic_l1,12,REF006,0,Resistant,0,Resistant,0.24551490595558312
early_fusion,rna_cnv_mutation,pax,logistic_l1,12,REF009,1,Sensitive,1,Sensitive,0.7154026773980094
early_fusion,rna_cnv_mutation,pax,logistic_l1,12,REF023,1,Sensitive,0,Resistant,0.1223329455335949
early_fusion,rna_cnv_mutation,pax,logistic_l1,12,REF025,1,Sensitive,1,Sensitive,0.5114284716235202
early_fusion,rna_cnv_mutation,pax,logistic_l1,12,REF034,0,Resistant,1,Sensitive,0.8227494180578054
early_fusion,rna_cnv_mutation,pax,logistic_l1,12,REF035,0,Resistant,0,Resistant,0.2267637660980139
early_fusion,rna_cnv_mutation,pax,logistic_l1,12,S44205,0,Resistant,1,Sensitive,0.9522156428229951
early_fusion,rna_cnv_mutation,pax,logistic_l1,12,S44441,0,Resistant,0,Resistant,0.3000780803329448
early_fusion,rna_cnv_mutation,pax,logistic_l1,12,S48041,1,Sensitive,0,Resistant,0.25838885499800135
early_fusion,rna_cnv_mutation,pax,logistic_l1,12,S71208,1,Sensitive,0,Resistant,0.46999257167759995
early_fusion,rna_cnv_mutation,pax,logistic_l1,12,S71335,0,Resistant,1,Sensitive,0.9260798436306567
early_fusion,rna_cnv_mutation,pax,logistic_l1,12,S85277,1,Sensitive,0,Resistant,0.30818898548220724
early_fusion,rna_cnv_mutation,pax,svm_rbf,12,INSB014,0,Resistant,0,Resistant,0.5530094669468586
early_fusion,rna_cnv_mutation,pax,svm_rbf,12,REF006,0,Resistant,0,Resistant,0.5487432368995335
early_fusion,rna_cnv_mutation,pax,svm_rbf,12,REF009,1,Sensitive,0,Resistant,0.5511926541872348
early_fusion,rna_cnv_mutation,pax,svm_rbf,12,REF023,1,Sensitive,0,Resistant,0.5564040056968419
early_fusion,rna_cnv_mutation,pax,svm_rbf,12,REF025,1,Sensitive,0,Resistant,0.5493314016444634
early_fusion,rna_cnv_mutation,pax,svm_rbf,12,REF034,0,Resistant,0,Resistant,0.5500192117374436
early_fusion,rna_cnv_mutation,pax,svm_rbf,12,REF035,0,Resistant,0,Resistant,0.5539389108274305
early_fusion,rna_cnv_mutation,pax,svm_rbf,12,S44205,0,Resistant,0,Resistant,0.5551019926412329
early_fusion,rna_cnv_mutation,pax,svm_rbf,12,S44441,0,Resistant,0,Resistant,0.5538043420330718
early_fusion,rna_cnv_mutation,pax,svm_rbf,12,S48041,1,Sensitive,0,Resistant,0.5535839267530611
early_fusion,rna_cnv_mutation,pax,svm_rbf,12,S71208,1,Sensitive,0,Resistant,0.5495989994235916
early_fusion,rna_cnv_mutation,pax,svm_rbf,12,S71335,0,Resistant,0,Resistant,0.5537904217387019
early_fusion,rna_cnv_mutation,pax,svm_rbf,12,S85277,1,Sensitive,0,Resistant,0.5472971660284699
early_fusion,rna_cnv_mutation,pax,random_forest,12,INSB014,0,Resistant,0,Resistant,0.451303599465013
early_fusion,rna_cnv_mutation,pax,random_forest,12,REF006,0,Resistant,1,Sensitive,0.5630635367382267
early_fusion,rna_cnv_mutation,pax,random_forest,12,REF009,1,Sensitive,1,Sensitive,0.545769224850168
early_fusion,rna_cnv_mutation,pax,random_forest,12,REF023,1,Sensitive,0,Resistant,0.42861305731796884
early_fusion,rna_cnv_mutation,pax,random_forest,12,REF025,1,Sensitive,1,Sensitive,0.5764785341263358
early_fusion,rna_cnv_mutation,pax,random_forest,12,REF034,0,Resistant,1,Sensitive,0.6399025782635964
early_fusion,rna_cnv_mutation,pax,random_forest,12,REF035,0,Resistant,0,Resistant,0.38795005033833485
early_fusion,rna_cnv_mutation,pax,random_forest,12,S44205,0,Resistant,0,Resistant,0.45671034854790815
early_fusion,rna_cnv_mutation,pax,random_forest,12,S44441,0,Resistant,0,Resistant,0.4867098325587304
early_fusion,rna_cnv_mutation,pax,random_forest,12,S48041,1,Sensitive,0,Resistant,0.4550641138142191
early_fusion,rna_cnv_mutation,pax,random_forest,12,S71208,1,Sensitive,1,Sensitive,0.5184110597047591
early_fusion,rna_cnv_mutation,pax,random_forest,12,S71335,0,Resistant,0,Resistant,0.49433181064190257
early_fusion,rna_cnv_mutation,pax,random_forest,12,S85277,1,Sensitive,1,Sensitive,0.6464426154590258
early_fusion,rna_cnv_mutation,pax,logistic_l2,13,REF003,0,Resistant,1,Sensitive,0.7879638847884769
early_fusion,rna_cnv_mutation,pax,logistic_l2,13,REF004,0,Resistant,1,Sensitive,0.6395838396447314
early_fusion,rna_cnv_mutation,pax,logistic_l2,13,REF005,1,Sensitive,0,Resistant,0.3471642569852248
early_fusion,rna_cnv_mutation,pax,logistic_l2,13,REF007,1,Sensitive,1,Sensitive,0.6419049650450471
early_fusion,rna_cnv_mutation,pax,logistic_l2,13,REF044,0,Resistant,0,Resistant,0.3873947491020819
early_fusion,rna_cnv_mutation,pax,logistic_l2,13,REF048,0,Resistant,0,Resistant,0.08450132054037629
early_fusion,rna_cnv_mutation,pax,logistic_l2,13,REF057,0,Resistant,0,Resistant,0.3825622155797217
early_fusion,rna_cnv_mutation,pax,logistic_l2,13,S108099,0,Resistant,0,Resistant,0.3096506928668233
early_fusion,rna_cnv_mutation,pax,logistic_l2,13,S18674,1,Sensitive,0,Resistant,0.22578750408993783
early_fusion,rna_cnv_mutation,pax,logistic_l2,13,S48602,1,Sensitive,1,Sensitive,0.870351733555817
early_fusion,rna_cnv_mutation,pax,logistic_l2,13,S70620,1,Sensitive,0,Resistant,0.44090217764804096
early_fusion,rna_cnv_mutation,pax,logistic_l2,13,S73230,1,Sensitive,1,Sensitive,0.729452440985051
early_fusion,rna_cnv_mutation,pax,logistic_l1,13,REF003,0,Resistant,0,Resistant,0.5
early_fusion,rna_cnv_mutation,pax,logistic_l1,13,REF004,0,Resistant,0,Resistant,0.5
early_fusion,rna_cnv_mutation,pax,logistic_l1,13,REF005,1,Sensitive,0,Resistant,0.5
early_fusion,rna_cnv_mutation,pax,logistic_l1,13,REF007,1,Sensitive,0,Resistant,0.5
early_fusion,rna_cnv_mutation,pax,logistic_l1,13,REF044,0,Resistant,0,Resistant,0.5
early_fusion,rna_cnv_mutation,pax,logistic_l1,13,REF048,0,Resistant,0,Resistant,0.5
early_fusion,rna_cnv_mutation,pax,logistic_l1,13,REF057,0,Resistant,0,Resistant,0.5
early_fusion,rna_cnv_mutation,pax,logistic_l1,13,S108099,0,Resistant,0,Resistant,0.5
early_fusion,rna_cnv_mutation,pax,logistic_l1,13,S18674,1,Sensitive,0,Resistant,0.5
early_fusion,rna_cnv_mutation,pax,logistic_l1,13,S48602,1,Sensitive,0,Resistant,0.5
early_fusion,rna_cnv_mutation,pax,logistic_l1,13,S70620,1,Sensitive,0,Resistant,0.5
early_fusion,rna_cnv_mutation,pax,logistic_l1,13,S73230,1,Sensitive,0,Resistant,0.5
early_fusion,rna_cnv_mutation,pax,svm_rbf,13,REF003,0,Resistant,1,Sensitive,0.39978015083151786
early_fusion,rna_cnv_mutation,pax,svm_rbf,13,REF004,0,Resistant,1,Sensitive,0.4520264153106642
early_fusion,rna_cnv_mutation,pax,svm_rbf,13,REF005,1,Sensitive,1,Sensitive,0.446004994683565
early_fusion,rna_cnv_mutation,pax,svm_rbf,13,REF007,1,Sensitive,1,Sensitive,0.45048798355061753
early_fusion,rna_cnv_mutation,pax,svm_rbf,13,REF044,0,Resistant,0,Resistant,0.5308503757624482
early_fusion,rna_cnv_mutation,pax,svm_rbf,13,REF048,0,Resistant,0,Resistant,0.5644624382846002
early_fusion,rna_cnv_mutation,pax,svm_rbf,13,REF057,0,Resistant,0,Resistant,0.48279296196375066
early_fusion,rna_cnv_mutation,pax,svm_rbf,13,S108099,0,Resistant,0,Resistant,0.4932926714168437
early_fusion,rna_cnv_mutation,pax,svm_rbf,13,S18674,1,Sensitive,0,Resistant,0.4927130022917836
early_fusion,rna_cnv_mutation,pax,svm_rbf,13,S48602,1,Sensitive,1,Sensitive,0.36136776059772363
early_fusion,rna_cnv_mutation,pax,svm_rbf,13,S70620,1,Sensitive,1,Sensitive,0.43488765211693037
early_fusion,rna_cnv_mutation,pax,svm_rbf,13,S73230,1,Sensitive,1,Sensitive,0.35642410602792746
early_fusion,rna_cnv_mutation,pax,random_forest,13,REF003,0,Resistant,1,Sensitive,0.5280506858824963
early_fusion,rna_cnv_mutation,pax,random_forest,13,REF004,0,Resistant,1,Sensitive,0.50213551931525
early_fusion,rna_cnv_mutation,pax,random_forest,13,REF005,1,Sensitive,1,Sensitive,0.5145127469601279
early_fusion,rna_cnv_mutation,pax,random_forest,13,REF007,1,Sensitive,0,Resistant,0.48125002692992014
early_fusion,rna_cnv_mutation,pax,random_forest,13,REF044,0,Resistant,1,Sensitive,0.50641650829353
early_fusion,rna_cnv_mutation,pax,random_forest,13,REF048,0,Resistant,0,Resistant,0.4427166364269751
early_fusion,rna_cnv_mutation,pax,random_forest,13,REF057,0,Resistant,1,Sensitive,0.5108333409509599
early_fusion,rna_cnv_mutation,pax,random_forest,13,S108099,0,Resistant,0,Resistant,0.41700335166858327
early_fusion,rna_cnv_mutation,pax,random_forest,13,S18674,1,Sensitive,0,Resistant,0.40804835955719443
early_fusion,rna_cnv_mutation,pax,random_forest,13,S48602,1,Sensitive,1,Sensitive,0.593678819511802
early_fusion,rna_cnv_mutation,pax,random_forest,13,S70620,1,Sensitive,1,Sensitive,0.5208223576429152
early_fusion,rna_cnv_mutation,pax,random_forest,13,S73230,1,Sensitive,1,Sensitive,0.5327960113869007
early_fusion,rna_cnv_mutation,pax,logistic_l2,14,INSB019,0,Resistant,1,Sensitive,0.668312344861191
early_fusion,rna_cnv_mutation,pax,logistic_l2,14,REF024,1,Sensitive,0,Resistant,0.33324566039572645
early_fusion,rna_cnv_mutation,pax,logistic_l2,14,REF037,0,Resistant,0,Resistant,0.3465786452183878
early_fusion,rna_cnv_mutation,pax,logistic_l2,14,REF047,0,Resistant,0,Resistant,0.3843295111184967
early_fusion,rna_cnv_mutation,pax,logistic_l2,14,REF052,0,Resistant,0,Resistant,0.245452811930807
early_fusion,rna_cnv_mutation,pax,logistic_l2,14,S100534,0,Resistant,1,Sensitive,0.8837214856908262
early_fusion,rna_cnv_mutation,pax,logistic_l2,14,S241417,1,Sensitive,1,Sensitive,0.5512522300725615
early_fusion,rna_cnv_mutation,pax,logistic_l2,14,S28077,1,Sensitive,0,Resistant,0.34167595518088534
early_fusion,rna_cnv_mutation,pax,logistic_l2,14,S38807,1,Sensitive,1,Sensitive,0.8114788436054737
early_fusion,rna_cnv_mutation,pax,logistic_l2,14,S69196,1,Sensitive,1,Sensitive,0.665296153567581
early_fusion,rna_cnv_mutation,pax,logistic_l2,14,S72877,1,Sensitive,1,Sensitive,0.5561560680044974
early_fusion,rna_cnv_mutation,pax,logistic_l2,14,S72955,0,Resistant,0,Resistant,0.06389083445128554
early_fusion,rna_cnv_mutation,pax,logistic_l1,14,INSB019,0,Resistant,1,Sensitive,0.6254404541971095
early_fusion,rna_cnv_mutation,pax,logistic_l1,14,REF024,1,Sensitive,0,Resistant,0.08223248995392742
early_fusion,rna_cnv_mutation,pax,logistic_l1,14,REF037,0,Resistant,0,Resistant,0.1401972993996224
early_fusion,rna_cnv_mutation,pax,logistic_l1,14,REF047,0,Resistant,0,Resistant,0.00936170140134127
early_fusion,rna_cnv_mutation,pax,logistic_l1,14,REF052,0,Resistant,0,Resistant,0.362259806101609
early_fusion,rna_cnv_mutation,pax,logistic_l1,14,S100534,0,Resistant,1,Sensitive,0.9992003242609957
early_fusion,rna_cnv_mutation,pax,logistic_l1,14,S241417,1,Sensitive,1,Sensitive,0.971766713998642
early_fusion,rna_cnv_mutation,pax,logistic_l1,14,S28077,1,Sensitive,0,Resistant,0.07269787722305895
early_fusion,rna_cnv_mutation,pax,logistic_l1,14,S38807,1,Sensitive,1,Sensitive,0.8700040924607352
early_fusion,rna_cnv_mutation,pax,logistic_l1,14,S69196,1,Sensitive,1,Sensitive,0.9292472285556633
early_fusion,rna_cnv_mutation,pax,logistic_l1,14,S72877,1,Sensitive,1,Sensitive,0.5263082317192835
early_fusion,rna_cnv_mutation,pax,logistic_l1,14,S72955,0,Resistant,0,Resistant,0.022165915999452255
early_fusion,rna_cnv_mutation,pax,svm_rbf,14,INSB019,0,Resistant,0,Resistant,0.46333615507256926
early_fusion,rna_cnv_mutation,pax,svm_rbf,14,REF024,1,Sensitive,0,Resistant,0.5246555673481261
early_fusion,rna_cnv_mutation,pax,svm_rbf,14,REF037,0,Resistant,0,Resistant,0.4906702079408533
early_fusion,rna_cnv_mutation,pax,svm_rbf,14,REF047,0,Resistant,0,Resistant,0.522109849351705
early_fusion,rna_cnv_mutation,pax,svm_rbf,14,REF052,0,Resistant,0,Resistant,0.5128614787172601
early_fusion,rna_cnv_mutation,pax,svm_rbf,14,S100534,0,Resistant,1,Sensitive,0.30861760227304635
early_fusion,rna_cnv_mutation,pax,svm_rbf,14,S241417,1,Sensitive,0,Resistant,0.4699961262881975
early_fusion,rna_cnv_mutation,pax,svm_rbf,14,S28077,1,Sensitive,0,Resistant,0.516274384683026
early_fusion,rna_cnv_mutation,pax,svm_rbf,14,S38807,1,Sensitive,1,Sensitive,0.36228391423900874
early_fusion,rna_cnv_mutation,pax,svm_rbf,14,S69196,1,Sensitive,1,Sensitive,0.3579352955071528
early_fusion,rna_cnv_mutation,pax,svm_rbf,14,S72877,1,Sensitive,0,Resistant,0.4348459233778394
early_fusion,rna_cnv_mutation,pax,svm_rbf,14,S72955,0,Resistant,0,Resistant,0.6060036279040509
early_fusion,rna_cnv_mutation,pax,random_forest,14,INSB019,0,Resistant,0,Resistant,0.48469412231898384
early_fusion,rna_cnv_mutation,pax,random_forest,14,REF024,1,Sensitive,0,Resistant,0.40065853118487815
early_fusion,rna_cnv_mutation,pax,random_forest,14,REF037,0,Resistant,0,Resistant,0.4685150722849596
early_fusion,rna_cnv_mutation,pax,random_forest,14,REF047,0,Resistant,0,Resistant,0.4650358274518913
early_fusion,rna_cnv_mutation,pax,random_forest,14,REF052,0,Resistant,0,Resistant,0.43094452521054644
early_fusion,rna_cnv_mutation,pax,random_forest,14,S100534,0,Resistant,1,Sensitive,0.6246986207797488
early_fusion,rna_cnv_mutation,pax,random_forest,14,S241417,1,Sensitive,0,Resistant,0.4382046517220328
early_fusion,rna_cnv_mutation,pax,random_forest,14,S28077,1,Sensitive,0,Resistant,0.45507353485064045
early_fusion,rna_cnv_mutation,pax,random_forest,14,S38807,1,Sensitive,1,Sensitive,0.5806760025348183
early_fusion,rna_cnv_mutation,pax,random_forest,14,S69196,1,Sensitive,1,Sensitive,0.546293369498582
early_fusion,rna_cnv_mutation,pax,random_forest,14,S72877,1,Sensitive,0,Resistant,0.4863462464054253
early_fusion,rna_cnv_mutation,pax,random_forest,14,S72955,0,Resistant,0,Resistant,0.26686718559116396
early_fusion,rna_cnv_mutation,pax,logistic_l2,15,REF013,1,Sensitive,1,Sensitive,0.630733628017486
early_fusion,rna_cnv_mutation,pax,logistic_l2,15,REF016,0,Resistant,1,Sensitive,0.7764024475101339
early_fusion,rna_cnv_mutation,pax,logistic_l2,15,REF019,0,Resistant,1,Sensitive,0.712416053603908
early_fusion,rna_cnv_mutation,pax,logistic_l2,15,REF022,1,Sensitive,1,Sensitive,0.5685421303460613
early_fusion,rna_cnv_mutation,pax,logistic_l2,15,REF036,1,Sensitive,1,Sensitive,0.7577667800320628
early_fusion,rna_cnv_mutation,pax,logistic_l2,15,REF063,0,Resistant,1,Sensitive,0.7582383525541816
early_fusion,rna_cnv_mutation,pax,logistic_l2,15,S47904,0,Resistant,0,Resistant,0.49070091832580665
early_fusion,rna_cnv_mutation,pax,logistic_l2,15,S48342,0,Resistant,0,Resistant,0.01996119728756037
early_fusion,rna_cnv_mutation,pax,logistic_l2,15,S53782,0,Resistant,0,Resistant,0.44150895310262034
early_fusion,rna_cnv_mutation,pax,logistic_l2,15,S66684,1,Sensitive,1,Sensitive,0.8278710999814414
early_fusion,rna_cnv_mutation,pax,logistic_l2,15,S66817,1,Sensitive,1,Sensitive,0.7069589201998016
early_fusion,rna_cnv_mutation,pax,logistic_l2,15,S73263,1,Sensitive,0,Resistant,0.37585485301080535
early_fusion,rna_cnv_mutation,pax,logistic_l1,15,REF013,1,Sensitive,1,Sensitive,0.9044612120740815
early_fusion,rna_cnv_mutation,pax,logistic_l1,15,REF016,0,Resistant,1,Sensitive,0.998848827228866
early_fusion,rna_cnv_mutation,pax,logistic_l1,15,REF019,0,Resistant,1,Sensitive,0.8694136433798422
early_fusion,rna_cnv_mutation,pax,logistic_l1,15,REF022,1,Sensitive,1,Sensitive,0.7261783704095843
early_fusion,rna_cnv_mutation,pax,logistic_l1,15,REF036,1,Sensitive,0,Resistant,0.41473656423772104
early_fusion,rna_cnv_mutation,pax,logistic_l1,15,REF063,0,Resistant,1,Sensitive,0.9902681119361914
early_fusion,rna_cnv_mutation,pax,logistic_l1,15,S47904,0,Resistant,0,Resistant,0.16738774671292125
early_fusion,rna_cnv_mutation,pax,logistic_l1,15,S48342,0,Resistant,0,Resistant,1.1694465551999182e-05
early_fusion,rna_cnv_mutation,pax,logistic_l1,15,S53782,0,Resistant,1,Sensitive,0.6405299266164538
early_fusion,rna_cnv_mutation,pax,logistic_l1,15,S66684,1,Sensitive,1,Sensitive,0.9705976937674924
early_fusion,rna_cnv_mutation,pax,logistic_l1,15,S66817,1,Sensitive,0,Resistant,0.10367109080664993
early_fusion,rna_cnv_mutation,pax,logistic_l1,15,S73263,1,Sensitive,0,Resistant,0.24396158250557054
early_fusion,rna_cnv_mutation,pax,svm_rbf,15,REF013,1,Sensitive,1,Sensitive,0.3574345949183654
early_fusion,rna_cnv_mutation,pax,svm_rbf,15,REF016,0,Resistant,1,Sensitive,0.3576940930234563
early_fusion,rna_cnv_mutation,pax,svm_rbf,15,REF019,0,Resistant,1,Sensitive,0.35275494493971404
early_fusion,rna_cnv_mutation,pax,svm_rbf,15,REF022,1,Sensitive,1,Sensitive,0.3509837889607599
early_fusion,rna_cnv_mutation,pax,svm_rbf,15,REF036,1,Sensitive,1,Sensitive,0.35521057754465973
early_fusion,rna_cnv_mutation,pax,svm_rbf,15,REF063,0,Resistant,1,Sensitive,0.3576849476166925
early_fusion,rna_cnv_mutation,pax,svm_rbf,15,S47904,0,Resistant,1,Sensitive,0.35784291861357304
early_fusion,rna_cnv_mutation,pax,svm_rbf,15,S48342,0,Resistant,1,Sensitive,0.37600484314625915
early_fusion,rna_cnv_mutation,pax,svm_rbf,15,S53782,0,Resistant,1,Sensitive,0.35318574811267334
early_fusion,rna_cnv_mutation,pax,svm_rbf,15,S66684,1,Sensitive,1,Sensitive,0.34979354063898577
early_fusion,rna_cnv_mutation,pax,svm_rbf,15,S66817,1,Sensitive,1,Sensitive,0.3625183392545068
early_fusion,rna_cnv_mutation,pax,svm_rbf,15,S73263,1,Sensitive,1,Sensitive,0.3581137836866495
early_fusion,rna_cnv_mutation,pax,random_forest,15,REF013,1,Sensitive,1,Sensitive,0.5219513916775815
early_fusion,rna_cnv_mutation,pax,random_forest,15,REF016,0,Resistant,0,Resistant,0.4981834623814316
early_fusion,rna_cnv_mutation,pax,random_forest,15,REF019,0,Resistant,1,Sensitive,0.5632241852324655
early_fusion,rna_cnv_mutation,pax,random_forest,15,REF022,1,Sensitive,1,Sensitive,0.5074211551946688
early_fusion,rna_cnv_mutation,pax,random_forest,15,REF036,1,Sensitive,1,Sensitive,0.5910331475349742
early_fusion,rna_cnv_mutation,pax,random_forest,15,REF063,0,Resistant,1,Sensitive,0.5470961783782144
early_fusion,rna_cnv_mutation,pax,random_forest,15,S47904,0,Resistant,0,Resistant,0.4738294917405435
early_fusion,rna_cnv_mutation,pax,random_forest,15,S48342,0,Resistant,0,Resistant,0.21681936825370265
early_fusion,rna_cnv_mutation,pax,random_forest,15,S53782,0,Resistant,1,Sensitive,0.5366292761208675
early_fusion,rna_cnv_mutation,pax,random_forest,15,S66684,1,Sensitive,1,Sensitive,0.6230842223490601
early_fusion,rna_cnv_mutation,pax,random_forest,15,S66817,1,Sensitive,1,Sensitive,0.5083360979783096
early_fusion,rna_cnv_mutation,pax,random_forest,15,S73263,1,Sensitive,0,Resistant,0.47045388242427105
early_fusion,rna_cnv_mutation,pax,logistic_l2,16,REF003,0,Resistant,1,Sensitive,0.8040906828754071
early_fusion,rna_cnv_mutation,pax,logistic_l2,16,REF014,0,Resistant,0,Resistant,0.4534802259597875
early_fusion,rna_cnv_mutation,pax,logistic_l2,16,REF041,1,Sensitive,0,Resistant,0.003338019789870879
early_fusion,rna_cnv_mutation,pax,logistic_l2,16,REF048,0,Resistant,0,Resistant,0.014894115477166348
early_fusion,rna_cnv_mutation,pax,logistic_l2,16,S100534,0,Resistant,1,Sensitive,0.9636190253940314
early_fusion,rna_cnv_mutation,pax,logistic_l2,16,S100672,1,Sensitive,1,Sensitive,0.886375657069317
early_fusion,rna_cnv_mutation,pax,logistic_l2,16,S108045,0,Resistant,0,Resistant,0.09433600227102633
early_fusion,rna_cnv_mutation,pax,logistic_l2,16,S44441,0,Resistant,0,Resistant,0.2582015554463578
early_fusion,rna_cnv_mutation,pax,logistic_l2,16,S47904,0,Resistant,1,Sensitive,0.5520703453947843
early_fusion,rna_cnv_mutation,pax,logistic_l2,16,S48602,1,Sensitive,1,Sensitive,0.8969635107488307
early_fusion,rna_cnv_mutation,pax,logistic_l2,16,S72877,1,Sensitive,1,Sensitive,0.6108164632423415
early_fusion,rna_cnv_mutation,pax,logistic_l2,16,S73263,1,Sensitive,0,Resistant,0.2790762495000123
early_fusion,rna_cnv_mutation,pax,logistic_l2,16,S85277,1,Sensitive,1,Sensitive,0.8287220065239715
early_fusion,rna_cnv_mutation,pax,logistic_l1,16,REF003,0,Resistant,1,Sensitive,0.9170314118088021
early_fusion,rna_cnv_mutation,pax,logistic_l1,16,REF014,0,Resistant,1,Sensitive,0.8922136445356993
early_fusion,rna_cnv_mutation,pax,logistic_l1,16,REF041,1,Sensitive,0,Resistant,0.0005949341419900592
early_fusion,rna_cnv_mutation,pax,logistic_l1,16,REF048,0,Resistant,0,Resistant,0.004473519333617047
early_fusion,rna_cnv_mutation,pax,logistic_l1,16,S100534,0,Resistant,1,Sensitive,0.9979667643381798
early_fusion,rna_cnv_mutation,pax,logistic_l1,16,S100672,1,Sensitive,1,Sensitive,0.9352586616095411
early_fusion,rna_cnv_mutation,pax,logistic_l1,16,S108045,0,Resistant,0,Resistant,0.1666507273561728
early_fusion,rna_cnv_mutation,pax,logistic_l1,16,S44441,0,Resistant,0,Resistant,0.24217051602123724
early_fusion,rna_cnv_mutation,pax,logistic_l1,16,S47904,0,Resistant,0,Resistant,0.2587030750135849
early_fusion,rna_cnv_mutation,pax,logistic_l1,16,S48602,1,Sensitive,1,Sensitive,0.8975889165325359
early_fusion,rna_cnv_mutation,pax,logistic_l1,16,S72877,1,Sensitive,0,Resistant,0.052663552072013724
early_fusion,rna_cnv_mutation,pax,logistic_l1,16,S73263,1,Sensitive,1,Sensitive,0.5298617006268006
early_fusion,rna_cnv_mutation,pax,logistic_l1,16,S85277,1,Sensitive,1,Sensitive,0.9830725321420772
early_fusion,rna_cnv_mutation,pax,svm_rbf,16,REF003,0,Resistant,1,Sensitive,0.5
early_fusion,rna_cnv_mutation,pax,svm_rbf,16,REF014,0,Resistant,0,Resistant,0.4739977170901959
early_fusion,rna_cnv_mutation,pax,svm_rbf,16,REF041,1,Sensitive,0,Resistant,0.3982640555874823
early_fusion,rna_cnv_mutation,pax,svm_rbf,16,REF048,0,Resistant,0,Resistant,0.42650820790895777
early_fusion,rna_cnv_mutation,pax,svm_rbf,16,S100534,0,Resistant,1,Sensitive,0.5560614293248562
early_fusion,rna_cnv_mutation,pax,svm_rbf,16,S100672,1,Sensitive,1,Sensitive,0.5306107152524229
early_fusion,rna_cnv_mutation,pax,svm_rbf,16,S108045,0,Resistant,0,Resistant,0.4292746103507784
early_fusion,rna_cnv_mutation,pax,svm_rbf,16,S44441,0,Resistant,0,Resistant,0.4602940424029706
early_fusion,rna_cnv_mutation,pax,svm_rbf,16,S47904,0,Resistant,1,Sensitive,0.491521320975504
early_fusion,rna_cnv_mutation,pax,svm_rbf,16,S48602,1,Sensitive,1,Sensitive,0.5202313401159265
early_fusion,rna_cnv_mutation,pax,svm_rbf,16,S72877,1,Sensitive,1,Sensitive,0.5
early_fusion,rna_cnv_mutation,pax,svm_rbf,16,S73263,1,Sensitive,0,Resistant,0.48188505616476246
early_fusion,rna_cnv_mutation,pax,svm_rbf,16,S85277,1,Sensitive,1,Sensitive,0.5369179253484397
early_fusion,rna_cnv_mutation,pax,random_forest,16,REF003,0,Resistant,1,Sensitive,0.5600711236307911
early_fusion,rna_cnv_mutation,pax,random_forest,16,REF014,0,Resistant,0,Resistant,0.4600512529028843
early_fusion,rna_cnv_mutation,pax,random_forest,16,REF041,1,Sensitive,0,Resistant,0.27568877942440984
early_fusion,rna_cnv_mutation,pax,random_forest,16,REF048,0,Resistant,0,Resistant,0.3937443879624047
early_fusion,rna_cnv_mutation,pax,random_forest,16,S100534,0,Resistant,1,Sensitive,0.7096826750685143
early_fusion,rna_cnv_mutation,pax,random_forest,16,S100672,1,Sensitive,1,Sensitive,0.6504623970360692
early_fusion,rna_cnv_mutation,pax,random_forest,16,S108045,0,Resistant,0,Resistant,0.407711550906555
early_fusion,rna_cnv_mutation,pax,random_forest,16,S44441,0,Resistant,0,Resistant,0.40677181361936887
early_fusion,rna_cnv_mutation,pax,random_forest,16,S47904,0,Resistant,0,Resistant,0.4230228012704402
early_fusion,rna_cnv_mutation,pax,random_forest,16,S48602,1,Sensitive,1,Sensitive,0.5622540796858552
early_fusion,rna_cnv_mutation,pax,random_forest,16,S72877,1,Sensitive,1,Sensitive,0.5438050565108117
early_fusion,rna_cnv_mutation,pax,random_forest,16,S73263,1,Sensitive,0,Resistant,0.42363936297918114
early_fusion,rna_cnv_mutation,pax,random_forest,16,S85277,1,Sensitive,1,Sensitive,0.6142881709454314
early_fusion,rna_cnv_mutation,pax,logistic_l2,17,REF004,0,Resistant,0,Resistant,0.33774592240636764
early_fusion,rna_cnv_mutation,pax,logistic_l2,17,REF005,1,Sensitive,0,Resistant,0.4349719657143367
early_fusion,rna_cnv_mutation,pax,logistic_l2,17,REF009,1,Sensitive,1,Sensitive,0.6462447291893594
early_fusion,rna_cnv_mutation,pax,logistic_l2,17,REF025,1,Sensitive,1,Sensitive,0.5571205105132354
early_fusion,rna_cnv_mutation,pax,logistic_l2,17,REF037,0,Resistant,0,Resistant,0.48304389651473134
early_fusion,rna_cnv_mutation,pax,logistic_l2,17,REF043,1,Sensitive,0,Resistant,0.2344012479377254
early_fusion,rna_cnv_mutation,pax,logistic_l2,17,REF052,0,Resistant,0,Resistant,0.2438745889436203
early_fusion,rna_cnv_mutation,pax,logistic_l2,17,REF063,0,Resistant,1,Sensitive,0.715137116246514
early_fusion,rna_cnv_mutation,pax,logistic_l2,17,S108099,0,Resistant,0,Resistant,0.37551915970444383
early_fusion,rna_cnv_mutation,pax,logistic_l2,17,S16720,0,Resistant,0,Resistant,0.3531452827971967
early_fusion,rna_cnv_mutation,pax,logistic_l2,17,S18674,1,Sensitive,0,Resistant,0.4445667399667389
early_fusion,rna_cnv_mutation,pax,logistic_l2,17,S241417,1,Sensitive,1,Sensitive,0.6107229277177634
early_fusion,rna_cnv_mutation,pax,logistic_l2,17,S73471,0,Resistant,1,Sensitive,0.6409698365080325
early_fusion,rna_cnv_mutation,pax,logistic_l1,17,REF004,0,Resistant,0,Resistant,0.27089699621663943
early_fusion,rna_cnv_mutation,pax,logistic_l1,17,REF005,1,Sensitive,1,Sensitive,0.8821817250655065
early_fusion,rna_cnv_mutation,pax,logistic_l1,17,REF009,1,Sensitive,0,Resistant,0.2865748372402286
early_fusion,rna_cnv_mutation,pax,logistic_l1,17,REF025,1,Sensitive,0,Resistant,0.2743859474680217
early_fusion,rna_cnv_mutation,pax,logistic_l1,17,REF037,0,Resistant,1,Sensitive,0.9977700720819614
early_fusion,rna_cnv_mutation,pax,logistic_l1,17,REF043,1,Sensitive,0,Resistant,0.029720446320309585
early_fusion,rna_cnv_mutation,pax,logistic_l1,17,REF052,0,Resistant,1,Sensitive,0.7331232748210561
early_fusion,rna_cnv_mutation,pax,logistic_l1,17,REF063,0,Resistant,1,Sensitive,0.5187244049060362
early_fusion,rna_cnv_mutation,pax,logistic_l1,17,S108099,0,Resistant,1,Sensitive,0.7189224868454415
early_fusion,rna_cnv_mutation,pax,logistic_l1,17,S16720,0,Resistant,0,Resistant,0.11269493541684
early_fusion,rna_cnv_mutation,pax,logistic_l1,17,S18674,1,Sensitive,0,Resistant,0.07383163505211619
early_fusion,rna_cnv_mutation,pax,logistic_l1,17,S241417,1,Sensitive,1,Sensitive,0.9513770120852667
early_fusion,rna_cnv_mutation,pax,logistic_l1,17,S73471,0,Resistant,0,Resistant,0.16072533023929972
early_fusion,rna_cnv_mutation,pax,svm_rbf,17,REF004,0,Resistant,0,Resistant,0.5595998536959726
early_fusion,rna_cnv_mutation,pax,svm_rbf,17,REF005,1,Sensitive,0,Resistant,0.5590858986199037
early_fusion,rna_cnv_mutation,pax,svm_rbf,17,REF009,1,Sensitive,0,Resistant,0.55919714409728
early_fusion,rna_cnv_mutation,pax,svm_rbf,17,REF025,1,Sensitive,0,Resistant,0.5589605097136375
early_fusion,rna_cnv_mutation,pax,svm_rbf,17,REF037,0,Resistant,0,Resistant,0.5594936102096109
early_fusion,rna_cnv_mutation,pax,svm_rbf,17,REF043,1,Sensitive,0,Resistant,0.5596756156175844
early_fusion,rna_cnv_mutation,pax,svm_rbf,17,REF052,0,Resistant,0,Resistant,0.559727409745354
early_fusion,rna_cnv_mutation,pax,svm_rbf,17,REF063,0,Resistant,0,Resistant,0.5591792027756097
early_fusion,rna_cnv_mutation,pax,svm_rbf,17,S108099,0,Resistant,0,Resistant,0.5592967553526816
early_fusion,rna_cnv_mutation,pax,svm_rbf,17,S16720,0,Resistant,0,Resistant,0.5596417865313603
early_fusion,rna_cnv_mutation,pax,svm_rbf,17,S18674,1,Sensitive,0,Resistant,0.5592523238713895
early_fusion,rna_cnv_mutation,pax,svm_rbf,17,S241417,1,Sensitive,0,Resistant,0.5593134671814459
early_fusion,rna_cnv_mutation,pax,svm_rbf,17,S73471,0,Resistant,0,Resistant,0.5585981976490014
early_fusion,rna_cnv_mutation,pax,random_forest,17,REF004,0,Resistant,0,Resistant,0.4419646136143144
early_fusion,rna_cnv_mutation,pax,random_forest,17,REF005,1,Sensitive,1,Sensitive,0.5078277614267843
early_fusion,rna_cnv_mutation,pax,random_forest,17,REF009,1,Sensitive,0,Resistant,0.4926596560679462
early_fusion,rna_cnv_mutation,pax,random_forest,17,REF025,1,Sensitive,1,Sensitive,0.5562414934647245
early_fusion,rna_cnv_mutation,pax,random_forest,17,REF037,0,Resistant,0,Resistant,0.42758853671111263
early_fusion,rna_cnv_mutation,pax,random_forest,17,REF043,1,Sensitive,0,Resistant,0.4936199910081724
early_fusion,rna_cnv_mutation,pax,random_forest,17,REF052,0,Resistant,0,Resistant,0.35315542616609846
early_fusion,rna_cnv_mutation,pax,random_forest,17,REF063,0,Resistant,1,Sensitive,0.5719323136650938
early_fusion,rna_cnv_mutation,pax,random_forest,17,S108099,0,Resistant,0,Resistant,0.3944686039973392
early_fusion,rna_cnv_mutation,pax,random_forest,17,S16720,0,Resistant,1,Sensitive,0.527970374206983
early_fusion,rna_cnv_mutation,pax,random_forest,17,S18674,1,Sensitive,1,Sensitive,0.5571957809622136
early_fusion,rna_cnv_mutation,pax,random_forest,17,S241417,1,Sensitive,1,Sensitive,0.5227113424950337
early_fusion,rna_cnv_mutation,pax,random_forest,17,S73471,0,Resistant,1,Sensitive,0.5906805841113134
early_fusion,rna_cnv_mutation,pax,logistic_l2,18,INSB019,0,Resistant,1,Sensitive,0.9146258053068372
early_fusion,rna_cnv_mutation,pax,logistic_l2,18,REF002,1,Sensitive,1,Sensitive,0.6008632418402463
early_fusion,rna_cnv_mutation,pax,logistic_l2,18,REF006,0,Resistant,1,Sensitive,0.848719746316946
early_fusion,rna_cnv_mutation,pax,logistic_l2,18,REF013,1,Sensitive,0,Resistant,0.48267380636462354
early_fusion,rna_cnv_mutation,pax,logistic_l2,18,REF016,0,Resistant,1,Sensitive,0.5631592479930041
early_fusion,rna_cnv_mutation,pax,logistic_l2,18,REF022,1,Sensitive,1,Sensitive,0.6581917889441341
early_fusion,rna_cnv_mutation,pax,logistic_l2,18,REF023,1,Sensitive,0,Resistant,0.12339265286299303
early_fusion,rna_cnv_mutation,pax,logistic_l2,18,REF034,0,Resistant,1,Sensitive,0.939439898605868
early_fusion,rna_cnv_mutation,pax,logistic_l2,18,REF035,0,Resistant,0,Resistant,0.3479006206801515
early_fusion,rna_cnv_mutation,pax,logistic_l2,18,REF036,1,Sensitive,1,Sensitive,0.9018132186181095
early_fusion,rna_cnv_mutation,pax,logistic_l2,18,S20710,0,Resistant,1,Sensitive,0.9479735296901676
early_fusion,rna_cnv_mutation,pax,logistic_l2,18,S73230,1,Sensitive,1,Sensitive,0.6734651296078588
early_fusion,rna_cnv_mutation,pax,logistic_l1,18,INSB019,0,Resistant,1,Sensitive,0.9963511165818394
early_fusion,rna_cnv_mutation,pax,logistic_l1,18,REF002,1,Sensitive,0,Resistant,0.08779858722533838
early_fusion,rna_cnv_mutation,pax,logistic_l1,18,REF006,0,Resistant,1,Sensitive,0.9757771866339587
early_fusion,rna_cnv_mutation,pax,logistic_l1,18,REF013,1,Sensitive,0,Resistant,0.18266050185384933
early_fusion,rna_cnv_mutation,pax,logistic_l1,18,REF016,0,Resistant,1,Sensitive,0.6600648654710716
early_fusion,rna_cnv_mutation,pax,logistic_l1,18,REF022,1,Sensitive,0,Resistant,0.04748069952548842
early_fusion,rna_cnv_mutation,pax,logistic_l1,18,REF023,1,Sensitive,0,Resistant,0.11965529050362292
early_fusion,rna_cnv_mutation,pax,logistic_l1,18,REF034,0,Resistant,1,Sensitive,0.9705839946568426
early_fusion,rna_cnv_mutation,pax,logistic_l1,18,REF035,0,Resistant,1,Sensitive,0.849066805976957
early_fusion,rna_cnv_mutation,pax,logistic_l1,18,REF036,1,Sensitive,1,Sensitive,0.8688996525659402
early_fusion,rna_cnv_mutation,pax,logistic_l1,18,S20710,0,Resistant,1,Sensitive,0.9972075440223221
early_fusion,rna_cnv_mutation,pax,logistic_l1,18,S73230,1,Sensitive,0,Resistant,0.41729403274321225
early_fusion,rna_cnv_mutation,pax,svm_rbf,18,INSB019,0,Resistant,1,Sensitive,0.5
early_fusion,rna_cnv_mutation,pax,svm_rbf,18,REF002,1,Sensitive,1,Sensitive,0.48357793959463924
early_fusion,rna_cnv_mutation,pax,svm_rbf,18,REF006,0,Resistant,1,Sensitive,0.5
early_fusion,rna_cnv_mutation,pax,svm_rbf,18,REF013,1,Sensitive,1,Sensitive,0.4830337783862471
early_fusion,rna_cnv_mutation,pax,svm_rbf,18,REF016,0,Resistant,0,Resistant,0.478649049086751
early_fusion,rna_cnv_mutation,pax,svm_rbf,18,REF022,1,Sensitive,1,Sensitive,0.49020955432846325
early_fusion,rna_cnv_mutation,pax,svm_rbf,18,REF023,1,Sensitive,0,Resistant,0.4704711361824345
early_fusion,rna_cnv_mutation,pax,svm_rbf,18,REF034,0,Resistant,1,Sensitive,0.5
early_fusion,rna_cnv_mutation,pax,svm_rbf,18,REF035,0,Resistant,1,Sensitive,0.4809185685879052
early_fusion,rna_cnv_mutation,pax,svm_rbf,18,REF036,1,Sensitive,1,Sensitive,0.5
early_fusion,rna_cnv_mutation,pax,svm_rbf,18,S20710,0,Resistant,1,Sensitive,0.5
early_fusion,rna_cnv_mutation,pax,svm_rbf,18,S73230,1,Sensitive,1,Sensitive,0.4925147871276411
early_fusion,rna_cnv_mutation,pax,random_forest,18,INSB019,0,Resistant,1,Sensitive,0.5584190528740519
early_fusion,rna_cnv_mutation,pax,random_forest,18,REF002,1,Sensitive,0,Resistant,0.4598200482681056
early_fusion,rna_cnv_mutation,pax,random_forest,18,REF006,0,Resistant,1,Sensitive,0.6146187677054474
early_fusion,rna_cnv_mutation,pax,random_forest,18,REF013,1,Sensitive,1,Sensitive,0.5154169863730701
early_fusion,rna_cnv_mutation,pax,random_forest,18,REF016,0,Resistant,0,Resistant,0.4882009999479753
early_fusion,rna_cnv_mutation,pax,random_forest,18,REF022,1,Sensitive,0,Resistant,0.49920961499634325
early_fusion,rna_cnv_mutation,pax,random_forest,18,REF023,1,Sensitive,0,Resistant,0.3718619088813276
early_fusion,rna_cnv_mutation,pax,random_forest,18,REF034,0,Resistant,1,Sensitive,0.716884701496621
early_fusion,rna_cnv_mutation,pax,random_forest,18,REF035,0,Resistant,0,Resistant,0.4121464446936634
early_fusion,rna_cnv_mutation,pax,random_forest,18,REF036,1,Sensitive,1,Sensitive,0.64504068880977
early_fusion,rna_cnv_mutation,pax,random_forest,18,S20710,0,Resistant,1,Sensitive,0.7215543117990536
early_fusion,rna_cnv_mutation,pax,random_forest,18,S73230,1,Sensitive,1,Sensitive,0.5213711205910815
early_fusion,rna_cnv_mutation,pax,logistic_l2,19,REF001,0,Resistant,0,Resistant,0.33241141223485393
early_fusion,rna_cnv_mutation,pax,logistic_l2,19,REF007,1,Sensitive,1,Sensitive,0.5526238400518841
early_fusion,rna_cnv_mutation,pax,logistic_l2,19,REF044,0,Resistant,0,Resistant,0.3710207657313036
early_fusion,rna_cnv_mutation,pax,logistic_l2,19,REF057,0,Resistant,0,Resistant,0.4293045794325562
early_fusion,rna_cnv_mutation,pax,logistic_l2,19,S28077,1,Sensitive,0,Resistant,0.2059092357336198
early_fusion,rna_cnv_mutation,pax,logistic_l2,19,S38807,1,Sensitive,1,Sensitive,0.8256754521090433
early_fusion,rna_cnv_mutation,pax,logistic_l2,19,S48041,1,Sensitive,0,Resistant,0.1652047255227867
early_fusion,rna_cnv_mutation,pax,logistic_l2,19,S48342,0,Resistant,0,Resistant,0.04909781820513967
early_fusion,rna_cnv_mutation,pax,logistic_l2,19,S66817,1,Sensitive,0,Resistant,0.4711686479465011
early_fusion,rna_cnv_mutation,pax,logistic_l2,19,S70620,1,Sensitive,1,Sensitive,0.5442957332638219
early_fusion,rna_cnv_mutation,pax,logistic_l2,19,S71335,0,Resistant,0,Resistant,0.25710510071693005
early_fusion,rna_cnv_mutation,pax,logistic_l2,19,S72955,0,Resistant,0,Resistant,0.1195460185427427
early_fusion,rna_cnv_mutation,pax,logistic_l1,19,REF001,0,Resistant,1,Sensitive,0.8073689656367748
early_fusion,rna_cnv_mutation,pax,logistic_l1,19,REF007,1,Sensitive,0,Resistant,0.09071280755820692
early_fusion,rna_cnv_mutation,pax,logistic_l1,19,REF044,0,Resistant,0,Resistant,0.06948887785029403
early_fusion,rna_cnv_mutation,pax,logistic_l1,19,REF057,0,Resistant,1,Sensitive,0.698333546882991
early_fusion,rna_cnv_mutation,pax,logistic_l1,19,S28077,1,Sensitive,0,Resistant,0.005472066553705988
early_fusion,rna_cnv_mutation,pax,logistic_l1,19,S38807,1,Sensitive,1,Sensitive,0.9084435975208809
early_fusion,rna_cnv_mutation,pax,logistic_l1,19,S48041,1,Sensitive,0,Resistant,0.0008482984522116479
early_fusion,rna_cnv_mutation,pax,logistic_l1,19,S48342,0,Resistant,0,Resistant,0.013887023542344763
early_fusion,rna_cnv_mutation,pax,logistic_l1,19,S66817,1,Sensitive,0,Resistant,0.005299165004578135
early_fusion,rna_cnv_mutation,pax,logistic_l1,19,S70620,1,Sensitive,0,Resistant,0.42546877032888686
early_fusion,rna_cnv_mutation,pax,logistic_l1,19,S71335,0,Resistant,0,Resistant,0.34295632111359875
early_fusion,rna_cnv_mutation,pax,logistic_l1,19,S72955,0,Resistant,0,Resistant,0.2341235016432651
early_fusion,rna_cnv_mutation,pax,svm_rbf,19,REF001,0,Resistant,1,Sensitive,0.3536937163436124
early_fusion,rna_cnv_mutation,pax,svm_rbf,19,REF007,1,Sensitive,1,Sensitive,0.3552229209584758
early_fusion,rna_cnv_mutation,pax,svm_rbf,19,REF044,0,Resistant,1,Sensitive,0.36082567198191573
early_fusion,rna_cnv_mutation,pax,svm_rbf,19,REF057,0,Resistant,1,Sensitive,0.35766042646833107
early_fusion,rna_cnv_mutation,pax,svm_rbf,19,S28077,1,Sensitive,1,Sensitive,0.3629233444825944
early_fusion,rna_cnv_mutation,pax,svm_rbf,19,S38807,1,Sensitive,1,Sensitive,0.34570180261047073
early_fusion,rna_cnv_mutation,pax,svm_rbf,19,S48041,1,Sensitive,1,Sensitive,0.3638739392683434
early_fusion,rna_cnv_mutation,pax,svm_rbf,19,S48342,0,Resistant,1,Sensitive,0.36539904692394143
early_fusion,rna_cnv_mutation,pax,svm_rbf,19,S66817,1,Sensitive,1,Sensitive,0.3604872674400381
early_fusion,rna_cnv_mutation,pax,svm_rbf,19,S70620,1,Sensitive,1,Sensitive,0.35022777184340914
early_fusion,rna_cnv_mutation,pax,svm_rbf,19,S71335,0,Resistant,1,Sensitive,0.3640326456874903
early_fusion,rna_cnv_mutation,pax,svm_rbf,19,S72955,0,Resistant,1,Sensitive,0.3615031560361186
early_fusion,rna_cnv_mutation,pax,random_forest,19,REF001,0,Resistant,0,Resistant,0.45228165353858996
early_fusion,rna_cnv_mutation,pax,random_forest,19,REF007,1,Sensitive,0,Resistant,0.47538902664915833
early_fusion,rna_cnv_mutation,pax,random_forest,19,REF044,0,Resistant,0,Resistant,0.4171057965798503
early_fusion,rna_cnv_mutation,pax,random_forest,19,REF057,0,Resistant,0,Resistant,0.470964959678945
early_fusion,rna_cnv_mutation,pax,random_forest,19,S28077,1,Sensitive,0,Resistant,0.34387561877667155
early_fusion,rna_cnv_mutation,pax,random_forest,19,S38807,1,Sensitive,1,Sensitive,0.6107563368164683
early_fusion,rna_cnv_mutation,pax,random_forest,19,S48041,1,Sensitive,0,Resistant,0.3247865439660931
early_fusion,rna_cnv_mutation,pax,random_forest,19,S48342,0,Resistant,0,Resistant,0.33182064545875267
early_fusion,rna_cnv_mutation,pax,random_forest,19,S66817,1,Sensitive,0,Resistant,0.3727807312064581
early_fusion,rna_cnv_mutation,pax,random_forest,19,S70620,1,Sensitive,1,Sensitive,0.5383537635433315
early_fusion,rna_cnv_mutation,pax,random_forest,19,S71335,0,Resistant,0,Resistant,0.33948136113620414
early_fusion,rna_cnv_mutation,pax,random_forest,19,S72955,0,Resistant,0,Resistant,0.36508170603735757
early_fusion,rna_cnv_mutation,pax,logistic_l2,20,INSB014,0,Resistant,1,Sensitive,0.7423986716979913
early_fusion,rna_cnv_mutation,pax,logistic_l2,20,REF019,0,Resistant,1,Sensitive,0.8101474750671167
early_fusion,rna_cnv_mutation,pax,logistic_l2,20,REF024,1,Sensitive,0,Resistant,0.4301773470643561
early_fusion,rna_cnv_mutation,pax,logistic_l2,20,REF047,0,Resistant,0,Resistant,0.49469616324492577
early_fusion,rna_cnv_mutation,pax,logistic_l2,20,S100804,0,Resistant,0,Resistant,0.18691165581163774
early_fusion,rna_cnv_mutation,pax,logistic_l2,20,S44205,0,Resistant,1,Sensitive,0.8097202950077906
early_fusion,rna_cnv_mutation,pax,logistic_l2,20,S53782,0,Resistant,1,Sensitive,0.5879665744004063
early_fusion,rna_cnv_mutation,pax,logistic_l2,20,S66684,1,Sensitive,1,Sensitive,0.6198321054888456
early_fusion,rna_cnv_mutation,pax,logistic_l2,20,S67455,1,Sensitive,1,Sensitive,0.6937095070495714
early_fusion,rna_cnv_mutation,pax,logistic_l2,20,S67990,1,Sensitive,1,Sensitive,0.8367587243590692
early_fusion,rna_cnv_mutation,pax,logistic_l2,20,S69196,1,Sensitive,1,Sensitive,0.6694118555604436
early_fusion,rna_cnv_mutation,pax,logistic_l2,20,S71208,1,Sensitive,1,Sensitive,0.7458848023795992
early_fusion,rna_cnv_mutation,pax,logistic_l1,20,INSB014,0,Resistant,1,Sensitive,0.917687458276419
early_fusion,rna_cnv_mutation,pax,logistic_l1,20,REF019,0,Resistant,1,Sensitive,0.9953058866634197
early_fusion,rna_cnv_mutation,pax,logistic_l1,20,REF024,1,Sensitive,1,Sensitive,0.641709645545851
early_fusion,rna_cnv_mutation,pax,logistic_l1,20,REF047,0,Resistant,0,Resistant,0.044829071311327746
early_fusion,rna_cnv_mutation,pax,logistic_l1,20,S100804,0,Resistant,0,Resistant,0.04416002327426418
early_fusion,rna_cnv_mutation,pax,logistic_l1,20,S44205,0,Resistant,1,Sensitive,0.994734420178709
early_fusion,rna_cnv_mutation,pax,logistic_l1,20,S53782,0,Resistant,1,Sensitive,0.6308057264659704
early_fusion,rna_cnv_mutation,pax,logistic_l1,20,S66684,1,Sensitive,1,Sensitive,0.7992519881859941
early_fusion,rna_cnv_mutation,pax,logistic_l1,20,S67455,1,Sensitive,1,Sensitive,0.6410182296790431
early_fusion,rna_cnv_mutation,pax,logistic_l1,20,S67990,1,Sensitive,0,Resistant,0.28771610898778593
early_fusion,rna_cnv_mutation,pax,logistic_l1,20,S69196,1,Sensitive,0,Resistant,0.13390055651809923
early_fusion,rna_cnv_mutation,pax,logistic_l1,20,S71208,1,Sensitive,1,Sensitive,0.7437995703464526
early_fusion,rna_cnv_mutation,pax,svm_rbf,20,INSB014,0,Resistant,1,Sensitive,0.3523869244219645
early_fusion,rna_cnv_mutation,pax,svm_rbf,20,REF019,0,Resistant,1,Sensitive,0.34991393833979695
early_fusion,rna_cnv_mutation,pax,svm_rbf,20,REF024,1,Sensitive,1,Sensitive,0.3595970373156898
early_fusion,rna_cnv_mutation,pax,svm_rbf,20,REF047,0,Resistant,1,Sensitive,0.36103560333637996
early_fusion,rna_cnv_mutation,pax,svm_rbf,20,S100804,0,Resistant,1,Sensitive,0.3596409948194656
early_fusion,rna_cnv_mutation,pax,svm_rbf,20,S44205,0,Resistant,1,Sensitive,0.35819244782448234
early_fusion,rna_cnv_mutation,pax,svm_rbf,20,S53782,0,Resistant,1,Sensitive,0.35081935140458115
early_fusion,rna_cnv_mutation,pax,svm_rbf,20,S66684,1,Sensitive,1,Sensitive,0.3566087120791321
early_fusion,rna_cnv_mutation,pax,svm_rbf,20,S67455,1,Sensitive,1,Sensitive,0.3501743629770632
early_fusion,rna_cnv_mutation,pax,svm_rbf,20,S67990,1,Sensitive,1,Sensitive,0.3637251241135291
early_fusion,rna_cnv_mutation,pax,svm_rbf,20,S69196,1,Sensitive,1,Sensitive,0.34765872362284045
early_fusion,rna_cnv_mutation,pax,svm_rbf,20,S71208,1,Sensitive,1,Sensitive,0.3484594721434307
early_fusion,rna_cnv_mutation,pax,random_forest,20,INSB014,0,Resistant,1,Sensitive,0.5553518865263579
early_fusion,rna_cnv_mutation,pax,random_forest,20,REF019,0,Resistant,1,Sensitive,0.5965796351403888
early_fusion,rna_cnv_mutation,pax,random_forest,20,REF024,1,Sensitive,0,Resistant,0.4496061129221645
early_fusion,rna_cnv_mutation,pax,random_forest,20,REF047,0,Resistant,1,Sensitive,0.516806577343542
early_fusion,rna_cnv_mutation,pax,random_forest,20,S100804,0,Resistant,0,Resistant,0.3777692294207578
early_fusion,rna_cnv_mutation,pax,random_forest,20,S44205,0,Resistant,1,Sensitive,0.5001402085266361
early_fusion,rna_cnv_mutation,pax,random_forest,20,S53782,0,Resistant,1,Sensitive,0.6137174772848828
early_fusion,rna_cnv_mutation,pax,random_forest,20,S66684,1,Sensitive,1,Sensitive,0.5414018366775464
early_fusion,rna_cnv_mutation,pax,random_forest,20,S67455,1,Sensitive,1,Sensitive,0.5542154784931226
early_fusion,rna_cnv_mutation,pax,random_forest,20,S67990,1,Sensitive,1,Sensitive,0.5028103020648107
early_fusion,rna_cnv_mutation,pax,random_forest,20,S69196,1,Sensitive,1,Sensitive,0.553214117232431
early_fusion,rna_cnv_mutation,pax,random_forest,20,S71208,1,Sensitive,1,Sensitive,0.5659989584039928
early_fusion,rna_cnv_mutation,pax,logistic_l2,21,INSB019,0,Resistant,1,Sensitive,0.7352902174750144
early_fusion,rna_cnv_mutation,pax,logistic_l2,21,REF041,1,Sensitive,0,Resistant,0.15314354678474518
early_fusion,rna_cnv_mutation,pax,logistic_l2,21,REF044,0,Resistant,0,Resistant,0.1360868530123231
early_fusion,rna_cnv_mutation,pax,logistic_l2,21,REF063,0,Resistant,1,Sensitive,0.6693527302741477
early_fusion,rna_cnv_mutation,pax,logistic_l2,21,S100672,1,Sensitive,1,Sensitive,0.5733762167318646
early_fusion,rna_cnv_mutation,pax,logistic_l2,21,S108099,0,Resistant,0,Resistant,0.28308627037731293
early_fusion,rna_cnv_mutation,pax,logistic_l2,21,S20710,0,Resistant,1,Sensitive,0.8716847634611243
early_fusion,rna_cnv_mutation,pax,logistic_l2,21,S28077,1,Sensitive,1,Sensitive,0.5218593174971837
early_fusion,rna_cnv_mutation,pax,logistic_l2,21,S44441,0,Resistant,0,Resistant,0.42907246551010814
early_fusion,rna_cnv_mutation,pax,logistic_l2,21,S48342,0,Resistant,0,Resistant,0.038501422847866035
early_fusion,rna_cnv_mutation,pax,logistic_l2,21,S66684,1,Sensitive,0,Resistant,0.4914754307189839
early_fusion,rna_cnv_mutation,pax,logistic_l2,21,S67990,1,Sensitive,0,Resistant,0.3806666296842364
early_fusion,rna_cnv_mutation,pax,logistic_l2,21,S69196,1,Sensitive,1,Sensitive,0.7566303979592495
early_fusion,rna_cnv_mutation,pax,logistic_l1,21,INSB019,0,Resistant,1,Sensitive,0.9784734580630283
early_fusion,rna_cnv_mutation,pax,logistic_l1,21,REF041,1,Sensitive,0,Resistant,0.11011427894582494
early_fusion,rna_cnv_mutation,pax,logistic_l1,21,REF044,0,Resistant,0,Resistant,0.03611707308245743
early_fusion,rna_cnv_mutation,pax,logistic_l1,21,REF063,0,Resistant,1,Sensitive,0.8549078917031905
early_fusion,rna_cnv_mutation,pax,logistic_l1,21,S100672,1,Sensitive,1,Sensitive,0.516215230896882
early_fusion,rna_cnv_mutation,pax,logistic_l1,21,S108099,0,Resistant,1,Sensitive,0.7436720522705198
early_fusion,rna_cnv_mutation,pax,logistic_l1,21,S20710,0,Resistant,1,Sensitive,0.8759014900097185
early_fusion,rna_cnv_mutation,pax,logistic_l1,21,S28077,1,Sensitive,1,Sensitive,0.6936335333471841
early_fusion,rna_cnv_mutation,pax,logistic_l1,21,S44441,0,Resistant,0,Resistant,0.4881959873611846
early_fusion,rna_cnv_mutation,pax,logistic_l1,21,S48342,0,Resistant,0,Resistant,0.015931179182994006
early_fusion,rna_cnv_mutation,pax,logistic_l1,21,S66684,1,Sensitive,0,Resistant,0.4227863251532025
early_fusion,rna_cnv_mutation,pax,logistic_l1,21,S67990,1,Sensitive,1,Sensitive,0.9750637156511314
early_fusion,rna_cnv_mutation,pax,logistic_l1,21,S69196,1,Sensitive,1,Sensitive,0.615103569012294
early_fusion,rna_cnv_mutation,pax,svm_rbf,21,INSB019,0,Resistant,0,Resistant,0.5600616368411163
early_fusion,rna_cnv_mutation,pax,svm_rbf,21,REF041,1,Sensitive,0,Resistant,0.5608200260038081
early_fusion,rna_cnv_mutation,pax,svm_rbf,21,REF044,0,Resistant,0,Resistant,0.5609627129193697
early_fusion,rna_cnv_mutation,pax,svm_rbf,21,REF063,0,Resistant,0,Resistant,0.5603324050337045
early_fusion,rna_cnv_mutation,pax,svm_rbf,21,S100672,1,Sensitive,0,Resistant,0.5603624929114183
early_fusion,rna_cnv_mutation,pax,svm_rbf,21,S108099,0,Resistant,0,Resistant,0.5605313701713714
early_fusion,rna_cnv_mutation,pax,svm_rbf,21,S20710,0,Resistant,0,Resistant,0.5599290460321755
early_fusion,rna_cnv_mutation,pax,svm_rbf,21,S28077,1,Sensitive,0,Resistant,0.5601393306523805
early_fusion,rna_cnv_mutation,pax,svm_rbf,21,S44441,0,Resistant,0,Resistant,0.5604443166326677
early_fusion,rna_cnv_mutation,pax,svm_rbf,21,S48342,0,Resistant,0,Resistant,0.5614534301778155
early_fusion,rna_cnv_mutation,pax,svm_rbf,21,S66684,1,Sensitive,0,Resistant,0.5608350400760345
early_fusion,rna_cnv_mutation,pax,svm_rbf,21,S67990,1,Sensitive,0,Resistant,0.5608367520036062
early_fusion,rna_cnv_mutation,pax,svm_rbf,21,S69196,1,Sensitive,0,Resistant,0.5595938676974658
early_fusion,rna_cnv_mutation,pax,random_forest,21,INSB019,0,Resistant,1,Sensitive,0.5284429227584128
early_fusion,rna_cnv_mutation,pax,random_forest,21,REF041,1,Sensitive,0,Resistant,0.3858082641466361
early_fusion,rna_cnv_mutation,pax,random_forest,21,REF044,0,Resistant,0,Resistant,0.4057183961640077
early_fusion,rna_cnv_mutation,pax,random_forest,21,REF063,0,Resistant,1,Sensitive,0.5808526669344616
early_fusion,rna_cnv_mutation,pax,random_forest,21,S100672,1,Sensitive,1,Sensitive,0.5369480870821535
early_fusion,rna_cnv_mutation,pax,random_forest,21,S108099,0,Resistant,0,Resistant,0.39186931646933565
early_fusion,rna_cnv_mutation,pax,random_forest,21,S20710,0,Resistant,1,Sensitive,0.5824225090357625
early_fusion,rna_cnv_mutation,pax,random_forest,21,S28077,1,Sensitive,0,Resistant,0.475909330387946
early_fusion,rna_cnv_mutation,pax,random_forest,21,S44441,0,Resistant,0,Resistant,0.4564258772031269
early_fusion,rna_cnv_mutation,pax,random_forest,21,S48342,0,Resistant,0,Resistant,0.2262370930469366
early_fusion,rna_cnv_mutation,pax,random_forest,21,S66684,1,Sensitive,1,Sensitive,0.5221826865025794
early_fusion,rna_cnv_mutation,pax,random_forest,21,S67990,1,Sensitive,1,Sensitive,0.6194832830433232
early_fusion,rna_cnv_mutation,pax,random_forest,21,S69196,1,Sensitive,1,Sensitive,0.5923461576563899
early_fusion,rna_cnv_mutation,pax,logistic_l2,22,REF004,0,Resistant,0,Resistant,0.10612556563208411
early_fusion,rna_cnv_mutation,pax,logistic_l2,22,REF005,1,Sensitive,1,Sensitive,0.5479485408384488
early_fusion,rna_cnv_mutation,pax,logistic_l2,22,REF009,1,Sensitive,0,Resistant,0.4476456974053433
early_fusion,rna_cnv_mutation,pax,logistic_l2,22,REF014,0,Resistant,0,Resistant,0.3446190991005958
early_fusion,rna_cnv_mutation,pax,logistic_l2,22,REF016,0,Resistant,1,Sensitive,0.9099364186064336
early_fusion,rna_cnv_mutation,pax,logistic_l2,22,REF019,0,Resistant,1,Sensitive,0.8271157592872856
early_fusion,rna_cnv_mutation,pax,logistic_l2,22,REF024,1,Sensitive,0,Resistant,0.3324156612136357
early_fusion,rna_cnv_mutation,pax,logistic_l2,22,REF043,1,Sensitive,0,Resistant,0.0015348984757325094
early_fusion,rna_cnv_mutation,pax,logistic_l2,22,REF048,0,Resistant,0,Resistant,0.016549074437664322
early_fusion,rna_cnv_mutation,pax,logistic_l2,22,S47904,0,Resistant,1,Sensitive,0.7289704795236122
early_fusion,rna_cnv_mutation,pax,logistic_l2,22,S48041,1,Sensitive,0,Resistant,0.10453738483644244
early_fusion,rna_cnv_mutation,pax,logistic_l2,22,S66817,1,Sensitive,1,Sensitive,0.5492838980925536
early_fusion,rna_cnv_mutation,pax,logistic_l2,22,S72955,0,Resistant,0,Resistant,0.042187127681511734
early_fusion,rna_cnv_mutation,pax,logistic_l1,22,REF004,0,Resistant,0,Resistant,0.39254657686456834
early_fusion,rna_cnv_mutation,pax,logistic_l1,22,REF005,1,Sensitive,0,Resistant,0.15215169180803323
early_fusion,rna_cnv_mutation,pax,logistic_l1,22,REF009,1,Sensitive,0,Resistant,0.364184723383217
early_fusion,rna_cnv_mutation,pax,logistic_l1,22,REF014,0,Resistant,0,Resistant,0.33673881168917674
early_fusion,rna_cnv_mutation,pax,logistic_l1,22,REF016,0,Resistant,1,Sensitive,0.7059453804314155
early_fusion,rna_cnv_mutation,pax,logistic_l1,22,REF019,0,Resistant,1,Sensitive,0.8117198385078848
early_fusion,rna_cnv_mutation,pax,logistic_l1,22,REF024,1,Sensitive,1,Sensitive,0.9508951625920811
early_fusion,rna_cnv_mutation,pax,logistic_l1,22,REF043,1,Sensitive,0,Resistant,0.361342895892877
early_fusion,rna_cnv_mutation,pax,logistic_l1,22,REF048,0,Resistant,1,Sensitive,0.6608324444940821
early_fusion,rna_cnv_mutation,pax,logistic_l1,22,S47904,0,Resistant,0,Resistant,0.12069468934507546
early_fusion,rna_cnv_mutation,pax,logistic_l1,22,S48041,1,Sensitive,0,Resistant,0.06628585129205988
early_fusion,rna_cnv_mutation,pax,logistic_l1,22,S66817,1,Sensitive,0,Resistant,0.1430364300192782
early_fusion,rna_cnv_mutation,pax,logistic_l1,22,S72955,0,Resistant,0,Resistant,0.48800058742299235
early_fusion,rna_cnv_mutation,pax,svm_rbf,22,REF004,0,Resistant,0,Resistant,0.36767512278897024
early_fusion,rna_cnv_mutation,pax,svm_rbf,22,REF005,1,Sensitive,1,Sensitive,0.6060620280416951
early_fusion,rna_cnv_mutation,pax,svm_rbf,22,REF009,1,Sensitive,0,Resistant,0.43335327730472245
early_fusion,rna_cnv_mutation,pax,svm_rbf,22,REF014,0,Resistant,0,Resistant,0.4274015051083228
early_fusion,rna_cnv_mutation,pax,svm_rbf,22,REF016,0,Resistant,1,Sensitive,0.5567163529989154
early_fusion,rna_cnv_mutation,pax,svm_rbf,22,REF019,0,Resistant,1,Sensitive,0.6479313680565278
early_fusion,rna_cnv_mutation,pax,svm_rbf,22,REF024,1,Sensitive,0,Resistant,0.38990968086417355
early_fusion,rna_cnv_mutation,pax,svm_rbf,22,REF043,1,Sensitive,0,Resistant,0.2227382117590415
early_fusion,rna_cnv_mutation,pax,svm_rbf,22,REF048,0,Resistant,0,Resistant,0.28237415022239115
early_fusion,rna_cnv_mutation,pax,svm_rbf,22,S47904,0,Resistant,1,Sensitive,0.543205417392279
early_fusion,rna_cnv_mutation,pax,svm_rbf,22,S48041,1,Sensitive,0,Resistant,0.2785448292551712
early_fusion,rna_cnv_mutation,pax,svm_rbf,22,S66817,1,Sensitive,0,Resistant,0.37642958712762514
early_fusion,rna_cnv_mutation,pax,svm_rbf,22,S72955,0,Resistant,0,Resistant,0.22625561184621767
early_fusion,rna_cnv_mutation,pax,random_forest,22,REF004,0,Resistant,0,Resistant,0.3838839626931847
early_fusion,rna_cnv_mutation,pax,random_forest,22,REF005,1,Sensitive,1,Sensitive,0.6029501601800985
early_fusion,rna_cnv_mutation,pax,random_forest,22,REF009,1,Sensitive,0,Resistant,0.388722805159058
early_fusion,rna_cnv_mutation,pax,random_forest,22,REF014,0,Resistant,0,Resistant,0.45557372405664565
early_fusion,rna_cnv_mutation,pax,random_forest,22,REF016,0,Resistant,1,Sensitive,0.5946267012599039
early_fusion,rna_cnv_mutation,pax,random_forest,22,REF019,0,Resistant,1,Sensitive,0.6175103420762426
early_fusion,rna_cnv_mutation,pax,random_forest,22,REF024,1,Sensitive,0,Resistant,0.4372217026343623
early_fusion,rna_cnv_mutation,pax,random_forest,22,REF043,1,Sensitive,0,Resistant,0.35889672189351673
early_fusion,rna_cnv_mutation,pax,random_forest,22,REF048,0,Resistant,1,Sensitive,0.5316039619434794
early_fusion,rna_cnv_mutation,pax,random_forest,22,S47904,0,Resistant,0,Resistant,0.4895454110099305
early_fusion,rna_cnv_mutation,pax,random_forest,22,S48041,1,Sensitive,0,Resistant,0.3241038670583818
early_fusion,rna_cnv_mutation,pax,random_forest,22,S66817,1,Sensitive,0,Resistant,0.3646198899300316
early_fusion,rna_cnv_mutation,pax,random_forest,22,S72955,0,Resistant,0,Resistant,0.27170644354552137
early_fusion,rna_cnv_mutation,pax,logistic_l2,23,REF022,1,Sensitive,1,Sensitive,0.5510554179302063
early_fusion,rna_cnv_mutation,pax,logistic_l2,23,REF023,1,Sensitive,0,Resistant,0.08988953227263159
early_fusion,rna_cnv_mutation,pax,logistic_l2,23,REF034,0,Resistant,1,Sensitive,0.7666922437882667
early_fusion,rna_cnv_mutation,pax,logistic_l2,23,REF037,0,Resistant,0,Resistant,0.3613104780242299
early_fusion,rna_cnv_mutation,pax,logistic_l2,23,REF047,0,Resistant,0,Resistant,0.4036375848238985
early_fusion,rna_cnv_mutation,pax,logistic_l2,23,S108045,0,Resistant,0,Resistant,0.47283277307720006
early_fusion,rna_cnv_mutation,pax,logistic_l2,23,S16720,0,Resistant,1,Sensitive,0.5791589630343881
early_fusion,rna_cnv_mutation,pax,logistic_l2,23,S18674,1,Sensitive,0,Resistant,0.19500838651046115
early_fusion,rna_cnv_mutation,pax,logistic_l2,23,S38807,1,Sensitive,1,Sensitive,0.8412862847810242
early_fusion,rna_cnv_mutation,pax,logistic_l2,23,S70620,1,Sensitive,1,Sensitive,0.560571791878578
early_fusion,rna_cnv_mutation,pax,logistic_l2,23,S71335,0,Resistant,1,Sensitive,0.6179295061605563
early_fusion,rna_cnv_mutation,pax,logistic_l2,23,S85277,1,Sensitive,1,Sensitive,0.8400106417679937
early_fusion,rna_cnv_mutation,pax,logistic_l1,23,REF022,1,Sensitive,1,Sensitive,0.5744921497519145
early_fusion,rna_cnv_mutation,pax,logistic_l1,23,REF023,1,Sensitive,0,Resistant,0.47514215677052296
early_fusion,rna_cnv_mutation,pax,logistic_l1,23,REF034,0,Resistant,1,Sensitive,0.5346621380758463
early_fusion,rna_cnv_mutation,pax,logistic_l1,23,REF037,0,Resistant,1,Sensitive,0.5358022307885053
early_fusion,rna_cnv_mutation,pax,logistic_l1,23,REF047,0,Resistant,0,Resistant,0.49085917043667915
early_fusion,rna_cnv_mutation,pax,logistic_l1,23,S108045,0,Resistant,0,Resistant,0.470789617811144
early_fusion,rna_cnv_mutation,pax,logistic_l1,23,S16720,0,Resistant,0,Resistant,0.498957125465743
early_fusion,rna_cnv_mutation,pax,logistic_l1,23,S18674,1,Sensitive,0,Resistant,0.4525039809889101
early_fusion,rna_cnv_mutation,pax,logistic_l1,23,S38807,1,Sensitive,1,Sensitive,0.5323270598073004
early_fusion,rna_cnv_mutation,pax,logistic_l1,23,S70620,1,Sensitive,0,Resistant,0.49182685711426866
early_fusion,rna_cnv_mutation,pax,logistic_l1,23,S71335,0,Resistant,0,Resistant,0.4999442784935272
early_fusion,rna_cnv_mutation,pax,logistic_l1,23,S85277,1,Sensitive,1,Sensitive,0.5692375477937752
early_fusion,rna_cnv_mutation,pax,svm_rbf,23,REF022,1,Sensitive,1,Sensitive,0.47552665396895843
early_fusion,rna_cnv_mutation,pax,svm_rbf,23,REF023,1,Sensitive,0,Resistant,0.5
early_fusion,rna_cnv_mutation,pax,svm_rbf,23,REF034,0,Resistant,1,Sensitive,0.4648384324924519
early_fusion,rna_cnv_mutation,pax,svm_rbf,23,REF037,0,Resistant,0,Resistant,0.48517305242076253
early_fusion,rna_cnv_mutation,pax,svm_rbf,23,REF047,0,Resistant,0,Resistant,0.4916541463725488
early_fusion,rna_cnv_mutation,pax,svm_rbf,23,S108045,0,Resistant,0,Resistant,0.4934739618978622
early_fusion,rna_cnv_mutation,pax,svm_rbf,23,S16720,0,Resistant,0,Resistant,0.48340937463034933
early_fusion,rna_cnv_mutation,pax,svm_rbf,23,S18674,1,Sensitive,0,Resistant,0.5
early_fusion,rna_cnv_mutation,pax,svm_rbf,23,S38807,1,Sensitive,1,Sensitive,0.4586448084913208
early_fusion,rna_cnv_mutation,pax,svm_rbf,23,S70620,1,Sensitive,1,Sensitive,0.4760905026407771
early_fusion,rna_cnv_mutation,pax,svm_rbf,23,S71335,0,Resistant,1,Sensitive,0.47454408848360996
early_fusion,rna_cnv_mutation,pax,svm_rbf,23,S85277,1,Sensitive,1,Sensitive,0.4488669056049493
early_fusion,rna_cnv_mutation,pax,random_forest,23,REF022,1,Sensitive,1,Sensitive,0.5228582987848472
early_fusion,rna_cnv_mutation,pax,random_forest,23,REF023,1,Sensitive,0,Resistant,0.35798735531574455
early_fusion,rna_cnv_mutation,pax,random_forest,23,REF034,0,Resistant,1,Sensitive,0.6136901534869901
early_fusion,rna_cnv_mutation,pax,random_forest,23,REF037,0,Resistant,0,Resistant,0.42053514304249967
early_fusion,rna_cnv_mutation,pax,random_forest,23,REF047,0,Resistant,0,Resistant,0.430045616657082
early_fusion,rna_cnv_mutation,pax,random_forest,23,S108045,0,Resistant,0,Resistant,0.45800326013426235
early_fusion,rna_cnv_mutation,pax,random_forest,23,S16720,0,Resistant,0,Resistant,0.49264058197189164
early_fusion,rna_cnv_mutation,pax,random_forest,23,S18674,1,Sensitive,0,Resistant,0.37318305994668793
early_fusion,rna_cnv_mutation,pax,random_forest,23,S38807,1,Sensitive,1,Sensitive,0.6372754257280631
early_fusion,rna_cnv_mutation,pax,random_forest,23,S70620,1,Sensitive,0,Resistant,0.485689972103386
early_fusion,rna_cnv_mutation,pax,random_forest,23,S71335,0,Resistant,1,Sensitive,0.5192280101600595
early_fusion,rna_cnv_mutation,pax,random_forest,23,S85277,1,Sensitive,1,Sensitive,0.6477863637546976
early_fusion,rna_cnv_mutation,pax,logistic_l2,24,REF002,1,Sensitive,1,Sensitive,0.7419051094837275
early_fusion,rna_cnv_mutation,pax,logistic_l2,24,REF003,0,Resistant,1,Sensitive,0.7118987606498046
early_fusion,rna_cnv_mutation,pax,logistic_l2,24,REF006,0,Resistant,1,Sensitive,0.723922616143047
early_fusion,rna_cnv_mutation,pax,logistic_l2,24,REF007,1,Sensitive,1,Sensitive,0.6470949809430645
early_fusion,rna_cnv_mutation,pax,logistic_l2,24,REF025,1,Sensitive,1,Sensitive,0.6849403919014181
early_fusion,rna_cnv_mutation,pax,logistic_l2,24,REF035,0,Resistant,0,Resistant,0.36726036332760553
early_fusion,rna_cnv_mutation,pax,logistic_l2,24,REF036,1,Sensitive,1,Sensitive,0.776225848113462
early_fusion,rna_cnv_mutation,pax,logistic_l2,24,S100534,0,Resistant,1,Sensitive,0.9265365742667112
early_fusion,rna_cnv_mutation,pax,logistic_l2,24,S100804,0,Resistant,0,Resistant,0.4892197713206827
early_fusion,rna_cnv_mutation,pax,logistic_l2,24,S241417,1,Sensitive,1,Sensitive,0.8127077690519566
early_fusion,rna_cnv_mutation,pax,logistic_l2,24,S71208,1,Sensitive,1,Sensitive,0.9296415669789775
early_fusion,rna_cnv_mutation,pax,logistic_l2,24,S73471,0,Resistant,1,Sensitive,0.7523121501496184
early_fusion,rna_cnv_mutation,pax,logistic_l1,24,REF002,1,Sensitive,1,Sensitive,0.9448978492166121
early_fusion,rna_cnv_mutation,pax,logistic_l1,24,REF003,0,Resistant,0,Resistant,0.43654141899066595
early_fusion,rna_cnv_mutation,pax,logistic_l1,24,REF006,0,Resistant,0,Resistant,0.24879048175428994
early_fusion,rna_cnv_mutation,pax,logistic_l1,24,REF007,1,Sensitive,0,Resistant,0.2336145276934622
early_fusion,rna_cnv_mutation,pax,logistic_l1,24,REF025,1,Sensitive,0,Resistant,0.3547462680522125
early_fusion,rna_cnv_mutation,pax,logistic_l1,24,REF035,0,Resistant,0,Resistant,0.43510661961369484
early_fusion,rna_cnv_mutation,pax,logistic_l1,24,REF036,1,Sensitive,0,Resistant,0.14899408709305806
early_fusion,rna_cnv_mutation,pax,logistic_l1,24,S100534,0,Resistant,1,Sensitive,0.9993070343983641
early_fusion,rna_cnv_mutation,pax,logistic_l1,24,S100804,0,Resistant,1,Sensitive,0.5180248415911362
early_fusion,rna_cnv_mutation,pax,logistic_l1,24,S241417,1,Sensitive,1,Sensitive,0.9716137709881348
early_fusion,rna_cnv_mutation,pax,logistic_l1,24,S71208,1,Sensitive,1,Sensitive,0.9964028568093528
early_fusion,rna_cnv_mutation,pax,logistic_l1,24,S73471,0,Resistant,0,Resistant,0.29758076613719664
early_fusion,rna_cnv_mutation,pax,svm_rbf,24,REF002,1,Sensitive,1,Sensitive,0.35411769016673544
early_fusion,rna_cnv_mutation,pax,svm_rbf,24,REF003,0,Resistant,1,Sensitive,0.3544074499208222
early_fusion,rna_cnv_mutation,pax,svm_rbf,24,REF006,0,Resistant,1,Sensitive,0.3488516695246264
early_fusion,rna_cnv_mutation,pax,svm_rbf,24,REF007,1,Sensitive,1,Sensitive,0.3555714169590385
early_fusion,rna_cnv_mutation,pax,svm_rbf,24,REF025,1,Sensitive,1,Sensitive,0.3494798905695225
early_fusion,rna_cnv_mutation,pax,svm_rbf,24,REF035,0,Resistant,1,Sensitive,0.3570441682528168
early_fusion,rna_cnv_mutation,pax,svm_rbf,24,REF036,1,Sensitive,1,Sensitive,0.3516882074459803
early_fusion,rna_cnv_mutation,pax,svm_rbf,24,S100534,0,Resistant,1,Sensitive,0.34359457637617935
early_fusion,rna_cnv_mutation,pax,svm_rbf,24,S100804,0,Resistant,1,Sensitive,0.3578087125768131
early_fusion,rna_cnv_mutation,pax,svm_rbf,24,S241417,1,Sensitive,1,Sensitive,0.3520694944620986
early_fusion,rna_cnv_mutation,pax,svm_rbf,24,S71208,1,Sensitive,1,Sensitive,0.34602539616023104
early_fusion,rna_cnv_mutation,pax,svm_rbf,24,S73471,0,Resistant,1,Sensitive,0.34665252807404046
early_fusion,rna_cnv_mutation,pax,random_forest,24,REF002,1,Sensitive,1,Sensitive,0.5467574678304815
early_fusion,rna_cnv_mutation,pax,random_forest,24,REF003,0,Resistant,1,Sensitive,0.5656276776934296
early_fusion,rna_cnv_mutation,pax,random_forest,24,REF006,0,Resistant,1,Sensitive,0.539027894723343
early_fusion,rna_cnv_mutation,pax,random_forest,24,REF007,1,Sensitive,1,Sensitive,0.5091883920813667
early_fusion,rna_cnv_mutation,pax,random_forest,24,REF025,1,Sensitive,1,Sensitive,0.5514905781303414
early_fusion,rna_cnv_mutation,pax,random_forest,24,REF035,0,Resistant,0,Resistant,0.43307013107444603
early_fusion,rna_cnv_mutation,pax,random_forest,24,REF036,1,Sensitive,1,Sensitive,0.5696428960308147
early_fusion,rna_cnv_mutation,pax,random_forest,24,S100534,0,Resistant,1,Sensitive,0.6898323486320377
early_fusion,rna_cnv_mutation,pax,random_forest,24,S100804,0,Resistant,0,Resistant,0.4676289834537763
early_fusion,rna_cnv_mutation,pax,random_forest,24,S241417,1,Sensitive,1,Sensitive,0.5121714175683505
early_fusion,rna_cnv_mutation,pax,random_forest,24,S71208,1,Sensitive,1,Sensitive,0.5902720052223482
early_fusion,rna_cnv_mutation,pax,random_forest,24,S73471,0,Resistant,1,Sensitive,0.5732807797075066
early_fusion,rna_cnv_mutation,pax,logistic_l2,25,INSB014,0,Resistant,1,Sensitive,0.8608344952840885
early_fusion,rna_cnv_mutation,pax,logistic_l2,25,REF001,0,Resistant,1,Sensitive,0.7370844005026777
early_fusion,rna_cnv_mutation,pax,logistic_l2,25,REF013,1,Sensitive,1,Sensitive,0.5385665037364936
early_fusion,rna_cnv_mutation,pax,logistic_l2,25,REF052,0,Resistant,0,Resistant,0.2951256791910025
early_fusion,rna_cnv_mutation,pax,logistic_l2,25,REF057,0,Resistant,1,Sensitive,0.5113245985499103
early_fusion,rna_cnv_mutation,pax,logistic_l2,25,S44205,0,Resistant,1,Sensitive,0.7540054927903908
early_fusion,rna_cnv_mutation,pax,logistic_l2,25,S48602,1,Sensitive,1,Sensitive,0.6838775000135553
early_fusion,rna_cnv_mutation,pax,logistic_l2,25,S53782,0,Resistant,1,Sensitive,0.6616653705174079
early_fusion,rna_cnv_mutation,pax,logistic_l2,25,S67455,1,Sensitive,1,Sensitive,0.8058914481598067
early_fusion,rna_cnv_mutation,pax,logistic_l2,25,S72877,1,Sensitive,0,Resistant,0.49827879578296663
early_fusion,rna_cnv_mutation,pax,logistic_l2,25,S73230,1,Sensitive,1,Sensitive,0.9131200621539789
early_fusion,rna_cnv_mutation,pax,logistic_l2,25,S73263,1,Sensitive,0,Resistant,0.21168741531545926
early_fusion,rna_cnv_mutation,pax,logistic_l1,25,INSB014,0,Resistant,0,Resistant,0.5
early_fusion,rna_cnv_mutation,pax,logistic_l1,25,REF001,0,Resistant,0,Resistant,0.5
early_fusion,rna_cnv_mutation,pax,logistic_l1,25,REF013,1,Sensitive,0,Resistant,0.5
early_fusion,rna_cnv_mutation,pax,logistic_l1,25,REF052,0,Resistant,0,Resistant,0.5
early_fusion,rna_cnv_mutation,pax,logistic_l1,25,REF057,0,Resistant,0,Resistant,0.5
early_fusion,rna_cnv_mutation,pax,logistic_l1,25,S44205,0,Resistant,0,Resistant,0.5
early_fusion,rna_cnv_mutation,pax,logistic_l1,25,S48602,1,Sensitive,0,Resistant,0.5
early_fusion,rna_cnv_mutation,pax,logistic_l1,25,S53782,0,Resistant,0,Resistant,0.5
early_fusion,rna_cnv_mutation,pax,logistic_l1,25,S67455,1,Sensitive,0,Resistant,0.5
early_fusion,rna_cnv_mutation,pax,logistic_l1,25,S72877,1,Sensitive,0,Resistant,0.5
early_fusion,rna_cnv_mutation,pax,logistic_l1,25,S73230,1,Sensitive,0,Resistant,0.5
early_fusion,rna_cnv_mutation,pax,logistic_l1,25,S73263,1,Sensitive,0,Resistant,0.5
early_fusion,rna_cnv_mutation,pax,svm_rbf,25,INSB014,0,Resistant,1,Sensitive,0.3513610119183365
early_fusion,rna_cnv_mutation,pax,svm_rbf,25,REF001,0,Resistant,1,Sensitive,0.3513442868226112
early_fusion,rna_cnv_mutation,pax,svm_rbf,25,REF013,1,Sensitive,1,Sensitive,0.3552878396561544
early_fusion,rna_cnv_mutation,pax,svm_rbf,25,REF052,0,Resistant,1,Sensitive,0.36094327824902567
early_fusion,rna_cnv_mutation,pax,svm_rbf,25,REF057,0,Resistant,1,Sensitive,0.3576624535178492
early_fusion,rna_cnv_mutation,pax,svm_rbf,25,S44205,0,Resistant,1,Sensitive,0.3570452938345657
early_fusion,rna_cnv_mutation,pax,svm_rbf,25,S48602,1,Sensitive,1,Sensitive,0.35272478474177343
early_fusion,rna_cnv_mutation,pax,svm_rbf,25,S53782,0,Resistant,1,Sensitive,0.34976668664278987
early_fusion,rna_cnv_mutation,pax,svm_rbf,25,S67455,1,Sensitive,1,Sensitive,0.347961366321161
early_fusion,rna_cnv_mutation,pax,svm_rbf,25,S72877,1,Sensitive,1,Sensitive,0.35157093126258354
early_fusion,rna_cnv_mutation,pax,svm_rbf,25,S73230,1,Sensitive,1,Sensitive,0.34378708095026883
early_fusion,rna_cnv_mutation,pax,svm_rbf,25,S73263,1,Sensitive,1,Sensitive,0.3598815006334468
early_fusion,rna_cnv_mutation,pax,random_forest,25,INSB014,0,Resistant,1,Sensitive,0.5594230599466878
early_fusion,rna_cnv_mutation,pax,random_forest,25,REF001,0,Resistant,1,Sensitive,0.5114542828112755
early_fusion,rna_cnv_mutation,pax,random_forest,25,REF013,1,Sensitive,0,Resistant,0.4590923073385738
early_fusion,rna_cnv_mutation,pax,random_forest,25,REF052,0,Resistant,0,Resistant,0.47080373070441445
early_fusion,rna_cnv_mutation,pax,random_forest,25,REF057,0,Resistant,1,Sensitive,0.5046107729009104
early_fusion,rna_cnv_mutation,pax,random_forest,25,S44205,0,Resistant,1,Sensitive,0.5268040171347761
early_fusion,rna_cnv_mutation,pax,random_forest,25,S48602,1,Sensitive,1,Sensitive,0.5130362745158084
early_fusion,rna_cnv_mutation,pax,random_forest,25,S53782,0,Resistant,1,Sensitive,0.587862784191913
early_fusion,rna_cnv_mutation,pax,random_forest,25,S67455,1,Sensitive,1,Sensitive,0.5795239559354235
early_fusion,rna_cnv_mutation,pax,random_forest,25,S72877,1,Sensitive,1,Sensitive,0.5161305820139283
early_fusion,rna_cnv_mutation,pax,random_forest,25,S73230,1,Sensitive,1,Sensitive,0.6199504492807997
early_fusion,rna_cnv_mutation,pax,random_forest,25,S73263,1,Sensitive,0,Resistant,0.4008417536715969
