batch.name,TGI,abc,angle,auc.control,auc.treatment,slope.control,slope.treatment,BR_median,BAR_median,mRECIST,n_replicates
01-1104.BMN-673,0.5805156518218761,4088.0644395694453,3.78255289408174,12493.923635694446,8405.859196125,29.837671481945815,10.015021877011767,30.32536227777739,66.91071382011599,PD,2
01-1104.CARBOPLATIN,0.27666951649425,3520.6806111111127,1.9290125471268722,12493.923635694446,8973.243024583333,29.837671481945815,14.86525515667733,30.603507139577246,43.4580784925916,PD,3
01-1104.CDX-011,0.6547183032414741,5987.010997944446,13.683674554462039,12493.923635694446,6506.91263775,29.837671481945815,3.5808240060483874,53.23579231137816,60.747907171532376,PD,1
01-1104.CFI-400945,0.7772641316807453,7537.611892373017,19.1398637039013,12493.923635694446,4956.311743321428,29.837671481945815,2.597039039431312,-21.88667777849401,-10.84371255769504,SD,7
01-1104.CFI-400945-41.6WEEKLY,0.8934311890897009,9668.058036694445,150.71257324491305,12493.923635694446,2825.8655989999997,29.837671481945815,-1.9318441879581154,-21.12961160812671,-9.463080388741673,SD,1
01-1104.CFI-400945-52WEEKLY,0.8414097131574299,5094.029851444446,22.788774511783416,12493.923635694446,7399.89378425,29.837671481945815,2.1733260018783636,-58.33906517992598,-50.14348736882076,PR,4
01-1104.CFI-400945-5DAILY,0.5900844137639414,5499.154768694445,5.101730290416356,12493.923635694446,6994.768867000001,29.837671481945815,8.119436533639082,45.08343358357494,88.0356089835102,PD,4
01-1104.CFI-402257,0.6660042481652578,2763.1507598611115,3.4818123039930544,12493.923635694446,9730.772875833334,29.837671481945815,10.576247973023833,3.3422252838084088,31.798983464030496,PD,3
01-1104.CFI-402257-2ON5OFF+PACLITAXEL-15DAILY,0.7608340931275002,6927.863348319446,21.369851392447142,12493.923635694446,5566.0602873749995,29.837671481945815,2.3231589423589334,2.2457572285559113,9.61080259223962,SD,2
01-1104.CX-5461,0.6545762143566269,1948.0570867777787,6.226447808836534,12493.923635694446,10545.866548916667,29.837671481945815,6.986171814707418,24.78633509546382,38.28060226159238,PD,3
01-1104.ERIBULIN-EXTRALOW,0.8578894181210699,6398.059877444446,160.34070560969968,12493.923635694446,6095.86375825,29.837671481945815,-3.1259225229852436,-97.73621931715523,-80.13078260939382,CR,1
01-1104.ERIBULIN-LOW,0.9529844571448263,10035.699946694445,160.203615895208,12493.923635694446,2458.2236890000004,29.837671481945815,-3.1003414503918485,-96.62510961643966,-96.62510961643966,CR,1
01-1104.EVEROLIMUS,0.574554874816904,6228.269850694446,4.684455811301902,12493.923635694446,6265.6537849999995,29.837671481945815,8.637483114900085,31.412375112548464,46.09198957779543,PD,1
01-1104.PACLITAXEL,0.575927341493939,4456.252694194447,5.369637623953036,12493.923635694446,8037.670941499999,29.837671481945815,7.817947065161829,19.122095357460452,50.98565188388037,PD,2
01-1104.PACLITAXEL-15DAILY,0.7679719213100775,7242.465729069446,25.918977734908484,12493.923635694446,5251.457906625,29.837671481945815,1.8935827857366758,-11.461389709770659,1.5394487782886213,SD,2
100534.ABT-263,0.41298286854608035,2789.0484326000005,7.729444950281883,6240.1713486,3451.1229159999993,8.704756127237895,3.928071189937107,17.072996356633663,33.80076086142167,PD,1
100534.BMN-673,0.8329386867296301,2249.9487679333333,163.20607467172886,6240.1713486,3990.2225806666665,8.704756127237895,-5.535296986177017,-98.31416630331331,-98.31416630331331,CR,3
100534.CARBOPLATIN,0.615181083710816,2060.1892563499996,47.724746217865416,6240.1713486,4179.98209225,8.704756127237895,0.7191515504698911,-79.73462329538705,-43.91812169942562,PR,2
100534.CDX-011,0.44990243529386387,1828.7926506000003,25.110341309016384,6240.1713486,4411.3786979999995,8.704756127237895,1.6214325216049383,-23.230647674464443,-5.425644132629692,SD,1
100534.CFI-400945,0.4826869067098829,1114.5058398500005,9.55279302108647,6240.1713486,5125.665508749999,8.704756127237895,3.4631774046992825,2.8600073450460783,9.214352286586491,SD,5
100534.CFI-400945+ABT-263,0.6027933465663506,3472.25235085,120.8854221077473,6240.1713486,2767.91899775,8.704756127237895,-0.7656317993710688,-17.525937939022196,-6.792905008563677,SD,1
100534.CFI-400945-52WEEKLY,0.678538308009078,2594.07471135,55.95972075082598,6240.1713486,3646.0966372499997,8.704756127237895,0.5202761374801901,6.899727440250558,13.85676903422295,SD,2
100534.CFI-402257,0.31006321655115787,1202.4085590999994,4.781025360974219,6240.1713486,5037.7627895000005,8.704756127237895,4.988911413241391,31.127405000163776,67.57845049123105,PD,2
100534.CFI-402257+PACLITAXEL,0.9143632136505329,4095.0368976,158.38922158848055,6240.1713486,2145.134451,8.704756127237895,-3.717155460416667,-88.74820130621382,-78.46878027732272,PR,1
100534.CFI-402257-3ON4OFF,0.121944620362326,1504.9185755999997,9.685980349629117,6240.1713486,4735.252773,8.704756127237895,3.4332142013086977,-24.42492788131797,5.242816027414987,SD,1
100534.CFI-402257-3ON4OFF+PACLITAXEL,0.4838322987273071,2179.6286585999997,10.618999104698911,6240.1713486,4060.54269,8.704756127237895,3.2359966334777317,-42.7409075103742,6.408160204806979,SD,2
100534.CX-5461,0.3474096786646691,794.8974528499994,8.622920530951944,6240.1713486,5445.2738957500005,8.704756127237895,3.686633882231405,31.34952255995921,45.904845010768426,PD,2
100534.ERIBULIN-EXTRALOW,0.1936501748774362,215.50528959999974,5.90157696785574,6240.1713486,6024.666059,8.704756127237895,4.527544100633914,16.032546854401296,27.82197931205552,SD,2
100534.ERIBULIN-LOW,0.8188954339502794,1828.3174306,161.09721660092052,6240.1713486,4411.853918,8.704756127237895,-4.5674948303644936,-98.51667093327731,-89.53575686716542,CR,2
100534.PACLITAXEL,0.13505454189260013,-1179.3321553999995,7.893696990449423,6240.1713486,7419.503503999999,8.704756127237895,3.8814957526881715,1.3081468305276012,24.592321306453478,SD,1
100672.CARBOPLATIN,0.5463002390883365,2075.6308363749995,140.74267655183337,5569.932521375,3494.3016850000004,6.512747857407424,-1.6957664285714287,-82.30742083718077,-74.00222930183406,PR,1
100672.CDX-011,0.38292676421885374,1031.031695374999,5.297212248630481,5569.932521375,4538.900826000001,6.512747857407424,4.002887273943833,5.303583538211076,18.56937532351539,SD,3
100672.CFI-400945,0.20922572839789622,-1477.2410936249998,4.120116542081144,5569.932521375,7047.173615,6.512747857407424,4.38400888083257,31.08761765454404,38.79137912777466,PD,1
100672.CFI-400945-41.6WEEKLY,0.0594834005981244,-3180.7505336249997,10.551094296959542,5569.932521375,8750.683055,6.512747857407424,2.858686146666665,57.65570934256055,75.82205345970361,PD,1
100672.CFI-400945-52WEEKLY,-0.2233009982395291,-963.9535521250009,-2.038380252639162,5569.932521375,6533.886073500001,6.512747857407424,8.524243995199694,83.17074765542709,117.35759384928986,PD,1
100672.CFI-402257-3ON4OFF,0.29617288647518303,1526.5026276249996,11.17756341425268,5569.932521375,4043.4298937500002,6.512747857407424,2.761434903144941,-5.1666962962962915,1.877461508916345,SD,1
100672.CFI-402257-3ON4OFF+PACLITAXEL,0.7884345414888885,3321.1459244999996,149.71005396065442,5569.932521375,2248.786596875,6.512747857407424,-2.5307898308117682,-79.61087524865246,-71.4552310305889,PR,2
100672.CX-5461,0.25617271609856895,360.6238778749994,5.990353614429151,5569.932521375,5209.3086435000005,6.512747857407424,3.8064514431438115,-30.233260799457597,-25.183505844351927,SD,1
100672.ERIBULIN,1.0,4734.201158375,156.0098569220309,5569.932521375,835.7313630000001,6.512747857407424,-3.6652257580645147,-100.0,-99.82100966244255,CR,1
100672.ERIBULIN-EXTRALOW,0.7271233040771148,2600.811603875,132.6080624420368,5569.932521375,2969.1209175,6.512747857407424,-1.249873770849571,-26.813755515324246,-24.3330939700216,SD,1
100672.PACLITAXEL,0.4171527297274257,-35.997577625000304,155.66992908102443,5569.932521375,5605.930099,6.512747857407424,-3.581413114285714,-94.29461468680287,-86.83322841763675,PR,1
100804.CDX-011,0.3796019674820743,716.8018200000015,48.29477108977664,5309.468136000001,4592.666316,4.066088789614491,0.529211667194929,9.095740698138744,13.01122347182675,SD,1
100804.CFI-400945,0.6177248859227495,1890.0823360000013,149.29522783062134,5309.468136000001,3419.3858,4.066088789614491,-3.2938968495702015,-91.49659863945578,-73.43288653733097,PR,1
100804.CFI-400945-41.6WEEKLY,0.6513747550360793,2450.4905987500015,135.81458609834405,5309.468136000001,2858.97753725,4.066088789614491,-1.7066077066219618,-49.36788186947685,-46.460664459700176,SD,1
100804.CFI-400945-52WEEKLY,0.9980860324582099,3983.2856710000015,154.16620732288212,5309.468136000001,1326.182465,4.066088789614491,-4.697824469544648,-99.5982903236173,-92.63532259965078,CR,1
100804.CFI-400945-5DAILY,0.29652276118910215,161.18084250000175,26.670701621938395,5309.468136000001,5148.2872935,4.066088789614491,1.1713621792301527,-18.78275357607282,-6.396614435176906,SD,1
100804.CFI-402257-3ON4OFF+PACLITAXEL,0.5070614875470574,3731.3126360000015,46.51127070222449,5309.468136000001,1578.1554999999998,4.066088789614491,0.5697381656804738,-26.570451603654654,-8.990753740877055,SD,1
100804.ERIBULIN,1.0,3966.881588000001,152.63385590596235,5309.468136000001,1342.5865480000002,4.066088789614491,-4.149589257097792,-100.0,-98.53949302151509,CR,1
100804.PACLITAXEL,0.18877940356560674,-823.2874127499981,37.37233972203191,5309.468136000001,6132.755548749999,4.066088789614491,0.8043295077535626,-4.192266267167022,-0.6585336396894514,SD,1
100804.PACLITAXEL-15DAILY,0.2576105761252838,232.0858360000011,7.621346534823375,5309.468136000001,5077.3823,4.066088789614491,2.5466920912052124,23.263623876496766,35.38764619228208,PD,1
104987.BMN-673,-0.3871678920114394,-1779.1860210000004,-1.1949033339829482,6374.12135325,8153.30737425,16.981290435483878,26.327107940489434,5.127430390507071,127.35973968372227,PD,1
104987.CARBOPLATIN,0.20386282293225744,88.95743849999963,1.4078321187007854,6374.12135325,6285.16391475,16.981290435483878,11.963788780311457,71.36622154855867,116.94636882633374,PD,1
104987.CFI-400945,0.11412485204055378,1975.17438175,0.14857300376372543,6374.12135325,4398.9469715,16.981290435483878,16.26258917630701,14.817331197702476,131.42344104178875,PD,1
104987.CFI-400945-52WEEKLY,0.3417600425843993,2241.5713262499994,3.2383077696465246,6374.12135325,4132.550027,16.981290435483878,8.631572842046719,22.148406533954713,62.08824067318732,PD,1
108045.CARBOPLATIN,0.4089638790507132,11134.575100499998,0.45380466882589354,21398.08456425,10263.50946375,45.07969504338353,33.21290596718577,70.17719181708395,183.51306565017228,PD,1
108045.CDX-011,0.6000460586358166,6979.979231749998,7.794840809728399,21398.08456425,14418.105332500001,45.07969504338353,6.267286457372113,-44.793500943304856,-11.058336581880802,SD,1
108045.CFI-400945,0.8752715077879742,15256.055909249999,119.00531093782197,21398.08456425,6142.028655,45.07969504338353,-0.5837931764089808,-77.05396197004632,-47.13609914380501,PR,2
108045.CFI-400945-5DAILY,0.5180600193833758,9342.815581149998,2.0029693156133614,21398.08456425,12055.2689831,45.07969504338353,17.482527000733675,129.418029505803,152.30091917577374,PD,1
108045.CFI-402257-3ON4OFF+PACLITAXEL,0.9668994454715754,17958.22768925,171.06806881121634,21398.08456425,3439.8568749999995,45.07969504338353,-7.434119045195444,-98.47603445114619,-92.71442869944622,CR,1
108045.CX-5461,0.7321264065764446,15102.689424,3.954655192300629,21398.08456425,6295.39514025,45.07969504338353,10.934368511080333,-0.9175326525706406,57.85863514154239,PD,1
108045.ERIBULIN-LOW,0.9452097335160231,16473.542949249997,167.962671658898,21398.08456425,4924.541615,45.07969504338353,-5.258862828571431,-64.0886775628836,-53.7277065927417,PR,1
108045.PACLITAXEL,0.8471737742423746,15668.040021249999,12.530732696083541,21398.08456425,5730.044543,45.07969504338353,4.070806686058173,-1.893119126787668,41.938644722850846,PD,1
108099.BMN-673,-0.22748440929014346,-1904.925228,122.79647466442255,3448.9019630000003,5353.827191,3.635256855939717,-1.1175432569362607,-45.29366877273823,-36.440970240094096,SD,2
108099.CARBOPLATIN,0.15652853747439832,-2443.4182010000004,92.83268744299077,3448.9019630000003,5892.320164000001,3.635256855939717,-0.3290424165946414,-42.8084359268745,-30.406495333980978,SD,1
108099.CDX-011,0.01656415775866993,-2210.6497872499995,80.57797408385292,3448.9019630000003,5659.55175025,3.635256855939717,-0.10437524351771782,-28.326345916052542,-18.788130329469833,SD,1
108099.CFI-400945,-0.2940828758769718,-926.0560850000002,-0.7225327004008546,3448.9019630000003,4374.958048,3.635256855939717,3.82314038239719,-10.833153852203736,13.451016338728117,SD,1
108099.CFI-400945-52WEEKLY,0.3407951975896359,138.0863115000002,41.66078896427804,3448.9019630000003,3310.8156515,3.635256855939717,0.6483783020824709,-64.39621609008688,-47.77431245472822,PR,2
108099.CFI-402257,-0.06252686453004103,267.77714462500035,-0.23354313853022987,3448.9019630000003,3181.124818375,3.635256855939717,3.6940707574097633,-28.248652314293615,-2.563953219534143,SD,2
108099.CFI-402257+PACLITAXEL,-0.5336793994405518,-1401.7092357500005,0.053183463465543056,3448.9019630000003,4850.611198750001,3.635256855939717,3.622106400182316,-32.72405018299682,-17.439118403694962,SD,1
108099.CFI-402257-3ON4OFF+PACLITAXEL,0.7675083114741357,2127.112165,149.19386105690165,3448.9019630000003,1321.7897980000002,3.635256855939717,-3.6241939644048937,-73.79664489948499,-64.68865891332317,PR,1
108099.CX-5461,-0.619970131738623,-3578.5695697499996,0.5474896451804648,3448.9019630000003,7027.47153275,3.635256855939717,3.5039806875626858,3.313646822406091,8.058434148760728,SD,1
108099.ERIBULIN-EXTRALOW,-0.8905772516590764,-4407.935882749999,-6.8195212199127075,3448.9019630000003,7856.837845749999,3.635256855939717,6.642620692114859,61.915147892087674,84.63721200402804,PD,1
108099.PACLITAXEL,0.044446457322651955,-594.7608994999996,22.62862968059744,3448.9019630000003,4043.6628625,3.635256855939717,1.2795116190360267,8.022653609617159,13.654891970012685,SD,1
16720.ADC-CONTROL,0.869008533491837,4385.009640541666,161.56023194248567,6763.698935458332,2378.6892949166663,9.09556035012077,-4.6386435855002475,-83.14233604773017,-80.68132433815259,PR,3
16720.AZD-5305,0.967671446077104,4917.614375895832,154.31901469146325,6763.698935458332,1846.0845595624999,9.09556035012077,-2.8385673139603127,-97.84795784177061,-97.20763665256405,CR,4
16720.AZD-8205,0.9987573195185174,5747.3510749083325,162.98707690127748,6763.698935458332,1016.3478605499998,9.09556035012077,-5.272771525841329,-100.0,-100.0,CR,5
16720.BMN-673,0.4836507836012563,1846.230217458332,27.832789350389422,6763.698935458332,4917.468718,9.09556035012077,1.4766105662194138,12.552793678517977,14.909400568717468,SD,2
16720.CARBOPLATIN,-0.11960057878290797,-294.5172004583346,-1.004071006123603,6763.698935458332,7058.216135916667,9.09556035012077,10.841298489940263,21.45249181893587,89.62214970067417,PD,3
16720.CDX-011,0.741846033966106,3851.2953537083317,77.9927191840541,6763.698935458332,2912.4035817500003,9.09556035012077,0.10039794001874469,-9.673130807569363,4.3281070694553,SD,1
16720.CFI-400945,-0.04505620919692843,-1029.873749041668,-0.6800201475647591,6763.698935458332,7793.5726845,9.09556035012077,10.209625445590483,26.45479807745317,61.10275153078679,PD,3
16720.CFI-400945-52WEEKLY,0.3638701317178181,2636.826492708332,3.7419016582294873,6763.698935458332,4126.87244275,9.09556035012077,5.662026431894386,30.230069846650686,66.86862135187452,PD,1
16720.CFI-402257,0.2152432098931919,2288.166943958332,3.8704130191305457,6763.698935458332,4475.5319915,9.09556035012077,5.588807620457082,-20.867087265587802,20.23146984602868,SD,3
16720.CFI-402257-3ON4OFF,0.5227294486607957,3008.9404307083323,3.6329463491948397,6763.698935458332,3754.7585047499997,9.09556035012077,5.72557583021188,0.4983828022306458,8.441775355444259,SD,3
16720.CFI-402257-3ON4OFF+PACLITAXEL,0.42374276561752233,2308.052693874998,4.094720822383263,6763.698935458332,4455.646241583334,9.09556035012077,5.46531280002477,-2.165573113441188,29.508689297236334,SD,3
16720.CX-5461,0.40398914650820617,2360.0322278333324,7.448730121946739,6763.698935458332,4403.666707625,9.09556035012077,4.095068437152336,44.04155580230183,51.939022603171935,PD,2
16720.ERIBULIN,0.3357841461220059,2494.938822708332,3.297401877026403,6763.698935458332,4268.76011275,9.09556035012077,5.9302828977368005,-6.243373263389129,29.126132072563383,SD,1
16720.PACLITAXEL,0.23609956874960997,1193.3620783333326,3.952853218869837,6763.698935458332,5570.336857124999,9.09556035012077,5.542796492036882,47.514988523602554,59.221474759296285,PD,2
17518.CFI-400945,0.7520844361301735,6127.0466686041655,8.427560791741907,16544.491051416666,10417.4443828125,59.18103463771738,6.043382045666813,1.8311337860725307,13.623718365356265,SD,4
17518.PACLITAXEL,0.8455669433939275,14331.948541791666,5.697834646731991,16544.491051416666,2212.542509625,59.18103463771738,8.556556829677264,6.372085362429367,16.785548791758718,SD,2
178200.ADC-CONTROL,-0.5649874595015774,-1797.360269499999,-1.130898643394312,10839.48328525,12636.84355475,30.8122853952902,78.70310911614173,145.39656781669916,200.50325733614446,PD,1
178200.AZD-5305,0.502655569472612,5308.714347500001,2.7566289792848413,10839.48328525,5530.768937749999,30.8122853952902,12.386945708902843,-1.436328319734359,9.665979447303474,SD,3
178200.AZD-8205,0.3898889751037596,5189.137963250001,1.6937299192746598,10839.48328525,5650.345321999999,30.8122853952902,16.107223846040824,-8.297564373917798,20.955010782306612,SD,2
178200.BMN-673,0.6568180765695839,6617.012650375,26.175237117540817,10839.48328525,4222.4706348750005,30.8122853952902,1.8780295308584014,-3.7063273403626127,30.025041657266197,PD,2
178200.CARBOPLATIN,0.279208492553471,1415.5338185000019,0.2231983577659509,10839.48328525,9423.949466749998,30.8122853952902,27.506722466718873,-0.8395729266773122,62.734719999662424,PD,1
178200.CDX-011,0.3136053721861406,-2073.967936500001,1.6314899287310354,10839.48328525,12913.451221750001,30.8122853952902,16.39517933918129,106.66769856415885,149.4110625517482,PD,1
178200.CFI-400945,-0.08755287236352305,-217.61320524999974,-0.19662777984757754,10839.48328525,11057.0964905,30.8122853952902,34.45954082560976,75.45922221100294,143.74168698294042,PD,1
178200.CX-5461,0.6691001275911015,5638.71264175,5.688412377944418,10839.48328525,5200.7706435,30.8122853952902,7.547630103286385,23.81238201030975,69.69451570290708,PD,1
178200.DATOPOTAMAB-DERUXTECAN,0.949609055180584,8212.70085775,169.54579464951703,10839.48328525,2626.7824275,30.8122853952902,-6.615825662273122,-83.07037221021132,-77.03271694093971,PR,1
178200.SACITUZAMAB-GOVITECAN,0.5025318984022534,4186.83658325,4.645382382548161,10839.48328525,6652.646702,30.8122853952902,8.771115384183235,-15.902272435530795,58.956377353130286,PD,1
178200.TRASTUZUMAB-CONTROL,-0.4154946160226767,-2532.1879582500005,-0.7773527506719867,10839.48328525,13371.6712435,30.8122853952902,52.97149800611792,54.24295462227331,225.8363356953518,PD,1
178200.TRASTUZUMAB-DERUXTECAN,-0.960616332438917,-9338.398354,-0.6522880369087204,10839.48328525,20177.88163925,30.8122853952902,47.47946016017797,16.20066484081699,70.58580338049683,PD,1
18674.BMN-673,0.7226461812491276,6187.755146681819,85.96107489472386,10046.96574193182,3859.21059525,10.548012579177136,-0.024034164263322815,-53.9661280278505,-27.602537706175468,PR,1
18674.CARBOPLATIN,0.8090323842675543,7019.999011931819,130.77316713554632,10046.96574193182,3026.96673,10.548012579177136,-1.0423854362668339,-59.40137938380422,-51.8487505505853,PR,1
18674.CFI-400945,0.7732259563177208,4700.00338459091,90.68499821649807,10046.96574193182,5346.962357340909,10.548012579177136,-0.10688178234496103,-66.32831450887757,-55.91310765750054,PR,11
18674.CFI-400945-2ON5OFF,0.1764314428725713,3318.182267056819,1.7141450809777603,10046.96574193182,6728.783474875,10.548012579177136,7.99450728571429,50.38586089093282,82.81374961452093,PD,4
18674.CFI-400945-5DAILY,0.8879510913267619,7891.399966306819,149.45804090625342,10046.96574193182,2155.565775625,10.548012579177136,-2.132228538351608,-60.39532245948992,-59.245719976650136,PR,2
18674.CFI-400945-6DAILY,0.9922115782274312,9184.322185931818,160.66884179382,10046.96574193182,862.643556,10.548012579177136,-4.036147426934097,-96.87042789074664,-96.87042789074664,CR,1
18674.CFI-402257-3ON4OFF,0.6664047901595609,5378.510819015152,133.94944769837235,10046.96574193182,4668.454922916667,10.548012579177136,-1.1652853955851616,-23.709528816649307,-13.915237779140377,SD,3
18674.CX-5461,0.7645911190470436,5666.029385681819,150.34651982795452,10046.96574193182,4380.93635625,10.548012579177136,-2.2211842709051046,-67.19437257211712,-48.60077075981396,PR,1
18674.ERIBULIN-LOW,0.9168731541381211,7759.711104681819,161.77867634598988,10046.96574193182,2287.25463725,10.548012579177136,-4.399523396962106,-97.1175025304004,-97.1175025304004,CR,1
18674.PACLITAXEL,0.9737140765175804,7494.1645181818185,165.20174887032925,10046.96574193182,2552.80122375,10.548012579177136,-6.051958555941627,-97.13707941124396,-97.13707941124396,CR,1
20710.BMN-673,0.4251168771275723,192.40691593750034,43.157020461295254,5708.2546121875,5515.84769625,3.8310192541892754,0.6300664395877082,-10.876016985888493,-7.61723284467124,SD,1
20710.CARBOPLATIN,0.19414868487874448,-626.6507225625,8.03395038426975,5708.2546121875,6334.90533475,3.8310192541892754,2.394887337395544,-8.883405499125558,-1.681734116697231,SD,2
20710.CFI-400945,0.651036580740544,3049.1170496041673,96.65616640630205,5708.2546121875,2659.137562583333,3.8310192541892754,-0.3895920576878349,-40.77387044652151,-35.160008605812585,SD,3
20710.CFI-402257+PACLITAXEL-40DAILY,0.7290739017075201,3612.7380854375006,137.56426377843775,5708.2546121875,2095.5165267499997,3.8310192541892754,-1.8961545921858152,-57.725680896015945,-52.560941940965385,PR,2
20710.CFI-402257-3ON4OFF,0.5430479146553373,3191.0985715625,33.544176687866546,5708.2546121875,2517.156040625,3.8310192541892754,0.8949356803907884,-19.53315106345217,-12.236131796123555,SD,2
20710.CFI-402257-3ON4OFF+PACLITAXEL,0.6658539166641033,2490.2584647708336,118.6086453564538,5708.2546121875,3217.9961474166666,3.8310192541892754,-0.940310450165425,-36.083107497741636,-31.303097199282316,SD,3
20710.CX-5461,0.729725743227182,3016.9660854375,72.32100662933398,5708.2546121875,2691.28852675,3.8310192541892754,0.05327704528861488,-26.103093572016235,-21.216280255875365,SD,1
20710.ERIBULIN,0.5190931948439289,1461.6359546875,30.386379869617752,5708.2546121875,4246.6186575,3.8310192541892754,0.999451884553958,-3.0857525106659067,2.6878998098919693,SD,1
20710.PACLITAXEL,0.5763331935226358,2039.8388659375,86.39148469295338,5708.2546121875,3668.41574625,3.8310192541892754,-0.19475728872048662,-29.962072552193263,-20.870804085870574,SD,3
20710.PACLITAXEL-40DAILY,0.6056685461883863,1791.9832459375002,152.86498837923702,5708.2546121875,3916.27136625,3.8310192541892754,-4.508591471597632,-61.652111575978026,-59.26324078522662,PR,2
23223.CFI-400945,0.2952889331109152,740.9826339045458,4.013786452240514,3606.1796667000003,2865.1970327954546,-0.5877605140854343,-0.6862308929157286,-35.16066960130981,-25.316721492845694,SD,11
241417.ADC-CONTROL,0.6028052596090174,2243.5854171562505,16.52154507877868,7478.996264156251,5235.410847,10.318368133273388,2.468008521442516,5.359508598975916,19.05672298143901,SD,2
241417.AZD-5305,0.8003954855854967,4870.259249406251,28.748294637253412,7478.996264156251,2608.7370147499996,10.318368133273388,1.4668358021903323,-41.802045060013945,-39.807947845625925,SD,1
241417.AZD-8205,0.9044543021444269,5320.885838572918,93.02530737149664,7478.996264156251,2158.110425583333,10.318368133273388,-0.15053629642709465,-65.22586308490318,-59.368655995076466,PR,3
241417.BMN-673,0.5606106260859101,3245.0772991062504,9.655923159095883,7478.996264156251,4233.91896505,10.318368133273388,3.6827884019557984,-11.48154677710177,-8.231523565607645,SD,5
241417.CARBOPLATIN,0.35174782832589946,1671.0826831562508,14.08661825482066,7478.996264156251,5807.913581,10.318368133273388,2.804898268263489,6.161720219360689,17.561486059830873,SD,2
241417.CDX-011,0.9256106369856951,4842.08490190625,165.95463081291862,7478.996264156251,2636.9113622500004,10.318368133273388,-6.683286938803375,-95.09562422736259,-89.91374335893876,CR,2
241417.CFI-400945,0.7300860071857114,2615.6759036840276,46.66843389950382,7478.996264156251,4863.320360472223,10.318368133273388,0.7755693441432499,-31.690664078097285,-25.306642474077854,SD,9
241417.CFI-400945-41.6WEEKLY,0.3433244760805254,1244.5280491562507,6.691921157887064,7478.996264156251,6234.468215,10.318368133273388,4.614487305015352,-18.571134811180347,22.54356304122076,SD,1
241417.CFI-400945-52WEEKLY,0.7861148491459299,5246.085336906251,130.5136308342515,7478.996264156251,2232.91092725,10.318368133273388,-1.0373091620570445,-72.08784043839536,-54.063667781335845,PR,1
241417.CFI-400945-5DAILY,0.1904568643244715,1436.6362609895832,11.048045441917239,7478.996264156251,6042.360003166667,10.318368133273388,3.357953816819144,14.70436726340829,18.165817173384102,SD,3
241417.CFI-402257,0.5721472539556316,1634.0457556205356,4.214264347094602,7478.996264156251,5844.950508535715,10.318368133273388,5.819796207559414,7.889012934734851,46.54597146480264,PD,7
241417.CFI-402257-2ON5OFF,0.4199602072351196,1972.8611479062502,7.4403412067967345,7478.996264156251,5506.1351162500005,10.318368133273388,4.339821138729702,1.7455256497201477,22.981836551177537,SD,1
241417.CX-5461,0.7226094856586179,4067.286202156251,128.70044003130766,7478.996264156251,3411.7100619999997,10.318368133273388,-0.97367896534653,-26.017794543250766,-16.111556198146342,SD,2
241417.DATOPOTAMAB-DERUXTECAN,0.9581559833044535,6010.74424265625,158.23260765131906,7478.996264156251,1468.2520215,10.318368133273388,-3.434886598076924,-94.12179182950814,-94.12179182950814,PR,1
241417.ERIBULIN-EXTRALOW,0.8384530372102632,4811.960904906251,140.48706037459095,7478.996264156251,2667.0353592499996,10.318368133273388,-1.4838213249391354,-70.92728667811103,-67.24406577904149,PR,1
241417.ERIBULIN-LOW,0.8438774956132608,3856.2020404062505,157.42315555285063,7478.996264156251,3622.79422375,10.318368133273388,-3.2624323824233716,-58.03523158139934,-48.46119278700372,PR,1
241417.EVEROLIMUS,0.8005931427723609,4623.56296940625,140.21966941966932,7478.996264156251,2855.43329475,10.318368133273388,-1.4689819943661977,-64.30574777970638,-58.388801325788386,PR,1
241417.FLUVASTATIN+TERBINIFINE,-1.1276672078727228,-3970.843983968749,-3.0179016449232847,7478.996264156251,11449.840248125,10.318368133273388,22.743395539950576,64.77977413429062,81.93626069908514,PD,2
241417.PACLITAXEL,0.8362967394782448,5245.987403906251,149.36639629054957,7478.996264156251,2233.00886025,10.318368133273388,-2.134956048768438,-92.55225592895353,-87.28440009594162,PR,2
241417.PACLITAXEL-15DAILY,0.8101527849826088,4441.704059156251,154.23025810974138,7478.996264156251,3037.292205,10.318368133273388,-2.7129171858137506,-76.24906959441219,-75.70391894211218,PR,1
241417.PALBOCICLIB-45DAILY,0.05295316434720565,-1974.2585958437485,4.640531142221459,7478.996264156251,9453.25486,10.318368133273388,5.571133578571432,41.675234180775924,55.929790994466465,PD,1
241417.PEG400,0.5817581341643232,4487.798840906251,13.7750705345562,7478.996264156251,2991.1974232499997,10.318368133273388,2.8538626216021417,-11.720891916564103,4.188617912052878,SD,2
241417.PQ-1-6,0.9581559833044535,6131.564701739584,160.07223335090083,7478.996264156251,1347.4315624166666,10.318368133273388,-3.8969284197004135,-85.7839452849959,-79.99221928999421,PR,3
241417.PQ-1-6-VEHICLE,-0.1746593009163253,1160.7800468229161,2.0144806440967815,7478.996264156251,6318.2162173333345,10.318368133273388,7.544882169754511,28.752676185581215,82.70791828748432,PD,3
241417.SACITUZAMAB-GOVITECAN,0.9129754304899798,4944.672252406251,158.11023421605364,7478.996264156251,2534.32401175,10.318368133273388,-3.407750466890193,-67.88846590974984,-48.62943227418458,PR,1
241417.TRASTUZUMAB-CONTROL,0.7565410498611368,1007.3586121562503,166.99765064760226,7478.996264156251,6471.637652,10.318368133273388,-7.62987200325733,-72.38865980637641,-70.78330400174208,PR,1
241417.TRASTUZUMAB-DERUXTECAN,0.9147179710979111,4746.125065656251,158.38139346179716,7478.996264156251,2732.8711985,10.318368133273388,-3.468420822908673,-82.2152692268353,-73.60212707751343,PR,1
28077.BMN-673,0.5806370982782516,2618.926351178572,37.37653614038101,5684.205141678572,3065.2787904999996,4.616542713900957,0.8511063072884009,3.811138803804437,5.816817704961008,SD,1
28077.CARBOPLATIN,0.36489903627353437,1730.8468784285715,4.320208227699771,5684.205141678572,3953.35826325,4.616542713900957,3.36680166606583,1.3261150895386153,11.36537986484447,SD,1
28077.CFI-400945,0.8912693259756684,2573.769185428572,157.61906565802508,5684.205141678572,3110.4359562499994,4.616542713900957,-5.580796501877226,-99.77436242821065,-99.67816647190693,CR,6
28077.CFI-400945-41.6WEEKLY,0.8912693259756684,3532.4993781785715,156.89791786739053,5684.205141678572,2151.7057635,4.616542713900957,-5.202738562330623,-100.0,-100.0,CR,1
28077.CFI-400945-5DAILY,0.3840261668385928,1423.1356596785718,53.260377707415714,5684.205141678572,4261.069482,4.616542713900957,0.4560946295406454,-25.215935591080157,-20.77457720467435,SD,2
28077.CFI-402257,0.6792671462965035,2764.5253678035715,124.00681767332371,5684.205141678572,2919.679773875,4.616542713900957,-1.0438462019206978,-37.406827366798616,-28.848653994277605,SD,2
28077.CFI-402257-3ON4OFF+PACLITAXEL,0.7980714811197568,2985.2496754285717,157.10533486159596,5684.205141678572,2698.95546625,4.616542713900957,-5.306300552590874,-80.51961701483273,-79.3641436597666,PR,2
28077.CX-5461,0.5428402076316681,2468.0401526785718,69.20795163831451,5684.205141678572,3216.164989,4.616542713900957,0.15069846828683675,-14.90883041758111,-11.157435430681165,SD,2
28077.ERIBULIN,0.9864086657469585,4337.083243178571,156.84045243932536,5684.205141678572,1347.1218985,4.616542713900957,-5.174733092241378,-96.57223423349433,-96.57223423349433,CR,1
28077.ERIBULIN-LOW,0.9864086657469585,4548.319312428572,156.14417390085526,5684.205141678572,1135.8858292500001,4.616542713900957,-4.857123973131096,-96.58553110354316,-96.58553110354316,CR,1
28077.PACLITAXEL,0.7978875088193076,3018.090333678572,154.33073867538005,5684.205141678572,2666.114808,4.616542713900957,-4.182302829690997,-83.78720049279076,-79.45894047970513,PR,2
28992.CARBOPLATIN,0.12056173403333381,-1767.0300590624993,0.4944998699254682,11115.7564401875,12882.78649925,95.88700595118141,52.46170607279882,33.500624088228975,169.26264741114647,PD,2
28992.CFI-400945,0.11053305626188115,-2671.3951238624995,0.6966357853216307,11115.7564401875,13787.15156405,95.88700595118141,44.265427625472874,85.08004044666984,102.29518135486452,PD,5
28992.CFI-402257,0.19325448357841735,469.66072685416657,0.5113904580961243,11115.7564401875,10646.095713333334,95.88700595118141,51.66242494374493,30.873481056552563,78.48865842302621,PD,3
28992.PACLITAXEL,0.784825850728127,4660.3595404375,1.1424559695679406,11115.7564401875,6455.396899750001,95.88700595118141,32.91907876307591,-20.76256362044564,145.2378701961537,PD,3
38807.ABT-263,0.8638372888659228,3663.740181027778,110.11919165821051,4467.959332027778,804.219151,3.7926833797547865,-0.6973490422535208,-61.97335902006466,-12.71449073101044,SD,2
38807.AZD-5305,0.4086661890772181,-1168.6884162222223,2.585352093181369,4467.959332027778,5636.64774825,3.7926833797547865,3.1995899886834542,-11.138469956567832,-1.2397340003680535,SD,1
38807.AZD-8205,0.9829796611082403,3590.802931277778,152.78755210827555,4467.959332027778,877.1564007499999,3.7926833797547865,-4.532534905172412,-99.03778873999407,-92.62304700662123,CR,1
38807.BMN-673,0.9080943910285431,2895.888324277778,143.21150957397865,4467.959332027778,1572.0710077500003,3.7926833797547865,-2.4728837022600954,-92.22431188420745,-92.22431188420745,PR,2
38807.CARBOPLATIN,0.9627680086742758,2862.355272402778,152.63965452733018,4467.959332027778,1605.604059625,3.7926833797547865,-4.477566708722598,-96.33201066335067,-96.33201066335067,CR,2
38807.CDX-011,0.13009637253450562,-4.906403972221597,-0.11649411555982815,4467.959332027778,4472.865736,3.7926833797547865,3.824206254208108,42.43118713524815,62.665349851437995,PD,2
38807.CFI-400945,0.3202472092929922,1391.1689777777779,66.17400636116969,4467.959332027778,3076.7903542500003,3.7926833797547865,0.15937273277517358,-96.15633529632493,-94.1848354752596,CR,3
38807.CFI-400945+ABT-263,0.9829796611082403,2368.017733777778,154.85956249513038,4467.959332027778,2099.94159825,3.7926833797547865,-5.464860351851851,-97.36062847315931,-97.36062847315931,CR,1
38807.CFI-400945-52WEEKLY,0.9829796611082403,2016.821114027778,153.85536482989082,4467.959332027778,2451.138218,3.7926833797547865,-4.971145990342404,-99.60981229068186,-99.60981229068186,CR,1
38807.CFI-400945-5DAILY,0.6740504075878992,1259.5970522777784,23.278015722156418,4467.959332027778,3208.3622797499997,3.7926833797547865,1.2776980121622317,-50.84096387853882,-37.59540600616831,PR,4
38807.CFI-402257,0.4307922105106604,1940.5722328611114,73.16146375624191,4467.959332027778,2527.3870991666668,3.7926833797547865,0.03610513089918429,-22.710849061044303,-17.767477716518275,SD,3
38807.CFI-402257-3ON4OFF+PACLITAXEL,0.7644882410407459,2892.7508155277783,95.68300572632853,4467.959332027778,1575.2085164999999,3.7926833797547865,-0.3729652703739214,-99.24752638973861,-92.72608843413998,CR,1
38807.CX-5461,0.46759148525057004,1598.2308252777784,80.65974330662894,4467.959332027778,2869.7285067499997,3.7926833797547865,-0.09506504809316085,-47.915588057560875,-39.066939906244926,SD,2
38807.DATOPOTAMAB-CONTROL,0.3725622270941724,2288.396037027778,5.360285760460095,4467.959332027778,2179.563295,3.7926833797547865,2.728046809164733,-48.61702444295497,-26.65029341673022,SD,1
38807.ERIBULIN-LOW,0.9425563562403112,1315.715253777778,158.41026240479576,4467.959332027778,3152.2440782500003,3.7926833797547865,-8.36269508836778,-98.99301494157567,-98.99301494157567,CR,2
38807.PACLITAXEL,0.9904260593733851,2865.191761402778,153.13802827706584,4467.959332027778,1602.767570625,3.7926833797547865,-4.668077639323968,-99.62001488731383,-99.23606511170061,CR,2
38807.PACLITAXEL-15DAILY,0.2999428066497794,705.695431277778,36.99994877870877,4467.959332027778,3762.26390075,3.7926833797547865,0.7877504620689333,-57.44503683793872,-40.710890198004506,PR,2
38807.PQ-1-6,0.998936228819265,2846.6935519027784,157.5178097990639,4467.959332027778,1621.265780125,3.7926833797547865,-7.3850661278556125,-99.83522780005448,-95.98411312148039,CR,2
38807.PQ-1-6-VEHICLE,0.713001752061393,1209.0343835277781,102.32046993994769,4467.959332027778,3258.9249485,3.7926833797547865,-0.5115327817083712,-34.243084850372306,-4.074022641459996,SD,3
38807.SACITUZAMAB-GOVITECAN,0.9829796611082403,3130.5641000277783,155.168797151877,4467.959332027778,1337.3952319999999,3.7926833797547865,-5.636506484048726,-99.52378056966816,-97.30142322811956,CR,1
38807.TRASTUZUMAB-DERUXTECAN,0.944491090075273,2789.654159527778,152.18425002053297,4467.959332027778,1678.3051725,3.7926833797547865,-4.316012100281162,-94.79433186030278,-94.79433186030278,PR,1
44205.BMN-673,0.09708702811069114,1524.8365320972225,119.58980550108718,5804.537592722223,4279.7010606250005,3.572164366795368,-1.0080252932906362,-27.122393972011327,-1.5538074251992446,SD,2
44205.CARBOPLATIN,0.14773497683029413,237.67066997222355,17.994921649354154,5804.537592722223,5566.8669227499995,3.572164366795368,1.5031791007342141,9.660909672219159,15.762503487380735,SD,2
44205.CDX-011,-1.0080687164081619,-5875.728530194441,-10.423480640929027,5804.537592722223,11680.266122916664,3.572164366795368,10.954888458601227,11.430084176763522,26.946792605875423,SD,3
44205.CFI-400945,0.4122884587147295,1020.4048840722235,76.81979154633741,5804.537592722223,4784.13270865,3.572164366795368,-0.042943556081835234,-19.011742580615564,-3.2396634326100293,SD,5
44205.CFI-400945-41.6WEEKLY,0.7389039491137026,3406.739994972223,123.1839693121897,5804.537592722223,2397.79759775,3.572164366795368,-1.1432225379403793,-63.51971357631757,-58.537285745125025,PR,1
44205.CFI-402257,0.6105017171941933,2006.4654051322232,36.488765565492564,5804.537592722223,3798.07218759,3.572164366795368,0.7776956693139454,-46.22860098590429,-43.154414867217994,SD,4
44205.CFI-402257-2ON5OFF,0.03492880593102521,336.8534647222241,85.37978072765821,5804.537592722223,5467.684127999999,3.572164366795368,-0.19472380089285696,-34.426528998875874,-19.565514559154774,SD,1
44205.CFI-402257-3ON4OFF,-0.3939849630981638,-2820.223430277776,-4.455784413405926,5804.537592722223,8624.761023,3.572164366795368,5.0580608606719375,7.554079840674843,24.710235091959753,SD,1
44205.CFI-402257-3ON4OFF+PACLITAXEL,0.4343655651596575,346.98931880555665,133.5341086057563,5804.537592722223,5457.548273916666,3.572164366795368,-1.6757390174274809,-47.302691475455596,-36.93293952471386,SD,3
44205.CX-5461,0.47342645379117937,1741.529051847223,52.97450660743165,5804.537592722223,4063.008540875,3.572164366795368,0.39162013371322146,-16.616142129847244,-12.811206458396102,SD,2
44205.ERIBULIN,0.3586999277362578,745.0829327222227,123.80862129713312,5804.537592722223,5059.45466,3.572164366795368,-1.1686919830623308,-27.566594904453133,-23.07775986949715,SD,1
44205.PACLITAXEL,0.27126778217745495,1549.1387232222232,21.721148138386997,5804.537592722223,4255.3988695,3.572164366795368,1.30982422072071,1.969038675610113,7.7056175253318315,SD,3
44441.BMN-673,0.5787965890311189,1820.7128690499999,14.137440065237262,5361.35355455,3540.6406855,8.552973168885785,2.631675267225132,5.646677634494535,18.694626978254945,SD,1
44441.CARBOPLATIN,0.3924410778395391,-359.03437594999923,17.399754788726437,5361.35355455,5720.387930499999,8.552973168885785,2.2388389085545715,25.082659831567145,29.284925291344898,SD,1
44441.CFI-400945,-0.0790950282297318,795.0620932166667,1.6752398714256114,5361.35355455,4566.291461333333,8.552973168885785,6.818179409001793,-17.373121307077422,-15.165091978270407,SD,3
44441.CFI-400945-52WEEKLY,0.8709004147648494,3579.65425305,149.0836296510334,5361.35355455,1781.6993014999998,8.552973168885785,-2.2201540428377156,-79.63400340153807,-76.09215547218943,PR,1
44441.CFI-402257,0.5779636315417759,3043.877795925,5.637335941481413,5361.35355455,2317.475758625,8.552973168885785,4.584111347541236,16.950692271768993,19.413914933640896,SD,2
44441.CFI-402257-3ON4OFF,0.6477234424815095,2161.3456447166664,86.07100349383478,5361.35355455,3200.0079098333335,8.552973168885785,-0.047852529624906014,-43.94888703823303,-42.9837285945236,SD,3
44441.CFI-402257-3ON4OFF+PACLITAXEL,0.989692714749044,3830.7443133,165.94255044629904,5361.35355455,1530.6092412499997,8.552973168885785,-7.711380626230655,-99.69093975101674,-99.20877793094151,CR,2
44441.CX-5461,0.3721615276069602,1011.7327298,9.126261247364527,5361.35355455,4349.62082475,8.552973168885785,3.535122365883589,9.94427148448671,25.289480493657692,SD,1
44441.ERIBULIN,0.917541717992352,3969.6309523,163.68009351364077,5361.35355455,1391.72260225,8.552973168885785,-5.880361131311359,-78.18449990174844,-78.18449990174844,PR,1
44441.ERIBULIN-LOW,-2.4830334282154323,-5208.461221199999,-5.067129195410811,5361.35355455,10569.81477575,8.552973168885785,35.76643616761365,-70.1768279951181,-50.53552818573264,PR,1
44441.PACLITAXEL,-0.42761417829012416,-219.88354186666675,1.2928107891643168,5361.35355455,5581.237096416667,8.552973168885785,7.150259715283002,-30.987917068627592,-27.422529810896968,SD,3
44721.BMN-673,0.21213465710227852,-596.5813471875008,68.63809676679895,4149.2310035625,4745.81235075,2.1018740258435007,-0.07135826557507961,11.261253736592236,14.16766369676914,SD,1
44721.CARBOPLATIN,0.3429524916258119,1275.9732123124995,71.04633903322608,4149.2310035625,2873.25779125,2.1018740258435007,-0.11375618336987145,-42.55930236315437,-41.45449284688161,SD,1
44721.CFI-400945,0.6949624249693689,1176.3178669374997,136.47669089883675,4149.2310035625,2972.913136625,2.1018740258435007,-3.0631610393647963,-83.43744767652571,-81.5189275092987,PR,2
44721.CFI-402257,0.664998947882433,2033.6237185624996,127.25357978040981,4149.2310035625,2115.607285,2.1018740258435007,-1.9372232558385578,-57.71744271454806,-49.79797807247239,PR,2
44721.CX-5461,0.597829200825805,1682.8605418124998,95.36060141686475,4149.2310035625,2466.37046175,2.1018740258435007,-0.5962169543929713,-32.00855508573297,-25.8385877266588,SD,1
44721.ERIBULIN,0.9305386496758646,2072.6708885624994,145.94865861595795,4149.2310035625,2076.560115,2.1018740258435007,-6.606086474358976,-90.27027027027027,-85.82582582582583,PR,1
44721.EVEROLIMUS,0.29098905487405313,777.3494528124993,87.80822876535511,4149.2310035625,3371.8815507500003,2.1018740258435007,-0.42966990100022745,-19.67145924297068,-19.45090529133864,SD,1
44721.PACLITAXEL,0.30501449263802194,372.0665148124999,135.85696453145624,4149.2310035625,3777.1644887499997,2.1018740258435007,-2.954453683487102,-59.41903545900331,-58.70984705804949,PR,1
46962.CFI-400945,-0.38947499429529797,-2488.5255300433337,131.95421520731543,3281.75218754,5770.2777175833335,1.7800653475473547,-2.951064539609913,-90.69448240966378,-75.66032010980511,PR,3
46962.CX-5461,0.5947853114309863,1628.23165079,114.91070710579588,3281.75218754,1653.5205367499998,1.7800653475473547,-1.3884225472756409,-55.725200687037216,-54.350920470087075,PR,1
47904.BMN-673,0.7238606327231089,6038.3893125441155,15.779382293515985,10620.607938794115,4582.21862625,16.434961622519015,2.861746376158866,-68.68785533096606,-57.73198472559956,PR,4
47904.CARBOPLATIN,0.9869475908849974,7451.085889419115,164.3611075399612,10620.607938794115,3169.522049375,16.434961622519015,-4.642057982139067,-99.79008231292346,-98.81046643989959,CR,2
47904.CDX-011,0.9798619973654246,5480.801224294114,171.95213913847724,10620.607938794115,5139.806714500001,16.434961622519015,-12.521941873676235,-100.0,-99.78906298606974,CR,3
47904.CFI-400945,0.8496898506289233,3399.063217236423,169.50848180481648,10620.607938794115,7221.544721557692,16.434961622519015,-8.133083126197509,-98.71902557949639,-98.34411329216846,CR,13
47904.CFI-400945-41.6WEEKLY,0.7991470187465298,7057.651942544116,47.51069095959988,10620.607938794115,3562.9559962499998,16.434961622519015,0.8099975732488823,-29.70658775926127,-17.289322614328007,SD,1
47904.CFI-400945-5DAILY,-0.5300949673149202,-5317.5349079558855,-1.574742139117883,10620.607938794115,15938.14284675,16.434961622519015,30.031076073670093,62.75561285111364,97.74129873153471,PD,2
47904.CFI-402257,0.6530285386849439,5233.405864669115,5.8196787070527565,10620.607938794115,5387.202074125001,16.434961622519015,6.105567490650729,6.9591658620758325,28.114357803240996,SD,6
47904.CFI-402257-2ON5OFF,0.6219986146475693,5559.790586544115,8.121722413155956,10620.607938794115,5060.81735225,16.434961622519015,4.870048121845874,7.0651873978380575,19.800602627050413,SD,1
47904.CFI-402257-2ON5OFF+PACLITAXEL-15DAILY,0.7937123424121992,6305.289062544115,84.6072427251109,10620.607938794115,4315.31887625,16.434961622519015,0.03336276427713103,-50.71713576344919,-40.94312669489592,PR,2
47904.CX-5461,0.8401475796543975,4213.706382894116,12.495954844569457,10620.607938794115,6406.901555899999,16.434961622519015,3.4925038141532005,-62.51549482547014,-54.021279256444565,PR,5
47904.PACLITAXEL,0.7278866378727041,6197.497259294116,26.40277055826135,10620.607938794115,4423.1106795,16.434961622519015,1.7401290640938647,32.748790711021435,39.45580827521687,PD,3
47904.PACLITAXEL-15DAILY,0.7011449523259726,5484.363401794115,109.90571334528651,10620.607938794115,5136.2445370000005,16.434961622519015,-0.43248241800742604,-16.887060508709773,-12.072186584303479,SD,1
47904.UNC0642,0.6328092784638859,3203.706005294115,16.741165606126437,10620.607938794115,7416.9019335,16.434961622519015,2.7145447163029535,28.35515272712201,30.500580905938524,PD,1
48041.CARBOPLATIN,0.6037977943114666,703.0026246250004,89.19019902077532,3997.0522731250003,3294.0496485,3.5820820612315734,-0.26399092695735193,-21.746948117780974,-7.969411703833062,SD,1
48041.CDX-011,0.6292494170182603,136.60878812500005,147.52708487132773,3997.0522731250003,3860.4434850000002,3.5820820612315734,-3.2965742584196884,-66.5586673082003,-56.974728501285156,PR,1
48041.CFI-400945,-0.06731631313330144,-2427.4256402499996,25.454825819926597,3997.0522731250003,6424.477913375,3.5820820612315734,1.1482288846200548,-61.27678518787392,-40.7390198218493,PR,2
48041.CFI-400945-5DAILY,0.5130066914786624,2895.5774151250002,136.69587983536374,3997.0522731250003,1101.474858,3.5820820612315734,-1.9042244810126578,-17.770227589583733,-17.60352541460626,SD,1
48041.CFI-402257,0.4543954792083703,893.5138002500007,73.94788049305708,3997.0522731250003,3103.5384728749996,3.5820820612315734,0.007926175450272254,-19.86261571974046,-14.904781441969872,SD,2
48041.CX-5461,0.6097712374030664,1162.0594110750003,123.49423605754689,3997.0522731250003,2834.99286205,3.5820820612315734,-1.154115227120485,-56.18729381355645,-47.70039375936308,PR,3
48041.PACLITAXEL,0.5373877681560716,495.0194823750003,101.86222353760752,3997.0522731250003,3502.03279075,3.5820820612315734,-0.5196848457680258,-65.76766014697291,-53.13217651987391,PR,1
48342.BMN-673,0.6360050235107437,6419.37753955357,4.089613272945085,14087.31916730357,7667.94162775,52.8781423209291,11.04575730030828,20.95486460511047,33.89555496116863,PD,1
48342.CARBOPLATIN,0.23187009411782233,-212.35527119642757,0.6242085678941551,14087.31916730357,14299.674438499998,52.8781423209291,33.54300625381059,24.63064345583326,105.1236946272053,PD,1
48342.CFI-400945,0.4234028483410121,1825.233917386904,2.5750717300905954,14087.31916730357,12262.085249916667,52.8781423209291,15.63977160045546,34.70595114329114,47.38931441413381,PD,6
48342.CFI-402257-3ON4OFF,0.581820563076664,7434.957795303571,2.691790175954114,14087.31916730357,6652.361371999999,52.8781423209291,15.15489712005481,10.031325551209246,47.50159731944197,PD,1
48342.CFI-402257-3ON4OFF+PACLITAXEL,0.8468263002158649,8387.31017380357,54.39749407704605,14087.31916730357,5700.0089935000005,52.8781423209291,0.6877716696352116,3.5525483157105464,8.551012520634437,SD,1
48342.CX-5461,0.16121586194689586,52.72006400357168,0.6934084582650283,14087.31916730357,14034.5991033,52.8781423209291,32.235855641447365,0.9345903867991394,32.321061731079155,PD,2
48342.DIPYRIDAMOLE,0.3073490428178702,6008.240712970238,0.790059654320114,14087.31916730357,8079.078454333333,52.8781423209291,30.571735175551964,15.433795973428898,49.16609100055898,PD,6
48342.ERIBULIN,0.7333280084310881,9007.38305342857,19.51211987333215,14087.31916730357,5079.936113875001,52.8781423209291,2.661086604102167,-39.34572101562686,-30.182907366461176,SD,2
48342.FLUVASTATIN,0.17532542723068967,3835.4763426369045,0.26444972563557956,14087.31916730357,10251.842824666666,52.8781423209291,42.50072457951172,31.269068821001845,106.22200215748747,PD,6
48342.FLUVASTATIN+DIPYRIDAMOLE,0.15088697016192076,3003.1015307619036,0.40413356197028,14087.31916730357,11084.217636541667,52.8781423209291,38.50826984484085,7.713380417983318,56.76004885428723,PD,6
48342.PACLITAXEL,0.5980275165643734,8934.363663303571,2.1969247586646574,14087.31916730357,5152.9555040000005,52.8781423209291,17.44733000915493,-27.57599438208167,4.2933167623359525,SD,1
48602.ADC-CONTROL,0.7188249771782464,2637.285777357142,141.6344428972696,5400.585918607142,2763.3001412500003,5.329799948075417,-1.9015714913793111,-65.9325179794944,-59.543436448494745,PR,2
48602.AZD-5305,0.5097023468267301,2185.831522482142,19.36538858111034,5400.585918607142,3214.754396125,5.329799948075417,1.7326147665376497,-35.59780119922851,-27.9517539638273,SD,2
48602.AZD-8205,0.478433995364078,1726.1144792946425,143.63298496092554,5400.585918607142,3674.4714393124996,5.329799948075417,-2.0740952266029433,-73.0442798509323,-70.54870200717964,PR,4
48602.BMN-673,0.5896690431444858,2238.9352436696417,77.28193288247455,5400.585918607142,3161.6506749375003,5.329799948075417,0.0365203402550075,-39.11842833853423,-26.699858721277813,SD,4
48602.CARBOPLATIN,0.4447459315207289,1337.111779482142,53.130567124377926,5400.585918607142,4063.474139125,5.329799948075417,0.49299132902596376,-19.751917343244543,-1.5441794097406856,SD,2
48602.CDX-011,-1.2525827539430638,-2511.392395392857,-6.953750761288632,5400.585918607142,7911.978313999999,5.329799948075417,15.578719626666663,95.32477251099812,118.44438995601125,PD,1
48602.CFI-400945,0.614310823600833,75.9357282008923,156.16973057093156,5400.585918607142,5324.65019040625,5.329799948075417,-4.262272235216896,-94.64786456698491,-90.20480605156689,PR,8
48602.CFI-400945-3.75DAILY,0.6318545298867203,260.00443660714245,128.9134486256689,5400.585918607142,5140.581482,5.329799948075417,-1.1725054456993917,-16.862184113060497,2.7678090243161035,SD,1
48602.CFI-400945-52WEEKLY,0.8879055548367007,3139.1978439821423,158.70276234173195,5400.585918607142,2261.3880746249997,5.329799948075417,-5.307224152318755,-99.82259390769738,-99.82259390769738,CR,2
48602.CFI-400945-5DAILY,0.22014423719181175,636.3217886071416,37.06404278331143,5400.585918607142,4764.2641300000005,5.329799948075417,0.9102306321482505,18.04983918265495,37.2437928501276,PD,3
48602.CFI-402257,0.30988019426483004,1894.572598357142,37.94995420753222,5400.585918607142,3506.01332025,5.329799948075417,0.8823481264501162,-21.917784624621106,-17.278209079730942,SD,1
48602.CFI-402257-2ON5OFF,0.42273629859223993,1232.566341857142,32.279913718887826,5400.585918607142,4168.01957675,5.329799948075417,1.0758852912140573,-12.780679252533456,-6.873060670933285,SD,1
48602.CFI-402257-2ON5OFF+PACLITAXEL-15DAILY,0.8815526583642692,2934.200479982142,156.0216991785811,5400.585918607142,2466.385438625,5.329799948075417,-4.213291070189588,-94.26290951145717,-92.55993974294367,PR,2
48602.CFI-402257-3ON4OFF+PACLITAXEL,0.9686613074989425,4122.204110357142,156.01742949010762,5400.585918607142,1278.38180825,5.329799948075417,-4.211894120759597,-99.55445181684502,-99.02199756487317,CR,2
48602.CFI-402257-3ON4OFF+PACLITAXEL-15DAILY,0.843609528927725,3274.8260286071422,155.08106994189365,5400.585918607142,2125.75989,5.329799948075417,-3.925333125040757,-99.61733429714069,-98.72444765713561,CR,1
48602.CX-5461,0.5728407687650963,2345.3324873571423,63.22551802718827,5400.585918607142,3055.2534312499997,5.329799948075417,0.2895419320895791,-29.235866538269807,-22.73887041669162,SD,2
48602.DATOPOTAMAB-DERUXTECAN,0.9785106108564178,4287.591973607142,157.36050169836844,5400.585918607142,1112.9939450000002,5.329799948075417,-4.699401767572632,-93.90245885379235,-66.11832766397508,PR,1
48602.ERIBULIN,0.9982092175713682,4405.707326607142,160.46486197172237,5400.585918607142,994.878592,5.329799948075417,-6.379599452127661,-99.67836728736977,-99.67836728736977,CR,1
48602.ERIBULIN-EXTRALOW,-0.19050871846141249,-1422.2189931428584,4.395974477822099,5400.585918607142,6822.80491175,5.329799948075417,3.7261945612510874,1.1506610833187603,3.5403417012271676,SD,1
48602.ERIBULIN-LOW,0.8538542101837057,3705.4035708571423,153.91324859139493,5400.585918607142,1695.1823477499997,5.329799948075417,-3.615630610676157,-96.7641694803932,-91.64077115768245,CR,1
48602.EVEROLIMUS,0.6408389927781121,2738.801255357142,96.67985810174854,5400.585918607142,2661.78466325,5.329799948075417,-0.31158773064263334,-20.10443599156443,-15.726628573477008,SD,1
48602.PACLITAXEL,0.8290805744171381,3557.026317857142,156.64681617898992,5400.585918607142,1843.5596007499998,5.329799948075417,-4.427746714230472,-97.5432213694143,-97.5432213694143,CR,1
48602.PACLITAXEL-15DAILY,0.6187111306029024,2752.091857982142,155.21093577819315,5400.585918607142,2648.494060625,5.329799948075417,-3.962857744280803,-60.30580447243138,-54.20900495908558,PR,2
48602.SACITUZAMAB-GOVITECAN,0.9144983837951303,4080.883827357142,153.72337681908945,5400.585918607142,1319.7020912500002,5.329799948075417,-3.5695469800000006,-82.85795467601102,-76.69917961569394,PR,1
48602.TRASTUZUMAB-CONTROL,0.806893856386629,-201.5432791428584,164.98972018011094,5400.585918607142,5602.1291977500005,5.329799948075417,-13.044540808888891,-86.2582836380467,-75.39759474642787,PR,1
48602.TRASTUZUMAB-DERUXTECAN,0.9407124730145988,4012.604794107142,157.07391988502525,5400.585918607142,1387.9811244999999,5.329799948075417,-4.586589187777778,-91.5190989890766,-87.47848081306084,PR,1
51706.CFI-400945,0.006186380426804083,-709.9643765000001,2.182150926088869,3522.3150875,4232.279464,8.748744747933886,6.532832998622593,59.1783603780897,77.3953785636189,PD,1
52226.BMN-673,0.1265459833765895,369.36742237499993,81.70391269110664,3145.047572375,2775.68015,1.9257167669463566,-0.3471840502008032,-56.63947700043994,-38.03693255353111,PR,1
52226.CFI-400945,0.4734636455453153,-407.27217762500004,132.859458435259,3145.047572375,3552.31975,1.9257167669463566,-2.7931576397507643,-47.97260800000001,-44.52998103022563,SD,1
52226.CFI-402257,0.2122911380068534,-477.7246101249998,21.070584193305862,3145.047572375,3622.7721825,1.9257167669463566,0.8843252979399799,0.8968903107952064,6.299260027570708,SD,1
52226.CX-5461,-0.26088029530578005,-1441.3265906250003,-7.921879341165853,3145.047572375,4586.374163,1.9257167669463566,2.8207217526785713,-39.69803873536952,-20.14209775268718,SD,1
53522.CFI-400945,0.706732482450698,-2762.5168485312497,2.381140052953356,14566.6090290625,17329.12587759375,167.59782470275601,21.0255678597577,-7.970396524247264,18.321111649428058,SD,8
53522.CFI-402257,0.4443637462499115,3400.1580015625004,0.5400229651181381,14566.6090290625,11166.4510275,167.59782470275601,64.96464446369292,157.71135629244085,307.943078659498,PD,1
53782.BMN-673,0.8045274665327831,3037.2615755833335,132.4750405742071,5252.721727333334,2215.46015175,5.663474390772073,-1.3026861399371072,-34.350040527058,-14.645794864220141,SD,1
53782.CARBOPLATIN,0.6775018137425937,1891.6851018333332,72.25791892112089,5252.721727333334,3361.0366255000004,5.663474390772073,0.13571317155009413,-3.0480142740559213,8.748057514930663,SD,1
53782.CFI-400945,0.6132464557052282,3044.8461975833334,43.890673752384686,5252.721727333334,2207.87552975,5.663474390772073,0.729100785834032,-39.64488980280573,-20.713202780113903,SD,1
53782.CFI-402257,0.5296722194830201,847.902732583334,80.07695373614291,5252.721727333334,4404.81899475,5.663474390772073,-0.0015788349056610551,-9.857872174713734,-6.4432760275687,SD,1
53782.CX-5461,0.4893328910315221,1572.3026753333334,147.95678391530495,5252.721727333334,3680.419052,5.663474390772073,-2.4713965484276716,-37.968054185918575,-30.50723886972796,SD,1
53782.PACLITAXEL,0.47932572983015664,1963.3073455833337,30.438928791744623,5252.721727333334,3289.41438175,5.663474390772073,1.1728196893081753,-40.464655986642924,-32.413629314813186,SD,1
65465.BMN-673,-0.4471384938938887,93.83482429411742,-3.3843062123061567,6403.233980044118,6309.39915575,10.068605558194465,25.032594956818176,37.72538068942435,56.35614943396665,PD,1
65465.CARBOPLATIN,0.34375646489818257,28.368807044118512,1.3549392817351675,6403.233980044118,6374.865172999999,10.068605558194465,8.112883526711924,-0.3350631915620683,40.34584940728245,PD,2
65465.CDX-011,0.9901828494267888,4893.093481794118,165.7900164209241,6403.233980044118,1510.14049825,10.068605558194465,-6.6608964748413415,-99.67623429507266,-98.92078098357557,CR,1
65465.CFI-400945,0.4010816098916514,1196.4629185056565,5.788583258041764,6403.233980044118,5206.771061538461,10.068605558194465,4.932551711784017,-12.84504236973082,2.0615623323593235,SD,13
65465.CFI-400945-2ON5OFF,0.5171463868389167,3017.0694769441184,1.6598150611021751,6403.233980044118,3386.1645030999994,10.068605558194465,7.772045072304647,-15.018223754838012,62.68826385853126,PD,5
65465.CFI-400945-41.6WEEKLY,0.7366363618247254,1728.469073169118,146.26605344826683,6403.233980044118,4674.764906875,10.068605558194465,-1.8758260182097897,-46.245168342890224,-41.49175948864779,SD,2
65465.CFI-402257,0.4276927930588952,2705.750798544118,13.404955807936973,6403.233980044118,3697.4831815,10.068605558194465,2.891598728078917,-10.835941510036651,12.0136923871478,SD,3
65465.CFI-402257-3ON4OFF+PACLITAXEL,0.9901828494267888,4772.853616877451,165.78885205794492,6403.233980044118,1630.3803631666667,10.068605558194465,-6.659974641903912,-99.45798262912376,-99.45798262912376,CR,3
65465.CX-5461,-0.4649953029846692,-1361.7019285392144,-1.2784965125622172,6403.233980044118,7764.935908583332,10.068605558194465,13.015640391422934,7.5414632154915395,31.291452253664808,PD,3
65465.ERIBULIN,0.9987728561783487,5111.131685294118,165.5993709750335,6403.233980044118,1292.10229475,10.068605558194465,-6.5132135479633995,-99.65578824897156,-99.65578824897156,CR,2
65465.ERIBULIN-EXTRALOW,0.730063444505697,1856.864034544118,162.01311448934635,6403.233980044118,4546.3699455,10.068605558194465,-4.580671937216682,-50.23540783999534,-42.495970323803164,PR,1
65465.ERIBULIN-LOW,0.9987728561783487,5350.948392544118,166.20184319534917,6403.233980044118,1052.2855875,10.068605558194465,-7.003389615252446,-99.70550693925043,-99.70550693925043,CR,1
65465.EVEROLIMUS,0.01260812504702491,-1300.1299684558826,11.401978952253073,6403.233980044118,7703.3639485,10.068605558194465,3.25582412866354,-24.69885839750171,-13.689136552838255,SD,1
65465.PACLITAXEL,0.6171383334332843,3199.611564106618,147.11181594393162,6403.233980044118,3203.6224159374997,10.068605558194465,-1.9444331233044059,-51.66643807486737,-44.23545595231023,PR,4
66280.CFI-400945,-2.3629284658343006,-12748.8396943,-4.572985478070311,4668.71288675,17417.55258105,8.814984060344829,30.15793599584905,27.619465966659696,69.94992237675388,PD,5
66292.BMN-673,0.13859819037473486,5714.0181787500005,-0.14888019689713786,13790.5382825,8076.520103749999,34.16228038649695,37.49311097846889,12.528145458973006,45.420959725112866,PD,1
66292.CARBOPLATIN,0.38251203429337527,4050.760152499999,0.604528290884032,13790.5382825,9739.77813,34.16228038649695,25.103076397894434,75.61560393172755,126.83329722429428,PD,2
66292.CFI-400945,0.5678434836485917,6410.3156374166665,2.761837105894449,13790.5382825,7380.222645083333,34.16228038649695,12.882915603693162,-17.506914000722396,-9.102637831219539,SD,6
66292.CFI-400945-52WEEKLY,0.37178135237147936,3218.5443250000008,1.7361148804563848,13790.5382825,10571.993957499999,34.16228038649695,16.768631344397857,-2.3330572266550496,8.268391427917809,SD,2
66292.CFI-402257,0.2204568635412978,4083.752976499998,-0.0044009500158505325,13790.5382825,9706.785306000002,34.16228038649695,34.252236478877336,18.6871683254356,34.827256617687816,PD,1
66292.CFI-402257+PACLITAXEL-40DAILY,-0.2753716582786787,-8961.8678565,-0.7786964840462622,13790.5382825,22752.406139,34.16228038649695,63.79927146570897,80.24482429129506,230.67007800353707,PD,2
66292.CFI-402257-3ON4OFF+PACLITAXEL,0.5421719662950761,7526.221428583333,2.732153511832235,13790.5382825,6264.316853916666,34.16228038649695,12.969999814034187,-14.354361686280349,6.384093337021968,SD,3
66292.CX-5461,0.6767644255977872,9081.76111775,5.025325863004206,13790.5382825,4708.77716475,34.16228038649695,8.510015231503115,18.316394027122797,49.19248333716042,PD,1
66292.ERIBULIN,0.2327534441787611,4551.0674105,0.5446892494563065,13790.5382825,9239.470872,34.16228038649695,25.78000467338709,61.53341873998628,83.3290572761467,PD,1
66292.PACLITAXEL,-0.5001222273700509,-5388.964638000003,-0.6684317235631636,13790.5382825,19179.502920500003,34.16228038649695,56.820840310454976,-8.3466151083326,105.12620647849815,PD,2
66292.PACLITAXEL-40DAILY,0.34635719730033543,3762.37991125,0.6071104070423733,13790.5382825,10028.15837125,34.16228038649695,25.07466421335069,62.56897112085723,109.5460756616283,PD,2
66684.CARBOPLATIN,0.766724644625122,1485.2320295625004,153.5127942221769,4551.8261290625005,3066.5940995,4.741126048163758,-3.845405758655804,-96.18650677986183,-81.09880252149824,CR,1
66684.CFI-400945,0.49676735229857566,1379.2549650416668,80.85359923486328,4551.8261290625005,3172.5711640208337,4.741126048163758,-0.04827615821492002,-63.86043883459586,-60.60295252300894,PR,12
66684.CFI-400945-6DAILY,0.36857948647997074,820.711003562501,35.291684460822815,4551.8261290625005,3731.1151254999995,4.741126048163758,0.9259466286110467,-89.8252227640291,-85.17748501426463,PR,1
66684.CFI-402257-3ON4OFF,-0.14344301050151564,-1235.2280306875,-1.0201271104769547,4551.8261290625005,5787.0541597500005,4.741126048163758,5.1977395245585,-16.133547546455183,-3.981159946674162,SD,3
66684.PACLITAXEL,0.7993166822451157,3234.3006696250004,159.70483710027884,4551.8261290625005,1317.5254594374999,4.741126048163758,-6.784368463086043,-66.87020280694199,-65.05503402268302,PR,4
66817.BMN-673,0.24504198288132156,48.548969124999985,-61.01300612470929,3281.17217825,3232.623209125,-6.719396225332386,-0.37432634385714225,-33.6240703364154,-25.363387849571836,SD,2
66817.CARBOPLATIN,0.3953534661899451,389.2128483749998,-13.556581461958407,3281.17217825,2891.959329875,-6.719396225332386,-2.472430625608062,-36.81831125438893,-28.94634159674731,SD,2
66817.CDX-011,0.16397061793756373,-180.55261825000025,-21.304273839498297,3281.17217825,3461.7247965,-6.719396225332386,-1.7482862591692792,-60.92410121154514,-49.03848370287478,PR,1
66817.CFI-400945,0.9124721251597883,1478.1876922499998,-4.910161845055009,3281.17217825,1802.984486,-6.719396225332386,-4.205713859074196,-96.53808087881717,-91.05670893694435,CR,1
66817.CFI-400945-5DAILY,0.40827337150900705,808.1321801249996,-18.62521408725426,3281.17217825,2473.0399981250002,-6.719396225332386,-1.955011889359922,-59.704067869141426,-57.802970590855935,PR,2
66817.CFI-402257,-0.43335650755926525,-2124.6019567499998,-152.24725973794168,3281.17217825,5405.774135,-6.719396225332386,2.857478926539858,11.791926395444959,16.118195809723638,SD,2
66817.CX-5461,0.2826482694709557,-871.7885214999997,-12.805416795568537,3281.17217825,4152.96069975,-6.719396225332386,-2.5688127074321225,-61.690322698966746,-49.641296424953026,PR,2
66817.ERIBULIN-EXTRALOW,0.42128712616053654,203.47350449999976,-4.019275655419206,3281.17217825,3077.69867375,-6.719396225332386,-4.51665062692764,-84.63407180031508,-71.77718615326143,PR,1
66817.ERIBULIN-LOW,0.6553792117557544,2574.56007525,5.3339332489550335,3281.17217825,706.612103,-6.719396225332386,-18.28210308928572,-66.25563767462616,-36.276942889085696,PR,1
66817.EVEROLIMUS,-0.1784659705419609,-1916.1399462500003,-137.67421154808846,3281.17217825,5197.3121245,-6.719396225332386,1.4903477086883756,-3.0005075391980163,1.4691180365783651,SD,1
66817.PACLITAXEL,-0.20133058552688654,-4941.457955749999,-0.8873579080989225,3281.17217825,8222.630133999999,-6.719396225332386,-6.071974559701494,-51.04276957497679,-47.52639537939341,PR,1
66817.PACLITAXEL-15DAILY,0.4368410110589382,672.5475162499997,-42.793959995100565,3281.17217825,2608.624662,-6.719396225332386,-0.8023336464088547,-40.499716319996594,-25.86201606888929,SD,2
67455.CARBOPLATIN,0.38620719099046763,-1067.4164007499994,-59.978171146535715,3027.40843475,4094.8248354999996,-0.19107284402175462,1.1569135874443033,-17.797680565976748,-15.715461240219486,SD,1
67455.CFI-400945,0.9257765248629144,1356.9312202500005,65.29802386009592,3027.40843475,1670.4772144999997,-0.19107284402175462,-4.045446861328125,-96.70538457531069,-96.70538457531069,CR,1
67455.CX-5461,0.13877766161330474,193.20468375000019,-32.1020294741987,3027.40843475,2834.203751,-0.19107284402175462,0.3895770449117341,-32.46236727203624,-19.711582582669163,SD,1
67455.PACLITAXEL,0.9780078592186413,1350.0783425,64.06490949335246,3027.40843475,1677.3300922500002,-0.19107284402175462,-3.7015902229299353,-99.53747587607145,-99.53747587607145,CR,1
67725.BMN-673,0.8637032291803413,10780.263119479168,54.404482792096275,15036.440606479167,4256.177487,43.41478482582543,0.6815406603000481,12.117390417759843,16.754896682742004,SD,2
67725.CARBOPLATIN,0.5474875763526399,5677.936667229167,2.4222009667059945,15036.440606479167,9358.50393925,43.41478482582543,15.29100328025511,59.36462512606185,103.42459379235012,PD,2
67725.CDX-011,-1.1156411985590426,-507.6071515208332,-0.9848840080535605,15036.440606479167,15544.047758,43.41478482582543,171.22837780743248,351.4352047062294,757.2054084598824,PD,1
67725.CFI-400945,0.31538401888253675,1521.830204604168,0.4250083842451317,15036.440606479167,13514.610401875,43.41478482582543,32.833429560197125,23.20888229264506,71.59097848474326,PD,8
67725.CFI-400945+CFI-402257,0.3477397673011702,-1993.4925076708296,0.27879624081141585,15036.440606479167,17029.933114149997,43.41478482582543,35.83881790155763,25.291796361033136,132.16655607608172,PD,5
67725.CFI-400945-2ON5OFF,-0.0016636242445413618,-3941.687290570835,-0.016873917015465343,15036.440606479167,18978.127897050003,43.41478482582543,43.977369106931455,56.84183055684298,123.42709633361717,PD,5
67725.CFI-400945-41.6WEEKLY,0.8637184162253423,10479.512291354167,26.941613681126555,15036.440606479167,4556.928315125,43.41478482582543,1.8602252841090567,10.805907557445,24.93875539434014,SD,2
67725.CFI-400945-52WEEKLY,0.8666785666160277,10475.404344979168,60.10830383153293,15036.440606479167,4561.0362614999995,43.41478482582543,0.5445884280457249,-34.22890553346429,3.0000607452723704,SD,1
67725.CFI-402257,-0.336553297106412,-4804.5461996208305,-0.060819777876085765,15036.440606479167,19840.986806099998,43.41478482582543,45.51333018893014,71.57752006949055,156.56276677819156,PD,5
67725.CFI-402257-3ON4OFF+PACLITAXEL,0.8891748382977038,11362.153581479168,129.73834803499898,15036.440606479167,3674.2870249999996,43.41478482582543,-0.8710607650772082,-32.74373563415511,-30.015408898448882,SD,2
67725.CX-5461,0.4295533461148345,6675.452331604167,0.7976679680935318,15036.440606479167,8360.988274875,43.41478482582543,27.050191264167854,51.56998638828258,136.15922137604448,PD,2
67725.ERIBULIN,0.9490385422638137,11748.678598479168,161.6494133149759,15036.440606479167,3287.762008,43.41478482582543,-3.264515934700909,-56.97920379805552,-54.58446711428056,PR,1
67725.ERIBULIN-LOW,-0.2500383669064234,-8014.334434395832,-0.2886854949577145,15036.440606479167,23050.775040875,43.41478482582543,55.57721616537524,126.5938922984509,408.7448819237847,PD,2
67725.PACLITAXEL,0.5923133053562559,5050.057238395835,7.52502858271572,15036.440606479167,9986.383368083332,43.41478482582543,6.426569785591078,29.29129011671623,48.19373519613266,PD,3
67990.BMN-673,0.28616277397098155,1983.3728172499996,3.1705672730845715,6383.89914875,4400.5263315,8.398869516316326,5.6942654603600795,-51.678355378946165,-23.104744078530047,PR,1
67990.CARBOPLATIN,-0.10325389725274037,-827.8603981666665,1.1383855672230925,6383.89914875,7211.759546916666,8.398869516316326,7.18058988643102,9.926684267614228,24.438487991506385,SD,3
67990.CFI-400945,0.9647762709290633,3464.630814444444,163.8381615796587,6383.89914875,2919.268334305556,8.398869516316326,-6.058911805035522,-99.61094224924013,-98.97725920501233,CR,9
67990.CFI-400945-41.6WEEKLY,0.8722515904570091,1962.1830802499999,166.40553619163208,6383.89914875,4421.7160685,8.398869516316326,-8.380549036244476,-100.0,-99.84009959070796,CR,1
67990.CFI-400945-5DAILY,0.8655302441360825,3403.519139,152.30814001934863,6383.89914875,2980.3800097499998,8.398869516316326,-2.618469596570926,-87.19207640748027,-81.34154340842805,PR,1
67990.CFI-400945-6DAILY,0.21026977427971316,-1079.4758807000007,10.285312521429786,6383.89914875,7463.3750294500005,8.398869516316326,3.255565683732057,-96.69886056844359,-84.17649284237412,CR,5
67990.CFI-402257,0.36910910362967,1229.7487857499991,21.58913552172592,6383.89914875,5154.150363000001,8.398869516316326,1.8510814232541226,-19.669655861430208,-6.710821895750557,SD,2
67990.CX-5461,0.20306761492489034,450.982447833333,8.181782552293726,6383.89914875,5932.916700916667,8.398869516316326,3.7394477212399093,-7.802022080164528,9.899325973278494,SD,3
67990.ERIBULIN,0.9771698052318003,3277.4949934999995,166.91095144933428,6383.89914875,3106.4041552500003,8.398869516316326,-9.059091721759934,-99.79030192992278,-99.79030192992278,CR,2
67990.ERIBULIN-LOW,0.9647762709290633,4980.75169375,161.66188983566815,6383.89914875,1403.1474549999998,8.398869516316326,-4.894066190305635,-99.60714281154335,-99.60714281154335,CR,1
67990.PACLITAXEL,0.9771698052318003,3048.3854531249995,164.35906707728785,6383.89914875,3335.5136956250003,8.398869516316326,-6.421753651462397,-99.67092117917653,-99.67092117917653,CR,2
67990.PACLITAXEL-15DAILY,0.9647762709290633,3225.02541975,164.37446307680472,6383.89914875,3158.873729,8.398869516316326,-6.433123328683383,-97.3802334850533,-95.30625166072048,CR,1
68941.CDX-011,0.6872310569095201,453.2251123750002,163.28214141950576,5071.42729975,4618.202187375,6.046364927784532,-7.777357532121926,-71.20078347518869,-54.68979349708658,PR,2
68941.CFI-400945,0.49930246320247995,383.6608497142861,104.17726129949149,5071.42729975,4687.766450035714,6.046364927784532,-0.43623099318474096,-64.15710035669227,-55.32083695743163,PR,7
68941.CFI-400945-2ON5OFF,0.37223854739856843,-2404.117714250001,-3.093834847034744,5071.42729975,7475.545014000001,6.046364927784532,9.061909856042295,-13.559814558177873,1.5909427248507857,SD,10
68941.CFI-402257-2ON5OFF+PACLITAXEL-15DAILY,0.21148681525931945,-174.23796562500047,14.303188533153746,5071.42729975,5245.665265375001,6.046364927784532,2.2786850126949263,-11.344537510894614,5.922848753646392,SD,2
68941.CX-5461,0.05592376615865968,-696.1125902499998,135.83101460629484,5071.42729975,5767.53989,6.046364927784532,-1.4399949743730414,-50.46072588754092,-44.07581450851544,PR,1
68941.ERIBULIN-EXTRALOW,0.7420876568965324,2922.4721105,127.74584168074756,5071.42729975,2148.9551892500003,6.046364927784532,-1.077519046803653,-48.88392305161244,-46.304239085615194,SD,1
68941.PACLITAXEL-15DAILY,0.45218776143694306,1711.9324937500005,135.64199060712255,5071.42729975,3359.4948059999997,6.046364927784532,-1.429902843378995,-59.24695367845878,-54.01712694449472,PR,1
69196.BMN-673,0.5969738260868134,1971.8684478355271,128.31242436738086,6357.655840210527,4385.787392374999,7.130250029438083,-1.046291943407567,-30.905006954017,-23.429963376110457,SD,2
69196.CARBOPLATIN,0.7054766994972375,3968.2016757105266,99.92121761415511,6357.655840210527,2389.4541645,7.130250029438083,-0.3230825162587998,-36.68522599468156,-29.338658280162278,SD,1
69196.CDX-011,0.8629189655521796,3857.2447914605264,153.13217148611272,6357.655840210527,2500.41104875,7.130250029438083,-2.9233732847523894,-97.04321316243228,-93.19409971954569,CR,1
69196.CFI-400945,0.6632246577791314,3055.361486595142,163.41505156973724,6357.655840210527,3302.2943536153844,7.130250029438083,-6.611077167081182,-63.96588150222693,-43.21635093355787,PR,13
69196.CFI-400945+CFI-402257,0.33154421269942713,1201.0266539605263,2.5210086116726607,6357.655840210527,5156.62918625,7.130250029438083,5.393138155877464,13.204993971488044,46.00237456024357,PD,5
69196.CFI-400945-2ON5OFF,0.4830947648810365,1635.302618710527,36.68002708312943,6357.655840210527,4722.3532215,7.130250029438083,1.011813929614486,-43.20768321987511,-36.02734081103005,SD,4
69196.CFI-400945-41.6WEEKLY,0.9887716445990368,4945.2776189605265,160.06054123252588,6357.655840210527,1412.3782212499998,7.130250029438083,-4.722484747538784,-99.60385993805764,-98.6795331268588,CR,1
69196.CFI-400945-5DAILY,0.673130896788342,3191.6124307105265,60.48680359199754,6357.655840210527,3166.0434095,7.130250029438083,0.3945089155156536,-29.441466843200324,-18.77284533082958,SD,1
69196.CFI-402257,0.4973576794719031,3092.0658832105264,33.6273950433001,6357.655840210527,3265.589957,7.130250029438083,1.1258950186464085,-24.427825621069864,-20.80735817276721,SD,1
69196.CFI-402257-2ON5OFF,0.2618335225925945,1007.1296682105267,4.016371355235764,6357.655840210527,5350.526172,7.130250029438083,4.704673948043132,-10.24832353258881,-1.0558104620293776,SD,2
69196.CFI-402257-2ON5OFF+PACLITAXEL-15DAILY,0.7527618936301582,2382.658439710526,154.01185915996456,6357.655840210527,3974.9974005000004,7.130250029438083,-3.076839193396228,-63.281385871651544,-55.10489806080736,PR,1
69196.CFI-402257-3ON4OFF+PACLITAXEL,0.9349194640007416,4785.504000710526,160.76058103703076,6357.655840210527,1572.1518395000003,7.130250029438083,-5.024635833969465,-97.2952175388914,-95.15393142384707,CR,1
69196.CFI-402257-3ON4OFF+PACLITAXEL-15DAILY,0.8181840018148917,1846.2843197105267,156.57953672152317,6357.655840210527,4511.3715205,7.130250029438083,-3.6213552310905897,-76.69154719663447,-68.250603248534,PR,1
69196.CX-5461,0.3919406704142983,523.3840140855264,47.85344397948344,6357.655840210527,5834.271826125,7.130250029438083,0.6786566037803567,-3.1789807154720737,11.359081375278445,SD,2
69196.ERIBULIN,0.9887716445990368,4829.957603960526,163.041230898022,6357.655840210527,1527.69823625,7.130250029438083,-6.331452230053635,-99.62943375105537,-99.62943375105537,CR,1
69196.ERIBULIN-LOW,0.9621043005217489,4931.899043960527,155.72800227979116,6357.655840210527,1425.7567962499998,7.130250029438083,-3.422287977807487,-96.0425489896447,-89.77658488991548,CR,1
69196.EVEROLIMUS,0.5047789992182151,1708.3589377105263,93.94389059627036,6357.655840210527,4649.2969025,7.130250029438083,-0.2112327546143707,-26.279225715840127,-22.12464885134584,SD,1
69196.PACLITAXEL,0.8735820153650371,2745.0524807105267,165.3180282847895,6357.655840210527,3612.6033595,7.130250029438083,-8.514580027829314,-93.4114218127326,-87.39222692559942,PR,1
69196.PACLITAXEL-15DAILY,0.5624188844537945,2035.3590457105256,34.2106217547035,6357.655840210527,4322.296794500001,7.130250029438083,1.1030729711425111,-29.585883030023375,-24.131045141829155,SD,3
69196.UNC0642,-0.07223781971251397,366.9968888355261,-0.40501359237132567,6357.655840210527,5990.6589513750005,7.130250029438083,7.516158130012061,-11.713734032313532,15.55524913976135,SD,2
69693.ADC-CONTROL,0.1766833322540472,1223.8500035555562,1.7559653531617863,6112.167808055556,4888.3178044999995,14.036027361844447,9.791896323887086,-21.236089487872047,16.76721574358535,SD,3
69693.AZD-5305,0.8709017532652689,4059.8547708055557,131.02647616184728,6112.167808055556,2052.31303725,14.036027361844447,-1.0035542647783255,-68.24232164413813,-55.102982443285995,PR,2
69693.AZD-8205,0.9581435900289779,4780.135428305555,159.29638993211194,6112.167808055556,1332.0323797500002,14.036027361844447,-3.34836073890768,-95.91970229127843,-91.61033497124629,CR,3
69693.BMN-673,0.8220493146902381,3357.078524305555,150.79001245880767,6112.167808055556,2755.0892837500005,14.036027361844447,-2.13139829380413,-72.69657007704296,-53.49165171834104,PR,2
69693.CFI-400945,0.3675648252625381,1446.1227178888894,4.4005699613809375,6112.167808055556,4666.045090166666,14.036027361844447,6.710595577015223,6.3943035676499616,34.76347350656819,PD,9
69693.CFI-400945-2ON5OFF,0.6690792231565905,3652.490248868056,9.104396904747516,6112.167808055556,2459.6775591875,14.036027361844447,4.270372968011809,50.0098252133151,82.25482737178935,PD,4
69693.CX-5461,0.4071148528672345,-789.1808631944441,9.703549540854272,6112.167808055556,6901.34867125,14.036027361844447,4.077809742665549,-25.87504829812868,-8.666737056510353,SD,1
69693.DATOPOTAMAB-CONTROL,-0.09513610360272967,-65.62155206944408,-0.3309357875347145,6112.167808055556,6177.789360125,14.036027361844447,15.280632659199707,85.14333643285431,181.284940979462,PD,2
69693.DATOPOTAMAB-DERUXTECAN,0.990698575561995,4847.709166055556,165.53607071546185,6112.167808055556,1264.4586419999998,14.036027361844447,-5.454595809173417,-96.8901350808701,-77.14870013477378,CR,3
69693.SACITUZAMAB-GOVITECAN,0.9558182339194766,4364.072048805556,163.58740815349677,6112.167808055556,1748.09575925,14.036027361844447,-4.572063367972157,-96.36039274084166,-89.38474011255505,CR,2
69693.TRASTUZUMAB-CONTROL,0.26390499887886254,1719.0862543055555,4.37314432957691,6112.167808055556,4393.08155375,14.036027361844447,6.732700653705107,0.11205489396620649,36.52300468494874,PD,2
69693.TRASTUZUMAB-DERUXTECAN,0.9686076925217334,5465.300353055556,152.16096953294416,6112.167808055556,646.867455,14.036027361844447,-2.271181801620712,-96.18916845826561,-92.53712156410347,CR,1
70620.BMN-673,0.34595241434077295,558.3941343214283,13.752841338243972,5904.867230571428,5346.47309625,7.3610979520919235,2.540068252631578,14.284278273845818,19.02405986393305,SD,1
70620.CARBOPLATIN,-0.160359374610766,-2016.8146214285725,-0.9151780276988762,5904.867230571428,7921.681852000001,7.3610979520919235,8.36012090438627,17.831853085984964,31.19994218476988,PD,2
70620.CFI-400945,0.5151773644101103,2784.810584446428,17.567626720229118,5904.867230571428,3120.056646125,7.3610979520919235,2.1151475892120852,-26.62937884864588,-11.314750951107323,SD,2
70620.CFI-400945-41.6WEEKLY,0.726356257395248,2360.4823220714284,127.83306091356181,5904.867230571428,3544.3849084999997,7.3610979520919235,-1.02007219385168,-50.68208680421928,-37.9088905915815,PR,2
70620.CFI-402257,0.46791360690982875,2453.6478407380946,12.891483734050977,5904.867230571428,3451.2193898333335,7.3610979520919235,2.6565542193167033,-9.856761394012125,0.5702610521106433,SD,3
70620.CFI-402257-2ON5OFF,-1.9579046266750328,-8411.196195928573,-5.689245002483651,5904.867230571428,14316.0634265,7.3610979520919235,27.978380562106924,28.710305650372312,81.97259811029546,PD,1
70620.CFI-402257-2ON5OFF+PACLITAXEL-15DAILY,-3.9154352209172716,-11074.530188428573,-6.588179918362695,5904.867230571428,16979.397419,7.3610979520919235,49.90024287539937,-11.21913928122007,7.369973950255471,SD,1
70620.CFI-402257-3ON4OFF+PACLITAXEL,0.6264855904811589,-1386.5229229285724,165.69400441157214,5904.867230571428,7291.3901535,7.3610979520919235,-8.682878636178861,-59.98000830260675,-58.81595814898404,PR,1
70620.CX-5461,0.5961382778913065,3094.946380071428,84.00040970055215,5904.867230571428,2809.9208505,7.3610979520919235,-0.03031941279069735,-37.02142282398317,-30.81671341828137,SD,1
70620.ERIBULIN,0.41427636547855773,-1150.4638164285716,8.467518005402646,5904.867230571428,7055.331047,7.3610979520919235,3.44118174556391,-11.546602519120485,-7.955220444240929,SD,1
70620.ERIBULIN-LOW,0.02327496888478514,-716.5968488035714,9.668477261323499,5904.867230571428,6621.4640793749995,7.3610979520919235,3.190084876179246,-32.06523094864569,-26.91485170521318,SD,2
70620.EVEROLIMUS,-0.30243903800968264,-1671.8041939285722,-0.7656201761705161,5904.867230571428,7576.6714245,7.3610979520919235,8.179025631591335,-1.7292490501613855,10.162772917982421,SD,1
70620.PACLITAXEL,0.5887099036482513,1915.1968229464278,109.98963193590666,5904.867230571428,3989.6704076250003,7.3610979520919235,-0.5255877254566432,-39.0305637036257,-33.527313740345306,SD,2
70620.PACLITAXEL-15DAILY,-1.4098690741902251,-2590.7258434285723,-5.496039380895698,5904.867230571428,8495.593074,7.3610979520919235,25.563231734276737,21.55507531834424,29.82789019767884,SD,1
70620_945_WEEKLY.CFI-400945-52WEEKLY,0.6210088711129508,3013.9186695,17.349255607845418,9412.582301,6398.6636315000005,15.57248382040323,2.6018979023387088,5.555319545256743,25.00985488432914,SD,1
71208.BMN-673,0.5520260025650174,599.9584214134616,111.00526879389155,4242.492901288461,3642.5344798749998,0.7596236535119721,-3.4384619426149614,-64.89632133455368,-57.175286753455524,PR,2
71208.CARBOPLATIN,0.34047163751469944,362.33857278846153,-18.916975678942944,4242.492901288461,3880.1543285,0.7596236535119721,1.4902989211890239,21.28344396019277,24.832746526205508,SD,1
71208.CFI-400945,0.5401713627836412,862.1180829930067,109.79990662847058,4242.492901288461,3380.3748182954546,0.7596236535119721,-3.1868601018812375,-86.47955031985879,-56.885850755708155,PR,11
71208.CFI-400945-41.6WEEKLY,0.03363690058073088,1829.5404487884612,96.43161772032835,4242.492901288461,2412.9524525,0.7596236535119721,-1.6782117525773188,-24.01411907343637,-18.418250144038183,SD,1
71208.CFI-402257,0.15839088546129348,635.7986585384615,19.60457756164542,4242.492901288461,3606.69424275,0.7596236535119721,0.31753731856034634,-18.229842692442826,-12.24271678350261,SD,2
71208.CFI-402257-3ON4OFF+PACLITAXEL,0.8582756078424318,2365.1898745384615,113.59000453978837,4242.492901288461,1877.30302675,0.7596236535119721,-4.123691150467715,-89.55300661738937,-87.30834705318472,PR,2
71208.CX-5461,0.029813853174206928,-38.58323233653846,7.797250926330548,4242.492901288461,4281.076133625,0.7596236535119721,0.5640210274104243,4.674221398265666,8.595871963522539,SD,2
71208.ERIBULIN,-2.8936304956247842,-3013.061886461538,-49.316033947555816,4242.492901288461,7255.554787749999,0.7596236535119721,16.525919796961322,0.37135629600837383,9.100751654048956,SD,1
71208.PACLITAXEL,0.5136315611860773,1489.8964595384614,107.44413504830655,4242.492901288461,2752.59644175,0.7596236535119721,-2.7811049280980766,-63.57631568392963,-58.416559536396264,PR,1
71335.BMN-673,0.8005571060734507,6785.9329669166655,45.75423589052779,10003.822711166666,3217.88974425,25.626711365100658,0.900755353895077,-28.25141356823081,-13.416949646117216,SD,3
71335.CARBOPLATIN,-0.6548521248837484,2279.5352176666656,-1.724214033380879,10003.822711166666,7724.2874935,25.626711365100658,112.24579260038907,82.05986201981304,86.67722749447493,PD,2
71335.CFI-400945,0.6922055002580159,2570.977885385415,4.328748566082129,10003.822711166666,7432.844825781251,25.626711365100658,8.691372713267008,-22.46648230199723,5.32722047537853,SD,8
71335.CFI-400945-3.75DAILY,0.7758833130960499,5872.3735699166655,19.260659256171476,10003.822711166666,4131.44914125,25.626711365100658,2.539257544685034,6.030918254906076,14.811644008690152,SD,2
71335.CFI-400945-5DAILY,0.49371389739379845,5244.239266791666,2.9177055349502705,10003.822711166666,4759.583444375,25.626711365100658,11.090316951615225,-9.532554635826562,22.68938176605267,SD,4
71335.CFI-402257,0.748244195984469,5282.461198666665,12.92670089433544,10003.822711166666,4721.361512500001,25.626711365100658,3.690448611601278,-11.069352647505005,-7.625586594171818,SD,2
71335.CFI-402257+ABT263,0.7676030167971134,6212.671173249999,16.27589758285638,10003.822711166666,3791.1515379166667,25.626711365100658,2.9868575819988137,-8.76398768890445,-0.032939449653979214,SD,3
71335.CFI-402257-2ON5OFF,-0.03429419435058928,-708.6027940833355,-0.463118642149993,10003.822711166666,10712.425505250001,25.626711365100658,32.33221220917311,18.75684658952319,47.3669443354519,PD,2
71335.CFI-402257-2ON5OFF+PACLITAXEL-15DAILY,-0.4376512134619479,-2908.6011258333347,-1.222191899384823,10003.822711166666,12912.423837,25.626711365100658,56.58488860271939,-7.867932349337369,101.92799010961919,PD,3
71335.CFI-402257-3ON4OFF,0.5500402502496268,4623.233608166665,4.462459683225351,10003.822711166666,5380.589103,25.626711365100658,8.51630211542396,-1.658208660291816,15.771596237661157,SD,2
71335.CFI-402257-3ON4OFF+PACLITAXEL,0.7660547731673273,4358.482573666666,158.96442915414,10003.822711166666,5645.340137499999,25.626711365100658,-2.9373259168562127,-67.72622566959834,-65.17442231211348,PR,2
71335.CX-5461,0.6822677424343185,5413.503788416666,9.642054670811364,10003.822711166666,4590.31892275,25.626711365100658,4.754920713147412,-11.277116687561218,4.307634291641382,SD,1
71335.ERIBULIN,0.5997658539062407,3084.8871117499993,161.32425219117383,10003.822711166666,6918.935599416666,25.626711365100658,-3.3887323327295378,-27.968736430742513,-10.698969653109447,SD,3
71335.ERIBULIN-EXTRALOW,0.6940742049148377,-708.0064035833329,174.73716987036767,10003.822711166666,10711.829114749999,25.626711365100658,-18.90324042206697,-88.07814194023445,-76.6318974707257,PR,1
71335.PACLITAXEL,-0.0961374686120775,59.39381608333133,-0.14172294865476404,10003.822711166666,9944.428895083334,25.626711365100658,27.3637343112368,19.14403821308841,47.3271780441598,PD,3
71335.PACLITAXEL-15DAILY,-1.2500286065546828,-5355.517566833336,-1.5415059190979803,10003.822711166666,15359.340278000001,25.626711365100658,82.65670157387865,3.85089580874467,88.85678742032914,PD,2
71732.CARBOPLATIN,0.70264231204549,6977.288258821427,3.190047298561111,16270.539357821428,9293.251099000001,73.88505373709128,14.42558892027801,77.73037756255317,122.69466778401934,PD,2
71732.CFI-400945,0.8306763577576326,10337.765178417581,9.494415671781388,16270.539357821428,5932.774179403847,73.88505373709128,5.519157347529409,-16.016348246884917,0.19649265429111384,SD,13
71732.CFI-402257-3ON4OFF,0.44730491238406933,3159.5537318214283,0.37635795303964736,16270.539357821428,13110.985626,73.88505373709128,49.738612494217854,126.54448394042474,183.88346156678023,PD,3
71732.CFI-402257-LOW+PACLITAXEL,0.65423984242581,6467.922861946427,2.37660261423394,16270.539357821428,9802.616495875001,73.88505373709128,18.159097166581958,2.106609968833796,28.82012882747035,SD,2
72642.CFI-400945,0.7403551366990243,7628.06458503125,13.829811159377693,15897.789165625,8269.72458059375,51.89768621737912,3.7494029283894457,-20.159354181204556,-4.603206649947161,SD,8
72877.CFI-400945,0.4426669774964121,2232.5891161874997,124.29657827519722,5358.01584,3125.4267238125003,3.929029898357289,-1.133323021236593,-42.49231099427249,-36.93344213300384,SD,4
72877.CFI-402257-LOW,0.3176193693861459,859.5688523333338,13.298028781753079,5358.01584,4498.446987666666,3.929029898357289,1.9146523588866078,-41.08725224596853,-29.764282085790228,SD,3
72877.PACLITAXEL,0.7454871264998756,1586.0773193333334,108.8718040383161,5358.01584,3771.9385206666666,3.929029898357289,-0.6531684276751083,-55.89506881028938,-51.8516561339053,PR,3
72955.BMN-673,-0.7526071591337216,-9423.373604062499,-0.35985142883180776,9247.2571324375,18670.6307365,48.773798356583626,70.32197665300333,96.57404186162115,162.18028233768132,PD,1
72955.CARBOPLATIN,-0.5793815414870738,-2351.714501562501,-0.2978948325813687,9247.2571324375,11598.971634000001,48.773798356583626,65.35141309922311,30.786001780284067,66.20868756454952,PD,2
72955.CFI-400945,0.06413197687701527,-2906.512770187501,0.6833962252443271,9247.2571324375,12153.769902625001,48.773798356583626,30.827257416881665,54.68126902257636,123.59570570845041,PD,2
72955.CFI-400945-41.6WEEKLY,0.4432410605889276,699.3559308125004,2.3089394356126363,9247.2571324375,8547.901201625,48.773798356583626,16.427493605175783,34.105900294014646,73.97217828143015,PD,2
72955.CFI-402257,-0.7105032551221153,418.7593991875019,-0.43535594546882406,9247.2571324375,8828.497733249998,48.773798356583626,77.5057973342246,60.599657489730504,102.03222899777171,PD,1
72955.CFI-402257-3ON4OFF+PACLITAXEL,0.765496932938375,5349.7636018125,87.92840714361533,9247.2571324375,3897.493530625,48.773798356583626,0.015657455962063693,-0.6417932651624714,7.148920973521921,SD,2
72955.CX-5461,0.05573850618671655,-293.9127070625,0.3854670294151343,9247.2571324375,9541.1698395,48.773798356583626,36.718350845410164,96.77853068620306,154.1126986807215,PD,2
72955.DMSO,0.034962147740130844,888.1084953541686,0.3927113401480928,9247.2571324375,8359.148637083332,48.773798356583626,36.54854556050348,46.719487169652105,61.897630265541295,PD,3
72955.ERIBULIN,0.662014722523262,5218.6574904375,4.607236981509129,9247.2571324375,4028.599642,48.773798356583626,9.876023727681742,-6.418929092543713,0.9049706657854539,SD,1
72955.FLUVASTATIN+TERBINIFINE,0.4962855609925297,1814.5185643124996,0.9418295535571058,9247.2571324375,7432.738568125001,48.773798356583626,27.060102599454797,-7.915822049031029,52.05046287638115,PD,6
72955.PACLITAXEL,0.6131097997181577,4036.3661595625,4.0249754348322755,9247.2571324375,5210.890972875,48.773798356583626,10.989137288653751,1.7378985556738225,31.574351068784836,PD,2
72955.PEG400,-0.6242941008598888,-10050.821615145835,-0.45718575154224583,9247.2571324375,19298.078747583335,48.773798356583626,79.86456821652519,85.95326257224652,152.8932191793154,PD,3
72955.TOPOTECAN,0.5806819221920548,1131.1833523125006,30.90736446978632,9247.2571324375,8116.073780125,48.773798356583626,1.5952543465714197,-41.743565678366245,-28.892116526587415,SD,2
72955.TOPOTECAN-LOW,0.7131835087387355,5505.425844437501,8.299673931241498,9247.2571324375,3741.831288,48.773798356583626,5.992317320661158,34.89475736123935,38.65538984800296,PD,1
73009.CFI-400945,0.6048667655276656,-7728.4914094375,0.6810809768170469,8887.38892475,16615.8803341875,84.10444296765013,42.05036745982691,-0.9962780772801381,22.90841974080737,SD,4
73062.ADC-CONTROL,0.9723381683880896,5858.589106824999,168.22525637054122,7986.814223074999,2128.2251162499997,19.054680197304634,-6.481614637348845,-95.1455501801019,-95.1455501801019,CR,1
73062.AZD-5305,0.9946213105199063,6345.678541199999,168.27869772002532,7986.814223074999,1641.1356818749998,19.054680197304634,-6.5219765089347606,-98.07896439378207,-98.03197560013948,CR,2
73062.AZD-8205,0.9984632315771161,7088.562348741666,164.29295240783208,7986.814223074999,898.2518743333334,19.054680197304634,-4.4363066252689975,-100.0,-99.84122701792839,CR,3
73062.CFI-400945,0.5701493487852871,3929.0554906044113,159.35287873957347,7986.814223074999,4057.758732470588,19.054680197304634,-3.14421712706163,-25.394366360088092,-18.07470273555445,SD,17
73062.CFI-400945-2ON5OFF,0.8481670685134114,5583.219496774998,46.095366427481636,7986.814223074999,2403.5947263000003,19.054680197304634,0.8662417097297297,-55.48054266854439,-44.53757558308587,PR,5
73062.DATOPOTAMAB-CONTROL,0.9615807894279023,5034.499098449999,169.55672426219314,7986.814223074999,2952.315124625,19.054680197304634,-7.658630927163207,-87.17467573646647,-47.88070438499737,PR,2
73062.DATOPOTAMAB-DERUXTECAN,0.9792536262910672,7227.275180324999,169.42795591077973,7986.814223074999,759.5390427499999,19.054680197304634,-7.526829601059137,-98.00454340523422,-96.43890483521997,CR,1
73062.PQ-1-6,0.9938529263084643,7241.798330158333,160.22370178739178,7986.814223074999,745.0158929166665,19.054680197304634,-3.3179896771196176,-96.08895604933561,-94.78527473244748,CR,3
73062.PQ-1-6-VEHICLE,0.7782024427118648,4114.175735762499,154.592488633601,7986.814223074999,3872.6384873125,19.054680197304634,-2.4257788424430644,-32.373949623155745,-25.408852869500123,SD,4
73062.SACITUZAMAB-GOVITECAN,0.9909484339892137,7168.342918074999,168.54261598753993,7986.814223074999,818.471305,19.054680197304634,-6.728727340976333,-94.43828286402581,-72.58042886742219,PR,2
73062.TRASTUZUMAB-DERUXTECAN,0.981558778925393,6748.708082324999,168.2348087753437,7986.814223074999,1238.1061407500001,19.054680197304634,-6.488793282831514,-93.40521864099739,-91.06197933036411,PR,2
73230.ADC-CONTROL,0.9370524169062379,4834.067870389474,164.2381348078131,7030.962177289473,2196.8943069,13.26678142913286,-4.93664148174731,-87.24541611415404,-87.24541611415404,PR,5
73230.AZD-5305,0.963705898036029,4774.691796889474,165.59404041155994,7030.962177289473,2256.2703804,13.26678142913286,-5.616596254462839,-99.55735936532415,-98.52453121774718,CR,5
73230.AZD-8205,1.0,6311.220384289473,163.37676892801136,7030.962177289473,719.741793,13.26678142913286,-4.581556951715554,-100.0,-100.0,CR,4
73230.BMN-673,0.9354771520640516,3646.1515951644733,152.92453797247103,7030.962177289473,3384.810582125,13.26678142913286,-2.3829945477687575,-88.04042692580953,-78.0856945125103,PR,4
73230.CARBOPLATIN,0.5199182857746647,-823.9711132105276,70.87546270757733,7030.962177289473,7854.933290500001,13.26678142913286,0.2644718574226055,-35.81991400263832,-26.669312686575996,SD,2
73230.CDX-011,0.19811759653749594,1039.2802679144734,0.27914230856204636,7030.962177289473,5991.681909375,13.26678142913286,12.45675887389937,29.957444920485,81.39949919108597,PD,2
73230.CFI-400945,0.9354771520640516,5301.400092289473,160.97449627065137,7030.962177289473,1729.5620850000003,13.26678142913286,-3.807734667964167,-77.82353183568529,-77.82353183568529,PR,3
73230.CFI-400945-3.75DAILY,-0.45934094416714366,-4451.5842382105275,-0.72867190516742,7030.962177289473,11482.5464155,13.26678142913286,15.974999154536862,73.28591834166198,96.93552142287795,PD,1
73230.CFI-400945-41.6WEEKLY,0.8766207712057031,4764.941414539473,112.0052806944727,7030.962177289473,2266.02076275,13.26678142913286,-0.4945754579007909,-43.032758651946125,-38.6596594716353,SD,3
73230.CFI-400945-52WEEKLY,0.7193183324948417,3189.5012830394726,45.27209979344203,7030.962177289473,3841.460894250001,13.26678142913286,0.8515878327745179,26.42231404958677,30.036595979777815,PD,1
73230.CFI-400945-5DAILY,0.2362902918049019,-395.5502916271935,1.3004882957472523,7030.962177289473,7426.512468916667,13.26678142913286,10.17852633448972,0.027514996119548663,26.092719989806735,SD,3
73230.CFI-402257,0.6321514920143676,3853.803725164473,9.947971814007994,7030.962177289473,3177.1584521250006,13.26678142913286,3.935045029205347,15.812276504840034,21.825811856443334,SD,2
73230.CFI-402257-3ON4OFF+PACLITAXEL,0.982357033767514,5681.286031289474,164.91618187247965,7030.962177289473,1349.676146,13.26678142913286,-5.255523314642948,-96.40103897229537,-96.40103897229537,CR,2
73230.CX-5461,0.7902518197587203,2743.7058929394734,140.3495240937632,7030.962177289473,4287.25628435,13.26678142913286,-1.410267870519751,-50.34559958776137,-44.70056581580405,PR,5
73230.DATOPOTAMAB-CONTROL,0.969591883940341,4231.690405539473,166.3272345113379,7030.962177289473,2799.27177175,13.26678142913286,-6.065356548974695,-89.33303940630447,-62.41954218209389,PR,2
73230.DATOPOTAMAB-DERUXTECAN,0.9989918305010008,6161.525407289473,164.30824937554968,7030.962177289473,869.43677,13.26678142913286,-4.9678767499999985,-99.4814210670358,-77.41220348466894,CR,1
73230.ERIBULIN,0.9989918305010008,6376.468374789473,166.02822934246234,7030.962177289473,654.4938025,13.26678142913286,-5.874201160737303,-99.67959308321568,-99.67959308321568,CR,1
73230.ERIBULIN-EXTRALOW,0.982357033767514,4693.977612039474,166.41027715567694,7030.962177289473,2336.98456525,13.26678142913286,-6.120611831775729,-92.92435639341359,-87.24222582829748,PR,2
73230.ERIBULIN-LOW,0.9032655820778028,3075.0414582894737,168.41554284330095,7030.962177289473,3955.9207189999997,13.26678142913286,-7.834570475931662,-99.10168254796176,-93.90893284529506,CR,2
73230.EVEROLIMUS,0.22812022732874226,240.2505287894728,3.115121205455682,7030.962177289473,6790.711648500001,13.26678142913286,7.672616127443608,24.534626558928686,28.387658695896146,SD,1
73230.PACLITAXEL,0.9919346440080065,5208.622498956141,167.35367625524216,7030.962177289473,1822.339678333333,13.26678142913286,-6.824948629456112,-100.0,-99.81825277758463,CR,3
73230.PQ-1-6,0.9949591525050041,5814.221223414474,163.81260060387223,7030.962177289473,1216.7409538749998,13.26678142913286,-4.754876920092023,-99.14722322880655,-95.22567681847946,CR,4
73230.PQ-1-6-VEHICLE,0.446489337544168,3035.2492155394734,1.2691320322633306,7030.962177289473,3995.71296175,13.26678142913286,10.236092767048284,-61.91777413765887,-28.187078985276003,PR,1
73230.SACITUZAMAB-GOVITECAN,0.9979836610020016,5675.0864646228065,169.45152566694867,7030.962177289473,1355.8757126666667,13.26678142913286,-9.148808953338351,-99.55844631334398,-98.38096981559457,CR,3
73230.TRASTUZUMAB-CONTROL,0.982357033767514,5934.837566039474,167.75612490923052,7030.962177289473,1096.1246112499998,13.26678142913286,-7.175986707667334,-96.65840910545234,-87.95235703744738,CR,2
73230.TRASTUZUMAB-DERUXTECAN,0.9979836610020016,6135.404821789473,168.00476682950134,7030.962177289473,895.5573555000001,13.26678142913286,-7.411117844386271,-99.14472761866784,-88.88145904268198,CR,3
73230_P11.CX-5461,0.9590299770201599,13060.6943635,156.1519944751695,14215.355169,1154.6608055,39.49439148733863,-2.4264723401191657,-75.99503418301984,-67.97993866089429,PR,1
73263.AZD-5305,0.9671354815862669,1708.6103453409105,173.5850082791864,7507.646054090911,5799.035708750001,22.966380956536245,-14.586741955547739,-97.40063900351312,-95.23450483977408,CR,1
73263.AZD-8205,0.9926967736858371,5715.389851340911,169.76040170491302,7507.646054090911,1792.2562027499998,22.966380956536245,-7.351312385761203,-99.32055271243104,-97.50869327891377,CR,1
73263.BMN-673,0.9671354815862669,2583.6829989034113,165.80271296591314,7507.646054090911,4923.9630551875,22.966380956536245,-4.827080203217314,-99.79013100627012,-98.74179706400855,CR,4
73263.CARBOPLATIN,0.9958919351982833,5974.504791340911,168.4949457010756,7507.646054090911,1533.14126275,22.966380956536245,-6.305302791114744,-99.57483657869437,-99.57483657869437,CR,2
73263.CDX-011,0.34615580512620203,-57.97823590908865,6.836123818142714,7507.646054090911,7565.62429,22.966380956536245,6.087104754296628,26.98561265830861,33.518429148515594,PD,2
73263.CFI-400945,0.6912216071276549,3009.7153975631345,19.186280984784194,7507.646054090911,4497.930656527777,22.966380956536245,2.5155118767122597,-29.034549940395838,-22.743118932202922,SD,9
73263.CFI-400945+ABT-263,0.9415741894866967,6178.440998090911,156.10683087580108,7507.646054090911,1329.2050560000002,22.966380956536245,-2.5517023281519866,-88.58447488584476,-78.15547663340662,PR,1
73263.CFI-400945-41.6WEEKLY,0.5088636018213186,1906.5759840909113,10.706249000169954,7507.646054090911,5601.07007,22.966380956536245,4.263708658846033,-7.580340575161026,4.741208145553094,SD,2
73263.CFI-402257,0.5454721274211369,2130.305564715911,1.068850778384098,7507.646054090911,5377.340489375,22.966380956536245,16.064358933941588,-4.9298999838775455,16.809217647227868,SD,8
73263.CFI-402257-3ON4OFF+PACLITAXEL,0.9926967736858371,6317.244594368689,167.15593754796896,7507.646054090911,1190.4014597222222,22.966380956536245,-5.475008558085441,-99.7234072072116,-99.7234072072116,CR,9
73263.CX-5461,0.8743413891482391,2586.8283767575786,15.250938210410714,7507.646054090911,4920.8176773333325,22.966380956536245,3.1251016146152075,-47.22163505065213,-44.4159396879791,SD,3
73263.DATOPOTAMAB-CONTROL,0.6270797366556878,3702.4916743409112,14.975505655778898,7507.646054090911,3805.15437975,22.966380956536245,3.17764702813653,-3.2395864577185685,32.81441937613157,PD,1
73263.DATOPOTAMAB-DERUXTECAN,0.9671354815862669,4012.395546090911,173.74213575935926,7507.646054090911,3495.250508,22.966380956536245,-15.19742169108561,-98.57921670163729,-96.9216361868808,CR,1
73263.ERIBULIN,0.9926967736858371,6443.4837074409115,165.2716686272196,7507.646054090911,1064.16234665,22.966380956536245,-4.611489109217123,-97.63362290371114,-96.72371621009303,CR,2
73263.ERIBULIN-EXTRALOW,0.8412384706050295,3959.0964220909113,161.3884360414521,7507.646054090911,3548.5496319999997,22.966380956536245,-3.4604165094606034,-82.55816884755417,-72.57377637946375,PR,1
73263.ERIBULIN-LOW,0.2913935325691964,-2855.33734303409,8.344480864281799,7507.646054090911,10362.983397125001,22.966380956536245,5.2235212301825245,-66.8958399582817,-59.43634777018948,PR,2
73263.EVEROLIMUS,0.4978022895265434,2228.309296840911,7.195064711547214,7507.646054090911,5279.33675725,22.966380956536245,5.857468985541359,1.6292513250757423,11.982166505971925,SD,1
73263.PACLITAXEL,0.9926967736858371,3188.367326019483,151.59915823636067,7507.646054090911,4319.278728071428,22.966380956536245,-2.0587191955164905,-99.70244696006509,-97.16127050868732,CR,14
73263.PQ-1-6,0.9926967736858371,6139.826474090911,167.63977555990226,7507.646054090911,1367.81958,22.966380956536245,-5.749271900884451,-98.99806010910936,-93.55331330122142,CR,3
73263.PQ-1-6-VEHICLE,0.4936561201415326,2808.621729590911,16.87282434222723,7507.646054090911,4699.0243245,22.966380956536245,2.845038767704901,-60.56588508410003,2.2777640688918632,SD,3
73263.SACITUZAMAB-GOVITECAN,0.9598322552721039,4779.566751840911,171.3252430098438,7507.646054090911,2728.07930225,22.966380956536245,-9.232824666868678,-95.30805161893977,-94.04322277193631,CR,2
73263.TRASTUZUMAB-DERUXTECAN,0.8691700038080856,4632.2321268409105,157.0895572796663,7507.646054090911,2875.41392725,22.966380956536245,-2.686443071955718,-94.13543445859783,-91.69186548301357,PR,1
73263_CX.CFI-400945,0.7576343872492646,5381.466661249999,41.645009805070714,8025.518889249999,2644.052228,11.88638130745342,0.9504924633984031,3.3898463887273245,14.298000615993045,SD,1
73263_CX.CX-5461,0.8323525671031594,5619.853698749999,88.53586665971036,8025.518889249999,2405.6651905,11.88638130745342,-0.058444708074534266,-25.162820612293036,-16.435849200659682,SD,1
73263_P5_SG_TREATED.SACITUZAMAB-GOVITECAN,,,,,2657.923715625,,0.23265177046783636,-28.14351229257831,1.633571548302914,SD,2
73471.BMN-673,0.36888768737399763,2267.017295565219,3.870949920719221,7699.344161065218,5432.326865499999,15.616491764558772,7.560191378494042,3.818062405861239,27.156134849054492,SD,4
73471.CARBOPLATIN,0.653106566077359,3605.9815703152176,60.32854866797961,7699.344161065218,4093.3625907500004,15.616491764558772,0.4878952009669967,-12.253730782063121,-7.752272770088342,SD,5
73471.CDX-011,0.9920742228256504,6081.502315815218,166.5789452224031,7699.344161065218,1617.84184525,15.616491764558772,-5.815321532511457,-99.62732234222199,-99.62732234222199,CR,1
73471.CFI-400945,0.34360562129562267,2376.5851839245925,1.3432777442980373,7699.344161065218,5322.758977140626,15.616491764558772,11.413526029614093,16.522735934745324,69.5659169475575,PD,16
73471.CFI-400945-2ON5OFF,0.7468502931464409,5150.634637940218,13.153567629014347,7699.344161065218,2548.709523125,15.616491764558772,3.308508823572833,37.21985717019251,69.20568838119215,PD,4
73471.CFI-400945-52WEEKLY,0.2698688785626723,1874.318238190218,3.9118397444943347,7699.344161065218,5825.025922875,15.616491764558772,7.518910019012944,15.376410580868827,44.84816122316852,PD,2
73471.CFI-402257,0.5693659737733283,4081.9196685652178,9.388192336886682,7699.344161065218,3617.4244925000003,15.616491764558772,4.313570723958334,-17.818037966261635,-11.165992232739741,SD,1
73471.CFI-402257-2ON5OFF,0.6220850365695128,3828.0625928152185,12.876912785859686,7699.344161065218,3871.2815682499995,15.616491764558772,3.3671285723270454,-19.263390667597978,-15.571214227478858,SD,1
73471.CFI-402257-2ON5OFF+PACLITAXEL-15DAILY,0.48319149616715684,1201.922445898551,6.074798250551522,7699.344161065218,6497.421715166667,15.616491764558772,5.826527589216879,19.501060067195787,26.51767478167397,SD,3
73471.CFI-402257-3ON4OFF,0.40851619875277434,1100.9934426485515,10.895942890407435,7699.344161065218,6598.3507184166665,15.616491764558772,3.8501125298142718,22.201715688233147,29.274076633143274,SD,3
73471.CFI-402257-3ON4OFF+PACLITAXEL,0.8145473692739705,4724.385324906127,162.0317404953594,7699.344161065218,2974.958836159091,15.616491764558772,-3.921916720564734,-39.79108230970113,-39.79108230970113,SD,11
73471.CX-5461,0.449244195737064,2573.7198506902178,5.535836490733517,7699.344161065218,5125.624310375,15.616491764558772,6.174349147399784,5.57660348344427,29.961323266940965,SD,4
73471.ERIBULIN,0.9920742228256504,6668.334717065218,164.8043923071116,7699.344161065218,1031.009444,15.616491764558772,-4.901282872264355,-97.51103796328236,-97.51103796328236,CR,2
73471.ERIBULIN-LOW,0.6253652997645481,4818.159418815218,21.280482039802692,7699.344161065218,2881.18474225,15.616491764558772,2.149950736330134,-45.12216402674358,-40.1871468284578,SD,2
73471.EVEROLIMUS,0.7074806054517087,4448.925341315218,44.37738287779969,7699.344161065218,3250.41881975,15.616491764558772,0.8990994237230034,-17.011307531912884,-12.06744625900017,SD,2
73471.PACLITAXEL,0.6311178417170791,2897.647605290218,16.398403825699354,7699.344161065218,4801.696555775,15.616491764558772,2.73820551881315,-23.049010602188176,-7.472862458632901,SD,10
73471.PACLITAXEL-15DAILY,-1.4419020196825114,-6149.445739434782,-2.245050594754051,7699.344161065218,13848.7899005,15.616491764558772,40.372887340922325,-2.933964147162227,27.201674459620207,SD,3
85277.ADC-CONTROL,-0.2879966181072122,-3114.67867845,-0.6802118434603701,9140.601176799999,12255.279855249999,20.554266361625345,27.204981526706238,114.69173046033477,178.30921571786118,PD,1
85277.AZD-5305,-0.06628034808908168,1702.0570415499988,-0.7310642900413603,9140.601176799999,7438.54413525,20.554266361625345,27.879024482690408,138.26160866239582,359.69754737832255,PD,1
85277.AZD-8205,-0.6760792610252222,-4899.6321967,-1.390784376543717,9140.601176799999,14040.2333735,20.554266361625345,41.077192916419385,244.40971346441026,372.9500560143587,PD,1
85277.BMN-673,0.051079268551364465,100.31156296666632,2.097470255411027,9140.601176799999,9040.289613833333,20.554266361625345,11.705758220506182,45.598492902752106,106.30994918596541,PD,3
85277.CARBOPLATIN,0.5422757003974368,4504.002563425,5.976727931094108,9140.601176799999,4636.598613374999,20.554266361625345,6.488014524407784,-7.693202066804794,10.675722306076395,SD,2
85277.CDX-011,0.4353704678844933,879.313560862498,1.447046682469643,9140.601176799999,8261.287615937501,20.554266361625345,13.512828659305018,23.60368080176803,36.78723961035465,PD,4
85277.CFI-400945,0.6598762581878684,1929.8592536571423,7.452383932211687,9140.601176799999,7210.741923142857,20.554266361625345,5.536846636006315,-18.13081893375039,12.87810238937508,SD,7
85277.CFI-400945-3.75DAILY,0.7067485804008857,4894.447850799998,17.02486700133248,9140.601176799999,4246.153326000001,20.554266361625345,2.7760549363418527,15.984201785379582,19.474256156381763,SD,1
85277.CFI-400945-52WEEKLY,0.8833421015765195,4912.270666549998,165.42047562651183,9140.601176799999,4228.330510250001,20.554266361625345,-4.789158733177574,-92.6507730068925,-87.58701529541028,PR,2
85277.CFI-400945-5DAILY,0.5198022753180797,4038.8996330499995,10.559202431367098,9140.601176799999,5101.7015437499995,20.554266361625345,4.21565604122807,16.47686589934958,27.796144180678105,SD,1
85277.CFI-402257,0.38532049296116233,2329.3383289875,0.8208858685780093,9140.601176799999,6811.262847812499,20.554266361625345,15.867028039589623,37.85919681541279,89.48866745921296,PD,4
85277.CX-5461,0.8083430731436063,5726.800453549999,140.6211531660612,9140.601176799999,3413.80072325,20.554266361625345,-1.3468200286323189,-37.130650735649425,-23.034403765048523,SD,2
85277.DATOPOTAMAB-CONTROL,0.20784719314511757,2447.3422476749984,0.44757188171073375,9140.601176799999,6693.258929125001,20.554266361625345,17.70383734968857,60.62245732859106,163.55187512677776,PD,2
85277.DATOPOTAMAB-DERUXTECAN,0.9861055833132065,7964.903371299999,168.38413691351238,9140.601176799999,1175.6978055,20.554266361625345,-6.436924062602554,-95.04523327658328,-81.2691762441215,CR,2
85277.ERIBULIN-EXTRALOW,0.9938247036947585,7790.653370299999,162.8621330581604,9140.601176799999,1349.9478064999998,20.554266361625345,-3.9081834920091323,-97.106507383515,-97.106507383515,CR,1
85277.ERIBULIN-LOW,0.7933430537917716,5216.168936299999,139.01028511629826,9140.601176799999,3924.4322405,20.554266361625345,-1.270573722250771,-99.65057358503259,-98.01991698185132,CR,1
85277.EVEROLIMUS,0.7427441803231848,5153.344550549999,68.7313491683608,9140.601176799999,3987.2566262499995,20.554266361625345,0.3342714438087771,-21.725663587532296,-19.300679011345334,SD,1
85277.PACLITAXEL,0.8414430920666183,4616.874185633332,141.69211095005102,9140.601176799999,4523.726991166667,20.554266361625345,-1.400781909533763,-50.24758791030936,-45.40998338707355,PR,3
85277.SACITUZAMAB-GOVITECAN,0.6838464855498196,5347.258407424999,16.051621138523938,9140.601176799999,3793.3427693750004,20.554266361625345,2.931280835246274,-32.185002929597815,-3.6763737745781953,SD,2
85277.TRASTUZUMAB-CONTROL,0.8275159957117775,6828.074707133332,36.14242666487812,9140.601176799999,2312.526469666667,20.554266361625345,1.2380853397833045,-61.97330160938688,-38.21423597857873,PR,3
85277.TRASTUZUMAB-DERUXTECAN,0.9992280879618448,7928.457555549999,171.1506300049546,9140.601176799999,1212.14362125,20.554266361625345,-9.4131615554367,-99.71129362993098,-95.48682702229732,CR,3
85277_P11.BMN-673,0.6378948624802345,9112.60488925,2.3112413781379324,14850.11377175,5737.5088825,48.99234684756096,16.441385825203245,97.14925460814396,201.7281388591238,PD,1
87654.BMN-673,-3.1913030670078744,-11713.4830895,-22.502782985878973,4366.4619685,16079.945058,1.9301765145158607,11.699720610815605,14.915364583333336,40.50488736768927,PD,1
87654.CFI-400945,-0.09155662882539839,111.1388465,-11.672271061276144,4366.4619685,4255.323122,1.9301765145158607,3.5538437428195726,-34.188741475391446,-0.1542142267886284,SD,2
87654.CFI-402257,-0.42469155590882357,-84.11178400000063,-19.83547810638344,4366.4619685,4450.5737525,1.9301765145158607,7.542218478356891,5.589225589225588,63.3299203864506,PD,1
91142.CFI-400945,0.48139728726121356,-6868.6340152500015,0.9660990914187958,14679.86905175,21548.503067,126.08411910714285,40.32625915,137.7313105576133,217.22279233145474,PD,1
91142.CFI-402257,0.7792938415255297,10108.46350325,2.8205637760627362,14679.86905175,4571.405548500001,126.08411910714285,17.475948000000006,40.88105006297729,75.96325485166768,PD,1
91142.PALBOCICLIB,0.8711597448622105,10411.797536,14.372346873655445,14679.86905175,4268.07151575,126.08411910714285,3.7777025071428576,1.6770979188133195,36.05854861259017,PD,1
95412.BMN-673,0.9714670742718398,5806.810546000001,165.0588513817813,7520.389495750001,1713.5789497500002,10.493220347019873,-5.977480201968134,-89.35451105373753,-51.49336962609195,PR,1
95412.CARBOPLATIN,0.6664492993158861,4427.113985250001,36.038182031372195,7520.389495750001,3093.2755104999997,10.493220347019873,1.131009842857143,6.7812921582552255,12.528988444982915,SD,1
95412.CFI-400945,0.9714670742718398,3476.5009827500007,171.26793079365373,7520.389495750001,4043.888513,10.493220347019873,-17.405299953642388,-100.0,-75.81838274214996,CR,1
95412.CFI-400945-52WEEKLY,0.9915457997842488,6284.4565947500005,168.23124582782222,7520.389495750001,1235.9329010000001,10.493220347019873,-9.021897142857142,-100.0,-70.98929299236099,CR,1
95412.CFI-402257,0.49215281135973976,2838.6801322500005,10.715571156680092,7520.389495750001,4681.7093635,10.493220347019873,3.451149297018348,-18.207911257776065,8.242363627350269,SD,1
95412.PACLITAXEL,1.0,6338.4499187500005,160.84972306108793,7520.389495750001,1181.9395769999999,10.493220347019873,-4.1001585285714315,-100.0,-99.83618303751496,CR,1
BPTO00_PDX.DATOPOTAMAB-DERUXTECAN,0.9720942627897226,3102.3156075,146.64612044971133,4053.9788815,951.663274,2.4182302080471048,-5.199017747939443,-94.83821665851205,-79.20514192329193,PR,2
BPTO00_PDX.SACITUZAMAB-GOVITECAN,0.7153474903789157,2503.6659788333336,138.08240131507156,4053.9788815,1550.3129026666668,2.4182302080471048,-2.83156662626282,-68.8158021767158,-53.11579982926888,PR,3
BPTO00_PDX.TRASTUZUMAB-DERUXTECAN,0.9162827883691678,3110.1101345833335,145.12587294449773,4053.9788815,943.8687469166667,2.4182302080471048,-4.545317128364689,-95.99514210737625,-80.81005593117784,CR,3
BPTO51.CFI-400945-5DAILY,0.8405308648403547,8120.669524125,148.45630861407653,10723.98157475,2603.3120506249998,10.860006887112403,-2.024887392264335,-39.08492867160115,-29.035470254734605,SD,2
BPTO51.CFI-402257-3ON4OFF+PACLITAXEL,0.9340967432726638,8116.24686225,145.29123999786745,10723.98157475,2607.7347125,10.860006887112403,-1.7712613269794715,-95.61339417190067,-92.1406645579887,CR,1
BPTO51.CX-5461,0.7271341105376481,7852.829867750001,24.56271928458293,10723.98157475,2871.1517069999995,10.860006887112403,1.7444224108527133,2.7765085999394756,48.913512431399894,PD,1
BPTO51.ERIBULIN-EXTRALOW,0.4865538723160132,5385.49035175,7.34795109997644,10723.98157475,5338.491223,10.860006887112403,4.470456495601172,35.10800065556903,59.10109271286199,PD,1
BPTO95.CFI-400945,0.29254012493428755,1417.6367049583332,11.610249367805102,5211.973443333333,3794.336738375,3.1718336235500857,1.795980567372171,-16.39840279007543,-6.5059033702300155,SD,2
BPTO95.CFI-402257,0.6032315903401225,2486.7049358333334,98.67770548290606,5211.973443333333,2725.2685075,3.1718336235500857,-0.4915509571428571,-35.39045522922724,-25.71204768989571,SD,2
BPTO95.PACLITAXEL,0.5469707399044517,1691.3770108333333,132.40991413262321,5211.973443333333,3520.5964325,3.1718336235500857,-1.7256928000000011,-97.00928358749114,-55.57232724397054,CR,1
BPTO95.PALBOCICLIB,0.39587911423575034,1664.3271724895835,85.36077267027126,5211.973443333333,3547.64627084375,3.1718336235500857,-0.22828740872945025,-32.982318354182766,-26.37249127547836,SD,8
BXTO64.ABT-263,-0.09184621507363855,-163.9312278437501,-0.3710224853318286,10773.351717906251,10937.282945750001,16.07786973016419,17.95357721428571,18.13777186984147,67.80620904693761,PD,1
BXTO64.CARBOPLATIN,0.204278394484318,2382.783087406251,1.0227757457185052,10773.351717906251,8390.5686305,16.07786973016419,12.47832193198928,16.091593630139734,55.212393211795025,PD,2
BXTO64.CFI-400945+ABT-263-LOW,0.8041828994669906,6857.452709906251,148.1569589881718,10773.351717906251,3915.899008,16.07786973016419,-1.8584459428571432,-100.0,-100.0,CR,1
BXTO64.CFI-400945-3.75DAILY,0.48632844398202857,6893.177636906251,3.377263308080712,10773.351717906251,3880.174081,16.07786973016419,8.219861413793106,24.526276400008996,30.194551802114344,PD,1
BXTO64.CFI-400945-52WEEKLY,0.6632643184442232,4808.901748906251,43.52615155093255,10773.351717906251,5964.449969,16.07786973016419,0.9297385194472497,-26.395349392769894,-22.16567567061808,SD,3
BXTO64.CFI-400945-5DAILY,0.5882595605715293,7148.445690906252,8.294787438626674,10773.351717906251,3624.9060269999995,16.07786973016419,4.764357970943775,18.679650242897843,40.5821691683624,PD,2
BXTO64.CFI-402257-3ON4OFF+PACLITAXEL,0.3037319689070943,1742.618229906253,6.117127432281466,10773.351717906251,9030.733487999998,16.07786973016419,5.864917917594654,-15.175643335601485,6.268214504758474,SD,1
BXTO64.CX-5461,0.591532273941089,5385.60942778125,7.12403285036603,10773.351717906251,5387.742290125001,16.07786973016419,5.3009250914293595,82.15835944457064,93.67842455862566,PD,2
BXTO64.ERIBULIN,1.0,10340.47463190625,165.56312818422055,10773.351717906251,432.877086,16.07786973016419,-5.203777327323719,-100.0,-100.0,CR,1
BXTO64.ERIBULIN-EXTRALOW,0.6075520009159903,4469.681252406252,10.046479289203544,10773.351717906251,6303.670465499999,16.07786973016419,4.131757450954726,13.463836619340245,31.401107134031747,PD,2
BXTO64.ERIBULIN-LOW,0.9637339228655437,8766.44743953125,168.4248936550048,10773.351717906251,2006.904278375,16.07786973016419,-7.100937343151835,-95.47289905922662,-90.14150870632372,CR,2
BXTO64.PACLITAXEL,0.6551704760728279,5213.699343281251,24.42758069728301,10773.351717906251,5559.652374625,16.07786973016419,1.8817849994301983,-11.143678930751138,6.522827656162434,SD,2
BXTO81.CARBOPLATIN,,,,,3185.2654939999998,,3.2715194596153854,12.186587064676612,30.075500967385317,PD,1
BXTO81.CFI-400945-5DAILY,,,,,5597.864609,,6.037773097614841,28.564275669724772,64.94779159225281,PD,1
BXTO81.PACLITAXEL-15DAILY,,,,,2155.2370920000003,,-2.721118989232468,-95.65891691268443,-95.65891691268443,CR,1
DCPTOB19.BMN-673,0.3243800556384997,700.3250553999997,95.85792972722466,4872.3242494,4171.999194,2.5027721371017955,-0.5236199682259486,-33.8290199615026,-17.8162300282356,SD,1
DCPTOB19.CFI-400945,0.7396116677354976,2286.4591578499994,129.7588741560276,4872.3242494,2585.86509155,2.5027721371017955,-1.8447179007987657,-99.47740866943063,-98.2580288981021,CR,5
DCPTOB19.CFI-400945-5DAILY,0.7207010772101266,2145.4409351499994,146.4642412667804,4872.3242494,2726.8833142500002,2.5027721371017955,-4.805062182492581,-99.67811119770992,-86.99760097348616,CR,1
DCPTOB19.CFI-402257,0.43522414316655356,1216.2040087749992,67.83462612505352,4872.3242494,3656.1202406250004,2.5027721371017955,0.006734477311795606,-14.960805104077133,3.190441854675619,SD,2
DCPTOB19.CX-5461,0.36925771908464544,1335.3740946499997,55.41847822251425,4872.3242494,3536.95015475,2.5027721371017955,0.2272311197129877,-7.553501163101506,-1.5240079205879322,SD,2
DCPTOB19.ERIBULIN-LOW,0.9156353867602706,3249.785589275,146.37514291650868,4872.3242494,1622.5386601249998,2.5027721371017955,-4.7678807350933035,-100.0,-90.21811224401677,CR,2
DCPTOB19.PACLITAXEL,0.3848946333599772,470.1930973999997,121.23507619997527,4872.3242494,4402.131152,2.5027721371017955,-1.3277485657546344,-34.966700319928535,-32.18799765741005,SD,1
INSB014.BMN-673,0.4981182701971243,1563.3799262312496,0.6426118494315957,15156.79034478125,13593.41041855,84.12952232503268,43.27940673137556,93.07236926475817,137.6011902842814,PD,5
INSB014.CARBOPLATIN,0.6941527852855257,4789.137542714583,2.2922604040074672,15156.79034478125,10367.652802066666,84.12952232503268,19.252985231214613,20.372397852954528,54.18991865898166,PD,3
INSB014.CDX-011,0.18067363170983564,341.7610682812501,0.6265863157576047,15156.79034478125,14815.0292765,84.12952232503268,43.81001445160246,65.24845116249543,75.43813879713002,PD,3
INSB014.CFI-400945,0.7230361478120688,-508.5268252544647,1.0864589777295544,15156.79034478125,15665.317170035714,84.12952232503268,32.4065604941614,89.54317506708,144.72581240624228,PD,7
INSB014.CFI-400945+ABT-263,0.5111081448509216,8356.34253853125,0.6128686253543942,15156.79034478125,6800.44780625,84.12952232503268,44.27464817857144,71.4703230502147,162.9095655657472,PD,1
INSB014.CFI-400945-52WEEKLY,0.7015022578782457,2916.386913406248,7.183247903988562,15156.79034478125,12240.403431375002,84.12952232503268,7.239782284557099,-11.940271454066641,10.026812567208516,SD,2
INSB014.CFI-402257,0.40161550024892123,3411.8714412812515,0.698807826387274,15156.79034478125,11744.918903499998,84.12952232503268,41.51612199146573,77.46930330215689,157.36609434920447,PD,5
INSB014.CFI-402257-2ON5OFF,0.48742768366513023,4230.550401781249,1.5043889015476442,15156.79034478125,10926.239943,84.12952232503268,26.204817938135424,17.178657343766535,25.073105019209763,SD,1
INSB014.CFI-402257-2ON5OFF+PACLITAXEL-15DAILY,0.6680309743988273,6250.625144906249,3.097864819468552,15156.79034478125,8906.165199875,84.12952232503268,15.14013422054145,17.892934223091782,42.9733520041934,PD,2
INSB014.CFI-402257-3ON4OFF+PACLITAXEL,0.6663871473716562,6184.719276406249,2.46898390248001,15156.79034478125,8972.071068375,84.12952232503268,18.170839517992427,7.20032117478962,30.903833271980332,PD,2
INSB014.CX-5461,0.37427258027785243,-2392.2044947187496,0.9471117711901936,15156.79034478125,17548.9948395,84.12952232503268,35.18185389317368,178.0686453084648,283.56242236227064,PD,2
INSB014.ERIBULIN,0.9492999136372112,10770.047688031249,172.41130528371178,15156.79034478125,4386.74265675,84.12952232503268,-8.254272585073473,-98.44499666500379,-97.21395235813178,CR,1
INSB014.ERIBULIN-EXTRALOW,0.25283080366085364,-2732.137038718749,0.9102701257610464,15156.79034478125,17888.9273835,84.12952232503268,35.99682489026874,5.834992310792164,75.08495962571892,PD,1
INSB014.ERIBULIN-LOW,0.9008001301613618,8603.51496428125,7.136902204537875,15156.79034478125,6553.275380499999,84.12952232503268,7.283242954344406,-12.241027389918447,-10.056804071623082,SD,3
INSB014.EVEROLIMUS,0.5966519162242119,5611.62356878125,2.401919242311203,15156.79034478125,9545.166776,84.12952232503268,18.566908889696485,15.543776134384713,22.982029847024176,SD,1
INSB014.FLUVASTATIN+TERBINIFINE,0.4239930391703013,8397.98460328125,0.8533064568959206,15156.79034478125,6758.8057415,84.12952232503268,37.333932741539755,13.77987261146496,54.95355036565226,PD,1
INSB014.G9A,0.37381166050714043,992.3335175312513,1.0245317141279608,15156.79034478125,14164.456827249998,84.12952232503268,33.58395797815999,-11.2228676217766,1.750645209354662,SD,1
INSB014.PACLITAXEL,0.6697634570455688,4493.862089343749,3.654662029825551,15156.79034478125,10662.9282554375,84.12952232503268,13.189736020340469,18.484159804231624,86.93201887736731,PD,4
INSB014.PACLITAXEL-15DAILY,0.4250444859299163,-1135.6450397187473,1.6265731482740997,15156.79034478125,16292.435384499997,84.12952232503268,24.815914659636608,33.48498129760611,54.459733519223796,PD,1
INSB014.PEG400,0.8272480955477628,11474.395703031249,5.2815947907899945,15156.79034478125,3682.39464175,84.12952232503268,9.574471393926785,-1.7503558488013327,19.214815449768796,SD,1
INSB014.TOPOTECAN-LOW,0.8771744172670685,11197.07891703125,117.42677711084369,15156.79034478125,3959.7114277499995,84.12952232503268,-0.534124954695222,-20.358456655425517,-12.290767704820471,SD,1
INSB014.UNC0642,0.3957430453094195,2068.295465614583,0.5262263053033581,15156.79034478125,13088.494879166667,84.12952232503268,47.4532451848714,17.661988632327663,98.93765038570395,PD,3
INSB014.UNC1999,0.6980574851695789,7627.00825203125,2.5863794399073137,15156.79034478125,7529.78209275,84.12952232503268,17.516629173153298,151.22915188710584,264.77325931165666,PD,1
INSB019.ADC-CONTROL,0.5371962576043134,2876.527473821427,23.792150415727463,6657.147894321427,3780.6204205,9.095318624271982,1.727422420740055,-54.40704979037729,-42.21318907257704,PR,3
INSB019.AZD-5305,0.8053165346411666,3236.41452515476,15.900892935269933,6657.147894321427,3420.7333691666668,9.095318624271982,2.4534636762469826,-49.299704264650366,-46.803934583712156,SD,3
INSB019.AZD-8205,0.9540173918870924,5722.135013571427,159.08831201330375,6657.147894321427,935.01288075,9.095318624271982,-3.8288091984126997,-97.56473936446491,-95.23094792207714,CR,3
INSB019.BMN-673,0.3621780018223467,392.5908718714263,0.8826488711079197,6657.147894321427,6264.557022450001,9.095318624271982,7.96395761061688,5.118217894420907,35.89277141479905,PD,5
INSB019.CARBOPLATIN,0.46976984157379464,1920.7702230714267,28.617290693116296,6657.147894321427,4736.37767125,9.095318624271982,1.4339159308736213,-7.251576187333686,-2.494841962442551,SD,1
INSB019.CDX-011,-0.2502017937405414,-2057.483975428574,-4.965522981613687,6657.147894321427,8714.631869750001,9.095318624271982,43.77117953317514,48.05868670602968,117.85366884256186,PD,3
INSB019.CFI-400945,0.9264587503233039,2832.160735446427,148.090549374149,6657.147894321427,3824.9871588749997,9.095318624271982,-2.0838772694481236,-90.57077093690106,-82.003309440951,PR,4
INSB019.CFI-400945-3.75DAILY,0.5381343347421835,3544.295713321427,30.82912530645911,6657.147894321427,3112.852181,9.095318624271982,1.3220737112188357,-30.787642835404718,9.359237645423612,SD,1
INSB019.CFI-400945-52WEEKLY,0.7231988388122915,3139.407177071427,157.77626876992716,6657.147894321427,3517.7407172499998,9.095318624271982,-3.4990622849200648,-77.98487019781436,-65.93167052347961,PR,2
INSB019.CFI-400945-5DAILY,0.4908025764705286,-635.829272428573,2.8737269610064415,6657.147894321427,7292.97716675,9.095318624271982,6.2098868327450845,-57.42793799131982,-41.57752408033978,PR,3
INSB019.CFI-402257,0.6422888021024111,2762.2290423214267,68.85157836130757,6657.147894321427,3894.9188520000002,9.095318624271982,0.26559622924455334,-14.796737670847731,1.9698745347144886,SD,6
INSB019.CFI-402257-3ON4OFF+PACLITAXEL,-0.20268586490503693,-2231.8636886785725,-0.07828690402011153,6657.147894321427,8889.011583,9.095318624271982,9.211156879310343,25.945026963621444,49.05805567522987,PD,1
INSB019.CX-5461,0.37010006883982355,2109.728744196427,16.61973130768532,6657.147894321427,4547.419150125,9.095318624271982,2.3680220814438933,-25.57925001471383,-19.590452162097097,SD,2
INSB019.ERIBULIN-EXTRALOW,0.5513631389668033,1999.656196071427,27.64914859271207,6657.147894321427,4657.49169825,9.095318624271982,1.486843350709849,-24.825977973059345,-7.471850352311959,SD,1
INSB019.ERIBULIN-LOW,0.998722705330197,5864.975097446427,159.65366059806124,6657.147894321427,792.1727968749999,9.095318624271982,-3.9893995392899892,-99.55867659949577,-99.09017877347023,CR,2
INSB019.FLUVASTATIN+TERBINIFINE,0.23266198789657344,2898.5117998714272,9.938639278915657,6657.147894321427,3758.6360944499997,9.095318624271982,3.4391280373771496,-14.535993320212315,-1.5545427194952999,SD,5
INSB019.PACLITAXEL,-0.19072326970978093,-3321.3573006785728,-0.06165760432354019,6657.147894321427,9978.505195,9.095318624271982,9.186307878699347,11.626200669836685,42.79630894265472,PD,3
INSB019.PACLITAXEL-15DAILY,0.3567461274177558,1926.536190321427,4.547021566492995,6657.147894321427,4730.611704,9.095318624271982,5.231615904003157,-33.01977478703739,-11.442586950978006,SD,1
INSB019.PEG400,0.42401831011689595,2780.707744988094,2.9492179309052933,6657.147894321427,3876.440149333333,9.095318624271982,6.1581833768461784,-0.05536989484068444,19.654892646265743,SD,3
INSB019.PQ-1-6,0.9482695658729791,4961.318504821427,162.30556534889163,6657.147894321427,1695.8293895,9.095318624271982,-4.950458973570523,-84.9331107582131,-77.95888227574123,PR,2
INSB019.PQ-1-6-VEHICLE,0.9292702042596546,4748.511046071427,163.7260833415853,6657.147894321427,1908.63684825,9.095318624271982,-5.671491813713288,-81.74520989871263,-57.72093289383729,PR,2
INSB019.SACITUZAMAB-GOVITECAN,0.3982968806689545,3391.797033071427,31.611717141240916,6657.147894321427,3265.35086125,9.095318624271982,1.2852044614235931,-62.385598720901356,-52.19967043225658,PR,1
INSB019.TRASTUZUMAB-CONTROL,0.3192645922985621,3244.5693708214267,6.005810651001306,6657.147894321427,3412.5785235000003,9.095318624271982,4.594083439698492,-38.5413344190885,-24.05991435889564,SD,1
INSB019.TRASTUZUMAB-DERUXTECAN,0.8250642766131226,4459.851545321427,158.72455301764646,6657.147894321427,2197.296349,9.095318624271982,-3.7317466338974614,-82.85928544646205,-76.83919411859233,PR,1
INS_B_019.DATOPOTAMAB-DERUXTECAN,0.8870296048664144,2942.6408759999995,156.62931194477758,5564.4828645,2621.8419885000003,4.72632217857143,-4.948668857142861,-95.85360866864474,-87.10011585800586,CR,1
INS_B_019.SACITUZAMAB-GOVITECAN,0.7370659523849836,2236.35738,146.21696099903258,5564.4828645,3328.1254845,4.72632217857143,-2.4955629488177555,-70.47345037157083,-58.763108363520786,PR,2
INS_B_019.TRASTUZUMAB-DERUXTECAN,0.9364541527373581,4416.0887084999995,148.36383884350025,5564.4828645,1148.394156,4.72632217857143,-2.7944820571428584,-81.32230292186422,-81.32230292186422,PR,1
MAR_22/.CDX-011,,,,,6454.821013,,6.704785914062497,41.14597361330463,69.23823376423432,PD,1
MAR_22/.CFI-400945,,,,,10686.166663750002,,9.382696236020504,67.367374198208,80.63403478966487,PD,1
MAR_22/.CFI-402257,,,,,7500.4838580000005,,9.284032883504196,30.524300912283508,48.98960645790431,PD,1
MAR_22/.ERIBULIN-LOW,,,,,6583.974346749999,,0.7986560488281245,-15.904181822618801,7.890553274530432,SD,1
MDA_436.CARBOPLATIN,,,,,3071.1864440000004,,-3.975061091403735,-87.88050207363263,-72.19282657220558,PR,3
MDA_436.CX-5461,,,,,1749.89233825,,-3.973253128370516,-79.44375551200811,-76.63611815205084,PR,2
NOTCH01.BMN-673,0.7360137945410378,4787.003583742858,53.96439987775397,9120.409567742858,4333.405984,43.785848982288975,0.6931375220653141,-27.738016063312166,-17.44926523078101,SD,1
NOTCH01.CARBOPLATIN,0.8092896357295609,5336.770163867858,33.29875343318654,9120.409567742858,3783.6394038749995,43.785848982288975,1.4491998227063987,-26.120844556468686,-13.532302631840043,SD,2
NOTCH01.CDX-011,0.9695312528542237,6567.350897867857,170.4209145884449,9120.409567742858,2553.0586698750003,43.785848982288975,-6.8793204028689425,-90.79254767447338,-90.28701124643705,PR,2
NOTCH01.CFI-400945,0.9094783304130655,5312.079662242858,159.64012472084292,9120.409567742858,3808.3299054999998,43.785848982288975,-2.895743500522821,-86.09876224099538,-65.008792889867,PR,16
NOTCH01.CFI-400945+CFI-402257,0.7819775431755212,3285.2624562928577,55.269664597600205,9120.409567742858,5835.14711145,43.785848982288975,0.6599299976954512,-7.6986746987951715,-0.22938420348058708,SD,5
NOTCH01.CFI-400945-2ON5OFF,0.8303341759369106,3839.767699142858,96.02985946587312,9120.409567742858,5280.6418686,43.785848982288975,-0.12878027209847603,-44.775390625,-31.17270261391425,SD,5
NOTCH01.CFI-400945-3.75DAILY,0.870001989166374,5607.311426992857,68.27354655361034,9120.409567742858,3513.0981407500003,43.785848982288975,0.3722570064789992,-24.40087930697905,-14.49951813785776,SD,1
NOTCH01.CFI-400945-5DAILY,0.6994402428614277,4142.581662742858,11.24700779730689,9120.409567742858,4977.827905,43.785848982288975,4.490185291331547,-26.722737023343846,-20.448878481843103,SD,1
NOTCH01.CFI-400945-6DAILY,0.7976083181452416,4000.2050828678575,72.32950372364724,9120.409567742858,5120.204484875,43.785848982288975,0.2935988478096676,-15.268803956463284,-8.223362219379704,SD,2
NOTCH01.CFI-402257+PACLITAXEL,-0.17429756272772656,-3172.3837994238093,0.11132908774684108,9120.409567742858,12292.793367166667,43.785848982288975,40.35090719199486,30.39915816080716,84.13815844927169,PD,3
NOTCH01.CFI-402257-2ON5OFF,0.4508378130870556,3643.8356112428564,4.087722176860303,9120.409567742858,5476.573956500001,43.785848982288975,10.586704046841545,10.322025880161467,33.61471663264237,PD,1
NOTCH01.CFI-402257-2ON5OFF+PACLITAXEL-15DAILY,0.8883311308076391,5588.558119742858,56.945515506790244,9120.409567742858,3531.8514479999994,43.785848982288975,0.6187262483574247,-8.956770014859018,-2.3786625978715836,SD,1
NOTCH01.CFI-402257-3ON4OFF,0.7027037086297596,3665.5757624928574,9.740442128667873,9120.409567742858,5454.83380525,43.785848982288975,5.1212812126699285,-5.145301952235737,4.645293031038289,SD,3
NOTCH01.CFI-402257-3ON4OFF+PACLITAXEL,0.9386614982754415,6566.831764242857,162.24415158848495,9120.409567742858,2553.5778035,43.785848982288975,-3.3873314240886065,-90.02642315459806,-87.50820385498031,PR,4
NOTCH01.CX-5461,0.31197842865853487,-301.9831346738101,3.5339227569513874,9120.409567742858,9422.392702416668,43.785848982288975,11.804308123685075,-13.986886658407094,-7.738029264168311,SD,3
NOTCH01.DIPYRIDAMOLE,0.5872416853015963,2705.306697492859,3.8423104125010363,9120.409567742858,6415.102870249999,43.785848982288975,11.094055083190213,-15.911211164003713,17.069068369829555,SD,1
NOTCH01.ERIBULIN,0.9860980938792662,7676.509729367857,167.5948996929235,9120.409567742858,1443.899838375,43.785848982288975,-5.098558270128398,-95.01344323001473,-94.46215679365247,CR,2
NOTCH01.ERIBULIN-EXTRALOW,0.7891589419550264,1964.8976932428568,98.2295024151806,9120.409567742858,7155.511874500001,43.785848982288975,-0.16802126248357446,-62.096680192926755,-53.84467121876689,PR,1
NOTCH01.ERIBULIN-LOW,0.9695268920322277,7412.7250679928575,165.1410456149653,9120.409567742858,1707.68449975,43.785848982288975,-4.149142327923043,-92.44458552873168,-92.44458552873168,PR,2
NOTCH01.EVEROLIMUS,0.6591460360013202,3310.731917992858,8.022512580522315,9120.409567742858,5809.67764975,43.785848982288975,6.086099207580644,-2.7686214273912935,15.630835150137967,SD,1
NOTCH01.FLUVASTATIN,0.6648976669866826,2520.9396997428576,12.713270796419838,9120.409567742858,6599.469868,43.785848982288975,4.004352537248972,-4.986690232950308,2.2119283002478785,SD,1
NOTCH01.FLUVASTATIN+DIPYRIDAMOLE,0.695709010389914,3517.2895941178576,7.9842360942262545,9120.409567742858,5603.119973625,43.785848982288975,6.111616010473072,8.495073008456433,23.382325792524295,SD,4
NOTCH01.FROST,-0.41007982098554585,799.2622375642859,-0.38473375455302594,9120.409567742858,8321.147330178572,43.785848982288975,62.03094934427242,80.19997026626375,194.8920502122143,PD,7
NOTCH01.PACLITAXEL,-0.6548197518568438,-3073.5127475571444,-0.1474619782337782,9120.409567742858,12193.922315300002,43.785848982288975,49.34973062627041,92.94464298545873,190.67718835209462,PD,10
NOTCH01.PACLITAXEL-15DAILY,0.6812733750809972,545.0656342428574,8.52616976202292,9120.409567742858,8575.3439335,43.785848982288975,5.768677959057643,45.6420664119839,57.61104530295913,PD,1
NOTCH06.BMN-673,0.3557818928224319,-530.6354630799997,0.4845173514025982,10517.31943682,11047.9548999,25.54345404732549,20.998978593787918,11.287401797460195,26.392020257785198,SD,5
NOTCH06.CARBOPLATIN,0.44288875853553084,4632.553433445,2.782765661507357,10517.31943682,5884.766003375,25.54345404732549,11.373597276363185,-16.282388628658342,4.319029525494734,SD,2
NOTCH06.CDX-011,0.9774157734434525,7694.59084832,172.43661079012844,10517.31943682,2822.7285885,25.54345404732549,-10.735945308365675,-98.08006851748556,-97.34219385281862,CR,2
NOTCH06.CFI-400945,0.499383994901085,623.9281112745448,32.514365648207765,10517.31943682,9893.391325545455,25.54345404732549,1.4411561092284324,-3.162990968283974,18.836682636048472,SD,11
NOTCH06.CFI-400945+ABT-263,0.6630331583988298,4348.32848582,26.614818905619988,10517.31943682,6168.990951,25.54345404732549,1.8147336059144294,-33.07455226988755,-20.214176404786656,SD,1
NOTCH06.CFI-400945-41.6WEEKLY,0.7500244040072005,3194.4785378200004,19.676178623142427,10517.31943682,7322.840899,25.54345404732549,2.4853085994783903,-11.128141328001822,1.928294944896658,SD,2
NOTCH06.CFI-400945-52WEEKLY,0.8055535585674689,7109.082602195,56.65249897936647,10517.31943682,3408.236834625,25.54345404732549,0.6033712838122313,-4.921020221928639,5.358910856168835,SD,2
NOTCH06.CFI-400945-5DAILY,0.7903696227866228,497.7238706057142,3.608704252842807,10517.31943682,10019.595566214286,25.54345404732549,9.75903392077103,-48.12532653491692,-41.687148451021116,SD,7
NOTCH06.CFI-402257,0.401453159554059,3789.9870102699997,3.05414805795817,10517.31943682,6727.3324265500005,25.54345404732549,10.787709219908852,75.8922856841789,86.60056247195398,PD,5
NOTCH06.CFI-402257+ABT263,0.6818054752861089,6733.141537445,4.512374343483949,10517.31943682,3784.1778993750004,25.54345404732549,8.443527858653848,14.610718490112918,39.149807586962794,PD,2
NOTCH06.CFI-402257+PACLITAXEL,0.9948616855061428,8607.71145482,169.9186993689201,10517.31943682,1909.6079820000002,25.54345404732549,-7.263053527036273,-97.75342740835468,-97.75342740835468,CR,1
NOTCH06.CFI-402257-3ON4OFF,0.3328872648621911,2996.386638986666,2.1929819434541917,10517.31943682,7520.932797833334,25.54345404732549,12.893459723003865,-3.1528406257843478,10.912916498152093,SD,3
NOTCH06.CFI-402257-3ON4OFF+PACLITAXEL,0.9257611620369753,8292.151613153334,167.37784900487983,10517.31943682,2225.167823666666,25.54345404732549,-5.459182742588086,-91.11003641329086,-91.11003641329086,PR,9
NOTCH06.CFI-402257-LOW+PACLITAXEL,0.8609663739801245,7964.57513682,149.77444786496253,10517.31943682,2552.7443,25.54345404732549,-1.882023778648857,-22.811101179921213,-22.811101179921213,SD,3
NOTCH06.CX-5461,0.5735070974684501,4025.824758641429,4.642158099099519,10517.31943682,6491.494678178571,25.54345404732549,8.28284563835383,-4.066987025698476,4.35414347056009,SD,7
NOTCH06.ERIBULIN,0.9993577106882678,6923.344513653334,171.33718916119375,10517.31943682,3593.974923166667,25.54345404732549,-8.88595995090428,-99.62846728126277,-99.62846728126277,CR,3
NOTCH06.ERIBULIN-EXTRALOW,0.9948616855061428,8284.730160570001,168.5647626410878,10517.31943682,2232.58927625,25.54345404732549,-6.17875668465469,-97.58459349870998,-93.76019987166744,CR,1
NOTCH06.ERIBULIN-LOW,0.9588934840491425,7684.52164832,174.15992501499662,10517.31943682,2832.7977885,25.54345404732549,-15.902743345375727,-100.0,-100.0,CR,1
NOTCH06.EVEROLIMUS,0.6999125320267112,5946.241088570001,10.697637012706268,10517.31943682,4571.078348249999,25.54345404732549,4.352416647258066,21.652129661763464,30.549334514768866,PD,1
NOTCH06.PACLITAXEL,0.8324387730548855,6646.863436187647,127.43352493808285,10517.31943682,3870.456000632353,25.54345404732549,-0.8294924712970204,-64.04018922287725,-47.69526492615225,PR,17
NOTCH06TAXRESP6.PACLITAXEL,,,,,4096.72094425,,3.965132909717868,-17.406214089226513,16.976808069044846,SD,1
NOTCH06_TAXRES.PACLITAXEL,,,,,4867.649820750001,,5.184619158072099,-32.60395623003875,-29.89701086355102,SD,1
NOTCH10.BMN-673,0.5746817959132058,2326.3710420875,32.489587127879176,6051.1874255875,3724.8163835,8.420672727181685,1.2234136478607387,-15.41100898891369,-10.53947560435422,SD,2
NOTCH10.CARBOPLATIN,0.7139023193990258,3290.9365765041666,135.83313219098423,6051.1874255875,2760.2508490833334,8.420672727181685,-1.3082104363069431,-69.40044713501,-66.91270977539938,PR,3
NOTCH10.CDX-011,0.3580703191700568,196.96414708750035,12.150977798838218,6051.1874255875,5854.2232785,8.420672727181685,2.9168664486842095,-30.82341642539368,-21.83085842180009,SD,1
NOTCH10.CFI-400945,0.36314024521207644,140.26269216249875,5.684251052234649,6051.1874255875,5910.924733425001,8.420672727181685,4.526890675678143,5.903203258274431,25.361454670867555,SD,10
NOTCH10.CFI-400945+CFI-402257,0.05286191316412037,-1947.7203658624994,-0.9383351250714445,6051.1874255875,7998.907791449999,8.420672727181685,9.786831480192106,52.75598595375202,71.0777932207379,PD,5
NOTCH10.CFI-400945-13.5WEEKLY,-0.03164297414073913,-969.8390831124989,-0.2986964953783285,6051.1874255875,7021.026508699999,8.420672727181685,8.81276058707165,11.73842265086067,31.678301168641475,PD,5
NOTCH10.CFI-400945-41.6WEEKLY,0.5572729644311156,2143.6163286708334,43.60003529541116,6051.1874255875,3907.5710969166666,8.420672727181685,0.828080771173992,-50.509896634495256,-43.148022799758415,PR,3
NOTCH10.CFI-402257,0.11473241593019423,-1492.1286622124999,-0.6189875516119077,6051.1874255875,7543.3160878,8.420672727181685,9.275298560125089,-25.802182781501028,18.64881341760496,SD,5
NOTCH10.CFI-402257+PACLITAXEL,0.8950516160555726,3628.5397915875,163.67229601390582,6051.1874255875,2422.647634,8.420672727181685,-5.940573645106091,-93.18668880464564,-90.07443554257017,PR,1
NOTCH10.CFI-402257-2ON5OFF,0.40538977015686795,1777.5477307125002,10.019904353473873,6051.1874255875,4273.639694875,8.420672727181685,3.3137552059210513,-5.3887726971436125,11.9218312515722,SD,2
NOTCH10.CFI-402257-2ON5OFF+PACLITAXEL-15DAILY,0.8686503481313603,3480.566528275,150.0453658269565,6051.1874255875,2570.6208973125,8.420672727181685,-2.3351813251451645,-84.03278734765962,-71.63151570806053,PR,4
NOTCH10.CFI-402257-3ON4OFF+PACLITAXEL,0.9113654619948051,4174.1112603375,159.33616357094385,6051.1874255875,1877.07616525,8.420672727181685,-4.043422968925671,-76.15297696653629,-74.55140400990031,PR,1
NOTCH10.CFI-402257-LOW+PACLITAXEL,0.8773341978897587,5062.8088105875,161.61157487037693,6051.1874255875,988.378615,8.420672727181685,-4.864739007425745,-52.1465826626222,-52.1465826626222,PR,2
NOTCH10.CX-5461,0.4846049080710523,1017.7661846499996,15.455801806461654,6051.1874255875,5033.4212409375,8.420672727181685,2.4469739525000005,5.54941394514028,21.1652572637013,SD,4
NOTCH10.ERIBULIN,0.9626073042790584,4539.588470712501,161.29175474892384,6051.1874255875,1511.598954875,8.420672727181685,-4.730695760906041,-99.56270810593477,-98.09758161127469,CR,2
NOTCH10.ERIBULIN-EXTRALOW,0.4644169406498093,2086.2927148374997,30.388727567546685,6051.1874255875,3964.8947107500003,8.420672727181685,1.3193060362941742,-23.079378714710252,-14.50793026754833,SD,1
NOTCH10.EVEROLIMUS,0.6818903162594967,3073.4485333375,120.7328462967019,6051.1874255875,2977.73889225,8.420672727181685,-0.7674742138157891,-24.95318905289642,-21.28250152581902,SD,1
NOTCH10.PACLITAXEL,0.9113654619948051,4380.1929246375,157.82494751827312,6051.1874255875,1670.9945009500002,8.420672727181685,-3.6298362429611037,-73.31289456885379,-73.31289456885379,PR,5
NOTCH10.PACLITAXEL-15DAILY,0.7385101976286808,3608.8022974,146.14710708746912,6051.1874255875,2442.3851281875,8.420672727181685,-1.9558183331339754,-91.55595019417757,-83.83619837086752,PR,4
NOTCH18.BMN-673,0.8999348746012327,7927.630361607142,140.06063803654777,9428.865049107142,1501.2346875,13.866315075749656,-1.3857953071405276,-60.85980736808521,-55.12630266400718,PR,1
NOTCH18.CARBOPLATIN,0.5201063996179418,4124.437541732143,10.66227448708229,9428.865049107142,5304.427507375,13.866315075749656,3.788289290910243,29.165605350286263,39.12634742588817,PD,2
NOTCH18.CDX-011,0.9456494417016691,6193.876711357142,168.41395235456565,9428.865049107142,3234.98833775,13.866315075749656,-7.6357314885260354,-100.0,-100.0,CR,1
NOTCH18.CFI-400945,0.6433451547176616,743.8103332321425,27.14433816234772,9428.865049107142,8685.054715875,13.866315075749656,1.6467039469188018,-18.20297059848358,-12.2151046996327,SD,6
NOTCH18.CFI-402257,0.6874010654922028,5611.073271190477,9.7173148816131,9428.865049107142,3817.791777916666,13.866315075749656,4.058369090055207,-8.180949796472191,-2.065787755437698,SD,3
NOTCH18.CX-5461,0.7131989673161478,4871.400464169642,6.863616834670055,9428.865049107142,4557.4645849375,13.866315075749656,5.150078506148559,-29.33278474823677,-16.02678884928038,SD,4
NOTCH18.ERIBULIN,0.9932061802127087,8061.660457607142,166.16069299270714,9428.865049107142,1367.2045914999999,13.866315075749656,-5.841378690605855,-99.69727070621069,-99.69727070621069,CR,1
NOTCH18.ERIBULIN-EXTRALOW,0.9991507725265886,7711.288492107142,166.8797863960774,9428.865049107142,1717.5765569999999,13.866315075749656,-6.3170747638629265,-100.0,-99.89963515371076,CR,1
NOTCH18.PACLITAXEL,0.9991507725265886,8021.215748857142,166.8744228617439,9428.865049107142,1407.6493002500001,13.866315075749656,-6.313247814726571,-99.66474750706583,-99.66474750706583,CR,1
NOTCHB01.BMN-673,0.8583652010791435,4900.971682412501,126.93177514983275,8227.2008186625,3326.22913625,17.94602789069488,-0.8427092421875002,-38.631716127473496,-29.874312424607325,SD,2
NOTCHB01.CARBOPLATIN,0.848825427698439,4221.705603245835,127.81339200684508,8227.2008186625,4005.4952154166663,17.94602789069488,-0.8693714865701111,-81.9663848341354,-81.9663848341354,PR,3
NOTCHB01.CDX-011,0.35606867240405937,-535.2479255874987,7.21116064288173,8227.2008186625,8762.44874425,17.94602789069488,5.448285360957645,41.03049648672121,50.374434318529396,PD,1
NOTCHB01.CFI-400945,0.5814538884736462,1746.5014754958338,8.140219576043442,8227.2008186625,6480.699343166667,17.94602789069488,4.991093516873794,4.120947389437301,35.22148525225059,PD,6
NOTCHB01.CFI-400945-41.6WEEKLY,0.5649492478142528,3015.8193977875007,7.215276559352276,8227.2008186625,5211.381420875,17.94602789069488,5.446082011867672,-16.58534869025008,0.024516482705655207,SD,2
NOTCHB01.CFI-402257,-0.10066912504197123,-4279.619829149999,0.029014152561684336,8227.2008186625,12506.8206478125,17.94602789069488,17.78390608026817,42.270459697828954,91.6569015040117,PD,4
NOTCHB01.CFI-402257-2ON5OFF,-0.1756841469869428,-2107.4123425874986,0.13358938385759256,8227.2008186625,10334.61316125,17.94602789069488,17.223039912075023,31.8634244325003,42.72669311166939,PD,1
NOTCHB01.CFI-402257-2ON5OFF+PACLITAXEL-15DAILY,0.11733716753033441,1415.0880249125003,1.3549616203135442,8227.2008186625,6812.1127937500005,17.94602789069488,12.581727186693549,-8.629400416757022,4.333098186306085,SD,2
NOTCHB01.CFI-402257-3ON4OFF+PACLITAXEL,0.8082071609810052,5726.1230445375,39.041290557378346,8227.2008186625,2501.077774125,17.94602789069488,1.101660915380804,-37.93804674762539,-25.289535898081283,SD,2
NOTCHB01.CX-5461,0.4701375494087041,1797.7136682875007,12.241385857171988,8227.2008186625,6429.487150375,17.94602789069488,3.6228791181422633,0.36961033545183586,4.189961685446714,SD,4
NOTCHB01.DIPYRIDAMOLE,0.7248871477105281,4497.755714841072,7.035503576397789,8227.2008186625,3729.4451038214283,17.94602789069488,5.54395389902504,-22.875957513705114,-11.310515362812756,SD,7
NOTCHB01.ERIBULIN,0.9770338305401832,6781.954470037501,161.25199930333014,8227.2008186625,1445.2463486249999,17.94602789069488,-3.591608431272646,-87.77558786719176,-87.77558786719176,PR,2
NOTCHB01.ERIBULIN-EXTRALOW,-0.19628490986905378,-1553.5511988374983,-0.11842821105770095,8227.2008186625,9780.752017499999,17.94602789069488,18.639505200377638,10.791097968264962,23.516242811682186,SD,1
NOTCHB01.ERIBULIN-LOW,0.7658083968944589,5642.7153789125005,67.724063747125,8227.2008186625,2584.4854397500003,17.94602789069488,0.34601841969579833,-32.52746176097229,-26.75991138383701,SD,1
NOTCHB01.FLUVASTATIN,0.4966064224915605,3674.902904948215,3.3850260252370594,8227.2008186625,4552.297913714286,17.94602789069488,8.676700797474325,5.0274540711184095,15.042868849948665,SD,8
NOTCHB01.FLUVASTATIN+DIPYRIDAMOLE,0.6509507114998638,3641.614218023611,5.972829745838916,8227.2008186625,4585.58660063889,17.94602789069488,6.200098887733591,-14.87730659972729,6.453860944153478,SD,9
NOTCHB01.PACLITAXEL,0.747199693608027,5116.203426475,40.73039583179389,8227.2008186625,3110.9973921875003,17.94602789069488,1.0384363761727822,-36.0122416290709,-13.541161058956403,SD,4
NOTCHB01.PACLITAXEL-15DAILY,0.14575581651379843,-289.25571408749784,1.42335830240739,8227.2008186625,8516.456532749999,17.94602789069488,12.394377205967745,24.063689948654133,32.66410953181003,PD,1
NOTCHB02.BMN-673,0.3982015452679408,770.3152509791657,38.70350555860954,4279.092765812499,3508.7775148333335,2.816937695223304,0.6188637880026376,-50.16164737583597,-35.64875936150674,PR,3
NOTCHB02.CARBOPLATIN,0.2366026836588243,286.1460785624995,61.897521237245336,4279.092765812499,3992.9466872499997,2.816937695223304,0.1504833664820406,-23.497502402558833,-13.83158106225787,SD,3
NOTCHB02.CDX-011,0.5309005419431598,1208.0079738124996,142.92738890399102,4279.092765812499,3071.0847919999997,2.816937695223304,-3.1662022798288847,-83.51007988830307,-64.02293249660684,PR,2
NOTCHB02.CFI-400945,0.29869472204556224,729.898824062499,19.52048645227157,4279.092765812499,3549.1939417500002,2.816937695223304,1.2320315722801656,-28.97741379701273,-21.031883513137807,SD,7
NOTCHB02.CFI-400945-52WEEKLY,0.5888643746012077,2322.0832883124995,104.2740851769823,4279.092765812499,1957.0094775,2.816937695223304,-0.6699147723721476,-56.718972618914925,-52.069955463994575,PR,2
NOTCHB02.CFI-400945-5DAILY,-0.11538270965023223,-303.9600484375005,7.577475125125695,4279.092765812499,4583.05281425,2.816937695223304,1.952313654786758,8.477206566380357,19.73169898952134,SD,1
NOTCHB02.CFI-402257,0.05317182868058601,627.8956103624992,43.56921406210534,4279.092765812499,3651.19715545,2.816937695223304,0.5070251863650033,-41.450722026702415,-23.455584343463308,SD,5
NOTCHB02.CFI-402257-3ON4OFF+PACLITAXEL,0.40876835537113676,1365.6516505624995,27.333186674682917,4279.092765812499,2913.4411152499997,2.816937695223304,0.936509939310974,-8.59546245912522,-5.332839100671649,SD,2
NOTCHB02.CX-5461,0.41201445166878903,817.3035004553562,62.89813996285689,4279.092765812499,3461.789265357143,2.816937695223304,0.13266880306667495,-25.740925024188364,-15.780114277059853,SD,7
NOTCHB02.ERIBULIN,-0.14756182796654332,-1431.1180234375006,-6.200824025544152,4279.092765812499,5710.21078925,2.816937695223304,4.215897731617507,17.29693281460768,25.76685685376744,SD,2
NOTCHB02.ERIBULIN-EXTRALOW,0.48470845964821163,1048.301722312499,68.39662703652202,4279.092765812499,3230.7910435000003,2.816937695223304,0.03594732131289118,-13.249149039877917,-10.40962921030717,SD,1
NOTCHB02.ERIBULIN-LOW,-0.21611859402670286,-717.9886525625006,-0.2056542768949464,4279.092765812499,4997.081418375,2.816937695223304,2.849336705579768,-7.098569759181405,1.7914547230619808,SD,2
NOTCHB02.FROST,0.9172967719861623,2703.072297104166,148.67811054359106,4279.092765812499,1576.0204687083333,2.816937695223304,-4.796238847782177,-96.33618348577983,-90.52344765741123,CR,12
NOTCHB02.PACLITAXEL,-0.039575043737447135,-189.30806525271873,29.958659880053872,4279.092765812499,4468.400831065218,2.816937695223304,0.8539813973291032,-21.43980307217339,-5.5405048448510685,SD,23
NOTCHB03.CARBOPLATIN,0.9706176473996123,4557.911340743591,165.38675462125173,7671.345083576924,3113.4337428333333,10.781168756469215,-6.0973092648836955,-99.54006714072283,-98.40938994378148,CR,3
NOTCHB03.CFI-400945,0.6643568980105754,685.0547150900811,152.98069092322706,7671.345083576924,6986.290368486842,10.781168756469215,-2.510332847103188,-35.94836967437236,-26.216996699022733,SD,19
NOTCHB03.CFI-400945+CFI-402257,-0.20321271595640278,-7185.392238973076,0.43095314386384276,7671.345083576924,14856.73732255,10.781168756469215,9.965516955294866,47.93535418275043,58.51484562011719,PD,5
NOTCHB03.CFI-400945-5DAILY,0.24061082480771168,-2062.510870059441,19.80155714558914,7671.345083576924,9733.855953636365,10.781168756469215,2.1346913079064063,-19.19817552659402,-10.363773760050455,SD,11
NOTCHB03.CFI-400945-6DAILY,0.5708452559775155,2201.40404999359,23.254550070416748,7671.345083576924,5469.941033583334,10.781168756469215,1.8376524251207744,-36.02269010723761,-32.63082152836921,SD,3
NOTCHB03.CFI-402257-3ON4OFF+PACLITAXEL,0.7273657224415375,4757.903968326924,41.57854759225674,7671.345083576924,2913.4411152499997,10.781168756469215,0.936509939310974,-8.59546245912522,-5.332839100671649,SD,2
NOTCHB03.CX-5461,0.8364973572051952,4379.585212639424,167.2351264747276,7671.345083576924,3291.7598709374997,10.781168756469215,-7.631150968759529,-74.3732762626461,-57.936992442194516,PR,8
NOTCHB03.FROST,0.7321867570915036,3811.463319551923,159.71929154038466,7671.345083576924,3859.8817640250004,10.781168756469215,-3.736892468379904,-43.44514334833752,-36.78853707021195,SD,10
NOTCHB03.PACLITAXEL,0.43681884947318583,2109.030385632478,92.91508291144385,7671.345083576924,5562.3146979444455,10.781168756469215,-0.14435789520165448,-4.040680637419191,2.3221657985362354,SD,9
PDX_LINE.PACLITAXEL-15DAILY,,,,,4637.559161,,7.653300415483584,-19.09501990461563,28.903735150861266,SD,1
REF001.ABT-263,-0.0394947774934129,-1017.2751374821437,-0.9132076649647409,5270.584902517857,6287.8600400000005,7.5001782713406,8.536693161352394,57.28971375504119,144.27321652207434,PD,1
REF001.AZD-5305,-0.26797469953641295,442.3852662678564,-2.543999113952741,5270.584902517857,4828.19963625,7.5001782713406,11.315254758312676,-38.304638618455556,-15.572736809346665,SD,2
REF001.AZD-8205,0.2964256315673426,-1185.2431237321434,2.2215173443715637,5270.584902517857,6455.82802625,7.5001782713406,5.779769749619355,-18.820069380841886,-1.956591744718093,SD,2
REF001.BMN-673,0.26101642546933024,2266.8377746011897,9.229808198313032,5270.584902517857,3003.747127916667,7.5001782713406,3.307095682053582,-26.875731890927344,-15.61753758991018,SD,3
REF001.CARBOPLATIN,0.6159016098541216,1659.9738967678563,53.18694035248949,5270.584902517857,3610.6110057500005,7.5001782713406,0.5593070944142049,-41.81151820119151,-18.77869724852278,SD,3
REF001.CDX-011,0.11119010160215209,-1319.6333442321438,13.276569351881605,5270.584902517857,6590.218246750001,7.5001782713406,2.622718891561929,-16.85415756000886,-8.914954860407782,SD,2
REF001.CFI-400945,0.79472653388079,509.1239124464282,94.00446866417158,5270.584902517857,4761.460990071429,7.5001782713406,-0.20525112434636078,-53.65669912840825,-48.75439746323551,PR,7
REF001.CFI-400945+ABT-263,0.7091739425012749,3212.358241017857,107.72792470162794,5270.584902517857,2058.2266615,7.5001782713406,-0.4731760117464539,-50.32805686297201,-26.442995936830915,PR,1
REF001.CFI-400945-41.6WEEKLY,-0.3595983574899242,-8769.03153323214,64.43101544746288,5270.584902517857,14039.616435749998,7.5001782713406,0.32442810022831114,-29.130219756003793,-22.735389198485667,SD,1
REF001.CFI-402257,0.5641569696495377,1970.9523062678568,21.57036895774366,5270.584902517857,3299.63259625,7.5001782713406,1.7918709181730859,-23.449994127469576,-20.243872860599645,SD,7
REF001.CFI-402257+PACLITAXEL-40DAILY,0.7502576357098685,3233.893067142857,141.24998305287718,5270.584902517857,2036.691835375,7.5001782713406,-1.6540908133688599,-56.552234284113574,-53.343125287724924,PR,2
REF001.CFI-402257-2ON5OFF+PACLITAXEL-15DAILY,0.6619820219031602,1897.8745730803566,97.7127195878607,5270.584902517857,3372.7103294375,7.5001782713406,-0.2737038261914517,-23.238284984361346,-18.249267953816016,SD,4
REF001.CFI-402257-3ON4OFF+PACLITAXEL,0.7661732511364006,3124.578035767857,157.93747474093405,5270.584902517857,2146.00686675,7.5001782713406,-3.8756244981203007,-60.78864225790754,-54.635113369018654,PR,1
REF001.CX-5461,0.5770378965987675,2193.5371602678565,22.086115308800316,5270.584902517857,3077.0477422500003,7.5001782713406,1.7545681738784786,-7.877522325432624,3.292064681025564,SD,6
REF001.ERIBULIN,0.9583000698570798,3376.188857767857,163.3908693548487,5270.584902517857,1894.3960447499999,7.5001782713406,-6.3033087957211125,-92.30820698076019,-92.30820698076019,PR,2
REF001.EVEROLIMUS,0.3679350695224053,491.175791417857,13.765932586148752,5270.584902517857,4779.4091111,7.5001782713406,2.556900089905955,8.554275044869964,19.92322063611116,SD,1
REF001.PACLITAXEL,-0.06461033653012227,-907.6239050654767,6.816487319177159,5270.584902517857,6178.2088075833335,7.5001782713406,3.8916543921353086,-19.368556649050262,-6.631414625309684,SD,3
REF001.PACLITAXEL-15DAILY,0.6047384474327923,3312.9791461428567,104.54762994833528,5270.584902517857,1957.6057563750003,7.5001782713406,-0.40691398140102586,-15.332742069694449,-9.80381946920787,SD,2
REF001.PACLITAXEL-40DAILY,0.7644639679109585,2392.5980742678566,150.80055725826193,5270.584902517857,2877.98682825,7.5001782713406,-2.5250707330861912,-44.35580853210169,-41.1776220490937,SD,1
REF001.PQ-1-6,0.9011557211427078,4223.088836517857,158.09642327494262,5270.584902517857,1047.496066,7.5001782713406,-3.9205512287234034,-76.83830165515089,-72.97801859767603,PR,1
REF001.PQ-1-6-VEHICLE,0.3383887415527086,-1329.595281482143,67.15476958407584,5270.584902517857,6600.180184,7.5001782713406,0.2726456446511635,13.592751830614102,60.21568795140444,PD,1
REF001.SACITUZAMAB-GOVITECAN,0.23025902573401602,3367.1453628928566,-4.894640756855494,5270.584902517857,1903.439539625,7.5001782713406,21.20633158776595,96.35022598441401,119.83451297110976,PD,2
REF001CARBORESP3.CARBOPLATIN,0.6392152815659042,3963.523022499999,37.70781443572895,7518.213911499999,3554.690889,12.318963579419886,1.097112336095764,-35.72207845704276,-32.9355041799306,SD,1
REF001_P6.SACITUZAMAB-GOVITECAN,0.9881161037804864,13755.303481499997,170.1358291903096,15623.905265999998,1868.6017845,58.95489377591624,-6.391408514136125,-86.81017199535718,-50.89082119869157,PR,1
REF002.BMN-673,0.22213759334624594,1982.6220197215916,1.9422119194709888,7614.3480324090915,5631.7260126875,9.282509202869004,7.034336698390426,4.138523753233114,24.477209850475024,SD,4
REF002.CARBOPLATIN,0.6260541987082531,1769.0251201590909,5.206130701963644,7614.3480324090915,5845.322912250001,9.282509202869004,4.979691059210898,-7.513016959150298,2.383953171059927,SD,3
REF002.CDX-011,0.25134514406454456,2444.112804159091,1.6752722059030714,7614.3480324090915,5170.235228250001,9.282509202869004,7.277501629057927,-46.569770904090426,-8.847087422038113,SD,1
REF002.CFI-400945,0.7229750814270295,2717.8540567146474,149.48390248249197,7614.3480324090915,4896.493975694444,9.282509202869004,-2.2078295329686575,-80.41716984850736,-73.2892853028155,PR,9
REF002.CFI-400945+ABT-263-LOW,0.9677725537525067,2904.3244574090913,170.30474078932133,7614.3480324090915,4710.023575,9.282509202869004,-16.134820898785424,-97.06120849637276,-97.06120849637276,CR,1
REF002.CFI-400945-52WEEKLY,0.9236090163022381,5502.462534909091,158.93614957781753,7614.3480324090915,2111.8854975,9.282509202869004,-3.7542892866300352,-99.64661478627768,-99.64661478627768,CR,1
REF002.CFI-400945-5DAILY,0.5556729688953688,2530.900293609092,24.605346142890355,7614.3480324090915,5083.4477388,9.282509202869004,1.6805766616896398,-31.351850248411605,-20.70027244763094,SD,5
REF002.CFI-402257,0.06914003627141785,1898.2191666590916,3.5284659208397597,7614.3480324090915,5716.12886575,9.282509202869004,5.864292510730485,-10.563613616971546,23.907674120251144,SD,3
REF002.CFI-402257-2ON5OFF,-0.21749047079473216,-31.34700884090762,-2.250191043463722,7614.3480324090915,7645.695041249999,9.282509202869004,14.674037008167044,1.026084563440699,27.98337747712669,SD,2
REF002.CFI-402257-2ON5OFF+PACLITAXEL-15DAILY,0.42630088118897536,2670.0141130757584,51.224388040195976,7614.3480324090915,4944.333919333333,9.282509202869004,0.6401879067823825,-97.65470239674406,-86.70998024821628,CR,3
REF002.CFI-402257-3ON4OFF,0.6413591848109009,4764.171294909092,19.736701651829915,7614.3480324090915,2850.1767375,9.282509202869004,2.0607519166666672,32.809922773238576,59.71783358604954,PD,1
REF002.CFI-402257-3ON4OFF+PACLITAXEL,0.9038479746280048,3279.208317992425,35.21364728234082,7614.3480324090915,4335.139714416667,9.282509202869004,1.135779863625797,-99.68549123052367,-95.47489652562246,CR,3
REF002.CFI-402257-HD+PACLITAXEL-15DAILY,0.40742503436164923,1263.4987894090918,24.62293557457121,7614.3480324090915,6350.849243,9.282509202869004,1.67940322019374,-37.156460801565515,-29.823136587808552,SD,1
REF002.CX-5461,0.3536472404287698,1214.8417026590914,8.020988010004547,7614.3480324090915,6399.50632975,9.282509202869004,3.9607623557185256,-7.435404849993965,5.415141123243616,SD,1
REF002.ERIBULIN-LOW,0.6376729390861746,3370.981165409092,118.88324964739431,7614.3480324090915,4243.366867,9.282509202869004,-0.701039714296899,-30.37954601637679,-26.229314655179536,SD,1
REF002.EVEROLIMUS,-0.638323319985286,-5026.099358590906,-3.556671882720637,7614.3480324090915,12640.447390999998,9.282509202869004,22.08926083424679,-31.507437789734404,35.78323097026368,PD,1
REF002.PACLITAXEL,0.6757967570946011,1583.5279349090915,163.99355946740815,7614.3480324090915,6030.8200975,9.282509202869004,-5.754818279361104,-95.31437399009141,-91.03367862301442,CR,1
REF002.PACLITAXEL-15DAILY,0.30929759067003115,146.5105749090917,9.500966854514381,7614.3480324090915,7467.8374575,9.282509202869004,3.5696403577183653,-27.88922112230383,-18.19529529499747,SD,5
REF003.BMN-673,-0.03577964294702213,-69.33472951785689,-21.70285646724289,3419.584078857143,3488.918808375,0.4821832737170713,1.0892244683251424,-25.064744130263072,-11.70813477789127,SD,2
REF003.CARBOPLATIN,0.12964756861787996,374.8596421071434,16.22754553423475,3419.584078857143,3044.7244367499998,0.4821832737170713,0.16761250007896383,-32.67567496501502,-19.13523384162693,SD,1
REF003.CFI-400945,0.9704671841441468,2437.79720852381,102.28974959054383,3419.584078857143,981.7868703333332,0.4821832737170713,-4.180456095224783,-99.58553936911797,-98.47607350830113,CR,3
REF003.CFI-400945+ABT-263,0.9963083980180183,3074.087266357143,104.63534309970072,3419.584078857143,345.4968125,0.4821832737170713,-5.093633616504856,-100.0,-99.85718210146112,CR,1
REF003.CFI-400945-3.75DAILY,0.935396965315321,1072.3489628571433,105.93174299210753,3419.584078857143,2347.235116,0.4821832737170713,-5.78285671307059,-98.16107647496766,-98.16107647496766,CR,2
REF003.CFI-400945-41.6WEEKLY,0.6698113056052183,1639.364900107143,90.50017496936191,3419.584078857143,1780.21917875,0.4821832737170713,-2.1210313925233635,-65.77364404847063,-62.78513484758128,PR,1
REF003.CFI-400945-5DAILY,0.8671023286486603,1737.780580607143,102.2830179619056,3419.584078857143,1681.80349825,0.4821832737170713,-4.178286407518197,-98.23316703460952,-97.77677110201007,CR,2
REF003.CX-5461,0.2910540755757088,642.5017203571433,56.59733672527023,3419.584078857143,2777.0823585,0.4821832737170713,-0.5974155035888011,-38.22550498549875,-27.631960047742492,SD,2
REF003.ERIBULIN,0.8800229355855962,2121.231043732143,100.71683008716845,3419.584078857143,1298.353035125,0.4821832737170713,-3.7253511144552194,-95.22841708812189,-91.10250256704144,CR,2
REF003.ERIBULIN-LOW,0.6335727390483192,1557.588413357143,90.13121261314379,3419.584078857143,1861.9956655,0.4821832737170713,-2.086098100132822,-59.170913053137156,-57.77442390824588,PR,1
REF003.EVEROLIMUS,0.7539665410272649,1915.158085607143,99.78255269058108,3419.584078857143,1504.4259932500001,0.4821832737170713,-3.4966177453752905,-77.36899941611502,-76.13687152927933,PR,1
REF003.PACLITAXEL,0.19800445307716075,540.0609541071431,21.68060690040333,3419.584078857143,2879.52312475,0.4821832737170713,0.07101394529550853,-34.61824271387775,-30.606724014506966,SD,2
REF004.ABT-263,0.444814539172176,4961.239789924999,0.5774856881474001,9527.9160253,4566.676235375,36.3777925710234,26.610551257246378,48.92211056847985,114.72895136850352,PD,2
REF004.BMN-673,0.41541906835894415,294.4941505499992,0.4921081609619917,9527.9160253,9233.42187475,36.3777925710234,27.710857695994587,29.41371168428264,176.24553416657253,PD,1
REF004.CARBOPLATIN,-0.34153844290157376,-7031.483139949998,0.028816067328257144,9527.9160253,16559.399165249997,36.3777925710234,35.723700393895335,10.008351964261486,74.0612576208269,PD,1
REF004.CDX-011,-0.7570328546407722,-4569.46984095,-0.7060532215408979,9527.9160253,14097.385866249999,36.3777925710234,65.96051355011063,-21.26545090303003,69.95039927686189,PD,2
REF004.CFI-400945,0.12048325952120764,-477.34167505000005,0.27210123939815833,9527.9160253,10005.25770035,36.3777925710234,31.014862741263016,42.85933065145584,108.65179479267009,PD,5
REF004.CFI-400945-41.6WEEKLY,0.23874104685972436,-2008.2088313250006,1.3036021080573115,9527.9160253,11536.124856625,36.3777925710234,19.889879750225564,11.131124659110103,67.45149705417407,PD,2
REF004.CFI-402257,0.1644963119871008,-1289.150198450001,0.9608963794699661,9527.9160253,10817.06622375,36.3777925710234,22.58249156785291,10.864007097767182,27.50477406253924,SD,1
REF004.CFI-402257+PACLITAXEL,0.43238397558929925,1691.123848924999,2.8138990186647552,9527.9160253,7836.792176375,36.3777925710234,13.0302808443796,-12.21007981037388,-6.891547854932234,SD,2
REF004.CFI-402257-2ON5OFF,0.16589139007531972,768.6689017999997,1.5129118154969727,9527.9160253,8759.2471235,36.3777925710234,18.539154750884954,36.782446616914875,48.03761435576017,PD,1
REF004.CFI-402257-2ON5OFF+PACLITAXEL-15DAILY,-0.06641569890716437,-2701.195123450001,-0.07366854491330996,9527.9160253,12229.11114875,36.3777925710234,38.16413265586283,58.94249732259823,102.78788296906903,PD,2
REF004.CFI-402257-3ON4OFF+PACLITAXEL,0.5571010482384395,5963.175050049999,1.7109224647705523,9527.9160253,3564.74097525,36.3777925710234,17.41961663715953,-53.596316537302854,-8.95052248023076,SD,1
REF004.CX-5461,0.4266794508682962,1974.7008020499989,1.4426237532466708,9527.9160253,7553.21522325,36.3777925710234,18.971859843652812,16.789311572462907,61.0584014623643,PD,3
REF004.ERIBULIN,0.05912037819860527,-1984.7898922000022,0.49512192582925485,9527.9160253,11512.705917500001,36.3777925710234,27.670472768716596,7.628573712049436,48.16747527584469,PD,1
REF004.EVEROLIMUS,0.5924590022226208,3718.8888933,5.330284243769774,9527.9160253,5809.027131999999,36.3777925710234,8.25762321657872,2.3776755238336778,21.864297558022173,SD,2
REF004.FROST-LOW,0.5608964795404807,3441.5009666749993,5.378901604216947,9527.9160253,6086.415058625,36.3777925710234,8.19932311196048,14.956640161911627,19.468279352271733,SD,2
REF004.PACLITAXEL,0.6263068970293431,4130.707353049998,2.6327872428189933,9527.9160253,5397.208672250001,36.3777925710234,13.593335196871974,24.76314312297825,34.10749693412497,PD,4
REF004.PACLITAXEL-15DAILY,0.06298358076466765,865.9589441749995,0.742701039187485,9527.9160253,8661.957081125,36.3777925710234,24.711478896128327,-13.163265420306441,33.40464850493924,PD,2
REF005.ABT-263,0.5929741566437894,4539.112007778571,6.813998163853339,8345.013075778572,3805.9010680000006,17.64703448617268,5.638305887418569,62.20423809781599,81.57704566082442,PD,1
REF005.BMN-673,0.7870516525474812,3143.635555778572,11.434162702878256,8345.013075778572,5201.37752,17.64703448617268,3.8178919125833595,-30.227642024649093,-23.24732242852091,SD,5
REF005.CARBOPLATIN,0.48699640536797495,2778.6746792071417,0.891654435110805,8345.013075778572,5566.33839657143,17.64703448617268,13.832393989394003,-3.825959087969033,12.661309432707736,SD,7
REF005.CDX-011,0.6880803799841493,2709.284066028572,163.6102065400175,8345.013075778572,5635.72900975,17.64703448617268,-4.281501567709618,-58.86022363608205,-48.815338358765885,PR,6
REF005.CFI-400945,0.7489738841669413,4560.554370184822,25.812073640308874,8345.013075778572,3784.45870559375,17.64703448617268,1.7999432945994664,-15.815085938916356,-1.7941787668013012,SD,8
REF005.CFI-400945+ABT-263,0.21783086510455402,1682.0573777785721,0.9528070084756535,8345.013075778572,6662.955698,17.64703448617268,13.630098579591829,35.86190815611683,86.13958662418331,PD,2
REF005.CFI-400945-41.6WEEKLY,0.8570531089770344,5043.6999245285715,144.06099025000222,8345.013075778572,3301.3131512500004,17.64703448617268,-1.5579164756390973,-42.115622615790336,-36.85856844012352,SD,1
REF005.CFI-400945-52WEEKLY,0.505750743498745,2134.357156628572,21.47825821382642,8345.013075778572,6210.65591915,17.64703448617268,2.172003184396304,-27.15693172564083,-21.56271021311672,SD,5
REF005.CFI-400945-5DAILY,-1.6521213897656635,-6147.573513721427,-2.0834721302963195,8345.013075778572,14492.586589499999,17.64703448617268,49.393634607851965,31.09181866543871,137.4726417633903,PD,1
REF005.CFI-402257,0.5047961745292969,1823.374644128572,4.835080866275252,8345.013075778572,6521.63843165,17.64703448617268,7.0454254248069175,14.779052116714443,34.935732665271146,PD,5
REF005.CFI-402257-2ON5OFF,0.42785492338006514,2261.143035778572,5.224192450974071,8345.013075778572,6083.87004,17.64703448617268,6.717226954391411,-8.375138835616413,-3.307902057067491,SD,1
REF005.CFI-402257-2ON5OFF+PACLITAXEL-15DAILY,0.5562422369200669,3332.3244680035723,7.451969392101256,8345.013075778572,5012.688607775,17.64703448617268,5.294748268326069,-9.681562724392904,17.87275853603868,SD,2
REF005.CFI-402257-3ON4OFF,-0.026039161847710712,-2982.407082221429,0.002356868469058625,8345.013075778572,11327.420158,17.64703448617268,17.634192465201465,-6.496624834609676,66.3581540435428,PD,1
REF005.CFI-402257-3ON4OFF+PACLITAXEL,0.9152416617007998,4787.842931945239,13.323377650264918,8345.013075778572,3557.1701438333334,17.64703448617268,3.36157363846761,-68.95147110570302,-66.01261681742227,PR,3
REF005.CX-5461,0.6345676936409669,4053.1976595007945,10.594635702226777,8345.013075778572,4291.815416277777,17.64703448617268,4.059666366447434,-3.1851779223133314,4.972344981105192,SD,9
REF005.ERIBULIN,0.9991651194991533,7826.4309494035715,156.51921218835625,8345.013075778572,518.5821263749999,17.64703448617268,-2.712442121955356,-99.63954267337141,-99.54331431852768,CR,2
REF005.ERIBULIN-EXTRALOW,0.22203559714762244,1214.905407653573,8.908031839237067,8345.013075778572,7130.107668124999,17.64703448617268,4.644279964270456,-0.25630155286348,5.3560740099586255,SD,2
REF005.ERIBULIN-LOW,0.8978395131442511,5742.561571966072,161.11147669276465,8345.013075778572,2602.4515038125,17.64703448617268,-3.570713265333665,-64.92188861751282,-56.12818649065302,PR,4
REF005.EVEROLIMUS,0.7301470103659368,4315.939927528572,27.129211633815697,8345.013075778572,4029.07314825,17.64703448617268,1.7063340488147396,-26.601094371274787,-13.866630658830125,SD,2
REF005.PACLITAXEL,0.9774582264771388,4024.391142064286,68.60175296018963,8345.013075778572,4320.621933714286,17.64703448617268,0.3279122362514603,-92.01741778153185,-92.01741778153185,PR,7
REF005.PACLITAXEL-15DAILY,0.6310390853971067,3769.9516905285727,13.559569870859404,8345.013075778572,4575.061385249999,17.64703448617268,3.3115609929405476,-7.405415450821729,2.1792760641401565,SD,2
REF006.ADC-CONTROL,0.318733649995109,1957.216728318182,2.965918780465688,6018.138359818182,4060.9216315,6.899597156122261,5.044493662412711,-21.991941526992605,27.53031285736426,SD,2
REF006.AZD-5305,0.48751562828807604,2177.010605318182,29.11918373213574,6018.138359818182,3841.1277545,6.899597156122261,1.3095565050433966,-33.37393472844572,-17.266001184384283,SD,1
REF006.AZD-8205,-3.02205258305107,-5962.999039931819,-7.446308218021618,6018.138359818182,11981.137399750001,6.899597156122261,71.57145516911737,139.32803285025372,245.29957906609428,PD,2
REF006.BMN-673,0.335084711809965,1680.6290495681824,5.584973706574348,6018.138359818182,4337.5093102499995,6.899597156122261,4.061547536565869,25.49722086428844,76.99879287227455,PD,2
REF006.CARBOPLATIN,0.5285869804785682,2315.926737443182,17.465009214068903,6018.138359818182,3702.211622375,6.899597156122261,2.076751417454534,-13.90083164500806,-1.3735155891125945,SD,2
REF006.CDX-011,0.8144282640771987,2754.340222318182,149.62952167839663,6018.138359818182,3263.7981375,6.899597156122261,-2.4597857838359865,-93.02409554302449,-80.95961864942316,PR,2
REF006.CFI-400945,0.10811925301510927,-3138.697069556818,-1.3637905172898441,6018.138359818182,9156.835429375,6.899597156122261,8.284156663547648,21.15620670325312,27.811956128635718,SD,4
REF006.CFI-400945-52WEEKLY,0.7934642657583864,3029.383281318182,134.255207712894,6018.138359818182,2988.7550785,6.899597156122261,-1.3033197281150166,-49.59157586490126,-44.26100634665108,SD,1
REF006.CFI-402257,0.3897245198411923,1285.753747318182,10.839031160145124,6018.138359818182,4732.3846125,6.899597156122261,2.890139660743397,7.546849019173951,19.875969835534836,SD,1
REF006.CFI-402257-2ON5OFF,0.1931070014151075,529.1463738181819,3.15340544129051,6018.138359818182,5488.991986,6.899597156122261,4.95935751766409,9.012728921729874,29.468967906233313,SD,2
REF006.CFI-402257-2ON5OFF+PACLITAXEL-15DAILY,0.5752994505118691,1979.6554677556824,41.87477496372413,6018.138359818182,4038.4828920624996,6.899597156122261,0.8354903042591193,-29.689212660668794,-26.081028624008447,SD,4
REF006.CFI-402257-3ON4OFF,0.2375632480034071,2105.7478658181817,3.5913687700658823,6018.138359818182,3912.390494,6.899597156122261,4.7708524463837545,-8.567732542416696,-5.213555776839307,SD,1
REF006.CX-5461,0.36363349659040156,1232.4385346515155,10.130757992871589,6018.138359818182,4785.699825166666,6.899597156122261,3.010047544004357,5.896886369926357,17.573853968090546,SD,3
REF006.DATOPOTAMAB-DERUXTECAN,0.813216330941804,4157.657930318182,140.0205073553652,6018.138359818182,1860.4804295000001,6.899597156122261,-1.6170731483870961,-94.42911439891574,-82.66835590773786,PR,1
REF006.ERIBULIN-EXTRALOW,-0.4846916836240045,-4597.348022431819,-1.7981120043055476,6018.138359818182,10615.486382250001,6.899597156122261,8.847331204495006,8.221139339311211,37.918940477722686,PD,1
REF006.ERIBULIN-LOW,0.7286059632553097,3186.250627818182,121.77642951761995,6018.138359818182,2831.887732,6.899597156122261,-0.8397906285143776,-45.95765216866744,-39.17802685081765,SD,1
REF006.EVEROLIMUS,0.4236490260318807,1097.611599068181,60.31160196738513,6018.138359818182,4920.526760750001,6.899597156122261,0.39273356727802555,-2.9110262704998613,6.839705482043246,SD,1
REF006.FLUVASTATIN+TERBINIFINE,0.5732530067941257,2022.623724782468,7.322401373064795,6018.138359818182,3995.514635035714,6.899597156122261,3.5890459063297024,-21.648177137229407,-10.560883469594529,SD,7
REF006.PACLITAXEL,0.6372656738795245,2492.665791068182,111.50410042710928,6018.138359818182,3525.47256875,6.899597156122261,-0.5715678363293051,-31.80243479729373,-26.728961787854143,SD,1
REF006.PACLITAXEL-15DAILY,0.668208238564473,2341.8937557348486,145.9897721223714,6018.138359818182,3676.2446040833333,6.899597156122261,-2.0719730827378684,-52.28586979100784,-47.833201802977285,PR,3
REF006.PEG400,0.35504190281874237,2722.1513260056818,7.339806218648896,6018.138359818182,3295.9870338125,6.899597156122261,3.5848337651857234,0.03292749109573023,10.640537111660242,SD,4
REF006.PQ-1-6,0.7110168559481247,3234.4066595056815,17.425325761668113,6018.138359818182,2783.7317003125004,6.899597156122261,2.080436467273482,-48.365154414124376,-35.27399726527912,SD,4
REF006.PQ-1-6-VEHICLE,0.3873459045292037,2218.8687319015153,6.320750849628979,6018.138359818182,3799.2696279166666,6.899597156122261,3.8479930879412687,10.400265481670544,21.3081090581295,SD,3
REF006.SACITUZAMAB-GOVITECAN,-0.3775182775705841,1568.0090330681824,-3.1937291819279103,6018.138359818182,4450.12932675,6.899597156122261,11.309400901368047,41.868281628219876,47.1900683954463,PD,1
REF006.TOPOTECAN,0.5900507057184337,5598.349292818182,143.19399457069457,6018.138359818182,419.789067,6.899597156122261,-1.8372406666666732,-3.86284525657995,-3.86284525657995,SD,1
REF006.TRASTUZUMAB-CONTROL,-0.1663384826886718,1296.7777528181814,-3.7438310343409498,6018.138359818182,4721.3606070000005,6.899597156122261,12.697804795811518,55.31028940824947,111.22998224575235,PD,1
REF006.TRASTUZUMAB-DERUXTECAN,0.10630509047966785,105.1646208181819,0.1040480039333234,6018.138359818182,5912.973739,6.899597156122261,6.812424587096772,33.99904817945094,85.77117027454105,PD,1
REF006_P3_DATO_RES_P7.DATOPOTAMAB-DERUXTECAN,0.2674238606951762,-2701.94711775,0.8382042185053497,8040.295698,10742.24281575,88.55816449999999,38.57018163302751,66.6198290084117,190.07101789344222,PD,1
REF006_P3_DATO_RES_P7.SACITUZAMAB-GOVITECAN,0.4236711829678794,1037.0443894999999,0.7287477601965369,8040.295698,7003.2513085,88.55816449999999,41.64030018918918,165.30797256208797,224.29407348398234,PD,1
REF006_P3_DATO_RES_P7.TRASTUZUMAB-DERUXTECAN,0.20800130124452432,-1119.0995285000008,0.6742073833472589,8040.295698,9159.3952265,88.55816449999999,43.35994468807338,121.47417984195444,293.33395933876864,PD,1
REF006_P6_TRAZ_250814_RES_P4.TRASTUZUMAB-DERUXTECAN,,,,,9498.64197275,,14.305092564285719,50.97514324760062,153.52508873734192,PD,1
REF007.BMN-673,0.27386007412234137,2114.681222345238,4.834402375676401,7474.006142178571,5359.324919833333,11.492581116405702,5.784966828531803,46.78121812627931,66.696045553126,PD,3
REF007.CARBOPLATIN,0.5411213144887298,3121.737888428571,4.9444435883325895,7474.006142178571,4352.26825375,11.492581116405702,5.7194996648671985,-21.76412142765387,11.267540411223198,SD,1
REF007.CDX-011,0.7588885925770823,2874.2069390535717,155.37351345862007,7474.006142178571,4599.799203125,11.492581116405702,-2.8000417063226735,-98.74451080861142,-87.4903144646052,CR,2
REF007.CFI-400945,0.4709016299298658,2023.2079535535713,10.181058151991953,7474.006142178571,5450.798188625,11.492581116405702,3.692327384041689,10.340983086410837,24.89024505832767,SD,2
REF007.CFI-400945-52WEEKLY,0.7084054847944907,3766.3342571785715,25.383936195264102,7474.006142178571,3707.6718849999997,11.492581116405702,1.7074022455167914,-28.01676393604904,-9.993325694924382,SD,1
REF007.CFI-402257,0.42120733686436584,3964.723794428571,16.286140996227545,7474.006142178571,3509.28234775,11.492581116405702,2.5702906374600647,-23.68473147059188,-18.605976881902496,SD,1
REF007.CFI-402257-2ON5OFF,0.44219704898328793,2664.608805428571,13.170933911313247,7474.006142178571,4809.39733675,11.492581116405702,3.0515901435553534,20.066918896956842,23.490973936912418,SD,1
REF007.CX-5461,-0.6801294343802542,-2349.7880725714285,-2.36281911401456,7474.006142178571,9823.79421475,11.492581116405702,21.936262691635616,16.21424165556007,33.110315556040774,PD,2
REF007.ERIBULIN,0.9988341473796272,6225.552212928571,169.70705829805055,7474.006142178571,1248.45392925,11.492581116405702,-10.738896976930315,-100.0,-99.81254805213527,CR,1
REF007.ERIBULIN-EXTRALOW,0.9906731790370171,5596.715122428572,168.4196094413647,7474.006142178571,1877.29101975,11.492581116405702,-8.63290561015702,-100.0,-99.90392290854118,CR,1
REF007.ERIBULIN-LOW,0.9685219792499329,5237.936524678571,170.16380454460855,7474.006142178571,2236.0696175000003,11.492581116405702,-11.753038969708689,-94.00644377884547,-94.00644377884547,PR,1
REF007.EVEROLIMUS,0.7688822550072345,3547.7476315535714,154.86553915406614,7474.006142178571,3926.258510625,11.492581116405702,-2.7235623225191796,-57.84668548020696,-50.42129719198377,PR,2
REF007.PACLITAXEL,0.9906731790370171,5198.438547178572,167.99885759558688,7474.006142178571,2275.567595,11.492581116405702,-8.111328673575146,-100.0,-100.0,CR,3
REF007.UNC0642,-1.5882357077797917,-7335.06324557143,-3.149230507522539,7474.006142178571,14809.069387750002,11.492581116405702,31.406677132381247,61.18307644235405,82.17954176593587,PD,2
REF009.ABT-263,0.41750660377869,1268.3119667708334,31.65574261260093,5298.452736520833,4030.14076975,5.5937514438654965,1.118773521157168,-42.12668260763148,-18.45410656897051,SD,1
REF009.ADC-CONTROL,-0.05496766163115646,-1007.9041578541664,-0.9796449634642671,5298.452736520833,6306.356894375,5.5937514438654965,6.2043015954209455,37.99556923567506,62.14044627691224,PD,2
REF009.AZD-8205,0.2853868132315236,-175.61575622916735,8.862640952152187,5298.452736520833,5474.068492750001,5.5937514438654965,2.904476315547034,-7.891777564683899,18.028245445139714,SD,2
REF009.BMN-673,0.6787201827588387,2291.5520867708333,61.00183927805296,5298.452736520833,3006.90064975,5.5937514438654965,0.34164378477354107,-38.79481160349177,-32.839874485988716,SD,5
REF009.CARBOPLATIN,0.799225952397142,1446.8217211874994,56.761277060723195,5298.452736520833,3851.631015333334,5.5937514438654965,0.4265975336575735,-69.76301333814061,-57.53075213307201,PR,3
REF009.CDX-011,0.4233859569158225,741.8593022708328,55.691526566134286,5298.452736520833,4556.59343425,5.5937514438654965,0.44884578150684934,4.012497671806958,15.562779254750602,SD,1
REF009.CFI-400945,0.6372453240937599,1508.7230254494048,93.62794635019742,5298.452736520833,3789.7297110714285,5.5937514438654965,-0.244951765445343,-39.82289957308639,-28.92318324894141,SD,7
REF009.CFI-400945+ABT-263-LOW,0.7930470495494946,2223.832592270833,148.77338556579485,5298.452736520833,3074.62014425,5.5937514438654965,-2.5927910133967162,-49.18949830192882,-31.900410598652318,SD,1
REF009.CFI-400945-52WEEKLY,0.38102541526051636,934.0927630208325,69.20535222730302,5298.452736520833,4364.359973500001,5.5937514438654965,0.18820913209651668,-44.37849368779514,-26.959428490430565,SD,2
REF009.CFI-400945-5DAILY,-0.05346678476906641,-544.5854889791672,-1.8969632962662237,5298.452736520833,5843.0382255,5.5937514438654965,6.906400189508508,44.98224888290383,89.7470342883623,PD,1
REF009.CFI-402257,0.31601586566158446,1198.8565076875002,10.73024626554853,5298.452736520833,4099.596228833333,5.5937514438654965,2.623412215418462,5.062554784386397,11.976357302346186,SD,3
REF009.CFI-402257-3ON4OFF+PACLITAXEL,0.8314112510031508,3234.379638020833,149.48306889621267,5298.452736520833,2064.0730985,5.5937514438654965,-2.691624199908509,-99.59250180169215,-97.69084354292224,CR,1
REF009.CX-5461,0.5411580327399275,2307.467635570833,74.79659620282027,5298.452736520833,2990.9851009500003,5.5937514438654965,0.08867865642929651,-26.33306265995785,-18.40054191572661,SD,5
REF009.DATOPOTAMAB-CONTROL,0.19174144348147404,338.633632270833,5.835869880979965,5298.452736520833,4959.81910425,5.5937514438654965,3.4939458967052546,-51.926204320993776,-34.25050061582251,PR,1
REF009.DATOPOTAMAB-DERUXTECAN,0.5800999807805027,1789.9800800208332,111.87806493025997,5298.452736520833,3508.4726565,5.5937514438654965,-0.6252045961709709,-89.98248091740528,-76.16430977693192,PR,1
REF009.ERIBULIN,0.9865557474508961,3237.1142220208335,160.53966730395612,5298.452736520833,2061.3385144999997,5.5937514438654965,-6.0902483577586235,-97.04528807010128,-97.04528807010128,CR,1
REF009.ERIBULIN-LOW,0.6292045636822815,1486.569555020833,150.30262872649593,5298.452736520833,3811.8831815000003,5.5937514438654965,-2.81428966097561,-97.76381717660216,-86.99943534333875,CR,1
REF009.PACLITAXEL,0.761787276816408,3203.020696145833,152.1655896544585,5298.452736520833,2095.4320403750003,5.5937514438654965,-3.133666533530456,-96.90252974267058,-86.86289257614986,CR,2
REF009.PACLITAXEL-10DAILY,-0.590233918604552,-3933.700129479167,-5.798561448657255,5298.452736520833,9232.152866,5.5937514438654965,13.185116440414504,25.805152979066026,126.04172447836248,PD,1
REF009.PACLITAXEL-15DAILY,0.6890703615820393,1958.2920885208332,122.39029814272867,5298.452736520833,3340.160648,5.5937514438654965,-0.9171677897693677,-96.11345457654691,-93.03660611631321,CR,1
REF009_BL.TRASTUZUMAB-CONTROL,,,,,1263.219168,,21.486562666666664,88.2544940046622,88.2544940046622,PD,1
REF009_BL.TRASTUZUMAB-DERUXTECAN,,,,,2612.562894,,-9.948312697154476,-88.04153230786766,-45.873231673336,PR,1
REF010.ABT-263,0.6856050302076656,2940.932635909091,38.5620205635689,5284.445516159091,2343.5128802500003,5.820379374047402,0.8906283641025646,1.3364957791432097,14.116953918333607,SD,1
REF010.BMN-673,-0.05918854336375157,-2777.9490488409083,0.2791571333598389,5284.445516159091,8062.394565,5.820379374047402,5.655136823506205,23.872077566658856,42.0991726831218,PD,3
REF010.CARBOPLATIN,0.14762307018288695,933.8482945340911,1.375658362710046,5284.445516159091,4350.597221625,5.820379374047402,5.085544160268425,7.971590337484547,35.392222393378475,PD,2
REF010.CDX-011,0.7064584982898492,2199.608189034091,153.49391762202052,5284.445516159091,3084.8373271250002,5.820379374047402,-3.3211094085763646,-83.50418126043238,-74.16420805732778,PR,4
REF010.CFI-400945,0.7708674468704891,2175.4712592305204,158.11188372140896,5284.445516159091,3108.974256928571,5.820379374047402,-4.649021648250539,-91.54050266333175,-90.55310177913672,PR,7
REF010.CFI-400945+ABT-263,0.38882335350810904,3290.1852119090913,24.69560325138383,5284.445516159091,1994.26030425,5.820379374047402,1.4580371907216503,17.387498120016144,22.921647977672976,SD,1
REF010.CFI-400945+ABT-263-LOW,0.9532631991268817,3499.7941156590914,158.50980267820844,5284.445516159091,1784.6514005000001,5.820379374047402,-4.811314257196419,-98.28924957073536,-95.4238283267009,CR,2
REF010.CFI-400945-41.6WEEKLY,0.7452993910177851,2855.9995481590913,158.43653433221198,5284.445516159091,2428.445968,5.820379374047402,-4.780622291262136,-97.5563505561746,-77.68730572986922,CR,1
REF010.CFI-400945-52WEEKLY,0.8159201857907241,1326.7067480340916,165.1476255146697,5284.445516159091,3957.7387681249998,5.820379374047402,-11.196920663416451,-89.01078770744405,-86.09618872438799,PR,2
REF010.CFI-400945-5DAILY,0.5255217616351726,1657.6733626590913,62.471074444208284,5284.445516159091,3626.7721535,5.820379374047402,0.32068202774359994,-34.44874538625563,-20.21815404928392,SD,4
REF010.CFI-402257,-0.009135714538906825,-707.8942152784084,-2.2413692271404897,5284.445516159091,5992.3397314375,5.820379374047402,7.588135537139829,16.869520301972905,47.97987217462476,PD,4
REF010.CFI-402257-2ON5OFF,0.43238601935695153,735.7362404090909,37.04888203538994,5284.445516159091,4548.70927575,5.820379374047402,0.9391381983560462,3.0950050286832065,5.630332395655224,SD,1
REF010.CFI-402257-2ON5OFF+PACLITAXEL,0.8245249207023782,3121.5085684090914,160.91601203462557,5284.445516159091,2162.93694775,5.820379374047402,-6.0832165606796105,-97.66429007013447,-93.96608268118074,CR,1
REF010.CFI-402257-2ON5OFF+PACLITAXEL-15DAILY,0.9982690073750697,3285.810446159091,159.74572236473927,5284.445516159091,1998.63507,5.820379374047402,-5.392646973826521,-100.0,-99.76452797409551,CR,1
REF010.CX-5461,0.16220491483895844,-371.28093592424284,0.5885582784623707,5284.445516159091,5655.726452083334,5.820379374047402,5.482315428455382,-1.563664056890418,28.531523693222148,SD,6
REF010.ERIBULIN-EXTRALOW,0.33591738839334095,513.7521391590917,143.59140616372105,5284.445516159091,4770.693377,5.820379374047402,-1.9917605557993738,-38.38500315967798,-30.83049124343502,SD,1
REF010.EVEROLIMUS,0.6258904012049008,1685.3885489090912,83.93538703649325,5284.445516159091,3599.05696725,5.820379374047402,-0.06439019764890305,-11.26760573788892,0.5492622015810023,SD,1
REF010.PACLITAXEL-15DAILY,0.9212398355656711,3027.2196239090913,158.67824408466817,5284.445516159091,2257.22589225,5.820379374047402,-4.883326913234236,-98.1638811160684,-96.09762702295617,CR,2
REF013.BMN-673,0.5394447702928564,3788.120693035713,3.556906906820858,15553.548243285713,11765.42755025,51.17899632038109,12.225204414291873,61.76743195528107,86.43123373598046,PD,1
REF013.CARBOPLATIN,0.1875669375479777,2267.4679529107125,0.1561337116935407,15553.548243285713,13286.080290375001,51.17899632038109,44.91252238738736,165.35952537762176,213.02612112699904,PD,2
REF013.CDX-011,0.9138747710783146,11597.145917285714,151.49747189479336,15553.548243285713,3956.402326,51.17899632038109,-1.930584724368499,-32.58054661434453,-27.900480227298086,SD,1
REF013.CFI-400945,0.8904089889157744,6371.288100119045,171.42625986691718,15553.548243285713,9182.260143166668,51.17899632038109,-7.642788385506616,-75.7199709499022,-68.26075193065113,PR,3
REF013.CFI-400945+ABT-263,0.99401574730252,14090.075753285713,169.9792730922211,15553.548243285713,1463.47249,51.17899632038109,-6.384880818256615,-95.43250417005028,-71.46952003989304,CR,2
REF013.CFI-400945+ABT-263-LOW,0.975290827571695,7122.845723035713,176.12477970599255,15553.548243285713,8430.70252025,51.17899632038109,-20.774601902981853,-92.91047951936898,-73.2465027991801,PR,1
REF013.CFI-400945-52WEEKLY,0.8901272487544537,10657.948857035713,22.839300115532907,15553.548243285713,4895.59938625,51.17899632038109,2.2504036057429353,-47.5535577304999,-17.04615144946977,SD,1
REF013.CFI-400945-5DAILY,0.7582431176977806,9537.662293035713,11.863206694395776,15553.548243285713,6015.88595025,51.17899632038109,4.337491477095938,29.784766843110134,34.424268171655314,PD,1
REF013.CFI-402257,0.528105377994598,3542.7317560357133,4.26344325522098,15553.548243285713,12010.81648725,51.17899632038109,10.612862860211568,91.97816226137171,121.41479745250598,PD,2
REF013.CX-5461,0.06541895147208776,3058.7080317857126,0.17294212377387475,15553.548243285713,12494.8402115,51.17899632038109,44.32817719827589,44.309093463391534,164.62443808314538,PD,1
REF013.ERIBULIN,0.9996139191808078,14964.848141035713,167.1527818604966,15553.548243285713,588.7001022500001,51.17899632038109,-4.817027835460348,-100.0,-100.0,CR,1
REF013.ERIBULIN-EXTRALOW,0.9998069595904039,14069.064780160714,172.02383351042243,15553.548243285713,1484.483463125,51.17899632038109,-8.316133366605941,-100.0,-100.0,CR,2
REF013.ERIBULIN-LOW,0.9998069595904039,12690.289090535713,174.46211704350364,15553.548243285713,2863.25915275,51.17899632038109,-12.941507345820074,-99.94255887017323,-99.94255887017323,CR,2
REF013.PACLITAXEL,0.9895758178818088,11275.662709202381,173.9362187554953,15553.548243285713,4277.885534083333,51.17899632038109,-11.559220339810013,-99.66240801808505,-95.94889621702055,CR,3
REF013.PACLITAXEL-15DAILY,0.9037500328574082,10345.634237410713,165.18043356345646,15553.548243285713,5207.914005875,51.17899632038109,-4.102105297499776,-47.90802768411763,-31.618082401679818,SD,2
REF014.ADC-CONTROL,-0.35128537620715594,1475.5950133750002,-9.648659156952142,4253.605065875,2778.0100525,4.207482610566851,15.376806922297286,65.90656584363683,135.93792953265375,PD,1
REF014.AZD-8205,-0.1963680650418682,893.5318360000001,-7.221274201398252,4253.605065875,3360.073229875,4.207482610566851,9.283223614347765,0.7211908568127541,13.647723804089573,SD,2
REF014.BMN-673,-0.06289733568955835,183.89594862500007,7.156754333689487,4253.605065875,4069.70911725,4.207482610566851,2.6708847255033272,-3.9965528866403033,19.75780782083303,SD,3
REF014.CARBOPLATIN,0.16587100758234052,726.2260933750008,4.228751302927492,4253.605065875,3527.3789724999992,4.207482610566851,3.1527263302176043,-16.632679000854633,15.39323177399574,SD,3
REF014.CDX-011,-0.14654116909157167,-829.2042651250003,-1.2934959095722407,4253.605065875,5082.809331,4.207482610566851,4.674118770002369,18.226311495967487,32.60956830918468,PD,4
REF014.CFI-400945,0.04687579620371363,-909.6105531250005,3.0964537436261073,4253.605065875,5163.2156190000005,4.207482610566851,3.383316864698442,10.801975676221364,22.567277179576784,SD,5
REF014.CFI-400945-52WEEKLY,0.3082736658111762,652.7557265249998,22.773978371067365,4253.605065875,3600.8493393500003,4.207482610566851,1.369156839813829,-7.973098077797747,-3.2971827469637893,SD,5
REF014.CFI-402257,0.16220922352733558,497.5846298749998,9.680539148392738,4253.605065875,3756.0204360000002,4.207482610566851,2.350139506339891,3.8234915390592255,13.844468031810042,SD,2
REF014.CFI-402257-2ON5OFF+PACLITAXEL-15DAILY,0.1682743375169754,337.0590538749998,10.85415156451571,4253.605065875,3916.5460120000002,4.207482610566851,2.222642806344411,0.7032744585953044,4.572698977464151,SD,1
REF014.CFI-402257-3ON4OFF+PACLITAXEL,0.4490049650079787,1277.4745540000004,99.85214671406334,4253.605065875,2976.1305118749997,4.207482610566851,-0.4290485802108621,-47.33957232504744,-37.109165891358046,SD,2
REF014.CX-5461,0.013271428538981112,15.698309891666213,5.148723388576227,4253.605065875,4237.906755983334,4.207482610566851,2.9855226426054835,-5.418207110289741,7.01632724557284,SD,3
REF014.DATOPOTAMAB-CONTROL,-0.2998796709382878,-1021.0610531250004,-6.848057705876043,4253.605065875,5274.666119,4.207482610566851,8.747730522803117,82.0516899137659,117.89801528972079,PD,1
REF014.DATOPOTAMAB-DERUXTECAN,0.6882951733581919,2020.9853678750005,150.95503252914102,4253.605065875,2232.6196979999995,4.207482610566851,-3.5634783155555567,-74.17022642623228,-65.52445468898603,PR,1
REF014.ERIBULIN-EXTRALOW,0.35784379500396735,1464.6143813749995,103.27659265947003,4253.605065875,2788.9906845000005,4.207482610566851,-0.5017700977223373,-16.95800365862896,-12.151548255377852,SD,2
REF014.ERIBULIN-LOW,0.4596601605844731,860.3426250416665,90.26112724905943,4253.605065875,3393.2624408333336,4.207482610566851,-0.24249203834816815,-37.06761043377034,-21.736008420918097,SD,3
REF014.EVEROLIMUS,0.09250500555730912,-43.80759295833286,4.058601426915389,4253.605065875,4297.412658833333,4.207482610566851,3.1855207772201872,17.12548774806382,30.643037470190613,PD,3
REF014.PACLITAXEL,-0.20797128259444908,-841.7286246250005,-2.2636767844489842,4253.605065875,5095.333690500001,4.207482610566851,5.094284834615386,32.51174476360876,48.7121616245775,PD,1
REF014.PACLITAXEL-15DAILY,0.07584452993588453,-629.2944441250002,10.453845334929989,4253.605065875,4882.89951,4.207482610566851,2.2647998996764076,3.8940836357883146,8.982800128375679,SD,2
REF014.SACITUZAMAB-GOVITECAN,0.09290541540387537,42.661904000000504,-1.1979099526177703,4253.605065875,4210.9431618749995,4.207482610566851,4.636297597793524,-2.6289187946888113,32.97205757197862,PD,2
REF014.TRASTUZUMAB-CONTROL,-0.011428370685157063,114.92293712499941,-2.2564466588065653,4253.605065875,4138.682128750001,4.207482610566851,5.090885993246492,-1.8230304904355457,26.0833471729118,SD,2
REF014.TRASTUZUMAB-DERUXTECAN,-1.2475839043921417,-2915.294266791665,-8.810221113024504,4253.605065875,7168.899332666665,4.207482610566851,12.540214790491982,14.230375226021884,49.40348228288596,PD,3
REF016.ADC-CONTROL,0.5537733724620333,6221.674527065474,2.50392077550811,13968.41795073214,7746.743423666667,33.88984903897709,13.636706891659955,23.029862931706347,31.132933437868626,PD,3
REF016.AZD-5305,0.8361157946270851,8855.286195660712,30.62564985621307,13968.41795073214,5113.131755071428,33.88984903897709,1.5808778115852304,-49.62612279845069,-38.94612554597977,SD,7
REF016.AZD-8205,0.40502185406468666,4919.771442732141,0.9367445271751504,13968.41795073214,9048.646508,33.88984903897709,21.795880499169996,-14.392155165390257,31.583413285222903,PD,6
REF016.BMN-673,0.7855168323945116,6733.072273748808,17.626307059377663,13968.41795073214,7235.345676983333,33.88984903897709,2.8529234619891133,-5.180558500376565,14.183692161340101,SD,9
REF016.CARBOPLATIN,0.7893929566803763,6671.00942593214,21.896666160774224,13968.41795073214,7297.4085248,33.88984903897709,2.2903452048184447,-10.285251753167135,-7.182489154134519,SD,5
REF016.CDX-011,0.2871903383932878,1145.6289228988098,0.3424793173536062,13968.41795073214,12822.78902783333,33.88984903897709,28.176091049290278,46.6631501543735,125.03321553173028,PD,3
REF016.CFI-400945,0.8682415062801658,5889.682910391232,9.885762682985805,13968.41795073214,8078.735040340908,33.88984903897709,4.8820362148627385,-26.382391131722795,-26.382391131722795,SD,11
REF016.CFI-400945+ABT-263,0.664181536059838,3444.1032687321404,169.3447783793287,13968.41795073214,10524.314682,33.88984903897709,-6.338763654620313,-28.296488617520044,-24.21223020982427,SD,1
REF016.CFI-400945+ABT-263-LOW,0.09337134035330008,-3293.8685725178566,1.5439899332697815,13968.41795073214,17262.286523249997,33.88984903897709,17.697067857800388,7.160056959253747,23.160024903361865,SD,1
REF016.CFI-400945-3.75DAILY,0.6556018018217827,7947.2603789821405,4.361233805737677,13968.41795073214,6021.15757175,33.88984903897709,9.432968694937982,1.994935325253927,19.229949171042993,SD,2
REF016.CFI-400945-52WEEKLY,0.9520026502472769,9889.24243623214,168.48610257135235,13968.41795073214,4079.1755144999997,33.88984903897709,-5.775114579176565,-76.80641878923362,-57.22678933405403,PR,1
REF016.CFI-400945-5DAILY,0.8580563291718549,9848.329181065474,55.44503593795841,13968.41795073214,4120.088769666666,33.88984903897709,0.6460580636268557,-30.80713540987574,-22.84932377702583,SD,3
REF016.CFI-402257,0.1755306485439727,5169.895208565475,-0.1427861850687188,13968.41795073214,8798.522742166666,33.88984903897709,37.01882916105248,5.543131397630701,115.48242488238793,PD,6
REF016.CFI-402257-2ON5OFF,0.012589246547492272,574.7552805654741,0.28129148924450936,13968.41795073214,13393.662670166666,33.88984903897709,29.051315321097803,-11.428033477671084,74.88560372906292,PD,3
REF016.CFI-402257-2ON5OFF+PACLITAXEL-15DAILY,0.6090911889476462,6519.79734423214,3.4267002934805895,13968.41795073214,7448.620606500001,33.88984903897709,11.167670938912396,-11.6805942725817,1.1368848527923192,SD,4
REF016.CFI-402257-3ON4OFF+PACLITAXEL,0.5373074160866852,7590.829221169641,3.4516685467501804,13968.41795073214,6377.5887295625,33.88984903897709,11.113151584199626,58.366290693409525,126.83096742415685,PD,4
REF016.CX-5461,-0.015065419270183344,602.9002719821401,0.24810014086530718,13968.41795073214,13365.51767875,33.88984903897709,29.54918914702997,10.712380183442116,70.12968510222224,PD,5
REF016.DATOPOTAMAB-CONTROL,0.30606009868649353,3323.231032732141,-0.10556079269559131,13968.41795073214,10645.186918,33.88984903897709,36.148753272030646,19.75198665448856,361.9992462491669,PD,1
REF016.DATOPOTAMAB-DERUXTECAN,0.6234621653582411,8235.265522732141,4.181663176936692,13968.41795073214,5733.152427999999,33.88984903897709,9.723569957854401,2.9279816827204153,51.55777117828961,PD,1
REF016.DMSO,0.6145518277039121,10725.720767315473,4.543160446909838,13968.41795073214,3242.6971834166666,33.88984903897709,9.155567367283107,20.954305646083093,73.51823294137981,PD,3
REF016.ERIBULIN-EXTRALOW,0.1355620918307514,854.8331939821401,0.3470093265755851,13968.41795073214,13113.58475675,33.88984903897709,28.11338372985892,41.5376749873503,53.05616442047341,PD,1
REF016.ERIBULIN-LOW,0.574729304785105,7736.880900482141,3.023927585772472,13968.41795073214,6231.537050249999,33.88984903897709,12.126731398626262,23.93860825618398,139.24920591670673,PD,2
REF016.FLUVASTATIN+TERBINIFINE,0.6550259876704043,9270.129089357139,2.873826185191143,13968.41795073214,4698.288861375001,33.88984903897709,12.52733511950631,-26.42547886545141,17.768734802140486,SD,6
REF016.PACLITAXEL,0.609625544679087,8330.626042648808,4.292068893652608,13968.41795073214,5637.7919080833335,33.88984903897709,9.542840799747959,-5.101138055222099,33.412296251834036,PD,3
REF016.PACLITAXEL-15DAILY,0.7208765012181886,7359.212323232141,5.81480359970948,13968.41795073214,6609.2056274999995,33.88984903897709,7.590675856488911,-3.4218887198019523,17.41796104799419,SD,4
REF016.PEG400,0.666757637631628,9617.993899565474,2.8182479110973224,13968.41795073214,4350.424051166667,33.88984903897709,12.682419598110618,-6.621181164302559,36.08949686891811,PD,3
REF016.PQ-1-6,0.9207884728092548,10856.09331341964,142.86471875875333,13968.41795073214,3112.3246373125,33.88984903897709,-1.4047923105183169,-53.35311900326263,-46.039585005103255,PR,4
REF016.PQ-1-6-VEHICLE,0.6619556764755121,6009.85421898214,7.174689159096361,13968.41795073214,7958.56373175,33.88984903897709,6.411601115183708,40.88677277292745,56.89895184119258,PD,3
REF016.SACITUZAMAB-GOVITECAN,0.6947549319566934,6624.9259096696405,5.948264476835849,13968.41795073214,7343.4920410625,33.88984903897709,7.456506287378393,-22.997194697868586,9.581919803206155,SD,4
REF016.TOPOTECAN,0.9945239893974713,12483.178827982141,169.35806098425158,13968.41795073214,1485.23912275,33.88984903897709,-6.3483242477660475,-95.9733460676264,-85.90671123669237,CR,1
REF016.TOPOTECAN-LOW,0.9054264073860689,9483.411835582141,14.457861947518925,13968.41795073214,4485.0061151499995,33.88984903897709,3.453714923562024,-54.045112781954884,-39.60910087719298,PR,5
REF016.TRASTUZUMAB-CONTROL,0.5024226482067484,5725.106942357141,1.5663050565056318,13968.41795073214,8243.311008375,33.88984903897709,17.575538644854873,149.84609207819125,223.66997103848263,PD,2
REF016.TRASTUZUMAB-DERUXTECAN,0.9176895151282892,12175.44537573214,139.73983865248363,13968.41795073214,1792.9725750000002,33.88984903897709,-1.2540242749752726,-38.791789599566826,-30.58320992396909,SD,1
REF019.ABT-263,0.5792395875700868,3871.8283195892864,4.034354000431888,8759.438519839287,4887.61020025,25.707740819024895,9.113345162621362,141.86976462472654,175.17790088923596,PD,1
REF019.ABT-263-LOW,0.6827017359477145,5057.039973839286,11.21452155941479,8759.438519839287,3702.398546,25.707740819024895,4.183910107142858,40.21001354352889,58.289549193966515,PD,1
REF019.BMN-673,0.6913429165054517,3261.732164755953,43.76347601252198,8759.438519839287,5497.706355083334,25.707740819024895,0.9659893698996546,-43.843339439160175,-36.45229724511181,SD,3
REF019.CARBOPLATIN,0.6929764981099391,2749.6095986517867,28.73358423570207,8759.438519839287,6009.8289211875,25.707740819024895,1.6668354007167956,-6.262412729880024,2.3340605014553537,SD,4
REF019.CDX-011,0.5602458027106558,2343.517721339287,4.986418535701873,8759.438519839287,6415.920798499999,25.707740819024895,7.900254692304627,22.937873601003567,45.93480149384044,PD,3
REF019.CFI-400945,0.6804051594814007,561.968758589288,6.7967341058972,8759.438519839287,8197.469761249999,25.707740819024895,6.296433307502611,-0.9656324694710783,4.328288356129617,SD,8
REF019.CFI-400945+ABT-263,0.3226393595159609,-1932.8734724107144,15.201453611205288,8759.438519839287,10692.311992250001,25.707740819024895,3.1853400000000023,7.84041638681563,19.395768315379215,SD,1
REF019.CFI-400945+ABT-263-LOW,-0.17651029929451523,393.18381758928626,0.3558267646473285,8759.438519839287,8366.25470225,25.707740819024895,22.163062585962777,-7.939687450524627,9.870926838893174,SD,2
REF019.CFI-400945-52WEEKLY,0.7956610380488502,4773.3245772142855,83.89253218927927,8759.438519839287,3986.113942625001,25.707740819024895,0.06781992857103088,-43.43031561085901,-40.33113708321104,SD,6
REF019.CFI-400945-5DAILY,0.7093378439176792,4781.201782589287,13.591826798223568,8759.438519839287,3978.23673725,25.707740819024895,3.529353935454746,-6.445323894897126,29.44580355237293,SD,2
REF019.CFI-402257,0.48510103455572984,1242.4078201726206,1.2736816941800384,8759.438519839287,7517.030699666666,25.707740819024895,16.343792861919404,27.78361328711174,98.24009379021494,PD,3
REF019.CFI-402257-3ON4OFF+PACLITAXEL,0.10455013759306331,-1374.0015726607126,2.8235611354720875,8759.438519839287,10133.440092499999,25.707740819024895,11.31365900209113,-12.39638634413711,17.94905906855573,SD,2
REF019.CX-5461,0.7728821033560955,4940.753769939286,35.21421750745428,8759.438519839287,3818.6847499000005,25.707740819024895,1.3059685301543722,-1.374187118707404,5.604361361036991,SD,5
REF019.ERIBULIN-EXTRALOW,0.8002600772660622,6024.197879339286,123.8219006583204,8759.438519839287,2735.2406404999997,25.707740819024895,-0.7278637119021137,-25.478807671701887,-16.259293700918278,SD,1
REF019.ERIBULIN-LOW,0.7955274938877256,5616.122125339287,157.36076571923488,8759.438519839287,3143.3163945,25.707740819024895,-2.6872505856775737,-74.4303589670203,-69.95188883291132,PR,2
REF019.PACLITAXEL,0.6671104395607236,2429.5896037142866,51.910589578763165,8759.438519839287,6329.848916125,25.707740819024895,0.722863612450291,-2.0633126363905294,4.429763917703811,SD,2
REF020.ABT-263,0.8423888392314127,8322.41331678125,36.67246868765393,10750.37252978125,2427.959213,25.59036158088439,1.2388582787081337,-31.01263884359804,-7.568458923374488,SD,1
REF020.BMN-673,0.9152033798214837,7270.2849097812505,157.74179100054374,10750.37252978125,3480.0876200000002,25.59036158088439,-2.7444384271631987,-100.0,-100.0,CR,1
REF020.CARBOPLATIN,0.8080611855639799,5944.49044078125,66.66800279667552,10750.37252978125,4805.882089000001,25.59036158088439,0.3857511168407628,-44.26192167975521,-25.149562749444357,SD,4
REF020.CDX-011,0.8428250181915087,6562.247411156251,121.37125542491702,10750.37252978125,4188.125118625,25.59036158088439,-0.6646267704397424,-98.64300151268301,-81.0965337906461,CR,2
REF020.CFI-400945,0.5732072016324691,3085.68362328125,32.859883995662784,10750.37252978125,7664.6889065000005,25.59036158088439,1.4229772458945535,-33.576195877321815,-17.44248610379432,SD,1
REF020.CFI-400945+ABT-263-LOW,0.7467044807233522,10105.68319178125,172.3371339645476,10750.37252978125,644.689338,25.59036158088439,-10.529765333333328,-13.69333139492589,-13.69333139492589,SD,1
REF020.CFI-400945-52WEEKLY,0.7966631294344226,7551.3151088645845,8.128806561390268,10750.37252978125,3199.057420916666,25.59036158088439,5.466502423924079,-31.573795432629037,23.593719217657515,SD,3
REF020.CFI-400945-5DAILY,-0.9598479215795261,-9568.913440468748,-1.0530661969611126,10750.37252978125,20319.28597025,25.59036158088439,48.35399293399846,40.74628886237905,203.9572298574052,PD,1
REF020.CFI-402257,0.5413581106562305,5165.92769978125,3.648383009898835,10750.37252978125,5584.44483,25.59036158088439,9.69964165607886,18.695205186052497,33.60889517353478,PD,1
REF020.CFI-402257-3ON4OFF,0.6559096618137015,6182.85044503125,13.64375729305823,10750.37252978125,4567.52208475,25.59036158088439,3.514816036043589,-6.091852963645572,-1.9976559254518356,SD,1
REF020.CFI-402257-HD,0.4177817801677618,3139.7894047812506,1.6350135615577936,10750.37252978125,7610.583125,25.59036158088439,14.771737852921856,150.09282760923162,294.68079073072187,PD,1
REF020.CX-5461,-0.7812718937365545,-12567.410459218749,-0.7274668471956343,10750.37252978125,23317.782989,25.59036158088439,37.92654658321494,79.67432248443657,158.82314251707842,PD,2
REF020.ERIBULIN,0.8527690687587137,6646.456847281251,141.35504637605473,10750.37252978125,4103.9156825,25.59036158088439,-1.3560135394045536,-45.86775524719025,-43.380005817787406,SD,1
REF020.ERIBULIN-EXTRALOW,0.4665629728362797,4239.05365578125,3.6070820068846854,10750.37252978125,6511.3188740000005,25.59036158088439,9.768663782758624,53.81319663880586,77.42841761092846,PD,1
REF020.ERIBULIN-LOW,0.8581779275446915,3153.4306260312514,131.1908930814206,10750.37252978125,7596.941903749999,25.59036158088439,-0.9466027510490564,-42.910897955348226,-35.97759481146765,SD,4
REF020.PACLITAXEL-15DAILY,0.7257514310313431,7237.082743781251,12.561934827498368,10750.37252978125,3513.289786,25.59036158088439,3.784913466243051,6.532969105437525,42.431893669150746,PD,1
REF022.ABT-263,0.285403049524735,3737.9850301190477,0.051895311318858835,6829.424601619047,3091.4395714999996,6.197435371495009,6.161940855486254,4.600500928908579,45.04204351850201,PD,2
REF022.ADC-CONTROL,0.8100740449347978,4587.775322869047,134.12342306515873,6829.424601619047,2241.64927875,6.197435371495009,-1.3410898110271905,-54.45270943396226,-49.34992154297695,PR,1
REF022.AZD-5305,0.5463273699699004,4959.237724869047,90.45554010457317,6829.424601619047,1870.18687675,6.197435371495009,-0.16952539842833714,-7.044379048116973,-4.2278460127738455,SD,2
REF022.AZD-8205,0.9035523532885436,3784.950338619047,159.3407589390431,6829.424601619047,3044.474263,6.197435371495009,-4.918159275156739,-78.45880141555166,-72.9406987836737,PR,1
REF022.BMN-673,0.3629667734278926,3345.6169976190477,9.004640319052038,6829.424601619047,3483.8076039999996,6.197435371495009,3.0467649108993897,-1.085472816235872,12.500068612476555,SD,2
REF022.CARBOPLATIN,-0.19321837618689158,-719.5618311726193,-4.0724773992000936,6829.424601619047,7548.986432791667,6.197435371495009,11.21894038339,19.060447769808587,77.03985683474332,PD,6
REF022.CDX-011,0.5750384511384692,2092.6841744940475,36.9001582984137,6829.424601619047,4736.740427125,6.197435371495009,0.9634572771902833,-18.80091803287649,-3.259616712276319,SD,2
REF022.CFI-400945,0.42994349927063713,1853.9145055476192,6.056883124417912,6829.424601619047,4975.510096071428,6.197435371495009,3.674791356079335,-12.166601851804016,14.446400164526828,SD,7
REF022.CFI-400945+ABT-263,0.5784664144392042,2584.4029133690465,140.81536109849995,6829.424601619047,4245.021688250001,6.197435371495009,-1.7307554785714299,-42.89154280656874,-37.1576104660592,SD,1
REF022.CFI-400945+ABT-263-LOW,0.4756095291904038,4916.4075346190475,7.422529506620539,6829.424601619047,1913.017067,6.197435371495009,3.3568719194001875,-48.996212813009066,-30.72020270587523,SD,1
REF022.CFI-400945-52WEEKLY,0.35213174921599566,-452.41495496428615,1.1705266528014155,6829.424601619047,7281.839556583333,6.197435371495009,5.482733263855203,-8.453324402052731,39.29983663452297,PD,3
REF022.CFI-402257,0.38268198166738643,2367.657218744047,8.684509070307865,6829.424601619047,4461.767382875,6.197435371495009,3.1052139282575775,15.844348663888518,38.330496493356115,PD,4
REF022.CFI-402257-2ON5OFF,0.5125322590958198,3600.3413173690474,22.377265973883638,6829.424601619047,3229.08328425,6.197435371495009,1.6290843451882844,-4.069147021070096,13.771395350455172,SD,1
REF022.CFI-402257-3ON4OFF,-0.35408837585230984,171.04624299404804,-3.4865828563244974,6829.424601619047,6658.378358624999,6.197435371495009,10.055124817122225,24.999859529432932,49.87198084431908,PD,2
REF022.CFI-402257-3ON4OFF+PACLITAXEL,0.9055591186070913,4826.946577244047,159.68666113844424,6829.424601619047,2002.478024375,6.197435371495009,-5.074879492037827,-97.01048334071415,-86.9810986602096,CR,2
REF022.CFI-402257-3ON4OFF+PACLITAXEL-15DAILY,0.9884416568403624,5365.981534119047,162.16802233197149,6829.424601619047,1463.4430675,6.197435371495009,-6.561140525229356,-100.0,-100.0,CR,1
REF022.CX-5461,0.3468432986533625,1719.4886217190478,2.8678605461614386,6829.424601619047,5109.935979899999,6.197435371495009,4.690966777309773,8.11187420052486,27.48869366159983,SD,5
REF022.ERIBULIN,0.35045058820342634,545.1875936190472,13.00145277346778,6829.424601619047,6284.237008,6.197435371495009,2.4544006375321334,-80.48938856865472,-4.020521618798034,SD,1
REF022.ERIBULIN-EXTRALOW,0.7055638643939931,4067.361646869047,112.72306903903547,6829.424601619047,2762.0629547500002,6.197435371495009,-0.6221823120284999,-18.187860431814162,-10.645214149164106,SD,1
REF022.ERIBULIN-LOW,0.7265107347373532,3172.1429449523807,126.88265443765741,6829.424601619047,3657.2816566666665,6.197435371495009,-1.0372943295167394,-32.23138478106352,-25.354730516541522,SD,3
REF022.EVEROLIMUS,0.4293357745904395,2368.876920119047,30.69430233089748,6829.424601619047,4460.5476815,6.197435371495009,1.1976687260638301,-9.844812497073935,-3.28508000888158,SD,2
REF022.GLUT1,0.6264297553615047,4390.253261806547,42.13280549976207,6829.424601619047,2439.1713398125003,6.197435371495009,0.801183171945568,6.343773282210802,20.26615980528273,SD,4
REF022.GLUT1-2TIMESDAILY,0.8195862839549438,4702.512348119048,95.63890397094819,6829.424601619047,2126.9122535,6.197435371495009,-0.264304350925926,-47.27197204396201,-43.195129390498664,SD,1
REF022.PACLITAXEL,0.9530442309139724,4846.572268119047,159.11238355250174,6829.424601619047,1982.8523335000002,6.197435371495009,-4.819690988521273,-99.75604170880742,-99.12889418596106,CR,2
REF022.PACLITAXEL-10DAILY,-0.13466026349600702,-2486.3690943809534,-0.8962694638080635,6829.424601619047,9315.793696,6.197435371495009,6.880132263406937,44.27909147031961,64.15505795073703,PD,1
REF022.PACLITAXEL-15DAILY,0.7189865610813158,3995.7608595357137,62.567545395850374,6829.424601619047,2833.6637420833335,6.197435371495009,0.33006755428555373,-23.198274488897873,-14.89870767686673,SD,3
REF022.PQ-1-6,0.750724264478691,4653.322826119047,124.82035502576211,6829.424601619047,2176.1017755,6.197435371495009,-0.9652311470954004,-54.32642754071326,-45.41075776715916,PR,3
REF022.PQ-1-6-VEHICLE,-1.0075764657332806,-2535.789025880954,-5.024646514830107,6829.424601619047,9365.213627500001,6.197435371495009,13.810686847041259,43.23882882685199,98.66300162072623,PD,3
REF022.SACITUZAMAB-GOVITECAN,0.9162020120926277,5380.819865994047,152.86188544669278,6829.424601619047,1448.604735625,6.197435371495009,-3.082801512164929,-86.63366134692333,-85.3649819575185,PR,2
REF022.TRASTUZUMAB-DERUXTECAN,0.7189918273514178,2746.6124376190473,161.1042237953911,6829.424601619047,4082.812164,6.197435371495009,-5.832035482373173,-59.512485754913854,-56.2947964627015,PR,1
REF022.UNC0642,0.5958789153747016,4371.783499369047,23.456513601935004,6829.424601619047,2457.64110225,6.197435371495009,1.5622991167546176,8.350853167396677,39.03720596285005,PD,1
REF022_P7.TRASTUZUMAB-CONTROL,,,,,13797.149336625,,21.86373408882664,160.2170366365056,255.8801259450729,PD,2
REF023.ABT-263,-0.10246774870078035,238.77994036111068,-2.8319584357371963,6932.445246861111,6693.6653065,7.278152129508091,11.449950177343078,8.77940619760964,80.58853496295495,PD,1
REF023.AZD-8205,0.9506282673287915,5100.818794361111,165.59275337479033,6932.445246861111,1831.6264524999997,7.278152129508091,-8.664025736101342,-97.58158631428078,-96.57391394523111,CR,1
REF023.BMN-673,0.6507980575860245,3669.8797113611104,132.92618757739996,6932.445246861111,3262.5655355000004,7.278152129508091,-1.2239171079372462,-79.07833702091736,-75.27919366694326,PR,2
REF023.CARBOPLATIN,0.10412175987895722,1036.9838703611113,0.6476889127834221,6932.445246861111,5895.4613764999995,7.278152129508091,6.71440025935542,19.59406033633573,36.769693952948515,PD,2
REF023.CDX-011,-1.140638675543757,-2947.0178372638893,-4.692717023186593,6932.445246861111,9879.463084125,7.278152129508091,18.283657578949246,13.109928782284051,49.65881336937568,PD,2
REF023.CFI-400945,0.37890298584953763,2071.5622459861106,41.98747083996683,6932.445246861111,4860.883000875,7.278152129508091,0.844742938236942,-27.487407030078455,-19.95719141329641,SD,2
REF023.CFI-400945+ABT-263,0.3196407812876221,1383.6048708611106,12.72902791376844,6932.445246861111,5548.840376,7.278152129508091,2.6671911165048563,73.38234630897196,94.34207622799387,PD,1
REF023.CFI-400945-41.6WEEKLY,0.42985900805043264,3276.2534841111105,8.48257268541793,6932.445246861111,3656.19176275,7.278152129508091,3.4184296504065057,29.495773407417847,40.08661951268713,PD,1
REF023.CFI-400945-52WEEKLY,0.6661024307087774,3787.212580361111,141.32994394602176,6932.445246861111,3145.2326664999996,7.278152129508091,-1.6744082922356318,-38.14946200505985,-30.09057563754154,SD,2
REF023.CFI-402257,0.5121360871699473,2669.1483866944436,13.552386223888547,6932.445246861111,4263.296860166667,7.278152129508091,2.554888360221724,-7.297456005108771,12.7583041055777,SD,3
REF023.CFI-402257-3ON4OFF,-0.602013981715376,-1318.5123806388892,-3.7442438841945123,6932.445246861111,8250.9576275,7.278152129508091,14.022547857142865,-0.6290151195252114,45.36485640880221,PD,1
REF023.CFI-402257-3ON4OFF+PACLITAXEL,0.8052640622596055,3949.8141686111107,157.19991012085774,6932.445246861111,2982.63107825,7.278152129508091,-3.738110751732556,-74.61740499362291,-62.04670776760743,PR,2
REF023.CFI-402257-HD+PACLITAXEL-15DAILY,0.7440569378324547,2566.5555718611104,153.7099760226277,6932.445246861111,4365.889675,7.278152129508091,-2.9944657142857163,-59.48799560305971,-54.37212970589256,PR,1
REF023.CX-5461,0.5267550626996402,3587.2844411944443,15.229791349641857,6932.445246861111,3345.1608056666664,7.278152129508091,2.3497946795385842,-5.7438942500947165,5.506961704969937,SD,3
REF023.ERIBULIN,0.9986285629813553,5861.691660236111,161.86490982635414,6932.445246861111,1070.753586625,7.278152129508091,-5.496222564897925,-100.0,-99.38243384346282,CR,2
REF023.ERIBULIN-LOW,0.9986285629813553,5065.132807611111,162.36452624637602,6932.445246861111,1867.3124392499997,7.278152129508091,-5.78206563181818,-100.0,-99.74939574301555,CR,1
REF023.PACLITAXEL,0.9986285629813553,5088.400846861111,168.2283671679785,6932.445246861111,1844.0444,7.278152129508091,-14.488456649395511,-99.89530677000865,-99.89530677000865,CR,1
REF023.PACLITAXEL-15DAILY,0.7733717401080544,4090.571602111111,139.93228458327218,6932.445246861111,2841.8736447499996,7.278152129508091,-1.5852472500000008,-24.83261933320222,-18.20414511378896,SD,1
REF024.ABT-263,0.22005345918354835,-1286.853784916666,123.82246766213476,2942.7063165833333,4229.560101499999,1.3024229487160988,-2.96109528179323,-43.24529179221705,-39.30353134333819,SD,1
REF024.BMN-673,0.4234528717411976,-886.2146584166667,117.02356894757142,2942.7063165833333,3828.920975,1.3024229487160988,-2.1003738441153548,-45.09258950620586,-40.82640596925378,SD,1
REF024.CARBOPLATIN,0.5037822601653268,783.9047883333333,95.69599152477096,2942.7063165833333,2158.80152825,1.3024229487160988,-0.9394907624707717,-84.91967885841746,-78.03113710238591,PR,1
REF024.CFI-400945,0.28832849846343356,839.9042320833332,112.76491744581953,2942.7063165833333,2102.8020845,1.3024229487160988,-1.75190486893204,-29.72784714558524,-27.96800167168746,SD,1
REF024.CFI-400945-52WEEKLY,0.41891737295153975,839.9349467083334,114.71869341138176,2942.7063165833333,2102.771369875,1.3024229487160988,-1.8995397538259997,-32.065863196859006,-29.706450355701353,SD,2
REF024.CFI-402257,0.5283152230355137,256.4175599166665,80.23240873537155,2942.7063165833333,2686.288756666667,1.3024229487160988,-0.526113271483644,-24.8147502115756,-14.351159581998585,SD,3
REF024.PACLITAXEL,0.5176167920882067,689.6998340833334,106.98411212839926,2942.7063165833333,2253.0064825,1.3024229487160988,-1.402008169821826,-39.124275001424905,-36.34589569540676,SD,1
REF025.CARBOPLATIN,0.8740705699002865,1284.3993813928573,140.10031083557354,3456.3997573928573,2172.000376,5.195798687352135,-1.8036341721384208,-85.521465339246,-78.90781370408678,PR,1
REF025.CDX-011,0.6163300379327383,405.0402296428574,143.35533143023804,3456.3997573928573,3051.35952775,5.195798687352135,-2.0731637129310347,-57.95722018468763,-37.944039959267485,PR,2
REF025.CFI-400945,0.3829895057648275,-1881.060988669642,17.266922603602765,3456.3997573928573,5337.460746062499,5.195798687352135,1.8680409807794272,6.9409065373232215,21.501949889541585,SD,4
REF025.CFI-400945+ABT-263,0.4226043996591268,304.71893664285744,34.04337661927903,3456.3997573928573,3151.68082075,5.195798687352135,1.002184214285714,-12.634780102421395,-5.811376068455621,SD,1
REF025.CFI-400945-52WEEKLY,0.5451225825209947,-222.1398178571426,105.51285623736891,3456.3997573928573,3678.53957525,5.195798687352135,-0.49655604999999986,-7.569880139131335,-1.3321750351077633,SD,1
REF025.CFI-402257,0.6337770685612174,-176.44424760714264,116.51332790944122,3456.3997573928573,3632.844005,5.195798687352135,-0.7647636873072964,-23.834703817467386,5.755391157478651,SD,1
REF025.CFI-402257-3ON4OFF,0.013041078065974987,-3573.0594303571424,3.941280127851079,3456.3997573928573,7029.45918775,5.195798687352135,3.775401987777775,21.962606093538326,29.681019960594135,SD,1
REF025.CFI-402257-HD+PACLITAXEL,0.3828538148362477,1544.1773218928572,20.382280607381215,3456.3997573928573,1912.2224355,5.195798687352135,1.6462382635135135,-96.97588705397811,-78.95721408393108,CR,1
REF025.ERIBULIN,0.47309013980089965,-2834.637492107143,156.36042548433056,3456.3997573928573,6291.0372495,5.195798687352135,-4.420992925256178,-94.2780642089356,-84.48360122871577,PR,1
REF025.ERIBULIN-LOW,0.5201996155069795,-1449.8519496071422,146.95706256457817,3456.3997573928573,4906.251706999999,5.195798687352135,-2.456695971428572,-59.21292197015007,-44.32733900079112,PR,1
REF025.PACLITAXEL,0.6882703534364787,-498.5729673571427,152.0547194265182,3456.3997573928573,3954.97272475,5.195798687352135,-3.260436928882725,-89.68129226542688,-63.50287915385822,PR,1
REF030.BMN-673,0.3607593337599757,433.7185900000004,7.2273520824146305,5080.86494,4647.14635,8.860398302752296,4.112580619266056,19.635726644528283,47.64942522559312,PD,1
REF030.CARBOPLATIN,0.4733916240584046,865.2217385000004,15.799286451874327,5080.86494,4215.6432015,8.860398302752296,2.445721355648535,-18.22220777815885,20.986470283405477,SD,1
REF030.CFI-400945,0.7639110354839111,2253.0525722500006,135.5097998842414,5080.86494,2827.81236775,8.860398302752296,-1.2775983904723136,-37.37200076804916,-34.63332935085624,SD,1
REF030.CX-5461,0.21577478755036006,579.4752890000009,3.452199085234331,5080.86494,4501.3896509999995,8.860398302752296,5.734792886658555,-3.3127917763213555,46.40479112765776,PD,1
REF032.BMN-673,0.6002227278874852,1280.3419318333335,158.95162665764784,6199.455396333334,4919.1134645,4.62906337226469,-6.416420115909093,-99.84850381856124,-99.1415216385137,CR,1
REF032.CDX-011,-0.13064101702800124,453.62315758333443,-6.204848695040767,6199.455396333334,5745.832238749999,4.62906337226469,9.538014297210303,33.10160757636387,54.770017518118344,PD,1
REF032.CFI-400945,0.2558836310776504,-923.7213167916661,136.5101081638975,6199.455396333334,7123.176713125,4.62906337226469,-1.6447232044097775,-65.73207908920928,-63.18186468534585,PR,2
REF032.CFI-400945-52WEEKLY,0.445565414149765,1963.9407292083333,4.413307971562311,6199.455396333334,4235.514667125,4.62906337226469,3.35370904268717,-48.54559950951433,3.543666734809925,SD,2
REF032.CFI-400945-5DAILY,0.2741364749546801,-338.431574166666,53.41067889133113,6199.455396333334,6537.8869705,4.62906337226469,0.45360415584694785,-21.232313938198764,-8.49951634754218,SD,1
REF032.CFI-402257,0.43807472214217213,2819.5245963333336,-2.160664504552671,6199.455396333334,3379.9308,4.62906337226469,5.6543054545454545,-0.46720000000000095,87.82442666666665,PD,1
REF032.CX-5461,0.5855136608443574,3335.118732333334,78.75082890682087,6199.455396333334,2864.336664,4.62906337226469,-0.01642342796157934,-89.10185162447073,-52.935713878580984,PR,1
REF032.ERIBULIN,0.7504446833000402,3356.5506280833342,154.93285294185588,6199.455396333334,2842.9047682499995,4.62906337226469,-4.3742739128886,-99.69963475586313,-81.06869753620403,CR,1
REF032.ERIBULIN-LOW,0.15728624058725282,180.1809933333343,110.79388035835431,6199.455396333334,6019.274402999999,4.62906337226469,-0.6490096502145909,-48.8836758939437,-37.441775108867525,SD,1
REF034.BMN-673,0.03665112706075502,-1557.4115437500004,25.534478215669438,3673.51096425,5230.922508000001,3.365903648871119,1.1074597215428035,26.119739110048613,26.796811738747706,SD,1
REF034.CFI-400945,0.6756203858949834,871.8237732500002,124.57968165428908,3673.51096425,2801.687191,3.365903648871119,-1.240474299153339,-99.48300483874382,-86.38328355841787,CR,1
REF034.CFI-402257,0.5051693038808848,56.15585224999995,50.19119485457566,3673.51096425,3617.355112,3.365903648871119,0.42988774788334894,4.350303347944862,15.915829768686173,SD,1
REF034.PACLITAXEL,0.4230427504302262,592.3494907500003,102.96366624484833,3673.51096425,3081.1614735,3.365903648871119,-0.5660076895287954,-16.363991683991685,1.870758213835133,SD,1
REF035.ADC-CONTROL,0.015803877237839714,278.49737593333157,0.5106223553279154,10691.224743266665,10412.727367333333,21.603733433159793,18.108280638038,33.99307459326886,47.051509668325274,PD,3
REF035.AZD-5305,0.36969539850878697,4438.569372349998,1.97983044681719,10691.224743266665,6252.6553709166665,21.603733433159793,12.347782438668006,38.09501818798733,51.71619918434973,PD,3
REF035.AZD-8205,0.775333590304969,4665.3483300166645,8.655878312054137,10691.224743266665,6025.87641325,21.603733433159793,5.001734902907143,-11.442660533404203,-0.4149402716417838,SD,3
REF035.BMN-673,0.2319872921649891,3435.1675713916648,0.29946052707534776,10691.224743266665,7256.057171875,21.603733433159793,19.407157340933036,68.92588755076221,138.6451620507748,PD,4
REF035.CARBOPLATIN,0.37658721194340355,4958.2052105791645,1.4140378001155869,10691.224743266665,5733.0195326875,21.603733433159793,14.073781244377365,36.94306560020404,88.58476761897327,PD,4
REF035.CDX-011,0.031275135260000586,1043.4913696416643,-0.2339294848612231,10691.224743266665,9647.733373625,21.603733433159793,23.698109755145012,186.9482016823251,267.9684524779958,PD,4
REF035.CFI-400945,0.7607783407057214,5603.480825166665,172.43534675355048,10691.224743266665,5087.743918099999,21.603733433159793,-11.630099003830358,-64.48092433758228,-52.617417961776994,PR,5
REF035.CFI-400945-52WEEKLY,0.7847560624384994,3544.550556016664,161.11680022374068,10691.224743266665,7146.674187250001,21.603733433159793,-3.4346448313739346,-85.67405194012454,-76.8864544715492,PR,2
REF035.CFI-400945-5DAILY,-0.5317982295687653,-2219.8936932333363,-1.067422382280314,10691.224743266665,12911.1184365,21.603733433159793,36.189566682762205,25.40679238749206,110.54541244480846,PD,1
REF035.CFI-402257,0.4371431881565705,2988.600843933332,4.745420109971283,10691.224743266665,7702.623899333333,21.603733433159793,7.704150509444737,70.61382753418872,142.3487475418482,PD,3
REF035.CFI-402257-3ON4OFF,0.28763011728570265,2871.662177391664,1.4635395323149563,10691.224743266665,7819.5625658750005,21.603733433159793,13.903856081880718,61.86853633623727,109.70032700643618,PD,2
REF035.CFI-402257-3ON4OFF+PACLITAXEL,0.6003677849065353,4564.313400266665,9.190966926961954,10691.224743266665,6126.911343,21.603733433159793,4.769594228571432,29.04512281342324,47.39553176484881,PD,1
REF035.CX-5461,0.09790809379675036,-1947.735985983336,5.489551745893056,10691.224743266665,12638.96072925,21.603733433159793,6.991561147050456,1.8675054382623903,21.230613780833384,SD,2
REF035.DATOPOTAMAB-CONTROL,0.2222860375017507,2127.606743266664,-0.19712325265888572,10691.224743266665,8563.618,21.603733433159793,23.342120247100667,5.683333189165845,149.23449620606794,PD,4
REF035.DATOPOTAMAB-DERUXTECAN,0.9986187020549434,10123.811931016664,167.0076214710933,10691.224743266665,567.41281225,21.603733433159793,-5.479728693733451,-100.0,-99.84521058517878,CR,1
REF035.ERIBULIN-EXTRALOW,0.9993093510274718,8815.617798516665,165.66149804914008,10691.224743266665,1875.6069447500001,21.603733433159793,-4.833800857142859,-99.49248123382117,-98.30827077940386,CR,1
REF035.ERIBULIN-LOW,0.9944748082197737,7193.977436266665,171.58238641721076,10691.224743266665,3497.247307,21.603733433159793,-9.90087719170985,-99.7844206522549,-89.62022146584245,CR,1
REF035.PACLITAXEL,0.5713779034071982,3816.653865766666,12.346703146366862,10691.224743266665,6874.5708774999985,21.603733433159793,3.732849435615323,-10.819196959898559,9.939176216166157,SD,1
REF035.PACLITAXEL-15DAILY,0.8491588111549604,8267.954668266664,151.2432994206629,10691.224743266665,2423.270075,21.603733433159793,-2.0406708127753306,-36.62546701759328,-19.578424179867582,SD,1
REF035.PQ-1-6,0.9751366369889818,9262.972536466665,167.86357422072732,10691.224743266665,1428.2522067999998,21.603733433159793,-5.984623018021405,-83.13547023789948,-81.22076954867327,PR,5
REF035.PQ-1-6-VEHICLE,0.8142337997245082,8017.936313266664,154.8525542630127,10691.224743266665,2673.28843,21.603733433159793,-2.4145456950573703,-47.877151810650886,-27.100212007889546,SD,1
REF035.SACITUZAMAB-GOVITECAN,0.9944748082197737,7961.421881766664,170.89390106282647,10691.224743266665,2729.8028615,21.603733433159793,-8.837403692196423,-100.0,-99.16736155340865,CR,3
REF035.TRASTUZUMAB-CONTROL,0.16082190347254138,-187.05157867083472,-1.1549154085577182,10691.224743266665,10878.2763219375,21.603733433159793,38.30811544809144,71.77143802694802,107.92350969798704,PD,4
REF035.TRASTUZUMAB-DERUXTECAN,0.5081083197261888,5974.868591016665,1.7167845734998863,10691.224743266665,4716.3561522499995,21.603733433159793,13.094702649127246,13.63564317697892,134.3713811787782,PD,2
REF036.ABT-263,0.6293995890858075,7769.980233375001,5.13610262372707,12616.589569875001,4846.6093365,22.95745405087089,7.464573512658231,9.385455443923597,78.21008247121519,PD,1
REF036.ADC-CONTROL,0.3752686504821976,6130.846493125002,1.3253589686268827,12616.589569875001,6485.743076749999,22.95745405087089,14.978553057142854,10.097240400865548,82.59693647493359,PD,1
REF036.AZD-5305,0.7805466767727932,9904.443812875,12.851009938847298,12616.589569875001,2712.145757,22.95745405087089,3.644094314449919,-43.544686641567345,-36.5673928436264,SD,1
REF036.AZD-8205,0.5097955478288323,6282.254042875001,5.074668767817184,12616.589569875001,6334.335527,22.95745405087089,7.525880557894787,45.741017947881176,102.09951015632397,PD,2
REF036.BMN-673,0.5876761193366316,8007.769578208335,5.542413035341775,12616.589569875001,4608.819991666666,22.95745405087089,7.082562454855091,23.99650799164221,45.375167982386834,PD,3
REF036.CARBOPLATIN,0.4125250180567398,3901.752888750001,2.4081412944726406,12616.589569875001,8714.836681125,22.95745405087089,11.658990716227109,72.13922415565679,130.41645405931516,PD,2
REF036.CDX-011,0.6668656015074282,6449.239946500001,52.46189272273463,12616.589569875001,6167.349623375,22.95745405087089,0.7013512197126905,-42.402816396695684,-21.248994423678568,SD,2
REF036.CFI-400945,0.7021556762645216,6347.524059375,72.97286363393239,12616.589569875001,6269.0655105000005,22.95745405087089,0.2592317000786246,18.34021570883739,22.35233771402052,SD,3
REF036.CFI-400945-41.6WEEKLY,0.7862081074450404,7266.564969375001,75.95929361699172,12616.589569875001,5350.0246005,22.95745405087089,0.20429843831391326,-97.5975975975976,-41.6689865865866,CR,1
REF036.CFI-400945-52WEEKLY,0.8650475741388783,7966.6353940416675,158.66736595533084,12616.589569875001,4649.9541758333335,22.95745405087089,-2.931027851185025,-77.73706094940478,-67.15349045130552,PR,3
REF036.CFI-402257,0.7937123910142722,8993.875669875,30.92461123961096,12616.589569875001,3622.7138999999997,22.95745405087089,1.5154989413680784,-22.99523724207948,-8.845765276160321,SD,1
REF036.CFI-402257-3ON4OFF,0.31159503027410507,6381.414049875001,0.9882787741278367,12616.589569875001,6235.17552,22.95745405087089,16.43250528571428,-2.1249217623293015,74.21322332542539,PD,1
REF036.CFI-402257-3ON4OFF+PACLITAXEL,0.9230587382185067,9364.841439875001,141.67521922125067,12616.589569875001,3251.74813,22.95745405087089,-1.3849735262689227,-96.1221552130643,-84.00389025389026,CR,1
REF036.CFI-402257-HD+PACLITAXEL,0.9949732538382541,9912.690168875,167.85918051333846,12616.589569875001,2703.8994009999997,22.95745405087089,-5.883214722093919,-100.0,-85.30922604570647,CR,1
REF036.CX-5461,0.6754371380596478,7521.925488625001,6.771169736592028,12616.589569875001,5094.66408125,22.95745405087089,6.129891661095634,58.354426868859676,108.85750120880111,PD,1
REF036.ERIBULIN,0.9339960808062453,9663.063204625001,168.54583522273896,12616.589569875001,2953.52636525,22.95745405087089,-6.342403087174497,-86.49663397243923,-81.265861381311,PR,2
REF036.ERIBULIN-LOW,0.9949732538382541,11208.475692375001,170.23696343392444,12616.589569875001,1408.1138775,22.95745405087089,-7.840010058039962,-99.68725172869418,-99.68725172869418,CR,1
REF036.FLUVASTATIN+TERBINIFINE,0.8420853825917846,10074.993623339287,28.977354672231552,12616.589569875001,2541.5959465357146,22.95745405087089,1.6336741875174015,-52.5689545679774,-45.065064367734465,PR,7
REF036.PACLITAXEL,0.9830347317041076,8649.813280125001,170.79276966207746,12616.589569875001,3966.7762897499997,22.95745405087089,-8.495869174792995,-100.0,-89.4195212700213,CR,3
REF036.PACLITAXEL-15DAILY,0.8443783011221297,8163.8033715,105.46770964284322,12616.589569875001,4452.786198375001,22.95745405087089,-0.3241841129558162,-24.1863738745119,-18.109411292987893,SD,2
REF036.PEG400,0.7977451609568598,9534.015803175,12.505839493613037,12616.589569875001,3082.5737667000003,22.95745405087089,3.73205071282407,-20.74868872973189,-10.326169654692773,SD,5
REF036.PQ-1-6,0.9663836350433244,11308.234555750001,165.95877026824257,12616.589569875001,1308.355014125,22.95745405087089,-4.894572050378265,-85.1999692051869,-80.78812977861533,PR,2
REF036.PQ-1-6-VEHICLE,0.8337514597022875,7933.655710125001,47.91559130713223,12616.589569875001,4682.93385975,22.95745405087089,0.8269852922463494,-0.8963235509862058,16.05778217406003,SD,4
REF037.BMN-673,0.6771751679701363,6266.6871384999995,4.574235290417515,10317.7928445,4051.1057060000003,22.24456733691674,7.973758612076852,-72.92923964392455,-3.018558451435971,SD,1
REF037.CARBOPLATIN,-0.1318539373749421,450.153179500001,-0.9634674544253993,10317.7928445,9867.639664999999,22.24456733691674,35.56658814840182,315.9760093303225,455.3041156090373,PD,1
REF037.CDX-011,-0.7117468449865703,-8580.003222,-1.3820588243352192,10317.7928445,18897.7960665,22.24456733691674,48.06288720164987,139.92547422777645,305.43485230557604,PD,1
REF037.CFI-400945,0.7816059606076391,6751.1111165,12.632628969544667,10317.7928445,3566.681728,22.24456733691674,3.678932408051235,-32.59297520661158,4.394798898071639,SD,1
REF037.CFI-400945-52WEEKLY,0.6160143295812239,5978.614152749999,22.80407761154336,10317.7928445,4339.17869175,22.24456733691674,2.1080776224737257,-60.46212971974745,-56.135868858817275,PR,1
REF037.CFI-402257,0.5680605247051128,3103.4207035,3.9405300705369863,10317.7928445,7214.372141,22.24456733691674,8.757159633577311,-71.08189368770765,-43.700757945296985,PR,1
REF037.CFI-402257-3ON4OFF+PACLITAXEL,0.5556054331662553,2148.4410425000005,7.544060390687683,10317.7928445,8169.351801999999,22.24456733691674,5.603743679078015,116.01322359580757,121.36663576099616,PD,1
REF037.CX-5461,0.5509558606337017,4382.9498855,5.884354396030881,10317.7928445,5934.842959,22.24456733691674,6.72459844990851,-68.21249789171867,-23.855083233608287,PR,1
REF037.PACLITAXEL,0.22208120484383775,796.0884249999981,0.73722525266381,10317.7928445,9521.704419500002,22.24456733691674,17.284297288461534,317.5385114035025,426.36222483163505,PD,1
REF038.AZD-8205,,,,,1324.2522897499998,,-6.66820219030782,-100.0,-98.85864292643953,CR,1
REF039.BMN-673,0.6691955555555555,2121.24172,150.01653814136364,4721.25039175,2600.00867175,4.0123062308510615,-3.4900408785714276,-38.66551896998385,-24.168372889263935,SD,1
REF039.CFI-402257+PACLITAXEL,0.3221222222222222,1859.4088474999999,6.036473071813074,4721.25039175,2861.84154425,4.0123062308510615,2.742805459574467,-23.265113388034575,6.011277463841402,SD,1
REF039.CFI-402257-3ON4OFF,0.17007018666666673,1301.24788825,3.1177317010817496,4721.25039175,3420.0025035,4.0123062308510615,3.2480053255319135,2.365728768781472,32.031574909684444,PD,1
REF039.ERIBULIN,-0.24644912000000008,-1207.2830602499998,20.533958749010992,4721.25039175,5928.533452,4.0123062308510615,1.4534408851022407,-18.573689077887767,-11.097863549372189,SD,1
REF041.BMN-673,0.0064296652126774045,-565.3270799999991,-9.959425950901153,4280.5438515000005,4845.8709315,2.077503063629889,3.5470890787270464,-36.79492846070963,-8.661772064519802,SD,2
REF041.CARBOPLATIN,0.11767379366114361,-1517.9244115000001,39.32726699538909,4280.5438515000005,5798.468263000001,2.077503063629889,0.46564979767667064,-0.5279676190670601,3.696105957331164,SD,1
REF041.CDX-011,0.5345178907783237,1331.0043527500006,28.32188690143811,4280.5438515000005,2949.53949875,2.077503063629889,0.725860407792837,32.14265076149587,38.468886943924204,PD,1
REF041.CFI-400945,0.3612010301187074,942.8566270000006,39.73703311309066,4280.5438515000005,3337.6872245,2.077503063629889,0.4569760514196177,4.0469462069931295,11.451505377836636,SD,3
REF041.CFI-400945-52WEEKLY,0.048785238974502265,-744.2369394999996,-7.26146168414307,4280.5438515000005,5024.780791,2.077503063629889,2.99872800272651,35.539185106629475,39.45134239815975,PD,1
REF041.CFI-402257,0.6058820927346138,1840.4704335000006,94.75797525564916,4280.5438515000005,2440.073418,2.077503063629889,-0.5881444201355283,-19.807535822238208,-16.386407116933377,SD,1
REF041.CFI-402257-3ON4OFF,-0.5126331278436544,-1521.5718225,-18.489814442691404,4280.5438515000005,5802.115674000001,2.077503063629889,7.900415243902445,56.34869327018064,73.47878138783845,PD,1
REF041.CFI-402257-3ON4OFF+PACLITAXEL,0.7078646745763356,1579.7099555000004,112.44868132651419,4280.5438515000005,2700.833896,2.077503063629889,-1.116570189035917,-85.79638351936073,-63.642950288520694,PR,1
REF041.CX-5461,0.28250175751290274,760.5319655000008,-1.6720814269576045,4280.5438515000005,3520.011886,2.077503063629889,2.242705020085066,-1.3002199186167296,27.28816787613164,SD,1
REF041.ERIBULIN-LOW,1.0,2682.0516682500006,145.66243073702012,4280.5438515000005,1598.49218325,2.077503063629889,-6.585859810987416,-100.0,-99.16661666366649,CR,1
REF041.PACLITAXEL,0.8658906962655399,1137.2273761666675,138.45693908756778,4280.5438515000005,3143.316475333333,2.077503063629889,-3.524681439963665,-97.70314531940306,-76.02510675865204,CR,3
REF042.BMN-673,,,,,6451.7999927500005,,7.207695677728015,9.60753322324448,41.040538383834146,PD,1
REF042.CARBOPLATIN,,,,,12975.49050725,,19.562315353031465,65.42429295871457,111.30234481960568,PD,1
REF042.CDX-011,,,,,5463.78946175,,4.930944424137934,85.92370404402139,89.65664658889195,PD,1
REF042.CFI-400945-52WEEKLY,,,,,1319.8183525000002,,19.6354682,45.690443746364174,45.690443746364174,PD,1
REF042.CFI-402257-3ON4OFF+PACLITAXEL,,,,,7384.44404475,,2.096075322524942,3.993677246870342,9.702946968161097,SD,1
REF042.CX-5461,,,,,6509.7483365,,4.864358418159612,60.528562146106026,79.1133546893184,PD,1
REF043.BMN-673,0.9531859155308944,12379.197663874998,169.6163420300346,16593.663172624998,4214.46550875,41.61596151743311,-6.3086570428719,-83.41879928104308,-65.91546911438934,PR,1
REF043.CARBOPLATIN,0.4932278272725099,3332.804334624998,2.900622658360025,16593.663172624998,13260.858838,41.61596151743311,13.370948549874264,143.41840945303454,164.79570580392746,PD,1
REF043.CDX-011,0.0087350594237533,-4716.738461375004,0.3891081402725484,16593.663172624998,21310.401634,41.61596151743311,32.440574359597655,103.27015868029119,153.28412792076568,PD,1
REF043.CFI-400945-52WEEKLY,0.8720902485454157,12421.197366374998,10.838785791407973,16593.663172624998,4172.46580625,41.61596151743311,4.619212951081843,-77.94989923103948,-19.438872302313083,SD,1
REF043.CFI-400945-5DAILY,0.45106203957406177,4763.411370374999,1.776698347647375,16593.663172624998,11830.251802249999,41.61596151743311,18.15228518279839,41.92426715654298,103.09406704062631,PD,1
REF043.CFI-402257,0.8000648475798615,11812.521822624998,16.968006882904046,16593.663172624998,4781.14135,41.61596151743311,3.0158585872933883,-11.729818260845292,11.316006255061307,SD,1
REF043.CFI-402257-3ON4OFF,0.6162061421996798,11013.966816624998,1.8215904945407613,16593.663172624998,5579.696356,41.61596151743311,17.89696027657143,41.58210286191783,156.30801465290256,PD,1
REF043.CFI-402257-3ON4OFF+PACLITAXEL,0.9966974190850719,15679.499350624998,173.12149356359853,16593.663172624998,914.163822,41.61596151743311,-10.381603979381445,-100.0,-98.67701305957452,CR,1
REF043.CX-5461,0.7296656275490752,8286.244698624998,8.61642083993877,16593.663172624998,8307.418474,41.61596151743311,5.675376831851252,30.067819316948974,42.70908788937624,PD,1
REF043.ERIBULIN-LOW,0.8550335513178886,12246.063849624998,55.29732586477512,16593.663172624998,4347.599323,41.61596151743311,0.657531126781224,3.424928477290745,11.709501427776402,SD,1
REF043.PACLITAXEL,0.9942204833988759,14478.327447749998,167.59367222362965,16593.663172624998,2115.335724875,41.61596151743311,-5.13029778369917,-99.85568747022796,-97.87355624219109,CR,2
REF043.TRASTUZUMAB-CONTROL,0.9888537894121178,14919.845587624997,164.90537229880837,16593.663172624998,1673.8175850000002,41.61596151743311,-4.096534548994975,-88.05570183634295,-67.10794389612744,PR,1
REF043.TRASTUZUMAB-DERUXTECAN,0.9950461286276079,14794.160655624997,170.1665823895525,16593.663172624998,1799.502517,41.61596151743311,-6.725754738693467,-96.58532143507557,-81.94798571905542,CR,1
REF044.BMN-673,0.14958887297258594,1603.1925388888885,0.47528372884903614,16362.16561088889,14758.973072,48.07658422557168,34.36352425025432,90.84586248620961,176.13220937656965,PD,1
REF044.CARBOPLATIN,0.48459683893777566,8361.45941238889,1.2104286028221964,16362.16561088889,8000.7061985,48.07658422557168,23.839214952479992,78.29175805197302,162.95681777429382,PD,2
REF044.CDX-011,0.8869801895477346,10712.657356722222,160.6044361941921,16362.16561088889,5649.508254166666,48.07658422557168,-3.040806255960259,-56.2853400772789,-43.940821729787025,PR,3
REF044.CFI-400945,0.7468669150475911,10754.84672176389,7.573023905780824,16362.16561088889,5607.318889125,48.07658422557168,6.486101692156012,41.65026926346765,51.293192932260425,PD,2
REF044.CFI-400945-41.6WEEKLY,0.32983725506461836,9169.60720488889,-0.10120685042695632,16362.16561088889,7192.558406,48.07658422557168,52.540179220472446,225.83059024378792,311.3984533318037,PD,1
REF044.CFI-400945-52WEEKLY,0.8364914267876904,12196.496415222224,134.84198329041843,16362.16561088889,4165.669195666666,48.07658422557168,-1.036745314949946,-82.94421037890103,-57.32574771102734,PR,3
REF044.CFI-400945-5DAILY,0.7642948489219141,11401.40312488889,5.399772280861918,16362.16561088889,4960.762486,48.07658422557168,8.654175793005672,17.823342469827818,106.69016530671067,PD,1
REF044.CFI-402257-3ON4OFF,0.5144808650609254,7315.788756222222,0.8308132929108376,16362.16561088889,9046.376854666667,48.07658422557168,28.31879119501856,112.92731561205387,140.12126247359225,PD,3
REF044.CFI-402257-3ON4OFF+PACLITAXEL,0.8193872812625509,11913.76196338889,10.399977212054566,16362.16561088889,4448.403647499999,48.07658422557168,4.875263426200991,-96.98126289500722,-47.16681787269263,CR,3
REF044.CFI-402257-3ON4OFF+PACLITAXEL-15DAILY,0.6804612414915837,8907.85368288889,6.384562014299769,16362.16561088889,7454.311927999999,48.07658422557168,7.518522628571433,6.629834418356917,35.47066582294105,PD,1
REF044.CX-5461,0.5064990173894097,7322.17734713889,2.0204308642356708,16362.16561088889,9039.98826375,48.07658422557168,17.819238625525596,37.038328666317376,183.20494675491736,PD,3
REF044.ERIBULIN,0.9805364388084807,14009.426233513888,171.9920117305685,16362.16561088889,2352.7393773750005,48.07658422557168,-8.36588461871067,-99.28451693758582,-96.05923247193213,CR,2
REF044.ERIBULIN-EXTRALOW,0.8339073044126998,9396.479403138888,147.50935388715624,16362.16561088889,6965.686207750001,48.07658422557168,-1.6447720222558337,-40.39581842946468,-37.97397648954966,SD,1
REF044.ERIBULIN-LOW,0.7400061258266994,10705.37918018889,39.807172300930425,16362.16561088889,5656.7864307,48.07658422557168,1.150418646395202,-32.00196331026978,-22.030311045729622,SD,5
REF044.PACLITAXEL,0.6295758828748261,5486.031220472223,5.299011213673311,16362.16561088889,10876.134390416666,48.07658422557168,8.789708107363598,-19.70603028917314,7.598320157158778,SD,3
REF044.PACLITAXEL-15DAILY,0.5223196437382986,7174.136992138889,2.3489763887597492,16362.16561088889,9188.02861875,48.07658422557168,16.162061396984605,48.58641410086395,95.82061906301064,PD,2
REF045.CFI-400945,0.8485527988041143,5035.152268499999,93.04344917157917,8034.312163499999,2999.159895,21.683052735150927,-0.09953124780915258,-99.51061691162313,-65.69955433252414,CR,1
REF047.ADC-CONTROL,0.7508065825953036,6649.078033721152,3.7604404963776603,11088.520349346152,4439.442315625,24.773994899795678,9.400829702179482,-13.882906626986646,-2.2616887539835706,SD,4
REF047.AZD-5305,0.3501812220760674,2615.4764940961522,1.6139726777028032,11088.520349346152,8473.04385525,24.773994899795678,14.573108160594314,59.74620788900895,94.9960254315533,PD,3
REF047.AZD-8205,0.976136442529514,8959.12144526282,166.41089318428374,11088.520349346152,2129.3989040833335,24.773994899795678,-5.014703101624085,-97.04665691407149,-97.04665691407149,CR,3
REF047.BMN-673,0.0892066132697244,2453.965343596152,0.37212184251896585,11088.520349346152,8634.55500575,24.773994899795678,21.33468153317513,51.54679103165067,136.06175747816684,PD,2
REF047.CARBOPLATIN,0.5108733464134805,5035.897029346152,3.96598132084019,11088.520349346152,6052.623320000001,24.773994899795678,9.090665589376226,37.89169350259256,85.25780796207009,PD,2
REF047.CDX-011,0.29796904895137744,1043.8926308461523,2.8849228747651883,11088.520349346152,10044.6277185,24.773994899795678,10.995789975277525,55.799679385091466,78.4201146655406,PD,2
REF047.CFI-400945,0.09162482255729831,-1660.3912190288484,1.229970364252906,11088.520349346152,12748.911568375,24.773994899795678,16.15799322003005,92.58367881993144,118.23608417552433,PD,2
REF047.CFI-400945-52WEEKLY,0.47352675302561664,2748.249001346152,3.603044710616568,11088.520349346152,8340.271348,24.773994899795678,9.652860420537897,42.05453083409678,80.45500965243329,PD,1
REF047.CFI-402257,0.3140077035031888,4354.590839846152,1.934982836473222,11088.520349346152,6733.9295095,24.773994899795678,13.46786280724962,15.41932447723807,57.97469965437697,PD,2
REF047.CFI-402257-3ON4OFF+PACLITAXEL,0.9176102723812317,8896.028148096153,102.79234280855623,11088.520349346152,2192.49220125,24.773994899795678,-0.2698923615023472,-57.55891690835123,-41.21735055442648,PR,1
REF047.CX-5461,0.5422692382622996,4666.642856096152,5.92878940241212,11088.520349346152,6421.87749325,24.773994899795678,6.90513441715604,37.00583549855894,64.1068326243975,PD,1
REF047.DATOPOTAMAB-CONTROL,0.30707705293113785,1365.9774380961535,-0.23536966285466257,11088.520349346152,9722.542911249999,24.773994899795678,27.585524128009318,118.52875891479822,198.81123396055224,PD,5
REF047.DATOPOTAMAB-DERUXTECAN,0.9081592416946118,8754.145538887818,144.43041156953115,11088.520349346152,2334.3748104583333,24.773994899795678,-1.5247830630498072,-80.39302672368578,-62.94121242634999,PR,6
REF047.ERIBULIN,0.8019421987203894,6970.812288846152,144.2034265817805,11088.520349346152,4117.7080605,24.773994899795678,-1.5116897935779818,-97.64108928080775,-88.26957378509178,CR,1
REF047.ERIBULIN-LOW,0.8668077911869958,7411.789901096152,149.40338833916013,11088.520349346152,3676.7304482500003,24.773994899795678,-1.8583569819081032,-64.85671525953398,-58.54260236712958,PR,3
REF047.PACLITAXEL,0.5895050154810476,4298.852393221152,7.885199754425678,11088.520349346152,6789.667956125,24.773994899795678,5.559612647509828,-21.150896749904014,-1.6084049369877036,SD,2
REF047.PQ-1-6,0.8193612566631193,6848.9619935128185,9.123241849975056,11088.520349346152,4239.558355833334,24.773994899795678,4.943980554718112,-27.585788351969185,5.238541147776066,SD,3
REF047.PQ-1-6-VEHICLE,0.5110751300266849,1523.3982433461515,0.30692440689547823,11088.520349346152,9565.122106,24.773994899795678,21.866675772200583,62.64015593014487,93.79810621271929,PD,3
REF047.SACITUZAMAB-GOVITECAN,0.8919284284977758,7612.631581221152,82.90405360510415,11088.520349346152,3475.888768125,24.773994899795678,0.0836992583489099,-28.00291901693187,-10.805902118393702,SD,4
REF047.TRASTUZUMAB-CONTROL,0.1548385898503848,1931.4936830961524,0.5450476357993176,11088.520349346152,9157.02666625,24.773994899795678,20.041192579946234,53.024255371957636,182.09269435010663,PD,4
REF047.TRASTUZUMAB-DERUXTECAN,0.6881456616752593,4252.788913221152,115.7905652703824,11088.520349346152,6835.731436125,24.773994899795678,-0.5339962371716319,-44.61414162774207,-22.914223029863287,SD,4
REF047_P10.BMN-673,0.24785546072599818,356.6181857499996,1.1820178956299,6384.5952815,6027.97709575,35.464494285502965,20.467195313609473,134.65140478668056,143.66824661347252,PD,1
REF047_P10.CX-5461,0.21124516141975358,3578.3309735000003,-0.29757411491096675,6384.5952815,2806.264308,35.464494285502965,43.47797212499999,196.65376574981278,196.65376574981278,PD,1
REF047_P11.CARBOPLATIN,0.5658453250547846,14258.874779500002,1.5156006082548887,24918.2730235,10659.398244,56.42029474470254,22.622776034229837,17.980970407352604,142.46849490880567,PD,1
REF047_P3_DATO_RES_P7.BMN-673,-0.7490705588005679,-733.5887265000001,-3.0639257884282842,3762.36536375,4495.95409025,11.282086107142852,28.61747939285715,165.70319940320672,248.61107304778193,PD,1
REF047_P5_TRAZ_RES_P5.DATOPOTAMAB-DERUXTECAN,-0.8888337604310546,-3070.6575754999994,-2.2871529476476242,3481.6124017500006,6552.26997725,9.799933264598542,16.168181029197083,156.3404777953238,223.2236348452195,PD,1
REF047_P5_TRAZ_RES_P5.PACLITAXEL,-1.0997333067391422,-4552.308760749999,-3.079444336817015,3481.6124017500006,8033.9211625,9.799933264598542,20.84207679162304,246.8326167705621,310.8967980578326,PD,1
REF047_P5_TRAZ_RES_P5.TRASTUZUMAB-DERUXTECAN,-2.282914236593152,-7684.9232405,-4.105471867025851,3481.6124017500006,11166.53564225,9.799933264598542,33.28388088321167,129.21392534583993,280.9204691439424,PD,1
REF048.ADC-CONTROL,0.5897236771205039,3366.273915911539,2.6491240186834535,11223.02626346154,7856.75234755,57.33449147157175,15.683352926110933,-16.47290549609609,25.89350727770463,SD,5
REF048.AZD-5305,0.99686540096135,8800.62207918029,172.71058684641648,11223.02626346154,2422.40418428125,57.33449147157175,-9.072128013418615,-100.0,-100.0,CR,8
REF048.AZD-8205,0.9982367880407594,9799.388260628206,170.84163861837663,11223.02626346154,1423.6380028333333,57.33449147157175,-6.974751277660644,-100.0,-100.0,CR,6
REF048.BMN-673,0.9770604164978399,8787.87093846154,170.9436505382709,11223.02626346154,2435.1553249999997,57.33449147157175,-7.064256839910675,-98.21743755213132,-80.34822665345644,CR,2
REF048.CARBOPLATIN,0.9147769695848478,6975.169846836539,163.36629867018922,11223.02626346154,4247.856416625,57.33449147157175,-3.5732945011049426,-67.99999471077884,-64.50947808709569,PR,2
REF048.CDX-011,0.10258709944252609,-6291.429008163457,0.34471084922382694,11223.02626346154,17514.455271624996,57.33449147157175,42.62505216794307,167.5351945298907,429.68640566658814,PD,2
REF048.CFI-400945,0.8314781190587688,3373.9983649615388,10.601009218528924,11223.02626346154,7849.0278985,57.33449147157175,4.871519685672694,22.514212075258023,31.61527658497001,PD,4
REF048.CFI-400945-52WEEKLY,0.7721119870482654,5665.226451711539,11.116103050362664,11223.02626346154,5557.79981175,57.33449147157175,4.658503010425206,-54.494596012816785,-20.721567739166712,PR,2
REF048.CFI-402257,0.278886627450731,-1297.3407805384595,0.6494814711493497,11223.02626346154,12520.367043999999,57.33449147157175,34.7423984168242,32.72177597912316,305.31666249729363,PD,1
REF048.CFI-402257-3ON4OFF,0.07556912831366669,-3055.362921538461,0.3723955545935303,11223.02626346154,14278.389185,57.33449147157175,41.764390876092136,218.3251708999812,424.53258584622466,PD,1
REF048.CFI-402257-3ON4OFF+PACLITAXEL,0.472710462084707,349.6533864615394,2.7542853159321465,11223.02626346154,10873.372877,57.33449147157175,15.242748460201284,-15.627803277230623,31.037766876059347,PD,1
REF048.CX-5461,0.9741933476506411,8413.173335461539,169.90224470654292,11223.02626346154,2809.8529280000002,57.33449147157175,-6.244233192816636,-99.66945238096623,-98.12689682547531,CR,1
REF048.DATOPOTAMAB-DERUXTECAN,0.9952981014420251,8472.608399711538,176.5009823629759,11223.02626346154,2750.4178637500004,57.33449147157175,-22.90565402250662,-99.87101848592597,-99.09712940148175,CR,1
REF048.ERIBULIN,0.9894207282445564,8682.34296146154,177.60358641164964,11223.02626346154,2540.683302,57.33449147157175,-40.99973370642199,-100.0,-99.1301278009276,CR,1
REF048.ERIBULIN-LOW,0.9952981014420251,8806.46541296154,169.11630868662303,11223.02626346154,2416.5608505,57.33449147157175,-5.738926791666666,-96.63703138855759,-88.22960985995157,CR,1
REF048.PACLITAXEL,0.03820326977565025,-10816.965790788461,0.36502113591306234,11223.02626346154,22039.99205425,57.33449147157175,41.99023416187751,161.9634364682397,363.6409594037957,PD,2
REF048.PQ-1-6,0.9490285185601416,7277.831883544872,172.49334656058562,11223.02626346154,3945.194379916667,57.33449147157175,-8.76677967181864,-76.06741487053175,-70.26548349061163,PR,3
REF048.SACITUZAMAB-GOVITECAN,0.99686540096135,9245.256965761539,172.637258973955,11223.02626346154,1977.7692977,57.33449147157175,-8.966738696967033,-99.57927756909946,-99.50348873639373,CR,5
REF048.TRASTUZUMAB-DERUXTECAN,0.99686540096135,9570.07742846154,172.0253766298474,11223.02626346154,1652.9488350000001,57.33449147157175,-8.173356377707579,-100.0,-95.14730534184531,CR,1
REF049.BMN-673,,,,,7374.0711265,,11.460679620234604,13.818430376652358,120.17206525917268,PD,1
REF049.CFI-400945,,,,,2241.709429125,,-6.2260328103547025,-91.59243611407611,-90.47007797846129,PR,2
REF052.AZD-5305,0.43018481581456375,2152.5827344166655,10.324938450156361,6577.299798916666,4424.717064500001,8.789517869411844,3.3088873233312746,21.355220093005368,55.36491732889803,PD,2
REF052.AZD-8205,-0.37897175390682714,860.1799159166667,-3.11701722889617,6577.299798916666,5717.119882999999,8.789517869411844,16.963325810344834,154.48735998041258,233.87290387821733,PD,1
REF052.BMN-673,0.2396403948581149,2511.5713589166667,-0.326324239936324,6577.299798916666,4065.7284399999994,8.789517869411844,9.258710389248922,42.07608327286923,56.54949238144058,PD,2
REF052.CARBOPLATIN,-1.5729497540663284,-5311.322153083335,-4.270988973773242,6577.299798916666,11888.621952000001,8.789517869411844,25.798897547721413,-43.66676033294205,47.10642207021314,PD,1
REF052.CDX-011,0.5409378736506683,2623.9196849166656,54.19722844166523,6577.299798916666,3953.3801140000005,8.789517869411844,0.5614499964553923,-23.978636639374432,-5.4699015408193485,SD,2
REF052.CFI-400945,0.6517991078273,4179.751121791666,141.0969967294343,6577.299798916666,2397.548677125,8.789517869411844,-1.5750025897899464,-46.56309848870794,-39.255271371971425,SD,2
REF052.CFI-400945-52WEEKLY,-0.104248323879373,751.1597259166656,-1.7072869470760592,6577.299798916666,5826.1400730000005,8.789517869411844,11.950071812217194,69.89459539670051,160.26185776523047,PD,1
REF052.CFI-402257,-0.2267968912222138,1289.4617514166666,-1.2688935613759003,6577.299798916666,5287.838047499999,8.789517869411844,10.941927002180229,27.57524070628574,42.73888963339161,PD,1
REF052.CX-5461,0.3567095111565277,785.3353209166653,5.62398796373959,6577.299798916666,5791.964478000001,8.789517869411844,4.658740472985347,37.462886059787934,65.0534769532452,PD,1
REF052.DATOPOTAMAB-CONTROL,-1.024653482962858,-2742.700329833334,-4.607535013481943,6577.299798916666,9320.00012875,8.789517869411844,30.413665940366972,175.12583213757154,309.38087520848,PD,1
REF052.PACLITAXEL,0.43741245863573,-444.71491933333436,38.04172490574997,6577.299798916666,7022.01471825,8.789517869411844,1.0164547148740313,-24.450951348752227,-20.997675891040824,SD,1
REF052.PQ-1-6,0.9063210219098975,4123.076745416666,155.3946435903437,6577.299798916666,2454.2230535,8.789517869411844,-3.0568627526877794,-70.98697812400799,-56.226354020205235,PR,2
REF052.PQ-1-6-VEHICLE,0.34155835170275783,1990.2901100416666,2.7650923879686156,6577.299798916666,4587.0096888749995,8.789517869411844,6.136293522128795,13.08337430705788,46.33642201989377,PD,2
REF052.SACITUZAMAB-GOVITECAN,0.9018394444876574,4896.327075791666,145.78924563431548,6577.299798916666,1680.972723125,8.789517869411844,-1.9031037165063358,-68.38474839160031,-65.4710981098872,PR,2
REF052.TRASTUZUMAB-CONTROL,-0.3299475817248365,-1211.2266708333345,-0.40254529832608055,6577.299798916666,7788.526469750001,8.789517869411844,9.375518469404861,-2.5526252571205554,15.504399279436853,SD,1
REF052.TRASTUZUMAB-DERUXTECAN,0.8982519829354173,5212.0028121666655,143.847495302827,6577.299798916666,1365.29698675,8.789517869411844,-1.7559082516764453,-62.81139613266068,-61.3231944775293,PR,1
REF054.BMN-673,,,,,3613.8150087500003,,10.722308965311004,-22.36725112228387,54.115009336600586,PD,1
REF057.BMN-673,-0.9288767933941264,-365.0053710000002,-6.662846340135832,5922.278599249999,6287.28397025,6.26110028759217,23.74454654126214,92.31002044052015,201.8730024161811,PD,1
REF057.CARBOPLATIN,0.44093817810906843,2334.187173499999,6.3447148396283595,5922.278599249999,3588.0914257500003,6.26110028759217,3.6257448132036862,18.549764570870565,47.293353860897255,PD,1
REF057.CDX-011,-0.09375262053314559,-3394.949877750001,-2.0809085823438123,5922.278599249999,9317.228477,6.26110028759217,8.151967632326004,86.84277294340623,95.6871693596179,PD,1
REF057.CFI-400945,0.04261896225785078,-4024.8212695,-1.8142421649957847,5922.278599249999,9947.09986875,6.26110028759217,7.849494022567701,113.85125737945847,132.4453871449966,PD,1
REF057.CFI-400945-52WEEKLY,0.6647284873801635,3573.249763749999,43.092055036075074,5922.278599249999,2349.0288355000002,6.26110028759217,0.7766168557168787,-25.3812822012798,-13.389490145379856,SD,1
REF057.CX-5461,-0.5814842775597431,-2407.4555177500006,-5.211919635610011,5922.278599249999,8329.734117,6.26110028759217,14.81134414098837,63.57212475633527,141.34901417316436,PD,1
REF057.PACLITAXEL,-1.1167088271279324,-1415.9726812500012,-6.414002808370369,5922.278599249999,7338.251280500001,6.26110028759217,21.52083472456395,47.31930272108844,164.3684718679138,PD,1
REF062.ADC-CONTROL,0.06469630215543543,2921.6905828750005,0.03413912611198582,13507.390501125,10585.69991825,49.86456001422629,48.42518835916231,101.43195650975213,368.0735604795841,PD,1
REF062.AZD-8205,0.11771766100339948,1035.7672147499998,-0.22010462909770187,13507.390501125,12471.623286375001,49.86456001422629,61.68458820809588,494.1025419637537,632.838630318564,PD,2
REF062.BMN-673,0.641139996735227,8784.329901125,1.9697057843894983,13507.390501125,4723.060600000001,49.86456001422629,18.354247758490565,37.4996048331399,165.404650864739,PD,1
REF062.CARBOPLATIN,0.11627128606692372,1225.2431778750015,0.38079328124953726,13507.390501125,12282.14732325,49.86456001422629,37.44746572896976,50.59651071312879,203.6391466346056,PD,1
REF062.CDX-011,0.2653121963278572,5900.692440125001,0.40919003052463887,13507.390501125,7606.698061,49.86456001422629,36.764633456603775,32.8837288085323,161.77039527081502,PD,1
REF062.CFI-400945,0.680611808475263,4551.293214125,149.6928850063254,13507.390501125,8956.097287,49.86456001422629,-1.792355553166353,-42.50188116296113,-24.227762475817716,SD,1
REF062.CX-5461,0.056266109478492754,3984.062467625001,0.1262269825283192,13507.390501125,9523.3280335,49.86456001422629,44.92688619492476,23.293323100452433,70.12366386486126,PD,2
REF062.DATOPOTAMAB-CONTROL,-0.03508366320804979,1236.3413070416682,-0.2776875264487665,13507.390501125,12271.049194083333,49.86456001422629,65.76245226553958,281.6383902691891,421.90587581277555,PD,3
REF062.DATOPOTAMAB-DERUXTECAN,-0.21929607553409936,-481.62933295833136,-0.12122124333119706,13507.390501125,13989.019834083332,49.86456001422629,55.748044012125,480.1938183882112,695.2359412079136,PD,3
REF062.PQ-1-6,0.30363153951637356,2477.4562289583337,0.11801591882420148,13507.390501125,11029.934272166667,49.86456001422629,45.21816559936201,110.53972413672982,234.11437152451745,PD,3
REF062.PQ-1-6-VEHICLE,-0.3491854619562469,-4163.777215625001,-0.24999221813360115,13507.390501125,17671.167716750002,49.86456001422629,63.7359383431838,143.03384670338647,422.6420494748483,PD,3
REF062.SACITUZAMAB-GOVITECAN,0.17400978973766834,-2086.7724897083317,0.2848943587931405,13507.390501125,15594.162990833333,49.86456001422629,39.953327220698505,192.6705548409624,215.10658840437102,PD,3
REF062.TRASTUZUMAB-CONTROL,0.20874069893889968,3174.8837981250017,0.07373466422361952,13507.390501125,10332.506703,49.86456001422629,46.85643172275577,173.56066853735342,243.1361366456681,PD,2
REF062.TRASTUZUMAB-DERUXTECAN,0.5679566145608651,2506.9517909583337,0.29732492300388746,13507.390501125,11000.438710166667,49.86456001422629,39.609770980747285,108.01054292797576,166.4835138927556,PD,3
REF063.ADC-CONTROL,0.32383597654932483,8088.340941583336,0.0728707931828791,16659.610397583336,8571.269456,73.44766100711416,67.17165783431952,149.31830103474647,360.4004983710288,PD,1
REF063.AZD-5305,0.18366135145944118,5340.8401563333355,-0.09043385047771547,16659.610397583336,11318.77024125,73.44766100711416,83.08056740828405,354.85076746343253,551.7411995164068,PD,1
REF063.AZD-8205,0.5693116989559402,10215.922244333335,0.8028259433353064,16659.610397583336,6443.68815325,73.44766100711416,36.188244912721906,130.3017192051796,269.8824843962652,PD,2
REF063.BMN-673,0.6846585212177732,7939.220515833336,3.0892652024699823,16659.610397583336,8720.38988175,73.44766100711416,14.78524535581189,42.308722775916685,142.09391825076315,PD,1
REF063.CARBOPLATIN,0.3663476658677173,10992.169367583336,-0.1152020552727507,16659.610397583336,5667.44103,73.44766100711416,86.1759779285714,35.46908979473622,406.22374944170315,PD,1
REF063.CFI-400945,0.33792566597183593,12953.267048833335,-0.4285169374255635,16659.610397583336,3706.3433487500006,73.44766100711416,162.9901049,244.1481785406442,244.1481785406442,PD,1
REF063.CFI-402257,0.550699638421617,9529.514466583336,0.4218314509052781,16659.610397583336,7130.095931000001,73.44766100711416,47.66507570535715,304.504027061438,357.48973802871416,PD,1
REF063.CX-5461,0.39712473323554975,9306.698858833337,0.054568244599418725,16659.610397583336,7352.91153875,73.44766100711416,68.64491154651164,155.50612353535595,343.13218173697766,PD,1
REF063.DATOPOTAMAB-DERUXTECAN,0.9844386494493705,14711.106525583336,173.78609569626593,16659.610397583336,1948.5038719999998,73.44766100711416,-10.512576492307694,-90.41788797190837,-84.74967643218741,PR,1
REF063.PACLITAXEL,0.9922193247246853,11710.964393583336,171.66957099793447,16659.610397583336,4948.646004,73.44766100711416,-7.544478399250234,-89.81766285222741,-43.93804488828774,PR,1
REF063.SACITUZAMAB-GOVITECAN,0.9654081551493208,14867.134931583336,168.39808361085923,16659.610397583336,1792.475466,73.44766100711416,-5.231331873945641,-85.23041632042265,-73.86735401801094,PR,1
REF063.TRASTUZUMAB-CONTROL,0.9791858311362702,15611.299812433335,165.4981419986097,16659.610397583336,1048.31058515,73.44766100711416,-4.095387241221375,-75.87845266877143,-74.41412365944909,PR,1
REF063.TRASTUZUMAB-DERUXTECAN,0.999711826841655,16017.107303833336,169.45139187417365,16659.610397583336,642.5030937500001,73.44766100711416,-5.808379532442749,-99.62706692330678,-99.62706692330678,CR,1
REF063_P11.DATOPOTAMAB-CONTROL,,,,,11669.840540750001,,24.01506161152933,-29.499539429517107,147.56050879804087,PD,1
REFOV042.BMN-673,0.13695587382851399,743.9854457499987,0.8388610811459101,7266.0156397499995,6522.030194000001,9.251110899581434,8.134603162958031,31.289133483459263,60.91764899895506,PD,2
REFOV042.CARBOPLATIN,0.49323915275682373,1904.0088217499988,14.344246065845503,7266.0156397499995,5362.006818000001,9.251110899581434,2.6726751295843503,56.118256081673444,62.41229307834961,PD,1
REFOV042.CDX-011,0.18830760790344492,1072.7975142499981,1.3746837892575163,7266.0156397499995,6193.218125500001,9.251110899581434,7.550815392885075,-10.215826801359523,36.3363135686437,PD,2
REFOV042.CFI-400945,0.44242915079341216,2394.585995999999,6.009361215664902,7266.0156397499995,4871.429643750001,9.251110899581434,4.633482334079008,3.0533945123291772,9.774221108932824,SD,3
REFOV042.CFI-400945-52WEEKLY,0.6065984934677274,168.07242449999922,1.0713278769308348,7266.0156397499995,7097.94321525,9.251110899581434,7.87077258688388,2.41416861382171,13.698098718378905,SD,3
REFOV042.CFI-402257,0.34228743868419165,1634.0049197499993,2.72876102863477,7266.0156397499995,5632.01072,9.251110899581434,6.387178590576768,16.453809358656173,50.85126513414629,PD,2
REFOV042.CX-5461,-1.6422489244704876,-10421.036211250004,-4.937288159614139,7266.0156397499995,17687.051851000004,9.251110899581434,46.493419528571415,366.24423241308193,495.74142131128457,PD,1
REFOV042.ERIBULIN-EXTRALOW,,,,7266.0156397499995,,9.251110899581434,,-41.38780102100381,-9.682461800801656,SD,1
REFOV042.ERIBULIN-LOW,0.8309785256681257,3356.7886162499994,162.02585765051913,7266.0156397499995,3909.2270235,9.251110899581434,-4.7847681741879065,-80.34296954802548,-74.97229352410295,PR,2
REFOV042.PACLITAXEL,0.83082559643106,3818.256085124999,156.36526366193593,7266.0156397499995,3447.7595546250004,9.251110899581434,-3.178306040717887,-83.73052110937451,-66.51826392025967,PR,2
REFOV042.PACLITAXEL-15DAILY,-0.2513637553446655,-2256.9324242500006,-2.1336865134954284,7266.0156397499995,9522.948064,9.251110899581434,14.173560002967363,30.465411228163866,56.776332477412474,PD,2
REFS036.CFI-400945-5DAILY,0.6284719142968809,2685.958254000001,36.09260305731897,5642.861236500001,2956.9029825,8.475779625111313,1.0790915727960824,-27.885850178359085,-0.7570758545193734,SD,1
REF_001.DATOPOTAMAB-DERUXTECAN,0.9896271156215147,7200.505377125001,167.2386616061056,8564.921969750001,1364.416592625,15.295761158404478,-6.298949659140916,-98.98269971653131,-95.89308913820821,CR,2
REF_001.SACITUZAMAB-GOVITECAN,0.849479572682251,5710.797248750001,156.96053344763132,8564.921969750001,2854.124721,15.295761158404478,-2.8557227394636002,-49.22052192310106,-40.54185501812357,SD,1
REF_001.TRASTUZUMAB-DERUXTECAN,0.9766610101484082,6139.402066750001,170.0999682840132,8564.921969750001,2425.519903,15.295761158404478,-9.266163388209124,-91.96822510863718,-45.702354321451864,PR,1
REF_001_BL_CARBORES.CARBOPLATIN,0.39159601555723444,-1361.983956250001,8.241036297178164,7881.39857375,9243.38253,37.660896766883646,5.812339685813277,-5.975637915386123,1.8756298341777056,SD,1
REF_001_CARBORES_P2-_NOV_3/16.CARBOPLATIN,0.23049420684970312,208.81272900000067,7.665921188875036,3842.9441340000003,3634.1314049999996,4.2739708917208965,2.6277131005061465,-26.375266117630435,-6.057508386813537,SD,1
REF_001_CARBORES_P2-_NOV_9/16.CX-5461,,,,,3384.0836292499994,,4.112538446314103,-35.88683796255234,-8.683604821705659,SD,1
REF_006.DATOPOTAMAB-CONTROL,-0.7559234412850675,-4899.808915375,-2.9695172133914585,6523.828098125,11423.6370135,8.785872882050535,16.23872674368378,60.85230843410676,152.97895455765152,PD,1
REF_006.DATOPOTAMAB-DERUXTECAN,0.7058779138111243,3211.9740131250005,154.8107472667754,6523.828098125,3311.8540849999995,8.785872882050535,-2.955078599837,-77.03962139316806,-72.75445236361155,PR,1
REF_006.SACITUZAMAB-GOVITECAN,0.7137130953202299,3617.519789625,71.65689528437996,6523.828098125,2906.3083085,8.785872882050535,0.2098162552974736,-25.30429340917485,-12.565006756737407,SD,1
REF_006.TRASTUZUMAB-DERUXTECAN,0.7731294124375111,3030.3400916250002,57.94776450905413,6523.828098125,3493.4880064999998,8.785872882050535,0.4782364481963092,-70.6054420906901,-48.5066074182835,PR,1
REF_010_B.CX-5461,,,,,15858.906737500001,,18.228790448356804,67.77786943836672,103.83318641657775,PD,1
REF_016_ERIB_LD_RE.CDX-011,0.46470744897959193,4919.734888499999,1.1935258757250553,22479.03008025,17559.29519175,65.96742818711235,27.774431668849072,104.52194933255892,160.72398934253252,PD,1
REF_016_ERIB_LD_RE.ERIBULIN-LOW,0.80334515,15042.414305999999,6.640020149278834,22479.03008025,7436.61577425,65.96742818711235,7.5870561219571595,49.302887548417985,63.47501510693927,PD,1
REF_022.ADC-CONTROL,0.3885259613389619,2979.5175986249997,3.7255013541663344,9641.385872625,6661.868274,17.024548131496292,8.043221924267106,38.907084345981644,96.87274173076477,PD,1
REF_022.AZD-8205,0.9161100834498025,7279.477250125,159.84348205549907,9641.385872625,2361.9086225,17.024548131496292,-3.3132255486563533,-91.05513810108695,-75.99795390458331,PR,1
REF_022.DATOPOTAMAB-CONTROL,-0.43794082339266915,1928.4914441250003,-1.596660203763344,9641.385872625,7712.8944285,17.024548131496292,32.452712536538456,112.42829553523114,373.16974683214966,PD,1
REF_022.DATOPOTAMAB-DERUXTECAN,0.9790275208624506,8025.333102625,164.8198614589763,9641.385872625,1616.05277,17.024548131496292,-4.77901212053057,-94.93184436988611,-93.32056931153781,PR,2
REF_023.ADC-CONTROL,0.8852586560298866,3253.28589675,165.28347105734323,7063.94088575,3810.654989,12.669525424607327,-5.555788533657745,-72.95818796183046,-64.07926387064894,PR,1
REF_023.DATOPOTAMAB-DERUXTECAN,0.9911857193448753,5649.58506775,165.55828493024467,7063.94088575,1414.355818,12.669525424607327,-5.712820368062828,-96.62223106071761,-96.62223106071761,CR,1
REF_023.SACITUZAMAB-GOVITECAN,0.9603357370519388,6144.84987575,167.07270849641932,7063.94088575,919.09101,12.669525424607327,-6.760296946745563,-85.01180320497608,-68.8156543388748,PR,1
REF_B_047.AZD-5305,0.3846933372367102,4336.286621666666,2.879053398054314,9798.147163666667,5461.860542,20.172829489869745,9.988761970218121,6.973085699165371,52.46590624028771,PD,1
REF_B_047.DATOPOTAMAB-DERUXTECAN,0.9564829860778499,6558.843676041666,169.2778576043556,9798.147163666667,3239.303487625,20.172829489869745,-7.2212193116451635,-93.26337640341,-80.71291078541697,PR,2
REF_B_047.SACITUZAMAB-GOVITECAN,0.9398431601398614,6683.218283666667,166.04527464417464,9798.147163666667,3114.92888,20.172829489869745,-5.089141924999999,-70.77918131214099,-70.77918131214099,PR,1
REF_B_062.TRASTUZUMAB-DERUXTECAN,0.8886437007308323,12248.85040925,151.73215619478594,19688.809007,7439.958597749999,68.38570932857144,-1.9267199071428567,28.226067561247614,54.52091744587337,PD,1
REF_S_032B.CX-5461,0.9251306739810874,12317.890963,158.90429555591902,15796.1540785,3478.2631155,20.40682944294903,-3.0254436860854987,-48.28054223844171,-9.857715374998211,SD,1
REF_S_035.ADC-CONTROL,-0.6499529720254345,-12028.59933275,0.04373148090282424,5052.931439999999,17081.53077275,46.07266685472973,44.50680602809449,50.969055546486075,337.39672944453514,PD,1
REF_S_035.AZD-5305,0.15257143262592499,-2536.765700000001,0.8137227157869839,5052.931439999999,7589.69714,46.07266685472973,27.84040982195846,155.99943900055297,419.0799622463983,PD,1
REF_S_035.AZD-8205,-0.33119968301276925,-7060.443243250001,0.6620579520567816,5052.931439999999,12113.37468325,46.07266685472973,30.058199322679165,9.00128533640785,95.73751669410922,PD,1
REF_S_035.DATOPOTAMAB-DERUXTECAN,0.9921885847492663,2907.5081628333323,171.26107404414512,5052.931439999999,2145.423277166667,46.07266685472973,-7.60034085942965,-94.41638748953089,-42.48076650474653,PR,3
REF_S_036.TRASTUZUMAB-CONTROL,,,,,3335.8207492499996,,0.370589705476402,-65.10012518949581,-58.24866469971366,PR,1
REF_S_036.TRASTUZUMAB-DERUXTECAN,,,,,2761.4279697499996,,-4.84714665828139,-95.79177713251694,-91.49588295529465,CR,1
REF_S_052.TRASTUZUMAB-DERUXTECAN,0.9367793807964161,2149.29889275,157.37850887404696,3042.13174275,892.83285,5.423668095772096,-4.635056896551725,-94.24648076406736,-89.45188140079014,PR,1
REF_S_057.CFI-402257-3ON4OFF+PACLITAXEL,-2.7025732826508273,-2378.446972499999,-59.79916954440465,6358.3950885,8736.842061,0.48754169492868715,13.586026715384623,121.47601435322537,198.9197295657282,PD,1
REF_S_061.CARBOPLATIN,-1.7227783211428251,-12447.278216499999,-2.042876098335065,9014.876469750001,21462.15468625,18.512679122057325,54.60983644882293,73.44399226765795,160.0720738983958,PD,1
REF_S_061.CX-5461,0.8036113980716253,6486.584756250001,115.24527107869281,9014.876469750001,2528.2917135,18.512679122057325,-0.539282633914422,-64.4804791360383,-49.32767664584675,PR,1
REF_S_063.ADC-CONTROL,0.42695516694299485,2753.8414618749994,0.7432256042727658,16180.065201,13426.223739125,63.70190297560976,34.871857100350745,115.99908247922693,301.5540758258526,PD,2
REF_S_063.AZD-8205,0.7668411810741406,8898.55197075,7.195597114591408,16180.065201,7281.513230249999,63.70190297560976,7.030800470073293,31.588003077488146,73.16666835106697,PD,1
REF_S_063.SACITUZAMAB-GOVITECAN,0.988134595604768,13251.057967875,171.20894777258695,16180.065201,2929.0072331250003,63.70190297560976,-7.214297051724138,-91.32733098893324,-48.47129676694306,PR,2
REF_S_065.BMN-673,-0.37255238286890324,-6433.318693250001,-0.04767250598092341,8146.73564875,14580.054342000001,10.662125753475674,10.758399218898582,9.208607525655644,54.7040505619808,PD,1
REF_S_065.CX-5461,-1.2843220901916794,-923.8256005000003,-4.230249485595037,8146.73564875,9070.56124925,10.662125753475674,50.794626877167644,43.35615972432958,281.31389051729707,PD,1
SA1130.BMN-673,0.9944209446263523,7192.5956347500005,167.02628357879564,8895.354213,1702.75857825,58.031949763005805,-4.710086980652068,-94.52945088015836,-54.23938420916402,PR,2
SA1130_P11.BMN-673,0.8621800952156851,13896.555709999999,2.0540938065859837,15346.26995325,1449.71424325,128.30270763165677,22.89778664285714,126.24825327066272,126.24825327066272,PD,1
SA1130_P11.CX-5461,0.649227909047982,6403.926508499999,1.0918030603979831,15346.26995325,8942.34344475,128.30270763165677,37.235735352071,357.5563756873469,358.47997078057807,PD,1
SA501.CARBOPLATIN,0.9786921932259132,12895.914971916667,167.2660734830724,14508.846043666666,1612.9310717499998,45.91327991426914,-4.921219097469541,-79.49827820245287,-58.1180635930143,PR,1
SA501.SACITUZAMAB-GOVITECAN,0.9969393697409381,13509.216448916666,165.70062525027086,14508.846043666666,999.62959475,45.91327991426914,-4.313727658352228,-96.31867186884348,-78.91927556830981,CR,1
SA607.CARBOPLATIN,0.4569625661661002,12763.88701825,-0.005204566406337255,19263.25180725,6499.364789,39.77801509146342,39.92235771893492,231.85426446529002,352.6131197008125,PD,1
SA607.CX-5461,0.5286785074140459,7615.4590207500005,2.6521281808369683,19263.25180725,11647.792786499998,39.77801509146342,13.977356876362114,56.463556831807125,82.95642542050408,PD,1
SA607.SACITUZAMAB-GOVITECAN,0.9865378333730557,17789.62626975,166.08152307215136,19263.25180725,1473.6255375,39.77801509146342,-4.518772582733814,-85.31719412362786,-64.77345887937193,PR,1
