model.id,batch.name,best.response,best.average.response,mRECIST,TGI,AUC,slope
01-1104.BMN-673.m1,01-1104.BMN-673,20.55899740653244,77.16816353771235,PD,0.6307058213315542,8120.083651,7.583539461065569
01-1104.BMN-673.m2,01-1104.BMN-673,40.09172714902234,56.65326410251963,PD,0.5303254823121981,8691.63474125,12.446504292957966
01-1104.CARBOPLATIN.m1,01-1104.CARBOPLATIN,-33.18746516036535,41.278861948648114,PD,0.27666951649425,8090.594158500001,17.257208226468045
01-1104.CARBOPLATIN.m2,01-1104.CARBOPLATIN,39.64541449445724,52.62696987363527,PD,0.5572459825367185,7439.08619,9.650648545052288
01-1104.CARBOPLATIN.m3,01-1104.CARBOPLATIN,30.603507139577246,43.4580784925916,PD,0.22029155918615695,11390.048725249999,17.687908698511656
01-1104.CDX-011.m1,01-1104.CDX-011,53.23579231137816,60.747907171532376,PD,0.6547183032414741,6506.91263775,3.5808240060483874
01-1104.CFI-400945.m1,01-1104.CFI-400945,-44.96766152506001,-42.34605276346621,SD,0.7772641316807453,4642.14317675,-0.30499886352839506
01-1104.CFI-400945.m2,01-1104.CFI-400945,-21.88667777849401,-10.84371255769504,SD,0.8068613808520663,3571.6022745000005,0.8716206943424746
01-1104.CFI-400945.m3,01-1104.CFI-400945,-62.959266174127194,-57.50166810565454,PR,0.9101699293147046,4702.4829455,-5.903061976004799
01-1104.CFI-400945.m4,01-1104.CFI-400945,7.575571453243346,21.085109491208208,SD,0.6461996092770519,5556.35102475,4.5169799320388355
01-1104.CFI-400945.m5,01-1104.CFI-400945,-86.23426094224833,-86.23426094224833,PR,0.9335626194594547,1613.0472330000002,-1.0774603430851066
01-1104.CFI-400945.m6,01-1104.CFI-400945,154.80943726647956,230.84262424001008,PD,0.36370369595856167,8716.933834,20.001452128571426
01-1104.CFI-400945.m7,01-1104.CFI-400945,-11.35830393916769,-3.3788738491919768,SD,0.6958328886830791,5891.621714749999,0.07474170368474918
01-1104.CFI-400945-41.6WEEKLY.m1,01-1104.CFI-400945-41.6WEEKLY,-21.12961160812671,-9.463080388741673,SD,0.8934311890897009,2825.8655989999997,-1.9318441879581154
01-1104.CFI-400945-52WEEKLY.m1,01-1104.CFI-400945-52WEEKLY,-71.99601588080522,-70.6289680658623,PR,0.8704494716064755,3521.4176687500003,-2.051732473110464
01-1104.CFI-400945-52WEEKLY.m2,01-1104.CFI-400945-52WEEKLY,-99.58561450819963,-92.58191002621858,CR,0.9647950538200287,2253.99706375,-4.248026687499999
01-1104.CFI-400945-52WEEKLY.m3,01-1104.CFI-400945-52WEEKLY,-44.68211447904674,-29.658006671779226,SD,0.8123699547083841,6787.749895,-5.58155836312608
01-1104.CFI-400945-52WEEKLY.m4,01-1104.CFI-400945-52WEEKLY,85.83145960373628,162.9097354651487,PD,0.08478966469735938,17036.4105095,20.574621531249996
01-1104.CFI-400945-5DAILY.m1,01-1104.CFI-400945-5DAILY,194.39537996423573,286.93298842869217,PD,0.49890751385116705,7166.1761945,12.550394584944344
01-1104.CFI-400945-5DAILY.m2,01-1104.CFI-400945-5DAILY,79.65476803572302,124.61481426399672,PD,0.6812613136767158,6065.1094299999995,6.5668725572885425
01-1104.CFI-400945-5DAILY.m3,01-1104.CFI-400945-5DAILY,2.732308915316417,15.859263059064798,SD,0.6993838859582318,5566.77936875,2.5737963592630506
01-1104.CFI-400945-5DAILY.m4,01-1104.CFI-400945-5DAILY,10.512099131426854,51.45640370302367,PD,0.4340475826644298,9181.01047475,10.786682633060387
01-1104.CFI-402257.m1,01-1104.CFI-402257,3.3422252838084088,31.798983464030496,PD,0.7097224453614601,6465.88416575,7.210634694905952
01-1104.CFI-402257.m2,01-1104.CFI-402257,-9.24143131049513,21.590953145525702,SD,0.6660042481652578,7034.29940525,5.191300413714731
01-1104.CFI-402257.m3,01-1104.CFI-402257,141.46636824223654,172.7981974087756,PD,0.09061404871689771,15692.135056500001,19.326808810450814
01-1104.CFI-402257-2ON5OFF+PACLITAXEL-15DAILY.m1,01-1104.CFI-402257-2ON5OFF+PACLITAXEL-15DAILY,6.655205780765017,18.64460275230071,SD,0.7345707140853167,6595.571941249999,3.9090139822100305
01-1104.CFI-402257-2ON5OFF+PACLITAXEL-15DAILY.m2,01-1104.CFI-402257-2ON5OFF+PACLITAXEL-15DAILY,-2.163691323653194,0.5770024321785305,SD,0.7870974721696835,4536.5486335,0.7373039025078367
01-1104.CX-5461.m1,01-1104.CX-5461,13.347118971856142,26.400083714547783,SD,0.6545762143566269,7430.72343525,3.4906529445924757
01-1104.CX-5461.m2,01-1104.CX-5461,26.69848933270036,40.25927425102862,PD,0.7334000918035559,5187.8022815,5.676470546943572
01-1104.CX-5461.m3,01-1104.CX-5461,24.78633509546382,38.28060226159238,PD,0.05762516210261981,19019.07393,11.791391952586205
01-1104.ERIBULIN-EXTRALOW.m1,01-1104.ERIBULIN-EXTRALOW,-97.73621931715523,-80.13078260939382,CR,0.8578894181210699,6095.86375825,-3.1259225229852436
01-1104.ERIBULIN-LOW.m1,01-1104.ERIBULIN-LOW,-96.62510961643966,-96.62510961643966,CR,0.9529844571448263,2458.2236890000004,-3.1003414503918485
01-1104.EVEROLIMUS.m1,01-1104.EVEROLIMUS,31.412375112548464,46.09198957779543,PD,0.574554874816904,6265.6537849999995,8.637483114900085
01-1104.PACLITAXEL.m1,01-1104.PACLITAXEL,-7.0780097811761316,-6.039025637594408,SD,0.880795920277272,2959.3104715,-0.3838762748487468
01-1104.PACLITAXEL.m2,01-1104.PACLITAXEL,45.32220049609703,108.01032940535515,PD,0.271058762710606,13116.031411499998,16.019770405172405
01-1104.PACLITAXEL-15DAILY.m1,01-1104.PACLITAXEL-15DAILY,11.247542509340992,33.787022372318255,PD,0.7190332493333123,5852.29322675,6.2962022399686495
01-1104.PACLITAXEL-15DAILY.m2,01-1104.PACLITAXEL-15DAILY,-34.17032192888231,-30.708124815741012,SD,0.8169105932868428,4650.6225865,-2.509036668495298
100534.ABT-263.m1,100534.ABT-263,17.072996356633663,33.80076086142167,PD,0.41298286854608035,3451.1229159999993,3.928071189937107
100534.BMN-673.m1,100534.BMN-673,-97.94046817715048,-89.93832890712055,CR,0.8329386867296301,3258.393295,-5.686279006973142
100534.BMN-673.m2,100534.BMN-673,-98.31416630331331,-98.31416630331331,CR,0.7720562839343058,4539.093876,-5.234546065843623
100534.BMN-673.m3,100534.BMN-673,-99.76262965251459,-99.76262965251459,CR,0.9143632136505329,4173.180571,-5.6850658857142875
100534.CARBOPLATIN.m1,100534.CARBOPLATIN,-59.469246590774105,12.013860572706548,SD,0.23036216742163218,6558.2852975,6.349084044163223
100534.CARBOPLATIN.m2,100534.CARBOPLATIN,-100.0,-99.85010397155779,CR,1.0,1801.678887,-4.910780943223441
100534.CDX-011.m1,100534.CDX-011,-23.230647674464443,-5.425644132629692,SD,0.44990243529386387,4411.3786979999995,1.6214325216049383
100534.CFI-400945.m1,100534.CFI-400945,-30.434166398048134,-12.751745164859674,SD,0.48377939660253966,2572.4333589999997,1.638665065217392
100534.CFI-400945.m2,100534.CFI-400945,2.8600073450460783,9.214352286586491,SD,0.5463991302775077,3516.9953075000003,1.3943251134492232
100534.CFI-400945.m3,100534.CFI-400945,6.458224660654133,28.014752553358836,SD,0.3004781881076647,4428.700549,4.9197944885635865
100534.CFI-400945.m4,100534.CFI-400945,-16.015589426014387,-4.9388149805999815,SD,0.4826869067098829,3737.2951944999995,1.749880850000001
100534.CFI-400945.m5,100534.CFI-400945,46.00712502030522,58.70864639653377,PD,-0.4110554087466882,11372.90313375,7.6132215062662105
100534.CFI-400945+ABT-263.m1,100534.CFI-400945+ABT-263,-17.525937939022196,-6.792905008563677,SD,0.6027933465663506,2767.91899775,-0.7656317993710688
100534.CFI-400945-52WEEKLY.m1,100534.CFI-400945-52WEEKLY,6.899727440250558,13.85676903422295,SD,0.678538308009078,3646.0966372499997,0.5202761374801901
100534.CFI-400945-52WEEKLY.m2,100534.CFI-400945-52WEEKLY,6.899727440250558,13.85676903422295,SD,0.678538308009078,3646.0966372499997,0.5202761374801901
100534.CFI-402257.m1,100534.CFI-402257,58.467108321239934,75.50834329817545,PD,0.3243096988052637,5288.812904,3.0450643086419764
100534.CFI-402257.m2,100534.CFI-402257,3.7877016790876183,59.64855768428667,PD,0.295816734297052,4786.712675,6.9327585178408055
100534.CFI-402257+PACLITAXEL.m1,100534.CFI-402257+PACLITAXEL,-88.74820130621382,-78.46878027732272,PR,0.9143632136505329,2145.134451,-3.717155460416667
100534.CFI-402257-3ON4OFF.m1,100534.CFI-402257-3ON4OFF,-24.42492788131797,5.242816027414987,SD,0.121944620362326,4735.252773,3.4332142013086977
100534.CFI-402257-3ON4OFF+PACLITAXEL.m1,100534.CFI-402257-3ON4OFF+PACLITAXEL,-67.65177785828891,-7.7268648210927715,SD,0.5999049341752896,4494.35112,2.0587547344110857
100534.CFI-402257-3ON4OFF+PACLITAXEL.m2,100534.CFI-402257-3ON4OFF+PACLITAXEL,-17.83003716245949,20.54318523070673,SD,0.36775966327932463,3626.73426,4.413238532544378
100534.CX-5461.m1,100534.CX-5461,11.761776730554384,35.22713529018881,PD,0.35397290070353926,4808.30944,4.6177711394628105
100534.CX-5461.m2,100534.CX-5461,50.937268389364036,56.58255473134803,PD,0.34084645662579893,6082.2383515,2.755496624999999
100534.ERIBULIN-EXTRALOW.m1,100534.ERIBULIN-EXTRALOW,16.032546854401296,27.82197931205552,SD,0.1936501748774362,6024.666059,4.527544100633914
100534.ERIBULIN-EXTRALOW.m2,100534.ERIBULIN-EXTRALOW,16.032546854401296,27.82197931205552,SD,0.1936501748774362,6024.666059,4.527544100633914
100534.ERIBULIN-LOW.m1,100534.ERIBULIN-LOW,-97.03334186655462,-94.68473751091037,CR,0.9892954017063166,760.163697,-4.207604689300411
100534.ERIBULIN-LOW.m2,100534.ERIBULIN-LOW,-100.0,-84.38677622342048,CR,0.6484954661942421,8063.544139,-4.927384971428575
100534.PACLITAXEL.m1,100534.PACLITAXEL,1.3081468305276012,24.592321306453478,SD,0.13505454189260013,7419.503503999999,3.8814957526881715
100672.CARBOPLATIN.m1,100672.CARBOPLATIN,-82.30742083718077,-74.00222930183406,PR,0.5463002390883365,3494.3016850000004,-1.6957664285714287
100672.CDX-011.m1,100672.CDX-011,5.303583538211076,18.56937532351539,SD,0.38292676421885374,4639.762544,1.787103786666666
100672.CDX-011.m2,100672.CDX-011,70.35238785809608,115.96566620035414,PD,-0.22984018572932174,6233.305302500001,9.500216592307693
100672.CDX-011.m3,100672.CDX-011,-96.80540908134347,-94.27635793740706,CR,0.5165350580474115,2743.6346315,0.7213414428571424
100672.CFI-400945.m1,100672.CFI-400945,31.08761765454404,38.79137912777466,PD,0.20922572839789622,7047.173615,4.38400888083257
100672.CFI-400945-41.6WEEKLY.m1,100672.CFI-400945-41.6WEEKLY,57.65570934256055,75.82205345970361,PD,0.0594834005981244,8750.683055,2.858686146666665
100672.CFI-400945-52WEEKLY.m1,100672.CFI-400945-52WEEKLY,83.17074765542709,117.35759384928986,PD,-0.2233009982395291,6533.886073500001,8.524243995199694
100672.CFI-402257-3ON4OFF.m1,100672.CFI-402257-3ON4OFF,-5.1666962962962915,1.877461508916345,SD,0.29617288647518303,4043.4298937500002,2.761434903144941
100672.CFI-402257-3ON4OFF+PACLITAXEL.m1,100672.CFI-402257-3ON4OFF+PACLITAXEL,-62.515813792319385,-48.81232546474538,PR,0.7989046982278274,2442.1156812500003,-2.5062755799908842
100672.CFI-402257-3ON4OFF+PACLITAXEL.m2,100672.CFI-402257-3ON4OFF+PACLITAXEL,-96.70593670498555,-94.09813659643244,CR,0.7779643847499494,2055.4575125,-2.5553040816326518
100672.CX-5461.m1,100672.CX-5461,-30.233260799457597,-25.183505844351927,SD,0.25617271609856895,5209.3086435000005,3.8064514431438115
100672.ERIBULIN.m1,100672.ERIBULIN,-100.0,-99.82100966244255,CR,1.0,835.7313630000001,-3.6652257580645147
100672.ERIBULIN-EXTRALOW.m1,100672.ERIBULIN-EXTRALOW,-26.813755515324246,-24.3330939700216,SD,0.7271233040771148,2969.1209175,-1.249873770849571
100672.PACLITAXEL.m1,100672.PACLITAXEL,-94.29461468680287,-86.83322841763675,PR,0.4171527297274257,5605.930099,-3.581413114285714
100804.CDX-011.m1,100804.CDX-011,9.095740698138744,13.01122347182675,SD,0.3796019674820743,4592.666316,0.529211667194929
100804.CFI-400945.m1,100804.CFI-400945,-91.49659863945578,-73.43288653733097,PR,0.6177248859227495,3419.3858,-3.2938968495702015
100804.CFI-400945-41.6WEEKLY.m1,100804.CFI-400945-41.6WEEKLY,-49.36788186947685,-46.460664459700176,SD,0.6513747550360793,2858.97753725,-1.7066077066219618
100804.CFI-400945-52WEEKLY.m1,100804.CFI-400945-52WEEKLY,-99.5982903236173,-92.63532259965078,CR,0.9980860324582099,1326.182465,-4.697824469544648
100804.CFI-400945-5DAILY.m1,100804.CFI-400945-5DAILY,-18.78275357607282,-6.396614435176906,SD,0.29652276118910215,5148.2872935,1.1713621792301527
100804.CFI-402257-3ON4OFF+PACLITAXEL.m1,100804.CFI-402257-3ON4OFF+PACLITAXEL,-26.570451603654654,-8.990753740877055,SD,0.5070614875470574,1578.1554999999998,0.5697381656804738
100804.ERIBULIN.m1,100804.ERIBULIN,-100.0,-98.53949302151509,CR,1.0,1342.5865480000002,-4.149589257097792
100804.PACLITAXEL.m1,100804.PACLITAXEL,-4.192266267167022,-0.6585336396894514,SD,0.18877940356560674,6132.755548749999,0.8043295077535626
100804.PACLITAXEL-15DAILY.m1,100804.PACLITAXEL-15DAILY,23.263623876496766,35.38764619228208,PD,0.2576105761252838,5077.3823,2.5466920912052124
104987.BMN-673.m1,104987.BMN-673,5.127430390507071,127.35973968372227,PD,-0.3871678920114394,8153.30737425,26.327107940489434
104987.CARBOPLATIN.m1,104987.CARBOPLATIN,71.36622154855867,116.94636882633374,PD,0.20386282293225744,6285.16391475,11.963788780311457
104987.CFI-400945.m1,104987.CFI-400945,14.817331197702476,131.42344104178875,PD,0.11412485204055378,4398.9469715,16.26258917630701
104987.CFI-400945-52WEEKLY.m1,104987.CFI-400945-52WEEKLY,22.148406533954713,62.08824067318732,PD,0.3417600425843993,4132.550027,8.631572842046719
108045.CARBOPLATIN.m1,108045.CARBOPLATIN,70.17719181708395,183.51306565017228,PD,0.4089638790507132,10263.50946375,33.21290596718577
108045.CDX-011.m1,108045.CDX-011,-44.793500943304856,-11.058336581880802,SD,0.6000460586358166,14418.105332500001,6.267286457372113
108045.CFI-400945.m1,108045.CFI-400945,-62.41807912208381,-32.030958052965715,PR,0.8623285742878304,6258.4337225,-0.47341562738214504
108045.CFI-400945.m2,108045.CFI-400945,-91.68984481800884,-62.2412402346443,PR,0.888214441288118,6025.6235875,-0.6941707254358164
108045.CFI-400945-5DAILY.m1,108045.CFI-400945-5DAILY,129.418029505803,152.30091917577374,PD,0.5180600193833758,12055.2689831,17.482527000733675
108045.CFI-402257-3ON4OFF+PACLITAXEL.m1,108045.CFI-402257-3ON4OFF+PACLITAXEL,-98.47603445114619,-92.71442869944622,CR,0.9668994454715754,3439.8568749999995,-7.434119045195444
108045.CX-5461.m1,108045.CX-5461,-0.9175326525706406,57.85863514154239,PD,0.7321264065764446,6295.39514025,10.934368511080333
108045.ERIBULIN-LOW.m1,108045.ERIBULIN-LOW,-64.0886775628836,-53.7277065927417,PR,0.9452097335160231,4924.541615,-5.258862828571431
108045.PACLITAXEL.m1,108045.PACLITAXEL,-1.893119126787668,41.938644722850846,PD,0.8471737742423746,5730.044543,4.070806686058173
108099.BMN-673.m1,108099.BMN-673,-37.705461586677416,-29.369242834361486,SD,0.03297798798524498,5056.098402,-1.8212287866909762
108099.BMN-673.m2,108099.BMN-673,-52.88187595879904,-43.512697645826705,PR,-0.4879468065655319,5651.55598,-0.4138577271815453
108099.CARBOPLATIN.m1,108099.CARBOPLATIN,-42.8084359268745,-30.406495333980978,SD,0.15652853747439832,5892.320164000001,-0.3290424165946414
108099.CDX-011.m1,108099.CDX-011,-28.326345916052542,-18.788130329469833,SD,0.01656415775866993,5659.55175025,-0.10437524351771782
108099.CFI-400945.m1,108099.CFI-400945,-10.833153852203736,13.451016338728117,SD,-0.2940828758769718,4374.958048,3.82314038239719
108099.CFI-400945-52WEEKLY.m1,108099.CFI-400945-52WEEKLY,-37.53473248013178,-31.168101718400244,SD,0.6158611579169129,1958.1547434999998,-0.5881087240708734
108099.CFI-400945-52WEEKLY.m2,108099.CFI-400945-52WEEKLY,-91.25769970004197,-64.38052319105618,PR,0.06572923726235891,4663.4765595,1.8848653282358152
108099.CFI-402257.m1,108099.CFI-402257,-39.58636670186123,-11.347525500003908,SD,0.04373565172645055,3082.704482,2.8169480747493165
108099.CFI-402257.m2,108099.CFI-402257,-16.910937926726,6.219619060935622,SD,-0.1687893807865326,3279.5451547499997,4.57119344007021
108099.CFI-402257+PACLITAXEL.m1,108099.CFI-402257+PACLITAXEL,-32.72405018299682,-17.439118403694962,SD,-0.5336793994405518,4850.611198750001,3.622106400182316
108099.CFI-402257-3ON4OFF+PACLITAXEL.m1,108099.CFI-402257-3ON4OFF+PACLITAXEL,-73.79664489948499,-64.68865891332317,PR,0.7675083114741357,1321.7897980000002,-3.6241939644048937
108099.CX-5461.m1,108099.CX-5461,3.313646822406091,8.058434148760728,SD,-0.619970131738623,7027.47153275,3.5039806875626858
108099.ERIBULIN-EXTRALOW.m1,108099.ERIBULIN-EXTRALOW,61.915147892087674,84.63721200402804,PD,-0.8905772516590764,7856.837845749999,6.642620692114859
108099.PACLITAXEL.m1,108099.PACLITAXEL,8.022653609617159,13.654891970012685,SD,0.044446457322651955,4043.6628625,1.2795116190360267
16720.ADC-CONTROL.m1,16720.ADC-CONTROL,-83.14233604773017,-80.68132433815259,PR,0.8384659922666204,2387.5816382499997,-3.7884359890483394
16720.ADC-CONTROL.m2,16720.ADC-CONTROL,-74.83140924579159,-71.73987427361324,PR,0.869008533491837,2084.12273725,-2.95753814800544
16720.ADC-CONTROL.m3,16720.ADC-CONTROL,-94.57592247648049,-92.75857981118382,PR,0.902292045113616,2664.36350925,-7.169956619446964
16720.AZD-5305.m1,16720.AZD-5305,-79.45634625409309,-76.6723636709264,PR,0.8357271393975985,3269.7943462499998,-1.1332196512839883
16720.AZD-5305.m2,16720.AZD-5305,-100.0,-100.0,CR,0.9850878342222086,1099.5868045000002,-3.597074530438066
16720.AZD-5305.m3,16720.AZD-5305,-99.53784281878058,-99.53784281878058,CR,0.9800793894875822,1414.73132125,-4.440077334542158
16720.AZD-5305.m4,16720.AZD-5305,-96.15807286476064,-94.8774304863475,CR,0.9552635026666257,1600.2257662499999,-2.1838977395770396
16720.AZD-8205.m1,16720.AZD-8205,-100.0,-100.0,CR,1.0,651.0392784999999,-3.39885300347432
16720.AZD-8205.m2,16720.AZD-8205,-100.0,-100.0,CR,0.9987573195185174,1682.3290782499998,-7.439684992824773
16720.AZD-8205.m3,16720.AZD-8205,-100.0,-100.0,CR,1.0,735.46405625,-4.303046055513594
16720.AZD-8205.m4,16720.AZD-8205,-100.0,-99.80253824741587,CR,0.9900585561481391,987.8389097500001,-6.066499587715325
16720.AZD-8205.m5,16720.AZD-8205,-100.0,-99.75117906908376,CR,0.9900585561481391,1025.0679799999998,-5.155773989678632
16720.BMN-673.m1,16720.BMN-673,49.35628840223061,52.07033305100843,PD,0.31208103990644187,6523.158545,3.4260015780346817
16720.BMN-673.m2,16720.BMN-673,-24.250701045194656,-22.251531913573498,SD,0.6552205272960707,3311.778891,-0.4727804455958541
16720.CARBOPLATIN.m1,16720.CARBOPLATIN,20.8514325455188,89.62214970067417,PD,0.10678140879017783,6135.230264999999,9.343119180351907
16720.CARBOPLATIN.m2,16720.CARBOPLATIN,21.45249181893587,60.317355782697014,PD,-0.22167398694114815,7685.7786975,11.910656132326013
16720.CARBOPLATIN.m3,16720.CARBOPLATIN,68.143615119303,110.9891247251157,PD,-0.11960057878290797,7353.639445249999,11.270120157142863
16720.CDX-011.m1,16720.CDX-011,-9.673130807569363,4.3281070694553,SD,0.741846033966106,2912.4035817500003,0.10039794001874469
16720.CFI-400945.m1,16720.CFI-400945,26.45479807745317,73.41875827527883,PD,-0.04505620919692843,7151.9003765,10.817904195876292
16720.CFI-400945.m2,16720.CFI-400945,39.79299468929389,45.49164049760357,PD,-0.3217020735083185,8893.478279,11.014058333686439
16720.CFI-400945.m3,16720.CFI-400945,17.79317074087079,61.10275153078679,PD,0.01913252243394903,7335.339397999999,8.79691380720872
16720.CFI-400945-52WEEKLY.m1,16720.CFI-400945-52WEEKLY,30.230069846650686,66.86862135187452,PD,0.3638701317178181,4126.87244275,5.662026431894386
16720.CFI-402257.m1,16720.CFI-402257,-20.867087265587802,7.929829676452882,SD,0.7672807408717873,1550.753722,-0.1994664347826093
16720.CFI-402257.m2,16720.CFI-402257,-33.094420289125345,20.23146984602868,SD,0.2152432098931919,5385.528048,7.458257131868135
16720.CFI-402257.m3,16720.CFI-402257,44.908507254628624,81.80305922050101,PD,0.009015363562006495,6490.3142044999995,9.50763216428572
16720.CFI-402257-3ON4OFF.m1,16720.CFI-402257-3ON4OFF,0.4983828022306458,6.246942755264384,SD,0.5420139608590742,2848.4071437499997,2.7390825774336283
16720.CFI-402257-3ON4OFF.m2,16720.CFI-402257-3ON4OFF,-18.114323745750514,8.441775355444259,SD,0.5227294486607957,3075.5227025,2.378848513202012
16720.CFI-402257-3ON4OFF.m3,16720.CFI-402257-3ON4OFF,6.073306826776181,66.5424886297009,PD,-0.07669145428167834,5340.345668,12.058796399999999
16720.CFI-402257-3ON4OFF+PACLITAXEL.m1,16720.CFI-402257-3ON4OFF+PACLITAXEL,-21.012998619115418,21.835346674706102,SD,0.46649440397865327,4036.2550040000006,3.139620347118645
16720.CFI-402257-3ON4OFF+PACLITAXEL.m2,16720.CFI-402257-3ON4OFF+PACLITAXEL,56.3006839905898,86.5050479227268,PD,0.06388879329914465,5820.715656,8.78651511724138
16720.CFI-402257-3ON4OFF+PACLITAXEL.m3,16720.CFI-402257-3ON4OFF+PACLITAXEL,-2.165573113441188,29.508689297236334,SD,0.42374276561752233,3509.96806475,4.469802935714285
16720.CX-5461.m1,16720.CX-5461,26.583818449505948,33.21355243455899,PD,0.5245467495676378,3390.9060529999997,2.6283416320411876
16720.CX-5461.m2,16720.CX-5461,61.4992931550977,70.66449277178488,PD,0.2834315434487745,5416.42736225,5.561795242263484
16720.ERIBULIN.m1,16720.ERIBULIN,-6.243373263389129,29.126132072563383,SD,0.3357841461220059,4268.76011275,5.9302828977368005
16720.PACLITAXEL.m1,16720.PACLITAXEL,56.03604405797542,68.04595848414617,PD,0.440075136239659,4657.44612025,3.9071869928751055
16720.PACLITAXEL.m2,16720.PACLITAXEL,38.993932989229684,50.396991034446394,PD,0.03212400125956094,6483.227594,7.178405991198659
17518.CFI-400945.m1,17518.CFI-400945,10.402900211450872,21.55724127448895,SD,0.7469800259881507,8053.9352385,5.297344341225023
17518.CFI-400945.m2,17518.CFI-400945,-53.10982853536239,0.6203936410813737,SD,0.7571888462721963,9857.3283725,1.934280901390096
17518.CFI-400945.m3,17518.CFI-400945,6.477093206951023,24.042267632912505,SD,0.7826795929105561,4515.64354575,6.108345250651609
17518.CFI-400945.m4,17518.CFI-400945,-2.814825634805962,5.690195456223579,SD,0.5924952293003092,19242.870374500002,10.833557689400523
17518.PACLITAXEL.m1,17518.PACLITAXEL,55.42084515819739,70.99230517686101,PD,0.7821115906001086,2448.82449975,15.909996015306131
17518.PACLITAXEL.m3,17518.PACLITAXEL,-42.676674433338654,-37.421207593343574,SD,0.9090222961877463,1976.2605195,1.203117644048397
178200.ADC-CONTROL.m1,178200.ADC-CONTROL,145.39656781669916,200.50325733614446,PD,-0.5649874595015774,12636.84355475,78.70310911614173
178200.AZD-5305.m1,178200.AZD-5305,17.257174297678745,26.804647643310965,SD,0.4140232016912404,8634.55216175,14.51329008610272
178200.AZD-5305.m2,178200.AZD-5305,-36.45323005084234,-27.781640000100705,SD,0.6841272109590477,3391.49183625,5.145118962688823
178200.AZD-5305.m3,178200.AZD-5305,-1.436328319734359,9.665979447303474,SD,0.502655569472612,4566.26281525,17.502428077916992
178200.AZD-8205.m1,178200.AZD-8205,-33.07903860622121,-27.42217175752716,SD,0.4791387327443478,4277.664484499999,9.030039307024172
178200.AZD-8205.m2,178200.AZD-8205,16.483909858385616,69.33219332214038,PD,0.30063921746317135,7023.026159499999,23.18440838505748
178200.BMN-673.m1,178200.BMN-673,-40.05253990310684,-40.05253990310684,SD,0.9243608606436837,369.14322300000003,-11.554672124999994
178200.BMN-673.m2,178200.BMN-673,32.639885222381615,100.10262321763923,PD,0.3892752924954841,8075.79804675,15.310731186716797
178200.CARBOPLATIN.m1,178200.CARBOPLATIN,-0.8395729266773122,62.734719999662424,PD,0.279208492553471,9423.949466749998,27.506722466718873
178200.CDX-011.m1,178200.CDX-011,106.66769856415885,149.4110625517482,PD,0.3136053721861406,12913.451221750001,16.39517933918129
178200.CFI-400945.m1,178200.CFI-400945,75.45922221100294,143.74168698294042,PD,-0.08755287236352305,11057.0964905,34.45954082560976
178200.CX-5461.m1,178200.CX-5461,23.81238201030975,69.69451570290708,PD,0.6691001275911015,5200.7706435,7.547630103286385
178200.DATOPOTAMAB-DERUXTECAN.m1,178200.DATOPOTAMAB-DERUXTECAN,-83.07037221021132,-77.03271694093971,PR,0.949609055180584,2626.7824275,-6.615825662273122
178200.SACITUZAMAB-GOVITECAN.m1,178200.SACITUZAMAB-GOVITECAN,-15.902272435530795,58.956377353130286,PD,0.5025318984022534,6652.646702,8.771115384183235
178200.TRASTUZUMAB-CONTROL.m1,178200.TRASTUZUMAB-CONTROL,54.24295462227331,225.8363356953518,PD,-0.4154946160226767,13371.6712435,52.97149800611792
178200.TRASTUZUMAB-DERUXTECAN.m1,178200.TRASTUZUMAB-DERUXTECAN,16.20066484081699,70.58580338049683,PD,-0.960616332438917,20177.88163925,47.47946016017797
18674.BMN-673.m1,18674.BMN-673,-53.9661280278505,-27.602537706175468,PR,0.7226461812491276,3859.21059525,-0.024034164263322815
18674.CARBOPLATIN.m1,18674.CARBOPLATIN,-59.40137938380422,-51.8487505505853,PR,0.8090323842675543,3026.96673,-1.0423854362668339
18674.CFI-400945.m1,18674.CFI-400945,-11.362141651545754,-9.731164339977049,SD,-0.2924321738304696,10183.552087,-11.379831467741937
18674.CFI-400945.m10,18674.CFI-400945,-76.24764574289561,-53.46918867226492,PR,0.6684511726679325,4528.708842,-0.5835713000000005
18674.CFI-400945.m11,18674.CFI-400945,-68.09686191511797,-62.92488468448732,PR,0.92873332387128,1810.96736975,-1.6757754071428579
18674.CFI-400945.m2,18674.CFI-400945,-19.749391791504188,-0.798933318203654,SD,0.6814078840379786,3269.9036675,-3.846547286290321
18674.CFI-400945.m3,18674.CFI-400945,-86.76673938454628,-85.70410951816454,PR,0.7732259563177208,7901.82075025,-12.942362553683383
18674.CFI-400945.m4,18674.CFI-400945,-47.787594321127024,-24.333613209866446,SD,0.6100652007011802,4575.67873925,-13.290605209090907
18674.CFI-400945.m5,18674.CFI-400945,21.03110218247739,58.57555573525348,PD,-0.9922194595792366,7850.216071499999,53.841042405128206
18674.CFI-400945.m6,18674.CFI-400945,-99.79996994788503,-98.8664963713485,CR,0.7919561069478928,5128.257662,-4.162635929830511
18674.CFI-400945.m7,18674.CFI-400945,-84.4789213165214,-81.09743810541177,PR,0.8932891509949321,5194.0349195,-5.33305162857143
18674.CFI-400945.m8,18674.CFI-400945,-66.32831450887757,-61.7371564883042,PR,0.8540111937026225,4742.750691,-2.0348563142857143
18674.CFI-400945.m9,18674.CFI-400945,-62.82509569982082,-55.91310765750054,PR,0.8921537977052468,3630.695131,0.23249508571428604
18674.CFI-400945-2ON5OFF.m1,18674.CFI-400945-2ON5OFF,-5.677480934791735,38.880890793513025,PD,0.6306373004243793,4841.198656,0.11188339999999994
18674.CFI-400945-2ON5OFF.m2,18674.CFI-400945-2ON5OFF,78.85811659620163,106.04070528931557,PD,0.15721737812661518,7466.34814275,14.95825990000001
18674.CFI-400945-2ON5OFF.m3,18674.CFI-400945-2ON5OFF,80.289770634557,106.17581591402194,PD,0.07599060537589941,7439.9482394999995,9.969453850000004
18674.CFI-400945-2ON5OFF.m4,18674.CFI-400945-2ON5OFF,21.91360518566401,59.58679393972628,PD,0.1956455076185274,7167.63886125,6.938431992857147
18674.CFI-400945-5DAILY.m1,18674.CFI-400945-5DAILY,-88.68628018720435,-88.68628018720435,PR,0.9737140765175804,642.560375,-2.357468688118813
18674.CFI-400945-5DAILY.m2,18674.CFI-400945-5DAILY,-32.10436473177548,-29.805159766095922,SD,0.8021881061359435,3668.5711762499996,-1.9069883885844034
18674.CFI-400945-6DAILY.m1,18674.CFI-400945-6DAILY,-96.87042789074664,-96.87042789074664,CR,0.9922115782274312,862.643556,-4.036147426934097
18674.CFI-402257-3ON4OFF.m1,18674.CFI-402257-3ON4OFF,-52.82340670692943,-45.56098676756144,PR,0.8561360893437779,2821.4966075,-2.0638036086206895
18674.CFI-402257-3ON4OFF.m2,18674.CFI-402257-3ON4OFF,5.588257836147803,35.631981366017754,PD,0.6664047901595609,4492.939028,0.6694523159874608
18674.CFI-402257-3ON4OFF.m3,18674.CFI-402257-3ON4OFF,-23.709528816649307,-13.915237779140377,SD,0.5620688480552062,6690.92913325,-2.1015048941222565
18674.CX-5461.m1,18674.CX-5461,-67.19437257211712,-48.60077075981396,PR,0.7645911190470436,4380.93635625,-2.2211842709051046
18674.ERIBULIN-LOW.m1,18674.ERIBULIN-LOW,-97.1175025304004,-97.1175025304004,CR,0.9168731541381211,2287.25463725,-4.399523396962106
18674.PACLITAXEL.m1,18674.PACLITAXEL,-97.13707941124396,-97.13707941124396,CR,0.9737140765175804,2552.80122375,-6.051958555941627
20710.BMN-673.m1,20710.BMN-673,-10.876016985888493,-7.61723284467124,SD,0.4251168771275723,5515.84769625,0.6300664395877082
20710.CARBOPLATIN.m1,20710.CARBOPLATIN,-7.660451045061256,-4.579904056566075,SD,-0.17910261891112844,8876.93998875,2.635327456128135
20710.CARBOPLATIN.m2,20710.CARBOPLATIN,-10.106359953189859,1.2164358231716133,SD,0.5673999886686174,3792.8706807500002,2.1544472186629533
20710.CFI-400945.m1,20710.CFI-400945,-40.77387044652151,-37.78939092140564,SD,0.651036580740544,1849.2456915,-0.3810345826936505
20710.CFI-400945.m2,20710.CFI-400945,-43.14247012809932,-35.160008605812585,SD,0.8195974053366016,1435.8985469999998,-2.032664714933706
20710.CFI-400945.m3,20710.CFI-400945,-27.798804483025197,-7.807422617634597,SD,0.2101264040420905,4692.268449249999,1.2449231245638517
20710.CFI-402257+PACLITAXEL-40DAILY.m1,20710.CFI-402257+PACLITAXEL-40DAILY,-40.13898334076067,-31.813541930698396,SD,0.5916457273247224,3324.9349349999998,-1.4394731553741162
20710.CFI-402257+PACLITAXEL-40DAILY.m2,20710.CFI-402257+PACLITAXEL-40DAILY,-75.31237845127121,-73.30834195123238,PR,0.8665020760903176,866.0981184999999,-2.352836028997514
20710.CFI-402257-3ON4OFF.m1,20710.CFI-402257-3ON4OFF,-0.10205035263577411,7.805790265354773,SD,0.3583104705605086,3018.53363825,2.748397176203769
20710.CFI-402257-3ON4OFF.m2,20710.CFI-402257-3ON4OFF,-38.96425177426857,-32.27805385760188,SD,0.727785358750166,2015.7784430000002,-0.9585258154221923
20710.CFI-402257-3ON4OFF+PACLITAXEL.m1,20710.CFI-402257-3ON4OFF+PACLITAXEL,-56.0296902873648,-52.30255581022449,PR,0.8101301374794705,2124.1860540000002,-2.029556398519164
20710.CFI-402257-3ON4OFF+PACLITAXEL.m2,20710.CFI-402257-3ON4OFF+PACLITAXEL,-36.083107497741636,-31.303097199282316,SD,0.6658539166641033,2428.2883039999997,-0.0399219425087104
20710.CFI-402257-3ON4OFF+PACLITAXEL.m3,20710.CFI-402257-3ON4OFF+PACLITAXEL,-17.00795003344745,-13.83299628438045,SD,0.36767177378917004,5101.51408425,-0.7514530094684009
20710.CX-5461.m1,20710.CX-5461,-26.103093572016235,-21.216280255875365,SD,0.729725743227182,2691.28852675,0.05327704528861488
20710.ERIBULIN.m1,20710.ERIBULIN,-3.0857525106659067,2.6878998098919693,SD,0.5190931948439289,4246.6186575,0.999451884553958
20710.PACLITAXEL.m1,20710.PACLITAXEL,-20.97368402667692,-3.5799305802318715,SD,0.3892182933469446,3836.896393,1.2115671096121419
20710.PACLITAXEL.m2,20710.PACLITAXEL,-29.962072552193263,-20.870804085870574,SD,0.5763331935226358,4274.79788075,-0.7959105596202819
20710.PACLITAXEL.m3,20710.PACLITAXEL,-33.65536028062661,-33.06844909037804,SD,0.6866793473636381,2893.5529650000003,-0.9999284161533198
20710.PACLITAXEL-40DAILY.m1,20710.PACLITAXEL-40DAILY,-83.1688936192159,-81.24187839788165,PR,0.5666396057566665,4244.18787925,-8.020084947633134
20710.PACLITAXEL-40DAILY.m2,20710.PACLITAXEL-40DAILY,-40.13532953274016,-37.28460317257159,SD,0.6446974866201061,3588.3548532500004,-0.99709799556213
23223.CFI-400945.m1,23223.CFI-400945,-60.44995192523561,-55.88289072392574,PR,0.8360179944692357,1185.4039295,-0.46400661428571455
23223.CFI-400945.m10,23223.CFI-400945,2.05444225434368,13.983058151230487,SD,-0.3259629257712122,4433.4390375,3.7737099798061355
23223.CFI-400945.m11,23223.CFI-400945,-31.526523174020838,-25.316721492845694,SD,0.043418881877675064,3718.84882825,-4.497014295638128
23223.CFI-400945.m2,23223.CFI-400945,-61.975463842732225,-53.09059182102636,PR,0.8031761982884512,2004.5906842499996,-2.3945834285714303
23223.CFI-400945.m3,23223.CFI-400945,-44.67814470689825,-39.74541902190821,SD,0.8134298872572697,1624.98105,-0.47596649285714315
23223.CFI-400945.m4,23223.CFI-400945,-44.200587779562525,-40.93029526745752,SD,0.8640589766276896,1640.3669555000001,-0.8520102071428574
23223.CFI-400945.m5,23223.CFI-400945,-57.33041357690104,-54.95512596743048,PR,0.7656265694836465,1663.56665475,-1.1757130000000007
23223.CFI-400945.m6,23223.CFI-400945,-6.927313210302854,12.264095024790445,SD,-0.22371679237645625,3052.542411,-0.16054006538461435
23223.CFI-400945.m7,23223.CFI-400945,-35.16066960130981,-24.952406489639888,SD,0.2952889331109152,2194.453106,-7.79594970769231
23223.CFI-400945.m8,23223.CFI-400945,-26.91265920846232,-1.6285497606281396,SD,-1.4708388024259271,7014.037696,10.91497985137318
23223.CFI-400945.m9,23223.CFI-400945,-26.407538030084144,6.773245248250048,SD,0.28454591886289393,2984.937008,-4.42144584168013
241417.ADC-CONTROL.m1,241417.ADC-CONTROL,16.76838701060397,33.80160733333466,PD,0.5794997056485551,5682.170811000001,2.7055137165427503
241417.ADC-CONTROL.m2,241417.ADC-CONTROL,-6.049369812652139,4.311838629543363,SD,0.6261108135694797,4788.650882999999,2.2305033263422818
241417.AZD-5305.m1,241417.AZD-5305,-41.802045060013945,-39.807947845625925,SD,0.8003954855854967,2608.7370147499996,1.4668358021903323
241417.AZD-8205.m1,241417.AZD-8205,-70.85304754637151,-70.40631600129086,PR,0.9070132962321189,1939.015774,-2.668757971752266
241417.AZD-8205.m2,241417.AZD-8205,-65.22586308490318,-59.368655995076466,PR,0.9044543021444269,1636.5835845,-0.714757984969788
241417.AZD-8205.m3,241417.AZD-8205,-20.04684955039001,-15.617734654364767,SD,0.5416578180858376,2898.73191825,2.93190706744077
241417.BMN-673.m1,241417.BMN-673,-11.48154677710177,-8.231523565607645,SD,0.4788249263038383,5342.712355,1.2265688891283526
241417.BMN-673.m2,241417.BMN-673,-21.718120805369136,-16.808838971830355,SD,0.5754041132551015,4127.892,-0.36509808612440225
241417.BMN-673.m3,241417.BMN-673,73.05377207062598,202.3867698133039,PD,-0.11072385183974487,7184.95385,16.811385534274194
241417.BMN-673.m4,241417.BMN-673,16.822945231759157,22.08685289730612,SD,0.5606106260859101,2670.1325052499997,1.9441713214285705
241417.BMN-673.m5,241417.BMN-673,-29.51864555568504,-28.73458220242545,SD,0.8450516061763914,1843.9041149999998,-1.2030856489277202
241417.CARBOPLATIN.m1,241417.CARBOPLATIN,-12.447671660925174,-10.511603892610177,SD,0.6495009087163401,3410.768568,-0.1223142306755935
241417.CARBOPLATIN.m2,241417.CARBOPLATIN,24.77111209964655,45.63457601227192,PD,0.053994747935458776,8205.058594,5.732110767202571
241417.CDX-011.m1,241417.CDX-011,-92.28557262678649,-85.23782416236921,PR,0.9256106369856951,3581.5835465000005,-5.055058334210526
241417.CDX-011.m2,241417.CDX-011,-97.9056758279387,-94.58966255550831,CR,0.9256106369856951,1692.239178,-8.311515543396226
241417.CFI-400945.m1,241417.CFI-400945,-31.690664078097285,-25.306642474077854,SD,0.7300860071857114,3463.45350875,-0.6984842232394369
241417.CFI-400945.m2,241417.CFI-400945,-63.26233220231738,-57.817197324236446,PR,0.5875996972127433,3318.583928,-1.067170503571428
241417.CFI-400945.m3,241417.CFI-400945,-60.841448260207734,-54.443710616411266,PR,0.8093361478541081,3543.02510775,-1.3480463093352528
241417.CFI-400945.m4,241417.CFI-400945,-60.841448260207734,-54.443710616411266,PR,0.8093361478541081,3543.02510775,-1.3480463093352528
241417.CFI-400945.m5,241417.CFI-400945,-87.20436975890985,-87.20436975890985,PR,0.9686169874783401,1833.4591974999998,-6.04389493160547
241417.CFI-400945.m6,241417.CFI-400945,82.97370639328567,153.8106623408489,PD,-0.8662845655485658,14469.2303345,19.764462436131385
241417.CFI-400945.m7,241417.CFI-400945,-21.086388888888884,-13.713959116809127,SD,0.7853659400454523,2873.0913259999998,-1.11552885978957
241417.CFI-400945.m8,241417.CFI-400945,-7.4442262746813315,-4.014545967445282,SD,0.6638476401049451,3831.6123755,-0.014661799999999796
241417.CFI-400945.m9,241417.CFI-400945,-20.847900827232625,-12.035398159211796,SD,0.5130024391754894,6894.4023585,-1.148505401965727
241417.CFI-400945-41.6WEEKLY.m1,241417.CFI-400945-41.6WEEKLY,-18.571134811180347,22.54356304122076,SD,0.3433244760805254,6234.468215,4.614487305015352
241417.CFI-400945-52WEEKLY.m1,241417.CFI-400945-52WEEKLY,-72.08784043839536,-54.063667781335845,PR,0.7861148491459299,2232.91092725,-1.0373091620570445
241417.CFI-400945-5DAILY.m1,241417.CFI-400945-5DAILY,-35.606953884963566,-19.30884319687076,SD,0.7181033871887079,2066.0238467500003,-0.16831742452830248
241417.CFI-400945-5DAILY.m2,241417.CFI-400945-5DAILY,35.99425998156982,50.7026318077233,PD,-0.11530774298602697,10427.870799,5.566647025929128
241417.CFI-400945-5DAILY.m3,241417.CFI-400945-5DAILY,14.70436726340829,18.165817173384102,SD,0.1904568643244715,5633.18536375,4.675531849056606
241417.CFI-402257.m1,241417.CFI-402257,-23.040116334075755,-8.106984486481261,SD,0.7809489158637491,2225.6645150000004,-0.9377434459119494
241417.CFI-402257.m2,241417.CFI-402257,-41.15637093455805,-40.69359262929726,SD,0.702756001471847,2560.10510575,-1.6624068192833201
241417.CFI-402257.m3,241417.CFI-402257,23.722066273845343,46.54597146480264,PD,0.620604746548254,6281.65082825,-0.16836422857142755
241417.CFI-402257.m4,241417.CFI-402257,22.78490341753343,49.65716889549283,PD,0.13502024654421418,5614.37296875,9.190391297846887
241417.CFI-402257.m5,241417.CFI-402257,18.217891337986792,68.1813579212918,PD,-0.14314134144082247,6595.089842,14.349160437500004
241417.CFI-402257.m6,241417.CFI-402257,-12.923713406937976,47.471264799477495,PD,-0.6469061077736946,11479.85945,19.058781525076768
241417.CFI-402257.m7,241417.CFI-402257,7.889012934734851,36.588261810921495,PD,0.5721472539556316,6157.910849999999,0.9087546862589362
241417.CFI-402257-2ON5OFF.m1,241417.CFI-402257-2ON5OFF,1.7455256497201477,22.981836551177537,SD,0.4199602072351196,5506.1351162500005,4.339821138729702
241417.CX-5461.m1,241417.CX-5461,-44.00745241672702,-26.872450431845728,SD,0.7079993961652677,3630.9014019999995,-1.7968626101492535
241417.CX-5461.m2,241417.CX-5461,-8.028136669774511,-5.350661964446957,SD,0.7372195751519681,3192.518722,-0.15049532054380643
241417.DATOPOTAMAB-DERUXTECAN.m1,241417.DATOPOTAMAB-DERUXTECAN,-94.12179182950814,-94.12179182950814,PR,0.9581559833044535,1468.2520215,-3.434886598076924
241417.ERIBULIN-EXTRALOW.m1,241417.ERIBULIN-EXTRALOW,-70.92728667811103,-67.24406577904149,PR,0.8384530372102632,2667.0353592499996,-1.4838213249391354
241417.ERIBULIN-LOW.m1,241417.ERIBULIN-LOW,-58.03523158139934,-48.46119278700372,PR,0.8438774956132608,3622.79422375,-3.2624323824233716
241417.EVEROLIMUS.m1,241417.EVEROLIMUS,-64.30574777970638,-58.388801325788386,PR,0.8005931427723609,2855.43329475,-1.4689819943661977
241417.FLUVASTATIN+TERBINIFINE.m1,241417.FLUVASTATIN+TERBINIFINE,86.52248893521693,92.47079103416817,PD,-0.08425077090612221,7343.148799249999,7.092968472817132
241417.FLUVASTATIN+TERBINIFINE.m2,241417.FLUVASTATIN+TERBINIFINE,43.037059333364326,71.4017303640021,PD,-2.1710836448393236,15556.531697,38.39382260708402
241417.PACLITAXEL.m1,241417.PACLITAXEL,-88.46766696016311,-77.9319552941393,PR,0.7995129197216908,2710.691105,-1.5563127622126438
241417.PACLITAXEL.m2,241417.PACLITAXEL,-96.63684489774394,-96.63684489774394,CR,0.8730805592347989,1755.3266155,-2.713599335324232
241417.PACLITAXEL-15DAILY.m1,241417.PACLITAXEL-15DAILY,-76.24906959441219,-75.70391894211218,PR,0.8101527849826088,3037.292205,-2.7129171858137506
241417.PALBOCICLIB-45DAILY.m1,241417.PALBOCICLIB-45DAILY,41.675234180775924,55.929790994466465,PD,0.05295316434720565,9453.25486,5.571133578571432
241417.PEG400.m1,241417.PEG400,-26.06721100887832,-8.414762501913852,SD,0.6101295514410388,2803.966124,2.800094871499176
241417.PEG400.m2,241417.PEG400,2.625427175750117,16.79199832601961,SD,0.5533867168876075,3178.4287225,2.9076303717051077
241417.PQ-1-6.m1,241417.PQ-1-6,-72.37291263541417,-67.76839807464987,PR,0.9070132962321189,1577.30870025,-2.390901968051359
241417.PQ-1-6.m2,241417.PQ-1-6,-85.96708139242477,-84.79767150846016,PR,0.9581559833044535,1468.943469,-3.9592044525679766
241417.PQ-1-6.m3,241417.PQ-1-6,-85.7839452849959,-79.99221928999421,PR,0.9581559833044535,996.042518,-5.340678838481905
241417.PQ-1-6-VEHICLE.m1,241417.PQ-1-6-VEHICLE,-57.43873975080326,-4.306157452591275,SD,0.8975558045652953,2456.1068175,-2.5289822855813955
241417.PQ-1-6-VEHICLE.m2,241417.PQ-1-6-VEHICLE,57.8959386623225,82.70791828748432,PD,-0.1746593009163253,7697.438942250001,11.182658600586757
241417.PQ-1-6-VEHICLE.m3,241417.PQ-1-6-VEHICLE,28.752676185581215,93.03939146536165,PD,-0.33970884037023885,8801.10289225,13.980970194258171
241417.SACITUZAMAB-GOVITECAN.m1,241417.SACITUZAMAB-GOVITECAN,-67.88846590974984,-48.62943227418458,PR,0.9129754304899798,2534.32401175,-3.407750466890193
241417.TRASTUZUMAB-CONTROL.m1,241417.TRASTUZUMAB-CONTROL,-72.38865980637641,-70.78330400174208,PR,0.7565410498611368,6471.637652,-7.62987200325733
241417.TRASTUZUMAB-DERUXTECAN.m1,241417.TRASTUZUMAB-DERUXTECAN,-82.2152692268353,-73.60212707751343,PR,0.9147179710979111,2732.8711985,-3.468420822908673
28077.BMN-673.m1,28077.BMN-673,3.811138803804437,5.816817704961008,SD,0.5806370982782516,3065.2787904999996,0.8511063072884009
28077.CARBOPLATIN.m1,28077.CARBOPLATIN,1.3261150895386153,11.36537986484447,SD,0.36489903627353437,3953.35826325,3.36680166606583
28077.CFI-400945.m1,28077.CFI-400945,-97.16081655994626,-97.16081655994626,CR,0.9541292468959851,3009.817776749999,-5.749885701612902
28077.CFI-400945.m2,28077.CFI-400945,-100.0,-99.8076080873926,CR,0.9541292468959851,1286.12379225,-2.5141120961246197
28077.CFI-400945.m3,28077.CFI-400945,-100.0,-100.0,CR,0.8912693259756684,2816.9956725,-4.5036383457446805
28077.CFI-400945.m4,28077.CFI-400945,-97.61373222177559,-97.61373222177559,CR,0.7836654856894216,3887.77733825,-4.7239905034194525
28077.CFI-400945.m5,28077.CFI-400945,-100.0,-99.89541698721555,CR,0.8912693259756684,5443.61282075,-12.525589975303953
28077.CFI-400945.m6,28077.CFI-400945,-99.54872485642129,-99.54872485642129,CR,0.8530847697021853,2218.288337,-3.4675623890577505
28077.CFI-400945-41.6WEEKLY.m1,28077.CFI-400945-41.6WEEKLY,-100.0,-100.0,CR,0.8912693259756684,2151.7057635,-5.202738562330623
28077.CFI-400945-5DAILY.m1,28077.CFI-400945-5DAILY,-7.689670141548821,0.10658978195177138,SD,0.12112494835790544,5068.806186,3.343094681724845
28077.CFI-400945-5DAILY.m2,28077.CFI-400945-5DAILY,-42.74220104061149,-41.65574419130047,SD,0.6469273853192802,3453.332778,-2.430905422643554
28077.CFI-402257.m4,28077.CFI-402257,-49.49828128778546,-41.7187024556159,SD,0.7690695513629001,3030.0994229999997,-3.1231334344056583
28077.CFI-402257.m5,28077.CFI-402257,-25.315373445811773,-15.978605532939316,SD,0.589464741230107,2809.26012475,1.0354410305642627
28077.CFI-402257-3ON4OFF+PACLITAXEL.m1,28077.CFI-402257-3ON4OFF+PACLITAXEL,-61.57227088647761,-60.50507684224035,PR,0.7048736362638451,4139.14244925,-8.347505899329724
28077.CFI-402257-3ON4OFF+PACLITAXEL.m2,28077.CFI-402257-3ON4OFF+PACLITAXEL,-99.46696314318785,-98.22321047729285,CR,0.8912693259756684,1258.76848325,-2.2650952058520235
28077.CX-5461.m1,28077.CX-5461,-33.61277740320927,-33.05913794393421,SD,0.6930374223574037,2584.9340092499997,-0.7388850853658537
28077.CX-5461.m2,28077.CX-5461,3.795116568047052,10.744267082571879,SD,0.3926429929059323,3847.39596875,1.0402820219395272
28077.ERIBULIN.m1,28077.ERIBULIN,-96.57223423349433,-96.57223423349433,CR,0.9864086657469585,1347.1218985,-5.174733092241378
28077.ERIBULIN-LOW.m1,28077.ERIBULIN-LOW,-96.58553110354316,-96.58553110354316,CR,0.9864086657469585,1135.8858292500001,-4.857123973131096
28077.PACLITAXEL.m1,28077.PACLITAXEL,-67.92382017611114,-59.267300149939906,PR,0.6093663518916567,3675.8633664999998,-3.246920182374024
28077.PACLITAXEL.m2,28077.PACLITAXEL,-99.65058080947037,-99.65058080947037,CR,0.9864086657469585,1656.3662494999999,-5.11768547700797
28992.CARBOPLATIN.m1,28992.CARBOPLATIN,-14.837713341644509,129.08278958128366,PD,0.0542253906502318,14194.853457750001,58.51080997270044
28992.CARBOPLATIN.m2,28992.CARBOPLATIN,81.83896151810247,209.44250524100926,PD,0.18689807741643583,11570.71954075,46.4126021728972
28992.CFI-400945.m1,28992.CFI-400945,44.135344222960505,51.73241878922112,PD,0.8163460497257663,3289.6495645000005,7.043899109560363
28992.CFI-400945.m2,28992.CFI-400945,232.8527767525997,247.1363701416339,PD,-0.19137516959713907,17443.315398,81.99325350724638
28992.CFI-400945.m3,28992.CFI-400945,85.08004044666984,98.04692280079776,PD,-0.031765820238533804,10717.699642000001,60.16561943789255
28992.CFI-400945.m4,28992.CFI-400945,58.10373387738645,102.29518135486452,PD,0.11053305626188115,19258.8677295,48.340800862209306
28992.CFI-400945.m5,28992.CFI-400945,194.78441588492123,215.67659577068795,PD,0.2832684042198359,18226.22548625,23.783565210455766
28992.CFI-402257.m1,28992.CFI-402257,30.873481056552563,78.48865842302621,PD,0.19325448357841735,12985.6082745,49.977974513607826
28992.CFI-402257.m2,28992.CFI-402257,138.06668416894786,232.00078110791202,PD,0.4210357951729359,8087.63619725,40.10404089009073
28992.CFI-402257.m3,28992.CFI-402257,21.63523050264271,66.18008885263811,PD,0.03161665663630542,10865.04266825,64.90525942753622
28992.PACLITAXEL.m1,28992.PACLITAXEL,-23.81324635110964,145.2378701961537,PD,0.43921623257701137,13518.778903999999,44.99798028258731
28992.PACLITAXEL.m2,28992.PACLITAXEL,-20.76256362044564,7.243881900542903,SD,0.8263184301796418,4787.283814,4.624657506640432
28992.PACLITAXEL.m3,28992.PACLITAXEL,275.4518124972671,275.4518124972671,PD,0.784825850728127,1060.12798125,49.13459849999999
38807.ABT-263.m1,38807.ABT-263,-77.434740517401,-56.81956518761921,PR,0.8638372888659228,804.219151,-0.6973490422535208
38807.ABT-263.m2,38807.ABT-263,-46.51197752272832,31.390583725598333,PD,,,
38807.AZD-5305.m1,38807.AZD-5305,-11.138469956567832,-1.2397340003680535,SD,0.4086661890772181,5636.64774825,3.1995899886834542
38807.AZD-8205.m1,38807.AZD-8205,-99.03778873999407,-92.62304700662123,CR,0.9829796611082403,877.1564007499999,-4.532534905172412
38807.BMN-673.m1,38807.BMN-673,-85.0127174586005,-85.0127174586005,PR,0.8183163244185561,1997.5664655,-1.3507303317353785
38807.BMN-673.m2,38807.BMN-673,-99.43590630981438,-99.43590630981438,CR,0.99787245763853,1146.5755500000002,-3.595037072784812
38807.CARBOPLATIN.m1,38807.CARBOPLATIN,-96.31700292429967,-96.31700292429967,CR,0.9425563562403112,1640.276451,-4.2195408648648645
38807.CARBOPLATIN.m2,38807.CARBOPLATIN,-96.34701840240166,-96.34701840240166,CR,0.9829796611082403,1570.93166825,-4.735592552580332
38807.CDX-011.m1,38807.CDX-011,47.17322237542489,81.26614511419332,PD,-0.03744867347785785,5312.2123815,5.4300217586505175
38807.CDX-011.m2,38807.CDX-011,37.689151895071404,44.06455458868266,PD,0.2976414185468691,3633.5190905,2.2183907497656983
38807.CFI-400945.m1,38807.CFI-400945,-96.15633529632493,-96.15633529632493,CR,0.9829796611082403,1222.4194635000001,-3.8751642813339306
38807.CFI-400945.m2,38807.CFI-400945,-97.74896857106825,-94.1848354752596,CR,0.07942017082877295,6166.19901575,0.8429258202106318
38807.CFI-400945.m3,38807.CFI-400945,29.100074262313246,34.26290504066274,PD,0.3202472092929922,1841.7525834999997,3.51035665944882
38807.CFI-400945+ABT-263.m1,38807.CFI-400945+ABT-263,-97.36062847315931,-97.36062847315931,CR,0.9829796611082403,2099.94159825,-5.464860351851851
38807.CFI-400945-52WEEKLY.m1,38807.CFI-400945-52WEEKLY,-99.60981229068186,-99.60981229068186,CR,0.9829796611082403,2451.138218,-4.971145990342404
38807.CFI-400945-5DAILY.m1,38807.CFI-400945-5DAILY,40.3256091781216,84.91854625068362,PD,-0.6724674180858203,7240.50889425,9.423494544834307
38807.CFI-400945-5DAILY.m2,38807.CFI-400945-5DAILY,-85.2471086354618,-62.28544041376753,PR,0.7530564304296045,2140.3791202499997,-1.643240221247563
38807.CFI-400945-5DAILY.m3,38807.CFI-400945-5DAILY,-21.390866154819786,-12.905371598569094,SD,0.5950443847461941,2828.5721645,-0.07799189325842681
38807.CFI-400945-5DAILY.m4,38807.CFI-400945-5DAILY,-80.29106160225786,-80.29106160225786,PR,0.9425563562403112,623.98894,-2.59147038167939
38807.CFI-402257.m1,38807.CFI-402257,-4.387395539933414,26.078901125604915,SD,0.18905992404705918,4658.6780375,2.3208993178155777
38807.CFI-402257.m2,38807.CFI-402257,-22.710849061044303,-17.767477716518275,SD,0.4307922105106604,2155.364385,0.8365690108803165
38807.CFI-402257.m3,38807.CFI-402257,-99.56975530370704,-89.5307123902047,CR,0.8638372888659228,768.118875,-3.0491529359983414
38807.CFI-402257-3ON4OFF+PACLITAXEL.m1,38807.CFI-402257-3ON4OFF+PACLITAXEL,-99.24752638973861,-92.72608843413998,CR,0.7644882410407459,1575.2085164999999,-0.3729652703739214
38807.CX-5461.m1,38807.CX-5461,-10.383719130781532,-4.620592534936863,SD,0.13395081975535716,4310.252313999999,1.4091195294117647
38807.CX-5461.m2,38807.CX-5461,-85.44745698434022,-73.51328727755299,PR,0.8012321507457829,1429.2046995,-1.5992496255980864
38807.DATOPOTAMAB-CONTROL.m1,38807.DATOPOTAMAB-CONTROL,-48.61702444295497,-26.65029341673022,SD,0.3725622270941724,2179.563295,2.728046809164733
38807.ERIBULIN-LOW.m1,38807.ERIBULIN-LOW,-98.36463932216328,-98.36463932216328,CR,0.9425563562403112,4335.1607165000005,-10.752719235294117
38807.ERIBULIN-LOW.m2,38807.ERIBULIN-LOW,-99.62139056098803,-99.62139056098803,CR,0.9425563562403112,1969.32744,-5.97267094144144
38807.PACLITAXEL.m1,38807.PACLITAXEL,-99.67090019233153,-98.90300064110508,CR,0.9829796611082403,2578.13054625,-5.284389514285716
38807.PACLITAXEL.m2,38807.PACLITAXEL,-99.56912958229613,-99.56912958229613,CR,0.99787245763853,627.404595,-4.05176576436222
38807.PACLITAXEL-15DAILY.m1,38807.PACLITAXEL-15DAILY,-99.45499750933861,-98.18332503112872,CR,0.9829796611082403,1746.7977655,-3.644151759568204
38807.PACLITAXEL-15DAILY.m2,38807.PACLITAXEL-15DAILY,-15.435076166538831,16.761544635119698,SD,-0.3830940478086815,5777.730036000001,5.21965268370607
38807.PQ-1-6.m1,38807.PQ-1-6,-100.0,-96.58184784143519,CR,1.0,1961.346884,-7.181690024941996
38807.PQ-1-6.m2,38807.PQ-1-6,-99.67045560010897,-95.38637840152558,CR,0.99787245763853,1281.18467625,-7.58844223076923
38807.PQ-1-6-VEHICLE.m1,38807.PQ-1-6-VEHICLE,-34.243084850372306,-4.074022641459996,SD,0.713001752061393,2915.8121385000004,-1.1704698646373055
38807.PQ-1-6-VEHICLE.m2,38807.PQ-1-6-VEHICLE,75.64954035973687,105.79631491779091,PD,0.2625901241009737,3979.290837,3.1230929695121934
38807.PQ-1-6-VEHICLE.m3,38807.PQ-1-6-VEHICLE,-68.49578752191503,-48.852148235883654,PR,0.7705270040909831,2881.67187,-3.4872214500000016
38807.SACITUZAMAB-GOVITECAN.m1,38807.SACITUZAMAB-GOVITECAN,-99.52378056966816,-97.30142322811956,CR,0.9829796611082403,1337.3952319999999,-5.636506484048726
38807.TRASTUZUMAB-DERUXTECAN.m1,38807.TRASTUZUMAB-DERUXTECAN,-94.79433186030278,-94.79433186030278,PR,0.944491090075273,1678.3051725,-4.316012100281162
44205.BMN-673.m1,44205.BMN-673,-35.71736077311471,-18.670529911390567,SD,0.6326996275519166,897.5259295000001,-8.058916846153847
44205.BMN-673.m2,44205.BMN-673,-18.52742717090794,15.562915060992077,SD,-0.43852557133053427,7661.8761917500005,6.042866259572575
44205.CARBOPLATIN.m1,44205.CARBOPLATIN,-7.5342245286520555,-2.1605466625554848,SD,0.14679425565882864,5561.111717250001,0.4295845950141107
44205.CARBOPLATIN.m2,44205.CARBOPLATIN,26.856043873090375,33.68555363731696,PD,0.14867569800175962,5572.622128249999,2.5767736064543176
44205.CDX-011.m1,44205.CDX-011,7.4663791088075415,26.946792605875423,SD,-1.0080687164081619,9487.42342925,11.128093997177796
44205.CDX-011.m2,44205.CDX-011,44.919520917927635,80.20167951834006,PD,-2.0691408093469654,18305.125229999998,15.976854237385318
44205.CDX-011.m3,44205.CDX-011,11.430084176763522,18.169830587302684,SD,-0.5911496902201951,7248.2497095,5.759717141240569
44205.CFI-400945.m1,44205.CFI-400945,-90.02744778787185,-90.02744778787185,PR,0.9480019824563024,1878.2115834999997,-5.850898948731787
44205.CFI-400945.m2,44205.CFI-400945,-16.760373023381536,7.906180564941212,SD,0.06765628691648584,5379.541661,2.9636558040780145
44205.CFI-400945.m3,44205.CFI-400945,-29.091592128801448,-24.81885308013395,SD,0.4122884587147295,3987.7024765,-1.192429190560998
44205.CFI-400945.m4,44205.CFI-400945,1.0470565689297828,18.11829855171092,SD,-0.3720954481678609,9677.730700749999,3.588803764285717
44205.CFI-400945.m5,44205.CFI-400945,-19.011742580615564,-3.2396634326100293,SD,0.5806506095822712,2997.4771214999996,0.27615079051987795
44205.CFI-400945-41.6WEEKLY.m1,44205.CFI-400945-41.6WEEKLY,-63.51971357631757,-58.537285745125025,PR,0.7389039491137026,2397.79759775,-1.1432225379403793
44205.CFI-402257.m1,44205.CFI-402257,-37.617556567087384,-35.77137993943948,SD,0.45358949223565015,3210.2646134999995,-0.5338221723214286
44205.CFI-402257.m2,44205.CFI-402257,-57.934541000967,-55.61267976349033,PR,0.7674139421527365,2126.68848625,-2.279116584688346
44205.CFI-402257.m3,44205.CFI-402257,-54.839645404721196,-50.537449794996505,PR,0.7725482148498862,1668.08808786,-1.3027016449864497
44205.CFI-402257.m4,44205.CFI-402257,-10.808404684311856,18.581883733793482,SD,-0.3386290715013993,8187.24756275,7.226423079252005
44205.CFI-402257-2ON5OFF.m1,44205.CFI-402257-2ON5OFF,-34.426528998875874,-19.565514559154774,SD,0.03492880593102521,5467.684127999999,-0.19472380089285696
44205.CFI-402257-3ON4OFF.m1,44205.CFI-402257-3ON4OFF,7.554079840674843,24.710235091959753,SD,-0.3939849630981638,8624.761023,5.0580608606719375
44205.CFI-402257-3ON4OFF+PACLITAXEL.m1,44205.CFI-402257-3ON4OFF+PACLITAXEL,-69.7560003030496,-62.45429359035679,PR,0.8471258284215291,1989.241055,-2.785679892741936
44205.CFI-402257-3ON4OFF+PACLITAXEL.m2,44205.CFI-402257-3ON4OFF+PACLITAXEL,-47.302691475455596,-36.93293952471386,SD,-0.045659333596741236,8514.84211175,-2.3821451113089944
44205.CFI-402257-3ON4OFF+PACLITAXEL.m3,44205.CFI-402257-3ON4OFF+PACLITAXEL,-11.936349232003396,-6.491777770069806,SD,0.4343655651596575,5868.5616549999995,0.1406079517684886
44205.CX-5461.m1,44205.CX-5461,-13.478689546751943,-9.714805617133527,SD,0.2678129587836041,5224.8570822500005,0.9818655160714291
44205.CX-5461.m2,44205.CX-5461,-19.753594712942547,-15.907607299658677,SD,0.6790399487987546,2901.1599995,-0.19862524864498615
44205.ERIBULIN.m1,44205.ERIBULIN,-27.566594904453133,-23.07775986949715,SD,0.3586999277362578,5059.45466,-1.1686919830623308
44205.PACLITAXEL.m1,44205.PACLITAXEL,-33.190092056267915,-31.01812552460895,SD,0.5396383980868706,3860.4085515,-1.4709194518970188
44205.PACLITAXEL.m2,44205.PACLITAXEL,54.556940933829345,58.98105589443161,PD,-0.0828583089926247,4586.530006999999,5.214653616518166
44205.PACLITAXEL.m3,44205.PACLITAXEL,1.969038675610113,7.7056175253318315,SD,0.27126778217745495,4319.25805,0.18573849754098318
44441.BMN-673.m1,44441.BMN-673,5.646677634494535,18.694626978254945,SD,0.5787965890311189,3540.6406855,2.631675267225132
44441.CARBOPLATIN.m1,44441.CARBOPLATIN,25.082659831567145,29.284925291344898,SD,0.3924410778395391,5720.387930499999,2.2388389085545715
44441.CFI-400945.m1,44441.CFI-400945,10.586914563951755,18.76687236727774,SD,-0.0790950282297318,4345.86448,6.9730485000000035
44441.CFI-400945.m2,44441.CFI-400945,-96.9684345408641,-96.9684345408641,CR,0.7817996002004013,3376.8030925000003,-2.370942768651608
44441.CFI-400945.m3,44441.CFI-400945,-17.373121307077422,-15.165091978270407,SD,-0.6758794191494724,5976.2068115,15.852432495656984
44441.CFI-400945-52WEEKLY.m1,44441.CFI-400945-52WEEKLY,-79.63400340153807,-76.09215547218943,PR,0.8709004147648494,1781.6993014999998,-2.2201540428377156
44441.CFI-402257.m1,44441.CFI-402257,-1.5193925806246789,0.6881963795675183,SD,0.6043316642502388,3541.31349925,1.7558143437311182
44441.CFI-402257.m2,44441.CFI-402257,35.42077712416267,38.13963348771428,PD,0.551595598833313,1093.638018,7.4124083513513535
44441.CFI-402257-3ON4OFF.m1,44441.CFI-402257-3ON4OFF,-12.167661421595222,-6.2488701278766605,SD,0.5606475095655395,3748.1129100000003,0.6026503354651164
44441.CFI-402257-3ON4OFF.m2,44441.CFI-402257-3ON4OFF,-44.90688201809404,-42.9837285945236,SD,0.6477234424815095,3207.4219715,0.27903618749999987
44441.CFI-402257-3ON4OFF.m3,44441.CFI-402257-3ON4OFF,-43.94888703823303,-43.642998950362255,SD,0.774278039166008,2644.488848,-1.0252441118398343
44441.CFI-402257-3ON4OFF+PACLITAXEL.m1,44441.CFI-402257-3ON4OFF+PACLITAXEL,-99.58852028206573,-99.58852028206573,CR,0.989692714749044,1110.83561225,-5.144846076695025
44441.CFI-402257-3ON4OFF+PACLITAXEL.m2,44441.CFI-402257-3ON4OFF+PACLITAXEL,-99.79335921996775,-98.82903557981729,CR,0.989692714749044,1950.3828702499998,-10.277915175766285
44441.CX-5461.m1,44441.CX-5461,9.94427148448671,25.289480493657692,SD,0.3721615276069602,4349.62082475,3.535122365883589
44441.ERIBULIN.m1,44441.ERIBULIN,-78.18449990174844,-78.18449990174844,PR,0.917541717992352,1391.72260225,-5.880361131311359
44441.ERIBULIN-LOW.m1,44441.ERIBULIN-LOW,-70.1768279951181,-50.53552818573264,PR,-2.4830334282154323,10569.81477575,35.76643616761365
44441.PACLITAXEL.m1,44441.PACLITAXEL,-99.35295664004566,-99.35295664004566,CR,0.989692714749044,549.3151037499999,-2.747095538669759
44441.PACLITAXEL.m2,44441.PACLITAXEL,-30.987917068627592,-27.422529810896968,SD,-0.609823144641473,5945.89144225,16.779864822707513
44441.PACLITAXEL.m3,44441.PACLITAXEL,-22.380136007708597,-18.61399066837167,SD,-0.42761417829012416,10248.50474325,7.418009861811253
44721.BMN-673.m1,44721.BMN-673,11.261253736592236,14.16766369676914,SD,0.21213465710227852,4745.81235075,-0.07135826557507961
44721.CARBOPLATIN.m1,44721.CARBOPLATIN,-42.55930236315437,-41.45449284688161,SD,0.3429524916258119,2873.25779125,-0.11375618336987145
44721.CFI-400945.m1,44721.CFI-400945,-76.97803425686489,-73.14099392241089,PR,0.742753037989113,2992.99822125,-3.4577708316931353
44721.CFI-400945.m2,44721.CFI-400945,-89.89686109618653,-89.89686109618653,PR,0.6471718119496248,2952.828052,-2.6685512470364574
44721.CFI-402257.m1,44721.CFI-402257,-45.96526454374933,-36.24826327685958,SD,0.5953988459383825,2611.5834075000002,-1.587653280721003
44721.CFI-402257.m2,44721.CFI-402257,-69.4696208853468,-63.34769286808519,PR,0.7345990498264834,1619.6311624999998,-2.2867932309561123
44721.CX-5461.m1,44721.CX-5461,-32.00855508573297,-25.8385877266588,SD,0.597829200825805,2466.37046175,-0.5962169543929713
44721.ERIBULIN.m1,44721.ERIBULIN,-90.27027027027027,-85.82582582582583,PR,0.9305386496758646,2076.560115,-6.606086474358976
44721.EVEROLIMUS.m1,44721.EVEROLIMUS,-19.67145924297068,-19.45090529133864,SD,0.29098905487405313,3371.8815507500003,-0.42966990100022745
44721.PACLITAXEL.m1,44721.PACLITAXEL,-59.41903545900331,-58.70984705804949,PR,0.30501449263802194,3777.1644887499997,-2.954453683487102
46962.CFI-400945.m1,46962.CFI-400945,-71.02688586961372,-65.36312993996079,PR,0.1222096339911064,4056.9132015000005,-3.0328968493589747
46962.CFI-400945.m2,46962.CFI-400945,-99.58462911741579,-97.64623166535617,CR,-0.38947499429529797,5856.8019095,1.8872737099607113
46962.CFI-400945.m3,46962.CFI-400945,-90.69448240966378,-75.66032010980511,PR,-0.47850086749370413,7397.11804175,-7.707570479431475
46962.CX-5461.m1,46962.CX-5461,-55.725200687037216,-54.350920470087075,PR,0.5947853114309863,1653.5205367499998,-1.3884225472756409
47904.BMN-673.m1,47904.BMN-673,-53.22082467247902,-49.977208374061476,PR,0.7686254219009171,4883.8962815,0.7819348221311467
47904.BMN-673.m2,47904.BMN-673,-84.15488598945309,-65.48676107713764,PR,0.7108485100553027,4285.412942999999,0.3645910240963844
47904.BMN-673.m3,47904.BMN-673,-40.88585479867314,-29.20656484003601,SD,0.5783817281666774,2962.263507,8.941448862815884
47904.BMN-673.m4,47904.BMN-673,-99.69649660323248,-70.4580958464779,CR,0.736872755390915,6197.3017735,1.3590107955920496
47904.CARBOPLATIN.m1,47904.CARBOPLATIN,-100.0,-100.0,CR,0.9940331844045702,4703.7733395,-6.539724984887736
47904.CARBOPLATIN.m2,47904.CARBOPLATIN,-99.58016462584692,-97.62093287979917,CR,0.9798619973654246,1635.27075925,-2.744390979390398
47904.CDX-011.m1,47904.CDX-011,-99.27898848754158,-99.27898848754158,CR,0.9798619973654246,8887.213671000001,-24.93923347164948
47904.CDX-011.m2,47904.CDX-011,-100.0,-99.78906298606974,CR,0.9940331844045702,2476.3877835000003,-5.73421146010133
47904.CDX-011.m3,47904.CDX-011,-100.0,-99.9278815475766,CR,0.9239026498978171,4055.8186890000006,-6.892380689277897
47904.CFI-400945.m1,47904.CFI-400945,-97.13270118838703,-90.39304218570334,CR,0.2866910068898566,21813.0963415,-35.955482176020986
47904.CFI-400945.m10,47904.CFI-400945,74.98701280541005,90.63338033395296,PD,0.029645293635283232,10876.922593,17.977339640845074
47904.CFI-400945.m11,47904.CFI-400945,-99.68379006696063,-98.94596688986871,CR,0.8060187317610845,3374.1331155,-1.6758767704081634
47904.CFI-400945.m12,47904.CFI-400945,-93.8100668214119,-87.87804752526498,PR,0.9798619973654246,1209.9200159999998,-2.0702758322981363
47904.CFI-400945.m13,47904.CFI-400945,-99.70449327403495,-99.01497758011648,CR,0.8496898506289233,4875.3067332499995,-3.086906514044944
47904.CFI-400945.m2,47904.CFI-400945,-98.71902557949639,-98.13388911580955,CR,0.7426292176151954,16442.7283335,-36.03581875359342
47904.CFI-400945.m3,47904.CFI-400945,-99.876922517659,-99.876922517659,CR,0.8468674058862666,5856.732102749999,-8.987144477640884
47904.CFI-400945.m4,47904.CFI-400945,-99.70778469861796,-98.34411329216846,CR,0.9798619973654246,2491.6938205,-5.236948092402463
47904.CFI-400945.m5,47904.CFI-400945,-98.54287108237685,-98.54287108237685,CR,0.8822819451656333,6427.781608249999,-8.616533896072507
47904.CFI-400945.m6,47904.CFI-400945,-100.0,-100.0,CR,0.9798619973654246,2499.3876104999995,-6.357184139443961
47904.CFI-400945.m7,47904.CFI-400945,-94.29286288260647,-94.29286288260647,PR,0.6615441116335953,11553.600949249998,-13.075210407254563
47904.CFI-400945.m8,47904.CFI-400945,-77.947915733473,-77.947915733473,PR,0.8722989584785615,3637.611385,-1.7639498072368416
47904.CFI-400945.m9,47904.CFI-400945,-99.5640091944357,-99.5640091944357,CR,0.8597780673299842,2821.1667712500002,-0.8460894149958234
47904.CFI-400945-41.6WEEKLY.m1,47904.CFI-400945-41.6WEEKLY,-29.70658775926127,-17.289322614328007,SD,0.7991470187465298,3562.9559962499998,0.8099975732488823
47904.CFI-400945-5DAILY.m1,47904.CFI-400945-5DAILY,18.670692124264043,34.523935210538404,PD,0.44799896775669656,7552.1459065,8.900061252393385
47904.CFI-400945-5DAILY.m2,47904.CFI-400945-5DAILY,106.84053357796324,160.958662252531,PD,-1.5081889023865371,24324.139787,51.1620908949468
47904.CFI-402257.m1,47904.CFI-402257,26.70181375816125,46.50233299785715,PD,0.5674115378061574,7197.7518535,6.397871757575754
47904.CFI-402257.m2,47904.CFI-402257,-60.665620911249675,-53.81844526483231,PR,0.882950678261047,1564.15120775,-0.7386172192834815
47904.CFI-402257.m3,47904.CFI-402257,-38.27009259906896,-30.586809360420087,SD,0.8500423029676258,2074.6387322499995,0.5183328088967973
47904.CFI-402257.m4,47904.CFI-402257,-11.883344053339462,9.726382608624839,SD,0.7386455395637304,3592.6193615,1.6915343534136547
47904.CFI-402257.m5,47904.CFI-402257,60.72914912904488,136.12957648113473,PD,-0.05713997319034281,8745.346194000002,18.753236076923077
47904.CFI-402257.m6,47904.CFI-402257,25.801675777491127,68.04031456543467,PD,0.2805319964348383,9148.705095750001,10.011047166378571
47904.CFI-402257-2ON5OFF.m1,47904.CFI-402257-2ON5OFF,7.0651873978380575,19.800602627050413,SD,0.6219986146475693,5060.81735225,4.870048121845874
47904.CFI-402257-2ON5OFF+PACLITAXEL-15DAILY.m1,47904.CFI-402257-2ON5OFF+PACLITAXEL-15DAILY,-55.663230294373435,-47.28608549250225,PR,0.9095094824014824,3236.95579725,-3.3729562354651157
47904.CFI-402257-2ON5OFF+PACLITAXEL-15DAILY.m2,47904.CFI-402257-2ON5OFF+PACLITAXEL-15DAILY,-45.77104123252496,-34.600167897289595,SD,0.677915202422916,5393.68195525,3.4396817640193778
47904.CX-5461.m1,47904.CX-5461,82.23135722313377,109.3043135474872,PD,0.16279102007836166,8668.486808,16.24258823076923
47904.CX-5461.m2,47904.CX-5461,-91.92249428637633,-88.23276945422724,PR,0.8859907193431339,3452.0891897499996,-3.975148412764351
47904.CX-5461.m3,47904.CX-5461,-70.82761735871784,-64.4572919106412,PR,0.8401475796543975,4759.07081175,-2.977069710876133
47904.CX-5461.m4,47904.CX-5461,-62.51549482547014,-54.021279256444565,PR,0.8562816155727794,2738.1975095,-0.959162906419242
47904.CX-5461.m5,47904.CX-5461,80.6669370320326,83.68960729430594,PD,0.15755686678648706,12416.6634605,9.1313118700565
47904.PACLITAXEL.m1,47904.PACLITAXEL,32.748790711021435,39.45580827521687,PD,0.4947103551914669,7893.38059475,4.81930243757814
47904.PACLITAXEL.m2,47904.PACLITAXEL,-87.89431739082187,-76.8348048836715,PR,0.9522654752365618,1824.2604505,-2.5046229001105504
47904.PACLITAXEL.m3,47904.PACLITAXEL,44.26745482978818,67.42365967795038,PD,0.7278866378727041,3551.6909932500002,2.9057076548140035
47904.PACLITAXEL-15DAILY.m1,47904.PACLITAXEL-15DAILY,-16.887060508709773,-12.072186584303479,SD,0.7011449523259726,5136.2445370000005,-0.43248241800742604
47904.UNC0642.m1,47904.UNC0642,28.35515272712201,30.500580905938524,PD,0.6328092784638859,7416.9019335,2.7145447163029535
48041.CARBOPLATIN.m1,48041.CARBOPLATIN,-21.746948117780974,-7.969411703833062,SD,0.6037977943114666,3294.0496485,-0.26399092695735193
48041.CDX-011.m1,48041.CDX-011,-66.5586673082003,-56.974728501285156,PR,0.6292494170182603,3860.4434850000002,-3.2965742584196884
48041.CFI-400945.m1,48041.CFI-400945,-71.09304426377598,-49.718978922011445,PR,0.5850251489961327,3912.5553312499997,-1.179140557372793
48041.CFI-400945.m2,48041.CFI-400945,-51.46052611197186,-31.75906072168715,PR,-0.7196577752627356,8936.4004955,3.4755983266129027
48041.CFI-400945-5DAILY.m1,48041.CFI-400945-5DAILY,-17.770227589583733,-17.60352541460626,SD,0.5130066914786624,1101.474858,-1.9042244810126578
48041.CFI-402257.m1,48041.CFI-402257,-6.815919968691608,-0.4073962529491548,SD,0.3533599258183602,3444.6531542499997,0.07689114728096659
48041.CFI-402257.m2,48041.CFI-402257,-32.90931147078931,-29.40216663099059,SD,0.5554310325983804,2762.4237915,-0.06103879638042208
48041.CX-5461.m1,48041.CX-5461,-56.18729381355645,-47.70039375936308,PR,0.7362641224536396,2438.838424,-2.654839770905924
48041.CX-5461.m2,48041.CX-5461,-44.201866961952085,-34.9069941219551,SD,0.4126298950987748,3231.9929918999997,0.9363691160278746
48041.CX-5461.m3,48041.CX-5461,-59.00425196913957,-47.88423561029398,PR,0.6097712374030664,2834.14717025,-1.7438750264834062
48041.PACLITAXEL.m1,48041.PACLITAXEL,-65.76766014697291,-53.13217651987391,PR,0.5373877681560716,3502.03279075,-0.5196848457680258
48342.BMN-673.m1,48342.BMN-673,20.95486460511047,33.89555496116863,PD,0.6360050235107437,7667.94162775,11.04575730030828
48342.CARBOPLATIN.m1,48342.CARBOPLATIN,24.63064345583326,105.1236946272053,PD,0.23187009411782233,14299.674438499998,33.54300625381059
48342.CFI-400945.m1,48342.CFI-400945,64.7360242100617,73.94518862934964,PD,0.5002644964750562,13605.641224,13.368536499804689
48342.CFI-400945.m2,48342.CFI-400945,40.92549412222948,58.60051528783132,PD,0.14963600420478995,18034.854768750003,23.989897933007818
48342.CFI-400945.m3,48342.CFI-400945,28.486408164352795,36.1781135404363,PD,0.346541200206968,6829.21753,27.45048105102041
48342.CFI-400945.m4,48342.CFI-400945,-26.14036248532442,-16.552322538246877,SD,0.7688486580061644,8757.87970775,-0.8271201243578762
48342.CFI-400945.m5,48342.CFI-400945,42.52707522419546,62.54691994690109,PD,0.2782703398021674,18272.5082595,22.88627467562072
48342.CFI-400945.m6,48342.CFI-400945,17.787922317551995,34.16736894247487,PD,0.6338157448414666,8072.410009499999,6.970559567636984
48342.CFI-402257-3ON4OFF.m1,48342.CFI-402257-3ON4OFF,10.031325551209246,47.50159731944197,PD,0.581820563076664,6652.361371999999,15.15489712005481
48342.CFI-402257-3ON4OFF+PACLITAXEL.m1,48342.CFI-402257-3ON4OFF+PACLITAXEL,3.5525483157105464,8.551012520634437,SD,0.8468263002158649,5700.0089935000005,0.6877716696352116
48342.CX-5461.m1,48342.CX-5461,-8.873120392589007,11.535495914075412,SD,0.4583484449899804,7747.632933000001,18.174444586687304
48342.CX-5461.m2,48342.CX-5461,10.742301166187286,53.106627548082905,PD,-0.1359167210961887,20321.565273599997,46.29726669620742
48342.DIPYRIDAMOLE.m1,48342.DIPYRIDAMOLE,35.331949512206506,67.0919905849596,PD,0.37957382767148196,10049.6812625,29.53041276676246
48342.DIPYRIDAMOLE.m2,48342.DIPYRIDAMOLE,21.83231295972201,97.18975657076103,PD,0.17404835878077407,8250.1415075,51.71914185454544
48342.DIPYRIDAMOLE.m3,48342.DIPYRIDAMOLE,1.7452601708610294,32.459810131782184,PD,0.2351242579642584,8499.03942675,37.277749163893525
48342.DIPYRIDAMOLE.m4,48342.DIPYRIDAMOLE,-13.31764611106876,10.529490540083653,SD,0.7660827575390035,4488.448054750001,7.24970594985821
48342.DIPYRIDAMOLE.m5,48342.DIPYRIDAMOLE,30.42823508638095,65.87237186933577,PD,0.08301012670940633,11321.570566499999,42.36437511356019
48342.DIPYRIDAMOLE.m6,48342.DIPYRIDAMOLE,9.035278987135786,31.71775325623598,PD,0.6306797358449721,5865.589908,15.289026204691933
48342.ERIBULIN.m1,48342.ERIBULIN,-51.83307581250306,-39.3590838485164,PR,0.7406310356483217,5673.744285000001,-1.032485988003095
48342.ERIBULIN.m2,48342.ERIBULIN,-26.85836621875065,-21.006730884405954,SD,0.7260249812138546,4486.12794275,6.354659196207429
48342.FLUVASTATIN.m1,48342.FLUVASTATIN,5.289642467248923,66.02853458347728,PD,0.1753835922608009,12231.71253275,38.96288548036399
48342.FLUVASTATIN.m2,48342.FLUVASTATIN,48.77309043765028,122.59099131041866,PD,0.19677977454504048,8494.30272375,49.44111432727272
48342.FLUVASTATIN.m3,48342.FLUVASTATIN,106.82760449182824,153.46119026241038,PD,0.12206729269143834,10132.3660375,50.34197236590907
48342.FLUVASTATIN.m4,48342.FLUVASTATIN,23.176106724511293,94.56801400697155,PD,0.337398505528667,8665.780111749998,36.71585811275375
48342.FLUVASTATIN.m5,48342.FLUVASTATIN,39.3620309174924,117.87599030800338,PD,0.17526726220057842,11398.91034975,35.819250474864646
48342.FLUVASTATIN.m6,48342.FLUVASTATIN,20.457968485966415,60.57820319325633,PD,0.10500747578666936,10587.985192499998,43.72326671590615
48342.FLUVASTATIN+DIPYRIDAMOLE.m1,48342.FLUVASTATIN+DIPYRIDAMOLE,15.028671588875508,69.43096723482964,PD,0.05148635086976794,13886.51569525,40.60448881273947
48342.FLUVASTATIN+DIPYRIDAMOLE.m2,48342.FLUVASTATIN+DIPYRIDAMOLE,46.955863326429245,151.48486886226658,PD,-0.018500684645709642,15406.673861,46.026678332375475
48342.FLUVASTATIN+DIPYRIDAMOLE.m3,48342.FLUVASTATIN+DIPYRIDAMOLE,0.16328792871154185,11.518961549963503,SD,0.2396793524287637,9892.00113225,33.5427633204023
48342.FLUVASTATIN+DIPYRIDAMOLE.m4,48342.FLUVASTATIN+DIPYRIDAMOLE,2.202371814366799,54.573538804208546,PD,0.1898433253269386,9312.1542305,35.197850243295015
48342.FLUVASTATIN+DIPYRIDAMOLE.m5,48342.FLUVASTATIN+DIPYRIDAMOLE,0.7274026235658315,58.94655890436591,PD,0.46154110284495,7900.324136499999,27.429240908997162
48342.FLUVASTATIN+DIPYRIDAMOLE.m6,48342.FLUVASTATIN+DIPYRIDAMOLE,13.224389021599837,49.06444021845302,PD,0.11193061499690293,10107.63676375,48.24859745123566
48342.PACLITAXEL.m1,48342.PACLITAXEL,-27.57599438208167,4.2933167623359525,SD,0.5980275165643734,5152.9555040000005,17.44733000915493
48602.ADC-CONTROL.m1,48602.ADC-CONTROL,-68.4137256482599,-62.92672769830434,PR,0.7854550872899569,2345.705668,-2.6501278174994147
48602.ADC-CONTROL.m2,48602.ADC-CONTROL,-63.45131031072893,-56.16014519868514,PR,0.6521948670665358,3180.8946145000004,-1.1530151652592073
48602.AZD-5305.m1,48602.AZD-5305,-60.13678319304883,-57.60610995540061,PR,0.6703222950020775,1708.3457885,0.24310058069434662
48602.AZD-5305.m2,48602.AZD-5305,-11.058819205408199,1.702602027746014,SD,0.3490823986513826,4721.16300375,3.222128952380953
48602.AZD-8205.m1,48602.AZD-8205,-75.32671378672174,-75.32671378672174,PR,0.32317068662655335,3270.0218649999997,2.4967846396903597
48602.AZD-8205.m2,48602.AZD-8205,-70.76184591514286,-65.77069022763754,PR,0.6336973041016026,2583.02729125,-0.9597236699507392
48602.AZD-8205.m3,48602.AZD-8205,-81.84826199882575,-81.02505354630595,PR,0.8567374057094516,2172.50962925,-4.52477631170695
48602.AZD-8205.m4,48602.AZD-8205,-50.78025731382978,-49.64951285460993,PR,0.2554571056897861,6672.32697175,-5.308665564444444
48602.BMN-673.m1,48602.BMN-673,4.478785253749917,6.788507890600903,SD,0.4515946356564372,3411.02162425,1.5971468528692527
48602.BMN-673.m2,48602.BMN-673,-9.10433653651882,16.155057303395857,SD,0.10028492002075129,4209.87734625,5.641170102732663
48602.BMN-673.m3,48602.BMN-673,-69.13252014054964,-60.18822533315653,PR,0.7277434506325342,2416.2389510000003,-3.545618189655174
48602.BMN-673.m4,48602.BMN-673,-96.44495175772873,-93.63053856593064,CR,0.9516488744269399,2609.46477825,-3.546617404926712
48602.CARBOPLATIN.m1,48602.CARBOPLATIN,-23.766945789144213,-19.535606515654045,SD,0.5927646147215727,2357.5784245,-0.03348114162234044
48602.CARBOPLATIN.m2,48602.CARBOPLATIN,-15.736888897344869,16.447247696172674,SD,0.29672724831988506,5769.3698537499995,1.019463799674268
48602.CDX-011.m1,48602.CDX-011,95.32477251099812,118.44438995601125,PD,-1.2525827539430638,7911.978313999999,15.578719626666663
48602.CFI-400945.m1,48602.CFI-400945,-92.63270568096867,-59.906231842916604,PR,0.9516488744269399,3266.6880232500007,-7.110471103520539
48602.CFI-400945.m10,48602.CFI-400945,-99.59309147946864,-97.69418505032229,CR,0.9516488744269399,2161.7831029999998,-6.273980367029725
48602.CFI-400945.m2,48602.CFI-400945,-99.72478326682263,-99.08261088940874,CR,0.6243226333005769,4024.1480885,-2.41188456349481
48602.CFI-400945.m3,48602.CFI-400945,-100.0,-99.91413130146285,CR,0.8355721338591922,3139.1638380000004,-6.5756126048442916
48602.CFI-400945.m4,48602.CFI-400945,-96.66302345300114,-94.02125035329371,CR,0.6042990139010892,3491.35567125,-0.2678045512110727
48602.CFI-400945.m7,48602.CFI-400945,-86.38836174984007,-86.38836174984007,PR,0.057090560181698335,8668.20416575,-1.977396508216677
48602.CFI-400945.m8,48602.CFI-400945,-86.38836174984007,-86.38836174984007,PR,0.057090560181698335,8668.20416575,-1.977396508216677
48602.CFI-400945.m9,48602.CFI-400945,-60.8680886130137,-49.17826542393109,PR,0.36662397390617973,9177.65446775,-7.5036316752013805
48602.CFI-400945-3.75DAILY.m1,48602.CFI-400945-3.75DAILY,-16.862184113060497,2.7678090243161035,SD,0.6318545298867203,5140.581482,-1.1725054456993917
48602.CFI-400945-52WEEKLY.m1,48602.CFI-400945-52WEEKLY,-99.64518781539476,-99.64518781539476,CR,0.7758111096734014,2340.98490125,-4.191338778578875
48602.CFI-400945-52WEEKLY.m2,48602.CFI-400945-52WEEKLY,-100.0,-100.0,CR,1.0,2181.791248,-6.423109526058635
48602.CFI-400945-5DAILY.m1,48602.CFI-400945-5DAILY,20.693691183772778,37.2437928501276,PD,0.2167634208355801,5114.81865475,3.162751626411817
48602.CFI-400945-5DAILY.m2,48602.CFI-400945-5DAILY,18.04983918265495,57.68387821015415,PD,0.22014423719181175,6623.918740749999,3.0614943868338544
48602.CFI-400945-5DAILY.m3,48602.CFI-400945-5DAILY,-99.6172237492698,-97.83093457919551,CR,0.8549613148598642,2554.0549945000002,-3.4935541168009205
48602.CFI-402257.m1,48602.CFI-402257,-21.917784624621106,-17.278209079730942,SD,0.30988019426483004,3506.01332025,0.8823481264501162
48602.CFI-402257-2ON5OFF.m1,48602.CFI-402257-2ON5OFF,-12.780679252533456,-6.873060670933285,SD,0.42273629859223993,4168.01957675,1.0758852912140573
48602.CFI-402257-2ON5OFF+PACLITAXEL-15DAILY.m1,48602.CFI-402257-2ON5OFF+PACLITAXEL-15DAILY,-97.38060060496862,-95.30690941723546,CR,0.8332804839115314,2568.1307420000003,-3.4727611826677327
48602.CFI-402257-2ON5OFF+PACLITAXEL-15DAILY.m2,48602.CFI-402257-2ON5OFF+PACLITAXEL-15DAILY,-91.1452184179457,-89.8129700686519,PR,0.929824832817007,2364.6401352499997,-4.953820957711444
48602.CFI-402257-3ON4OFF+PACLITAXEL.m1,48602.CFI-402257-3ON4OFF+PACLITAXEL,-99.54361064116699,-98.4787021372233,CR,0.9516488744269399,1593.7581925,-4.325178647177419
48602.CFI-402257-3ON4OFF+PACLITAXEL.m2,48602.CFI-402257-3ON4OFF+PACLITAXEL,-99.56529299252304,-99.56529299252304,CR,0.9856737405709451,963.005424,-4.098609594341774
48602.CFI-402257-3ON4OFF+PACLITAXEL-15DAILY.m1,48602.CFI-402257-3ON4OFF+PACLITAXEL-15DAILY,-99.61733429714069,-98.72444765713561,CR,0.843609528927725,2125.75989,-3.925333125040757
48602.CX-5461.m1,48602.CX-5461,-23.56487619825397,-15.25301812523061,SD,0.5305565042548808,3508.7355452499996,0.6501560607340293
48602.CX-5461.m2,48602.CX-5461,-34.906856878285645,-30.22472270815263,SD,0.6151250332753118,2601.77131725,-0.07107219655487113
48602.DATOPOTAMAB-DERUXTECAN.m1,48602.DATOPOTAMAB-DERUXTECAN,-93.90245885379235,-66.11832766397508,PR,0.9785106108564178,1112.9939450000002,-4.699401767572632
48602.ERIBULIN.m1,48602.ERIBULIN,-99.67836728736977,-99.67836728736977,CR,0.9982092175713682,994.878592,-6.379599452127661
48602.ERIBULIN-EXTRALOW.m1,48602.ERIBULIN-EXTRALOW,1.1506610833187603,3.5403417012271676,SD,-0.19050871846141249,6822.80491175,3.7261945612510874
48602.ERIBULIN-LOW.m1,48602.ERIBULIN-LOW,-96.7641694803932,-91.64077115768245,CR,0.8538542101837057,1695.1823477499997,-3.615630610676157
48602.EVEROLIMUS.m1,48602.EVEROLIMUS,-20.10443599156443,-15.726628573477008,SD,0.6408389927781121,2661.78466325,-0.31158773064263334
48602.PACLITAXEL.m1,48602.PACLITAXEL,-97.5432213694143,-97.5432213694143,CR,0.8290805744171381,1843.5596007499998,-4.427746714230472
48602.PACLITAXEL-15DAILY.m1,48602.PACLITAXEL-15DAILY,-23.355646550745647,-13.334410628711357,SD,0.6054888545162329,780.881817,-5.82385294642857
48602.PACLITAXEL-15DAILY.m3,48602.PACLITAXEL-15DAILY,-97.25596239411712,-95.08359928945981,CR,0.6319334066895719,4516.10630425,-2.1018625421330364
48602.SACITUZAMAB-GOVITECAN.m1,48602.SACITUZAMAB-GOVITECAN,-82.85795467601102,-76.69917961569394,PR,0.9144983837951303,1319.7020912500002,-3.5695469800000006
48602.TRASTUZUMAB-CONTROL.m1,48602.TRASTUZUMAB-CONTROL,-86.2582836380467,-75.39759474642787,PR,0.806893856386629,5602.1291977500005,-13.044540808888891
48602.TRASTUZUMAB-DERUXTECAN.m1,48602.TRASTUZUMAB-DERUXTECAN,-91.5190989890766,-87.47848081306084,PR,0.9407124730145988,1387.9811244999999,-4.586589187777778
51706.CFI-400945.m1,51706.CFI-400945,59.1783603780897,77.3953785636189,PD,0.006186380426804083,4232.279464,6.532832998622593
52226.BMN-673.m1,52226.BMN-673,-56.63947700043994,-38.03693255353111,PR,0.1265459833765895,2775.68015,-0.3471840502008032
52226.CFI-400945.m1,52226.CFI-400945,-47.97260800000001,-44.52998103022563,SD,0.4734636455453153,3552.31975,-2.7931576397507643
52226.CFI-402257.m1,52226.CFI-402257,0.8968903107952064,6.299260027570708,SD,0.2122911380068534,3622.7721825,0.8843252979399799
52226.CX-5461.m1,52226.CX-5461,-39.69803873536952,-20.14209775268718,SD,-0.26088029530578005,4586.374163,2.8207217526785713
53522.CFI-400945.m1,53522.CFI-400945,36.349952486712,59.38101290674667,PD,0.8140092901751759,6061.1856785,14.112772293032785
53522.CFI-400945.m2,53522.CFI-400945,41.81688697338688,50.69417385647144,PD,0.5571538539194603,16642.33122,25.373301598360655
53522.CFI-400945.m3,53522.CFI-400945,66.59782163503054,107.28403400928505,PD,0.11685052306778632,12791.964856500002,141.07122384523814
53522.CFI-400945.m4,53522.CFI-400945,-47.20859076346089,-37.44972264881533,SD,0.9381544087094434,6536.415669,-3.5412899182762194
53522.CFI-400945.m5,53522.CFI-400945,-14.090003832089671,1.7959016750588974,SD,0.7660378708701648,15609.2834615,7.751009779646935
53522.CFI-400945.m6,53522.CFI-400945,-1.8507892164048578,34.846321623797216,PD,0.6962514085689646,19043.674968,10.989696176135064
53522.CFI-400945.m7,53522.CFI-400945,-18.26082500860634,-15.75415288526899,SD,0.42204585406770445,38105.153885499996,-5.58380703878622
53522.CFI-400945.m8,53522.CFI-400945,-53.930662496187075,-50.599011222365895,PR,0.7172135563324313,23842.99728175,-21.96836385728953
53522.CFI-402257.m1,53522.CFI-402257,157.71135629244085,307.943078659498,PD,0.4443637462499115,11166.4510275,64.96464446369292
53782.BMN-673.m1,53782.BMN-673,-34.350040527058,-14.645794864220141,SD,0.8045274665327831,2215.46015175,-1.3026861399371072
53782.CARBOPLATIN.m1,53782.CARBOPLATIN,-3.0480142740559213,8.748057514930663,SD,0.6775018137425937,3361.0366255000004,0.13571317155009413
53782.CFI-400945.m1,53782.CFI-400945,-39.64488980280573,-20.713202780113903,SD,0.6132464557052282,2207.87552975,0.729100785834032
53782.CFI-402257.m1,53782.CFI-402257,-9.857872174713734,-6.4432760275687,SD,0.5296722194830201,4404.81899475,-0.0015788349056610551
53782.CX-5461.m1,53782.CX-5461,-37.968054185918575,-30.50723886972796,SD,0.4893328910315221,3680.419052,-2.4713965484276716
53782.PACLITAXEL.m1,53782.PACLITAXEL,-40.464655986642924,-32.413629314813186,SD,0.47932572983015664,3289.41438175,1.1728196893081753
65465.BMN-673.m1,65465.BMN-673,37.72538068942435,56.35614943396665,PD,-0.4471384938938887,6309.39915575,25.032594956818176
65465.CARBOPLATIN.m1,65465.CARBOPLATIN,-0.3350631915620683,40.34584940728245,PD,0.34375646489818257,6374.865172999999,8.112883526711924
65465.CARBOPLATIN.m2,65465.CARBOPLATIN,-0.3350631915620683,40.34584940728245,PD,0.34375646489818257,6374.865172999999,8.112883526711924
65465.CDX-011.m1,65465.CDX-011,-99.67623429507266,-98.92078098357557,CR,0.9901828494267888,1510.14049825,-6.6608964748413415
65465.CFI-400945.m1,65465.CFI-400945,-14.58588807996044,-2.658877661315817,SD,-1.2247549871165155,14403.1543025,19.139645217105265
65465.CFI-400945.m10,65465.CFI-400945,-16.52228191648656,23.794946073822555,SD,0.6765067661527331,1674.2299817500002,2.2796465103857564
65465.CFI-400945.m11,65465.CFI-400945,90.510949242687,141.18307793104879,PD,0.5602190245359367,2449.112854,5.327972698318496
65465.CFI-400945.m12,65465.CFI-400945,-34.83242137640649,-28.48168144973919,SD,0.7710247800304222,2838.4497597500003,-0.6207829546052627
65465.CFI-400945.m13,65465.CFI-400945,-3.6539196044018896,5.54338792002893,SD,0.4010816098916514,4349.347861,2.953206349342104
65465.CFI-400945.m2,65465.CFI-400945,-19.104554451930156,-17.554910812422577,SD,-0.1618019485498121,6993.176456,4.960958893962849
65465.CFI-400945.m3,65465.CFI-400945,40.001582296684354,62.4410605819576,PD,-0.3976523019102389,7390.499713000001,11.375480627708981
65465.CFI-400945.m4,65465.CFI-400945,-4.627016038448795,2.0615623323593235,SD,0.06516595986920515,8816.58431,2.022145767414861
65465.CFI-400945.m5,65465.CFI-400945,-12.84504236973082,-0.33610791294685916,SD,0.286583620724419,6695.670493,3.659312970201239
65465.CFI-400945.m6,65465.CFI-400945,58.918007147989535,72.99111024016374,PD,0.287667554407796,5115.6924,7.648250921626985
65465.CFI-400945.m7,65465.CFI-400945,-36.976254084565156,-4.724188551403918,SD,0.6511553774228034,1894.5516205,2.088899416419386
65465.CFI-400945.m8,65465.CFI-400945,-21.58168165392935,0.06347993828064169,SD,0.5909245583383946,2569.3726675,1.3459406681503463
65465.CFI-400945.m9,65465.CFI-400945,13.940525501114887,28.058478648231034,SD,0.657814415695235,2498.181381,1.942495167161226
65465.CFI-400945-2ON5OFF.m1,65465.CFI-400945-2ON5OFF,-20.89358309471003,55.98549940357764,PD,0.5530349110565216,2111.946158,5.80303190306627
65465.CFI-400945-2ON5OFF.m2,65465.CFI-400945-2ON5OFF,2.658836448813795,117.21356215438314,PD,0.02186191966173623,5472.6832699999995,14.289877022749751
65465.CFI-400945-2ON5OFF.m3,65465.CFI-400945-2ON5OFF,42.14813585882564,65.62814948558717,PD,0.5171463868389167,2897.3787795,4.347363258160236
65465.CFI-400945-2ON5OFF.m4,65465.CFI-400945-2ON5OFF,-15.018223754838012,24.13094546643606,SD,0.6682608836616476,1235.7387482499998,3.760489766567754
65465.CFI-400945-2ON5OFF.m5,65465.CFI-400945-2ON5OFF,-20.88673604610444,62.68826385853126,PD,0.17715744765066732,5213.075559749999,10.659463410979228
65465.CFI-400945-41.6WEEKLY.m1,65465.CFI-400945-41.6WEEKLY,-49.54424206212744,-43.5607152696104,SD,0.7331906610064789,4382.3190845,-1.8092145852631578
65465.CFI-400945-41.6WEEKLY.m2,65465.CFI-400945-41.6WEEKLY,-42.94609462365302,-39.42280370768517,SD,0.7400820626429717,4967.21072925,-1.9424374511564213
65465.CFI-402257.m1,65465.CFI-402257,-3.7360896098131646,12.0136923871478,SD,0.4276927930588952,3077.1824082499998,3.9418792742718445
65465.CFI-402257.m2,65465.CFI-402257,-20.77592211442826,-13.606946233675165,SD,0.6515449133675417,2657.7806892500003,0.6748890759046775
65465.CFI-402257.m3,65465.CFI-402257,-10.835941510036651,16.822830405364584,SD,0.4180800551949194,5357.486447,4.058027834060229
65465.CFI-402257-3ON4OFF+PACLITAXEL.m1,65465.CFI-402257-3ON4OFF+PACLITAXEL,-98.74812100983425,-98.74812100983425,CR,0.9668671168154123,2495.2035105,-10.033106660096715
65465.CFI-402257-3ON4OFF+PACLITAXEL.m2,65465.CFI-402257-3ON4OFF+PACLITAXEL,-99.45798262912376,-99.45798262912376,CR,0.9901828494267888,958.476817,-3.645111720317219
65465.CFI-402257-3ON4OFF+PACLITAXEL.m3,65465.CFI-402257-3ON4OFF+PACLITAXEL,-99.63865267704725,-99.63865267704725,CR,0.9901828494267888,1437.4607619999997,-6.301705545297804
65465.CX-5461.m1,65465.CX-5461,-5.99294947121034,42.24952753774767,PD,-0.4649953029846692,8689.933572,19.14600124995321
65465.CX-5461.m2,65465.CX-5461,7.5414632154915395,11.563576640955219,SD,0.44488444970259466,3723.96575125,4.901890791707557
65465.CX-5461.m3,65465.CX-5461,25.884395702103724,31.291452253664808,PD,-0.6484532392829307,10880.9084025,14.999029132608033
65465.ERIBULIN.m1,65465.ERIBULIN,-99.65578824897156,-99.65578824897156,CR,0.9987728561783487,1292.10229475,-6.5132135479633995
65465.ERIBULIN.m2,65465.ERIBULIN,-99.65578824897156,-99.65578824897156,CR,0.9987728561783487,1292.10229475,-6.5132135479633995
65465.ERIBULIN-EXTRALOW.m1,65465.ERIBULIN-EXTRALOW,-50.23540783999534,-42.495970323803164,PR,0.730063444505697,4546.3699455,-4.580671937216682
65465.ERIBULIN-LOW.m1,65465.ERIBULIN-LOW,-99.70550693925043,-99.70550693925043,CR,0.9987728561783487,1052.2855875,-7.003389615252446
65465.EVEROLIMUS.m1,65465.EVEROLIMUS,-24.69885839750171,-13.689136552838255,SD,0.01260812504702491,7703.3639485,3.25582412866354
65465.PACLITAXEL.m1,65465.PACLITAXEL,-98.36725957050191,-98.36725957050191,CR,0.9901828494267888,2708.0119997499996,-8.65503344958968
65465.PACLITAXEL.m2,65465.PACLITAXEL,-5.732587761992026,5.933760519466302,SD,0.28331333397975844,4039.88397075,3.218829851977569
65465.PACLITAXEL.m3,65465.PACLITAXEL,-97.60028838774272,-94.40467242408677,CR,0.9509633328868101,2026.7097225,-5.560358747583081
65465.PACLITAXEL.m4,65465.PACLITAXEL,-5.732587761992026,5.933760519466302,SD,0.28331333397975844,4039.88397075,3.218829851977569
66280.CFI-400945.m1,66280.CFI-400945,18.52698014137706,69.94992237675388,PD,-4.902857176414057,23625.569747,57.532092080503126
66280.CFI-400945.m2,66280.CFI-400945,72.42006332359719,114.53206260534587,PD,-1.6264272866855753,13692.6305635,27.719998110691822
66280.CFI-400945.m3,66280.CFI-400945,27.619465966659696,39.42592104403586,PD,-3.3736068596832176,25339.197064,24.08123341383648
66280.CFI-400945.m4,66280.CFI-400945,51.73589202130009,65.61356247045795,PD,-2.3629284658343006,18882.686545,20.19375094465408
66280.CFI-400945.m5,66280.CFI-400945,-2.230747958878243,102.7909398210348,PD,-0.7574157315034427,5547.678985749999,21.26260542955974
66292.BMN-673.m1,66292.BMN-673,12.528145458973006,45.420959725112866,PD,0.13859819037473486,8076.520103749999,37.49311097846889
66292.CARBOPLATIN.m1,66292.CARBOPLATIN,66.0601272777902,119.13180528999163,PD,0.4548192805792437,9135.789399000001,25.678132026209664
66292.CARBOPLATIN.m2,66292.CARBOPLATIN,85.1710805856649,134.53478915859694,PD,0.31020478800750684,10343.766861,24.528020769579204
66292.CFI-400945.m1,66292.CFI-400945,9.651347604103755,42.48808094681071,PD,0.4437782776871426,10749.543872,15.235405185925286
66292.CFI-400945.m2,66292.CFI-400945,48.1704941088057,54.70641572570181,PD,0.7108177455058002,10035.769952,3.568055681798437
66292.CFI-400945.m3,66292.CFI-400945,-17.506914000722396,-9.102637831219539,SD,0.6919086896100407,5618.503935500001,9.162648708787287
66292.CFI-400945.m4,66292.CFI-400945,-61.60709369301489,-50.46025845426891,PR,0.2379750199500824,6129.507087749999,20.084367668430335
66292.CFI-400945.m5,66292.CFI-400945,-17.506914000722396,-9.102637831219539,SD,0.6919086896100407,5618.503935500001,9.162648708787287
66292.CFI-400945.m6,66292.CFI-400945,-61.60709369301489,-50.46025845426891,PR,0.2379750199500824,6129.507087749999,20.084367668430335
66292.CFI-400945-52WEEKLY.m1,66292.CFI-400945-52WEEKLY,-0.04934887171841318,3.941957380592598,SD,0.17606638312192024,12210.630887749998,26.84950761974084
66292.CFI-400945-52WEEKLY.m2,66292.CFI-400945-52WEEKLY,-4.616765581591686,12.59482547524302,SD,0.5674963216210385,8933.35702725,6.687755069054874
66292.CFI-402257.m1,66292.CFI-402257,18.6871683254356,34.827256617687816,PD,0.2204568635412978,9706.785306000002,34.252236478877336
66292.CFI-402257+PACLITAXEL-40DAILY.m1,66292.CFI-402257+PACLITAXEL-40DAILY,54.36299422861575,237.28759865852732,PD,0.09437223050121313,22801.18784125,55.84702472497681
66292.CFI-402257+PACLITAXEL-40DAILY.m2,66292.CFI-402257+PACLITAXEL-40DAILY,106.12665435397437,224.05255734854683,PD,-0.6451155470585705,22703.62443675,71.75151820644113
66292.CFI-402257-3ON4OFF+PACLITAXEL.m1,66292.CFI-402257-3ON4OFF+PACLITAXEL,-14.354361686280349,6.384093337021968,SD,0.6988636419863341,3323.50979825,7.635522756809335
66292.CFI-402257-3ON4OFF+PACLITAXEL.m2,66292.CFI-402257-3ON4OFF+PACLITAXEL,-14.901438282529543,-13.468615415917807,SD,0.5421719662950761,5993.25493175,16.08863573277385
66292.CFI-402257-3ON4OFF+PACLITAXEL.m3,66292.CFI-402257-3ON4OFF+PACLITAXEL,-9.734555308784554,40.58524009503588,PD,0.38456077907120056,9476.185831750001,15.185840952519381
66292.CX-5461.m1,66292.CX-5461,18.316394027122797,49.19248333716042,PD,0.6767644255977872,4708.77716475,8.510015231503115
66292.ERIBULIN.m1,66292.ERIBULIN,61.53341873998628,83.3290572761467,PD,0.2327534441787611,9239.470872,25.78000467338709
66292.PACLITAXEL.m1,66292.PACLITAXEL,11.053083252208374,70.4330788958625,PD,0.06198458572361987,13923.5371925,33.96072281876276
66292.PACLITAXEL.m2,66292.PACLITAXEL,-27.746313468873574,139.8193340611338,PD,-1.0622290404637216,24435.468648500002,79.68095780214719
66292.PACLITAXEL-40DAILY.m1,66292.PACLITAXEL-40DAILY,31.343090767506432,105.59511784070237,PD,0.13611021446333438,9107.0802175,42.2926823740053
66292.PACLITAXEL-40DAILY.m2,66292.PACLITAXEL-40DAILY,93.79485147420803,113.4970334825542,PD,0.5566041801373365,10949.236525,7.856646052696079
66684.CARBOPLATIN.m1,66684.CARBOPLATIN,-96.18650677986183,-81.09880252149824,CR,0.766724644625122,3066.5940995,-3.845405758655804
66684.CFI-400945.m1,66684.CFI-400945,-53.49148455011208,-46.97651192693822,PR,0.5787986039194719,2148.694994,-0.5575419401947151
66684.CFI-400945.m10,66684.CFI-400945,-82.1389404676597,-79.3600691961261,PR,0.1992770207616984,4365.25679625,-1.2147446758142337
66684.CFI-400945.m11,66684.CFI-400945,-83.3877918432729,-83.3877918432729,PR,0.8037537521099859,2228.6218627499998,-1.042684230548854
66684.CFI-400945.m12,66684.CFI-400945,10.952645294463736,68.49410870576878,PD,0.21806753029805903,4799.4527115,4.602606805781761
66684.CFI-400945.m2,66684.CFI-400945,-28.643859946669014,-25.92872277756557,SD,0.019769495681551508,5956.114132,4.412441854304637
66684.CFI-400945.m3,66684.CFI-400945,-93.22467519092865,-93.22467519092865,PR,0.38890794853042787,3564.4077747499996,-3.116457492730211
66684.CFI-400945.m4,66684.CFI-400945,-74.22939311907965,-74.22939311907965,PR,0.4147361006776794,2193.051498,0.579634988691438
66684.CFI-400945.m5,66684.CFI-400945,-84.70543604490281,-84.70543604490281,PR,0.7282512633072047,1451.170902,-1.0245907423263327
66684.CFI-400945.m6,66684.CFI-400945,-50.96690000238273,-44.615908554228845,PR,-0.22245757768113794,4601.5857132500005,1.2922472140549277
66684.CFI-400945.m7,66684.CFI-400945,-86.0650328196347,-86.0650328196347,PR,0.9481313184282705,2784.49417575,-1.887476018546441
66684.CFI-400945.m8,66684.CFI-400945,-39.43147158106132,-38.526578577789614,SD,0.7583390636913547,1509.26839075,-1.0157278830219334
66684.CFI-400945.m9,66684.CFI-400945,-43.937325335808744,-30.364626382362847,SD,0.6971575947130193,2468.7350172500005,-1.6070217782290828
66684.CFI-400945-6DAILY.m1,66684.CFI-400945-6DAILY,-89.8252227640291,-85.17748501426463,PR,0.36857948647997074,3731.1151254999995,0.9259466286110467
66684.CFI-402257-3ON4OFF.m1,66684.CFI-402257-3ON4OFF,37.55812970705668,41.93201351719895,PD,0.053963720375112545,5085.94872875,4.26713056125828
66684.CFI-402257-3ON4OFF.m2,66684.CFI-402257-3ON4OFF,-16.133547546455183,-3.981159946674162,SD,-0.14344301050151564,5792.1783295000005,6.004361884105961
66684.CFI-402257-3ON4OFF.m3,66684.CFI-402257-3ON4OFF,-38.44988563132139,-14.035244524342971,SD,-0.19836625217844017,6483.0354210000005,5.3217261283112585
66684.PACLITAXEL.m1,66684.PACLITAXEL,-39.34532589561227,-39.34532589561227,SD,0.6505020460619608,481.872658,-14.751700249999997
66684.PACLITAXEL.m2,66684.PACLITAXEL,-90.76474214975377,-90.76474214975377,PR,0.9481313184282705,943.100772,-4.457792120201799
66684.PACLITAXEL.m3,66684.PACLITAXEL,-99.75287951278614,-99.75287951278614,CR,0.9846315017565246,1353.946521,-7.183077696314982
66684.PACLITAXEL.m4,66684.PACLITAXEL,-42.97566346413022,-36.08312779511592,SD,0.6486882789520132,2491.1818867499996,-0.744903785827395
66817.BMN-673.m1,66817.BMN-673,-70.87787940872047,-56.11505135425081,PR,0.3990630466472379,2572.76981025,-0.25982819874608165
66817.BMN-673.m2,66817.BMN-673,3.629738735889676,5.388275655107133,SD,0.09102091911540522,3892.476608,-0.48882448896820285
66817.CARBOPLATIN.m1,66817.CARBOPLATIN,-49.939471609786814,-37.20354747571116,SD,0.4295064344891798,2540.2949135,-4.359133915561761
66817.CARBOPLATIN.m2,66817.CARBOPLATIN,-23.697150898991048,-20.689135717783458,SD,0.3612004978907104,3243.6237462500003,-0.5857273356543621
66817.CDX-011.m1,66817.CDX-011,-60.92410121154514,-49.03848370287478,PR,0.16397061793756373,3461.7247965,-1.7482862591692792
66817.CFI-400945.m1,66817.CFI-400945,-96.53808087881717,-91.05670893694435,CR,0.9124721251597883,1802.984486,-4.205713859074196
66817.CFI-400945-5DAILY.m1,66817.CFI-400945-5DAILY,-70.74520048137785,-68.40840107712279,PR,0.32959488250890867,2473.740186,-1.6919367296480243
66817.CFI-400945-5DAILY.m2,66817.CFI-400945-5DAILY,-48.662935256904994,-47.19754010458909,SD,0.48695186050910544,2472.33981025,-2.2180870490718196
66817.CFI-402257.m1,66817.CFI-402257,49.115209705064935,51.634649926617435,PD,-0.7859632937191077,6488.5959795,5.409846699653907
66817.CFI-402257.m2,66817.CFI-402257,-25.531356914175017,-19.398258307170156,SD,-0.08074972139942282,4322.952290499999,0.3051111534258089
66817.CX-5461.m1,66817.CX-5461,-39.78360879830882,-37.41022704195161,SD,0.3003313574527203,3972.9225305,-1.5319847073170731
66817.CX-5461.m2,66817.CX-5461,-83.59703659962467,-61.87236580795445,PR,0.2649651814891911,4332.998869,-3.6056407075471717
66817.ERIBULIN-EXTRALOW.m1,66817.ERIBULIN-EXTRALOW,-84.63407180031508,-71.77718615326143,PR,0.42128712616053654,3077.69867375,-4.51665062692764
66817.ERIBULIN-LOW.m1,66817.ERIBULIN-LOW,-66.25563767462616,-36.276942889085696,PR,0.6553792117557544,706.612103,-18.28210308928572
66817.EVEROLIMUS.m1,66817.EVEROLIMUS,-3.0005075391980163,1.4691180365783651,SD,-0.1784659705419609,5197.3121245,1.4903477086883756
66817.PACLITAXEL.m1,66817.PACLITAXEL,-51.04276957497679,-47.52639537939341,PR,-0.20133058552688654,8222.630133999999,-6.071974559701494
66817.PACLITAXEL-15DAILY.m1,66817.PACLITAXEL-15DAILY,5.513706933777063,8.63911473304919,SD,0.1830731681580241,3358.4290969999997,-0.003190743944636815
66817.PACLITAXEL-15DAILY.m2,66817.PACLITAXEL-15DAILY,-86.51313957377025,-60.36314687082777,PR,0.6906088539598523,1858.8202270000002,-1.6014765488730727
67455.CARBOPLATIN.m1,67455.CARBOPLATIN,-17.797680565976748,-15.715461240219486,SD,0.38620719099046763,4094.8248354999996,1.1569135874443033
67455.CFI-400945.m1,67455.CFI-400945,-96.70538457531069,-96.70538457531069,CR,0.9257765248629144,1670.4772144999997,-4.045446861328125
67455.CX-5461.m1,67455.CX-5461,-32.46236727203624,-19.711582582669163,SD,0.13877766161330474,2834.203751,0.3895770449117341
67455.PACLITAXEL.m1,67455.PACLITAXEL,-99.53747587607145,-99.53747587607145,CR,0.9780078592186413,1677.3300922500002,-3.7015902229299353
67725.BMN-673.m1,67725.BMN-673,23.381909183086446,25.349572584182887,SD,0.8745991282364721,4002.60207175,0.8295209287018019
67725.BMN-673.m2,67725.BMN-673,0.8528716524332403,8.16022078130112,SD,0.8528073301242104,4509.75290225,0.5335603918982943
67725.CARBOPLATIN.m1,67725.CARBOPLATIN,35.71972686729479,72.73791234670854,PD,0.4985861715278418,10264.1156465,17.16849377155808
67725.CARBOPLATIN.m2,67725.CARBOPLATIN,83.00952338482892,134.11127523799172,PD,0.5963889811774379,8452.892232,13.41351278895214
67725.CDX-011.m1,67725.CDX-011,351.4352047062294,757.2054084598824,PD,-1.1156411985590426,15544.047758,171.22837780743248
67725.CFI-400945.m1,67725.CFI-400945,98.02891674186485,165.1199828504307,PD,-0.4617841032688772,26568.3689095,60.697418465472474
67725.CFI-400945.m2,67725.CFI-400945,-19.035318407409008,63.517511327766286,PD,0.13936194314255002,16912.3820045,33.33608177725856
67725.CFI-400945.m3,67725.CFI-400945,186.26302252470398,186.26302252470398,PD,0.7898635835458413,716.043823,43.161161874999976
67725.CFI-400945.m4,67725.CFI-400945,24.255130639194643,79.66444564172022,PD,-0.47806349328621955,25919.328731999998,59.089294394859806
67725.CFI-400945.m5,67725.CFI-400945,121.16686677988766,198.91636154822194,PD,-0.22242419886246556,20708.64083625,51.55327833333332
67725.CFI-400945.m6,67725.CFI-400945,-32.376114411606494,-9.210720698984264,SD,0.4914060946225235,7841.722538999999,14.24689895207021
67725.CFI-400945.m7,67725.CFI-400945,22.16263394609548,31.913321144942742,PD,0.8167905725017588,6710.7472314999995,1.7332698175965664
67725.CFI-400945.m8,67725.CFI-400945,-31.427027383810636,-30.233359349281862,SD,0.928335041401153,2739.64913925,-1.1499671340139013
67725.CFI-400945+CFI-402257.m1,67725.CFI-400945+CFI-402257,104.34113560292082,179.3592198124032,PD,0.3477397673011702,13163.428875,25.07766306451195
67725.CFI-400945+CFI-402257.m2,67725.CFI-400945+CFI-402257,24.572857304821305,119.07189461944103,PD,-0.7450421710513238,33565.2341135,74.77451888862929
67725.CFI-400945+CFI-402257.m3,67725.CFI-400945+CFI-402257,187.26540977961434,257.12514264643545,PD,0.46225197070908786,13391.59959775,24.155570871625127
67725.CFI-400945+CFI-402257.m4,67725.CFI-400945+CFI-402257,-2.0825138891372608,53.875866957520444,PD,0.008534140776676136,16746.8155975,37.568559905373824
67725.CFI-400945+CFI-402257.m5,67725.CFI-400945+CFI-402257,25.291796361033136,132.16655607608172,PD,0.5914116853115972,8282.587387,17.617776777647975
67725.CFI-400945-2ON5OFF.m1,67725.CFI-400945-2ON5OFF,73.32248009385813,123.42709633361717,PD,-0.2505076647133042,20592.72463825,49.84668012850467
67725.CFI-400945-2ON5OFF.m2,67725.CFI-400945-2ON5OFF,44.0234019920704,116.66538166575333,PD,-0.0016636242445413618,18988.3611305,36.27087632632398
67725.CFI-400945-2ON5OFF.m3,67725.CFI-400945-2ON5OFF,56.84183055684298,125.91530711464931,PD,0.15601806295264886,14959.49145675,39.19752215667186
67725.CFI-400945-2ON5OFF.m4,67725.CFI-400945-2ON5OFF,94.89327465013065,207.06339201945661,PD,-0.08882569263746909,21122.697256,50.62516498701972
67725.CFI-400945-2ON5OFF.m5,67725.CFI-400945-2ON5OFF,33.92795217680238,101.48199707706608,PD,0.11838118411751553,19227.36500375,43.94660193613706
67725.CFI-400945-41.6WEEKLY.m1,67725.CFI-400945-41.6WEEKLY,-13.433288478546645,7.265425177007989,SD,0.9275750801249585,3466.21460775,-0.0005479154688575528
67725.CFI-400945-41.6WEEKLY.m2,67725.CFI-400945-41.6WEEKLY,35.04510359343664,42.61208561167229,PD,0.7998617523257261,5647.6420225,3.720998483686971
67725.CFI-400945-52WEEKLY.m1,67725.CFI-400945-52WEEKLY,-34.22890553346429,3.0000607452723704,SD,0.8666785666160277,4561.0362614999995,0.5445884280457249
67725.CFI-402257.m1,67725.CFI-402257,71.57752006949055,124.30691425716441,PD,-0.38477298883301847,22277.0981875,58.75178732749221
67725.CFI-402257.m2,67725.CFI-402257,94.38933457166966,209.24818476406563,PD,-0.33781208841370036,23518.930399750003,52.415248675752856
67725.CFI-402257.m3,67725.CFI-402257,120.50776826995903,248.8062911871157,PD,-0.336553297106412,27825.937944750003,61.71105283515056
67725.CFI-402257.m4,67725.CFI-402257,70.80576494121043,156.56276677819156,PD,-0.08271148117873484,21775.5397325,46.80136742990653
67725.CFI-402257.m5,67725.CFI-402257,0.6759036643376737,9.995743512731249,SD,0.7691894153305555,3807.427766,7.887194676348546
67725.CFI-402257-3ON4OFF+PACLITAXEL.m1,67725.CFI-402257-3ON4OFF+PACLITAXEL,-42.63222153387326,-39.82684226518414,SD,0.8816472789120664,4409.639386,-1.9775593815879526
67725.CFI-402257-3ON4OFF+PACLITAXEL.m2,67725.CFI-402257-3ON4OFF+PACLITAXEL,-22.855249734436956,-20.203975531713624,SD,0.8967023976833411,2938.934664,0.2354378514335363
67725.CX-5461.m1,67725.CX-5461,102.40401580912692,264.2928658144356,PD,0.03122409168202167,12034.163645,50.81180387980768
67725.CX-5461.m2,67725.CX-5461,0.7359569674382449,8.025576937653378,SD,0.8278826005476473,4687.812904750001,3.2885786485280297
67725.ERIBULIN.m1,67725.ERIBULIN,-56.97920379805552,-54.58446711428056,PR,0.9490385422638137,3287.762008,-3.264515934700909
67725.ERIBULIN-LOW.m1,67725.ERIBULIN-LOW,165.20475719534912,666.7268701654367,PD,-0.6941490295755548,30052.28819975,78.87863822505942
67725.ERIBULIN-LOW.m2,67725.ERIBULIN-LOW,87.98302740155268,150.76289368213267,PD,0.194072295762708,16049.261881999999,32.27579410569106
67725.PACLITAXEL.m1,67725.PACLITAXEL,30.82941974571476,48.19373519613266,PD,0.5923133053562559,15742.176062999999,3.218878749351774
67725.PACLITAXEL.m2,67725.PACLITAXEL,29.29129011671623,63.6028854605097,PD,0.5032736533138875,9295.074006750001,12.93629503099304
67725.PACLITAXEL.m3,67725.PACLITAXEL,9.602346354583059,17.303511327042887,SD,0.7889139003299671,4921.9000344999995,3.1245355764284204
67990.BMN-673.m1,67990.BMN-673,-51.678355378946165,-23.104744078530047,PR,0.28616277397098155,4400.5263315,5.6942654603600795
67990.CARBOPLATIN.m1,67990.CARBOPLATIN,-12.904014966838995,24.438487991506385,SD,-0.4233899524571132,10040.49208175,11.750269871169918
67990.CARBOPLATIN.m2,67990.CARBOPLATIN,19.218844699734518,35.77376935020755,PD,-0.10325389725274037,9450.31989325,9.179096198467967
67990.CARBOPLATIN.m3,67990.CARBOPLATIN,9.926684267614228,11.089577917359872,SD,0.6913837753720804,2144.4666657499997,0.6124035896551726
67990.CFI-400945.m1,67990.CFI-400945,-99.59518407660127,-99.59518407660127,CR,0.9647762709290633,1808.3163525,-4.242725494283203
67990.CFI-400945.m2,67990.CFI-400945,-99.67262067944907,-99.67262067944907,CR,0.9647762709290633,2047.1967690000001,-5.159663085751981
67990.CFI-400945.m3,67990.CFI-400945,-99.57133821381066,-98.57112737936887,CR,0.916506716276298,2886.01257275,-3.951875550351804
67990.CFI-400945.m4,67990.CFI-400945,-99.7840428856276,-99.7840428856276,CR,0.9647762709290633,4109.4305487500005,-10.164360706684262
67990.CFI-400945.m5,67990.CFI-400945,-98.97725920501233,-98.97725920501233,CR,0.9986954174418171,915.758743,-2.5547645230870724
67990.CFI-400945.m6,67990.CFI-400945,-98.1745535021757,-96.72940835806479,CR,0.916506716276298,4101.01247725,-6.734060741121495
67990.CFI-400945.m7,67990.CFI-400945,-99.79556059839413,-99.31853532798043,CR,0.9647762709290633,3660.57502675,-9.475618368431984
67990.CFI-400945.m8,67990.CFI-400945,-99.7535625612243,-98.60352118027103,CR,0.916506716276298,4694.32246525,-8.286272633437175
67990.CFI-400945.m9,67990.CFI-400945,-99.61094224924013,-97.79533941236069,CR,0.8721890031087802,2050.7900535,-3.9608651421707184
67990.CFI-400945-41.6WEEKLY.m1,67990.CFI-400945-41.6WEEKLY,-100.0,-99.84009959070796,CR,0.8722515904570091,4421.7160685,-8.380549036244476
67990.CFI-400945-5DAILY.m1,67990.CFI-400945-5DAILY,-87.19207640748027,-81.34154340842805,PR,0.8655302441360825,2980.3800097499998,-2.618469596570926
67990.CFI-400945-6DAILY.m1,67990.CFI-400945-6DAILY,-100.0,-84.63375566654415,CR,0.5441040298382898,2830.0955482500003,3.2514721866028706
67990.CFI-400945-6DAILY.m2,67990.CFI-400945-6DAILY,-96.69886056844359,-84.17649284237412,CR,-0.017079822916480802,12089.701583,-0.8193338755980849
67990.CFI-400945-6DAILY.m3,67990.CFI-400945-6DAILY,-84.89265348481622,-74.1959778912238,PR,-0.2007746344858452,10168.805849,6.438213501196171
67990.CFI-400945-6DAILY.m4,67990.CFI-400945-6DAILY,-100.0,-92.89053163106509,CR,0.21026977427971316,6078.6096765,3.3117924976076556
67990.CFI-400945-6DAILY.m5,67990.CFI-400945-6DAILY,-75.966638690332,-70.8807964055104,PR,0.2743536091610267,6149.6624905,4.095684108851675
67990.CFI-402257.m1,67990.CFI-402257,-7.962365693525353,7.3978136490797874,SD,0.5367392059980349,3745.113498500001,1.7412398198351113
67990.CFI-402257.m2,67990.CFI-402257,-31.376946029335063,-20.8194574405809,SD,0.20147900126130502,6563.1872275000005,1.9609230266731337
67990.CX-5461.m1,67990.CX-5461,-7.802022080164528,9.899325973278494,SD,0.20306761492489034,6572.1442292500005,5.441190267510837
67990.CX-5461.m2,67990.CX-5461,-35.353648278333885,-27.029831353743827,SD,0.7267242711048872,2713.8641965,-1.0495141062057949
67990.CX-5461.m3,67990.CX-5461,3.663008622766739,14.982393768862412,SD,0.046147553515385686,8512.741677,6.826667002414686
67990.ERIBULIN.m1,67990.ERIBULIN,-99.79078998386211,-99.79078998386211,CR,0.9895633395345372,2935.68675375,-9.480026014874142
67990.ERIBULIN.m2,67990.ERIBULIN,-99.78981387598346,-99.78981387598346,CR,0.9647762709290633,3277.12155675,-8.638157428645727
67990.ERIBULIN-LOW.m1,67990.ERIBULIN-LOW,-99.60714281154335,-99.60714281154335,CR,0.9647762709290633,1403.1474549999998,-4.894066190305635
67990.PACLITAXEL.m1,67990.PACLITAXEL,-99.7603651421768,-99.7603651421768,CR,0.9647762709290633,4722.0489237500005,-7.211756964484681
67990.PACLITAXEL.m2,67990.PACLITAXEL,-99.58147721617628,-99.58147721617628,CR,0.9895633395345372,1948.9784675,-5.631750338440113
67990.PACLITAXEL-15DAILY.m1,67990.PACLITAXEL-15DAILY,-97.3802334850533,-95.30625166072048,CR,0.9647762709290633,3158.873729,-6.433123328683383
68941.CDX-011.m1,68941.CDX-011,-42.401566950377365,-11.385714774168665,SD,0.558165173686258,3971.7658265,1.0475596668063705
68941.CDX-011.m2,68941.CDX-011,-100.0,-97.9938722200045,CR,0.8162969401327824,5264.638548249999,-16.602274731050223
68941.CFI-400945.m1,68941.CFI-400945,-50.247140881761986,-36.02904064518921,PR,0.49930246320247995,3883.3388999999997,0.4960349395770399
68941.CFI-400945.m2,68941.CFI-400945,-64.15710035669227,-61.10319326974831,PR,0.6823550195913306,2396.053605,-0.0659209592145016
68941.CFI-400945.m3,68941.CFI-400945,-17.23469705540266,-10.49896507964756,SD,0.2723758422499266,5349.116,3.1675199848942595
68941.CFI-400945.m4,68941.CFI-400945,-76.67055642123945,-65.92717075090897,PR,0.4956422384591107,3630.4419500000004,1.3739773262839878
68941.CFI-400945.m5,68941.CFI-400945,-66.32374641304027,-55.06940475368722,PR,-0.16223653791730808,10622.8381,-1.5241940332326296
68941.CFI-400945.m6,68941.CFI-400945,-69.62866195973368,-61.95453878784487,PR,0.7027252983394634,4508.65428475,-5.618768512695923
68941.CFI-400945.m7,68941.CFI-400945,-56.246333276398566,-55.32083695743163,PR,0.7008062527449057,2423.9223105,-0.8822656979054196
68941.CFI-400945-2ON5OFF.m1,68941.CFI-400945-2ON5OFF,24.39633921054385,36.861395953587994,PD,0.26136957204259204,4345.27405,4.7711028549848935
68941.CFI-400945-2ON5OFF.m10,68941.CFI-400945-2ON5OFF,-13.441205928644173,-0.7562247677723288,SD,-4.358554398020124,24972.593100000002,36.426492673716005
68941.CFI-400945-2ON5OFF.m2,68941.CFI-400945-2ON5OFF,-36.654171850543804,-16.567296758571782,SD,0.4854806355002458,4005.29165,2.401260589123867
68941.CFI-400945-2ON5OFF.m3,68941.CFI-400945-2ON5OFF,4.457176973595511,50.80023945714487,PD,-1.9097506910925537,14358.869850000001,20.63088930513595
68941.CFI-400945-2ON5OFF.m4,68941.CFI-400945-2ON5OFF,-65.03189755154206,-39.19612615312526,PR,0.4831075227545448,2930.772895,4.082945817220544
68941.CFI-400945-2ON5OFF.m5,68941.CFI-400945-2ON5OFF,3.0674158063054735,11.206826996973241,SD,-0.017714337360931642,6066.68245,6.109207688821752
68941.CFI-400945-2ON5OFF.m6,68941.CFI-400945-2ON5OFF,-51.0382472348436,-45.739620425742075,PR,0.5964501664810401,3374.12179,1.1737533232628394
68941.CFI-400945-2ON5OFF.m7,68941.CFI-400945-2ON5OFF,49.513954055432016,72.38306351305752,PD,-0.39351813156651794,9348.4832,12.110338987915405
68941.CFI-400945-2ON5OFF.m8,68941.CFI-400945-2ON5OFF,-13.678423187711575,3.9381102174739,SD,0.6105133276828372,3685.0899,2.1408138066465257
68941.CFI-400945-2ON5OFF.m9,68941.CFI-400945-2ON5OFF,-45.99892616884416,-36.10601684674979,SD,0.8256237485772504,1668.2712549999999,0.772293513595166
68941.CFI-402257-2ON5OFF+PACLITAXEL-15DAILY.m1,68941.CFI-402257-2ON5OFF+PACLITAXEL-15DAILY,35.83493630648671,59.579018649507674,PD,-0.2660688866083043,8061.013533750001,5.20680326100629
68941.CFI-402257-2ON5OFF+PACLITAXEL-15DAILY.m2,68941.CFI-402257-2ON5OFF+PACLITAXEL-15DAILY,-58.52401132827594,-47.73332114221489,PR,0.6890425171269432,2430.316997,-0.6494332356164378
68941.CX-5461.m1,68941.CX-5461,-50.46072588754092,-44.07581450851544,PR,0.05592376615865968,5767.53989,-1.4399949743730414
68941.ERIBULIN-EXTRALOW.m1,68941.ERIBULIN-EXTRALOW,-48.88392305161244,-46.304239085615194,SD,0.7420876568965324,2148.9551892500003,-1.077519046803653
68941.PACLITAXEL-15DAILY.m1,68941.PACLITAXEL-15DAILY,-59.24695367845878,-54.01712694449472,PR,0.45218776143694306,3359.4948059999997,-1.429902843378995
69196.BMN-673.m1,69196.BMN-673,-42.06114742420333,-32.650839867840396,SD,0.5974077030731786,5188.7642885,-3.335994010767531
69196.BMN-673.m2,69196.BMN-673,-19.748866483830675,-14.209086884380518,SD,0.596539949100448,3582.81049625,1.2434101239523971
69196.CARBOPLATIN.m1,69196.CARBOPLATIN,-36.68522599468156,-29.338658280162278,SD,0.7054766994972375,2389.4541645,-0.3230825162587998
69196.CDX-011.m1,69196.CDX-011,-97.04321316243228,-93.19409971954569,CR,0.8629189655521796,2500.41104875,-2.9233732847523894
69196.CFI-400945.m1,69196.CFI-400945,-59.51465459463674,-19.242053291985485,SD,0.7649424753250779,2041.9198000000001,-10.461674676923082
69196.CFI-400945.m10,69196.CFI-400945,-53.62464944498684,-43.21635093355787,PR,0.6145919992421404,3222.8940905,-13.623742790322584
69196.CFI-400945.m11,69196.CFI-400945,-63.96588150222693,-53.388162729356466,PR,0.6439873326165024,2874.557454,-14.505047201612907
69196.CFI-400945.m12,69196.CFI-400945,77.67597654889633,80.73511753905953,PD,0.4139998511180647,5780.0009455,2.605041211521549
69196.CFI-400945.m13,69196.CFI-400945,-97.64740202605738,-93.92245523398155,CR,0.9302435038173091,2582.3354999999997,-5.632307079504775
69196.CFI-400945.m2,69196.CFI-400945,-64.52266591158515,-1.7510414528049134,SD,0.7957984338727856,2416.26159925,-13.422013446153851
69196.CFI-400945.m3,69196.CFI-400945,-18.476886674668258,-18.476886674668258,SD,0.17347377489803373,1311.23837,-16.683552249999988
69196.CFI-400945.m4,69196.CFI-400945,-65.24916951541258,-59.07473997589686,PR,0.7354161112538198,3515.7970192499997,-0.5724505434839045
69196.CFI-400945.m5,69196.CFI-400945,-99.56054894994709,-95.75197318282194,CR,0.7478743028076729,3879.22400575,-1.7522881571910696
69196.CFI-400945.m6,69196.CFI-400945,-86.62960392875718,-86.62960392875718,PR,0.6632246577791314,3768.864086,-0.35144772326064366
69196.CFI-400945.m7,69196.CFI-400945,-16.528403949916648,27.57766675845148,SD,0.3116896816829404,6733.100095250001,3.3273098659138105
69196.CFI-400945.m8,69196.CFI-400945,-99.45077977600877,-99.45077977600877,CR,0.9621043005217489,1482.628223,-4.180273223779854
69196.CFI-400945.m9,69196.CFI-400945,-44.64794083279272,-19.006937664660427,SD,0.661655977931129,3321.0054085,-10.691557157258066
69196.CFI-400945+CFI-402257.m1,69196.CFI-400945+CFI-402257,32.98809425477693,46.00237456024357,PD,0.20197166933507404,5603.082484250001,4.301269367601245
69196.CFI-400945+CFI-402257.m2,69196.CFI-400945+CFI-402257,-23.891600423953374,-17.793637755402457,SD,0.33154421269942713,5698.15210125,3.595199008307372
69196.CFI-400945+CFI-402257.m3,69196.CFI-400945+CFI-402257,39.7357140561047,88.35601326248847,PD,0.06983625946462879,7028.519361,5.300810303997923
69196.CFI-400945+CFI-402257.m4,69196.CFI-400945+CFI-402257,13.204993971488044,15.597393885796418,SD,0.3444977992935707,5651.95716675,2.6070204994807895
69196.CFI-400945+CFI-402257.m5,69196.CFI-400945+CFI-402257,10.204813916161637,67.08039721369981,PD,0.4557290402562918,1801.434818,11.161391599999993
69196.CFI-400945-2ON5OFF.m1,69196.CFI-400945-2ON5OFF,-48.55654429846046,-44.64527597715995,SD,0.5541539390669642,3903.5273235,0.5834007026220145
69196.CFI-400945-2ON5OFF.m2,69196.CFI-400945-2ON5OFF,-88.29501981184946,-88.29501981184946,PR,0.9621043005217489,2388.2084732499998,-2.5456724741692627
69196.CFI-400945-2ON5OFF.m3,69196.CFI-400945-2ON5OFF,-37.85882214128975,-27.409405644900154,SD,0.41203559069510876,4899.60800825,1.5151670815160951
69196.CFI-400945-2ON5OFF.m4,69196.CFI-400945-2ON5OFF,-30.19354438196712,-14.63334662335849,SD,-0.13254489691130455,7698.069081,4.494360408489096
69196.CFI-400945-41.6WEEKLY.m1,69196.CFI-400945-41.6WEEKLY,-99.60385993805764,-98.6795331268588,CR,0.9887716445990368,1412.3782212499998,-4.722484747538784
69196.CFI-400945-5DAILY.m1,69196.CFI-400945-5DAILY,-29.441466843200324,-18.77284533082958,SD,0.673130896788342,3166.0434095,0.3945089155156536
69196.CFI-402257.m1,69196.CFI-402257,-24.427825621069864,-20.80735817276721,SD,0.4973576794719031,3265.589957,1.1258950186464085
69196.CFI-402257-2ON5OFF.m1,69196.CFI-402257-2ON5OFF,-2.4884719953389256,7.2077401527900875,SD,-0.022999159816810888,7062.572291,7.218302223722046
69196.CFI-402257-2ON5OFF.m2,69196.CFI-402257-2ON5OFF,-18.008175069838693,-9.319361076848843,SD,0.5466662050019999,3638.480053,2.1910456723642175
69196.CFI-402257-2ON5OFF+PACLITAXEL-15DAILY.m1,69196.CFI-402257-2ON5OFF+PACLITAXEL-15DAILY,-63.281385871651544,-55.10489806080736,PR,0.7527618936301582,3974.9974005000004,-3.076839193396228
69196.CFI-402257-3ON4OFF+PACLITAXEL.m1,69196.CFI-402257-3ON4OFF+PACLITAXEL,-97.2952175388914,-95.15393142384707,CR,0.9349194640007416,1572.1518395000003,-5.024635833969465
69196.CFI-402257-3ON4OFF+PACLITAXEL-15DAILY.m1,69196.CFI-402257-3ON4OFF+PACLITAXEL-15DAILY,-76.69154719663447,-68.250603248534,PR,0.8181840018148917,4511.3715205,-3.6213552310905897
69196.CX-5461.m1,69196.CX-5461,7.599543956380783,32.48789340940188,PD,0.2895595967219057,6065.89511175,2.266156465764771
69196.CX-5461.m2,69196.CX-5461,-13.95750538732493,-9.769730658844988,SD,0.49432174410669094,5602.6485405,-0.9088432582040573
69196.ERIBULIN.m1,69196.ERIBULIN,-99.62943375105537,-99.62943375105537,CR,0.9887716445990368,1527.69823625,-6.331452230053635
69196.ERIBULIN-LOW.m1,69196.ERIBULIN-LOW,-96.0425489896447,-89.77658488991548,CR,0.9621043005217489,1425.7567962499998,-3.422287977807487
69196.EVEROLIMUS.m1,69196.EVEROLIMUS,-26.279225715840127,-22.12464885134584,SD,0.5047789992182151,4649.2969025,-0.2112327546143707
69196.PACLITAXEL.m1,69196.PACLITAXEL,-93.4114218127326,-87.39222692559942,PR,0.8735820153650371,3612.6033595,-8.514580027829314
69196.PACLITAXEL-15DAILY.m1,69196.PACLITAXEL-15DAILY,-47.15969583749441,-34.134758927108585,SD,0.4838506472400461,5193.606776750001,0.8012709299631796
69196.PACLITAXEL-15DAILY.m2,69196.PACLITAXEL-15DAILY,-29.585883030023375,-24.131045141829155,SD,0.6436126129223394,3099.3362615,1.4503438757695695
69196.PACLITAXEL-15DAILY.m3,69196.PACLITAXEL-15DAILY,-14.064535801971157,-1.38743554184394,SD,0.5624188844537945,4673.947345250001,1.0576041076947844
69196.UNC0642.m1,69196.UNC0642,0.9411764705882453,34.808366333390126,PD,-0.4821441480462467,8194.092686,10.736617548085622
69196.UNC0642.m2,69196.UNC0642,-24.36864453521531,-3.697868053867426,SD,0.3376685086212188,3787.22521675,4.295698711938499
69693.ADC-CONTROL.m1,69693.ADC-CONTROL,-21.236089487872047,16.76721574358535,SD,0.3385191264859355,4200.307343750001,5.948077149958053
69693.ADC-CONTROL.m2,69693.ADC-CONTROL,-23.316232267035197,1.6457143530593576,SD,-0.1101920094868265,6639.6174025,13.266775409101577
69693.ADC-CONTROL.m3,69693.ADC-CONTROL,51.901653172138175,123.9670771390148,PD,0.1766833322540472,3825.0286672499997,10.160836412601624
69693.AZD-5305.m1,69693.AZD-5305,-61.558940992342194,-48.604130179479455,PR,0.8392075767769522,2462.1529649999998,-0.2725788253577294
69693.AZD-5305.m2,69693.AZD-5305,-74.92570229593407,-61.60183470709254,PR,0.9025959297535855,1642.4731095000002,-1.7345297041989218
69693.AZD-8205.m1,69693.AZD-8205,-93.68733044695637,-88.42677248608666,PR,0.9686076925217334,1076.5599335000002,-2.7820362556627525
69693.AZD-8205.m2,69693.AZD-8205,-96.75238773080501,-91.61033497124629,CR,0.9581435900289779,1506.8575202499999,-4.512768459300962
69693.AZD-8205.m3,69693.AZD-8205,-95.91970229127843,-95.91970229127843,CR,0.9581435900289779,1412.6796855,-2.7502775017593257
69693.BMN-673.m1,69693.BMN-673,-73.18440739422559,-40.32694088692435,PR,0.7365381759501988,3450.0120885000006,-0.3825775529315962
69693.BMN-673.m2,69693.BMN-673,-72.20873275986033,-66.65636254975773,PR,0.9075604534302774,2060.1664790000004,-3.880219034676663
69693.CFI-400945.m1,69693.CFI-400945,6.3943035676499616,152.45171552817266,PD,-0.5938004168572626,11324.989301,24.820082602870805
69693.CFI-400945.m2,69693.CFI-400945,-34.54232330163709,167.003899462082,PD,-0.11488489785226519,5827.8418545,17.091572153110043
69693.CFI-400945.m3,69693.CFI-400945,16.63895829527999,34.76347350656819,PD,0.28528856265514346,6076.812929750001,5.220300555023922
69693.CFI-400945.m4,69693.CFI-400945,-37.32706960648202,-35.197456999796806,SD,0.3675648252625381,6021.78094925,-0.25341703708133845
69693.CFI-400945.m5,69693.CFI-400945,-2.1176652850204425,107.28127154939449,PD,0.0333465306809283,6468.4815770000005,12.186879072966505
69693.CFI-400945.m6,69693.CFI-400945,38.22216307454032,50.6874487389551,PD,0.8273210272104194,2061.4662980000003,0.4601052952755899
69693.CFI-400945.m7,69693.CFI-400945,15.84422961707923,20.536919952362354,SD,0.8364759007303353,1745.2101295,1.0678592057086609
69693.CFI-400945.m8,69693.CFI-400945,-35.775242226360824,-19.01397671600067,SD,0.9112902153381802,1038.296678,-0.8007175700915142
69693.CFI-400945.m9,69693.CFI-400945,13.29304266668936,25.730104214667016,SD,0.8477518292226838,1429.5260945,0.6026959153543302
69693.CFI-400945-2ON5OFF.m1,69693.CFI-400945-2ON5OFF,-35.50710293809192,-21.062646684476128,SD,0.832783758433572,1792.9428779999998,1.2273537450787393
69693.CFI-400945-2ON5OFF.m2,69693.CFI-400945-2ON5OFF,67.1418734386176,76.47212123439957,PD,0.4162241215031308,3344.2046920000003,7.6914341437007865
69693.CFI-400945-2ON5OFF.m3,69693.CFI-400945-2ON5OFF,98.45222981372217,225.77126744021228,PD,0.7300655844250998,2387.3841897499997,3.306780908464565
69693.CFI-400945-2ON5OFF.m4,69693.CFI-400945-2ON5OFF,32.8777769880126,88.03753350917913,PD,0.6080928618880812,2314.178477,4.8559230748031466
69693.CX-5461.m1,69693.CX-5461,-25.87504829812868,-8.666737056510353,SD,0.4071148528672345,6901.34867125,4.077809742665549
69693.DATOPOTAMAB-CONTROL.m1,69693.DATOPOTAMAB-CONTROL,153.6108380542794,253.79892888007336,PD,-0.29956970516340564,6221.271205249999,20.18499506125655
69693.DATOPOTAMAB-CONTROL.m2,69693.DATOPOTAMAB-CONTROL,16.6758348114292,108.77095307885062,PD,0.1092974979579463,6134.3075149999995,10.376270257142863
69693.DATOPOTAMAB-DERUXTECAN.m1,69693.DATOPOTAMAB-DERUXTECAN,-96.61556869200005,-75.61280727244795,CR,0.990698575561995,1055.031686,-5.64737887329843
69693.DATOPOTAMAB-DERUXTECAN.m2,69693.DATOPOTAMAB-DERUXTECAN,-100.0,-99.76870229097328,CR,0.9988373219452494,1640.620104,-5.132405017049043
69693.DATOPOTAMAB-DERUXTECAN.m3,69693.DATOPOTAMAB-DERUXTECAN,-96.8901350808701,-77.14870013477378,CR,0.990698575561995,1097.724136,-5.584003537172776
69693.SACITUZAMAB-GOVITECAN.m1,69693.SACITUZAMAB-GOVITECAN,-95.20682976908934,-84.15590951448978,CR,0.9860478633429927,1654.0129200000001,-4.886496114285717
69693.SACITUZAMAB-GOVITECAN.m2,69693.SACITUZAMAB-GOVITECAN,-97.513955712594,-94.61357071062034,CR,0.9255886044959606,1842.1785985,-4.257630621658596
69693.TRASTUZUMAB-CONTROL.m1,69693.TRASTUZUMAB-CONTROL,22.79268770849705,88.35311081977595,PD,-0.09541422607618943,6100.237782,11.708004086538462
69693.TRASTUZUMAB-CONTROL.m2,69693.TRASTUZUMAB-CONTROL,-22.568577920564636,-15.307101449878468,SD,0.6232242238339145,2685.9253255,1.757397220871752
69693.TRASTUZUMAB-DERUXTECAN.m1,69693.TRASTUZUMAB-DERUXTECAN,-96.18916845826561,-92.53712156410347,CR,0.9686076925217334,646.867455,-2.271181801620712
70620.BMN-673.m1,70620.BMN-673,14.284278273845818,19.02405986393305,SD,0.34595241434077295,5346.47309625,2.540068252631578
70620.CARBOPLATIN.m1,70620.CARBOPLATIN,0.07677328947786055,20.887754660328262,SD,-0.5072724142306713,9697.917789000001,11.920765079097745
70620.CARBOPLATIN.m2,70620.CARBOPLATIN,35.586932882492064,41.5121297092115,PD,0.18655366500913928,6145.445915,4.799476729674795
70620.CFI-400945.m1,70620.CFI-400945,-9.268667808705244,10.41555496143145,SD,0.5514206289944106,3470.02989975,1.9334589539295395
70620.CFI-400945.m2,70620.CFI-400945,-43.99008988858652,-33.045056863646096,SD,0.47893409982581014,2770.0833925,2.296836224494631
70620.CFI-400945-41.6WEEKLY.m1,70620.CFI-400945-41.6WEEKLY,-12.519758455530017,-7.544114645373634,SD,0.6148073799720251,3249.8065207499994,1.1261019417344176
70620.CFI-400945-41.6WEEKLY.m2,70620.CFI-400945-41.6WEEKLY,-88.84441515290855,-68.27366653778937,PR,0.8379051348184708,3838.96329625,-3.1662463294377776
70620.CFI-402257.m1,70620.CFI-402257,-60.98388429407199,-50.876557610534014,PR,0.6627010627125796,2053.1136030000002,-1.0346842035368327
70620.CFI-402257.m2,70620.CFI-402257,-9.856761394012125,4.861900228590765,SD,0.15526256097977287,5083.91939,5.357524068267419
70620.CFI-402257.m3,70620.CFI-402257,-7.250154571904077,0.5702610521106433,SD,0.46791360690982875,3216.6251764999997,3.646822793219524
70620.CFI-402257-2ON5OFF.m1,70620.CFI-402257-2ON5OFF,28.710305650372312,81.97259811029546,PD,-1.9579046266750328,14316.0634265,27.978380562106924
70620.CFI-402257-2ON5OFF+PACLITAXEL-15DAILY.m1,70620.CFI-402257-2ON5OFF+PACLITAXEL-15DAILY,-11.21913928122007,7.369973950255471,SD,-3.9154352209172716,16979.397419,49.90024287539937
70620.CFI-402257-3ON4OFF+PACLITAXEL.m1,70620.CFI-402257-3ON4OFF+PACLITAXEL,-59.98000830260675,-58.81595814898404,PR,0.6264855904811589,7291.3901535,-8.682878636178861
70620.CX-5461.m1,70620.CX-5461,-37.02142282398317,-30.81671341828137,SD,0.5961382778913065,2809.9208505,-0.03031941279069735
70620.ERIBULIN.m1,70620.ERIBULIN,-11.546602519120485,-7.955220444240929,SD,0.41427636547855773,7055.331047,3.44118174556391
70620.ERIBULIN-LOW.m1,70620.ERIBULIN-LOW,-44.36646298354232,-38.208214423723255,SD,0.3514655682309563,5075.8927595,-3.148612860849058
70620.ERIBULIN-LOW.m2,70620.ERIBULIN-LOW,-19.76399891374906,-15.621488986703103,SD,-0.30491563046138603,8167.0353992499995,9.52878261320755
70620.EVEROLIMUS.m1,70620.EVEROLIMUS,-1.7292490501613855,10.162772917982421,SD,-0.30243903800968264,7576.6714245,8.179025631591335
70620.PACLITAXEL.m1,70620.PACLITAXEL,-38.088490307718835,-34.714241509359766,SD,0.43322516836334213,4875.268785,-0.2504654268292682
70620.PACLITAXEL.m2,70620.PACLITAXEL,-39.97263709953256,-32.34038597133085,SD,0.7441946389331604,3104.0720302500004,-0.8007100240840183
70620.PACLITAXEL-15DAILY.m1,70620.PACLITAXEL-15DAILY,21.55507531834424,29.82789019767884,SD,-1.4098690741902251,8495.593074,25.563231734276737
70620_945_WEEKLY.CFI-400945-52WEEKLY.m1,70620_945_WEEKLY.CFI-400945-52WEEKLY,5.555319545256743,25.00985488432914,SD,0.6210088711129508,6398.6636315000005,2.6018979023387088
71208.BMN-673.m1,71208.BMN-673,-57.78750544646816,-49.169026515927236,PR,0.3615194694354559,3972.2298359999995,-1.6075148076437151
71208.BMN-673.m2,71208.BMN-673,-72.00513722263919,-65.18154699098382,PR,0.7425325356945789,3312.83912375,-5.269409077586207
71208.CARBOPLATIN.m1,71208.CARBOPLATIN,21.28344396019277,24.832746526205508,SD,0.34047163751469944,3880.1543285,1.4902989211890239
71208.CFI-400945.m1,71208.CFI-400945,-66.8576025722789,-59.575510302500625,PR,0.277354259316398,3812.193945,-2.3935326167500004
71208.CFI-400945.m10,71208.CFI-400945,-48.301991776356004,-47.89450470504906,SD,0.15330437813531128,4940.883876,-3.5667046648749983
71208.CFI-400945.m11,71208.CFI-400945,-22.9387721067006,-15.468061591521941,SD,0.3297419291664405,4120.54655675,-1.4004615446936206
71208.CFI-400945.m2,71208.CFI-400945,-86.47955031985879,-80.30354244127575,PR,0.8234181181122547,2457.713176,-2.466700876875
71208.CFI-400945.m3,71208.CFI-400945,-88.92124068973894,-56.885850755708155,PR,0.5401713627836412,2910.5664,-3.7642865788749997
71208.CFI-400945.m4,71208.CFI-400945,-99.5484060832392,-97.44096780502218,CR,0.9255045185786075,2410.43082525,-4.636275050625001
71208.CFI-400945.m5,71208.CFI-400945,-48.301991776356004,-48.173243957136606,SD,0.15330437813531128,4940.883876,-3.5667046648749983
71208.CFI-400945.m6,71208.CFI-400945,-60.38747637944066,-55.097379298941796,PR,0.277354259316398,4660.425846,-2.7405365762500002
71208.CFI-400945.m7,71208.CFI-400945,-86.47955031985879,-80.30354244127575,PR,0.8234181181122547,2457.713176,-2.466700876875
71208.CFI-400945.m8,71208.CFI-400945,-88.92124068973894,-56.885850755708155,PR,0.5401713627836412,2910.5664,-3.7642865788749997
71208.CFI-400945.m9,71208.CFI-400945,-99.5484060832392,-97.44096780502218,CR,0.9255045185786075,1562.19892425,-4.289271091125
71208.CFI-400945-41.6WEEKLY.m1,71208.CFI-400945-41.6WEEKLY,-24.01411907343637,-18.418250144038183,SD,0.03363690058073088,2412.9524525,-1.6782117525773188
71208.CFI-402257.m1,71208.CFI-402257,-9.688886888368419,-1.5890257452401468,SD,0.1535911691842322,2944.773753,1.4412652776637
71208.CFI-402257.m2,71208.CFI-402257,-26.770798496517234,-22.896407821765074,SD,0.16319060173835476,4268.6147325,-0.8061906405430074
71208.CFI-402257-3ON4OFF+PACLITAXEL.m1,71208.CFI-402257-3ON4OFF+PACLITAXEL,-90.17203109726609,-85.68271196885676,PR,0.7910466971062562,2268.81802075,-4.398082828542093
71208.CFI-402257-3ON4OFF+PACLITAXEL.m2,71208.CFI-402257-3ON4OFF+PACLITAXEL,-88.93398213751267,-88.93398213751267,PR,0.9255045185786075,1485.7880327500002,-3.8492994723933363
71208.CX-5461.m1,71208.CX-5461,18.08257660212911,20.17774756646522,SD,-0.3311547911534354,6450.458470250001,2.0894281965930013
71208.CX-5461.m2,71208.CX-5461,-8.734133805597777,-2.986003639420143,SD,0.39078249750184924,2111.693797,-0.9613861417721528
71208.ERIBULIN.m1,71208.ERIBULIN,0.37135629600837383,9.100751654048956,SD,-2.8936304956247842,7255.554787749999,16.525919796961322
71208.PACLITAXEL.m1,71208.PACLITAXEL,-63.57631568392963,-58.416559536396264,PR,0.5136315611860773,2752.59644175,-2.7811049280980766
71335.BMN-673.m1,71335.BMN-673,-7.633131721086284,-5.028308809655857,SD,0.8005571060734507,4046.73611925,0.7890039493454752
71335.BMN-673.m2,71335.BMN-673,-28.25141356823081,-13.416949646117216,SD,0.7936162072783558,3446.1448600000003,1.3989190632511066
71335.BMN-673.m3,71335.BMN-673,-46.767091185039725,-42.49669013132742,SD,0.8723132896324386,2160.7882535000003,0.5143430490886491
71335.CARBOPLATIN.m1,71335.CARBOPLATIN,-16.46249309679838,-7.227762147474581,SD,0.24937667548763498,7509.281309,15.207670200778214
71335.CARBOPLATIN.m2,71335.CARBOPLATIN,180.58221713642445,180.58221713642445,PD,-1.5590809252551319,7939.293678,209.28391499999992
71335.CFI-400945.m1,71335.CFI-400945,6.310982186032255,23.429833610909068,SD,0.6277962840698394,7127.220825999999,0.6018929184641932
71335.CFI-400945.m2,71335.CFI-400945,-68.47070996424442,-66.43059581657891,PR,0.917578049494508,1927.8572024999999,-1.5936727396283092
71335.CFI-400945.m3,71335.CFI-400945,17.69458686542238,28.184221338688033,SD,0.741344721783451,6439.972638,0.4765657749782796
71335.CFI-400945.m4,71335.CFI-400945,-68.47070996424442,-66.43059581657891,PR,0.917578049494508,1927.8572024999999,-1.5936727396283092
71335.CFI-400945.m5,71335.CFI-400945,-15.917053862276209,-8.749416978477964,SD,0.6430662787325807,7983.57317325,2.520662812619808
71335.CFI-400945.m6,71335.CFI-400945,154.5400938822801,228.92672301301974,PD,-1.204617618170639,22914.059327,53.69305073691861
71335.CFI-400945.m7,71335.CFI-400945,-67.36680573098447,-22.892785244694537,PR,0.8689942231397857,2390.906435,-1.6881483851744186
71335.CFI-400945.m8,71335.CFI-400945,-29.015910741718255,19.403857929235024,SD,0.008213765497771641,8751.311802,17.11430332758621
71335.CFI-400945-3.75DAILY.m1,71335.CFI-400945-3.75DAILY,19.523059460119917,29.062675349236635,SD,0.7916314842464154,4020.4111695,2.2265036357660923
71335.CFI-400945-3.75DAILY.m2,71335.CFI-400945-3.75DAILY,-7.461222950307766,0.5606126681436674,SD,0.7601351419456843,4242.487113,2.8520114536039762
71335.CFI-400945-5DAILY.m1,71335.CFI-400945-5DAILY,-100.0,-99.72429002976709,CR,0.9822929780720855,1369.7554074999998,-3.5098248180458627
71335.CFI-400945-5DAILY.m2,71335.CFI-400945-5DAILY,-25.885205425599157,-14.642801718141108,SD,0.8448339426518054,3202.907669,0.11157573844061627
71335.CFI-400945-5DAILY.m3,71335.CFI-400945-5DAILY,62.74414838692471,72.42132630212599,PD,-0.13172009643297278,6419.146305,30.02884142916959
71335.CFI-400945-5DAILY.m4,71335.CFI-400945-5DAILY,6.820096153946031,60.02156525024645,PD,0.14259385213579145,8046.524396000001,17.73067545689656
71335.CFI-402257.m1,71335.CFI-402257,-11.069352647505005,-7.625586594171818,SD,0.748244195984469,4721.361512500001,3.690448611601278
71335.CFI-402257.m2,71335.CFI-402257,-11.069352647505005,-7.625586594171818,SD,0.748244195984469,4721.361512500001,3.690448611601278
71335.CFI-402257+ABT263.m1,71335.CFI-402257+ABT263,-8.76398768890445,-0.032939449653979214,SD,0.7676030167971134,3366.5006160000003,2.6438554310498215
71335.CFI-402257+ABT263.m2,71335.CFI-402257+ABT263,9.519795536153408,46.30908204141004,PD,0.6377712922211483,5073.910547,7.00315677980427
71335.CFI-402257+ABT263.m3,71335.CFI-402257+ABT263,-49.960646581697766,-34.398824835902886,SD,0.8292450727242143,2933.04345075,-0.6864394648576514
71335.CFI-402257-2ON5OFF.m1,71335.CFI-402257-2ON5OFF,12.997011025389726,45.750215212144084,PD,-0.23287449168764374,9571.27441575,38.07929383773087
71335.CFI-402257-2ON5OFF.m2,71335.CFI-402257-2ON5OFF,24.516682153656653,48.98367345875971,PD,0.16428610298646518,11853.57659475,26.58513058061534
71335.CFI-402257-2ON5OFF+PACLITAXEL-15DAILY.m1,71335.CFI-402257-2ON5OFF+PACLITAXEL-15DAILY,-11.68355926008987,42.89531894557079,PD,-0.13213071702495616,14416.02506925,26.44679083586263
71335.CFI-402257-2ON5OFF+PACLITAXEL-15DAILY.m2,71335.CFI-402257-2ON5OFF+PACLITAXEL-15DAILY,-7.867932349337369,145.60932519401834,PD,-0.4376512134619479,10161.69385025,56.43921871899738
71335.CFI-402257-2ON5OFF+PACLITAXEL-15DAILY.m3,71335.CFI-402257-2ON5OFF+PACLITAXEL-15DAILY,21.236956427712194,101.92799010961919,PD,-1.060916448291818,14159.5525915,86.86865625329817
71335.CFI-402257-3ON4OFF.m1,71335.CFI-402257-3ON4OFF,-19.909329379562045,-5.817628570842359,SD,0.5857305482406173,5166.021918,7.306314686178677
71335.CFI-402257-3ON4OFF.m2,71335.CFI-402257-3ON4OFF,16.592912058978413,37.36082104616467,PD,0.5143499522586362,5595.156288,9.726289544669243
71335.CFI-402257-3ON4OFF+PACLITAXEL.m1,71335.CFI-402257-3ON4OFF+PACLITAXEL,-60.79171034291977,-56.7679395377375,PR,0.6174805173978406,8428.366089,-3.281416807500755
71335.CFI-402257-3ON4OFF+PACLITAXEL.m2,71335.CFI-402257-3ON4OFF+PACLITAXEL,-74.66074099627689,-73.58090508648947,PR,0.9146290289368141,2862.3141860000005,-2.593235026211671
71335.CX-5461.m1,71335.CX-5461,-11.277116687561218,4.307634291641382,SD,0.6822677424343185,4590.31892275,4.754920713147412
71335.ERIBULIN.m1,71335.ERIBULIN,-27.968736430742513,-10.698969653109447,SD,0.5997658539062407,5022.48884175,4.368521711939178
71335.ERIBULIN.m2,71335.ERIBULIN,-88.07814194023445,-76.6318974707257,PR,0.6940742049148377,10711.829114749999,-18.90324042206697
71335.ERIBULIN.m3,71335.ERIBULIN,-27.968736430742513,-10.698969653109447,SD,0.5997658539062407,5022.48884175,4.368521711939178
71335.ERIBULIN-EXTRALOW.m1,71335.ERIBULIN-EXTRALOW,-88.07814194023445,-76.6318974707257,PR,0.6940742049148377,10711.829114749999,-18.90324042206697
71335.PACLITAXEL.m1,71335.PACLITAXEL,-33.115285363129665,-24.82839841641419,SD,0.8300285258117556,4146.69343025,-0.06356036213401729
71335.PACLITAXEL.m3,71335.PACLITAXEL,19.14403821308841,47.3271780441598,PD,-0.0961374686120775,12591.995539,18.323871457236848
71335.PACLITAXEL.m4,71335.PACLITAXEL,58.58680042187521,253.00186257346294,PD,-1.3935225668954567,13094.597716,63.83089183860758
71335.PACLITAXEL-15DAILY.m1,71335.PACLITAXEL-15DAILY,15.098386129770347,115.37128452976705,PD,-1.5258181153631125,17913.1281745,93.8659661398417
71335.PACLITAXEL-15DAILY.m2,71335.PACLITAXEL-15DAILY,-7.396594512281007,62.342290310891244,PD,-0.9742390977462532,12805.552381500002,71.4474370079156
71732.CARBOPLATIN.m1,71732.CARBOPLATIN,50.29832191258936,88.8555820680969,PD,0.6636913254173364,10592.03411425,14.656072320114477
71732.CARBOPLATIN.m2,71732.CARBOPLATIN,105.16243321251699,156.5337534999418,PD,0.7415932986736435,7994.46808375,14.195105520441542
71732.CFI-400945.m1,71732.CFI-400945,1.980861036070558,9.091598106265696,SD,0.943772341156188,3816.557519,0.41512319467984937
71732.CFI-400945.m10,71732.CFI-400945,-15.045058490892993,1.0230884302117493,SD,0.6789639452718188,7705.6467715,6.988192169732445
71732.CFI-400945.m11,71732.CFI-400945,2.0207087731821005,9.59021095422794,SD,0.5330183214356528,9953.288647000001,20.18766699331104
71732.CFI-400945.m12,71732.CFI-400945,-56.30587997236234,-32.53203602125576,PR,0.37786659402093636,7727.865615250001,33.17245491053512
71732.CFI-400945.m13,71732.CFI-400945,-18.75626307950219,-5.703457120436283,SD,0.7424100457154601,5710.94239,6.155265390468229
71732.CFI-400945.m2,71732.CFI-400945,-81.67408433026904,-57.04588688151979,PR,0.9557214755424717,7049.72754725,-3.211422640772127
71732.CFI-400945.m3,71732.CFI-400945,-78.62381080727837,-71.99893292170178,PR,0.9638477090398382,4238.27588975,-5.487376905131824
71732.CFI-400945.m4,71732.CFI-400945,-78.81259552239581,-69.56050685263874,PR,0.9621162774804435,4667.87396725,-5.08260472457627
71732.CFI-400945.m5,71732.CFI-400945,0.45355949351564284,16.317568321937404,SD,0.8306763577576326,7191.073810999998,3.5458260952986023
71732.CFI-400945.m6,71732.CFI-400945,-52.32053918506179,-47.24759383628735,PR,0.9702992149109557,3182.4460602500003,-3.422369150952986
71732.CFI-400945.m7,71732.CFI-400945,-16.016348246884917,0.19649265429111384,SD,0.8825432886583293,3746.1588939999997,4.759889077763659
71732.CFI-400945.m8,71732.CFI-400945,16.510118791693394,34.802342622234185,PD,0.7874784871198193,5721.1702534999995,6.286587125921219
71732.CFI-400945.m9,71732.CFI-400945,-3.4085380033009094,9.742160535391386,SD,0.7359758392396268,6415.0369665,7.441813981605351
71732.CFI-402257-3ON4OFF.m1,71732.CFI-402257-3ON4OFF,126.54448394042474,183.88346156678023,PD,0.44730491238406933,14317.6242035,27.96983821676803
71732.CFI-402257-3ON4OFF.m2,71732.CFI-402257-3ON4OFF,136.37377282385478,239.1201947589685,PD,-0.024513159789286476,13483.182217,97.31702147157624
71732.CFI-402257-3ON4OFF.m3,71732.CFI-402257-3ON4OFF,88.59834462528508,179.4025893337813,PD,0.5346184528622985,11532.1504575,23.9289777943093
71732.CFI-402257-LOW+PACLITAXEL.m1,71732.CFI-402257-LOW+PACLITAXEL,16.326269972087417,37.66687602524228,PD,0.7168225937886874,4941.168376,15.341981122236339
71732.CFI-402257-LOW+PACLITAXEL.m2,71732.CFI-402257-LOW+PACLITAXEL,-12.113050034419825,19.973381629698416,SD,0.5916570910629326,14664.064615750001,20.97621321092758
72642.CFI-400945.m1,72642.CFI-400945,5.737461234011398,22.72869130824624,SD,0.7797085871938988,4035.7134109999997,7.456085496768982
72642.CFI-400945.m2,72642.CFI-400945,-93.9688111998392,-89.19412006637856,PR,0.990847761226269,567.425922,-2.473992426494347
72642.CFI-400945.m3,72642.CFI-400945,-7.393898860052916,-3.0164027442038055,SD,0.7757319028377576,4217.432574,4.6960491647819085
72642.CFI-400945.m4,72642.CFI-400945,-43.224710953642585,-14.96786167627625,SD,0.6929000746127876,13269.72566,-12.239334839403979
72642.CFI-400945.m5,72642.CFI-400945,-9.748891429920203,-6.190010555690517,SD,0.710825990819626,10952.404138,4.8186895576923074
72642.CFI-400945.m6,72642.CFI-400945,20.271558007720003,36.07891614142342,PD,0.5286878489988626,19150.382761499997,0.4134020232371802
72642.CFI-400945.m7,72642.CFI-400945,-49.92621570724872,-28.372851087342234,SD,0.7698842825784226,7437.316444,2.7810395296474364
72642.CFI-400945.m8,72642.CFI-400945,-30.569816932488912,-2.5173467629626467,SD,0.40682897301086995,6527.39573425,24.543284920886077
72877.CFI-400945.m1,72877.CFI-400945,-51.212753784525944,-48.39278165505297,PR,0.40604388773032596,3627.48435175,-0.8970541331279942
72877.CFI-400945.m2,72877.CFI-400945,-40.84399356890707,-36.76700794091542,SD,0.7891622748186242,1393.0733702499997,-1.6078244464843756
72877.CFI-400945.m3,72877.CFI-400945,7.217940127050282,9.013514371019005,SD,0.3008992467153533,3853.537799750001,-1.1243196116538743
72877.CFI-400945.m4,72877.CFI-400945,-44.14062841963792,-37.09987632509226,SD,0.47929006726249823,3627.6113735,-0.904093893680128
72877.CFI-402257-LOW.m1,72877.CFI-402257-LOW,-41.08725224596853,-29.764282085790228,SD,-0.4888706921792625,7310.587759249999,3.761239095482547
72877.CFI-402257-LOW.m2,72877.CFI-402257-LOW,15.9086856212582,24.093949240181622,SD,0.3176193693861459,3107.8391739999997,2.5195416579968057
72877.CFI-402257-LOW.m3,72877.CFI-402257-LOW,-46.2376535101869,-44.672515057850205,SD,0.489906626166031,3076.91402975,-0.5368236768195296
72877.PACLITAXEL.m1,72877.PACLITAXEL,-55.23464914492997,-51.8516561339053,PR,-0.10701954224699306,7125.866256,1.0192438623089204
72877.PACLITAXEL.m2,72877.PACLITAXEL,-55.89506881028938,-51.17361286173634,PR,0.7726043797362689,2001.8234805000002,-1.7407094859685144
72877.PACLITAXEL.m3,72877.PACLITAXEL,-86.09558000271878,-86.09558000271878,PR,0.7454871264998756,2188.1258255000002,-1.238039659365731
72955.BMN-673.m1,72955.BMN-673,96.57404186162115,162.18028233768132,PD,-0.7526071591337216,18670.6307365,70.32197665300333
72955.CARBOPLATIN.m1,72955.CARBOPLATIN,52.57138141961257,119.07011803142065,PD,-1.6978708231468311,18023.017259250002,113.59815933914871
72955.CARBOPLATIN.m2,72955.CARBOPLATIN,9.00062214095556,13.347257097678389,SD,0.5391077401726835,5174.92600875,17.104666859297517
72955.CFI-400945.m1,72955.CFI-400945,77.1029149974668,184.2869964329807,PD,0.0796775932813526,14874.535486750001,32.61687774977896
72955.CFI-400945.m2,72955.CFI-400945,32.25962304768593,62.90441498392014,PD,0.04858636047267795,9433.0043185,29.037637083984368
72955.CFI-400945-41.6WEEKLY.m1,72955.CFI-400945-41.6WEEKLY,44.69945580505983,105.71158306219392,PD,0.42862683644070787,9401.874472,19.04353306542969
72955.CFI-400945-41.6WEEKLY.m2,72955.CFI-400945-41.6WEEKLY,23.512344782969464,42.23277350066637,PD,0.4578552847371473,7693.92793125,13.811454144921877
72955.CFI-402257.m1,72955.CFI-402257,60.599657489730504,102.03222899777171,PD,-0.7105032551221153,8828.497733249998,77.5057973342246
72955.CFI-402257-3ON4OFF+PACLITAXEL.m1,72955.CFI-402257-3ON4OFF+PACLITAXEL,-15.845962959016969,-15.845962959016969,SD,0.9188628715856698,186.6747375,-8.031431249999994
72955.CFI-402257-3ON4OFF+PACLITAXEL.m2,72955.CFI-402257-3ON4OFF+PACLITAXEL,14.562376428692026,30.14380490606081,PD,0.61213099429108,7608.312323749999,8.062746161924121
72955.CX-5461.m1,72955.CX-5461,136.89875673011014,241.62913181179727,PD,-0.3874635682526142,12306.36930975,56.799114602734385
72955.CX-5461.m2,72955.CX-5461,56.658304642295974,66.59626554964575,PD,0.4989405806260473,6775.970369250001,16.63758708808594
72955.DMSO.m1,72955.DMSO,10.171696149843923,61.897630265541295,PD,0.034962147740130844,8131.620042999999,32.78584480898438
72955.DMSO.m2,72955.DMSO,47.50644713350525,123.52490846172498,PD,-0.3892993881987483,16559.89244325,60.61947520585939
72955.DMSO.m3,72955.DMSO,46.719487169652105,46.719487169652105,PD,0.8544722367516544,385.933425,16.240316666666665
72955.ERIBULIN.m1,72955.ERIBULIN,-6.418929092543713,0.9049706657854539,SD,0.662014722523262,4028.599642,9.876023727681742
72955.FLUVASTATIN+TERBINIFINE.m1,72955.FLUVASTATIN+TERBINIFINE,-14.351280582679337,33.69446609667761,PD,0.4122009929255387,6362.882857999999,24.105990849417633
72955.FLUVASTATIN+TERBINIFINE.m2,72955.FLUVASTATIN+TERBINIFINE,-8.623764732982686,15.972715987765707,SD,0.7373806724114995,3914.96904925,9.187890044925126
72955.FLUVASTATIN+TERBINIFINE.m3,72955.FLUVASTATIN+TERBINIFINE,53.52172713523655,92.40324176574708,PD,-0.1806350521644975,12557.864132,38.90676164277344
72955.FLUVASTATIN+TERBINIFINE.m4,72955.FLUVASTATIN+TERBINIFINE,71.19544085043488,101.88165408921228,PD,0.6412371613714263,3309.7393190000003,15.034064338762219
72955.FLUVASTATIN+TERBINIFINE.m5,72955.FLUVASTATIN+TERBINIFINE,-7.207879365079373,70.40645965608468,PD,-0.295710681817142,13086.933166000003,59.72763927056278
72955.FLUVASTATIN+TERBINIFINE.m6,72955.FLUVASTATIN+TERBINIFINE,-10.853063072661417,20.30003003882852,SD,0.5803701290595207,5364.042884500001,15.398269450287597
72955.PACLITAXEL.m1,72955.PACLITAXEL,8.37838007241909,54.1835131837942,PD,0.6759193786324005,5352.76906875,10.001287968611848
72955.PACLITAXEL.m2,72955.PACLITAXEL,-4.902582961071444,8.96518895377547,SD,0.5503002208039149,5069.012877000001,11.976986608695656
72955.PEG400.m1,72955.PEG400,6.713433766233767,46.01656450216449,PD,-0.4959661716516297,14726.987816249999,59.254231073437516
72955.PEG400.m2,72955.PEG400,85.95326257224652,152.8932191793154,PD,-0.6242941008598888,13656.425030000002,58.958301146484374
72955.PEG400.m3,72955.PEG400,168.86093491767156,502.032661417845,PD,-2.0519506318941927,29510.8233965,121.38117242965369
72955.TOPOTECAN.m1,72955.TOPOTECAN,-40.13020140164664,-39.53995655018582,SD,0.9184345444465899,1653.15777475,-1.656808726980727
72955.TOPOTECAN.m4,72955.TOPOTECAN,-43.35692995508585,-18.24427650298901,SD,0.24292929993751977,14578.9897855,4.8473174201235665
72955.TOPOTECAN-LOW.m1,72955.TOPOTECAN-LOW,34.89475736123935,38.65538984800296,PD,0.7131835087387355,3741.831288,5.992317320661158
73009.CFI-400945.m1,73009.CFI-400945,-66.89072040779229,-60.365346634880446,PR,0.6774957571290823,7805.054883000001,16.67948778661538
73009.CFI-400945.m2,73009.CFI-400945,37.24714444071291,45.534067444337786,PD,0.6276110463663709,7941.37640775,14.947455373230765
73009.CFI-400945.m3,73009.CFI-400945,143.1373768611449,283.75619244067434,PD,-1.3757357898784446,43187.4495655,120.1286565924615
73009.CFI-400945.m4,73009.CFI-400945,-39.239700595273185,0.2827720372769571,SD,0.5821224846889603,7529.6404805,16.445870086999996
73062.ADC-CONTROL.m1,73062.ADC-CONTROL,-95.1455501801019,-95.1455501801019,CR,0.9723381683880896,2128.2251162499997,-6.481614637348845
73062.AZD-5305.m1,73062.AZD-5305,-99.71806723814437,-99.62408965085918,CR,0.9984632315771161,2263.0948404999995,-8.937675074591574
73062.AZD-5305.m2,73062.AZD-5305,-96.43986154941977,-96.43986154941977,CR,0.9907793894626965,1019.1765232500001,-4.106277943277947
73062.AZD-8205.m1,73062.AZD-8205,-94.59890603002076,-48.93285335371538,PR,0.9907793894626965,1606.980201,-4.939317723046488
73062.AZD-8205.m2,73062.AZD-8205,-100.0,-99.84122701792839,CR,1.0,662.739892,-5.484364965058237
73062.AZD-8205.m3,73062.AZD-8205,-100.0,-100.0,CR,0.9984632315771161,425.03553,-2.8852371877022653
73062.CFI-400945.m1,73062.CFI-400945,-65.99970972961756,-59.425771835483786,PR,0.7519383757454516,2342.5491174999997,-8.892569572580653
73062.CFI-400945.m10,73062.CFI-400945,-72.82316135706954,-62.01973890301758,PR,0.9315477364336293,1852.3878640000003,-1.3512889891891893
73062.CFI-400945.m11,73062.CFI-400945,-85.81637268204432,-70.32640799674721,PR,0.9214296308542195,1929.3513847499999,-1.4980694891891893
73062.CFI-400945.m12,73062.CFI-400945,-75.74530062354923,-58.72517949274819,PR,0.9332205518914543,1468.7778095,-1.0722423945945947
73062.CFI-400945.m13,73062.CFI-400945,-25.394366360088092,-18.07470273555445,SD,0.8418186720114043,862.80510375,-0.3882571865671641
73062.CFI-400945.m14,73062.CFI-400945,-65.76462623423411,-62.192955600100674,PR,0.8917735264077064,1786.82611,-1.366176310810811
73062.CFI-400945.m15,73062.CFI-400945,-21.176229795707425,-15.002620229085384,SD,0.16210074512699657,8862.0457885,-10.068919097402597
73062.CFI-400945.m16,73062.CFI-400945,-26.815779436995225,-18.497740616974724,SD,0.3771502108875535,4612.03142725,2.9660428392857137
73062.CFI-400945.m17,73062.CFI-400945,4.655027544127033,6.474854058562607,SD,0.5701493487852871,4025.2532574999996,-0.7124650900974006
73062.CFI-400945.m2,73062.CFI-400945,-25.29935888481768,-7.397188518188713,SD,0.6801856999058902,2352.751052,-6.8880484163346605
73062.CFI-400945.m3,73062.CFI-400945,9.692583182680114,14.061890736552929,SD,0.6392565769064171,3193.77010825,1.434607302419355
73062.CFI-400945.m4,73062.CFI-400945,-23.225997115364162,-1.189071473996739,SD,0.290804962234366,5775.77042625,-19.595943725099602
73062.CFI-400945.m5,73062.CFI-400945,-13.063763571021013,-7.503318769203348,SD,0.3821173076809462,6319.350829999999,-0.03259766558966217
73062.CFI-400945.m6,73062.CFI-400945,-27.837074113937433,-18.751883383983436,SD,0.5192347663728256,6322.19234175,-5.5530288780290755
73062.CFI-400945.m7,73062.CFI-400945,-4.879606589298524,13.17091234904142,SD,0.5563518722918297,3894.0870685,2.8185184725363492
73062.CFI-400945.m8,73062.CFI-400945,-44.82014968413418,-41.748236228784286,SD,0.5411127518040963,4626.923979,0.03819513085622274
73062.CFI-400945.m9,73062.CFI-400945,-4.8792565940640635,15.625571507335078,SD,0.31818320244343845,8755.0247835,-3.289448089660742
73062.CFI-400945-2ON5OFF.m1,73062.CFI-400945-2ON5OFF,-55.48054266854439,-44.53757558308587,PR,0.8814552575096001,1954.6176005,0.45091684594594594
73062.CFI-400945-2ON5OFF.m2,73062.CFI-400945-2ON5OFF,-17.835713695830602,-10.420865235612908,SD,0.84572037259188,1997.4808095,1.602561795945946
73062.CFI-400945-2ON5OFF.m3,73062.CFI-400945-2ON5OFF,-25.083274633328344,-15.548840755392623,SD,0.7296955384390619,4034.968682,1.0425622540540538
73062.CFI-400945-2ON5OFF.m4,73062.CFI-400945-2ON5OFF,-74.07850599003615,-69.71267705967415,PR,0.8528933990296066,2240.50768225,0.22349942162162156
73062.CFI-400945-2ON5OFF.m5,73062.CFI-400945-2ON5OFF,-62.277893218421056,-55.04857526550175,PR,0.8481670685134114,1790.3988572500002,1.0116682310810812
73062.DATOPOTAMAB-CONTROL.m1,73062.DATOPOTAMAB-CONTROL,-87.25095750355645,-78.67923321842444,PR,0.9508234104677148,2692.12289725,-6.913106479780962
73062.DATOPOTAMAB-CONTROL.m2,73062.DATOPOTAMAB-CONTROL,-87.09839396937649,-17.0821755515703,SD,0.9723381683880896,3212.507352,-8.404155374545454
73062.DATOPOTAMAB-DERUXTECAN.m1,73062.DATOPOTAMAB-DERUXTECAN,-98.00454340523422,-96.43890483521997,CR,0.9792536262910672,759.5390427499999,-7.526829601059137
73062.PQ-1-6.m1,73062.PQ-1-6,-96.08895604933561,-94.78527473244748,CR,0.9877058526169287,693.901938,-3.1367459145770398
73062.PQ-1-6.m2,73062.PQ-1-6,-95.87284397369186,-91.91765278181322,CR,0.9938529263084643,901.85841275,-3.2360340559667673
73062.PQ-1-6.m3,73062.PQ-1-6,-96.46049861593107,-96.46049861593107,CR,0.9938529263084643,639.287328,-3.581189060815046
73062.PQ-1-6-VEHICLE.m1,73062.PQ-1-6-VEHICLE,-79.60015856898744,-68.88541861519684,PR,0.9385292630846436,2797.941207,-9.967016244042364
73062.PQ-1-6-VEHICLE.m2,73062.PQ-1-6-VEHICLE,20.54172816290105,35.89201351778109,PD,0.6178756223390861,4717.5873755,3.0199351398909395
73062.PQ-1-6-VEHICLE.m3,73062.PQ-1-6-VEHICLE,14.852259322675954,18.067712876196595,SD,0.5881847123929472,5732.2276977500005,3.027430443791946
73062.PQ-1-6-VEHICLE.m4,73062.PQ-1-6-VEHICLE,-95.40199555845032,-72.14019642000599,CR,0.9907793894626965,2242.797669,-5.78346470941278
73062.SACITUZAMAB-GOVITECAN.m1,73062.SACITUZAMAB-GOVITECAN,-94.87799106656952,-66.89296035921765,PR,0.991117478515731,935.13349125,-7.155679926035504
73062.SACITUZAMAB-GOVITECAN.m2,73062.SACITUZAMAB-GOVITECAN,-93.99857466148211,-78.26789737562672,PR,0.9907793894626965,701.8091187499999,-6.30177475591716
73062.TRASTUZUMAB-DERUXTECAN.m1,73062.TRASTUZUMAB-DERUXTECAN,-99.2680502897467,-95.28669804076387,CR,0.9907793894626965,1294.5790075,-6.7692051528189925
73062.TRASTUZUMAB-DERUXTECAN.m2,73062.TRASTUZUMAB-DERUXTECAN,-87.5423869922481,-86.83726061996435,PR,0.9723381683880896,1181.633274,-6.2083814128440356
73230.ADC-CONTROL.m1,73230.ADC-CONTROL,-99.5590443962921,-98.38316278640434,CR,0.9838692880160129,1117.66797,-4.130753039274925
73230.ADC-CONTROL.m2,73230.ADC-CONTROL,-87.24541611415404,-87.24541611415404,PR,0.9072484060920741,2188.45980175,-4.32376354710145
73230.ADC-CONTROL.m3,73230.ADC-CONTROL,-88.72269373952253,-87.26998815428904,PR,0.9459072704328977,1862.7530087500002,-6.409378518700785
73230.ADC-CONTROL.m4,73230.ADC-CONTROL,-83.38660473901751,-80.50079891233504,PR,0.9370524169062379,2174.4878529999996,-5.150534733286419
73230.ADC-CONTROL.m5,73230.ADC-CONTROL,-86.00943527571275,-86.00943527571275,PR,0.9105896491842334,3641.1029009999997,-4.668777570372978
73230.AZD-5305.m1,73230.AZD-5305,-99.77657892810953,-99.18078940306826,CR,0.9795713162653715,3549.6475014999996,-8.630329582930514
73230.AZD-5305.m2,73230.AZD-5305,-99.55735936532415,-98.52453121774718,CR,0.9354771520640516,1843.8764059999999,-3.140679166666667
73230.AZD-5305.m3,73230.AZD-5305,-90.93953358812887,-90.93953358812887,PR,0.9104999220988224,2452.8152285,-5.274966465986397
73230.AZD-5305.m4,73230.AZD-5305,-100.0,-99.76669605176556,CR,0.9727794235270217,1086.259576,-3.322365576435045
73230.AZD-5305.m5,73230.AZD-5305,-97.38879527526528,-97.38879527526528,CR,0.963705898036029,2348.75319,-7.714640480295571
73230.AZD-8205.m1,73230.AZD-8205,-100.0,-100.0,CR,1.0,579.19935225,-3.6424726357250754
73230.AZD-8205.m2,73230.AZD-8205,-100.0,-100.0,CR,1.0,665.1984150000001,-4.5117860409336155
73230.AZD-8205.m3,73230.AZD-8205,-100.0,-100.0,CR,1.0,938.286654,-5.835443705502612
73230.AZD-8205.m4,73230.AZD-8205,-100.0,-100.0,CR,1.0,696.28275075,-4.336525424700916
73230.BMN-673.m1,73230.BMN-673,-99.469376384596,-98.23125461531998,CR,0.9919346440080065,1339.689364,-4.073508617886179
73230.BMN-673.m2,73230.BMN-673,-91.55012433851205,-91.55012433851205,PR,0.9354771520640516,3029.3179705,-5.549160276959247
73230.BMN-673.m3,73230.BMN-673,-84.53072951310699,-64.62126468650855,PR,0.9354771520640516,2229.9733140000003,-2.7911614832214773
73230.BMN-673.m4,73230.BMN-673,41.753280677401335,79.28660704147721,PD,0.45522492461909625,6940.26168,2.8818521869918734
73230.CARBOPLATIN.m1,73230.CARBOPLATIN,-72.05821389175652,-54.79941016736096,PR,0.3766118150788972,10988.776191,-0.07253198298676673
73230.CARBOPLATIN.m2,73230.CARBOPLATIN,0.4183858864798884,1.4607847942089691,SD,0.6632247564704321,4721.09039,0.6014756978319777
73230.CDX-011.m1,73230.CDX-011,15.759063231850101,90.92532517234879,PD,-0.29605650955424156,6971.157858500001,22.137064314465405
73230.CDX-011.m2,73230.CDX-011,44.1558266091199,71.87367320982312,PD,0.6922917026292335,5012.20596025,2.7764534333333337
73230.CFI-400945.m1,73230.CFI-400945,-51.82753937292299,-46.29038570376858,PR,0.8970616195135066,1491.3287074999998,-1.8599205421369454
73230.CFI-400945.m2,73230.CFI-400945,-77.82353183568529,-77.82353183568529,PR,0.9354771520640516,2049.3039400000002,-6.890024493604212
73230.CFI-400945.m3,73230.CFI-400945,-85.73762710626724,-79.22271603135226,PR,0.9727794235270217,1648.0536075,-2.673258968151342
73230.CFI-400945-3.75DAILY.m1,73230.CFI-400945-3.75DAILY,73.28591834166198,96.93552142287795,PD,-0.45934094416714366,11482.5464155,15.974999154536862
73230.CFI-400945-41.6WEEKLY.m1,73230.CFI-400945-41.6WEEKLY,-45.94360122340046,-38.6596594716353,SD,0.8887358936667015,2142.602527,-0.703166784722222
73230.CFI-400945-41.6WEEKLY.m2,73230.CFI-400945-41.6WEEKLY,-43.032758651946125,-41.879624426006835,SD,0.8766207712057031,2293.11898625,-0.5353974733059548
73230.CFI-400945-41.6WEEKLY.m3,73230.CFI-400945-41.6WEEKLY,-28.63522905134883,-23.063980433512555,SD,0.8315700850206482,2362.3407749999997,-0.2451621156741959
73230.CFI-400945-52WEEKLY.m1,73230.CFI-400945-52WEEKLY,26.42231404958677,30.036595979777815,PD,0.7193183324948417,3841.460894250001,0.8515878327745179
73230.CFI-400945-5DAILY.m1,73230.CFI-400945-5DAILY,15.333584409718615,26.092719989806735,SD,0.404439337819019,5939.76251925,3.746398238467743
73230.CFI-400945-5DAILY.m2,73230.CFI-400945-5DAILY,0.027514996119548663,20.136812996845023,SD,0.2362902918049019,8377.713815250001,7.416872483308154
73230.CFI-400945-5DAILY.m3,73230.CFI-400945-5DAILY,-41.411337962723536,45.91262530799413,PD,-0.3603336363381988,7962.06107225,19.372308281693265
73230.CFI-402257.m1,73230.CFI-402257,-2.342502354682263,6.429097794222605,SD,0.5328678726504084,5390.214293250001,3.0726848709106975
73230.CFI-402257.m2,73230.CFI-402257,33.96705536436233,37.22252591866406,PD,0.7314351113783268,964.1026109999999,4.797405187499997
73230.CFI-402257-3ON4OFF+PACLITAXEL.m1,73230.CFI-402257-3ON4OFF+PACLITAXEL,-97.10803909028857,-97.10803909028857,CR,0.9727794235270217,1535.072077,-5.4031888971384365
73230.CFI-402257-3ON4OFF+PACLITAXEL.m2,73230.CFI-402257-3ON4OFF+PACLITAXEL,-95.69403885430215,-95.69403885430215,CR,0.9919346440080065,1164.280215,-5.107857732147461
73230.CX-5461.m1,73230.CX-5461,-81.78952172192287,-74.02947855222261,PR,0.953489806994634,2283.34714325,-4.874161701628353
73230.CX-5461.m2,73230.CX-5461,-12.13580230094049,-5.875254547515429,SD,0.7902518197587203,2896.474778,-0.03245881861738548
73230.CX-5461.m3,73230.CX-5461,-50.34559958776137,-44.70056581580405,PR,0.7822493251513283,4016.41261475,0.625906937827971
73230.CX-5461.m4,73230.CX-5461,22.513401382500863,27.361705263724147,SD,0.5052373905898491,7857.22712475,0.3040127122641516
73230.CX-5461.m5,73230.CX-5461,-55.53958721828312,-49.96252782037147,PR,0.812840471359022,4382.819761000001,-3.0746384824451405
73230.DATOPOTAMAB-CONTROL.m1,73230.DATOPOTAMAB-CONTROL,-90.10221728891071,-88.24820202309304,PR,0.963705898036029,3917.606591,-6.741274791666665
73230.DATOPOTAMAB-CONTROL.m2,73230.DATOPOTAMAB-CONTROL,-88.56386152369821,-36.59088234109473,PR,0.975477869844653,1680.9369525000002,-5.389438306282723
73230.DATOPOTAMAB-DERUXTECAN.m1,73230.DATOPOTAMAB-DERUXTECAN,-99.4814210670358,-77.41220348466894,CR,0.9989918305010008,869.43677,-4.9678767499999985
73230.ERIBULIN.m1,73230.ERIBULIN,-99.67959308321568,-99.67959308321568,CR,0.9989918305010008,654.4938025,-5.874201160737303
73230.ERIBULIN-EXTRALOW.m1,73230.ERIBULIN-EXTRALOW,-97.62501481174355,-91.64005213733735,CR,0.9919346440080065,2962.46435625,-7.626597567903227
73230.ERIBULIN-EXTRALOW.m2,73230.ERIBULIN-EXTRALOW,-88.22369797508362,-82.84439951925762,PR,0.9727794235270217,1711.5047742499999,-4.614626095648232
73230.ERIBULIN-LOW.m1,73230.ERIBULIN-LOW,-98.53515177248539,-95.11717257495133,CR,0.8710540120915542,5333.707772,-9.621496039396481
73230.ERIBULIN-LOW.m2,73230.ERIBULIN-LOW,-99.66821332343812,-92.7006931156388,CR,0.9354771520640516,2578.133666,-6.047644912466843
73230.EVEROLIMUS.m1,73230.EVEROLIMUS,24.534626558928686,28.387658695896146,SD,0.22812022732874226,6790.711648500001,7.672616127443608
73230.PACLITAXEL.m1,73230.PACLITAXEL,-100.0,-100.0,CR,1.0,1180.2118999999998,-8.352728207674945
73230.PACLITAXEL.m2,73230.PACLITAXEL,-96.09351561093665,-96.09351561093665,CR,0.9919346440080065,1163.59784,-5.697994353649361
73230.PACLITAXEL.m3,73230.PACLITAXEL,-100.0,-99.81825277758463,CR,0.9727794235270217,3123.209295,-6.424123327044028
73230.PQ-1-6.m1,73230.PQ-1-6,-99.28677898204988,-98.09807728546636,CR,0.9979836610020016,1046.8359679999999,-5.150946417777777
73230.PQ-1-6.m2,73230.PQ-1-6,-96.89832344456813,-92.76275470399233,CR,0.9919346440080065,1289.7173739999998,-4.774965871299096
73230.PQ-1-6.m3,73230.PQ-1-6,-99.66546639018267,-94.08990622656044,CR,0.9838692880160129,1545.236159,-5.671311214403003
73230.PQ-1-6.m4,73230.PQ-1-6,-99.00766747556322,-96.36144741039845,CR,0.9979836610020016,985.1743145,-3.422284176888218
73230.PQ-1-6-VEHICLE.m1,73230.PQ-1-6-VEHICLE,-61.91777413765887,-28.187078985276003,PR,0.446489337544168,3995.71296175,10.236092767048284
73230.SACITUZAMAB-GOVITECAN.m1,73230.SACITUZAMAB-GOVITECAN,-100.0,-99.64749438180401,CR,1.0,2583.868649,-19.250574892325762
73230.SACITUZAMAB-GOVITECAN.m2,73230.SACITUZAMAB-GOVITECAN,-99.55844631334398,-98.38096981559457,CR,0.9979836610020016,672.207715,-4.252071436520887
73230.SACITUZAMAB-GOVITECAN.m3,73230.SACITUZAMAB-GOVITECAN,-98.95000582956763,-96.8500174887029,CR,0.9919346440080065,811.550774,-3.9437805311684073
73230.TRASTUZUMAB-CONTROL.m1,73230.TRASTUZUMAB-CONTROL,-97.780656611384,-85.20437740922671,CR,0.9919346440080065,1260.1839519999999,-8.479623019895289
73230.TRASTUZUMAB-CONTROL.m2,73230.TRASTUZUMAB-CONTROL,-95.53616159952067,-90.70033666566806,CR,0.9727794235270217,932.0652705,-5.872350395439378
73230.TRASTUZUMAB-DERUXTECAN.m1,73230.TRASTUZUMAB-DERUXTECAN,-100.0,-96.98669975422587,CR,1.0,973.217196,-9.657287808376964
73230.TRASTUZUMAB-DERUXTECAN.m2,73230.TRASTUZUMAB-DERUXTECAN,-99.14472761866784,-88.88145904268198,CR,0.9979836610020016,734.187264,-5.5085215581151825
73230.TRASTUZUMAB-DERUXTECAN.m3,73230.TRASTUZUMAB-DERUXTECAN,-97.3730337288809,-88.49388707575677,CR,0.9919346440080065,979.2676065,-7.067544166666665
73230_P11.CX-5461.m1,73230_P11.CX-5461,-75.99503418301984,-67.97993866089429,PR,0.9590299770201599,1154.6608055,-2.4264723401191657
73263.AZD-5305.m1,73263.AZD-5305,-97.40063900351312,-95.23450483977408,CR,0.9671354815862669,5799.035708750001,-14.586741955547739
73263.AZD-8205.m1,73263.AZD-8205,-99.32055271243104,-97.50869327891377,CR,0.9926967736858371,1792.2562027499998,-7.351312385761203
73263.BMN-673.m1,73263.BMN-673,-100.0,-99.86210939028915,CR,0.9926967736858371,1877.85745575,-6.2630601060351045
73263.BMN-673.m2,73263.BMN-673,-99.58026201254022,-97.62148473772795,CR,0.9926967736858371,1995.2161997500002,-4.490290730394909
73263.BMN-673.m3,73263.BMN-673,-95.33852402494935,-95.33852402494935,CR,0.5300885092678158,10766.65623125,-0.6883905253259766
73263.BMN-673.m4,73263.BMN-673,-100.0,-100.0,CR,0.9415741894866967,5056.122334,-7.866579451113265
73263.CARBOPLATIN.m1,73263.CARBOPLATIN,-99.65326615240213,-99.65326615240213,CR,0.9926967736858371,2150.383648,-8.576840745371483
73263.CARBOPLATIN.m2,73263.CARBOPLATIN,-99.49640700498662,-99.49640700498662,CR,0.9990870967107296,915.8988775,-4.033764836858005
73263.CDX-011.m1,73263.CDX-011,26.98561265830861,33.518429148515594,PD,0.34615580512620203,7565.62429,6.087104754296628
73263.CDX-011.m2,73263.CDX-011,26.98561265830861,33.518429148515594,PD,0.34615580512620203,7565.62429,6.087104754296628
73263.CFI-400945.m1,73263.CFI-400945,-59.702832176374066,-48.71236167489186,PR,0.6539662612473865,3582.493666,0.7742042920687574
73263.CFI-400945.m2,73263.CFI-400945,-37.93202314771536,-33.97796384779564,SD,0.781041723565387,3163.16424525,0.17837401877261738
73263.CFI-400945.m3,73263.CFI-400945,-51.36885109993807,-46.00144919055028,PR,0.7542691256525762,2939.5578175,0.2252947379372736
73263.CFI-400945.m4,73263.CFI-400945,-61.601467233242914,-51.45465109116096,PR,0.8215181464566775,2305.7457385,-0.572731347331122
73263.CFI-400945.m5,73263.CFI-400945,-29.034549940395838,-22.743118932202922,SD,0.22842977246461404,8555.860944,2.505180988691194
73263.CFI-400945.m6,73263.CFI-400945,-23.956776693624015,-11.27910483856529,SD,0.6912216071276549,3253.3826934999997,2.977401775158658
73263.CFI-400945.m7,73263.CFI-400945,-13.175496569478396,-5.369259666358294,SD,0.5445962368828268,4461.656676750001,3.941168806165228
73263.CFI-400945.m8,73263.CFI-400945,50.598894815495086,80.20455130477195,PD,0.00807180805850305,9911.19723975,12.646635372617851
73263.CFI-400945.m9,73263.CFI-400945,-21.939116453302443,-15.631417976551953,SD,0.8297502920354177,2308.3168875,-0.03592175367012087
73263.CFI-400945+ABT-263.m1,73263.CFI-400945+ABT-263,-88.58447488584476,-78.15547663340662,PR,0.9415741894866967,1329.2050560000002,-2.5517023281519866
73263.CFI-400945-41.6WEEKLY.m1,73263.CFI-400945-41.6WEEKLY,-17.469805111540904,-2.2264770249803445,SD,0.25959625606997916,7284.5335545,8.162930346658337
73263.CFI-400945-41.6WEEKLY.m2,73263.CFI-400945-41.6WEEKLY,2.3091239612188508,11.708893316086533,SD,0.7581309475726582,3917.6065854999997,0.3644869710337293
73263.CFI-402257.m1,73263.CFI-402257,-1.4135156981852193,0.5546910259117022,SD,0.6351874133483557,3817.8177365,3.636105202107279
73263.CFI-402257.m2,73263.CFI-402257,-8.576041308144045,-4.802209124144586,SD,0.6235329978284777,4170.04875775,2.3496260766283523
73263.CFI-402257.m3,73263.CFI-402257,-8.44628426956987,16.809217647227868,SD,0.5454721274211369,3840.7755895,5.755174786292499
73263.CFI-402257.m4,73263.CFI-402257,15.068285024176586,25.412118406689864,SD,0.5610869520260152,5024.5175070000005,4.183729344310401
73263.CFI-402257.m5,73263.CFI-402257,-15.382727950868812,-0.06960292555253655,SD,0.5031439404591788,5145.46253425,4.4560744418357485
73263.CFI-402257.m6,73263.CFI-402257,-8.44628426956987,16.809217647227868,SD,0.5454721274211369,3840.7755895,5.755174786292499
73263.CFI-402257.m7,73263.CFI-402257,95.27441821227973,145.1083829010879,PD,-1.6555188168664614,10892.3358125,87.21129450549451
73263.CFI-402257.m8,73263.CFI-402257,84.47643862952867,160.55123885867727,PD,0.16996605455512703,6286.990387999999,15.167692328571427
73263.CFI-402257-3ON4OFF+PACLITAXEL.m1,73263.CFI-402257-3ON4OFF+PACLITAXEL,-100.0,-100.0,CR,1.0,1685.68503975,-8.243970938397874
73263.CFI-402257-3ON4OFF+PACLITAXEL.m2,73263.CFI-402257-3ON4OFF+PACLITAXEL,-99.7234072072116,-99.7234072072116,CR,0.9926967736858371,1498.7093205,-6.259063823261956
73263.CFI-402257-3ON4OFF+PACLITAXEL.m3,73263.CFI-402257-3ON4OFF+PACLITAXEL,-99.55784454130657,-99.55784454130657,CR,0.9990870967107296,824.4283007500001,-3.9831045304341455
73263.CFI-402257-3ON4OFF+PACLITAXEL.m4,73263.CFI-402257-3ON4OFF+PACLITAXEL,-100.0,-99.89476412467211,CR,0.9926967736858371,1356.919624,-6.137423169275049
73263.CFI-402257-3ON4OFF+PACLITAXEL.m5,73263.CFI-402257-3ON4OFF+PACLITAXEL,-99.7234072072116,-99.7234072072116,CR,0.9926967736858371,1498.7093205,-6.259063823261956
73263.CFI-402257-3ON4OFF+PACLITAXEL.m6,73263.CFI-402257-3ON4OFF+PACLITAXEL,-99.55784454130657,-99.55784454130657,CR,0.9990870967107296,824.4283007500001,-3.9831045304341455
73263.CFI-402257-3ON4OFF+PACLITAXEL.m7,73263.CFI-402257-3ON4OFF+PACLITAXEL,-99.5942301277086,-98.64743375902867,CR,0.9990870967107296,892.8214722499999,-4.156841963066465
73263.CFI-402257-3ON4OFF+PACLITAXEL.m8,73263.CFI-402257-3ON4OFF+PACLITAXEL,-99.58366120013822,-99.58366120013822,CR,0.9926967736858371,774.992135,-4.11508107536232
73263.CFI-402257-3ON4OFF+PACLITAXEL.m9,73263.CFI-402257-3ON4OFF+PACLITAXEL,-100.0,-99.89476412467211,CR,0.9926967736858371,1356.919624,-6.137423169275049
73263.CX-5461.m1,73263.CX-5461,-47.22163505065213,-44.4159396879791,SD,0.8743413891482391,2872.1087624999996,-1.3651943669151234
73263.CX-5461.m2,73263.CX-5461,-96.16873971770555,-96.16873971770555,CR,0.9277699232367186,2342.6916064999996,-2.0392622141119223
73263.CX-5461.m3,73263.CX-5461,-5.182265786832751,-1.22898284930959,SD,0.19883333827807415,9547.652662999999,12.779761424872667
73263.DATOPOTAMAB-CONTROL.m1,73263.DATOPOTAMAB-CONTROL,-3.2395864577185685,32.81441937613157,PD,0.6270797366556878,3805.15437975,3.17764702813653
73263.DATOPOTAMAB-DERUXTECAN.m1,73263.DATOPOTAMAB-DERUXTECAN,-98.57921670163729,-96.9216361868808,CR,0.9671354815862669,3495.250508,-15.19742169108561
73263.ERIBULIN.m1,73263.ERIBULIN,-99.61003998844939,-97.79022660121318,CR,0.9926967736858371,1450.1231675,-6.282494940851165
73263.ERIBULIN.m2,73263.ERIBULIN,-95.65720581897288,-95.65720581897288,CR,0.9926967736858371,678.2015258,-2.940483277583081
73263.ERIBULIN-EXTRALOW.m1,73263.ERIBULIN-EXTRALOW,-82.55816884755417,-72.57377637946375,PR,0.8412384706050295,3548.5496319999997,-3.4604165094606034
73263.ERIBULIN-LOW.m1,73263.ERIBULIN-LOW,-78.34994512845246,-73.0622809343409,PR,0.9330014022616948,1944.1869564999997,-5.216099128877008
73263.ERIBULIN-LOW.m2,73263.ERIBULIN-LOW,-55.44173478811095,-45.81041460603805,PR,-0.35021433712330197,18781.77983775,15.663141589242057
73263.EVEROLIMUS.m1,73263.EVEROLIMUS,1.6292513250757423,11.982166505971925,SD,0.4978022895265434,5279.33675725,5.857468985541359
73263.PACLITAXEL.m1,73263.PACLITAXEL,-100.0,-100.0,CR,1.0,1852.7138890000003,-10.01355997830579
73263.PACLITAXEL.m10,73263.PACLITAXEL,-99.76784739058203,-99.76784739058203,CR,0.9926967736858371,2731.477537,-8.282885155198612
73263.PACLITAXEL.m11,73263.PACLITAXEL,89.34096361391776,113.29820119059599,PD,-0.875451332985518,8672.54392675,53.380988109890104
73263.PACLITAXEL.m12,73263.PACLITAXEL,46.24401889933283,57.479127167510754,PD,0.48639248826883197,6479.64922475,4.292396572033898
73263.PACLITAXEL.m13,73263.PACLITAXEL,-99.94557820129019,-92.803567914747,CR,0.7828542966978466,17955.397264,-34.86914038092934
73263.PACLITAXEL.m14,73263.PACLITAXEL,-99.75913634153866,-99.75913634153866,CR,0.9926967736858371,2872.4547865000004,-8.648554057512733
73263.PACLITAXEL.m2,73263.PACLITAXEL,-100.0,-99.8679523219463,CR,0.9926967736858371,1256.1402267499998,-4.282115892710474
73263.PACLITAXEL.m3,73263.PACLITAXEL,-99.76784739058203,-99.76784739058203,CR,0.9926967736858371,2731.477537,-8.282885155198612
73263.PACLITAXEL.m4,73263.PACLITAXEL,-95.50334908873627,-95.50334908873627,CR,0.9926967736858371,1369.8493725000003,-3.8716371975175385
73263.PACLITAXEL.m5,73263.PACLITAXEL,-53.325052971864054,-50.201613526432396,PR,0.740117567255874,2510.36980825,-0.8416810413568774
73263.PACLITAXEL.m6,73263.PACLITAXEL,-100.0,-99.8679523219463,CR,0.9926967736858371,1256.1402267499998,-4.282115892710474
73263.PACLITAXEL.m7,73263.PACLITAXEL,-29.575728547510792,-20.089569499167737,SD,0.15484668721372463,8260.25960025,6.172648593957703
73263.PACLITAXEL.m8,73263.PACLITAXEL,-99.64575757859151,-98.81919192863839,CR,0.9926967736858371,1151.5794210000001,-5.42189006415459
73263.PACLITAXEL.m9,73263.PACLITAXEL,-95.50334908873627,-95.50334908873627,CR,0.9926967736858371,1369.8493725000003,-3.8716371975175385
73263.PQ-1-6.m1,73263.PQ-1-6,-99.46277610843511,-93.55331330122142,CR,0.9990870967107296,726.784262,-3.0320141094242885
73263.PQ-1-6.m2,73263.PQ-1-6,-97.97212894015347,-97.63415043017905,CR,0.9926967736858371,1733.8169612500003,-8.36674194639925
73263.PQ-1-6.m3,73263.PQ-1-6,-98.99806010910936,-85.28063465491091,CR,0.9926967736858371,1642.8575167499998,-5.849059646829813
73263.PQ-1-6-VEHICLE.m1,73263.PQ-1-6-VEHICLE,-61.32608970993601,-47.16044967444625,PR,0.9269677368583709,1285.2764550000002,-2.1957829064430716
73263.PQ-1-6-VEHICLE.m2,73263.PQ-1-6-VEHICLE,-60.56588508410003,2.2777640688918632,SD,0.4936561201415326,4262.817941,8.2011294962297
73263.PQ-1-6-VEHICLE.m3,73263.PQ-1-6-VEHICLE,83.895590899206,167.8188157563592,PD,0.43744725875009094,8548.9785775,2.529769713328074
73263.SACITUZAMAB-GOVITECAN.m1,73263.SACITUZAMAB-GOVITECAN,-91.29185390818199,-89.4379468844775,PR,0.9269677368583709,3656.0443545000007,-12.387389864180161
73263.SACITUZAMAB-GOVITECAN.m2,73263.SACITUZAMAB-GOVITECAN,-99.32424932969757,-98.64849865939513,CR,0.9926967736858371,1800.1142499999999,-6.078259469557195
73263.TRASTUZUMAB-DERUXTECAN.m1,73263.TRASTUZUMAB-DERUXTECAN,-94.13543445859783,-91.69186548301357,PR,0.8691700038080856,2875.41392725,-2.686443071955718
73263_CX.CFI-400945.m1,73263_CX.CFI-400945,3.3898463887273245,14.298000615993045,SD,0.7576343872492646,2644.052228,0.9504924633984031
73263_CX.CX-5461.m1,73263_CX.CX-5461,-25.162820612293036,-16.435849200659682,SD,0.8323525671031594,2405.6651905,-0.058444708074534266
73263_P5_SG_TREATED.SACITUZAMAB-GOVITECAN.m1,73263_P5_SG_TREATED.SACITUZAMAB-GOVITECAN,0.0,54.37866666666666,PD,,886.556142,1.859206631578948
73263_P5_SG_TREATED.SACITUZAMAB-GOVITECAN.m2,73263_P5_SG_TREATED.SACITUZAMAB-GOVITECAN,-56.28702458515662,-51.11152357006083,PR,,4429.29128925,-1.3939030906432752
73471.BMN-673.m1,73471.BMN-673,-2.933792133177693,29.587686303596207,SD,0.4458524862077359,5329.055786,6.497284735319612
73471.BMN-673.m2,73471.BMN-673,10.569916944900172,24.724583394512777,SD,0.2919228885402594,5535.5979449999995,8.623098021668472
73471.BMN-673.m3,73471.BMN-673,-2.933792133177693,29.587686303596207,SD,0.4458524862077359,5329.055786,6.497284735319612
73471.BMN-673.m4,73471.BMN-673,10.569916944900172,24.724583394512777,SD,0.2919228885402594,5535.5979449999995,8.623098021668472
73471.CARBOPLATIN.m1,73471.CARBOPLATIN,-15.589506390791607,-10.670137707489413,SD,0.7459426306676289,3229.489493,-0.9131650928494042
73471.CARBOPLATIN.m2,73471.CARBOPLATIN,-11.30137758102312,-7.752272770088342,SD,0.653106566077359,4033.3530935000003,0.43741583911159265
73471.CARBOPLATIN.m3,73471.CARBOPLATIN,-12.253730782063121,-6.474691968878465,SD,0.48559753226975133,5941.12778075,3.3909745123106063
73471.CARBOPLATIN.m4,73471.CARBOPLATIN,-15.589506390791607,-10.670137707489413,SD,0.7459426306676289,3229.489493,-0.9131650928494042
73471.CARBOPLATIN.m5,73471.CARBOPLATIN,-11.30137758102312,-7.752272770088342,SD,0.653106566077359,4033.3530935000003,0.43741583911159265
73471.CDX-011.m1,73471.CDX-011,-99.62732234222199,-99.62732234222199,CR,0.9920742228256504,1617.84184525,-5.815321532511457
73471.CFI-400945.m1,73471.CFI-400945,-12.293778517156506,207.7978283452293,PD,-0.07790569571155004,4558.1482055,17.82625517780172
73471.CFI-400945.m10,73471.CFI-400945,8.898873417095366,19.659586878380164,SD,0.9019275933802315,780.5494602499999,0.7447907303149607
73471.CFI-400945.m11,73471.CFI-400945,79.23132467141257,205.4734138228794,PD,0.5861638986104758,3002.044916,8.253241833661415
73471.CFI-400945.m12,73471.CFI-400945,246.1790647170791,286.1718485959362,PD,-0.39034666295361475,8977.98297,24.065733192913374
73471.CFI-400945.m13,73471.CFI-400945,64.2853393668311,69.89807494884046,PD,0.7951767163608641,2747.138923,1.4250195571526356
73471.CFI-400945.m14,73471.CFI-400945,21.05174656789228,35.00817960494869,PD,0.46347946120743033,6353.12746,3.2494981728268306
73471.CFI-400945.m15,73471.CFI-400945,46.033842322111006,69.23375894627452,PD,0.7692476671103027,2442.0124782499997,1.659660409194615
73471.CFI-400945.m16,73471.CFI-400945,11.993725301598367,60.39233477410784,PD,-0.003992047650623887,5882.80887,16.746568533544302
73471.CFI-400945.m2,73471.CFI-400945,89.20399745246262,234.7488201367794,PD,-1.154564805374675,11929.081856249999,35.59232148706896
73471.CFI-400945.m3,73471.CFI-400945,58.83567859293619,220.53859775541568,PD,-0.08089212855084482,8137.29086375,18.98650772306034
73471.CFI-400945.m4,73471.CFI-400945,-46.75005670428066,-23.67574708601754,SD,0.7449863707907115,1775.75419925,2.5299967607758616
73471.CFI-400945.m5,73471.CFI-400945,5.640425019382134,78.26370335462383,PD,0.4370264992619236,3876.7193707499996,8.730045128232755
73471.CFI-400945.m6,73471.CFI-400945,11.946046102007335,20.38208731034978,SD,0.2501847433293217,6060.140955000001,8.495549185544943
73471.CFI-400945.m7,73471.CFI-400945,11.899108846095618,27.098224109161183,SD,0.007992745899359721,9712.095274,9.33515796559104
73471.CFI-400945.m8,73471.CFI-400945,80.4073608292275,91.36858481996694,PD,0.23274621854277966,6386.91987575,17.857699904527554
73471.CFI-400945.m9,73471.CFI-400945,-20.73083291339716,35.938510495829945,PD,0.4657375636697877,2542.3279565000003,7.118370711614171
73471.CFI-400945-2ON5OFF.m1,73471.CFI-400945-2ON5OFF,36.99250110268204,58.06013032586081,PD,0.6956258263504932,3715.8200690000003,3.7610634133858247
73471.CFI-400945-2ON5OFF.m2,73471.CFI-400945-2ON5OFF,37.44721323770299,80.3512464365235,PD,0.7710342046545071,1864.7065107500002,3.0207496377952747
73471.CFI-400945-2ON5OFF.m3,73471.CFI-400945-2ON5OFF,21.681979090774984,30.821430912696446,PD,0.8833888003176804,1992.7582002499998,2.0241561003937
73471.CFI-400945-2ON5OFF.m4,73471.CFI-400945-2ON5OFF,74.97503143647037,126.14151133860582,PD,0.7226663816383747,2621.5533125,4.428066142716532
73471.CFI-400945-52WEEKLY.m1,73471.CFI-400945-52WEEKLY,14.28952337349143,34.78331587719292,PD,0.43244005907205607,4863.75790275,4.957682007820926
73471.CFI-400945-52WEEKLY.m2,73471.CFI-400945-52WEEKLY,16.463297788246223,54.91300656914411,PD,0.10729769805328848,6786.293943,10.080138030204962
73471.CFI-402257.m1,73471.CFI-402257,-17.818037966261635,-11.165992232739741,SD,0.5693659737733283,3617.4244925000003,4.313570723958334
73471.CFI-402257-2ON5OFF.m1,73471.CFI-402257-2ON5OFF,-19.263390667597978,-15.571214227478858,SD,0.6220850365695128,3871.2815682499995,3.3671285723270454
73471.CFI-402257-2ON5OFF+PACLITAXEL-15DAILY.m1,73471.CFI-402257-2ON5OFF+PACLITAXEL-15DAILY,-34.86119320051545,-31.468185081196374,SD,0.69176996250467,4338.393572000001,0.4905936489782464
73471.CFI-402257-2ON5OFF+PACLITAXEL-15DAILY.m2,73471.CFI-402257-2ON5OFF+PACLITAXEL-15DAILY,19.501060067195787,26.51767478167397,SD,0.14928762638133442,10253.4942015,12.571352973973253
73471.CFI-402257-2ON5OFF+PACLITAXEL-15DAILY.m3,73471.CFI-402257-2ON5OFF+PACLITAXEL-15DAILY,23.237807794701105,32.70373316130566,PD,0.48319149616715684,4900.377372,4.417636144699137
73471.CFI-402257-3ON4OFF.m1,73471.CFI-402257-3ON4OFF,33.480106155533896,38.76855239915549,PD,0.3904810313677687,6917.02792525,4.048552046920821
73471.CFI-402257-3ON4OFF.m2,73471.CFI-402257-3ON4OFF,0.07010104606610668,8.83322357209635,SD,0.44908160634410943,5804.304925,3.2476260581622682
73471.CFI-402257-3ON4OFF.m3,73471.CFI-402257-3ON4OFF,22.201715688233147,29.274076633143274,SD,0.40851619875277434,7073.7193050000005,4.254159484359727
73471.CFI-402257-3ON4OFF+PACLITAXEL.m1,73471.CFI-402257-3ON4OFF+PACLITAXEL,-18.756902640185814,-12.841908308448291,SD,0.14049820897140464,5854.248447,8.424589902643504
73471.CFI-402257-3ON4OFF+PACLITAXEL.m10,73471.CFI-402257-3ON4OFF+PACLITAXEL,-63.6910492444572,-58.156621166510014,PR,0.9158970619687232,1938.494315,-2.371196924750879
73471.CFI-402257-3ON4OFF+PACLITAXEL.m11,73471.CFI-402257-3ON4OFF+PACLITAXEL,-39.79108230970113,-39.79108230970113,SD,0.8766550927241838,248.45999999999998,-13.713333333333331
73471.CFI-402257-3ON4OFF+PACLITAXEL.m12,73471.CFI-402257-3ON4OFF+PACLITAXEL,-60.09633707013673,-48.27892422535861,PR,0.8145473692739705,2332.0864684999997,-1.5433890515820696
73471.CFI-402257-3ON4OFF+PACLITAXEL.m2,73471.CFI-402257-3ON4OFF+PACLITAXEL,-20.764813563275254,-14.258023253347652,SD,0.6433363218534376,5013.83331825,1.7647967651253915
73471.CFI-402257-3ON4OFF+PACLITAXEL.m4,73471.CFI-402257-3ON4OFF+PACLITAXEL,1.6968828591697793,15.949353532578915,SD,0.07980561619339499,6297.593892499999,12.4233490830721
73471.CFI-402257-3ON4OFF+PACLITAXEL.m5,73471.CFI-402257-3ON4OFF+PACLITAXEL,-75.8163020499131,-75.8163020499131,PR,0.8715732399433679,832.0617275000001,-40.6390496
73471.CFI-402257-3ON4OFF+PACLITAXEL.m6,73471.CFI-402257-3ON4OFF+PACLITAXEL,-97.17401899319226,-97.17401899319226,CR,0.9920742228256504,451.85942,-3.234914404181184
73471.CFI-402257-3ON4OFF+PACLITAXEL.m7,73471.CFI-402257-3ON4OFF+PACLITAXEL,-24.74717526044389,-19.80730948773559,SD,0.6872374265160874,4092.7871137499997,0.13322878713768072
73471.CFI-402257-3ON4OFF+PACLITAXEL.m8,73471.CFI-402257-3ON4OFF+PACLITAXEL,-75.1765165839273,-73.99023522679991,PR,0.883987055811799,1943.0047177499996,-3.650250367753623
73471.CFI-402257-3ON4OFF+PACLITAXEL.m9,73471.CFI-402257-3ON4OFF+PACLITAXEL,-35.605975065495564,-28.28865642685908,SD,0.7209336829077935,3720.1177775,-0.7349147825896752
73471.CX-5461.m1,73471.CX-5461,-1.416841325653928,30.36589061878532,PD,0.3888464923967696,5304.1354544999995,7.632167172481042
73471.CX-5461.m2,73471.CX-5461,12.570048292542468,29.55675591509661,SD,0.5096418990773584,4947.113166250001,4.716531122318528
73471.CX-5461.m3,73471.CX-5461,-1.416841325653928,30.36589061878532,PD,0.3888464923967696,5304.1354544999995,7.632167172481042
73471.CX-5461.m4,73471.CX-5461,12.570048292542468,29.55675591509661,SD,0.5096418990773584,4947.113166250001,4.716531122318528
73471.ERIBULIN.m1,73471.ERIBULIN,-97.51103796328236,-97.51103796328236,CR,0.9920742228256504,1031.009444,-4.901282872264355
73471.ERIBULIN.m2,73471.ERIBULIN,-97.51103796328236,-97.51103796328236,CR,0.9920742228256504,1031.009444,-4.901282872264355
73471.ERIBULIN-LOW.m1,73471.ERIBULIN-LOW,-43.584698104508014,-39.545671318085255,SD,0.6021244006922135,3418.44330625,1.618874351388413
73471.ERIBULIN-LOW.m2,73471.ERIBULIN-LOW,-46.65962994897915,-40.828622338830336,SD,0.6486061988368828,2343.92617825,2.6810271212718546
73471.EVEROLIMUS.m1,73471.EVEROLIMUS,-11.012414719974705,-2.9237427027934304,SD,0.6099727281627376,4013.42732875,1.9941773510455953
73471.EVEROLIMUS.m2,73471.EVEROLIMUS,-23.01020034385106,-21.21114981520691,SD,0.8049884827406797,2487.41031075,-0.19597850359958852
73471.PACLITAXEL.m1,73471.PACLITAXEL,-20.943316201786345,-4.780367327162061,SD,0.5436940595209121,5354.30798875,3.110524645166163
73471.PACLITAXEL.m10,73471.PACLITAXEL,-55.65034456450933,-53.21126056678376,PR,0.718541623913246,2545.15692925,-0.5384130694627552
73471.PACLITAXEL.m2,73471.PACLITAXEL,22.643931854908672,25.816568102485448,SD,-0.1544890566115511,7544.378820500001,12.894621017361112
73471.PACLITAXEL.m3,73471.PACLITAXEL,-35.11517258032533,-32.57217968481808,SD,0.4518860950425899,6348.85255425,-0.13318476519097247
73471.PACLITAXEL.m4,73471.PACLITAXEL,-25.154705002590006,1.607732852418775,SD,0.8141365197718616,4033.5065330000007,0.02403528727025213
73471.PACLITAXEL.m5,73471.PACLITAXEL,-13.125241923525532,-10.16535759010374,SD,0.7886434417648853,2940.7967817500003,-0.02850851434169274
73471.PACLITAXEL.m6,73471.PACLITAXEL,9.231788625908898,14.79374704425167,SD,-0.17877623158433886,9859.217131,9.811656044670846
73471.PACLITAXEL.m7,73471.PACLITAXEL,-36.096353339357925,-25.434244573659637,SD,0.744036637791297,2888.47351725,0.09243433401253905
73471.PACLITAXEL.m8,73471.PACLITAXEL,-67.9020979020979,-67.19352381289703,PR,0.9281735855434959,1825.41268,-3.008118433543376
73471.PACLITAXEL.m9,73471.PACLITAXEL,8.604165113448193,19.051491079503347,SD,0.43835952779910026,4676.862622000001,5.157008642189383
73471.PACLITAXEL-15DAILY.m1,73471.PACLITAXEL-15DAILY,6.068290882244387,27.201674459620207,SD,-0.10001257854866719,9221.0177635,19.507512433962273
73471.PACLITAXEL-15DAILY.m2,73471.PACLITAXEL-15DAILY,-2.933964147162227,83.36176864688638,PD,-1.4419020196825114,18294.08061,45.292342595117844
73471.PACLITAXEL-15DAILY.m3,73471.PACLITAXEL-15DAILY,-9.979880841059307,25.43025995095791,SD,-2.347732482840767,14031.271327999999,56.31880699368686
85277.ADC-CONTROL.m1,85277.ADC-CONTROL,114.69173046033477,178.30921571786118,PD,-0.2879966181072122,12255.279855249999,27.204981526706238
85277.AZD-5305.m1,85277.AZD-5305,138.26160866239582,359.69754737832255,PD,-0.06628034808908168,7438.54413525,27.879024482690408
85277.AZD-8205.m1,85277.AZD-8205,244.40971346441026,372.9500560143587,PD,-0.6760792610252222,14040.2333735,41.077192916419385
85277.BMN-673.m1,85277.BMN-673,45.598492902752106,104.62736563457283,PD,0.013552388123375003,12655.27286075,14.939448686085504
85277.BMN-673.m2,85277.BMN-673,101.2537524286091,106.30994918596541,PD,0.5648926733270574,7249.01078075,3.6697540432296445
85277.BMN-673.m3,85277.BMN-673,34.35806766633067,148.19858783462146,PD,0.051079268551364465,7216.5851999999995,16.508071932203396
85277.CARBOPLATIN.m1,85277.CARBOPLATIN,-6.655621866895545,10.94966789282279,SD,0.6824127125868331,4184.0810205,2.9436483654652146
85277.CARBOPLATIN.m2,85277.CARBOPLATIN,-8.730782266714044,10.401776719330002,SD,0.40213868820804055,5089.11620625,10.032380683350352
85277.CDX-011.m1,85277.CDX-011,63.60995662328997,78.42977368479592,PD,-0.956092835335133,18292.63375375,43.04185474719827
85277.CDX-011.m2,85277.CDX-011,56.4272413643778,93.90246254075521,PD,0.2066153018110739,6421.3750979999995,13.58768415321252
85277.CDX-011.m3,85277.CDX-011,-71.19450127155467,-60.349050984301165,PR,0.6641256339579127,4252.727836,-4.406792682628061
85277.CDX-011.m4,85277.CDX-011,-9.219879760841742,-4.8552944640866125,SD,0.6760881338967966,4078.4137760000003,1.8285684194373406
85277.CFI-400945.m1,85277.CFI-400945,-3.8136643319173102,5.490048418346927,SD,0.7687105278308631,3603.3170487499997,1.6405575419278997
85277.CFI-400945.m2,85277.CFI-400945,31.229582234774433,60.45769917534793,PD,0.2594780836760604,7452.652841250001,13.07857528763441
85277.CFI-400945.m3,85277.CFI-400945,102.6216127637436,129.6943260096103,PD,-0.11490451077827557,16302.270895999998,15.671047205357137
85277.CFI-400945.m4,85277.CFI-400945,-99.50897404196675,-95.25341573901184,CR,0.9338214367468776,3149.58373475,-2.184134635963605
85277.CFI-400945.m5,85277.CFI-400945,-18.13081893375039,12.87810238937508,SD,0.6598762581878684,5529.65995875,2.310948385958659
85277.CFI-400945.m6,85277.CFI-400945,-96.82563762345711,-96.82563762345711,CR,0.8580482600466347,3256.1487589999997,-1.8494037912417511
85277.CFI-400945.m7,85277.CFI-400945,-21.13679432127299,28.248916663434255,SD,0.19751268039588832,11181.5602235,10.090336458371455
85277.CFI-400945-3.75DAILY.m1,85277.CFI-400945-3.75DAILY,15.984201785379582,19.474256156381763,SD,0.7067485804008857,4246.153326000001,2.7760549363418527
85277.CFI-400945-52WEEKLY.m1,85277.CFI-400945-52WEEKLY,-96.57727841334676,-93.86762382391292,CR,0.9604514742249619,1144.21459675,-3.444485399716421
85277.CFI-400945-52WEEKLY.m2,85277.CFI-400945-52WEEKLY,-88.72426760043825,-81.30640676690763,PR,0.8062327289280772,7312.4464237500015,-6.1338320666387265
85277.CFI-400945-5DAILY.m1,85277.CFI-400945-5DAILY,16.47686589934958,27.796144180678105,SD,0.5198022753180797,5101.7015437499995,4.21565604122807
85277.CFI-402257.m1,85277.CFI-402257,-6.0183754979921344,9.407328890369126,SD,0.655307759314922,4431.34142,3.1549443510575776
85277.CFI-402257.m2,85277.CFI-402257,-14.709171229192307,8.590652968706403,SD,0.7012377320836716,4218.7911189999995,2.770107715974442
85277.CFI-402257.m3,85277.CFI-402257,81.73676912881771,169.5700060280568,PD,0.11533322660740264,7478.496892249999,18.780500452337304
85277.CFI-402257.m4,85277.CFI-402257,387.95009306801853,423.98563109541146,PD,-0.3356733637496079,11116.42196,38.76255963898917
85277.CX-5461.m1,85277.CX-5461,-15.106347905376815,-10.246354931771329,SD,0.7479380676631158,4553.5511945,0.13490689600638972
85277.CX-5461.m2,85277.CX-5461,-59.15495356592204,-35.82245259832572,PR,0.8687480786240969,2274.050252,-2.8285469532710277
85277.DATOPOTAMAB-CONTROL.m1,85277.DATOPOTAMAB-CONTROL,-17.258739637961508,87.56185686969786,PD,0.12851130892278795,7249.553864,19.14392677696335
85277.DATOPOTAMAB-CONTROL.m2,85277.DATOPOTAMAB-CONTROL,138.50365429514363,239.54189338385768,PD,0.2871830773674472,6136.96399425,16.263747922413785
85277.DATOPOTAMAB-DERUXTECAN.m1,85277.DATOPOTAMAB-DERUXTECAN,-100.0,-87.02610668319073,CR,1.0,627.692913,-5.0060312439790575
85277.DATOPOTAMAB-DERUXTECAN.m2,85277.DATOPOTAMAB-DERUXTECAN,-90.09046655316654,-75.51224580505226,PR,0.972211166626413,1723.702698,-7.86781688122605
85277.ERIBULIN-EXTRALOW.m1,85277.ERIBULIN-EXTRALOW,-97.106507383515,-97.106507383515,CR,0.9938247036947585,1349.9478064999998,-3.9081834920091323
85277.ERIBULIN-LOW.m1,85277.ERIBULIN-LOW,-99.65057358503259,-98.01991698185132,CR,0.7933430537917716,3924.4322405,-1.270573722250771
85277.EVEROLIMUS.m1,85277.EVEROLIMUS,-21.725663587532296,-19.300679011345334,SD,0.7427441803231848,3987.2566262499995,0.3342714438087771
85277.PACLITAXEL.m1,85277.PACLITAXEL,-100.0,-99.92894012930893,CR,0.8667915456012906,6202.433523500001,-4.2475239401655
85277.PACLITAXEL.m2,85277.PACLITAXEL,-50.24758791030936,-45.40998338707355,PR,0.8101487745541571,4048.8918740000004,-0.16263073843578843
85277.PACLITAXEL.m3,85277.PACLITAXEL,-8.177665555891323,13.143688433617061,SD,0.8414430920666183,3319.855576,0.20780894999999974
85277.SACITUZAMAB-GOVITECAN.m1,85277.SACITUZAMAB-GOVITECAN,23.819714473381847,69.42740409483454,PD,0.4612183160875464,4465.564575750001,8.959505751171509
85277.SACITUZAMAB-GOVITECAN.m2,85277.SACITUZAMAB-GOVITECAN,-88.18972033257748,-76.78015164399093,PR,0.906474655012093,3121.1209630000003,-3.0969440806789605
85277.TRASTUZUMAB-CONTROL.m1,85277.TRASTUZUMAB-CONTROL,-61.97330160938688,-38.21423597857873,PR,0.8275159957117775,1644.3565420000002,-0.8067071
85277.TRASTUZUMAB-CONTROL.m2,85277.TRASTUZUMAB-CONTROL,26.392939592465336,69.64092719832631,PD,0.6549837098693925,3300.4046255000003,5.908514012266929
85277.TRASTUZUMAB-CONTROL.m3,85277.TRASTUZUMAB-CONTROL,-66.1971904530023,-62.03180684899563,PR,0.8692341230737778,1992.8182415,-1.387550892917016
85277.TRASTUZUMAB-DERUXTECAN.m1,85277.TRASTUZUMAB-DERUXTECAN,-99.81734775396926,-95.48682702229732,CR,0.9992280879618448,1366.7043515,-12.552347896341455
85277.TRASTUZUMAB-DERUXTECAN.m2,85277.TRASTUZUMAB-DERUXTECAN,-99.71129362993098,-74.6370745601398,CR,0.9992280879618448,1536.07977125,-8.33143693017807
85277.TRASTUZUMAB-DERUXTECAN.m3,85277.TRASTUZUMAB-DERUXTECAN,-99.68921370283637,-99.68921370283637,CR,0.9992280879618448,733.6467409999999,-7.355699839790575
85277_P11.BMN-673.m1,85277_P11.BMN-673,97.14925460814396,201.7281388591238,PD,0.6378948624802345,5737.5088825,16.441385825203245
87654.BMN-673.m1,87654.BMN-673,14.915364583333336,40.50488736768927,PD,-3.1913030670078744,16079.945058,11.699720610815605
87654.CFI-400945.m1,87654.CFI-400945,17.579634955502033,53.492465863728135,PD,-0.6579598810289873,5404.022644,7.446998882088849
87654.CFI-400945.m2,87654.CFI-400945,-85.95711790628492,-53.80089431730539,PR,0.4748466233781905,3106.6236,-0.33931139644970404
87654.CFI-402257.m1,87654.CFI-402257,5.589225589225588,63.3299203864506,PD,-0.42469155590882357,4450.5737525,7.542218478356891
91142.CFI-400945.m1,91142.CFI-400945,137.7313105576133,217.22279233145474,PD,0.48139728726121356,21548.503067,40.32625915
91142.CFI-402257.m1,91142.CFI-402257,40.88105006297729,75.96325485166768,PD,0.7792938415255297,4571.405548500001,17.475948000000006
91142.PALBOCICLIB.m1,91142.PALBOCICLIB,1.6770979188133195,36.05854861259017,PD,0.8711597448622105,4268.07151575,3.7777025071428576
95412.BMN-673.m1,95412.BMN-673,-89.35451105373753,-51.49336962609195,PR,0.9714670742718398,1713.5789497500002,-5.977480201968134
95412.CARBOPLATIN.m1,95412.CARBOPLATIN,6.7812921582552255,12.528988444982915,SD,0.6664492993158861,3093.2755104999997,1.131009842857143
95412.CFI-400945.m1,95412.CFI-400945,-100.0,-75.81838274214996,CR,0.9714670742718398,4043.888513,-17.405299953642388
95412.CFI-400945-52WEEKLY.m1,95412.CFI-400945-52WEEKLY,-100.0,-70.98929299236099,CR,0.9915457997842488,1235.9329010000001,-9.021897142857142
95412.CFI-402257.m1,95412.CFI-402257,-18.207911257776065,8.242363627350269,SD,0.49215281135973976,4681.7093635,3.451149297018348
95412.PACLITAXEL.m1,95412.PACLITAXEL,-100.0,-99.83618303751496,CR,1.0,1181.9395769999999,-4.1001585285714315
BPTO00_PDX.DATOPOTAMAB-DERUXTECAN.m1,BPTO00_PDX.DATOPOTAMAB-DERUXTECAN,-95.07099492460347,-77.62250672439517,CR,0.9720942627897226,1066.8084825,-5.951912768292681
BPTO00_PDX.DATOPOTAMAB-DERUXTECAN.m2,BPTO00_PDX.DATOPOTAMAB-DERUXTECAN,-94.60543839242064,-80.7877771221887,PR,0.9720942627897226,836.5180655,-4.4461227275862045
BPTO00_PDX.SACITUZAMAB-GOVITECAN.m1,BPTO00_PDX.SACITUZAMAB-GOVITECAN,-68.8158021767158,-53.11579982926888,PR,0.7153474903789157,1559.5253992500002,-2.1861025939629997
BPTO00_PDX.SACITUZAMAB-GOVITECAN.m2,BPTO00_PDX.SACITUZAMAB-GOVITECAN,-77.95412899171136,-68.75581877831848,PR,0.872822744385075,793.86168875,-7.322509637795275
BPTO00_PDX.SACITUZAMAB-GOVITECAN.m3,BPTO00_PDX.SACITUZAMAB-GOVITECAN,-35.8505040080585,-20.526823904384685,SD,0.522798812889939,2297.55162,1.0139123529698153
BPTO00_PDX.TRASTUZUMAB-DERUXTECAN.m1,BPTO00_PDX.TRASTUZUMAB-DERUXTECAN,-79.44152265841615,-69.90861321286516,PR,0.8953534854614598,1055.02234575,-4.269437506097561
BPTO00_PDX.TRASTUZUMAB-DERUXTECAN.m2,BPTO00_PDX.TRASTUZUMAB-DERUXTECAN,-95.99514210737625,-80.81005593117784,CR,0.9813961751931484,668.1360999999999,-4.622657730812012
BPTO00_PDX.TRASTUZUMAB-DERUXTECAN.m3,BPTO00_PDX.TRASTUZUMAB-DERUXTECAN,-100.0,-97.22530906588642,CR,0.9162827883691678,1108.447795,-4.743856148184495
BPTO51.CFI-400945-5DAILY.m1,BPTO51.CFI-400945-5DAILY,-97.32039749866608,-93.07769353822074,CR,0.972197063568155,542.551744,-3.9588579748305914
BPTO51.CFI-400945-5DAILY.m2,BPTO51.CFI-400945-5DAILY,19.15054015546378,35.00675302875153,PD,0.7088646661125542,4664.072357249999,-0.09091680969807817
BPTO51.CFI-402257-3ON4OFF+PACLITAXEL.m1,BPTO51.CFI-402257-3ON4OFF+PACLITAXEL,-95.61339417190067,-92.1406645579887,CR,0.9340967432726638,2607.7347125,-1.7712613269794715
BPTO51.CX-5461.m1,BPTO51.CX-5461,2.7765085999394756,48.913512431399894,PD,0.7271341105376481,2871.1517069999995,1.7444224108527133
BPTO51.ERIBULIN-EXTRALOW.m1,BPTO51.ERIBULIN-EXTRALOW,35.10800065556903,59.10109271286199,PD,0.4865538723160132,5338.491223,4.470456495601172
BPTO95.CFI-400945.m1,BPTO95.CFI-400945,-58.84912135735492,-52.68216061698716,PR,0.5081114732897165,2771.20542325,0.29035945997485324
BPTO95.CFI-400945.m2,BPTO95.CFI-400945,26.05231577720406,39.67035387652713,PD,0.07696877657885859,4817.4680535,3.3016016747694885
BPTO95.CFI-402257.m1,BPTO95.CFI-402257,-47.640081016402256,-39.73218777665918,SD,0.7739615214898856,1827.1549800000003,-0.6265165714285716
BPTO95.CFI-402257.m2,BPTO95.CFI-402257,-23.140829442052222,-11.691907603132234,SD,0.43250165919035943,3623.382035,-0.35658534285714255
BPTO95.PACLITAXEL.m1,BPTO95.PACLITAXEL,-97.00928358749114,-55.57232724397054,CR,0.5469707399044517,3520.5964325,-1.7256928000000011
BPTO95.PALBOCICLIB.m1,BPTO95.PALBOCICLIB,-32.488494190005,-29.060321669394163,SD,0.5681369572387354,1899.270912,0.4420955609756094
BPTO95.PALBOCICLIB.m2,BPTO95.PALBOCICLIB,-45.97290082065606,-25.466686254368774,SD,0.1565825321152604,4921.2621755,1.3429333522632028
BPTO95.PALBOCICLIB.m3,BPTO95.PALBOCICLIB,-91.17557361124707,-83.11375197213945,PR,0.7451629431514983,3556.66888925,-3.518534272208639
BPTO95.PALBOCICLIB.m4,BPTO95.PALBOCICLIB,-58.0347318998459,-43.344728393101576,PR,0.36573888073261807,5643.16742375,-2.988414973308883
BPTO95.PALBOCICLIB.m5,BPTO95.PALBOCICLIB,-29.35854428971837,-21.28410968249024,SD,0.4260193477388826,3418.6327875,-0.5144763651484127
BPTO95.PALBOCICLIB.m6,BPTO95.PALBOCICLIB,-33.47614251836054,-25.24366191779667,SD,0.304809302596994,2643.80547425,1.9350669887410445
BPTO95.PALBOCICLIB.m7,BPTO95.PALBOCICLIB,-30.859717420919587,-27.278296296587946,SD,0.44234958949402003,2332.0783172499996,0.7834506534140017
BPTO95.PALBOCICLIB.m8,BPTO95.PALBOCICLIB,-20.910106277750916,-16.655090702698626,SD,0.29518974788426156,3966.2841872500003,0.6915797854364737
BXTO64.ABT-263.m1,BXTO64.ABT-263,18.13777186984147,67.80620904693761,PD,-0.09184621507363855,10937.282945750001,17.95357721428571
BXTO64.CARBOPLATIN.m1,BXTO64.CARBOPLATIN,-25.006186107234708,0.23898780848521373,SD,0.5945307512059242,4424.334334,2.3153786354071353
BXTO64.CARBOPLATIN.m2,BXTO64.CARBOPLATIN,57.18937336751417,110.18579861510483,PD,-0.18597396223728824,12356.802927,22.641265228571424
BXTO64.CFI-400945+ABT-263-LOW.m1,BXTO64.CFI-400945+ABT-263-LOW,-100.0,-100.0,CR,0.8041828994669906,3915.899008,-1.8584459428571432
BXTO64.CFI-400945-3.75DAILY.m1,BXTO64.CFI-400945-3.75DAILY,24.526276400008996,30.194551802114344,PD,0.48632844398202857,3880.174081,8.219861413793106
BXTO64.CFI-400945-52WEEKLY.m1,BXTO64.CFI-400945-52WEEKLY,-0.5752492170187806,10.690744834711774,SD,0.6237165343516062,7497.4294995,-0.3529620702296799
BXTO64.CFI-400945-52WEEKLY.m2,BXTO64.CFI-400945-52WEEKLY,-55.93761818731255,-36.75947435397775,PR,0.6632643184442232,5613.0671975000005,1.0186197285714287
BXTO64.CFI-400945-52WEEKLY.m3,BXTO64.CFI-400945-52WEEKLY,-26.395349392769894,-22.16567567061808,SD,0.6859915659804303,4782.853209999999,2.1235579
BXTO64.CFI-400945-5DAILY.m1,BXTO64.CFI-400945-5DAILY,-99.773419891557,-98.71604605215629,CR,0.9936235468774582,767.595009,-5.981517541466344
BXTO64.CFI-400945-5DAILY.m2,BXTO64.CFI-400945-5DAILY,137.13272037735268,179.88038438888108,PD,0.18289557426560044,6482.217044999999,15.510233483353893
BXTO64.CFI-402257-3ON4OFF+PACLITAXEL.m1,BXTO64.CFI-402257-3ON4OFF+PACLITAXEL,-15.175643335601485,6.268214504758474,SD,0.3037319689070943,9030.733487999998,5.864917917594654
BXTO64.CX-5461.m1,BXTO64.CX-5461,113.48900395258906,131.4241489521404,PD,0.4312857600401957,7730.100147250001,8.098705811430149
BXTO64.CX-5461.m2,BXTO64.CX-5461,50.827714936552205,55.93270016511094,PD,0.7517787878419823,3045.384433,2.503144371428571
BXTO64.ERIBULIN.m1,BXTO64.ERIBULIN,-100.0,-100.0,CR,1.0,432.877086,-5.203777327323719
BXTO64.ERIBULIN-EXTRALOW.m1,BXTO64.ERIBULIN-EXTRALOW,35.47378964723848,57.49051670357377,PD,0.5960417314789745,7445.0000362499995,4.615109198494456
BXTO64.ERIBULIN-EXTRALOW.m2,BXTO64.ERIBULIN-EXTRALOW,-8.54611640855799,5.311697564489726,SD,0.619062270353006,5162.34089475,3.6484057034149964
BXTO64.ERIBULIN-LOW.m1,BXTO64.ERIBULIN-LOW,-96.58791017414214,-85.92512946833635,CR,0.9489883750196658,2204.41468825,-6.828094477027027
BXTO64.ERIBULIN-LOW.m2,BXTO64.ERIBULIN-LOW,-94.3578879443111,-94.3578879443111,PR,0.9784794707114215,1809.3938685000003,-7.373780209276643
BXTO64.PACLITAXEL.m1,BXTO64.PACLITAXEL,5.0431778010258554,10.132854992657926,SD,0.7535399546297487,4412.341703,0.19851688319088284
BXTO64.PACLITAXEL.m2,BXTO64.PACLITAXEL,-27.33053566252813,2.9128003196669416,SD,0.5568009975159072,6706.963046250001,3.5650531156695138
BXTO81.CARBOPLATIN.m1,BXTO81.CARBOPLATIN,12.186587064676612,30.075500967385317,PD,,3185.2654939999998,3.2715194596153854
BXTO81.CFI-400945-5DAILY.m1,BXTO81.CFI-400945-5DAILY,28.564275669724772,64.94779159225281,PD,,5597.864609,6.037773097614841
BXTO81.PACLITAXEL-15DAILY.m1,BXTO81.PACLITAXEL-15DAILY,-95.65891691268443,-95.65891691268443,CR,,2155.2370920000003,-2.721118989232468
DCPTOB19.BMN-673.m1,DCPTOB19.BMN-673,-33.8290199615026,-17.8162300282356,SD,0.3243800556384997,4171.999194,-0.5236199682259486
DCPTOB19.CFI-400945.m1,DCPTOB19.CFI-400945,-99.47740866943063,-98.2580288981021,CR,0.7396116677354976,2291.483311,-1.4399963611202096
DCPTOB19.CFI-400945.m2,DCPTOB19.CFI-400945,-99.45737079458704,-98.19123598195677,CR,0.7305731711576,1979.67002475,-1.4449319500491322
DCPTOB19.CFI-400945.m3,DCPTOB19.CFI-400945,-99.60317460317461,-98.67724867724867,CR,0.7831571073110906,2553.5352785000005,-3.2124837052079918
DCPTOB19.CFI-400945.m4,DCPTOB19.CFI-400945,-99.39067024006886,-99.39067024006886,CR,0.8889292997469384,1286.6161119999997,-2.052681018178841
DCPTOB19.CFI-400945.m5,DCPTOB19.CFI-400945,-99.66742532271749,-68.8488385612055,CR,0.49381232056162316,4818.020731500001,-1.0734964694376528
DCPTOB19.CFI-400945-5DAILY.m1,DCPTOB19.CFI-400945-5DAILY,-99.67811119770992,-86.99760097348616,CR,0.7207010772101266,2726.8833142500002,-4.805062182492581
DCPTOB19.CFI-402257.m1,DCPTOB19.CFI-402257,17.04949506563842,41.316820358409736,PD,0.5279378066170937,3361.64696725,0.31064678319502054
DCPTOB19.CFI-402257.m2,DCPTOB19.CFI-402257,-46.97110527379269,-34.9359366490585,SD,0.34251047971601345,3950.593514,-0.2971778285714293
DCPTOB19.CX-5461.m1,DCPTOB19.CX-5461,-17.112852372623077,-14.345522387143482,SD,0.4273044361898273,3401.5124945,-0.5264671913202934
DCPTOB19.CX-5461.m2,DCPTOB19.CX-5461,2.0058500464200657,11.297506545967618,SD,0.3112110019794636,3672.387815,0.9809294307462688
DCPTOB19.ERIBULIN-LOW.m1,DCPTOB19.ERIBULIN-LOW,-100.0,-81.35377556210908,CR,0.8500184653515921,1794.1399547499998,-3.04644824161518
DCPTOB19.ERIBULIN-LOW.m2,DCPTOB19.ERIBULIN-LOW,-100.0,-99.08244892592447,CR,0.981252308168949,1450.9373655,-6.489313228571428
DCPTOB19.PACLITAXEL.m1,DCPTOB19.PACLITAXEL,-34.966700319928535,-32.18799765741005,SD,0.3848946333599772,4402.131152,-1.3277485657546344
INSB014.BMN-673.m1,INSB014.BMN-673,194.44963781907956,255.450321014442,PD,0.4981182701971243,11510.856704999998,32.05431175074184
INSB014.BMN-673.m2,INSB014.BMN-673,53.561034048670294,157.27624584975294,PD,-0.36174306993485605,19627.0256955,117.27753834023669
INSB014.BMN-673.m3,INSB014.BMN-673,93.11861822860625,109.91408897517765,PD,0.5594065422987375,11359.96897875,20.93706584825615
INSB014.BMN-673.m4,INSB014.BMN-673,40.905796388390556,75.17436624060598,PD,0.6262785892731745,10404.697697,17.182614275498242
INSB014.BMN-673.m5,INSB014.BMN-673,93.07236926475817,137.6011902842814,PD,0.4164566474176522,15064.503016499999,28.945503442144883
INSB014.CARBOPLATIN.m1,INSB014.CARBOPLATIN,20.372397852954528,44.55197140987488,PD,0.7018802224110696,9247.286947249999,10.685798999047478
INSB014.CARBOPLATIN.m2,INSB014.CARBOPLATIN,17.44742791782279,54.18991865898166,PD,0.6941527852855257,8246.17253345,14.736553260521685
INSB014.CARBOPLATIN.m3,INSB014.CARBOPLATIN,110.7471676913954,227.44353125048704,PD,0.4465964371922584,13609.4989255,32.33660343407468
INSB014.CDX-011.m1,INSB014.CDX-011,72.39047653932906,75.43813879713002,PD,0.18067363170983564,19110.0066075,41.567350766272185
INSB014.CDX-011.m2,INSB014.CDX-011,65.24845116249543,281.1387379884872,PD,-0.027127446640383024,19791.103731,74.91267430769231
INSB014.CDX-011.m3,INSB014.CDX-011,17.52366851994127,31.515449558043063,PD,0.7367541880189117,5543.977491000001,14.95001828084291
INSB014.CFI-400945.m1,INSB014.CFI-400945,22.28786065635888,60.90912617075814,PD,0.7230361478120688,8055.74779475,12.563905719812427
INSB014.CFI-400945.m2,INSB014.CFI-400945,31.417679909000107,57.390773666346284,PD,0.8180411376963737,7575.9274562499995,6.89895727542497
INSB014.CFI-400945.m3,INSB014.CFI-400945,278.71415482320856,688.177873400051,PD,-0.3319894344183443,30594.8866145,84.97443379772571
INSB014.CFI-400945.m4,INSB014.CFI-400945,121.63308923877727,125.38350285164906,PD,0.7368033464687171,12481.105720500002,6.061211117943552
INSB014.CFI-400945.m5,INSB014.CFI-400945,88.96223988051544,144.72581240624228,PD,0.7594562870704833,7904.3968804999995,10.243608185062987
INSB014.CFI-400945.m6,INSB014.CFI-400945,227.86578994711041,248.2898408580436,PD,0.29000687594793706,29432.542763999998,27.459313113160096
INSB014.CFI-400945.m7,INSB014.CFI-400945,89.54317506708,159.10441962077994,PD,0.10406167155628299,13612.61295975,78.64449425000002
INSB014.CFI-400945+ABT-263.m1,INSB014.CFI-400945+ABT-263,71.4703230502147,162.9095655657472,PD,0.5111081448509216,6800.44780625,44.27464817857144
INSB014.CFI-400945-52WEEKLY.m1,INSB014.CFI-400945-52WEEKLY,20.34212707828591,43.708105894942165,PD,0.7703058001022453,7467.866916749999,8.2638839908775
INSB014.CFI-400945-52WEEKLY.m2,INSB014.CFI-400945-52WEEKLY,-44.22266998641919,-23.654480760525132,SD,0.6326987156542463,17012.939946000002,6.215680578236697
INSB014.CFI-402257.m1,INSB014.CFI-402257,148.5003642325307,369.30434471992237,PD,0.3594626203891451,11882.096132499999,49.30020728995434
INSB014.CFI-402257.m2,INSB014.CFI-402257,59.35759156162761,154.14751650115917,PD,0.43995147643471577,14978.223567999998,32.47375786837533
INSB014.CFI-402257.m3,INSB014.CFI-402257,77.46930330215689,327.73153846153855,PD,0.3039377510685809,13095.3638235,45.879634510101
INSB014.CFI-402257.m4,INSB014.CFI-402257,15.285912411208557,89.43997863264508,PD,0.40161550024892123,11973.5024715,48.00319186032656
INSB014.CFI-402257.m5,INSB014.CFI-402257,122.09824792008845,157.36609434920447,PD,0.6156179201559164,6795.408522,31.923818428571423
INSB014.CFI-402257-2ON5OFF.m1,INSB014.CFI-402257-2ON5OFF,17.178657343766535,25.073105019209763,SD,0.48742768366513023,10926.239943,26.204817938135424
INSB014.CFI-402257-2ON5OFF+PACLITAXEL-15DAILY.m1,INSB014.CFI-402257-2ON5OFF+PACLITAXEL-15DAILY,7.106982676161122,34.0415797197116,PD,0.530947132762309,10523.85253425,24.45498871890548
INSB014.CFI-402257-2ON5OFF+PACLITAXEL-15DAILY.m2,INSB014.CFI-402257-2ON5OFF+PACLITAXEL-15DAILY,28.678885770022443,51.9051242886752,PD,0.8051148160353456,7288.4778655,5.825279722177419
INSB014.CFI-402257-3ON4OFF+PACLITAXEL.m1,INSB014.CFI-402257-3ON4OFF+PACLITAXEL,-3.5100729538164788,24.792803130879282,SD,0.6471393995099519,9642.3343,17.484362052083334
INSB014.CFI-402257-3ON4OFF+PACLITAXEL.m2,INSB014.CFI-402257-3ON4OFF+PACLITAXEL,17.91071530339572,37.01486341308138,PD,0.6856348952333604,8301.80783675,18.85731698390152
INSB014.CX-5461.m1,INSB014.CX-5461,153.2318212587795,213.2807647621079,PD,0.49896434695990155,15956.23832525,24.96475628714162
INSB014.CX-5461.m2,INSB014.CX-5461,202.9054693581501,353.84407996243334,PD,0.2495808135958033,19141.751353749998,45.398951499205744
INSB014.ERIBULIN.m1,INSB014.ERIBULIN,-98.44499666500379,-97.21395235813178,CR,0.9492999136372112,4386.74265675,-8.254272585073473
INSB014.ERIBULIN-EXTRALOW.m1,INSB014.ERIBULIN-EXTRALOW,5.834992310792164,75.08495962571892,PD,0.25283080366085364,17888.9273835,35.99682489026874
INSB014.ERIBULIN-LOW.m1,INSB014.ERIBULIN-LOW,67.20667068753845,164.14508763465662,PD,0.5449726052039019,10799.0001975,25.30611052906487
INSB014.ERIBULIN-LOW.m2,INSB014.ERIBULIN-LOW,-41.14182367016309,-33.38904802867017,SD,0.9008001301613618,5188.31327825,-1.6298376586313013
INSB014.ERIBULIN-LOW.m3,INSB014.ERIBULIN-LOW,-12.241027389918447,-10.056804071623082,SD,0.9395777375265417,3672.51266575,-1.8265440074003516
INSB014.EVEROLIMUS.m1,INSB014.EVEROLIMUS,15.543776134384713,22.982029847024176,SD,0.5966519162242119,9545.166776,18.566908889696485
INSB014.FLUVASTATIN+TERBINIFINE.m1,INSB014.FLUVASTATIN+TERBINIFINE,13.77987261146496,54.95355036565226,PD,0.4239930391703013,6758.8057415,37.333932741539755
INSB014.G9A.m1,INSB014.G9A,-11.2228676217766,1.750645209354662,SD,0.37381166050714043,14164.456827249998,33.58395797815999
INSB014.PACLITAXEL.m2,INSB014.PACLITAXEL,-99.32360416613703,-96.51153484814954,CR,0.8633559866512006,10609.953624,-18.94597602564103
INSB014.PACLITAXEL.m3,INSB014.PACLITAXEL,16.09761637032685,92.87272855292288,PD,0.6773305135255618,10971.17219075,20.40374987428977
INSB014.PACLITAXEL.m4,INSB014.PACLITAXEL,20.8707032381364,80.99130920181175,PD,0.6621964005655758,9875.713455000001,18.81049161126894
INSB014.PACLITAXEL.m5,INSB014.PACLITAXEL,626.1514346764347,839.3182531855608,PD,0.5068388987999142,11194.873752000001,32.4906786214442
INSB014.PACLITAXEL-15DAILY.m1,INSB014.PACLITAXEL-15DAILY,33.48498129760611,54.459733519223796,PD,0.4250444859299163,16292.435384499997,24.815914659636608
INSB014.PEG400.m1,INSB014.PEG400,-1.7503558488013327,19.214815449768796,SD,0.8272480955477628,3682.39464175,9.574471393926785
INSB014.TOPOTECAN-LOW.m1,INSB014.TOPOTECAN-LOW,-20.358456655425517,-12.290767704820471,SD,0.8771744172670685,3959.7114277499995,-0.534124954695222
INSB014.UNC0642.m1,INSB014.UNC0642,17.661988632327663,98.93765038570395,PD,0.3957430453094195,11154.3185045,32.363428871498186
INSB014.UNC0642.m2,INSB014.UNC0642,-20.302705866082338,53.87498947082785,PD,0.5718324215427226,8258.439226499999,19.15724906546895
INSB014.UNC0642.m3,INSB014.UNC0642,25.361956441581256,176.68328278567606,PD,-0.20273455770353843,19852.7269065,90.83905761764707
INSB014.UNC1999.m1,INSB014.UNC1999,151.22915188710584,264.77325931165666,PD,0.6980574851695789,7529.78209275,17.516629173153298
INSB019.ADC-CONTROL.m1,INSB019.ADC-CONTROL,-57.48048985868424,-42.21318907257704,PR,0.5505280526527488,4075.724038,-0.5632582694112133
INSB019.ADC-CONTROL.m2,INSB019.ADC-CONTROL,12.551051586407125,14.103085233286405,SD,0.5371962576043134,3518.9896065,1.7800623764954262
INSB019.ADC-CONTROL.m3,INSB019.ADC-CONTROL,-54.40704979037729,-44.634627393243164,PR,0.42897524038064594,3747.1476170000005,3.9654631551359527
INSB019.AZD-5305.m1,INSB019.AZD-5305,-49.299704264650366,-46.803934583712156,SD,0.8053165346411666,2990.7716517500003,-0.3035085555946516
INSB019.AZD-5305.m2,INSB019.AZD-5305,-77.59333620134498,-71.37842905635254,PR,0.9087532620259492,1891.63267325,0.4169430224020642
INSB019.AZD-5305.m3,INSB019.AZD-5305,-31.775032656186653,-20.04281326948486,SD,0.2695978793376579,5379.7957825,7.246956561933535
INSB019.AZD-8205.m1,INSB019.AZD-8205,-100.0,-100.0,CR,0.998722705330197,384.64088,-3.112333858784895
INSB019.AZD-8205.m2,INSB019.AZD-8205,-97.56473936446491,-95.23094792207714,CR,0.9540173918870924,1092.72484725,-4.948379627961532
INSB019.AZD-8205.m3,INSB019.AZD-8205,-83.25266701277822,-83.25266701277822,PR,0.9236997171988492,1327.672915,-3.425714108491673
INSB019.BMN-673.m1,INSB019.BMN-673,-20.02528601099306,-16.738863140993942,SD,0.6369013801069187,4195.99254975,-1.2624535606235567
INSB019.BMN-673.m2,INSB019.BMN-673,7.85041723381954,11.361369858504066,SD,0.3621780018223467,5413.5650795,2.1258015776553107
INSB019.BMN-673.m3,INSB019.BMN-673,0.8163613607919062,64.88663279652678,PD,-0.5085437759196738,8047.0261915,19.617755822682273
INSB019.BMN-673.m4,INSB019.BMN-673,27.16183230305913,35.89277141479905,PD,0.5596639232152294,4531.6806265000005,3.642696325959934
INSB019.BMN-673.m5,INSB019.BMN-673,5.118217894420907,45.96291711865135,PD,-0.6422943946458877,9134.520665,15.695987887410437
INSB019.CARBOPLATIN.m1,INSB019.CARBOPLATIN,-7.251576187333686,-2.494841962442551,SD,0.46976984157379464,4736.37767125,1.4339159308736213
INSB019.CDX-011.m1,INSB019.CDX-011,4.000702743700946,14.708226939457237,SD,0.03326937211239556,7176.251342750001,5.773472904793253
INSB019.CDX-011.m2,INSB019.CDX-011,110.62959876423699,219.07238256147252,PD,-0.2502017937405414,6597.290210499999,19.136619243119263
INSB019.CDX-011.m3,INSB019.CDX-011,48.05868670602968,117.85366884256186,PD,-3.497583730131864,12370.354056,106.40344645161291
INSB019.CFI-400945.m1,INSB019.CFI-400945,-97.18266400755226,-78.85403863048471,CR,0.9655130439153193,2113.3342555,-3.75453838432523
INSB019.CFI-400945.m2,INSB019.CFI-400945,-58.84727825660245,-42.94697229308485,PR,0.06412220388950873,10041.40730325,3.524747971048388
INSB019.CFI-400945.m3,INSB019.CFI-400945,-95.9889616223848,-89.6381508578274,CR,0.8874044567312884,2671.7199634999997,-3.066228815403226
INSB019.CFI-400945.m4,INSB019.CFI-400945,-85.1525802514173,-85.1525802514173,PR,0.9655130439153193,473.48711325,-5.039489849112426
INSB019.CFI-400945-3.75DAILY.m1,INSB019.CFI-400945-3.75DAILY,-30.787642835404718,9.359237645423612,SD,0.5381343347421835,3112.852181,1.3220737112188357
INSB019.CFI-400945-52WEEKLY.m1,INSB019.CFI-400945-52WEEKLY,-73.35771834767266,-49.25131899900318,PR,0.5281445364919741,4020.789645,1.3641733488590604
INSB019.CFI-400945-52WEEKLY.m2,INSB019.CFI-400945-52WEEKLY,-82.61202204795605,-82.61202204795605,PR,0.9182531411326089,3014.6917894999997,-8.36229791869919
INSB019.CFI-400945-5DAILY.m1,INSB019.CFI-400945-5DAILY,-57.42793799131982,-41.57752408033978,PR,0.7122477651984191,3644.651524,-0.05352613971556467
INSB019.CFI-400945-5DAILY.m2,INSB019.CFI-400945-5DAILY,105.22507800604242,120.23474209574997,PD,-0.8552056609157466,12838.8619545,16.410792782358165
INSB019.CFI-400945-5DAILY.m3,INSB019.CFI-400945-5DAILY,-78.55850087899425,-59.69795610339062,PR,0.4908025764705286,5395.41802175,2.2723938555926555
INSB019.CFI-402257.m1,INSB019.CFI-402257,-32.92324354639442,5.243755526515659,SD,0.7267776422104151,3968.08224275,-2.3342408399742913
INSB019.CFI-402257.m2,INSB019.CFI-402257,-16.62187064882715,-14.699135149174847,SD,0.4634443960868082,4561.316572,1.1740164175664998
INSB019.CFI-402257.m3,INSB019.CFI-402257,-0.4193566174723218,5.970424621850179,SD,0.6984129025351031,2905.6999192499998,0.6139336275981527
INSB019.CFI-402257.m4,INSB019.CFI-402257,67.83209459998491,77.26750350856105,PD,0.4516739519924986,4592.1125625,3.853166542384564
INSB019.CFI-402257.m5,INSB019.CFI-402257,-43.99918265334403,-36.55762094763401,SD,0.7066309602396501,3599.4153255,-3.0063321553727023
INSB019.CFI-402257.m6,INSB019.CFI-402257,-12.971604692868311,-1.3040064570866816,SD,0.5861647016697191,3742.88649,1.2930337832650973
INSB019.CFI-402257-3ON4OFF+PACLITAXEL.m1,INSB019.CFI-402257-3ON4OFF+PACLITAXEL,25.945026963621444,49.05805567522987,PD,-0.20268586490503693,8889.011583,9.211156879310343
INSB019.CX-5461.m1,INSB019.CX-5461,-12.409638527301404,-5.819175769605667,SD,0.10828319182260338,6248.4961155,3.8570339507382543
INSB019.CX-5461.m2,INSB019.CX-5461,-38.74886150212625,-33.36172855458853,SD,0.6319169458570437,2846.34218475,0.8790102121495326
INSB019.ERIBULIN-EXTRALOW.m1,INSB019.ERIBULIN-EXTRALOW,-24.825977973059345,-7.471850352311959,SD,0.5513631389668033,4657.49169825,1.486843350709849
INSB019.ERIBULIN-LOW.m1,INSB019.ERIBULIN-LOW,-99.59843043483528,-98.66143478278421,CR,0.998722705330197,1128.61193375,-4.779241776827056
INSB019.ERIBULIN-LOW.m2,INSB019.ERIBULIN-LOW,-99.51892276415626,-99.51892276415626,CR,0.998722705330197,455.73366,-3.1995573017529226
INSB019.FLUVASTATIN+TERBINIFINE.m2,INSB019.FLUVASTATIN+TERBINIFINE,-14.535993320212315,-1.5545427194952999,SD,0.21398479256998726,6113.112531000001,10.036315435890835
INSB019.FLUVASTATIN+TERBINIFINE.m3,INSB019.FLUVASTATIN+TERBINIFINE,12.313664162609506,43.40574427422042,PD,0.0911256820980142,5267.4770690000005,7.610322701739128
INSB019.FLUVASTATIN+TERBINIFINE.m4,INSB019.FLUVASTATIN+TERBINIFINE,13.862831608106063,17.800191863165704,SD,0.23266198789657344,4824.722696749999,5.133607918695651
INSB019.FLUVASTATIN+TERBINIFINE.m5,INSB019.FLUVASTATIN+TERBINIFINE,-71.92762245146196,-71.63683590533272,PR,0.8695569102753475,1377.124292,-4.506366499588138
INSB019.FLUVASTATIN+TERBINIFINE.m6,INSB019.FLUVASTATIN+TERBINIFINE,-76.4110894691372,-65.9200910842919,PR,0.817440648856598,1210.7438835,-1.0782393698517299
INSB019.PACLITAXEL.m1,INSB019.PACLITAXEL,12.463989873261717,42.79630894265472,PD,-1.4402922878390179,15828.524469,20.85627517642789
INSB019.PACLITAXEL.m2,INSB019.PACLITAXEL,11.626200669836685,100.94842869579499,PD,-0.19072326970978093,5885.181095,9.828625078409717
INSB019.PACLITAXEL.m3,INSB019.PACLITAXEL,-47.104735201816524,-38.22398154660475,SD,0.3899846722970016,8221.810021000001,-3.1259766187395646
INSB019.PACLITAXEL-15DAILY.m1,INSB019.PACLITAXEL-15DAILY,-33.01977478703739,-11.442586950978006,SD,0.3567461274177558,4730.611704,5.231615904003157
INSB019.PEG400.m1,INSB019.PEG400,-19.75316920929745,19.654892646265743,SD,0.046979420095167757,4505.603201999999,10.84015817816684
INSB019.PEG400.m2,INSB019.PEG400,-0.05536989484068444,10.11582597693681,SD,0.5840745686044203,3130.7868437499997,1.1390225707620527
INSB019.PEG400.m3,INSB019.PEG400,3.0669387965252204,21.15328465598725,SD,0.42401831011689595,3992.93040225,6.495369381609642
INSB019.PQ-1-6.m1,INSB019.PQ-1-6,-70.17618374715643,-56.9509719872499,PR,0.8978164264157611,2851.187635,-4.162350469789131
INSB019.PQ-1-6.m2,INSB019.PQ-1-6,-99.69003776926976,-98.96679256423256,CR,0.998722705330197,540.471144,-5.738567477351916
INSB019.PQ-1-6-VEHICLE.m1,INSB019.PQ-1-6-VEHICLE,-74.24363402475926,-36.58781039188348,PR,0.8930273646039898,2709.2076205,-6.7706998902439
INSB019.PQ-1-6-VEHICLE.m2,INSB019.PQ-1-6-VEHICLE,-89.24678577266599,-78.85405539579111,PR,0.9655130439153193,1108.066076,-4.572283737182676
INSB019.SACITUZAMAB-GOVITECAN.m1,INSB019.SACITUZAMAB-GOVITECAN,-62.385598720901356,-52.19967043225658,PR,0.3982968806689545,3265.35086125,1.2852044614235931
INSB019.TRASTUZUMAB-CONTROL.m1,INSB019.TRASTUZUMAB-CONTROL,-38.5413344190885,-24.05991435889564,SD,0.3192645922985621,3412.5785235000003,4.594083439698492
INSB019.TRASTUZUMAB-DERUXTECAN.m1,INSB019.TRASTUZUMAB-DERUXTECAN,-82.85928544646205,-76.83919411859233,PR,0.8250642766131226,2197.296349,-3.7317466338974614
INS_B_019.DATOPOTAMAB-DERUXTECAN.m1,INS_B_019.DATOPOTAMAB-DERUXTECAN,-95.85360866864474,-87.10011585800586,CR,0.8870296048664144,2621.8419885000003,-4.948668857142861
INS_B_019.SACITUZAMAB-GOVITECAN.m1,INS_B_019.SACITUZAMAB-GOVITECAN,-64.68418611233928,-57.58713864554004,PR,0.7412068116121082,3571.1180435,-2.000203657142858
INS_B_019.SACITUZAMAB-GOVITECAN.m2,INS_B_019.SACITUZAMAB-GOVITECAN,-76.26271463080238,-59.93907808150154,PR,0.732925093157859,3085.1329254999996,-2.9909222404926528
INS_B_019.TRASTUZUMAB-DERUXTECAN.m1,INS_B_019.TRASTUZUMAB-DERUXTECAN,-81.32230292186422,-81.32230292186422,PR,0.9364541527373581,1148.394156,-2.7944820571428584
MAR_22/.CDX-011.m1,MAR_22/.CDX-011,41.14597361330463,69.23823376423432,PD,,6454.821013,6.704785914062497
MAR_22/.CFI-400945.m1,MAR_22/.CFI-400945,67.367374198208,80.63403478966487,PD,,10686.166663750002,9.382696236020504
MAR_22/.CFI-402257.m1,MAR_22/.CFI-402257,30.524300912283508,48.98960645790431,PD,,7500.4838580000005,9.284032883504196
MAR_22/.ERIBULIN-LOW.m1,MAR_22/.ERIBULIN-LOW,-15.904181822618801,7.890553274530432,SD,,6583.974346749999,0.7986560488281245
MDA_436.CARBOPLATIN.m1,MDA_436.CARBOPLATIN,-87.88050207363263,-82.94292884437185,PR,,3178.3871295,-6.048995045639773
MDA_436.CARBOPLATIN.m2,MDA_436.CARBOPLATIN,-77.4898055831525,-65.48417047112297,PR,,1963.500056,-1.7712920857142869
MDA_436.CARBOPLATIN.m3,MDA_436.CARBOPLATIN,-96.50231065228111,-72.19282657220558,CR,,4071.6721465,-4.104896142857145
MDA_436.CX-5461.m1,MDA_436.CX-5461,-88.79339407936332,-85.11965767001035,PR,,1914.2032004999999,-4.777769249592502
MDA_436.CX-5461.m2,MDA_436.CX-5461,-70.0941169446529,-68.15257863409134,PR,,1585.581476,-3.16873700714853
NOTCH01.BMN-673.m1,NOTCH01.BMN-673,-27.738016063312166,-17.44926523078101,SD,0.7360137945410378,4333.405984,0.6931375220653141
NOTCH01.CARBOPLATIN.m1,NOTCH01.CARBOPLATIN,-17.914577721672707,-7.011208732529384,SD,0.77190143750013,4441.73984375,1.2578875324675323
NOTCH01.CARBOPLATIN.m2,NOTCH01.CARBOPLATIN,-34.327111391264665,-20.053396531150703,SD,0.846677833958992,3125.538964,1.640512112945265
NOTCH01.CDX-011.m1,NOTCH01.CDX-011,-100.0,-100.0,CR,0.9958809167049678,1939.489254,-7.254135219448096
NOTCH01.CDX-011.m2,NOTCH01.CDX-011,-81.58509534894678,-80.5740224928741,PR,0.9431815890034795,3166.62808575,-6.504505586289789
NOTCH01.CFI-400945.m1,NOTCH01.CFI-400945,-94.26285641287392,-92.17436799927268,PR,0.8740029793731083,5795.09129275,-4.1166226636137155
NOTCH01.CFI-400945.m10,NOTCH01.CFI-400945,7.606588273330783,21.787875023351177,SD,0.7435643790329958,3394.629212,3.0208022372881365
NOTCH01.CFI-400945.m11,NOTCH01.CFI-400945,-29.445263083387484,-16.34800872783344,SD,0.8151077765231175,3406.735847,-4.689952834745763
NOTCH01.CFI-400945.m12,NOTCH01.CFI-400945,-81.49258694481051,-36.89399600875984,PR,0.9860980938792662,880.031334,-4.386827101694917
NOTCH01.CFI-400945.m13,NOTCH01.CFI-400945,8.182890555215527,18.5682970136531,SD,0.9059456887300281,1389.50388175,1.028793707627119
NOTCH01.CFI-400945.m14,NOTCH01.CFI-400945,-96.61339124705229,-96.61339124705229,CR,0.9860980938792662,1884.41839225,-5.560588608225108
NOTCH01.CFI-400945.m15,NOTCH01.CFI-400945,5.357861657589247,31.494789412318248,PD,0.661670160300631,6775.609673999999,5.455602791820314
NOTCH01.CFI-400945.m16,NOTCH01.CFI-400945,-91.18703462646735,-80.58038229555771,PR,0.9225992449540404,3110.193724,-2.057549161751564
NOTCH01.CFI-400945.m2,NOTCH01.CFI-400945,-57.82401447438721,-9.241161977679813,SD,0.9376790925330504,4851.222637250001,-0.402416088995568
NOTCH01.CFI-400945.m3,NOTCH01.CFI-400945,-99.54311560888411,-99.54311560888411,CR,0.9768384723797309,1706.64371,-3.5586321099062133
NOTCH01.CFI-400945.m4,NOTCH01.CFI-400945,-99.73600082883067,-95.1600151952291,CR,0.9599540847874066,2977.6667125000004,-4.8623828772713935
NOTCH01.CFI-400945.m5,NOTCH01.CFI-400945,-99.79202621175179,-97.98958671360064,CR,0.9860980938792662,3743.4875214999997,-7.238415187426728
NOTCH01.CFI-400945.m6,NOTCH01.CFI-400945,-90.70493753718026,-90.70493753718026,PR,0.90024212281275,4337.955352,-4.103909701263538
NOTCH01.CFI-400945.m7,NOTCH01.CFI-400945,-97.41999263317597,-95.37748680110694,CR,0.9130109720961028,3321.6940837499997,-4.230693740974729
NOTCH01.CFI-400945.m8,NOTCH01.CFI-400945,-53.61788571266296,-49.43720348417629,PR,0.8294949147750894,9344.66767275,-9.22084484296029
NOTCH01.CFI-400945.m9,NOTCH01.CFI-400945,-8.683899734875865,-6.2315983676112126,SD,0.7362587440673435,4013.7274405000003,-1.4082598262711845
NOTCH01.CFI-400945+CFI-402257.m1,NOTCH01.CFI-400945+CFI-402257,9.730780253864424,10.22091534002698,SD,0.7138982947365214,7776.079458499999,0.25097038467174637
NOTCH01.CFI-400945+CFI-402257.m2,NOTCH01.CFI-400945+CFI-402257,-7.6986746987951715,-0.22938420348058708,SD,0.8504836233828019,3956.5656469999994,0.970722107341735
NOTCH01.CFI-400945+CFI-402257.m3,NOTCH01.CFI-400945+CFI-402257,32.94439671482727,48.13486316853859,PD,0.6121239599683651,8820.4066645,4.061084561987102
NOTCH01.CFI-400945+CFI-402257.m4,NOTCH01.CFI-400945+CFI-402257,-58.122767687227764,-44.7481228577126,PR,0.837932181890188,6367.1177102500005,-2.794663069167643
NOTCH01.CFI-400945+CFI-402257.m5,NOTCH01.CFI-400945+CFI-402257,-48.72924402211877,-10.095092414554674,SD,0.7819775431755212,2255.566077,0.8115360036443153
NOTCH01.CFI-400945-2ON5OFF.m1,NOTCH01.CFI-400945-2ON5OFF,-44.775390625,-37.05400874263872,SD,0.9179256486062893,3627.98069025,-0.3618664349355217
NOTCH01.CFI-400945-2ON5OFF.m2,NOTCH01.CFI-400945-2ON5OFF,-49.35879917730559,-43.9823025437459,SD,0.8303341759369106,6363.6175095,-2.6288472100674083
NOTCH01.CFI-400945-2ON5OFF.m3,NOTCH01.CFI-400945-2ON5OFF,-8.786677995950676,-5.6267053179266835,SD,0.7915164853770321,5668.4898075,1.3927126321805383
NOTCH01.CFI-400945-2ON5OFF.m4,NOTCH01.CFI-400945-2ON5OFF,-14.832628571698859,-12.468969728884872,SD,0.7398187287401786,6990.571092,1.433954920574443
NOTCH01.CFI-400945-2ON5OFF.m5,NOTCH01.CFI-400945-2ON5OFF,-48.565736726858944,-31.17270261391425,SD,0.8841957132878004,3752.5502437500004,-0.47985526824443137
NOTCH01.CFI-400945-3.75DAILY.m1,NOTCH01.CFI-400945-3.75DAILY,-24.40087930697905,-14.49951813785776,SD,0.870001989166374,3513.0981407500003,0.3722570064789992
NOTCH01.CFI-400945-5DAILY.m1,NOTCH01.CFI-400945-5DAILY,-26.722737023343846,-20.448878481843103,SD,0.6994402428614277,4977.827905,4.490185291331547
NOTCH01.CFI-400945-6DAILY.m1,NOTCH01.CFI-400945-6DAILY,7.404964651066415,15.336810566808179,SD,0.7563690766982653,5655.748497250001,1.9382697453927493
NOTCH01.CFI-400945-6DAILY.m2,NOTCH01.CFI-400945-6DAILY,-37.94257256399298,-31.783535005567586,SD,0.838847559592218,4584.6604725,-1.351072049773414
NOTCH01.CFI-402257+PACLITAXEL.m1,NOTCH01.CFI-402257+PACLITAXEL,23.547542678664236,23.547542678664236,SD,0.7149070911881412,1001.8705630000001,13.191595375000004
NOTCH01.CFI-402257+PACLITAXEL.m2,NOTCH01.CFI-402257+PACLITAXEL,30.847429206229428,163.57948994113428,PD,-1.5007940730895304,17727.037847,73.05452963270547
NOTCH01.CFI-402257+PACLITAXEL.m3,NOTCH01.CFI-402257+PACLITAXEL,30.39915816080716,84.13815844927169,PD,-0.17429756272772656,18149.4716915,34.80659656827911
NOTCH01.CFI-402257-2ON5OFF.m1,NOTCH01.CFI-402257-2ON5OFF,10.322025880161467,33.61471663264237,PD,0.4508378130870556,5476.573956500001,10.586704046841545
NOTCH01.CFI-402257-2ON5OFF+PACLITAXEL-15DAILY.m1,NOTCH01.CFI-402257-2ON5OFF+PACLITAXEL-15DAILY,-8.956770014859018,-2.3786625978715836,SD,0.8883311308076391,3531.8514479999994,0.6187262483574247
NOTCH01.CFI-402257-3ON4OFF.m1,NOTCH01.CFI-402257-3ON4OFF,9.094780765326394,24.58398074668007,SD,0.4394106254359358,10414.942106,11.538542282477337
NOTCH01.CFI-402257-3ON4OFF.m2,NOTCH01.CFI-402257-3ON4OFF,-5.145301952235737,4.645293031038289,SD,0.7027037086297596,4505.890030750001,4.085005680532448
NOTCH01.CFI-402257-3ON4OFF.m3,NOTCH01.CFI-402257-3ON4OFF,-11.284988071530389,-2.022466758657415,SD,0.9152202552935287,1443.669279,-0.2597043250000001
NOTCH01.CFI-402257-3ON4OFF+PACLITAXEL.m1,NOTCH01.CFI-402257-3ON4OFF+PACLITAXEL,-77.14701533948852,-72.64249348380243,PR,0.9243262252033364,3290.3331850000004,-3.2181783377643502
NOTCH01.CFI-402257-3ON4OFF+PACLITAXEL.m2,NOTCH01.CFI-402257-3ON4OFF+PACLITAXEL,-97.67646733904823,-93.99754062587458,CR,0.9297091848467728,2429.32341575,-3.0582569279456187
NOTCH01.CFI-402257-3ON4OFF+PACLITAXEL.m3,NOTCH01.CFI-402257-3ON4OFF+PACLITAXEL,-91.07856324265757,-91.07856324265757,PR,0.9476138117041104,2509.3923417499996,-4.678367403324582
NOTCH01.CFI-402257-3ON4OFF+PACLITAXEL.m4,NOTCH01.CFI-402257-3ON4OFF+PACLITAXEL,-88.97428306653855,-83.93784446730307,PR,0.9602473882325127,1985.2622714999998,-2.594523027319874
NOTCH01.CX-5461.m1,NOTCH01.CX-5461,8.507535649157694,16.965390088293873,SD,0.31197842865853487,9951.44258375,13.080341206607496
NOTCH01.CX-5461.m2,NOTCH01.CX-5461,-27.37703943551255,-25.508914384822223,SD,0.8175123753229148,2979.8689105,3.677035914940829
NOTCH01.CX-5461.m3,NOTCH01.CX-5461,-13.986886658407094,-7.738029264168311,SD,0.005394331991083745,15335.866613,18.655547249506906
NOTCH01.DIPYRIDAMOLE.m1,NOTCH01.DIPYRIDAMOLE,-15.911211164003713,17.069068369829555,SD,0.5872416853015963,6415.102870249999,11.094055083190213
NOTCH01.ERIBULIN.m1,NOTCH01.ERIBULIN,-97.72270221649963,-97.72270221649963,CR,0.9860980938792662,1386.60187975,-5.229992900679758
NOTCH01.ERIBULIN.m2,NOTCH01.ERIBULIN,-92.30418424352982,-91.2016113708053,PR,0.9860980938792662,1501.197797,-4.9671236395770375
NOTCH01.ERIBULIN-EXTRALOW.m1,NOTCH01.ERIBULIN-EXTRALOW,-62.096680192926755,-53.84467121876689,PR,0.7891589419550264,7155.511874500001,-0.16802126248357446
NOTCH01.ERIBULIN-LOW.m1,NOTCH01.ERIBULIN-LOW,-87.51787226876887,-87.51787226876887,PR,0.9583108156381448,1799.1749744999997,-2.948733493110235
NOTCH01.ERIBULIN-LOW.m2,NOTCH01.ERIBULIN-LOW,-97.37129878869449,-97.37129878869449,CR,0.9807429684263106,1616.1940250000002,-5.3495511627358505
NOTCH01.EVEROLIMUS.m1,NOTCH01.EVEROLIMUS,-2.7686214273912935,15.630835150137967,SD,0.6591460360013202,5809.67764975,6.086099207580644
NOTCH01.FLUVASTATIN.m1,NOTCH01.FLUVASTATIN,-4.986690232950308,2.2119283002478785,SD,0.6648976669866826,6599.469868,4.004352537248972
NOTCH01.FLUVASTATIN+DIPYRIDAMOLE.m1,NOTCH01.FLUVASTATIN+DIPYRIDAMOLE,15.373075786685542,24.170061806076482,SD,0.559203724285108,7341.6353070000005,9.883080725763255
NOTCH01.FLUVASTATIN+DIPYRIDAMOLE.m2,NOTCH01.FLUVASTATIN+DIPYRIDAMOLE,-4.54866116146686,3.1079277145858786,SD,0.7477196484747748,4428.38574675,6.02436211952462
NOTCH01.FLUVASTATIN+DIPYRIDAMOLE.m3,NOTCH01.FLUVASTATIN+DIPYRIDAMOLE,31.51759046139313,36.39723519523024,PD,0.6436983723050532,7583.1992977499995,5.541543038709677
NOTCH01.FLUVASTATIN+DIPYRIDAMOLE.m4,NOTCH01.FLUVASTATIN+DIPYRIDAMOLE,1.6170702302273243,22.594589778972107,SD,0.8342820294542538,3059.259543,2.9974781578947365
NOTCH01.FROST.m1,NOTCH01.FROST,-41.71370925860529,-27.135016189598325,SD,0.802858441986382,3715.931485,0.877261081646526
NOTCH01.FROST.m2,NOTCH01.FROST,-44.806647143760095,-42.361539024278784,SD,0.5872144674289537,6629.826816,1.6352797262839887
NOTCH01.FROST.m3,NOTCH01.FROST,80.19997026626375,194.8920502122143,PD,-0.980598093941089,11095.639074,97.53515936956525
NOTCH01.FROST.m4,NOTCH01.FROST,141.87142494408613,323.9817582937961,PD,-0.41007982098554585,6271.584138,64.25184002173916
NOTCH01.FROST.m5,NOTCH01.FROST,28.226684149760572,90.62395638027645,PD,-0.6030092425231846,7701.30161025,65.79238428181819
NOTCH01.FROST.m6,NOTCH01.FROST,112.85390636039985,796.3993226913981,PD,-1.5868951805857567,16089.442571250001,138.6433164177866
NOTCH01.FROST.m7,NOTCH01.FROST,109.81461929743577,206.94702293463183,PD,-0.39698215661022984,6744.30561675,65.48140451106721
NOTCH01.PACLITAXEL.m1,NOTCH01.PACLITAXEL,135.00320538371597,272.36278715587804,PD,-0.985459687309967,19399.831808000003,68.81910348800001
NOTCH01.PACLITAXEL.m10,NOTCH01.PACLITAXEL,-47.1974918592988,-42.59716199702424,SD,0.9199816478421717,2694.9390894999997,-0.6682454448972034
NOTCH01.PACLITAXEL.m2,NOTCH01.PACLITAXEL,145.93406388825318,592.3301074755159,PD,-1.5307607109325954,13094.205338,85.07236515999999
NOTCH01.PACLITAXEL.m3,NOTCH01.PACLITAXEL,157.15851209511786,678.6698436779766,PD,-0.6071135249221671,8394.973129,55.704222791999996
NOTCH01.PACLITAXEL.m4,NOTCH01.PACLITAXEL,198.1825376263876,624.115489356078,PD,-2.14578896488966,20215.011542,114.65338058399998
NOTCH01.PACLITAXEL.m5,NOTCH01.PACLITAXEL,171.01470863711566,309.0633620012956,PD,-0.8189516199508384,12346.8302205,70.73610737651819
NOTCH01.PACLITAXEL.m6,NOTCH01.PACLITAXEL,-26.88462890574965,46.99044142747031,PD,0.6049631715370118,5969.22916075,9.929043356271404
NOTCH01.PACLITAXEL.m7,NOTCH01.PACLITAXEL,11.02341802289828,32.595817872655,PD,-0.7025259787915206,21416.690342,45.83224845869006
NOTCH01.PACLITAXEL.m8,NOTCH01.PACLITAXEL,50.8860805872015,108.99158954831121,PD,-0.3253158997375525,14462.2436535,38.44458603360444
NOTCH01.PACLITAXEL.m9,NOTCH01.PACLITAXEL,-9.647111934734188,0.8822345323554748,SD,0.7428570124629377,3945.2688697500007,4.974494458517209
NOTCH01.PACLITAXEL-15DAILY.m1,NOTCH01.PACLITAXEL-15DAILY,45.6420664119839,57.61104530295913,PD,0.6812733750809972,8575.3439335,5.768677959057643
NOTCH06.BMN-673.m1,NOTCH06.BMN-673,1.698467549764171,12.034853683723146,SD,0.3557818928224319,10056.295493499998,8.198625690581311
NOTCH06.BMN-673.m2,NOTCH06.BMN-673,14.125206086474229,31.520236979379135,PD,0.6726647876139165,4609.9113875,4.29417656364498
NOTCH06.BMN-673.m3,NOTCH06.BMN-673,-34.08557380263233,2.2718513728180456,SD,0.6974280387876979,3676.9566345000003,4.63651874497992
NOTCH06.BMN-673.m4,NOTCH06.BMN-673,11.287401797460195,26.392020257785198,SD,0.35301940713496127,9930.581864,8.110506864093956
NOTCH06.BMN-673.m5,NOTCH06.BMN-673,85.73647289673778,270.61979923509483,PD,-1.9265563700287442,26966.02912,79.75506510563943
NOTCH06.CARBOPLATIN.m1,NOTCH06.CARBOPLATIN,-38.490753577899554,-22.276819364311095,SD,0.5331759165642249,5359.1759707500005,9.300548234738368
NOTCH06.CARBOPLATIN.m2,NOTCH06.CARBOPLATIN,5.925976320582871,30.914878415300564,PD,0.35260160050683675,6410.356036,13.446646317988002
NOTCH06.CDX-011.m1,NOTCH06.CDX-011,-98.13589558399933,-96.66014625466545,CR,0.9599698613807623,2800.5248985,-8.703526671774194
NOTCH06.CDX-011.m2,NOTCH06.CDX-011,-98.0242414509718,-98.0242414509718,CR,0.9948616855061428,2844.9322785000004,-12.768363944957155
NOTCH06.CFI-400945.m1,NOTCH06.CFI-400945,-30.3142548067138,-27.014468647811196,SD,0.08110991632296338,20528.770488,-7.550333413194444
NOTCH06.CFI-400945.m10,NOTCH06.CFI-400945,-62.33852795098579,-47.811492448166945,PR,0.8357789697175294,4536.65833625,-2.0119301576086963
NOTCH06.CFI-400945.m11,NOTCH06.CFI-400945,35.56973961038585,49.48398407635879,PD,0.7612765876041148,7506.25902125,1.2386181062931698
NOTCH06.CFI-400945.m2,NOTCH06.CFI-400945,-37.32258758271196,-32.23790776217827,SD,0.6345490147684223,8519.18272025,-5.304626850260417
NOTCH06.CFI-400945.m3,NOTCH06.CFI-400945,-41.35949024170195,-37.98428024400767,SD,0.30929575813703536,20101.279226250004,-19.138518895399308
NOTCH06.CFI-400945.m4,NOTCH06.CFI-400945,-5.213735210541337,18.836682636048472,SD,0.3909374139630585,11401.34574875,4.33644013538682
NOTCH06.CFI-400945.m5,NOTCH06.CFI-400945,13.697270594783717,35.19507229378711,PD,0.40611792184584783,8030.0093725,9.37421234813711
NOTCH06.CFI-400945.m6,NOTCH06.CFI-400945,-3.162990968283974,17.249502197661325,SD,0.5965734915747487,6987.87342275,5.160632492324889
NOTCH06.CFI-400945.m7,NOTCH06.CFI-400945,2.2235891051627155,25.972319512692298,SD,0.499383994901085,7286.709111000001,7.472041488683992
NOTCH06.CFI-400945.m8,NOTCH06.CFI-400945,12.329822874858177,84.44214045661937,PD,0.320781433809733,8444.5346695,15.515360886363633
NOTCH06.CFI-400945.m9,NOTCH06.CFI-400945,19.678134406570535,38.631551010874745,PD,0.5472076598253837,5484.6824645,6.760821060786006
NOTCH06.CFI-400945+ABT-263.m1,NOTCH06.CFI-400945+ABT-263,-33.07455226988755,-20.214176404786656,SD,0.6630331583988298,6168.990951,1.8147336059144294
NOTCH06.CFI-400945-41.6WEEKLY.m1,NOTCH06.CFI-400945-41.6WEEKLY,-1.2521625938005654,7.262524301311779,SD,0.8300173680412277,5801.477215999999,1.6897926047690013
NOTCH06.CFI-400945-41.6WEEKLY.m2,NOTCH06.CFI-400945-41.6WEEKLY,-21.00412006220308,-3.405934411518463,SD,0.6700314399731733,8844.204582,3.280824594187779
NOTCH06.CFI-400945-52WEEKLY.m1,NOTCH06.CFI-400945-52WEEKLY,18.01115844848087,35.25040849115377,PD,0.7218907011327459,4131.5020647500005,2.6645076089850264
NOTCH06.CFI-400945-52WEEKLY.m2,NOTCH06.CFI-400945-52WEEKLY,-27.85319889233815,-24.5325867788161,SD,0.8892164160021918,2684.9716044999996,-1.4577650413605638
NOTCH06.CFI-400945-5DAILY.m1,NOTCH06.CFI-400945-5DAILY,-97.62292088552401,-97.62292088552401,CR,0.9826581885832321,3470.01169125,-8.186817641260802
NOTCH06.CFI-400945-5DAILY.m2,NOTCH06.CFI-400945-5DAILY,1.603755227856496,14.689195839019863,SD,0.6327054170733347,6127.61971275,2.7575544380139148
NOTCH06.CFI-400945-5DAILY.m3,NOTCH06.CFI-400945-5DAILY,-48.12532653491692,-41.687148451021116,SD,0.7903696227866228,6470.646967499999,-2.897610536369386
NOTCH06.CFI-400945-5DAILY.m4,NOTCH06.CFI-400945-5DAILY,-98.04391887717873,-98.04391887717873,CR,0.9588934840491425,5447.387916500001,-9.215831152838431
NOTCH06.CFI-400945-5DAILY.m5,NOTCH06.CFI-400945-5DAILY,21.944905281334858,26.511334403720642,SD,0.47743921392034205,8364.4686545,4.749058486480238
NOTCH06.CFI-400945-5DAILY.m6,NOTCH06.CFI-400945-5DAILY,-99.48743394074256,-97.0954589975412,CR,0.9588934840491425,3081.2824555,-4.105572212965101
NOTCH06.CFI-400945-5DAILY.m7,NOTCH06.CFI-400945-5DAILY,176.13184661384045,318.60717700334556,PD,-2.2251866582564053,37175.7515655,85.21245606433678
NOTCH06.CFI-402257.m1,NOTCH06.CFI-402257,-1.786462565394198,20.249191726272954,SD,0.6596745524399329,3976.5162455,4.807478047737138
NOTCH06.CFI-402257.m2,NOTCH06.CFI-402257,79.36247458916877,86.60056247195398,PD,0.331690428097024,9058.294621000001,9.57050656959083
NOTCH06.CFI-402257.m3,NOTCH06.CFI-402257,5.189919489953243,15.66143445907855,SD,0.5097397976076781,6467.82912325,5.5764877338809695
NOTCH06.CFI-402257.m4,NOTCH06.CFI-402257,140.21893696076467,156.27907115216328,PD,0.2314931772855756,8046.467153999999,20.374911257731952
NOTCH06.CFI-402257.m5,NOTCH06.CFI-402257,75.8922856841789,127.85694379964264,PD,0.401453159554059,6087.554989,13.609162490603364
NOTCH06.CFI-402257+ABT263.m1,NOTCH06.CFI-402257+ABT263,18.135000138149195,28.105149617333836,SD,0.679467214623855,3899.77121625,5.952144809615385
NOTCH06.CFI-402257+ABT263.m2,NOTCH06.CFI-402257+ABT263,11.08643684207664,50.19446555659175,PD,0.6841437359483629,3668.5845825,10.934910907692311
NOTCH06.CFI-402257+PACLITAXEL.m1,NOTCH06.CFI-402257+PACLITAXEL,-97.75342740835468,-97.75342740835468,CR,0.9948616855061428,1909.6079820000002,-7.263053527036273
NOTCH06.CFI-402257-3ON4OFF.m1,NOTCH06.CFI-402257-3ON4OFF,-18.946244673295464,10.912916498152093,SD,-0.03568738396323434,9127.67647075,22.19462856733587
NOTCH06.CFI-402257-3ON4OFF.m2,NOTCH06.CFI-402257-3ON4OFF,-3.1528406257843478,5.730951097563652,SD,0.3328872648621911,8771.567629250001,11.267181989130437
NOTCH06.CFI-402257-3ON4OFF.m3,NOTCH06.CFI-402257-3ON4OFF,17.861601412957494,34.94529198402139,PD,0.6191439914452705,4663.554293499999,5.218568612545291
NOTCH06.CFI-402257-3ON4OFF+PACLITAXEL.m1,NOTCH06.CFI-402257-3ON4OFF+PACLITAXEL,-72.55173059537303,-72.55173059537303,PR,0.9257611620369753,2829.3182902500002,-2.2191352743447945
NOTCH06.CFI-402257-3ON4OFF+PACLITAXEL.m2,NOTCH06.CFI-402257-3ON4OFF+PACLITAXEL,-7.760602457391997,-7.760602457391997,SD,0.8505264313736947,242.51,-4.895000000000002
NOTCH06.CFI-402257-3ON4OFF+PACLITAXEL.m3,NOTCH06.CFI-402257-3ON4OFF+PACLITAXEL,-97.80353940515651,-97.80353940515651,CR,0.9826581885832321,1886.999824,-6.358649108220984
NOTCH06.CFI-402257-3ON4OFF+PACLITAXEL.m4,NOTCH06.CFI-402257-3ON4OFF+PACLITAXEL,-61.24122807978072,-60.49943293743028,PR,0.7210940003321589,4656.4301625,-2.2042766705163057
NOTCH06.CFI-402257-3ON4OFF+PACLITAXEL.m5,NOTCH06.CFI-402257-3ON4OFF+PACLITAXEL,-91.11003641329086,-91.11003641329086,PR,0.8715373596633806,3264.1810385,-3.2082073367300725
NOTCH06.CFI-402257-3ON4OFF+PACLITAXEL.m6,NOTCH06.CFI-402257-3ON4OFF+PACLITAXEL,-97.62308972474999,-97.62308972474999,CR,0.9826581885832321,2083.87356675,-5.310991332284043
NOTCH06.CFI-402257-3ON4OFF+PACLITAXEL.m7,NOTCH06.CFI-402257-3ON4OFF+PACLITAXEL,-97.75342740835468,-97.75342740835468,CR,0.9948616855061428,1909.6079820000002,-7.263053527036273
NOTCH06.CFI-402257-3ON4OFF+PACLITAXEL.m8,NOTCH06.CFI-402257-3ON4OFF+PACLITAXEL,-28.880931355269258,-28.880931355269258,SD,0.8486467774835144,566.987291,-11.961788624999995
NOTCH06.CFI-402257-3ON4OFF+PACLITAXEL.m9,NOTCH06.CFI-402257-3ON4OFF+PACLITAXEL,-91.39065587705397,-91.39065587705397,PR,0.960924838324993,2586.6022580000003,-5.7115428091603055
NOTCH06.CFI-402257-LOW+PACLITAXEL.m1,NOTCH06.CFI-402257-LOW+PACLITAXEL,-22.811101179921213,-22.811101179921213,SD,0.8609663739801245,621.127605,-6.397061999999998
NOTCH06.CFI-402257-LOW+PACLITAXEL.m2,NOTCH06.CFI-402257-LOW+PACLITAXEL,-96.84389022595727,-96.84389022595727,CR,0.9042675822325418,4296.95636725,-1.2292280026132407
NOTCH06.CFI-402257-LOW+PACLITAXEL.m3,NOTCH06.CFI-402257-LOW+PACLITAXEL,9.528676260856095,34.463288296693875,PD,0.7459092589560898,2740.1489277500004,1.9802186666666677
NOTCH06.CX-5461.m1,NOTCH06.CX-5461,-22.300035683148987,-19.890692711855962,SD,0.6996331464527367,4190.13884375,3.97727739244186
NOTCH06.CX-5461.m2,NOTCH06.CX-5461,-25.715858694265126,-13.37617899454482,SD,0.4845600141077665,5834.9222755,6.094689902567975
NOTCH06.CX-5461.m3,NOTCH06.CX-5461,-6.913538148962461,4.35414347056009,SD,0.6014890755502407,5859.361137,3.7871558725830816
NOTCH06.CX-5461.m4,NOTCH06.CX-5461,-0.07554270877154767,3.4740792126093822,SD,0.5735070974684501,6449.26287275,1.5624366175981876
NOTCH06.CX-5461.m5,NOTCH06.CX-5461,56.529937405825905,82.78706832457215,PD,0.15379426899421167,10770.13564775,20.045965844334315
NOTCH06.CX-5461.m6,NOTCH06.CX-5461,-4.066987025698476,14.651842868538601,SD,0.6348507834826214,3883.2380835,5.883041496846137
NOTCH06.CX-5461.m7,NOTCH06.CX-5461,16.55808085555359,100.34038930205837,PD,0.27987681572341483,8453.403887,16.629352342105257
NOTCH06.ERIBULIN.m1,NOTCH06.ERIBULIN,-99.66679543357137,-99.66679543357137,CR,0.9993577106882678,930.97506675,-5.250562628633719
NOTCH06.ERIBULIN.m2,NOTCH06.ERIBULIN,-99.62846728126277,-99.62846728126277,CR,0.9993577106882678,977.06977325,-4.773941593416372
NOTCH06.ERIBULIN.m3,NOTCH06.ERIBULIN,-99.26466445214238,-91.55815182111516,CR,0.8692771686246783,8873.8799295,-16.633375630662748
NOTCH06.ERIBULIN-EXTRALOW.m1,NOTCH06.ERIBULIN-EXTRALOW,-97.58459349870998,-93.76019987166744,CR,0.9948616855061428,2232.58927625,-6.17875668465469
NOTCH06.ERIBULIN-LOW.m1,NOTCH06.ERIBULIN-LOW,-100.0,-100.0,CR,0.9588934840491425,2832.7977885,-15.902743345375727
NOTCH06.EVEROLIMUS.m1,NOTCH06.EVEROLIMUS,21.652129661763464,30.549334514768866,PD,0.6999125320267112,4571.078348249999,4.352416647258066
NOTCH06.PACLITAXEL.m1,NOTCH06.PACLITAXEL,-90.89241743997492,-90.89241743997492,PR,0.9826581885832321,1531.5282505,-5.502080589083914
NOTCH06.PACLITAXEL.m10,NOTCH06.PACLITAXEL,7.238840247749434,15.91141271557217,SD,0.728358359245938,3559.83621425,0.6724380289855084
NOTCH06.PACLITAXEL.m11,NOTCH06.PACLITAXEL,-98.51309065508218,-98.51309065508218,CR,0.9282943260331638,3809.5479047500003,-12.345743072679149
NOTCH06.PACLITAXEL.m12,NOTCH06.PACLITAXEL,-96.0824675064185,-96.0824675064185,CR,0.9241720624896111,1913.6283032500003,-0.6371939954369152
NOTCH06.PACLITAXEL.m13,NOTCH06.PACLITAXEL,7.238840247749434,15.91141271557217,SD,0.728358359245938,3559.83621425,0.6724380289855084
NOTCH06.PACLITAXEL.m14,NOTCH06.PACLITAXEL,-7.405186321970181,6.937194302436667,SD,0.7704943570588976,3149.1015735,2.685105243748592
NOTCH06.PACLITAXEL.m15,NOTCH06.PACLITAXEL,-98.49184886824295,-73.34060448184147,CR,0.7896173902442443,7287.183289499999,-5.235749613207548
NOTCH06.PACLITAXEL.m16,NOTCH06.PACLITAXEL,-64.04018922287725,-47.69526492615225,PR,0.7506838700619963,7439.597645249999,-1.3895460546660563
NOTCH06.PACLITAXEL.m17,NOTCH06.PACLITAXEL,-77.47381751555696,-73.17868348213055,PR,0.9360237614992535,2325.73862375,-4.291575273854961
NOTCH06.PACLITAXEL.m2,NOTCH06.PACLITAXEL,-40.001194569004525,-39.129832978683055,SD,0.8324387730548855,3783.065222,0.3485346268333725
NOTCH06.PACLITAXEL.m3,NOTCH06.PACLITAXEL,-97.88093447611004,-97.88093447611004,CR,0.9826581885832321,2426.068664,-6.623775129909142
NOTCH06.PACLITAXEL.m4,NOTCH06.PACLITAXEL,16.27312455314445,26.501990662578034,SD,0.18460439785354732,10373.886095,15.799239266077903
NOTCH06.PACLITAXEL.m5,NOTCH06.PACLITAXEL,28.23213473397057,39.741346574946675,PD,0.5731589002290631,7293.85146625,6.096017987998189
NOTCH06.PACLITAXEL.m6,NOTCH06.PACLITAXEL,-99.4956461756988,-99.4956461756988,CR,0.9948616855061428,1031.684905,-4.0695779095168385
NOTCH06.PACLITAXEL.m7,NOTCH06.PACLITAXEL,-23.484873004925078,-20.58730478373586,SD,0.810179130934613,3614.5331964999996,1.3623998625824054
NOTCH06.PACLITAXEL.m8,NOTCH06.PACLITAXEL,-20.700420565768418,-12.521606801670904,SD,0.8642651333478222,785.0361397500001,-1.0051094234693887
NOTCH06.PACLITAXEL.m9,NOTCH06.PACLITAXEL,-96.0824675064185,-96.0824675064185,CR,0.9241720624896111,1913.6283032500003,-0.6371939954369152
NOTCH06TAXRESP6.PACLITAXEL.m1,NOTCH06TAXRESP6.PACLITAXEL,-17.406214089226513,16.976808069044846,SD,,4096.72094425,3.965132909717868
NOTCH06_TAXRES.PACLITAXEL.m1,NOTCH06_TAXRES.PACLITAXEL,-32.60395623003875,-29.89701086355102,SD,,4867.649820750001,5.184619158072099
NOTCH10.BMN-673.m1,NOTCH10.BMN-673,-16.358565876583732,-12.220651584942942,SD,0.4301378654558178,4754.540086,2.000814110738256
NOTCH10.BMN-673.m2,NOTCH10.BMN-673,-14.463452101243647,-8.858299623765497,SD,0.7192257263705938,2695.092681,0.44601318498322134
NOTCH10.CARBOPLATIN.m1,NOTCH10.CARBOPLATIN,-27.411401881128896,-22.808524599563096,SD,0.5254866913012511,4150.52092875,-1.1887620212183434
NOTCH10.CARBOPLATIN.m2,NOTCH10.CARBOPLATIN,-72.61950676180533,-66.91270977539938,PR,0.7139023193990258,2253.62464025,-0.5563792093315082
NOTCH10.CARBOPLATIN.m3,NOTCH10.CARBOPLATIN,-69.40044713501,-69.40044713501,PR,0.9113654619948051,1876.60697825,-2.179490078370978
NOTCH10.CDX-011.m1,NOTCH10.CDX-011,-30.82341642539368,-21.83085842180009,SD,0.3580703191700568,5854.2232785,2.9168664486842095
NOTCH10.CFI-400945.m1,NOTCH10.CFI-400945,34.4081163301589,65.90550798403763,PD,0.26110928508998055,4979.20351975,3.688956226116302
NOTCH10.CFI-400945.m10,NOTCH10.CFI-400945,12.577303001908735,12.742589351473654,SD,0.41130362164301604,4219.3969425,2.2645129328859066
NOTCH10.CFI-400945.m2,NOTCH10.CFI-400945,-0.7708964853598732,37.98031999026146,PD,-0.8010467602801301,10761.227162000001,18.5350992981568
NOTCH10.CFI-400945.m3,NOTCH10.CFI-400945,-5.038881368029879,9.375707805014732,SD,0.41549055656828127,5175.8716875,1.952806237409138
NOTCH10.CFI-400945.m4,NOTCH10.CFI-400945,48.4622247974037,100.2617993434173,PD,0.0744627109664221,7994.873324,7.226333680815162
NOTCH10.CFI-400945.m5,NOTCH10.CFI-400945,-34.06682339919672,1.236101454797689,SD,-0.10389486503148948,8067.284165499999,9.669634559839045
NOTCH10.CFI-400945.m6,NOTCH10.CFI-400945,-26.948996343503516,-25.296262389923196,SD,0.6014757411541596,3942.8539252499995,-0.07218367023577833
NOTCH10.CFI-400945.m7,NOTCH10.CFI-400945,25.449481669481976,45.63804869108961,PD,0.38430153203870365,5983.96327325,2.350415851719663
NOTCH10.CFI-400945.m8,NOTCH10.CFI-400945,-88.91672401201554,-88.91672401201554,PR,0.9626073042790584,1586.2317274999998,-3.380555039849625
NOTCH10.CFI-400945.m9,NOTCH10.CFI-400945,22.828846638370457,45.80836969165634,PD,0.3419789583854492,6398.341607,3.033886679924813
NOTCH10.CFI-400945+CFI-402257.m1,NOTCH10.CFI-400945+CFI-402257,-4.39292456949083,54.44569444689411,PD,0.05286191316412037,6400.2836435,7.391156401479748
NOTCH10.CFI-400945+CFI-402257.m2,NOTCH10.CFI-400945+CFI-402257,52.75598595375202,71.0777932207379,PD,-0.9408454357780409,14572.54917275,19.01073020755451
NOTCH10.CFI-400945+CFI-402257.m3,NOTCH10.CFI-400945+CFI-402257,95.4092764378479,192.5564729746444,PD,0.10610590440839707,7289.7438302499995,8.930175063473518
NOTCH10.CFI-400945+CFI-402257.m4,NOTCH10.CFI-400945+CFI-402257,61.43164606765696,102.37477846298316,PD,0.40741810785304267,4648.88259175,2.107131225337487
NOTCH10.CFI-400945+CFI-402257.m5,NOTCH10.CFI-400945+CFI-402257,-24.253013321662532,22.83159756223945,SD,-0.5929072995193767,7083.079719,11.494964503115265
NOTCH10.CFI-400945-13.5WEEKLY.m1,NOTCH10.CFI-400945-13.5WEEKLY,52.617807575427136,70.92259668481455,PD,-0.07888781285044022,6304.93862325,9.296020555295948
NOTCH10.CFI-400945-13.5WEEKLY.m2,NOTCH10.CFI-400945-13.5WEEKLY,11.73842265086067,45.44125979071194,PD,-0.03164297414073913,6461.37089875,9.387893159397718
NOTCH10.CFI-400945-13.5WEEKLY.m3,NOTCH10.CFI-400945-13.5WEEKLY,-20.965071359274965,27.339210177594243,SD,0.1688761529887376,5833.580929000001,6.732744665498442
NOTCH10.CFI-400945-13.5WEEKLY.m4,NOTCH10.CFI-400945-13.5WEEKLY,15.375681958010713,31.678301168641475,PD,-0.42739109954240173,10652.51644525,10.474420827232604
NOTCH10.CFI-400945-13.5WEEKLY.m5,NOTCH10.CFI-400945-13.5WEEKLY,-3.746816881047854,14.796739508115287,SD,0.06654543916859612,5852.725647249999,8.17272372793354
NOTCH10.CFI-400945-41.6WEEKLY.m1,NOTCH10.CFI-400945-41.6WEEKLY,-50.509896634495256,-43.148022799758415,PR,0.6825587259295697,3165.2967065000003,-1.3720570372932328
NOTCH10.CFI-400945-41.6WEEKLY.m2,NOTCH10.CFI-400945-41.6WEEKLY,-90.64112066964654,-77.0057745671969,PR,0.5572729644311156,3627.11633525,-0.8012136483458647
NOTCH10.CFI-400945-41.6WEEKLY.m3,NOTCH10.CFI-400945-41.6WEEKLY,10.864809800820296,13.292689260917335,SD,0.4833236598164061,4930.300249,4.6575129991610735
NOTCH10.CFI-402257.m2,NOTCH10.CFI-402257,-66.20911431527905,-55.07828551839411,PR,0.7974058206180759,1611.8231935,-0.18579832261008472
NOTCH10.CFI-402257.m3,NOTCH10.CFI-402257,-49.251844976100124,-35.35457679354169,SD,0.6013674754509009,2898.16396575,0.48918224537987665
NOTCH10.CFI-402257.m4,NOTCH10.CFI-402257,-6.005610670314154,18.64881341760496,SD,-0.2580088687548383,8950.66900175,12.11639791199377
NOTCH10.CFI-402257.m5,NOTCH10.CFI-402257,-25.802182781501028,54.960616092045655,PD,-1.4599842511646175,17962.11781125,23.620153384864995
NOTCH10.CFI-402257.m6,NOTCH10.CFI-402257,7.584507736569246,49.15312616497749,PD,0.11473241593019423,6293.80646675,10.336557580996883
NOTCH10.CFI-402257+PACLITAXEL.m1,NOTCH10.CFI-402257+PACLITAXEL,-93.18668880464564,-90.07443554257017,PR,0.8950516160555726,2422.647634,-5.940573645106091
NOTCH10.CFI-402257-2ON5OFF.m1,NOTCH10.CFI-402257-2ON5OFF,1.623187196100817,8.863036146198787,SD,0.6171634477884596,3925.56887525,1.3395655907894735
NOTCH10.CFI-402257-2ON5OFF.m2,NOTCH10.CFI-402257-2ON5OFF,-12.400732590388042,14.980626356945614,SD,0.19361609252527634,4621.7105145,5.287944821052629
NOTCH10.CFI-402257-2ON5OFF+PACLITAXEL-15DAILY.m1,NOTCH10.CFI-402257-2ON5OFF+PACLITAXEL-15DAILY,-90.38117079555444,-84.68905072485899,PR,0.8645678440806703,2190.7562707499997,-3.2282340349340264
NOTCH10.CFI-402257-2ON5OFF+PACLITAXEL-15DAILY.m2,NOTCH10.CFI-402257-2ON5OFF+PACLITAXEL-15DAILY,-77.68440389976479,-66.37963928545118,PR,0.751068897334199,3690.4380244999998,0.22030352530824127
NOTCH10.CFI-402257-2ON5OFF+PACLITAXEL-15DAILY.m3,NOTCH10.CFI-402257-2ON5OFF+PACLITAXEL-15DAILY,-68.82186176190787,-53.72932843233268,PR,0.8911106641319062,2269.945232,-3.848145039700954
NOTCH10.CFI-402257-2ON5OFF+PACLITAXEL-15DAILY.m4,NOTCH10.CFI-402257-2ON5OFF+PACLITAXEL-15DAILY,-96.54764553827462,-76.88339213066988,CR,0.8727328521820502,2131.344062,-2.484649751253918
NOTCH10.CFI-402257-3ON4OFF+PACLITAXEL.m1,NOTCH10.CFI-402257-3ON4OFF+PACLITAXEL,-76.15297696653629,-74.55140400990031,PR,0.9113654619948051,1877.07616525,-4.043422968925671
NOTCH10.CFI-402257-LOW+PACLITAXEL.m2,NOTCH10.CFI-402257-LOW+PACLITAXEL,-79.4997884314103,-79.4997884314103,PR,0.9113654619948051,1647.267185,-5.999404014851487
NOTCH10.CFI-402257-LOW+PACLITAXEL.m3,NOTCH10.CFI-402257-LOW+PACLITAXEL,-24.793376893834107,-24.793376893834107,SD,0.8433029337847124,329.490045,-3.7300740000000014
NOTCH10.CX-5461.m1,NOTCH10.CX-5461,-1.943651244328759,20.692685016359146,SD,0.4855053740409402,4217.530027250001,3.5766890868965535
NOTCH10.CX-5461.m2,NOTCH10.CX-5461,24.14981382347281,28.686866837778613,SD,0.5431335563748129,4312.76956975,3.246148976206896
NOTCH10.CX-5461.m3,NOTCH10.CX-5461,13.04247913460932,21.63782951104345,SD,0.48370444210116437,5510.974940000001,1.705854084137932
NOTCH10.CX-5461.m4,NOTCH10.CX-5461,-4.887405958276714,5.200036789986995,SD,0.4057427156570339,6092.410426750001,1.2592036627586216
NOTCH10.ERIBULIN.m1,NOTCH10.ERIBULIN,-99.61876107842183,-97.839646111057,CR,0.9626073042790584,1849.12471375,-5.765433550335572
NOTCH10.ERIBULIN.m2,NOTCH10.ERIBULIN,-99.50665513344772,-98.35551711149239,CR,0.9626073042790584,1174.073196,-3.695957971476511
NOTCH10.ERIBULIN-EXTRALOW.m1,NOTCH10.ERIBULIN-EXTRALOW,-23.079378714710252,-14.50793026754833,SD,0.4644169406498093,3964.8947107500003,1.3193060362941742
NOTCH10.EVEROLIMUS.m1,NOTCH10.EVEROLIMUS,-24.95318905289642,-21.28250152581902,SD,0.6818903162594967,2977.73889225,-0.7674742138157891
NOTCH10.PACLITAXEL.m1,NOTCH10.PACLITAXEL,-71.88402993526662,-71.88402993526662,PR,0.9113654619948051,2197.753133,-4.164597978960397
NOTCH10.PACLITAXEL.m2,NOTCH10.PACLITAXEL,-73.31289456885379,-73.31289456885379,PR,0.9113654619948051,1606.1363999999999,-4.34217395668317
NOTCH10.PACLITAXEL.m3,NOTCH10.PACLITAXEL,-86.25749172838427,-86.25749172838427,PR,0.9626073042790584,1272.043595,-3.840511457920793
NOTCH10.PACLITAXEL.m5,NOTCH10.PACLITAXEL,-69.96897569957083,-61.46800293212911,PR,0.8109371902040045,2135.1839840000002,-1.819862011864019
NOTCH10.PACLITAXEL.m6,NOTCH10.PACLITAXEL,-95.98977607445967,-92.81501546674025,CR,0.9889206827493506,1143.8553927500002,-3.9820358093771384
NOTCH10.PACLITAXEL-15DAILY.m1,NOTCH10.PACLITAXEL-15DAILY,-92.31086732801408,-88.79854746550201,PR,0.6806603957118434,3731.7153237500006,-1.3195576290287698
NOTCH10.PACLITAXEL-15DAILY.m2,NOTCH10.PACLITAXEL-15DAILY,-90.80103306034104,-86.59903581629929,PR,0.8225662576369724,2729.93297575,-2.5270842024659323
NOTCH10.PACLITAXEL-15DAILY.m3,NOTCH10.PACLITAXEL-15DAILY,-96.10958747427222,-81.07336092543576,CR,0.7963599995455182,2298.4268417499998,-1.1263167867554857
NOTCH10.PACLITAXEL-15DAILY.m4,NOTCH10.PACLITAXEL-15DAILY,-22.13884467660725,-17.304658744095757,SD,0.5188435049794686,1009.4653715000001,-2.850314714285713
NOTCH18.BMN-673.m1,NOTCH18.BMN-673,-60.85980736808521,-55.12630266400718,PR,0.8999348746012327,1501.2346875,-1.3857953071405276
NOTCH18.CARBOPLATIN.m1,NOTCH18.CARBOPLATIN,-17.51247404179003,-7.319064910995943,SD,0.7050179200141717,2878.2700965,3.6542240392762575
NOTCH18.CARBOPLATIN.m2,NOTCH18.CARBOPLATIN,75.84368474236256,85.57175976277229,PD,0.335194879221712,7730.58491825,3.922354542544228
NOTCH18.CDX-011.m1,NOTCH18.CDX-011,-100.0,-100.0,CR,0.9456494417016691,3234.98833775,-7.6357314885260354
NOTCH18.CFI-400945.m1,NOTCH18.CFI-400945,-1.1465503241422481,-0.5250074333594923,SD,0.5844243832330764,3782.63502375,3.53038425639894
NOTCH18.CFI-400945.m2,NOTCH18.CFI-400945,-52.429116718135106,-50.691306929739085,PR,0.8095614184694676,2257.3692012499996,-0.2562159837291117
NOTCH18.CFI-400945.m3,NOTCH18.CFI-400945,-26.5026774253004,-23.91721442839625,SD,-0.3672483072016055,21107.49749475,2.0615706657871606
NOTCH18.CFI-400945.m4,NOTCH18.CFI-400945,-9.90326377166676,5.332791741570109,SD,-0.24084652242671378,18530.829231249998,2.5287282478012303
NOTCH18.CFI-400945.m5,NOTCH18.CFI-400945,-30.767419095624216,-23.90520196590591,SD,0.8722326124388067,2783.98046775,-0.2107919506269592
NOTCH18.CFI-400945.m6,NOTCH18.CFI-400945,17.790211066147954,26.541100846948005,SD,0.7022659262022468,3648.0168765,2.226548445881551
NOTCH18.CFI-402257.m1,NOTCH18.CFI-402257,-8.180949796472191,-2.065787755437698,SD,0.6874010654922028,3969.57570825,4.763618389289071
NOTCH18.CFI-402257.m2,NOTCH18.CFI-402257,-55.38082777021182,-52.30443109691751,PR,0.8726153694518028,1489.83679425,-0.6336107690438872
NOTCH18.CFI-402257.m3,NOTCH18.CFI-402257,6.7436029556018795,18.24729883056575,SD,0.40388548159611104,5993.96283125,8.045099649920436
NOTCH18.CX-5461.m1,NOTCH18.CX-5461,-18.71342228059977,-2.4185096781160986,SD,0.7099297659484086,4072.917953,2.7898488751174453
NOTCH18.CX-5461.m2,NOTCH18.CX-5461,-41.204154638489854,-29.635068020444656,SD,0.716468168683887,3290.5771965,1.8724948614457835
NOTCH18.CX-5461.m3,NOTCH18.CX-5461,19.774959151837223,57.34152258522729,PD,0.22650885084957018,8182.95903125,14.973431041373038
NOTCH18.CX-5461.m4,NOTCH18.CX-5461,-39.952147215873765,-32.01845066109485,SD,0.7366715238138999,2683.4041589999997,0.9645392466579717
NOTCH18.ERIBULIN.m1,NOTCH18.ERIBULIN,-99.69727070621069,-99.69727070621069,CR,0.9932061802127087,1367.2045914999999,-5.841378690605855
NOTCH18.ERIBULIN-EXTRALOW.m1,NOTCH18.ERIBULIN-EXTRALOW,-100.0,-99.89963515371076,CR,0.9991507725265886,1717.5765569999999,-6.3170747638629265
NOTCH18.PACLITAXEL.m1,NOTCH18.PACLITAXEL,-99.66474750706583,-99.66474750706583,CR,0.9991507725265886,1407.6493002500001,-6.313247814726571
NOTCHB01.BMN-673.m1,NOTCHB01.BMN-673,-48.95880933366269,-36.090080128931476,SD,0.8767061243585665,2848.578262,-0.4669499615036233
NOTCHB01.BMN-673.m2,NOTCHB01.BMN-673,-28.304622921284295,-23.65854472028317,SD,0.8400242777997204,3803.8800105,-1.2184685228713772
NOTCHB01.CARBOPLATIN.m1,NOTCHB01.CARBOPLATIN,-81.9663848341354,-81.9663848341354,PR,0.848825427698439,4508.35656525,-2.963298194712991
NOTCHB01.CARBOPLATIN.m2,NOTCHB01.CARBOPLATIN,-87.85850053695782,-87.85850053695782,PR,0.9455616723915453,2755.13669175,-3.7809480570241685
NOTCHB01.CARBOPLATIN.m3,NOTCHB01.CARBOPLATIN,-0.15552099533436836,25.877063266879908,SD,0.634577853697927,4752.99238925,4.136131792026826
NOTCHB01.CDX-011.m1,NOTCHB01.CDX-011,41.03049648672121,50.374434318529396,PD,0.35606867240405937,8762.44874425,5.448285360957645
NOTCHB01.CFI-400945.m1,NOTCHB01.CFI-400945,-12.287735670215538,35.34733209674368,PD,0.5509599122194317,6821.9303025,6.458591250512895
NOTCHB01.CFI-400945.m2,NOTCHB01.CFI-400945,56.942335428913495,70.67640458430058,PD,-0.015125104496756858,11909.74593425,9.568614742966
NOTCHB01.CFI-400945.m3,NOTCHB01.CFI-400945,14.270945211722541,35.09563840775749,PD,0.6119478647278606,4610.15157,6.2597837378223495
NOTCHB01.CFI-400945.m4,NOTCHB01.CFI-400945,71.13796843526575,81.87715830959075,PD,0.6411988914765369,6761.64375975,3.546693950615472
NOTCHB01.CFI-400945.m5,NOTCHB01.CFI-400945,-6.029050432847938,-0.7168317909835631,SD,0.4982474344051593,6315.66296725,4.738472752180451
NOTCHB01.CFI-400945.m6,NOTCHB01.CFI-400945,-52.00179848679043,-46.13562855735175,PR,0.8877409826121221,2465.06152525,-0.6255953328544062
NOTCHB01.CFI-400945-41.6WEEKLY.m1,NOTCHB01.CFI-400945-41.6WEEKLY,-13.192376668856365,13.71020754954726,SD,0.45133852462535984,7260.0427245,7.899394506015038
NOTCHB01.CFI-400945-41.6WEEKLY.m2,NOTCHB01.CFI-400945-41.6WEEKLY,-19.978320711643793,-13.66117458413595,SD,0.6785599710031458,3162.72011725,2.992769517720306
NOTCHB01.CFI-402257.m1,NOTCHB01.CFI-402257,34.425866287157135,87.55497795816463,PD,-0.37861101558161625,15503.138047250002,22.708273630202218
NOTCHB01.CFI-402257.m2,NOTCHB01.CFI-402257,50.115053108500774,65.57898081753362,PD,0.3830199205307583,6781.732728249999,9.267752549091442
NOTCHB01.CFI-402257.m3,NOTCHB01.CFI-402257,30.192999431850076,95.75882504985877,PD,0.1772727654976738,10338.81521275,12.097038542716879
NOTCHB01.CFI-402257.m4,NOTCHB01.CFI-402257,69.1248335330299,133.9097202401204,PD,-0.6653017986278711,17403.596603,27.062559599062137
NOTCHB01.CFI-402257-2ON5OFF.m1,NOTCHB01.CFI-402257-2ON5OFF,31.8634244325003,42.72669311166939,PD,-0.1756841469869428,10334.61316125,17.223039912075023
NOTCHB01.CFI-402257-2ON5OFF+PACLITAXEL-15DAILY.m1,NOTCHB01.CFI-402257-2ON5OFF+PACLITAXEL-15DAILY,5.081054021813225,17.559529099004536,SD,-0.0519253722807278,6402.361556000001,14.129294011048389
NOTCHB01.CFI-402257-2ON5OFF+PACLITAXEL-15DAILY.m2,NOTCHB01.CFI-402257-2ON5OFF+PACLITAXEL-15DAILY,-22.339854855327268,-8.893332726392366,SD,0.2865997073413966,7221.864031499999,11.034160362338708
NOTCHB01.CFI-402257-3ON4OFF+PACLITAXEL.m1,NOTCHB01.CFI-402257-3ON4OFF+PACLITAXEL,-29.723671955965813,-23.72612246346357,SD,0.7980985861824872,2351.3096057499997,0.7401159718750003
NOTCHB01.CFI-402257-3ON4OFF+PACLITAXEL.m2,NOTCHB01.CFI-402257-3ON4OFF+PACLITAXEL,-46.15242153928497,-26.852949332698994,SD,0.8183157357795232,2650.8459425,1.4632058588866073
NOTCHB01.CX-5461.m1,NOTCHB01.CX-5461,-21.74552910455967,-20.162527500548734,SD,0.5296002186579394,6208.058457,-0.7029347433534736
NOTCHB01.CX-5461.m2,NOTCHB01.CX-5461,16.6840738992692,21.949951608799246,SD,0.41067488015946885,6881.087241000001,3.639446042975829
NOTCHB01.CX-5461.m3,NOTCHB01.CX-5461,-15.94485322836553,-13.570028237905818,SD,0.7485661862197788,4207.154222,-0.5079166969720018
NOTCHB01.CX-5461.m4,NOTCHB01.CX-5461,47.22329816004207,65.85098632383617,PD,0.2059498583149617,8421.6486815,12.062921869918698
NOTCHB01.DIPYRIDAMOLE.m1,NOTCHB01.DIPYRIDAMOLE,-29.29090214067277,-22.89417573180046,SD,0.7800181919800151,2558.4514215,0.16060105043396686
NOTCHB01.DIPYRIDAMOLE.m2,NOTCHB01.DIPYRIDAMOLE,-23.875840770775536,-11.310515362812756,SD,0.33043250626817755,5779.487554249999,8.150583198564956
NOTCHB01.DIPYRIDAMOLE.m3,NOTCHB01.DIPYRIDAMOLE,-22.875957513705114,-15.196107706422769,SD,0.7654156030957922,2900.3696170000003,0.24700217666163152
NOTCHB01.DIPYRIDAMOLE.m4,NOTCHB01.DIPYRIDAMOLE,-31.9734413912219,-25.651394504755455,SD,0.8103229576194398,2706.95064125,0.3842266650302118
NOTCHB01.DIPYRIDAMOLE.m5,NOTCHB01.DIPYRIDAMOLE,-9.518523145591995,-0.4323516178387887,SD,-0.030586101598077065,4203.59829525,20.934133767399267
NOTCHB01.DIPYRIDAMOLE.m6,NOTCHB01.DIPYRIDAMOLE,-0.31724110827208163,7.690093927765762,SD,0.7248871477105281,3252.1114815,2.9635446580459766
NOTCHB01.DIPYRIDAMOLE.m7,NOTCHB01.DIPYRIDAMOLE,5.742525889760142,9.116503430695388,SD,0.4484188882390632,4705.146716,5.9675857770392735
NOTCHB01.ERIBULIN.m1,NOTCHB01.ERIBULIN,-85.04479905219918,-85.04479905219918,PR,0.9770338305401832,1223.670934,-2.8367604191576095
NOTCHB01.ERIBULIN.m2,NOTCHB01.ERIBULIN,-90.50637668218434,-90.50637668218434,PR,0.9770338305401832,1666.82176325,-4.346456443387682
NOTCHB01.ERIBULIN-EXTRALOW.m1,NOTCHB01.ERIBULIN-EXTRALOW,10.791097968264962,23.516242811682186,SD,-0.19628490986905378,9780.752017499999,18.639505200377638
NOTCHB01.ERIBULIN-LOW.m1,NOTCHB01.ERIBULIN-LOW,-32.52746176097229,-26.75991138383701,SD,0.7658083968944589,2584.4854397500003,0.34601841969579833
NOTCHB01.FLUVASTATIN.m1,NOTCHB01.FLUVASTATIN,12.55539143279174,20.840197034035167,SD,0.4399998715833876,5459.638417,9.07412300433967
NOTCHB01.FLUVASTATIN.m2,NOTCHB01.FLUVASTATIN,-13.375238020591718,-12.504431580058117,SD,0.5221364815221425,5272.489606,6.773893432628398
NOTCHB01.FLUVASTATIN.m3,NOTCHB01.FLUVASTATIN,-17.01130770621778,-5.342403560907794,SD,0.46696934038845683,5663.494325000001,8.184869473716013
NOTCHB01.FLUVASTATIN.m4,NOTCHB01.FLUVASTATIN,9.245540665862162,9.245540665862162,SD,0.799186750510657,339.14179875,3.3300051666666706
NOTCHB01.FLUVASTATIN.m5,NOTCHB01.FLUVASTATIN,0.8093674763746561,29.13216678114847,SD,0.07397618686483431,4503.49616775,20.157887103761066
NOTCHB01.FLUVASTATIN.m6,NOTCHB01.FLUVASTATIN,31.367291140421006,52.669045327318244,PD,0.5016194515926844,5532.726337,7.127451206797582
NOTCHB01.FLUVASTATIN.m7,NOTCHB01.FLUVASTATIN,-13.847137911642793,4.674462362484211,SD,0.4966064224915605,5095.098744500001,6.088676194410877
NOTCHB01.FLUVASTATIN.m9,NOTCHB01.FLUVASTATIN,32.48046369656825,32.48046369656825,PD,,,
NOTCHB01.FLUVASTATIN+DIPYRIDAMOLE.m1,NOTCHB01.FLUVASTATIN+DIPYRIDAMOLE,23.22151722531118,43.841010910943346,PD,0.6223644175600325,4092.85568875,4.071667853741498
NOTCHB01.FLUVASTATIN+DIPYRIDAMOLE.m2,NOTCHB01.FLUVASTATIN+DIPYRIDAMOLE,-20.85098179010191,4.132274165657113,SD,0.6671722511654221,3376.13045425,5.161565398545628
NOTCHB01.FLUVASTATIN+DIPYRIDAMOLE.m3,NOTCHB01.FLUVASTATIN+DIPYRIDAMOLE,-20.12086244610185,6.453860944153478,SD,0.3487098345231687,7864.3218099999995,6.82728540060423
NOTCHB01.FLUVASTATIN+DIPYRIDAMOLE.m4,NOTCHB01.FLUVASTATIN+DIPYRIDAMOLE,-11.53372645351297,-2.357145279230355,SD,0.7172423291333316,3641.7355015000003,2.7599484341389733
NOTCHB01.FLUVASTATIN+DIPYRIDAMOLE.m5,NOTCHB01.FLUVASTATIN+DIPYRIDAMOLE,-14.87730659972729,17.331144564767964,SD,0.6509507114998638,4171.24018875,3.677137607401813
NOTCHB01.FLUVASTATIN+DIPYRIDAMOLE.m6,NOTCHB01.FLUVASTATIN+DIPYRIDAMOLE,4.868369785297144,28.11490945087769,SD,-1.262354728276038,8672.4721665,28.252644072504705
NOTCHB01.FLUVASTATIN+DIPYRIDAMOLE.m7,NOTCHB01.FLUVASTATIN+DIPYRIDAMOLE,-17.355371900826444,-6.638931183476771,SD,0.7786569411837928,3113.73217175,0.8252496666918431
NOTCHB01.FLUVASTATIN+DIPYRIDAMOLE.m8,NOTCHB01.FLUVASTATIN+DIPYRIDAMOLE,-35.88638784357659,-30.083719184710112,SD,0.793612553265969,1726.13721225,0.6303742522727274
NOTCHB01.FLUVASTATIN+DIPYRIDAMOLE.m9,NOTCHB01.FLUVASTATIN+DIPYRIDAMOLE,7.347803930547037,13.46992257364834,SD,0.6407291320898182,4611.6542119999995,3.595017303700907
NOTCHB01.PACLITAXEL.m1,NOTCHB01.PACLITAXEL,-30.52248204942456,-16.56661728883192,SD,0.6782129190092521,3173.1719412500006,3.793547294126328
NOTCHB01.PACLITAXEL.m2,NOTCHB01.PACLITAXEL,-71.317080002601,-67.69319389481292,PR,0.8761712218574746,2956.9741615,-5.244965013368578
NOTCHB01.PACLITAXEL.m3,NOTCHB01.PACLITAXEL,-23.262871120137664,-5.8870035157088445,SD,0.7599172222800842,3137.490243,2.4956703634496917
NOTCHB01.PACLITAXEL.m4,NOTCHB01.PACLITAXEL,-41.50200120871723,-10.515704829080885,SD,0.7344821649359699,3176.353223,3.1094928604836864
NOTCHB01.PACLITAXEL-15DAILY.m1,NOTCHB01.PACLITAXEL-15DAILY,24.063689948654133,32.66410953181003,PD,0.14575581651379843,8516.456532749999,12.394377205967745
NOTCHB02.BMN-673.m1,NOTCHB02.BMN-673,-5.650736361802233,11.215231110873592,SD,0.3356814548167706,3908.7181385000004,1.1986902162022701
NOTCHB02.BMN-673.m2,NOTCHB02.BMN-673,-50.16164737583597,-35.64875936150674,PR,0.3982015452679408,3308.8072030000003,0.3289505739028213
NOTCHB02.BMN-673.m3,NOTCHB02.BMN-673,-50.16164737583597,-35.64875936150674,PR,0.3982015452679408,3308.8072030000003,0.3289505739028213
NOTCHB02.CARBOPLATIN.m1,NOTCHB02.CARBOPLATIN,-23.497502402558833,-13.83158106225787,SD,0.4680990021208671,3614.6484025000004,-0.9711443850283327
NOTCHB02.CARBOPLATIN.m2,NOTCHB02.CARBOPLATIN,17.210401968520905,26.571219368421282,SD,0.08622428101016377,4614.58216775,0.5439178206143505
NOTCHB02.CARBOPLATIN.m3,NOTCHB02.CARBOPLATIN,-33.49534275779802,-15.07341173043396,SD,0.2366026836588243,3749.6094915,0.878676663860104
NOTCHB02.CDX-011.m1,NOTCHB02.CDX-011,-97.15246391602275,-73.10591771152258,CR,0.7223082115565197,2340.794137,-2.877203106955067
NOTCHB02.CDX-011.m2,NOTCHB02.CDX-011,-69.86769586058337,-54.939947281691104,PR,0.3394928723298001,3801.3754469999994,-3.455201452702702
NOTCHB02.CFI-400945.m1,NOTCHB02.CFI-400945,-53.82768864028087,-50.52141851211269,PR,0.5845199551806874,2406.178691,-0.836460265673981
NOTCHB02.CFI-400945.m2,NOTCHB02.CFI-400945,-15.85129236644388,-14.651754982142185,SD,0.27212812352625904,3807.7537425,0.36487296475017195
NOTCHB02.CFI-400945.m3,NOTCHB02.CFI-400945,-20.076674469351307,-9.364291212061104,SD,-0.02886734434323346,5525.320570750001,1.5734573616708647
NOTCHB02.CFI-400945.m4,NOTCHB02.CFI-400945,-60.612588812756144,-39.38098730323514,PR,0.3561942139208587,3221.89665125,2.5456313797229213
NOTCHB02.CFI-400945.m5,NOTCHB02.CFI-400945,-27.261620597873502,-21.031883513137807,SD,0.29869472204556224,3157.069651,1.9821065272879925
NOTCHB02.CFI-400945.m6,NOTCHB02.CFI-400945,-28.97741379701273,7.503402127441583,SD,0.19239306346176,3511.008901,3.6817992344668333
NOTCHB02.CFI-400945.m7,NOTCHB02.CFI-400945,-52.971418482086065,-51.0272926165569,PR,0.4417709599766666,3215.1293847499996,-0.6871861962636436
NOTCHB02.CFI-400945-52WEEKLY.m1,NOTCHB02.CFI-400945-52WEEKLY,-87.2751077958609,-79.98058878962257,PR,0.47917698237417805,2800.27669225,-0.04942501824659902
NOTCHB02.CFI-400945-52WEEKLY.m2,NOTCHB02.CFI-400945-52WEEKLY,-26.162837441968946,-24.15932213836658,SD,0.6985517668282372,1113.74226275,-1.2904045264976962
NOTCHB02.CFI-400945-5DAILY.m1,NOTCHB02.CFI-400945-5DAILY,8.477206566380357,19.73169898952134,SD,-0.11538270965023223,4583.05281425,1.952313654786758
NOTCHB02.CFI-402257.m1,NOTCHB02.CFI-402257,-41.450722026702415,-38.36330947383703,SD,0.05317182868058601,4895.971493749999,-1.8896216451342298
NOTCHB02.CFI-402257.m2,NOTCHB02.CFI-402257,-12.0137290400537,-8.380327210365579,SD,0.4127787307323112,3266.2415645,-0.4154423851880877
NOTCHB02.CFI-402257.m3,NOTCHB02.CFI-402257,-47.23699650356201,-23.455584343463308,SD,0.007830522961559838,3413.76557725,2.6278161736677106
NOTCHB02.CFI-402257.m4,NOTCHB02.CFI-402257,-12.0137290400537,-8.380327210365579,SD,0.4127787307323112,3266.2415645,-0.4154423851880877
NOTCHB02.CFI-402257.m5,NOTCHB02.CFI-402257,-47.23699650356201,-23.455584343463308,SD,0.007830522961559838,3413.76557725,2.6278161736677106
NOTCHB02.CFI-402257-3ON4OFF+PACLITAXEL.m1,NOTCHB02.CFI-402257-3ON4OFF+PACLITAXEL,-17.22935610066948,-11.258500234456736,SD,0.500995585472913,2641.11052475,0.25582620568104025
NOTCHB02.CFI-402257-3ON4OFF+PACLITAXEL.m2,NOTCHB02.CFI-402257-3ON4OFF+PACLITAXEL,0.038431182419040866,0.5928220331134382,SD,0.3165411252693605,3185.77170575,1.6171936729409078
NOTCHB02.CX-5461.m1,NOTCHB02.CX-5461,-34.171293623582166,-22.347344791808744,SD,0.33218637949171337,3366.5228055,0.0806684385101009
NOTCHB02.CX-5461.m2,NOTCHB02.CX-5461,-14.0578875536584,-12.677137906817194,SD,0.41201445166878903,3415.1271025,-0.6073209586990593
NOTCHB02.CX-5461.m3,NOTCHB02.CX-5461,-31.83192248432508,-27.472588821223663,SD,0.6235466557624434,2718.17209775,-0.3916575431818181
NOTCHB02.CX-5461.m4,NOTCHB02.CX-5461,-25.740925024188364,-15.780114277059853,SD,0.015842973793011472,3544.763887,2.1989968669860818
NOTCHB02.CX-5461.m5,NOTCHB02.CX-5461,-14.0578875536584,-12.677137906817194,SD,0.41201445166878903,3415.1271025,-0.6073209586990593
NOTCHB02.CX-5461.m6,NOTCHB02.CX-5461,-31.83192248432508,-27.472588821223663,SD,0.6235466557624434,2718.17209775,-0.3916575431818181
NOTCHB02.CX-5461.m7,NOTCHB02.CX-5461,48.85473176555794,59.26539996592825,PD,0.1557394638150419,5054.6397645,0.6469733197322969
NOTCHB02.ERIBULIN.m1,NOTCHB02.ERIBULIN,20.662716421428694,29.433401094759603,SD,0.25589965388246483,4515.3708065,0.7911518343653254
NOTCHB02.ERIBULIN.m2,NOTCHB02.ERIBULIN,13.931149207786664,22.100312612775276,SD,-0.5510233098155515,6905.050772,7.640643628869689
NOTCHB02.ERIBULIN-EXTRALOW.m1,NOTCHB02.ERIBULIN-EXTRALOW,-13.249149039877917,-10.40962921030717,SD,0.48470845964821163,3230.7910435000003,0.03594732131289118
NOTCHB02.ERIBULIN-LOW.m1,NOTCHB02.ERIBULIN-LOW,-13.39074845658078,-11.158943059293435,SD,-0.2429180449585555,3915.2920635,3.0491649205189373
NOTCHB02.ERIBULIN-LOW.m2,NOTCHB02.ERIBULIN-LOW,-0.8063910617820302,14.741852505417397,SD,-0.1893191430948502,6078.87077325,2.649508490640599
NOTCHB02.FROST.m1,NOTCHB02.FROST,-95.96842017157225,-92.77675280740027,CR,0.9811205211323004,1256.19247925,-4.970486981041516
NOTCHB02.FROST.m10,NOTCHB02.FROST,-99.77482731506792,-98.72402145205157,CR,0.9811205211323004,1333.0361800000003,-6.8536799174466045
NOTCHB02.FROST.m11,NOTCHB02.FROST,-94.40432093860578,-94.40432093860578,PR,0.9811205211323004,411.279808,-1.9726713870890331
NOTCHB02.FROST.m12,NOTCHB02.FROST,-75.67290271532978,-57.71924175580014,PR,0.661185537652309,2099.7215337499997,-1.8328771426685861
NOTCHB02.FROST.m2,NOTCHB02.FROST,-84.80118673009514,-77.18919660359325,PR,0.7774873682802789,1620.6764319999997,-3.5058880449964
NOTCHB02.FROST.m3,NOTCHB02.FROST,-98.45374444145287,-88.2701425074222,CR,0.9811205211323004,2702.5103642500007,-9.517672269138467
NOTCHB02.FROST.m4,NOTCHB02.FROST,-99.68434032059186,-98.21126181668721,CR,0.9976400651415376,2082.6866549999995,-7.764229170506357
NOTCHB02.FROST.m5,NOTCHB02.FROST,-97.29375372379488,-97.29375372379488,CR,0.9811205211323004,829.85968,-4.852497722582193
NOTCHB02.FROST.m6,NOTCHB02.FROST,-94.28568331351316,-84.68219817518771,PR,0.6124905733446842,2450.5840239999998,-5.457271289536836
NOTCHB02.FROST.m7,NOTCHB02.FROST,-96.7039467999874,-96.31391383798591,CR,0.8066569371895083,847.71368325,-3.0996983111351075
NOTCHB02.FROST.m8,NOTCHB02.FROST,-83.52848660393778,-75.27909271292683,PR,0.8534730228400242,1360.727972,-2.5599871378689705
NOTCHB02.FROST.m9,NOTCHB02.FROST,-98.2719298154663,-86.89090112581468,CR,0.650598412049884,1917.256813,-5.167906799376049
NOTCHB02.PACLITAXEL.m1,NOTCHB02.PACLITAXEL,-36.121935413413084,-19.87107836765586,SD,0.513770349449719,1704.602829,-4.59719775308642
NOTCHB02.PACLITAXEL.m10,NOTCHB02.PACLITAXEL,-23.649282830682516,-20.894311096513775,SD,0.2816988723838415,3503.1811345,-1.4808496270536697
NOTCHB02.PACLITAXEL.m11,NOTCHB02.PACLITAXEL,18.432484077885537,25.403305592753078,SD,-0.2159803915215215,4734.213734749999,3.684299168400876
NOTCHB02.PACLITAXEL.m12,NOTCHB02.PACLITAXEL,4.955080087531383,16.37692049474191,SD,-0.2213083432934917,4655.9130884999995,3.829421086584531
NOTCHB02.PACLITAXEL.m13,NOTCHB02.PACLITAXEL,-22.147865970844048,-3.745798989427662,SD,-0.16702797248044754,4746.86953175,3.4190085736741063
NOTCHB02.PACLITAXEL.m14,NOTCHB02.PACLITAXEL,-9.165138135095653,-4.1255352609769975,SD,0.06976004679420433,4755.9822915,0.3966322273818096
NOTCHB02.PACLITAXEL.m15,NOTCHB02.PACLITAXEL,-23.568776540756243,-20.739588173730837,SD,-0.16121779633936906,5845.111777749999,-0.5467907169426435
NOTCHB02.PACLITAXEL.m16,NOTCHB02.PACLITAXEL,-12.769000822680642,-6.332863346092942,SD,0.43467986075304665,2468.5197129999997,0.9110650851931844
NOTCHB02.PACLITAXEL.m17,NOTCHB02.PACLITAXEL,-14.056095514445344,-2.1092720720774505,SD,0.21430688757209915,3493.531086249999,2.512499034077274
NOTCHB02.PACLITAXEL.m18,NOTCHB02.PACLITAXEL,-17.380458137146416,12.623125816869841,SD,-0.039575043737447135,4722.985479000001,3.1101556339092866
NOTCHB02.PACLITAXEL.m19,NOTCHB02.PACLITAXEL,-95.51344234478124,-40.44700808103809,CR,0.9629962214193089,4703.2974057500005,-2.2244461761459084
NOTCHB02.PACLITAXEL.m2,NOTCHB02.PACLITAXEL,-11.227161791421436,-6.734182555152857,SD,-0.1886483268914625,6098.4660435000005,-0.5367807995618833
NOTCHB02.PACLITAXEL.m20,NOTCHB02.PACLITAXEL,-6.982185541129626,1.350214376634229,SD,-0.13143493463892697,5119.486171500001,1.3815406399088077
NOTCHB02.PACLITAXEL.m21,NOTCHB02.PACLITAXEL,-33.13704396035353,-30.662035856981085,SD,-0.589447618145206,6265.678661999999,2.3016449166066724
NOTCHB02.PACLITAXEL.m22,NOTCHB02.PACLITAXEL,-16.284953897284783,-10.108232884600977,SD,0.23004047887607393,2793.477458,2.2797349772018243
NOTCHB02.PACLITAXEL.m23,NOTCHB02.PACLITAXEL,17.548205808356276,25.632470699355036,SD,0.15449381939869966,3921.7510162499993,2.5961276553875687
NOTCHB02.PACLITAXEL.m3,NOTCHB02.PACLITAXEL,-54.834024665103,-23.345757547026537,PR,0.09409437349114824,3934.8467587500004,-0.9474718877327482
NOTCHB02.PACLITAXEL.m4,NOTCHB02.PACLITAXEL,-77.1430069105833,-58.01618620505293,PR,0.9362817588215141,970.0523929999999,-2.851428422508215
NOTCHB02.PACLITAXEL.m5,NOTCHB02.PACLITAXEL,-21.43980307217339,22.299077376579525,SD,-1.5109728039056716,7908.116462999999,3.2042062201533423
NOTCHB02.PACLITAXEL.m6,NOTCHB02.PACLITAXEL,-23.643486645282763,-5.5405048448510685,SD,-0.16354121592576654,4443.641007,2.4904240692771094
NOTCHB02.PACLITAXEL.m7,NOTCHB02.PACLITAXEL,-27.683750595639744,-18.393670996743992,SD,-0.10330827758208883,5520.882675750001,-1.711923610076671
NOTCHB02.PACLITAXEL.m8,NOTCHB02.PACLITAXEL,-9.884525142360035,-3.799096522608092,SD,-0.6800682104951783,5703.9828065,4.552896294633078
NOTCHB02.PACLITAXEL.m9,NOTCHB02.PACLITAXEL,-23.35500628910089,-4.800436797688645,SD,-0.023500397007662155,4758.6295875,-2.1311944507119405
NOTCHB03.CARBOPLATIN.m1,NOTCHB03.CARBOPLATIN,-99.54006714072283,-99.54006714072283,CR,0.9989117647185042,1679.47418925,-4.733740304872424
NOTCHB03.CARBOPLATIN.m2,NOTCHB03.CARBOPLATIN,-98.40938994378148,-98.40938994378148,CR,0.7678180216635315,5368.580716,-8.373139023977865
NOTCHB03.CARBOPLATIN.m3,NOTCHB03.CARBOPLATIN,-99.60061497306447,-97.73681818069869,CR,0.9706176473996123,2292.24632325,-5.185048465800799
NOTCHB03.CFI-400945.m1,NOTCHB03.CFI-400945,-17.91046859338494,5.727678400190972,SD,-1.3684977335291775,21360.084112,-1.755312638436481
NOTCHB03.CFI-400945.m10,NOTCHB03.CFI-400945,-50.74171234664577,-37.434157049970295,PR,-0.9864992854597545,25236.40789925,9.813079501208458
NOTCHB03.CFI-400945.m11,NOTCHB03.CFI-400945,-98.37261832692144,-97.62924645156458,CR,0.6890803075179407,6205.8431165,-12.931343672054377
NOTCHB03.CFI-400945.m12,NOTCHB03.CFI-400945,-99.62252348748511,-99.62252348748511,CR,0.9706176473996123,2160.55568725,-5.610349086875893
NOTCHB03.CFI-400945.m13,NOTCHB03.CFI-400945,6.862598410239906,6.862598410239906,SD,0.7118931915768768,384.36888899999997,2.8336246666666693
NOTCHB03.CFI-400945.m14,NOTCHB03.CFI-400945,-99.55348541471271,-91.81389926973283,CR,0.9706176473996123,2686.6804665,-7.3376154616975775
NOTCHB03.CFI-400945.m15,NOTCHB03.CFI-400945,-92.05225261238041,-92.05225261238041,PR,0.9075028566022322,2888.18149175,-5.631687524179745
NOTCHB03.CFI-400945.m16,NOTCHB03.CFI-400945,-86.5412377820235,-86.5412377820235,PR,0.8856291925029909,3438.4817515000004,-4.974162152924394
NOTCHB03.CFI-400945.m17,NOTCHB03.CFI-400945,-96.20173507970084,-93.19477535113067,CR,0.7207012286511881,2942.4968355,0.9868954577077068
NOTCHB03.CFI-400945.m18,NOTCHB03.CFI-400945,-92.33779020995595,-82.02558548822721,PR,0.5361183600861748,4903.8429965,-0.672235762762763
NOTCHB03.CFI-400945.m19,NOTCHB03.CFI-400945,-15.85129236644388,-14.651754982142185,SD,0.6643568980105754,3807.7537425,0.36487296475017195
NOTCHB03.CFI-400945.m2,NOTCHB03.CFI-400945,-47.89536760521488,-44.65047107631045,SD,-0.7731527761107069,14751.748279,-32.784336757328994
NOTCHB03.CFI-400945.m3,NOTCHB03.CFI-400945,23.301166411137487,53.54676733570525,PD,0.2028309425106044,5849.501099499999,7.344142274919613
NOTCHB03.CFI-400945.m4,NOTCHB03.CFI-400945,-12.716896940694877,-9.60531884181577,SD,0.7554508849834413,2211.0496897499997,-0.9145064308681672
NOTCHB03.CFI-400945.m5,NOTCHB03.CFI-400945,-35.94836967437236,-21.288563758389266,SD,0.649479811947832,1323.041928,-15.064613666666666
NOTCHB03.CFI-400945.m6,NOTCHB03.CFI-400945,-0.5391523225879324,7.8521755859154,SD,0.7051876250664154,882.395604,-0.1223773333333327
NOTCHB03.CFI-400945.m7,NOTCHB03.CFI-400945,-30.32169039211596,-26.216996699022733,SD,0.31290609032214234,3390.12215525,-2.384682867747441
NOTCHB03.CFI-400945.m8,NOTCHB03.CFI-400945,29.76495419579306,32.395570365254,PD,0.4485778683073881,1463.78247825,9.685631583333333
NOTCHB03.CFI-400945.m9,NOTCHB03.CFI-400945,15.54030428430584,35.82440525389266,PD,-0.8762824646498597,26853.17877925,11.458652811329303
NOTCHB03.CFI-400945+CFI-402257.m1,NOTCHB03.CFI-400945+CFI-402257,24.66106466688305,35.81776175169351,PD,0.09048755107831574,15044.770557,5.685327455991441
NOTCHB03.CFI-400945+CFI-402257.m2,NOTCHB03.CFI-400945+CFI-402257,13.219172261409028,25.11826860428883,SD,-0.5561111584221634,11114.675,10.325175953079182
NOTCHB03.CFI-400945+CFI-402257.m3,NOTCHB03.CFI-400945+CFI-402257,100.32846423485876,166.29904864021947,PD,-0.8562935119699353,22591.24974575,17.115318411697576
NOTCHB03.CFI-400945+CFI-402257.m4,NOTCHB03.CFI-400945+CFI-402257,47.93535418275043,58.51484562011719,PD,-0.20321271595640278,13888.664396,9.859197417831671
NOTCHB03.CFI-400945+CFI-402257.m5,NOTCHB03.CFI-400945+CFI-402257,68.24211902947646,75.65552704748212,PD,0.15547374635399058,11644.326914000001,6.842565537874466
NOTCHB03.CFI-400945-5DAILY.m1,NOTCHB03.CFI-400945-5DAILY,-9.245245166933746,-4.192338204339663,SD,0.24061082480771168,7491.476946250001,4.69831782600157
NOTCHB03.CFI-400945-5DAILY.m10,NOTCHB03.CFI-400945-5DAILY,57.371051042264874,81.11927836844634,PD,0.46148176942242913,5570.856617,5.220378376600854
NOTCHB03.CFI-400945-5DAILY.m11,NOTCHB03.CFI-400945-5DAILY,-19.19817552659402,-14.034020951105697,SD,-1.024939676513907,28371.713571,3.039918846318037
NOTCHB03.CFI-400945-5DAILY.m2,NOTCHB03.CFI-400945-5DAILY,-23.40306825493258,2.9046662008392232,SD,0.06268025037142455,8317.561175,8.13473068617439
NOTCHB03.CFI-400945-5DAILY.m3,NOTCHB03.CFI-400945-5DAILY,-25.96303224033646,-15.905033223863207,SD,0.014096305081980232,10497.383951,3.054915275333856
NOTCHB03.CFI-400945-5DAILY.m4,NOTCHB03.CFI-400945-5DAILY,-99.88169211116798,-99.88169211116798,CR,0.9912941177480332,949.252172,-8.094280816918427
NOTCHB03.CFI-400945-5DAILY.m5,NOTCHB03.CFI-400945-5DAILY,-99.88939995791978,-99.37326642821209,CR,0.900616637593866,1923.3954489999999,-7.34216097454683
NOTCHB03.CFI-400945-5DAILY.m6,NOTCHB03.CFI-400945-5DAILY,12.236216609978001,14.873090447472803,SD,-1.1119229482991564,19772.1137665,14.769897613670693
NOTCHB03.CFI-400945-5DAILY.m7,NOTCHB03.CFI-400945-5DAILY,-83.15429174279183,-80.47307500838136,PR,0.5536456005005335,5512.3116215,-8.325084520770393
NOTCHB03.CFI-400945-5DAILY.m8,NOTCHB03.CFI-400945-5DAILY,-11.996046910737878,-10.363773760050455,SD,-0.19485283593571712,11464.122501,4.019730302561364
NOTCHB03.CFI-400945-5DAILY.m9,NOTCHB03.CFI-400945-5DAILY,-6.274523640837815,11.146932474513594,SD,0.24287741866377577,7202.227719750001,4.305241772545358
NOTCHB03.CFI-400945-6DAILY.m1,NOTCHB03.CFI-400945-6DAILY,7.029533367057339,43.19248905424304,PD,0.2125194457217625,6758.450388,7.562333409420293
NOTCHB03.CFI-400945-6DAILY.m2,NOTCHB03.CFI-400945-6DAILY,-77.75308083939836,-53.09900458720927,PR,0.7638127053276338,3596.752419,-0.8058640588768108
NOTCHB03.CFI-400945-6DAILY.m3,NOTCHB03.CFI-400945-6DAILY,-36.02269010723761,-32.63082152836921,SD,0.5708452559775155,6054.62029375,-1.243512075181159
NOTCHB03.CFI-402257-3ON4OFF+PACLITAXEL.m1,NOTCHB03.CFI-402257-3ON4OFF+PACLITAXEL,-17.22935610066948,-11.258500234456736,SD,0.769894407227684,2641.11052475,0.25582620568104025
NOTCHB03.CFI-402257-3ON4OFF+PACLITAXEL.m2,NOTCHB03.CFI-402257-3ON4OFF+PACLITAXEL,0.038431182419040866,0.5928220331134382,SD,0.6848370376553912,3185.77170575,1.6171936729409078
NOTCHB03.CX-5461.m1,NOTCHB03.CX-5461,-45.34860134739805,-16.568795388773594,SD,0.4779791420546152,6832.10980125,-16.616695043478266
NOTCHB03.CX-5461.m2,NOTCHB03.CX-5461,-67.94825218903311,-62.99464860002729,PR,0.8628252221792454,1520.05182125,-8.34451279710145
NOTCHB03.CX-5461.m3,NOTCHB03.CX-5461,-77.52833699738089,-52.87933628436174,PR,0.7693408709105747,4572.7697045,-21.043983333333337
NOTCHB03.CX-5461.m4,NOTCHB03.CX-5461,-97.03482778605951,-94.68739978335661,CR,0.890369917565653,2955.4802212500003,-4.270522209498924
NOTCHB03.CX-5461.m5,NOTCHB03.CX-5461,-71.2182155279113,-29.094142356198937,PR,0.885196575449185,2442.80133925,-7.4708825685483875
NOTCHB03.CX-5461.m6,NOTCHB03.CX-5461,-99.63790664780764,-98.79302215935878,CR,0.9303529419842662,2616.8637929999995,-5.028189231786043
NOTCHB03.CX-5461.m7,NOTCHB03.CX-5461,-86.53654359046328,-86.53654359046328,PR,0.810169492231145,1849.2384,-0.47341943331589975
NOTCHB03.CX-5461.m8,NOTCHB03.CX-5461,-25.740925024188364,-15.780114277059853,SD,0.5461762876165774,3544.763887,2.1989968669860818
NOTCHB03.FROST.m1,NOTCHB03.FROST,-69.52907083757823,-69.52907083757823,PR,0.9303529419842662,3040.2386377499997,-7.689728467220545
NOTCHB03.FROST.m10,NOTCHB03.FROST,-23.13957211531992,-11.713335056863162,SD,0.6506527151989341,4293.025202749999,0.4749581278735638
NOTCHB03.FROST.m2,NOTCHB03.FROST,-66.62555555555556,-61.6279985994647,PR,0.6193915037085733,6532.30371475,-11.221582882326285
NOTCHB03.FROST.m3,NOTCHB03.FROST,-32.66992769925522,-30.809685703481748,SD,0.6212624543927556,5034.0560955,-3.5986268235638907
NOTCHB03.FROST.m4,NOTCHB03.FROST,-52.96780544241464,-42.767388436942156,PR,0.8169461379172526,2995.1003605,-1.0499633945448226
NOTCHB03.FROST.m5,NOTCHB03.FROST,-81.13109372780784,-74.98284316126265,PR,0.9248678356949436,3723.2695112499996,-5.260404633947185
NOTCHB03.FROST.m6,NOTCHB03.FROST,-2.7248821822417724,7.540991161969601,SD,0.6485115241355331,4359.54983025,0.7449770510710552
NOTCHB03.FROST.m7,NOTCHB03.FROST,-66.94154862935773,-62.381547750433576,PR,0.6826341088280006,4501.855187000001,-3.36801916170324
NOTCHB03.FROST.m8,NOTCHB03.FROST,-29.27710551080881,-19.110954868907946,SD,0.7817394053550066,2295.82781075,-2.1446543947368424
NOTCHB03.FROST.m9,NOTCHB03.FROST,-33.9224812542604,-0.10990044876164617,SD,0.8312178071340768,1823.5912897499998,-4.255880104700854
NOTCHB03.PACLITAXEL.m1,NOTCHB03.PACLITAXEL,-7.912039298417373,2.3221657985362354,SD,0.286230944984473,12067.3970845,-1.8508303401667823
NOTCHB03.PACLITAXEL.m2,NOTCHB03.PACLITAXEL,-96.51286011984138,-94.74135539099986,CR,0.9706176473996123,1604.4580340000002,-7.236644893676169
NOTCHB03.PACLITAXEL.m3,NOTCHB03.PACLITAXEL,-96.60916541282813,-96.60916541282813,CR,0.8898004157487289,2289.0203182500004,-7.03712121977068
NOTCHB03.PACLITAXEL.m4,NOTCHB03.PACLITAXEL,-3.7058356432563833,-0.7535348328279401,SD,0.22236841901929472,9236.70078225,0.5358313740856844
NOTCHB03.PACLITAXEL.m5,NOTCHB03.PACLITAXEL,-1.9121132916945283,6.664020286736827,SD,0.42762964602094256,5500.22863675,3.574786523380356
NOTCHB03.PACLITAXEL.m6,NOTCHB03.PACLITAXEL,47.819312615714374,82.40387625954735,PD,0.20156324526060176,6566.23733375,7.968298460945663
NOTCHB03.PACLITAXEL.m7,NOTCHB03.PACLITAXEL,-4.040680637419191,7.192990861422355,SD,0.7549875840476383,3860.71287975,-0.1396300697492166
NOTCHB03.PACLITAXEL.m8,NOTCHB03.PACLITAXEL,-53.84064955649595,-44.09129624969188,PR,0.7548309075494555,4280.164123750001,-0.943331978448276
NOTCHB03.PACLITAXEL.m9,NOTCHB03.PACLITAXEL,4.955080087531383,16.37692049474191,SD,0.43681884947318583,4655.9130884999995,3.829421086584531
PDX_LINE.PACLITAXEL-15DAILY.m1,PDX_LINE.PACLITAXEL-15DAILY,-19.09501990461563,28.903735150861266,SD,,4637.559161,7.653300415483584
REF001.ABT-263.m1,REF001.ABT-263,57.28971375504119,144.27321652207434,PD,-0.0394947774934129,6287.8600400000005,8.536693161352394
REF001.AZD-5305.m1,REF001.AZD-5305,-30.759543331603535,-5.059759078713477,SD,-0.0009890125773011071,3875.7202637499995,8.39486899472203
REF001.AZD-5305.m2,REF001.AZD-5305,-45.84973390530757,-26.085714539979854,SD,-0.5349603864955248,5780.679008750001,14.235640521903322
REF001.AZD-8205.m1,REF001.AZD-8205,-66.82482095869658,-65.67226979381435,PR,0.7563264396765439,4980.1601835,-1.920148430740182
REF001.AZD-8205.m2,REF001.AZD-8205,29.1846821970128,61.759086304378165,PD,-0.16347517654185872,7931.495869,13.479687929978892
REF001.BMN-673.m1,REF001.BMN-673,-31.453785282343503,-28.068530875879482,SD,0.7468103117516044,2131.744958,-0.22838790707715423
REF001.BMN-673.m2,REF001.BMN-673,-26.875731890927344,-15.61753758991018,SD,0.1842017486517763,4026.03119325,4.113079164776359
REF001.BMN-673.m3,REF001.BMN-673,22.57173405909798,53.085672628304835,PD,0.26101642546933024,2853.4652325,6.036595788461541
REF001.CARBOPLATIN.m1,REF001.CARBOPLATIN,4.000535570148633,10.394707655162838,SD,0.19836404572663535,4608.186630250001,2.699732022135417
REF001.CARBOPLATIN.m2,REF001.CARBOPLATIN,-41.81151820119151,-18.77869724852278,SD,0.6159016098541216,2567.5214090000004,1.5662624948884758
REF001.CARBOPLATIN.m3,REF001.CARBOPLATIN,-53.70893850318106,-52.59693879831423,PR,0.7471841361809172,3656.1249780000003,-2.5880732337812784
REF001.CDX-011.m1,REF001.CDX-011,37.74273860374624,53.6211440029484,PD,-0.39015941155971867,9159.738144250001,5.01243806049496
REF001.CDX-011.m2,REF001.CDX-011,-71.45105372376396,-71.45105372376396,PR,0.6125396147640229,4020.6983492500003,0.23299972262889868
REF001.CFI-400945.m1,REF001.CFI-400945,-23.620555736599936,-13.330872523433468,SD,-0.05046564300355105,8856.982442,-0.7467776160714275
REF001.CFI-400945.m2,REF001.CFI-400945,-78.29498868614708,-76.48138522724757,PR,0.9011557211427078,1610.2106825,-3.308207283957138
REF001.CFI-400945.m3,REF001.CFI-400945,-53.65669912840825,-48.75439746323551,PR,0.79472653388079,3381.702717,-1.6118645239209173
REF001.CFI-400945.m4,REF001.CFI-400945,-63.38455517177175,-58.133040043285924,PR,0.8124356663916527,2575.1430712499996,-2.6917615379834245
REF001.CFI-400945.m5,REF001.CFI-400945,-96.81679489571789,-92.970422061377,CR,0.8845993044341114,2104.91833425,-2.912823499999999
REF001.CFI-400945.m6,REF001.CFI-400945,27.4333822369899,30.165895443218503,PD,-0.1968789982493564,7635.11319275,5.285396301513878
REF001.CFI-400945.m7,REF001.CFI-400945,37.30975059047512,52.19845241929049,PD,-0.02131402186151754,7166.15649075,4.549280289994502
REF001.CFI-400945+ABT-263.m1,REF001.CFI-400945+ABT-263,-50.32805686297201,-26.442995936830915,PR,0.7091739425012749,2058.2266615,-0.4731760117464539
REF001.CFI-400945-41.6WEEKLY.m1,REF001.CFI-400945-41.6WEEKLY,-29.130219756003793,-22.735389198485667,SD,-0.3595983574899242,14039.616435749998,0.32442810022831114
REF001.CFI-402257.m1,REF001.CFI-402257,-4.640496477783119,8.442695804826062,SD,0.39714727602961086,3939.51636275,2.5255187352097788
REF001.CFI-402257.m2,REF001.CFI-402257,-23.449994127469576,-20.243872860599645,SD,0.6248874011563872,3072.5168525,0.26194737496226966
REF001.CFI-402257.m3,REF001.CFI-402257,-71.92019984042777,-49.226023452044345,PR,0.648954976082047,2243.8556559999997,0.9302127947071719
REF001.CFI-402257.m4,REF001.CFI-402257,-47.771900003146186,-43.19377019052286,SD,0.5641569696495377,2281.5001570000004,0.3799531788999431
REF001.CFI-402257.m5,REF001.CFI-402257,5.966994130048842,10.789341578018231,SD,0.5254549432399872,4567.948118249999,0.07250161818389246
REF001.CFI-402257.m6,REF001.CFI-402257,-71.92019984042777,-49.226023452044345,PR,0.648954976082047,2243.8556559999997,0.9302127947071719
REF001.CFI-402257.m7,REF001.CFI-402257,102.09706609270741,174.57430658126412,PD,0.10922277225899735,4748.23537125,7.442749930541374
REF001.CFI-402257+PACLITAXEL-40DAILY.m1,REF001.CFI-402257+PACLITAXEL-40DAILY,-63.70737398528692,-61.0460992590656,PR,0.783440833898073,2252.454013,-3.1190940034754395
REF001.CFI-402257+PACLITAXEL-40DAILY.m2,REF001.CFI-402257+PACLITAXEL-40DAILY,-49.39709458294023,-45.64015131638425,SD,0.7170744375216641,1820.92965775,-0.18908762326228007
REF001.CFI-402257-2ON5OFF+PACLITAXEL-15DAILY.m1,REF001.CFI-402257-2ON5OFF+PACLITAXEL-15DAILY,-10.916729311930284,-0.412843186198919,SD,0.21893521124292736,4280.15541,3.7078109464023488
REF001.CFI-402257-2ON5OFF+PACLITAXEL-15DAILY.m2,REF001.CFI-402257-2ON5OFF+PACLITAXEL-15DAILY,-34.95498069827765,-32.02884712617576,SD,0.7026424994318496,3105.9927975,-2.003461878526646
REF001.CFI-402257-2ON5OFF+PACLITAXEL-15DAILY.m3,REF001.CFI-402257-2ON5OFF+PACLITAXEL-15DAILY,-11.521589270445043,-7.858453884642424,SD,0.6213215443744708,3465.14455825,-2.4290812374213844
REF001.CFI-402257-2ON5OFF+PACLITAXEL-15DAILY.m4,REF001.CFI-402257-2ON5OFF+PACLITAXEL-15DAILY,-37.21456108903751,-28.64008202298961,SD,0.7783540849084492,2639.5485519999997,-0.37008313522012554
REF001.CFI-402257-3ON4OFF+PACLITAXEL.m1,REF001.CFI-402257-3ON4OFF+PACLITAXEL,-60.78864225790754,-54.635113369018654,PR,0.7661732511364006,2146.00686675,-3.8756244981203007
REF001.CX-5461.m1,REF001.CX-5461,-4.581995862171717,5.073929208164096,SD,0.6186223974739473,3407.1180499999996,-0.23327194660959663
REF001.CX-5461.m2,REF001.CX-5461,-58.861476805323285,-56.16385161313462,PR,0.8223916575352745,2023.10512425,-2.894276806262672
REF001.CX-5461.m3,REF001.CX-5461,-33.49629787083288,-26.848860169240474,SD,0.5354533957235876,2556.4959515,1.6460694210625122
REF001.CX-5461.m4,REF001.CX-5461,-11.17304878869353,1.5102001538870313,SD,0.11353999382664726,4595.8422935,5.512332442492014
REF001.CX-5461.m5,REF001.CX-5461,21.873065506896715,28.77190984685807,SD,0.7166221894237292,2638.52664175,0.6844961773049645
REF001.CX-5461.m6,REF001.CX-5461,7.306333681281729,58.33284545494204,PD,0.3305270815228174,3241.1983925,5.8120597552836495
REF001.ERIBULIN.m1,REF001.ERIBULIN,-91.25969627444553,-91.25969627444553,PR,0.9583000698570798,1922.4979875000001,-5.940919622502172
REF001.ERIBULIN.m2,REF001.ERIBULIN,-93.35671768707483,-93.35671768707483,PR,0.9583000698570798,1866.2941019999998,-6.665697968940053
REF001.EVEROLIMUS.m1,REF001.EVEROLIMUS,8.554275044869964,19.92322063611116,SD,0.3679350695224053,4779.4091111,2.556900089905955
REF001.PACLITAXEL.m1,REF001.PACLITAXEL,-90.0150835845489,-85.45407238242926,PR,0.9011557211427078,1481.6615465,-3.9886915460069448
REF001.PACLITAXEL.m2,REF001.PACLITAXEL,-19.368556649050262,-6.631414625309684,SD,-0.06461033653012227,6132.93551875,7.671501436197916
REF001.PACLITAXEL.m3,REF001.PACLITAXEL,-7.570538371257296,7.868768215867883,SD,-0.7735647488666217,10920.0293575,7.992153286214955
REF001.PACLITAXEL-15DAILY.m1,REF001.PACLITAXEL-15DAILY,-17.684834114641323,-12.739264257739292,SD,0.6966851331229347,541.5731752500001,-4.196732565789474
REF001.PACLITAXEL-15DAILY.m2,REF001.PACLITAXEL-15DAILY,-12.980650024747575,-6.868374680676448,SD,0.5127917617426498,3373.6383375000005,3.382904602987422
REF001.PACLITAXEL-40DAILY.m1,REF001.PACLITAXEL-40DAILY,-44.35580853210169,-41.1776220490937,SD,0.7644639679109585,2877.98682825,-2.5250707330861912
REF001.PQ-1-6.m1,REF001.PQ-1-6,-76.83830165515089,-72.97801859767603,PR,0.9011557211427078,1047.496066,-3.9205512287234034
REF001.PQ-1-6-VEHICLE.m1,REF001.PQ-1-6-VEHICLE,13.592751830614102,60.21568795140444,PD,0.3383887415527086,6600.180184,0.2726456446511635
REF001.SACITUZAMAB-GOVITECAN.m1,REF001.SACITUZAMAB-GOVITECAN,243.49347794197217,287.899503168324,PD,-0.38820433813492117,2535.1224509999997,43.182584187499984
REF001.SACITUZAMAB-GOVITECAN.m2,REF001.SACITUZAMAB-GOVITECAN,-50.79302597314415,-48.23047722610446,PR,0.8487223896029532,1271.7566282500002,-0.7699210119680853
REF001CARBORESP3.CARBOPLATIN.m1,REF001CARBORESP3.CARBOPLATIN,-35.72207845704276,-32.9355041799306,SD,0.6392152815659042,3554.690889,1.097112336095764
REF001_P6.SACITUZAMAB-GOVITECAN.m1,REF001_P6.SACITUZAMAB-GOVITECAN,-86.81017199535718,-50.89082119869157,PR,0.9881161037804864,1868.6017845,-6.391408514136125
REF002.BMN-673.m1,REF002.BMN-673,-20.206250909832,-4.063805130428133,SD,0.4026468380118102,4155.480869999999,3.1260593630952394
REF002.BMN-673.m2,REF002.BMN-673,1.5239621219474975,24.279617905040585,SD,0.14321091120780305,6355.067495249999,8.24120857350033
REF002.BMN-673.m3,REF002.BMN-673,6.753085384518731,24.674801795909463,SD,0.30106427548468884,5762.813436,4.343064553740327
REF002.BMN-673.m4,REF002.BMN-673,47.15732376371851,108.65787358695371,PD,-0.05986250647051028,6253.5422495,12.427014303225805
REF002.CARBOPLATIN.m1,REF002.CARBOPLATIN,-53.31895119976595,-40.776697699900076,PR,0.7644790011313588,2671.7253065000004,-0.862973779828609
REF002.CARBOPLATIN.m2,REF002.CARBOPLATIN,-7.513016959150298,2.383953171059927,SD,0.6260541987082531,4215.0215960000005,1.8690897873811585
REF002.CARBOPLATIN.m3,REF002.CARBOPLATIN,13.127312731156149,50.15653900836583,PD,-0.3510493859867596,10649.221834250002,13.932957170080146
REF002.CDX-011.m1,REF002.CDX-011,-46.569770904090426,-8.847087422038113,SD,0.25134514406454456,5170.235228250001,7.277501629057927
REF002.CFI-400945.m1,REF002.CFI-400945,-82.2352362933412,-59.11330990279433,PR,0.49456020222851427,5477.974873,0.9940465501687635
REF002.CFI-400945.m2,REF002.CFI-400945,-99.56285892779157,-86.59434045227478,CR,0.841557756727534,2356.36266625,-1.5070625369745323
REF002.CFI-400945.m3,REF002.CFI-400945,-99.66672344366081,-99.66672344366081,CR,0.9988063908797224,1402.988599,-5.089092215338243
REF002.CFI-400945.m4,REF002.CFI-400945,-80.41716984850736,-70.84452854154861,PR,0.8279732340364176,3616.7189325000004,-4.7547519879075795
REF002.CFI-400945.m5,REF002.CFI-400945,-74.98574040016524,-73.2892853028155,PR,0.7146796758888596,4833.77601525,-6.4853900072308495
REF002.CFI-400945.m6,REF002.CFI-400945,-49.70686618744534,-46.47412811797879,SD,0.7229750814270295,3346.86289875,-1.9931566589414345
REF002.CFI-400945.m7,REF002.CFI-400945,-75.81059087923211,-75.81059087923211,PR,0.7818065996646362,3160.5512169999997,-2.46918293571876
REF002.CFI-400945.m8,REF002.CFI-400945,-19.145419568794175,-11.00419702322898,SD,-0.6254607195431234,17216.023936999998,1.1967733278159944
REF002.CFI-400945.m9,REF002.CFI-400945,-91.08151495332659,-91.08151495332659,PR,0.6570832458820691,2657.1866425,0.23735066740872665
REF002.CFI-400945+ABT-263-LOW.m1,REF002.CFI-400945+ABT-263-LOW,-97.06120849637276,-97.06120849637276,CR,0.9677725537525067,4710.023575,-16.134820898785424
REF002.CFI-400945-52WEEKLY.m1,REF002.CFI-400945-52WEEKLY,-99.64661478627768,-99.64661478627768,CR,0.9236090163022381,2111.8854975,-3.7542892866300352
REF002.CFI-400945-5DAILY.m1,REF002.CFI-400945-5DAILY,15.361284353791937,19.360927619358613,SD,0.25222484114784394,7739.70235125,1.4752869192789968
REF002.CFI-400945-5DAILY.m2,REF002.CFI-400945-5DAILY,-31.351850248411605,-20.70027244763094,SD,0.7833997515337898,3775.9216225,-1.5046748316455698
REF002.CFI-400945-5DAILY.m3,REF002.CFI-400945-5DAILY,-46.51729919219632,-42.79881532286745,SD,0.6682572856972671,3017.33373025,-0.023813630154207323
REF002.CFI-400945-5DAILY.m4,REF002.CFI-400945-5DAILY,-38.0865909805828,-23.39607802459206,SD,0.5556729688953688,4675.121042,4.215435272109921
REF002.CFI-400945-5DAILY.m5,REF002.CFI-400945-5DAILY,24.42692448479542,27.993387180347273,SD,0.28250304731094034,6209.159948,4.240649578859059
REF002.CFI-402257.m1,REF002.CFI-402257,-35.78851183377354,-34.44383215895777,SD,0.7944332379070295,2456.09223,-1.2263350000000004
REF002.CFI-402257.m2,REF002.CFI-402257,20.413278645212163,30.6955075818107,PD,0.06914003627141785,6207.36185625,6.957436995094683
REF002.CFI-402257.m3,REF002.CFI-402257,-10.563613616971546,23.907674120251144,SD,-0.40331273582948524,8484.932510999999,11.861775537096772
REF002.CFI-402257-2ON5OFF.m1,REF002.CFI-402257-2ON5OFF,1.6123850679862217,19.909264216126687,SD,-0.10960552200915141,8625.576329,13.29154843355263
REF002.CFI-402257-2ON5OFF.m2,REF002.CFI-402257-2ON5OFF,0.43978405889517624,36.057490738126695,PD,-0.3253754195803129,6665.813753499999,16.056525582781457
REF002.CFI-402257-2ON5OFF+PACLITAXEL-15DAILY.m1,REF002.CFI-402257-2ON5OFF+PACLITAXEL-15DAILY,-99.7232707838135,-98.4318677749432,CR,0.8266315290581508,4922.16472875,-2.8101747026315778
REF002.CFI-402257-2ON5OFF+PACLITAXEL-15DAILY.m2,REF002.CFI-402257-2ON5OFF+PACLITAXEL-15DAILY,-97.65470239674406,-86.70998024821628,CR,0.4244232027457755,5667.10368725,-0.6687816170212756
REF002.CFI-402257-2ON5OFF+PACLITAXEL-15DAILY.m3,REF002.CFI-402257-2ON5OFF+PACLITAXEL-15DAILY,-6.019007425126366,15.99568218966998,SD,0.42630088118897536,4243.7333419999995,5.3995200400000005
REF002.CFI-402257-3ON4OFF.m1,REF002.CFI-402257-3ON4OFF,32.809922773238576,59.71783358604954,PD,0.6413591848109009,2850.1767375,2.0607519166666672
REF002.CFI-402257-3ON4OFF+PACLITAXEL.m1,REF002.CFI-402257-3ON4OFF+PACLITAXEL,28.605324788031727,47.41624265799831,PD,-0.3445650757942329,8028.441836000001,11.223805266239712
REF002.CFI-402257-3ON4OFF+PACLITAXEL.m2,REF002.CFI-402257-3ON4OFF+PACLITAXEL,-100.0,-95.47489652562246,CR,0.9038479746280048,3722.79512025,-2.0608507667286244
REF002.CFI-402257-3ON4OFF+PACLITAXEL.m3,REF002.CFI-402257-3ON4OFF+PACLITAXEL,-99.68549123052367,-99.68549123052367,CR,0.9988063908797224,1254.182187,-5.755614908633697
REF002.CFI-402257-HD+PACLITAXEL-15DAILY.m1,REF002.CFI-402257-HD+PACLITAXEL-15DAILY,-37.156460801565515,-29.823136587808552,SD,0.40742503436164923,6350.849243,1.67940322019374
REF002.CX-5461.m1,REF002.CX-5461,-7.435404849993965,5.415141123243616,SD,0.3536472404287698,6399.50632975,3.9607623557185256
REF002.ERIBULIN-LOW.m1,REF002.ERIBULIN-LOW,-30.37954601637679,-26.229314655179536,SD,0.6376729390861746,4243.366867,-0.701039714296899
REF002.EVEROLIMUS.m1,REF002.EVEROLIMUS,-31.507437789734404,35.78323097026368,PD,-0.638323319985286,12640.447390999998,22.08926083424679
REF002.PACLITAXEL.m1,REF002.PACLITAXEL,-95.31437399009141,-91.03367862301442,CR,0.6757967570946011,6030.8200975,-5.754818279361104
REF002.PACLITAXEL-15DAILY.m1,REF002.PACLITAXEL-15DAILY,-98.54900666156846,-91.77770441555458,CR,0.2319609964061301,11399.2729555,0.0691682092105244
REF002.PACLITAXEL-15DAILY.m2,REF002.PACLITAXEL-15DAILY,-90.95040532531242,-86.81663985662796,PR,0.8166497221319148,3646.08263725,-1.4386422593390804
REF002.PACLITAXEL-15DAILY.m3,REF002.PACLITAXEL-15DAILY,-27.88922112230383,-18.19529529499747,SD,,,
REF002.PACLITAXEL-15DAILY.m4,REF002.PACLITAXEL-15DAILY,49.745893264663806,57.96566920362422,PD,0.3866341849339322,5570.191616499999,5.288487720132451
REF002.PACLITAXEL-15DAILY.m5,REF002.PACLITAXEL-15DAILY,23.753215785054582,48.77923567496969,PD,-0.1500802236029024,9255.80262075,10.359547760869566
REF003.BMN-673.m1,REF003.BMN-673,-45.22088478577867,-36.04277471403169,SD,0.3385906164931697,2114.30370625,0.5414603037591594
REF003.BMN-673.m2,REF003.BMN-673,-4.9086034747474745,12.626505158249145,SD,-0.41014990238721394,4863.5339105,1.6369886328911254
REF003.CARBOPLATIN.m1,REF003.CARBOPLATIN,-32.67567496501502,-19.13523384162693,SD,0.12964756861787996,3044.7244367499998,0.16761250007896383
REF003.CFI-400945.m1,REF003.CFI-400945,-99.58553936911797,-97.6513897583352,CR,0.9003267464864952,1717.6655345,-3.6010094272741644
REF003.CFI-400945.m2,REF003.CFI-400945,-99.51338846671203,-99.51338846671203,CR,0.9704671841441468,774.9618665,-4.748904703060379
REF003.CFI-400945.m3,REF003.CFI-400945,-100.0,-98.47607350830113,CR,0.9704671841441468,452.73321,-4.191454155339807
REF003.CFI-400945+ABT-263.m1,REF003.CFI-400945+ABT-263,-100.0,-99.85718210146112,CR,0.9963083980180183,345.4968125,-5.093633616504856
REF003.CFI-400945-3.75DAILY.m1,REF003.CFI-400945-3.75DAILY,-96.56702823726555,-96.56702823726555,CR,0.9003267464864952,2184.3817435,-3.4903157029823513
REF003.CFI-400945-3.75DAILY.m2,REF003.CFI-400945-3.75DAILY,-99.75512471266977,-99.75512471266977,CR,0.9704671841441468,2510.0884885,-8.07539772315883
REF003.CFI-400945-41.6WEEKLY.m1,REF003.CFI-400945-41.6WEEKLY,-65.77364404847063,-62.78513484758128,PR,0.6698113056052183,1780.21917875,-2.1210313925233635
REF003.CFI-400945-5DAILY.m1,REF003.CFI-400945-5DAILY,-99.60880348634333,-98.69601162114444,CR,0.763737473153174,2276.264505,-3.7899506163032184
REF003.CFI-400945-5DAILY.m2,REF003.CFI-400945-5DAILY,-96.85753058287571,-96.85753058287571,CR,0.9704671841441468,1087.3424915,-4.566622198733176
REF003.CX-5461.m1,REF003.CX-5461,-42.981186830124955,-42.52558704260374,SD,0.4613414251223671,2329.6285365000003,-1.4907528151340992
REF003.CX-5461.m2,REF003.CX-5461,-33.46982314087255,-12.738333052881245,SD,0.12076672602905048,3224.5361805,0.2959218079564968
REF003.ERIBULIN.m1,REF003.ERIBULIN,-90.96759253493201,-82.71576349277112,PR,0.763737473153174,1528.4255039999998,-4.078873489643125
REF003.ERIBULIN.m2,REF003.ERIBULIN,-99.48924164131176,-99.48924164131176,CR,0.9963083980180183,1068.28056625,-3.3718287392673143
REF003.ERIBULIN-LOW.m1,REF003.ERIBULIN-LOW,-59.170913053137156,-57.77442390824588,PR,0.6335727390483192,1861.9956655,-2.086098100132822
REF003.EVEROLIMUS.m1,REF003.EVEROLIMUS,-77.36899941611502,-76.13687152927933,PR,0.7539665410272649,1504.4259932500001,-3.4966177453752905
REF003.PACLITAXEL.m1,REF003.PACLITAXEL,-47.24903745373129,-43.620683979041075,SD,0.5148404385230156,2211.246352,-1.1260922212571072
REF003.PACLITAXEL.m2,REF003.PACLITAXEL,-21.98744797402421,-17.592764049972853,SD,-0.11883153236869415,3547.7998975,1.2681201118481242
REF004.ABT-263.m1,REF004.ABT-263,3.6686411139713826,65.4713445190106,PD,0.4221011438226979,3981.14988675,25.00167673188406
REF004.ABT-263.m2,REF004.ABT-263,94.17558002298831,163.98655821799645,PD,0.4675279345216541,5152.202584000001,28.219425782608695
REF004.BMN-673.m1,REF004.BMN-673,29.41371168428264,176.24553416657253,PD,0.41541906835894415,9233.42187475,27.710857695994587
REF004.CARBOPLATIN.m1,REF004.CARBOPLATIN,10.008351964261486,74.0612576208269,PD,-0.34153844290157376,16559.399165249997,35.723700393895335
REF004.CDX-011.m1,REF004.CDX-011,22.095024936030725,121.0225896636262,PD,-0.18135736429828664,11568.21935275,45.760128771238946
REF004.CDX-011.m2,REF004.CDX-011,-64.62592674209078,18.878208890097568,SD,-1.3327083449832577,16626.55237975,86.16089832898233
REF004.CFI-400945.m1,REF004.CFI-400945,28.019369234685865,41.78157007665146,PD,-0.2634353455205143,13495.909324750002,28.43733808586688
REF004.CFI-400945.m2,REF004.CFI-400945,74.45764579728554,138.08011634510794,PD,0.1630434801341618,11110.589363750001,34.68278558833197
REF004.CFI-400945.m3,REF004.CFI-400945,46.52741790355659,74.75111583953931,PD,0.12048325952120764,9750.893344749999,24.989262498410167
REF004.CFI-400945.m4,REF004.CFI-400945,3.109259152006727,108.65179479267009,PD,0.35018270884191016,5094.2878375,30.350007909698995
REF004.CFI-400945.m5,REF004.CFI-400945,42.85933065145584,112.15259676764404,PD,-0.1485988646976273,10574.608631,36.61491962400706
REF004.CFI-400945-41.6WEEKLY.m1,REF004.CFI-400945-41.6WEEKLY,1.1534235330106002,57.445849453683365,PD,0.49460939656960357,9365.3976745,13.747293726240601
REF004.CFI-400945-41.6WEEKLY.m2,REF004.CFI-400945-41.6WEEKLY,21.108825785209607,77.45714465466476,PD,-0.017127302850154846,13706.85203875,26.032465774210525
REF004.CFI-402257.m1,REF004.CFI-402257,10.864007097767182,27.50477406253924,SD,0.1644963119871008,10817.06622375,22.58249156785291
REF004.CFI-402257+PACLITAXEL.m1,REF004.CFI-402257+PACLITAXEL,-8.55510884070413,-3.0259173541096973,SD,0.4154757686928823,8739.294407,14.953349227854176
REF004.CFI-402257+PACLITAXEL.m2,REF004.CFI-402257+PACLITAXEL,-15.865050780043632,-10.757178355754771,SD,0.44929218248571623,6934.28994575,11.107212460905027
REF004.CFI-402257-2ON5OFF.m1,REF004.CFI-402257-2ON5OFF,36.782446616914875,48.03761435576017,PD,0.16589139007531972,8759.2471235,18.539154750884954
REF004.CFI-402257-2ON5OFF+PACLITAXEL-15DAILY.m1,REF004.CFI-402257-2ON5OFF+PACLITAXEL-15DAILY,18.676077304491812,74.10975054861456,PD,-0.22228855712833728,13156.72468275,42.56415137411504
REF004.CFI-402257-2ON5OFF+PACLITAXEL-15DAILY.m2,REF004.CFI-402257-2ON5OFF+PACLITAXEL-15DAILY,99.20891734070464,131.4660153895235,PD,0.08945715931400855,11301.49761475,33.76411393761062
REF004.CFI-402257-3ON4OFF+PACLITAXEL.m1,REF004.CFI-402257-3ON4OFF+PACLITAXEL,-53.596316537302854,-8.95052248023076,SD,0.5571010482384395,3564.74097525,17.41961663715953
REF004.CX-5461.m1,REF004.CX-5461,16.789311572462907,61.0584014623643,PD,0.4635736035883705,6631.37934675,14.68125908783938
REF004.CX-5461.m2,REF004.CX-5461,31.84322392231578,62.23741078445006,PD,0.4266794508682962,8117.13766025,14.671609108829568
REF004.CX-5461.m3,REF004.CX-5461,-11.147130102010205,26.35975067906262,SD,0.23666041098899082,7911.12866275,27.562711334289492
REF004.ERIBULIN.m1,REF004.ERIBULIN,7.628573712049436,48.16747527584469,PD,0.05912037819860527,11512.705917500001,27.670472768716596
REF004.EVEROLIMUS.m1,REF004.EVEROLIMUS,5.621412314363505,27.202692710162644,SD,0.5430785878310053,6630.81422925,9.11604793425682
REF004.EVEROLIMUS.m2,REF004.EVEROLIMUS,-0.8660612666961498,16.5259024058817,SD,0.6418394166142364,4987.240034749999,7.39919849890062
REF004.FROST-LOW.m1,REF004.FROST-LOW,20.755788002872166,25.712498823028817,SD,0.555727709130903,6583.1568615,8.683404454093647
REF004.FROST-LOW.m2,REF004.FROST-LOW,9.15749232095109,13.224059881514648,SD,0.5660652499500584,5589.67325575,7.715241769827313
REF004.PACLITAXEL.m1,REF004.PACLITAXEL,45.12188383416604,50.40381137723045,PD,0.12048325952120764,8542.64330725,28.171313543611333
REF004.PACLITAXEL.m2,REF004.PACLITAXEL,58.6978714502729,69.41301087075902,PD,0.764755391762929,3738.02463,8.161062333603896
REF004.PACLITAXEL.m3,REF004.PACLITAXEL,4.404402411790453,17.811182491019494,SD,0.48785840229575717,5725.683611500001,14.924802136208076
REF004.PACLITAXEL.m4,REF004.PACLITAXEL,-38.204271389312986,-26.364602300254457,SD,0.8008288525557483,3582.4831402500004,3.1161627740646
REF004.PACLITAXEL-15DAILY.m1,REF004.PACLITAXEL-15DAILY,4.16342720259244,72.65774224429695,PD,0.21631836208086785,9514.30664175,18.93715975420355
REF004.PACLITAXEL-15DAILY.m2,REF004.PACLITAXEL-15DAILY,-30.489958043205323,-5.848445234418476,SD,-0.09035120055153256,7809.6075205,30.485798038053108
REF005.ABT-263.m1,REF005.ABT-263,62.20423809781599,81.57704566082442,PD,0.5929741566437894,3805.9010680000006,5.638305887418569
REF005.BMN-673.m1,REF005.BMN-673,-42.74821138671802,-34.03375373232244,SD,0.7870516525474812,2789.1095557499993,0.22207581804699958
REF005.BMN-673.m2,REF005.BMN-673,-30.227642024649093,-23.24732242852091,SD,0.8363758181397205,2562.5634115000003,0.6473444599232061
REF005.BMN-673.m3,REF005.BMN-673,-42.74821138671802,-34.03375373232244,SD,0.7870516525474812,2789.1095557499993,0.22207581804699958
REF005.BMN-673.m4,REF005.BMN-673,20.70251094325153,43.484847900459144,PD,0.3070857103191391,10148.7503345,5.665012230092204
REF005.BMN-673.m5,REF005.BMN-673,53.352922252010714,121.84596495744411,PD,0.16441842077590707,7717.3547425,12.33295123680739
REF005.CARBOPLATIN.m1,REF005.CARBOPLATIN,-25.84935531823145,9.883569316070396,SD,0.48699640536797495,4721.903597750001,8.27990642371656
REF005.CARBOPLATIN.m2,REF005.CARBOPLATIN,-3.825959087969033,12.661309432707736,SD,0.6443207567984117,3681.754135,3.640539086240522
REF005.CARBOPLATIN.m3,REF005.CARBOPLATIN,7.302218227896895,34.26394052971953,PD,-0.12077026043839245,9456.435881,20.179485374431206
REF005.CARBOPLATIN.m4,REF005.CARBOPLATIN,-25.84935531823145,9.883569316070396,SD,0.48699640536797495,4721.903597750001,8.27990642371656
REF005.CARBOPLATIN.m5,REF005.CARBOPLATIN,145.55448510744915,175.06708608911396,PD,0.21664682088064324,4671.113508,22.806185999999997
REF005.CARBOPLATIN.m6,REF005.CARBOPLATIN,-15.270121803522606,3.517420319892106,SD,0.7048526020191235,3876.2465084999994,3.345437858566978
REF005.CARBOPLATIN.m7,REF005.CARBOPLATIN,16.3030230584543,133.87867691210107,PD,-0.488894247413451,7835.011548,30.295296759086195
REF005.CDX-011.m1,REF005.CDX-011,-69.78921674963085,-69.41161121015318,PR,0.9141071192115451,2668.765248,-5.6633623906739805
REF005.CDX-011.m2,REF005.CDX-011,-99.61277274371157,-97.80571221436563,CR,0.9933209559932263,1061.635487,-5.145264032158589
REF005.CDX-011.m3,REF005.CDX-011,-68.63977688550276,-53.731497401973584,PR,0.22886383346501693,10174.624598999999,-11.819227922163584
REF005.CDX-011.m4,REF005.CDX-011,40.27555240400438,49.17594059610562,PD,0.09124643384466535,9614.077587,7.805319537735849
REF005.CDX-011.m5,REF005.CDX-011,-49.08067038666134,-43.89917931555818,SD,0.5951641283460383,6690.4284205,-8.582451789792387
REF005.CDX-011.m6,REF005.CDX-011,-28.008369369008513,-19.942929408965526,SD,0.7809966316222604,3604.8427170000004,-2.284022809205021
REF005.CFI-400945.m1,REF005.CFI-400945,-18.323542418679693,-17.907445349356543,SD,0.7315755781478979,3839.16474575,1.3264000774826057
REF005.CFI-400945.m2,REF005.CFI-400945,-41.418532051548,-39.80357580395912,SD,0.8297248795501273,3631.33804925,-1.1661639848684202
REF005.CFI-400945.m3,REF005.CFI-400945,3.788850370184793,13.77503275727201,SD,0.8282424557142579,3132.01915525,1.215698782381095
REF005.CFI-400945.m4,REF005.CFI-400945,-28.998869906268688,-21.716918618017232,SD,0.8216268192117625,2737.05018725,0.5415323950792701
REF005.CFI-400945.m5,REF005.CFI-400945,1.6623133196659756,34.39724917972959,PD,0.7070471112968947,4284.1669735000005,3.8427015251466883
REF005.CFI-400945.m6,REF005.CFI-400945,-13.306629459153019,26.94940603360958,SD,0.5807629264417644,4858.321000999999,3.7797332783687954
REF005.CFI-400945.m7,REF005.CFI-400945,12.386672986153835,36.20643486513584,PD,0.7663721901859847,3354.5008814999997,0.7577856329397397
REF005.CFI-400945.m8,REF005.CFI-400945,-19.92388541166449,-17.363390290874612,SD,0.46932783266807787,4439.10865125,4.101858650265957
REF005.CFI-400945+ABT-263.m1,REF005.CFI-400945+ABT-263,86.72505944344016,179.45685860735065,PD,-0.3738465380501481,10392.233817,28.536290628571415
REF005.CFI-400945+ABT-263.m2,REF005.CFI-400945+ABT-263,-15.001243131206488,-7.177685358984043,SD,0.8095082682592561,2933.677579,-1.2760934693877553
REF005.CFI-400945-41.6WEEKLY.m1,REF005.CFI-400945-41.6WEEKLY,-42.115622615790336,-36.85856844012352,SD,0.8570531089770344,3301.3131512500004,-1.5579164756390973
REF005.CFI-400945-52WEEKLY.m1,REF005.CFI-400945-52WEEKLY,-27.15693172564083,-21.56271021311672,SD,0.8004735346149788,3660.01925675,-0.8044049303766906
REF005.CFI-400945-52WEEKLY.m2,REF005.CFI-400945-52WEEKLY,-87.94354880194241,-33.895586232644916,PR,0.505750743498745,4090.42974275,8.010941355769233
REF005.CFI-400945-52WEEKLY.m3,REF005.CFI-400945-52WEEKLY,-42.541387468250704,-28.012885844114376,SD,0.6368025268120484,5787.1772835,3.459054322802197
REF005.CFI-400945-52WEEKLY.m4,REF005.CFI-400945-52WEEKLY,0.6253708012200265,9.388694191768376,SD,0.4664957460238227,4835.644566999999,5.490507300824173
REF005.CFI-400945-52WEEKLY.m5,REF005.CFI-400945-52WEEKLY,-22.292463225773474,-2.4675437810995793,SD,0.22810157504453643,12680.00874575,-5.2960821270373915
REF005.CFI-400945-5DAILY.m1,REF005.CFI-400945-5DAILY,31.09181866543871,137.4726417633903,PD,-1.6521213897656635,14492.586589499999,49.393634607851965
REF005.CFI-402257.m1,REF005.CFI-402257,-30.605973428182875,-11.272622778859553,SD,0.7653183773016399,3431.36715225,2.206111589296682
REF005.CFI-402257.m2,REF005.CFI-402257,16.58477713112003,35.292485309154344,PD,0.4387831142376717,6672.754307,6.646486291571568
REF005.CFI-402257.m3,REF005.CFI-402257,14.779052116714443,34.935732665271146,PD,0.5047961745292969,6340.35896,5.210777442533421
REF005.CFI-402257.m4,REF005.CFI-402257,-30.599437966489518,-21.372206875540765,SD,0.6430728316929786,3299.1339975,3.9858929760946573
REF005.CFI-402257.m5,REF005.CFI-402257,85.64599793233754,123.21197568608926,PD,-0.24730191055301765,12864.5777415,17.17785882453826
REF005.CFI-402257-2ON5OFF.m1,REF005.CFI-402257-2ON5OFF,-8.375138835616413,-3.307902057067491,SD,0.42785492338006514,6083.87004,6.717226954391411
REF005.CFI-402257-2ON5OFF+PACLITAXEL-15DAILY.m1,REF005.CFI-402257-2ON5OFF+PACLITAXEL-15DAILY,-72.03847487345095,-59.4697566758132,PR,0.8830222840248017,2285.5655455,-2.5239354713166144
REF005.CFI-402257-2ON5OFF+PACLITAXEL-15DAILY.m2,REF005.CFI-402257-2ON5OFF+PACLITAXEL-15DAILY,52.67534942466514,95.21527374789056,PD,0.22946218981533217,7739.8116700499995,13.113432007968752
REF005.CFI-402257-3ON4OFF.m1,REF005.CFI-402257-3ON4OFF,-6.496624834609676,66.3581540435428,PD,-0.026039161847710712,11327.420158,17.634192465201465
REF005.CFI-402257-3ON4OFF+PACLITAXEL.m1,REF005.CFI-402257-3ON4OFF+PACLITAXEL,-68.95147110570302,-66.01261681742227,PR,0.9152416617007998,2281.3527145000003,-2.3162150764062854
REF005.CFI-402257-3ON4OFF+PACLITAXEL.m2,REF005.CFI-402257-3ON4OFF+PACLITAXEL,4.136872115585977,77.64106700477811,PD,0.04341729878385836,6579.250292000001,17.272866874882844
REF005.CFI-402257-3ON4OFF+PACLITAXEL.m3,REF005.CFI-402257-3ON4OFF+PACLITAXEL,-100.0,-99.75788186005644,CR,0.9933209559932263,1810.9074249999999,-4.871930883073728
REF005.CX-5461.m1,REF005.CX-5461,88.40140950264713,145.43551669748447,PD,0.39357978939113414,5983.241992,9.141365882585754
REF005.CX-5461.m2,REF005.CX-5461,-68.6291857192536,-67.30646639580856,PR,0.927795963502874,1578.5166605,-2.801523328656171
REF005.CX-5461.m3,REF005.CX-5461,-3.1851779223133314,4.972344981105192,SD,0.2102342072788217,6625.357601,8.93406647535319
REF005.CX-5461.m4,REF005.CX-5461,13.206324173425422,24.836215725882816,SD,0.6354338671327464,5081.238164750001,4.903570469671373
REF005.CX-5461.m5,REF005.CX-5461,-20.09230447032322,-10.202228340964602,SD,0.8416814904016454,1862.031995,0.31476836283185844
REF005.CX-5461.m6,REF005.CX-5461,-16.570644293030934,2.797662445156135,SD,0.6345676936409669,4467.84804375,5.196969160996751
REF005.CX-5461.m7,REF005.CX-5461,24.67931761912483,50.453382409218904,PD,0.43909173449385364,6355.686551750001,7.643416965655472
REF005.CX-5461.m8,REF005.CX-5461,12.25687136103748,18.643423905021095,SD,0.5656283195871193,5093.9010772500005,6.0058866382448555
REF005.CX-5461.m9,REF005.CX-5461,-68.6291857192536,-67.30646639580856,PR,0.927795963502874,1578.5166605,-2.801523328656171
REF005.ERIBULIN.m1,REF005.ERIBULIN,-99.27908534674282,-99.27908534674282,CR,0.9991651194991533,327.212675,-1.8809833775800182
REF005.ERIBULIN.m2,REF005.ERIBULIN,-100.0,-99.80754329031254,CR,0.9991651194991533,709.95157775,-3.5439008663306932
REF005.ERIBULIN-EXTRALOW.m1,REF005.ERIBULIN-EXTRALOW,41.320106500500486,46.56943820300572,PD,-0.08856582712335959,6883.773467249999,13.91283713236677
REF005.ERIBULIN-EXTRALOW.m2,REF005.ERIBULIN-EXTRALOW,-41.832709606227446,-35.857290183088466,SD,0.5326370214186045,7376.441868999998,-4.624277203825856
REF005.ERIBULIN-LOW.m1,REF005.ERIBULIN-LOW,-53.883269916002476,-51.74355562910723,PR,0.879330459982548,2434.950665,-4.1949668805104405
REF005.ERIBULIN-LOW.m2,REF005.ERIBULIN-LOW,-74.37075948404241,-69.18838074260837,PR,0.9297893634260792,2733.80880275,-7.14068270662542
REF005.ERIBULIN-LOW.m3,REF005.ERIBULIN-LOW,-62.518303661890286,-42.548411733487725,PR,0.7514426358265109,3553.31610575,-0.15665043494423786
REF005.ERIBULIN-LOW.m4,REF005.ERIBULIN-LOW,-67.32547357313537,-60.51281735219882,PR,0.9163485663059544,1687.73044175,-2.7905530392545597
REF005.EVEROLIMUS.m1,REF005.EVEROLIMUS,-36.16014926437187,-18.049599928782612,SD,0.6775346558153454,4651.25502275,2.9168887328496043
REF005.EVEROLIMUS.m2,REF005.EVEROLIMUS,-17.042039478177706,-9.68366138887764,SD,0.7827593649165281,3406.8912737500004,0.4957793647798749
REF005.PACLITAXEL.m1,REF005.PACLITAXEL,9.629907168792329,84.30592511171065,PD,-0.7087145221497346,14067.1478875,23.329181837730868
REF005.PACLITAXEL.m2,REF005.PACLITAXEL,-95.65446519073981,-95.65446519073981,CR,0.9933209559932263,1163.2862539999999,-3.3468104826464216
REF005.PACLITAXEL.m3,REF005.PACLITAXEL,-90.62509739482151,-90.62509739482151,PR,0.9774582264771388,1559.2572145000001,-4.766944079366886
REF005.PACLITAXEL.m4,REF005.PACLITAXEL,-92.01741778153185,-92.01741778153185,PR,0.692290160132166,2110.601906,-1.226309927385581
REF005.PACLITAXEL.m5,REF005.PACLITAXEL,-95.65446519073981,-95.65446519073981,CR,0.9933209559932263,1163.2862539999999,-3.3468104826464216
REF005.PACLITAXEL.m6,REF005.PACLITAXEL,-26.41699115044247,-10.796837307440176,SD,0.40706899037805655,7926.416049999999,-0.8507963551236742
REF005.PACLITAXEL.m7,REF005.PACLITAXEL,-100.0,-99.81089546736472,CR,0.9933209559932263,2254.35797,-7.496124856801661
REF005.PACLITAXEL-15DAILY.m1,REF005.PACLITAXEL-15DAILY,-1.3460081892236686,8.278244466257645,SD,0.6286822135688139,4363.833081,1.8980982398119122
REF005.PACLITAXEL-15DAILY.m2,REF005.PACLITAXEL-15DAILY,-13.464822712419789,-3.919692337977332,SD,0.6333959572253995,4786.289689499999,4.7250237460691835
REF006.ADC-CONTROL.m1,REF006.ADC-CONTROL,-27.43311346014764,58.542424006577185,PD,0.2594445917261221,4246.5601127499995,7.069746785928141
REF006.ADC-CONTROL.m2,REF006.ADC-CONTROL,-16.550769593837565,-3.481798291848659,SD,0.3780227082640959,3875.2831502500003,3.0192405388972814
REF006.AZD-5305.m1,REF006.AZD-5305,-33.37393472844572,-17.266001184384283,SD,0.48751562828807604,3841.1277545,1.3095565050433966
REF006.AZD-8205.m1,REF006.AZD-8205,340.225971666452,538.3209772797534,PD,-6.3620944002441036,18439.957071,141.96912784210525
REF006.AZD-8205.m2,REF006.AZD-8205,-61.569905965944535,-47.7218191475648,PR,0.317989234141963,5522.3177285,1.173782496129487
REF006.BMN-673.m1,REF006.BMN-673,59.02469096477796,157.88456889433382,PD,0.012684490784054203,5079.8473415,8.371302459584298
REF006.BMN-673.m2,REF006.BMN-673,-8.030249236201081,-3.8869831497847174,SD,0.6574849328358758,3595.171279,-0.24820738645255894
REF006.CARBOPLATIN.m1,REF006.CARBOPLATIN,-33.08729172613636,-27.619780089013023,SD,0.6561909807499938,3025.39214225,0.24787675367412126
REF006.CARBOPLATIN.m2,REF006.CARBOPLATIN,5.285628436120238,24.872748910787834,SD,0.4009829802071426,4379.0311025,3.9056260812349466
REF006.CDX-011.m1,REF006.CDX-011,-96.54605092235703,-85.75246005472272,CR,0.8738666917520621,1923.8752025000001,-3.4753198465548496
REF006.CDX-011.m2,REF006.CDX-011,-89.50214016369196,-76.16677724412361,PR,0.7549898364023352,4603.7210724999995,-1.4442517211171237
REF006.CFI-400945.m1,REF006.CFI-400945,11.321376437988494,15.143933889915706,SD,0.5107201789020557,4957.775469249999,-0.628938691510808
REF006.CFI-400945.m2,REF006.CFI-400945,30.991036968517747,40.47997836735573,PD,-0.28251435951619475,8454.51527175,7.714552790178074
REF006.CFI-400945.m3,REF006.CFI-400945,-58.518094234517925,-55.30447263100997,PR,0.4987528655464133,4300.7679960000005,1.1391545663928808
REF006.CFI-400945.m4,REF006.CFI-400945,170.3252091709045,225.12444786521985,PD,-1.6728964134321234,18914.2829805,24.911857989130446
REF006.CFI-400945-52WEEKLY.m1,REF006.CFI-400945-52WEEKLY,-49.59157586490126,-44.26100634665108,SD,0.7934642657583864,2988.7550785,-1.3033197281150166
REF006.CFI-402257.m1,REF006.CFI-402257,7.546849019173951,19.875969835534836,SD,0.3897245198411923,4732.3846125,2.890139660743397
REF006.CFI-402257-2ON5OFF.m1,REF006.CFI-402257-2ON5OFF,20.41386947701147,36.47516520222847,PD,0.27910143459505377,4334.671244249999,4.257272904274266
REF006.CFI-402257-2ON5OFF.m2,REF006.CFI-402257-2ON5OFF,-2.3884116335517236,22.46277061023816,SD,0.10711256823516124,6643.312727750001,5.6614421310539145
REF006.CFI-402257-2ON5OFF+PACLITAXEL-15DAILY.m1,REF006.CFI-402257-2ON5OFF+PACLITAXEL-15DAILY,-52.66470724845879,-47.94074755677978,PR,0.7764535423009216,2833.101329,-1.9217694355216877
REF006.CFI-402257-2ON5OFF+PACLITAXEL-15DAILY.m2,REF006.CFI-402257-2ON5OFF+PACLITAXEL-15DAILY,-34.13388385386702,-28.98194916964545,SD,0.448441420133716,4759.166529,-0.9237461610754812
REF006.CFI-402257-2ON5OFF+PACLITAXEL-15DAILY.m3,REF006.CFI-402257-2ON5OFF+PACLITAXEL-15DAILY,-25.244541467470572,-23.180108078371443,SD,0.7021574808900222,2520.666557,-1.400846846289063
REF006.CFI-402257-2ON5OFF+PACLITAXEL-15DAILY.m4,REF006.CFI-402257-2ON5OFF+PACLITAXEL-15DAILY,21.82173491873527,35.160579170267646,PD,0.04452243063061612,6040.997153249999,7.588323659922709
REF006.CFI-402257-3ON4OFF.m1,REF006.CFI-402257-3ON4OFF,-8.567732542416696,-5.213555776839307,SD,0.2375632480034071,3912.390494,4.7708524463837545
REF006.CX-5461.m1,REF006.CX-5461,5.896886369926357,17.573853968090546,SD,0.22445107776933282,5541.399673749999,5.281438452923144
REF006.CX-5461.m2,REF006.CX-5461,6.0049772382397615,22.745259118920846,SD,0.36363349659040156,4929.61634,3.332461797074758
REF006.CX-5461.m3,REF006.CX-5461,-12.030253702814441,-2.047075341870719,SD,0.5732283110045375,3886.0834617500004,0.4162423820151685
REF006.DATOPOTAMAB-DERUXTECAN.m1,REF006.DATOPOTAMAB-DERUXTECAN,-94.42911439891574,-82.66835590773786,PR,0.813216330941804,1860.4804295000001,-1.6170731483870961
REF006.ERIBULIN-EXTRALOW.m1,REF006.ERIBULIN-EXTRALOW,8.221139339311211,37.918940477722686,PD,-0.4846916836240045,10615.486382250001,8.847331204495006
REF006.ERIBULIN-LOW.m1,REF006.ERIBULIN-LOW,-45.95765216866744,-39.17802685081765,SD,0.7286059632553097,2831.887732,-0.8397906285143776
REF006.EVEROLIMUS.m1,REF006.EVEROLIMUS,-2.9110262704998613,6.839705482043246,SD,0.4236490260318807,4920.526760750001,0.39273356727802555
REF006.FLUVASTATIN+TERBINIFINE.m1,REF006.FLUVASTATIN+TERBINIFINE,-20.92042163098331,3.6331396663296767,SD,0.5852014191367287,2048.54125975,0.7289434801980204
REF006.FLUVASTATIN+TERBINIFINE.m2,REF006.FLUVASTATIN+TERBINIFINE,6.60162168242997,29.68826701349474,SD,-1.046275799224981,7653.109222250001,16.27997827565217
REF006.FLUVASTATIN+TERBINIFINE.m3,REF006.FLUVASTATIN+TERBINIFINE,69.1036530364717,87.87466107321855,PD,-0.38405606162372696,8025.489143500001,9.943909739130431
REF006.FLUVASTATIN+TERBINIFINE.m4,REF006.FLUVASTATIN+TERBINIFINE,-21.648177137229407,-10.560883469594529,SD,0.5385050715226061,3640.07124475,4.301213270682732
REF006.FLUVASTATIN+TERBINIFINE.m5,REF006.FLUVASTATIN+TERBINIFINE,-27.70962865653992,-20.136297297548555,SD,0.5732530067941257,2142.63050375,1.2709155487282457
REF006.FLUVASTATIN+TERBINIFINE.m6,REF006.FLUVASTATIN+TERBINIFINE,-72.88278867102396,-55.26113515694342,PR,0.8744576155101881,2160.2416439999997,-5.081610981589957
REF006.FLUVASTATIN+TERBINIFINE.m7,REF006.FLUVASTATIN+TERBINIFINE,-41.43836258427612,-31.60422081808214,SD,0.6725889148058981,2298.51942725,-2.320027988493724
REF006.PACLITAXEL.m1,REF006.PACLITAXEL,-31.80243479729373,-26.728961787854143,SD,0.6372656738795245,3525.47256875,-0.5715678363293051
REF006.PACLITAXEL-15DAILY.m1,REF006.PACLITAXEL-15DAILY,-52.28586979100784,-47.833201802977285,PR,0.8175297904649471,2854.9868165,-2.0123917836582397
REF006.PACLITAXEL-15DAILY.m2,REF006.PACLITAXEL-15DAILY,-53.344267363457796,-50.63340470242507,PR,0.668208238564473,4871.12398425,-4.130738267658264
REF006.PACLITAXEL-15DAILY.m3,REF006.PACLITAXEL-15DAILY,-22.1396438233501,-18.542590985082306,SD,0.6047657562728573,3302.6230115,-0.07278919689710239
REF006.PEG400.m1,REF006.PEG400,5.446677436935543,18.933052398006822,SD,0.34266996149508855,3644.3617114999997,6.707802377677102
REF006.PEG400.m2,REF006.PEG400,-15.707325843320174,-9.884605054565199,SD,0.3674138441423962,3090.8960239999997,2.824857360869566
REF006.PEG400.m3,REF006.PEG400,13.821568713446531,34.09656450563694,PD,0.3300758962850562,3529.17252775,4.484802737826085
REF006.PEG400.m4,REF006.PEG400,-5.380822454744083,2.348021825313662,SD,0.5918586431277527,2919.517872,0.32187258437014
REF006.PQ-1-6.m1,REF006.PQ-1-6,-70.58851413554844,-53.6383611093491,PR,0.8945643544900296,1835.5142059999998,-2.8924780970009363
REF006.PQ-1-6.m2,REF006.PQ-1-6,27.517065680073216,63.42815296278954,PD,-0.18087922971166925,4805.3072625,12.858476343548384
REF006.PQ-1-6.m3,REF006.PQ-1-6,-49.894939493949394,-32.96172029702971,SD,0.6461741147660844,2049.6625927500004,0.6015612467741935
REF006.PQ-1-6.m4,REF006.PQ-1-6,-46.83536933429936,-37.58627423352853,SD,0.7758595971301648,2444.44274,-2.2458136242277145
REF006.PQ-1-6-VEHICLE.m1,REF006.PQ-1-6-VEHICLE,-29.99297491932459,20.967189765033933,SD,0.2563945608487983,3129.54508725,6.419520037956888
REF006.PQ-1-6-VEHICLE.m2,REF006.PQ-1-6-VEHICLE,10.400265481670544,21.3081090581295,SD,0.6610485650094131,2557.4646215,1.0099329254920337
REF006.PQ-1-6-VEHICLE.m3,REF006.PQ-1-6-VEHICLE,70.75438419673452,129.9940465382046,PD,0.3873459045292037,5710.799175,4.114526300374884
REF006.SACITUZAMAB-GOVITECAN.m1,REF006.SACITUZAMAB-GOVITECAN,41.868281628219876,47.1900683954463,PD,-0.3775182775705841,4450.12932675,11.309400901368047
REF006.TOPOTECAN.m1,REF006.TOPOTECAN,-3.86284525657995,-3.86284525657995,SD,0.5900507057184337,419.789067,-1.8372406666666732
REF006.TRASTUZUMAB-CONTROL.m1,REF006.TRASTUZUMAB-CONTROL,55.31028940824947,111.22998224575235,PD,-0.1663384826886718,4721.3606070000005,12.697804795811518
REF006.TRASTUZUMAB-DERUXTECAN.m1,REF006.TRASTUZUMAB-DERUXTECAN,33.99904817945094,85.77117027454105,PD,0.10630509047966785,5912.973739,6.812424587096772
REF006_P3_DATO_RES_P7.DATOPOTAMAB-DERUXTECAN.m1,REF006_P3_DATO_RES_P7.DATOPOTAMAB-DERUXTECAN,66.6198290084117,190.07101789344222,PD,0.2674238606951762,10742.24281575,38.57018163302751
REF006_P3_DATO_RES_P7.SACITUZAMAB-GOVITECAN.m1,REF006_P3_DATO_RES_P7.SACITUZAMAB-GOVITECAN,165.30797256208797,224.29407348398234,PD,0.4236711829678794,7003.2513085,41.64030018918918
REF006_P3_DATO_RES_P7.TRASTUZUMAB-DERUXTECAN.m1,REF006_P3_DATO_RES_P7.TRASTUZUMAB-DERUXTECAN,121.47417984195444,293.33395933876864,PD,0.20800130124452432,9159.3952265,43.35994468807338
REF006_P6_TRAZ_250814_RES_P4.TRASTUZUMAB-DERUXTECAN.m1,REF006_P6_TRAZ_250814_RES_P4.TRASTUZUMAB-DERUXTECAN,50.97514324760062,153.52508873734192,PD,,9498.64197275,14.305092564285719
REF007.BMN-673.m1,REF007.BMN-673,54.726150990015384,102.80426454638882,PD,0.1924258270327025,7182.7057132499995,7.908156197069944
REF007.BMN-673.m2,REF007.BMN-673,46.78121812627931,66.696045553126,PD,0.27386007412234137,5302.5736965,5.689662210969551
REF007.BMN-673.m3,REF007.BMN-673,-22.67072962003033,-12.911640216078467,SD,0.5601356315764499,3592.69534975,3.7570820775559106
REF007.CARBOPLATIN.m1,REF007.CARBOPLATIN,-21.76412142765387,11.267540411223198,SD,0.5411213144887298,4352.26825375,5.7194996648671985
REF007.CDX-011.m1,REF007.CDX-011,-99.62860681279207,-84.03009295005853,CR,0.9253854322961372,3170.16260875,-4.291151987645347
REF007.CDX-011.m2,REF007.CDX-011,-97.86041480443077,-90.95053597915187,CR,0.5923917528580274,6029.4357975,-1.3089314249999995
REF007.CFI-400945.m1,REF007.CFI-400945,43.68251520795994,60.13198511233509,PD,0.3422418071812715,6967.03990575,5.641069867926639
REF007.CFI-400945.m2,REF007.CFI-400945,-23.000549035138263,-10.351494995679744,SD,0.5995614526784601,3934.5564715,1.743584900156739
REF007.CFI-400945-52WEEKLY.m1,REF007.CFI-400945-52WEEKLY,-28.01676393604904,-9.993325694924382,SD,0.7084054847944907,3707.6718849999997,1.7074022455167914
REF007.CFI-402257.m1,REF007.CFI-402257,-23.68473147059188,-18.605976881902496,SD,0.42120733686436584,3509.28234775,2.5702906374600647
REF007.CFI-402257-2ON5OFF.m1,REF007.CFI-402257-2ON5OFF,20.066918896956842,23.490973936912418,SD,0.44219704898328793,4809.39733675,3.0515901435553534
REF007.CX-5461.m1,REF007.CX-5461,-0.126656473657194,23.14623983977917,SD,0.4133220961640319,4715.0164675,4.954081760579936
REF007.CX-5461.m2,REF007.CX-5461,32.55513978477733,43.07439127230237,PD,-1.7735809649245402,14932.571961999998,38.91844362269129
REF007.ERIBULIN.m1,REF007.ERIBULIN,-100.0,-99.81254805213527,CR,0.9988341473796272,1248.45392925,-10.738896976930315
REF007.ERIBULIN-EXTRALOW.m1,REF007.ERIBULIN-EXTRALOW,-100.0,-99.90392290854118,CR,0.9906731790370171,1877.29101975,-8.63290561015702
REF007.ERIBULIN-LOW.m1,REF007.ERIBULIN-LOW,-94.00644377884547,-94.00644377884547,PR,0.9685219792499329,2236.0696175000003,-11.753038969708689
REF007.EVEROLIMUS.m1,REF007.EVEROLIMUS,-49.913359436749595,-45.3726956619243,SD,0.7182587978057182,4421.76561,-1.9810991567720755
REF007.EVEROLIMUS.m2,REF007.EVEROLIMUS,-65.78001152366431,-55.46989872204323,PR,0.8195057122087507,3430.75141125,-3.4660254882662835
REF007.PACLITAXEL.m1,REF007.PACLITAXEL,-100.0,-99.88183463270394,CR,0.9988341473796272,2049.5064805,-6.996573651245553
REF007.PACLITAXEL.m2,REF007.PACLITAXEL,-100.0,-100.0,CR,0.9685219792499329,3375.0158257499997,-11.566168458783123
REF007.PACLITAXEL.m3,REF007.PACLITAXEL,-100.0,-100.0,CR,0.9906731790370171,1402.1804787499998,-5.771243910696763
REF007.UNC0642.m1,REF007.UNC0642,96.88860813053168,123.29638041051831,PD,-3.2348447860359464,23193.519211500003,52.728541728177134
REF007.UNC0642.m2,REF007.UNC0642,25.477544754176428,41.06270312135343,PD,0.05837337047636293,6424.619564,10.084812536585364
REF009.ABT-263.m1,REF009.ABT-263,-42.12668260763148,-18.45410656897051,SD,0.41750660377869,4030.14076975,1.118773521157168
REF009.ADC-CONTROL.m1,REF009.ADC-CONTROL,27.904647671398266,61.8674801569965,PD,-0.2945522489488457,6989.718046749999,7.411550971678892
REF009.ADC-CONTROL.m2,REF009.ADC-CONTROL,48.08649079995186,62.41341239682798,PD,0.18461692568653276,5622.995742,4.997052219162998
REF009.AZD-8205.m1,REF009.AZD-8205,35.478544003435154,75.35512319098333,PD,0.16912838714969614,5238.325028,5.948952670741646
REF009.AZD-8205.m2,REF009.AZD-8205,-51.26209913280295,-39.29863230070391,PR,0.40164523931335105,5709.8119575,-0.14000003964757768
REF009.BMN-673.m1,REF009.BMN-673,-33.60477826533054,-7.013727065766107,SD,0.49756870740827785,4156.00170375,2.268936686035614
REF009.BMN-673.m2,REF009.BMN-673,-52.64131904584877,-49.182347042647365,PR,0.7778432233099534,2147.2340475,-0.523503633786317
REF009.BMN-673.m3,REF009.BMN-673,-38.79481160349177,-32.839874485988716,SD,0.6787201827588387,2283.17140125,-0.5367277405701756
REF009.BMN-673.m4,REF009.BMN-673,-86.53033368853342,-49.776162748157816,PR,0.6596708465467305,3531.7922,0.1007333333333334
REF009.BMN-673.m5,REF009.BMN-673,-12.205106416024403,31.50045979089382,PD,0.7682107860754656,2916.3038962500004,0.3987802788552505
REF009.CARBOPLATIN.m1,REF009.CARBOPLATIN,-77.03261442120225,-57.53075213307201,PR,0.8208735668701794,1647.016091,-1.252086631707317
REF009.CARBOPLATIN.m2,REF009.CARBOPLATIN,-69.76301333814061,-62.16424382578549,PR,0.799225952397142,2748.6601062500004,-1.2205219999999997
REF009.CARBOPLATIN.m3,REF009.CARBOPLATIN,-3.9998745768181743,13.342374941212022,SD,-0.08194108651032495,7159.216848749999,3.7524012326800373
REF009.CDX-011.m1,REF009.CDX-011,4.012497671806958,15.562779254750602,SD,0.4233859569158225,4556.59343425,0.44884578150684934
REF009.CFI-400945.m1,REF009.CFI-400945,-86.58634790384338,-72.36920943589351,PR,0.8274158073650928,2342.72954425,-2.7508300008702524
REF009.CFI-400945.m2,REF009.CFI-400945,-39.82289957308639,-36.2363980590117,SD,0.6372453240937599,2789.05677125,-1.8853834479686384
REF009.CFI-400945.m3,REF009.CFI-400945,-41.34438345583151,-28.92318324894141,SD,0.7405141419149366,2004.524042,-0.6824521617961516
REF009.CFI-400945.m4,REF009.CFI-400945,-29.1669008680822,-23.133453353971245,SD,0.25514487628989313,4412.0308215000005,1.0864903954741376
REF009.CFI-400945.m5,REF009.CFI-400945,-30.679151152997687,-19.361691427167106,SD,0.5073952342752224,4200.5033647499995,0.3386450969827585
REF009.CFI-400945.m6,REF009.CFI-400945,16.89536885340466,23.524004928503594,SD,-0.27694474664296065,8847.53728925,3.703158015546639
REF009.CFI-400945.m7,REF009.CFI-400945,-53.824914610299444,-49.63155978519682,PR,0.7949448990579309,1931.7261445,-1.5242902554858933
REF009.CFI-400945+ABT-263-LOW.m1,REF009.CFI-400945+ABT-263-LOW,-49.18949830192882,-31.900410598652318,SD,0.7930470495494946,3074.62014425,-2.5927910133967162
REF009.CFI-400945-52WEEKLY.m1,REF009.CFI-400945-52WEEKLY,-12.738201691356021,4.970021416246495,SD,0.03805499638905774,6787.587579000001,3.0011432739448063
REF009.CFI-400945-52WEEKLY.m2,REF009.CFI-400945-52WEEKLY,-76.01878568423426,-58.888878397107625,PR,0.723995834131975,1941.132368,-2.624725009751773
REF009.CFI-400945-5DAILY.m1,REF009.CFI-400945-5DAILY,44.98224888290383,89.7470342883623,PD,-0.05346678476906641,5843.0382255,6.906400189508508
REF009.CFI-402257.m1,REF009.CFI-402257,5.062554784386397,11.976357302346186,SD,0.31601586566158446,5085.68597275,0.7625813116438358
REF009.CFI-402257.m2,REF009.CFI-402257,-37.36023447850083,-30.713269990339075,SD,0.6982437515353642,2238.61988375,-0.5428390212264154
REF009.CFI-402257.m3,REF009.CFI-402257,66.17362387467732,103.9187019232497,PD,-0.14003819887748015,4974.48283,7.650494355837965
REF009.CFI-402257-3ON4OFF+PACLITAXEL.m1,REF009.CFI-402257-3ON4OFF+PACLITAXEL,-99.59250180169215,-97.69084354292224,CR,0.8314112510031508,2064.0730985,-2.691624199908509
REF009.CX-5461.m1,REF009.CX-5461,-22.867695210133242,-8.6532306270507,SD,0.4353748960149909,3586.33251375,1.1935905107655507
REF009.CX-5461.m2,REF009.CX-5461,-71.11451604327719,-68.54375186557151,PR,0.8354580231169096,1682.8295652499999,-2.3941314648997136
REF009.CX-5461.m3,REF009.CX-5461,-45.27034417219845,-40.905615424706866,SD,0.6908898798335299,2584.5600320000003,-0.47312289455488343
REF009.CX-5461.m4,REF009.CX-5461,2.7521932792973436,12.72841216152296,SD,0.48646740659781673,3487.1534117499996,1.4912856454741377
REF009.CX-5461.m5,REF009.CX-5461,-26.33306265995785,-18.40054191572661,SD,0.5411580327399275,3614.0499819999995,0.6257714853613914
REF009.DATOPOTAMAB-CONTROL.m1,REF009.DATOPOTAMAB-CONTROL,-51.926204320993776,-34.25050061582251,PR,0.19174144348147404,4959.81910425,3.4939458967052546
REF009.DATOPOTAMAB-DERUXTECAN.m1,REF009.DATOPOTAMAB-DERUXTECAN,-89.98248091740528,-76.16430977693192,PR,0.5800999807805027,3508.4726565,-0.6252045961709709
REF009.ERIBULIN.m1,REF009.ERIBULIN,-97.04528807010128,-97.04528807010128,CR,0.9865557474508961,2061.3385144999997,-6.0902483577586235
REF009.ERIBULIN-LOW.m1,REF009.ERIBULIN-LOW,-97.76381717660216,-86.99943534333875,CR,0.6292045636822815,3811.8831815000003,-2.81428966097561
REF009.PACLITAXEL.m1,REF009.PACLITAXEL,-96.7501431399454,-86.59434045227478,CR,0.8219065745006371,2095.4529622500004,-3.0747318099331427
REF009.PACLITAXEL.m2,REF009.PACLITAXEL,-97.05491634539577,-87.13144470002494,CR,0.701667979132179,2095.4111185,-3.19260125712777
REF009.PACLITAXEL-10DAILY.m1,REF009.PACLITAXEL-10DAILY,25.805152979066026,126.04172447836248,PD,-0.590233918604552,9232.152866,13.185116440414504
REF009.PACLITAXEL-15DAILY.m1,REF009.PACLITAXEL-15DAILY,-96.11345457654691,-93.03660611631321,CR,0.6890703615820393,3340.160648,-0.9171677897693677
REF009_BL.TRASTUZUMAB-CONTROL.m1,REF009_BL.TRASTUZUMAB-CONTROL,88.2544940046622,88.2544940046622,PD,,1263.219168,21.486562666666664
REF009_BL.TRASTUZUMAB-DERUXTECAN.m1,REF009_BL.TRASTUZUMAB-DERUXTECAN,-88.04153230786766,-45.873231673336,PR,,2612.562894,-9.948312697154476
REF010.ABT-263.m1,REF010.ABT-263,1.3364957791432097,14.116953918333607,SD,0.6856050302076656,2343.5128802500003,0.8906283641025646
REF010.BMN-673.m1,REF010.BMN-673,23.872077566658856,42.0991726831218,PD,-0.9374126299569308,11505.042474999998,9.272256015553523
REF010.BMN-673.m2,REF010.BMN-673,26.773591724415734,54.26316337099193,PD,0.10711419123057564,5463.975952000001,4.77860612442818
REF010.BMN-673.m3,REF010.BMN-673,6.97413402959095,17.289286219901356,SD,-0.05918854336375157,7218.165268000001,2.9145483305369124
REF010.CARBOPLATIN.m1,REF010.CARBOPLATIN,10.167432363450747,14.517970052747998,SD,0.4437743929356305,3947.432585,1.6441507431309907
REF010.CARBOPLATIN.m2,REF010.CARBOPLATIN,5.775748311518347,56.266474734008945,PD,-0.14852825256985658,4753.76185825,8.526937577405858
REF010.CDX-011.m1,REF010.CDX-011,-97.32824288794288,-80.75287773177368,CR,0.7613063991183031,2908.5907825,-3.7724374750778833
REF010.CDX-011.m2,REF010.CDX-011,-2.6965675236575115,2.0637529453122028,SD,0.5815541443660212,3041.3396100000004,0.15216587962962977
REF010.CDX-011.m3,REF010.CDX-011,-69.68011963292187,-67.57553838288189,PR,0.6516105974613952,4809.7244505,-4.536990979303857
REF010.CDX-011.m4,REF010.CDX-011,-100.0,-100.0,CR,0.9982690073750697,1579.6944655,-5.127175059553348
REF010.CFI-400945.m1,REF010.CFI-400945,-96.87959406639209,-96.87959406639209,CR,0.9861520590005576,1831.6335374999999,-7.519571832814122
REF010.CFI-400945.m2,REF010.CFI-400945,-65.07159657906602,-60.38667545134595,PR,0.812831921848586,3080.7222059999995,-4.557012538897764
REF010.CFI-400945.m3,REF010.CFI-400945,-91.54050266333175,-90.55310177913672,PR,0.7569307232593141,3490.79394075,-3.527320094349681
REF010.CFI-400945.m4,REF010.CFI-400945,-59.174417834500794,-44.157775326019845,PR,0.7708674468704891,4373.58230125,-5.715570590453356
REF010.CFI-400945.m5,REF010.CFI-400945,-97.34717330704558,-83.33935900809747,CR,0.5634012368253254,3501.5362182499994,-1.7521726581632648
REF010.CFI-400945.m6,REF010.CFI-400945,-91.06310271676514,-91.06310271676514,PR,0.7254893436525017,2323.70721175,-2.7606367585324225
REF010.CFI-400945.m7,REF010.CFI-400945,-93.36971333970358,-93.36971333970358,PR,0.9532631991268817,3160.8443829999997,-6.7108670645431685
REF010.CFI-400945+ABT-263.m1,REF010.CFI-400945+ABT-263,17.387498120016144,22.921647977672976,SD,0.38882335350810904,1994.26030425,1.4580371907216503
REF010.CFI-400945+ABT-263-LOW.m1,REF010.CFI-400945+ABT-263-LOW,-96.99645397977864,-92.24083944776147,CR,0.9532631991268817,1609.21320425,-4.515439071122537
REF010.CFI-400945+ABT-263-LOW.m2,REF010.CFI-400945+ABT-263-LOW,-99.58204516169211,-98.60681720564033,CR,0.9532631991268817,1960.0895967500003,-5.107189443270301
REF010.CFI-400945-41.6WEEKLY.m1,REF010.CFI-400945-41.6WEEKLY,-97.5563505561746,-77.68730572986922,CR,0.7452993910177851,2428.445968,-4.780622291262136
REF010.CFI-400945-52WEEKLY.m1,REF010.CFI-400945-52WEEKLY,-81.8601448384102,-76.03094687229806,PR,0.6456883125808908,6687.79591225,-17.862774168454937
REF010.CFI-400945-52WEEKLY.m2,REF010.CFI-400945-52WEEKLY,-96.1614305764779,-96.1614305764779,CR,0.9861520590005576,1227.6816239999998,-4.531067158377965
REF010.CFI-400945-5DAILY.m1,REF010.CFI-400945-5DAILY,-31.135914945104346,-19.847092793846343,SD,0.6421321613322339,2878.0708295000004,-0.49656846402821336
REF010.CFI-400945-5DAILY.m2,REF010.CFI-400945-5DAILY,-37.761575827406915,-20.5892153047215,SD,0.2566097888864147,3639.60633075,1.1827407521861777
REF010.CFI-400945-5DAILY.m3,REF010.CFI-400945-5DAILY,-51.27238231412519,-39.81748731122392,PR,0.6067263879831234,4345.74905125,-2.2001125508928574
REF010.CFI-400945-5DAILY.m4,REF010.CFI-400945-5DAILY,64.7210558015471,66.64656510075906,PD,0.4443171352872217,3643.6624025,2.7966683737092928
REF010.CFI-402257.m1,REF010.CFI-402257,54.304698766223346,67.10592390571561,PD,-0.22204251749187254,6255.8177845,6.978773869266055
REF010.CFI-402257.m2,REF010.CFI-402257,-16.35104170765026,-12.938534317810868,SD,0.3156446778572809,4079.0584360000003,2.6711746892226684
REF010.CFI-402257.m3,REF010.CFI-402257,5.404772769037947,28.853820443533905,SD,-1.3824551613080747,8970.926743,16.165945170300386
REF010.CFI-402257.m4,REF010.CFI-402257,28.334267834907866,74.44887333433563,PD,0.2037710884140589,4663.55596225,4.536648419770205
REF010.CFI-402257-2ON5OFF.m1,REF010.CFI-402257-2ON5OFF,3.0950050286832065,5.630332395655224,SD,0.43238601935695153,4548.70927575,0.9391381983560462
REF010.CFI-402257-2ON5OFF+PACLITAXEL.m1,REF010.CFI-402257-2ON5OFF+PACLITAXEL,-97.66429007013447,-93.96608268118074,CR,0.8245249207023782,2162.93694775,-6.0832165606796105
REF010.CFI-402257-2ON5OFF+PACLITAXEL-15DAILY.m1,REF010.CFI-402257-2ON5OFF+PACLITAXEL-15DAILY,-100.0,-99.76452797409551,CR,0.9982690073750697,1998.63507,-5.392646973826521
REF010.CX-5461.m1,REF010.CX-5461,-2.8360885420991577,39.10406902104595,PD,-0.6996548798519466,8205.478352000002,12.22216399270931
REF010.CX-5461.m2,REF010.CX-5461,10.150361299523425,17.958978365398348,SD,0.405688082302221,3114.8696400000003,1.5747890273069685
REF010.CX-5461.m3,REF010.CX-5461,21.423245947375413,40.285146715638184,PD,-0.0812782526243041,4773.212326250001,5.232671365679265
REF010.CX-5461.m4,REF010.CX-5461,-12.929403048579113,-11.144354257229939,SD,0.4934484805741405,3189.77688,-0.899049743589744
REF010.CX-5461.m5,REF010.CX-5461,-17.89406018948334,-9.729315525337546,SD,0.48768458671179504,3960.07663075,0.8460000549705787
REF010.CX-5461.m6,REF010.CX-5461,-0.29123957168167847,61.384811189326484,PD,-0.9858023349156837,10690.944883499998,13.917317873655913
REF010.ERIBULIN-EXTRALOW.m1,REF010.ERIBULIN-EXTRALOW,-38.38500315967798,-30.83049124343502,SD,0.33591738839334095,4770.693377,-1.9917605557993738
REF010.EVEROLIMUS.m1,REF010.EVEROLIMUS,-11.26760573788892,0.5492622015810023,SD,0.6258904012049008,3599.05696725,-0.06439019764890305
REF010.PACLITAXEL-15DAILY.m1,REF010.PACLITAXEL-15DAILY,-99.68378839913994,-98.20813426179299,CR,0.8892164720044605,2630.4245515,-6.143399507787154
REF010.PACLITAXEL-15DAILY.m2,REF010.PACLITAXEL-15DAILY,-96.64397383299685,-93.98711978411937,CR,0.9532631991268817,1884.0272330000003,-3.6232543186813175
REF013.BMN-673.m1,REF013.BMN-673,61.76743195528107,86.43123373598046,PD,0.5394447702928564,11765.42755025,12.225204414291873
REF013.CARBOPLATIN.m1,REF013.CARBOPLATIN,204.87786848964387,266.67807411407324,PD,0.7049145980392211,8624.828112750001,10.525522166666663
REF013.CARBOPLATIN.m2,REF013.CARBOPLATIN,125.84118226559964,159.37416813992482,PD,-0.32978072294326566,17947.332468,79.29952260810806
REF013.CDX-011.m1,REF013.CDX-011,-32.58054661434453,-27.900480227298086,SD,0.9138747710783146,3956.402326,-1.930584724368499
REF013.CFI-400945.m1,REF013.CFI-400945,46.80365613132247,63.77358791877303,PD,0.7527494945749259,11894.601268000002,2.0798490898100175
REF013.CFI-400945.m2,REF013.CFI-400945,-99.2766994512827,-98.70408651688147,CR,0.8904089889157744,10707.8864605,-20.52114321394645
REF013.CFI-400945.m3,REF013.CFI-400945,-75.7199709499022,-68.26075193065113,PR,0.9234161191748148,4944.292701,-4.48707103238342
REF013.CFI-400945+ABT-263.m1,REF013.CFI-400945+ABT-263,-92.34451714317794,-44.91171848388926,PR,0.9895758178818088,2258.4049800000003,-8.956528970873785
REF013.CFI-400945+ABT-263.m2,REF013.CFI-400945+ABT-263,-98.52049119692262,-98.02732159589684,CR,0.998455676723231,668.54,-3.8132326656394446
REF013.CFI-400945+ABT-263-LOW.m1,REF013.CFI-400945+ABT-263-LOW,-92.91047951936898,-73.2465027991801,PR,0.975290827571695,8430.70252025,-20.774601902981853
REF013.CFI-400945-52WEEKLY.m1,REF013.CFI-400945-52WEEKLY,-47.5535577304999,-17.04615144946977,SD,0.8901272487544537,4895.59938625,2.2504036057429353
REF013.CFI-400945-5DAILY.m1,REF013.CFI-400945-5DAILY,29.784766843110134,34.424268171655314,PD,0.7582431176977806,6015.88595025,4.337491477095938
REF013.CFI-402257.m1,REF013.CFI-402257,57.168643379950865,77.85875451642863,PD,0.7235252088915036,5850.157851,6.547173895941277
REF013.CFI-402257.m2,REF013.CFI-402257,126.78768114279255,164.97084038858333,PD,0.3326855470976924,18171.4751235,14.67855182448186
REF013.CX-5461.m1,REF013.CX-5461,44.309093463391534,164.62443808314538,PD,0.06541895147208776,12494.8402115,44.32817719827589
REF013.ERIBULIN.m1,REF013.ERIBULIN,-100.0,-100.0,CR,0.9996139191808078,588.7001022500001,-4.817027835460348
REF013.ERIBULIN-EXTRALOW.m1,REF013.ERIBULIN-EXTRALOW,-100.0,-100.0,CR,1.0,1515.861469,-10.365689757412401
REF013.ERIBULIN-EXTRALOW.m2,REF013.ERIBULIN-EXTRALOW,-100.0,-100.0,CR,0.9996139191808078,1453.10545725,-6.266576975799482
REF013.ERIBULIN-LOW.m1,REF013.ERIBULIN-LOW,-100.0,-100.0,CR,1.0,2017.9349855,-9.040267807410425
REF013.ERIBULIN-LOW.m2,REF013.ERIBULIN-LOW,-99.88511774034646,-99.88511774034646,CR,0.9996139191808078,3708.58332,-16.842746884229726
REF013.PACLITAXEL.m1,REF013.PACLITAXEL,-99.66240801808505,-95.94889621702055,CR,0.9895758178818088,2739.0573060000006,-6.428493051813471
REF013.PACLITAXEL.m2,REF013.PACLITAXEL,-100.0,-98.31030991055019,CR,0.975290827571695,7924.71496925,-24.376688601036257
REF013.PACLITAXEL.m3,REF013.PACLITAXEL,-88.73924597991082,-57.47246272968462,PR,0.9895758178818088,2169.8843269999998,-3.8724793665803103
REF013.PACLITAXEL-15DAILY.m1,REF013.PACLITAXEL-15DAILY,-87.23924760809416,-73.6373225023789,PR,0.9362556669110862,5430.686602,-9.004235605348459
REF013.PACLITAXEL-15DAILY.m2,REF013.PACLITAXEL-15DAILY,-8.576807760141092,10.401157699019258,SD,0.8712443988037301,4985.14140975,0.8000250103489065
REF014.ADC-CONTROL.m1,REF014.ADC-CONTROL,65.90656584363683,135.93792953265375,PD,-0.35128537620715594,2778.0100525,15.376806922297286
REF014.AZD-8205.m1,REF014.AZD-8205,69.88854243055202,71.268029366268,PD,-0.03585882591040224,3063.6775085,6.925158381756752
REF014.AZD-8205.m2,REF014.AZD-8205,-68.44616071692651,-43.97258175808885,PR,-0.3568773041733342,3656.4689512500004,11.64128884693878
REF014.BMN-673.m1,REF014.BMN-673,12.85204425939057,36.2569039033033,PD,-0.1182214882501551,5697.65638075,4.789599045368623
REF014.BMN-673.m2,REF014.BMN-673,-3.9965528866403033,8.72501052643495,SD,-0.06289733568955835,4570.8920415,3.5862140191722465
REF014.BMN-673.m3,REF014.BMN-673,-12.296504064933412,19.75780782083303,SD,0.6139840756868056,1940.5789295,-0.3631588880308882
REF014.CARBOPLATIN.m1,REF014.CARBOPLATIN,-16.632679000854633,0.8884075178943407,SD,0.16587100758234052,3579.8216114999996,3.652455760452962
REF014.CARBOPLATIN.m2,REF014.CARBOPLATIN,-19.446399891237466,15.39323177399574,SD,0.6179647549768201,2437.1996685,-0.36440818452380924
REF014.CARBOPLATIN.m3,REF014.CARBOPLATIN,-0.9539174777473014,43.527963250740356,PD,-0.09087794648296654,4565.115637499999,6.17013141472366
REF014.CDX-011.m1,REF014.CDX-011,30.910180579046866,40.226078941841045,PD,-0.16308215291562855,5807.2808024999995,3.661833556421678
REF014.CDX-011.m2,REF014.CDX-011,5.5424424128881045,24.99305767652831,SD,-0.34872928801853065,6014.793083500001,5.122790325981872
REF014.CDX-011.m3,REF014.CDX-011,47.40851160493826,69.32332365432097,PD,-0.13000018526751478,3860.2332982499997,6.239951629032259
REF014.CDX-011.m4,REF014.CDX-011,5.443300134294282,17.93032426326857,SD,0.08682046597864523,4648.93013975,3.671899568573667
REF014.CFI-400945.m1,REF014.CFI-400945,27.735337642439937,53.495586950200426,PD,-0.6296049726711312,7200.059456749999,7.347624321833652
REF014.CFI-400945.m2,REF014.CFI-400945,0.28248724800852276,1.4670001402327992,SD,-0.05092568020364796,5720.116673500001,1.1717133236457704
REF014.CFI-400945.m3,REF014.CFI-400945,-1.8664886079145404,3.1471245180587415,SD,0.09255355787124153,4110.1978475,2.6296227544670843
REF014.CFI-400945.m4,REF014.CFI-400945,17.206734033030347,22.567277179576784,SD,0.04687579620371363,4380.4690092499995,3.451420441457679
REF014.CFI-400945.m5,REF014.CFI-400945,10.801975676221364,27.337690488383615,SD,0.12100320531903908,4405.235108,2.3162034820880244
REF014.CFI-400945-52WEEKLY.m1,REF014.CFI-400945-52WEEKLY,-10.487155346697186,-3.2971827469637893,SD,0.21578481830044505,5137.48721825,0.911515139879154
REF014.CFI-400945-52WEEKLY.m2,REF014.CFI-400945-52WEEKLY,-7.973098077797747,-3.807121696848814,SD,0.3082736658111762,3252.03305575,2.2539263119122253
REF014.CFI-400945-52WEEKLY.m3,REF014.CFI-400945-52WEEKLY,-70.63047059398124,-52.8693546091344,PR,0.4686587760545803,1772.590882,-0.10193975627615062
REF014.CFI-400945-52WEEKLY.m4,REF014.CFI-400945-52WEEKLY,0.3144955071545219,16.398988472062868,SD,0.17509638265712324,4698.624733499999,1.9642469645765477
REF014.CFI-400945-52WEEKLY.m5,REF014.CFI-400945-52WEEKLY,7.159171512605544,16.190629350389397,SD,0.3492501624376473,3143.5108072499997,1.8180355389773684
REF014.CFI-402257.m2,REF014.CFI-402257,-8.50868949653002,2.26854387682196,SD,-0.07355242881249557,4570.521848,3.3362986313146683
REF014.CFI-402257.m3,REF014.CFI-402257,16.15567257464847,25.420392186798125,SD,0.39797087586716673,2941.519024,1.3639803813651137
REF014.CFI-402257-2ON5OFF+PACLITAXEL-15DAILY.m1,REF014.CFI-402257-2ON5OFF+PACLITAXEL-15DAILY,0.7032744585953044,4.572698977464151,SD,0.1682743375169754,3916.5460120000002,2.222642806344411
REF014.CFI-402257-3ON4OFF+PACLITAXEL.m1,REF014.CFI-402257-3ON4OFF+PACLITAXEL,-99.5798874635306,-88.65696151532643,CR,0.784149820865678,2440.4869105000002,-2.979642906358885
REF014.CFI-402257-3ON4OFF+PACLITAXEL.m2,REF014.CFI-402257-3ON4OFF+PACLITAXEL,4.90074281343571,14.438629732610341,SD,0.11386010915027944,3511.7741132499996,2.1215457459371607
REF014.CX-5461.m1,REF014.CX-5461,-34.23532676779498,-31.63992588463824,SD,0.20427833611603285,4225.78668025,1.353721765909091
REF014.CX-5461.m2,REF014.CX-5461,-5.418207110289741,7.01632724557284,SD,0.013271428538981112,4062.0501827,3.5011345302931587
REF014.CX-5461.m3,REF014.CX-5461,14.173718962680004,21.8694027756289,SD,-0.07379695130267461,4425.8834050000005,4.101711631614202
REF014.DATOPOTAMAB-CONTROL.m1,REF014.DATOPOTAMAB-CONTROL,82.0516899137659,117.89801528972079,PD,-0.2998796709382878,5274.666119,8.747730522803117
REF014.DATOPOTAMAB-DERUXTECAN.m1,REF014.DATOPOTAMAB-DERUXTECAN,-74.17022642623228,-65.52445468898603,PR,0.6882951733581919,2232.6196979999995,-3.5634783155555567
REF014.ERIBULIN-EXTRALOW.m1,REF014.ERIBULIN-EXTRALOW,-23.844307228763284,-15.61755856993241,SD,0.32520577676261464,3005.1871125000002,-2.067036175558311
REF014.ERIBULIN-EXTRALOW.m2,REF014.ERIBULIN-EXTRALOW,-10.071700088494639,-8.685537940823295,SD,0.39048181324532005,2572.7942565000003,1.0634959801136363
REF014.ERIBULIN-LOW.m1,REF014.ERIBULIN-LOW,-37.06761043377034,-21.736008420918097,SD,0.4596601605844731,3826.3127455000003,-0.7880493670058137
REF014.ERIBULIN-LOW.m2,REF014.ERIBULIN-LOW,-33.82638685763083,-20.864677065977745,SD,0.44127352074841175,4071.705541,0.32308492938066424
REF014.ERIBULIN-LOW.m3,REF014.ERIBULIN-LOW,-45.704551677427894,-45.043553234349275,SD,0.5051434782068691,2281.769036,-0.262511677419355
REF014.EVEROLIMUS.m1,REF014.EVEROLIMUS,17.12548774806382,30.643037470190613,PD,0.1196823633855979,4204.63608625,2.8951757265325675
REF014.EVEROLIMUS.m2,REF014.EVEROLIMUS,26.631373102568823,36.50969260538628,PD,0.09250500555730912,4732.178292250001,3.3504418938087768
REF014.EVEROLIMUS.m3,REF014.EVEROLIMUS,-0.30369175013529315,16.842867299998666,SD,0.09098634501469105,3955.423598,3.310944711319218
REF014.PACLITAXEL.m1,REF014.PACLITAXEL,32.51174476360876,48.7121616245775,PD,-0.20797128259444908,5095.333690500001,5.094284834615386
REF014.PACLITAXEL-15DAILY.m1,REF014.PACLITAXEL-15DAILY,6.370145765622648,13.728895199896174,SD,0.2154815493673785,4971.949536,0.979345036656891
REF014.PACLITAXEL-15DAILY.m2,REF014.PACLITAXEL-15DAILY,1.4180215059539814,4.236705056855183,SD,-0.06379248949560945,4793.849484,3.550254762695924
REF014.SACITUZAMAB-GOVITECAN.m1,REF014.SACITUZAMAB-GOVITECAN,15.101133710299042,77.42572247623552,PD,0.032119527735087416,5630.8773845,6.279810884310619
REF014.SACITUZAMAB-GOVITECAN.m2,REF014.SACITUZAMAB-GOVITECAN,-20.358971299676664,-11.481607332278287,SD,0.15369130307266332,2791.00893925,2.9927843112764294
REF014.TRASTUZUMAB-CONTROL.m1,REF014.TRASTUZUMAB-CONTROL,-22.971637503089582,13.44063325211673,SD,0.14288736840985494,3465.0150580000004,4.072327128781333
REF014.TRASTUZUMAB-CONTROL.m2,REF014.TRASTUZUMAB-CONTROL,19.32557652221849,38.72606109370687,PD,-0.16574410978016907,4812.3491995,6.109444857711652
REF014.TRASTUZUMAB-DERUXTECAN.m1,REF014.TRASTUZUMAB-DERUXTECAN,14.230375226021884,49.40348228288596,PD,0.3757471133849627,4995.30197875,2.358282437777777
REF014.TRASTUZUMAB-DERUXTECAN.m2,REF014.TRASTUZUMAB-DERUXTECAN,47.665382755577276,99.1073462137563,PD,-1.2475839043921417,10087.681209499999,18.94131521374448
REF014.TRASTUZUMAB-DERUXTECAN.m3,REF014.TRASTUZUMAB-DERUXTECAN,-34.90035321295116,-18.035412462888235,SD,-1.4253086431490907,6423.714809749999,16.321046719953692
REF016.ADC-CONTROL.m1,REF016.ADC-CONTROL,-9.137452944011937,12.926311115017253,SD,0.5537733724620333,5300.43652175,9.249663325826884
REF016.ADC-CONTROL.m2,REF016.ADC-CONTROL,23.029862931706347,31.132933437868626,PD,0.586184449979633,5636.84599975,10.642808788881073
REF016.ADC-CONTROL.m3,REF016.ADC-CONTROL,31.20971437733342,88.68358312273656,PD,0.2854195042593052,12302.9477495,21.01764856027191
REF016.AZD-5305.m1,REF016.AZD-5305,174.39590343341828,180.2377359176786,PD,0.4991514859640309,12447.22103575,11.934999513679681
REF016.AZD-5305.m2,REF016.AZD-5305,-49.62612279845069,-38.93826505299711,SD,0.8078236714348453,5031.883972,-1.150987598540609
REF016.AZD-5305.m3,REF016.AZD-5305,-65.6627146055507,-46.23206679404881,PR,0.8310474109524612,4638.77659725,1.2609073213961919
REF016.AZD-5305.m4,REF016.AZD-5305,-50.634822053777874,-47.54840685245624,PR,0.9470352861909116,1861.0028785,-0.19715865880835098
REF016.AZD-5305.m5,REF016.AZD-5305,-55.33646896938242,-44.44968690059137,PR,0.8361157946270851,5652.561402249999,-1.537289982250755
REF016.AZD-5305.m6,REF016.AZD-5305,-44.52101518967688,-38.94612554597977,SD,0.9023800205477233,2745.2349945,0.3785972314098054
REF016.AZD-5305.m7,REF016.AZD-5305,-32.11153687833727,-31.31678052861964,SD,0.8918694972214842,3415.2414052500003,0.37707685421064974
REF016.AZD-8205.m1,REF016.AZD-8205,127.49408796879402,193.23568457558036,PD,-0.16414543350422273,12865.023958749998,35.088309230588806
REF016.AZD-8205.m2,REF016.AZD-8205,-33.666863769974874,11.4290675835367,SD,0.30678880054405633,9673.33059725,27.91296356799638
REF016.AZD-8205.m3,REF016.AZD-8205,-43.41581419818795,6.035511171231911,SD,0.5105614736934594,6922.2715025,14.584563429003026
REF016.AZD-8205.m4,REF016.AZD-8205,-24.51838235294118,30.916783442265803,PD,0.47462654867173193,8541.8282155,14.07822110158611
REF016.AZD-8205.m5,REF016.AZD-8205,70.61562071204408,158.32847263503282,PD,0.3354171594576414,10562.80402175,28.58502532348113
REF016.AZD-8205.m6,REF016.AZD-8205,-4.265927977839334,32.25004312818,PD,0.6111231450500406,5726.62075225,10.526200342364536
REF016.BMN-673.m1,REF016.BMN-673,5.026558741791232,30.990803646585242,PD,0.4315857688458081,9796.9788825,7.518652883620695
REF016.BMN-673.m2,REF016.BMN-673,-5.180558500376565,-1.9754586558046294,SD,0.8416210799822949,5040.1202647499995,0.030957978393182855
REF016.BMN-673.m3,REF016.BMN-673,-64.4922929847924,-53.195655894150605,PR,0.8926851960031552,3175.18171885,0.3508810818303723
REF016.BMN-673.m4,REF016.BMN-673,16.858526687765085,53.36424283834474,PD,0.39087696821367657,11333.039130000001,9.470488857055958
REF016.BMN-673.m5,REF016.BMN-673,-73.24222204426063,-69.5769234142657,PR,0.8683383454206637,14432.26784025,-10.966906386226247
REF016.BMN-673.m6,REF016.BMN-673,-59.813910344606256,-56.41545557035974,PR,0.7855168323945116,6759.250699249999,-4.805712629776329
REF016.BMN-673.m7,REF016.BMN-673,50.11948033514173,50.11948033514173,PD,0.850501106548936,818.760096,9.114717333333333
REF016.BMN-673.m8,REF016.BMN-673,-25.389246459487126,14.183692161340101,SD,0.6806252767165057,5891.74799,9.092945368421052
REF016.BMN-673.m9,REF016.BMN-673,25.631325726475396,46.267029285750105,PD,0.6828658649440157,7870.764471249999,5.87028667125
REF016.CARBOPLATIN.m1,REF016.CARBOPLATIN,-10.285251753167135,-7.182489154134519,SD,0.8932081828520839,3010.68114125,-0.28889884266129046
REF016.CARBOPLATIN.m2,REF016.CARBOPLATIN,-62.74329703176325,-57.446638751737645,PR,0.8925424186097128,6919.623177,-5.076929020358306
REF016.CARBOPLATIN.m3,REF016.CARBOPLATIN,14.387081847733896,63.62966921387849,PD,0.0777216915094685,15449.037294,19.7689967290856
REF016.CARBOPLATIN.m4,REF016.CARBOPLATIN,46.20702695314407,74.33387446262077,PD,0.7561686172058237,4216.84567075,6.353443414634148
REF016.CARBOPLATIN.m5,REF016.CARBOPLATIN,-83.14897539530597,-70.40315975831186,PR,0.7893929566803763,6890.855341,-9.30488625660793
REF016.CDX-011.m1,REF016.CDX-011,46.6631501543735,125.03321553173028,PD,0.2871903383932878,11810.648868,20.134447552524442
REF016.CDX-011.m2,REF016.CDX-011,19.431831157614752,33.51122129269226,PD,0.7575406293806162,4701.5074655,4.949128887903226
REF016.CDX-011.m3,REF016.CDX-011,131.49800489300776,297.6083339717971,PD,-0.8234523304040844,21956.21075,59.44469670744317
REF016.CFI-400945.m1,REF016.CFI-400945,-89.67928618087136,-63.65047480770516,PR,0.8967836253281086,3941.080327,-3.015390300382045
REF016.CFI-400945.m10,REF016.CFI-400945,-26.382391131722795,-26.382391131722795,SD,0.720271967672871,1807.070235,-21.9677412
REF016.CFI-400945.m11,REF016.CFI-400945,-26.270249359862497,-21.106845489937008,SD,0.9152173299843666,3512.0106845,-1.1828558189655172
REF016.CFI-400945.m12,REF016.CFI-400945,482.0839163851897,482.0839163851897,PD,0.044093899196092745,7363.862376000001,72.28663366666665
REF016.CFI-400945.m2,REF016.CFI-400945,44.501914588145276,51.57686392093639,PD,0.17613879739712346,13589.91049925,11.493790683623866
REF016.CFI-400945.m3,REF016.CFI-400945,-95.66203354497405,-88.7935866578496,CR,0.9876789761443105,1661.8228947499997,-2.727126851339015
REF016.CFI-400945.m4,REF016.CFI-400945,-64.37835592149035,-59.45681115281545,PR,0.9296106660870871,3512.82610175,-4.902452161330875
REF016.CFI-400945.m5,REF016.CFI-400945,-91.37622957718689,-76.47622191532305,PR,0.9398244699534912,3828.92766675,-6.217982097118957
REF016.CFI-400945.m6,REF016.CFI-400945,-49.93868723418774,-28.15407951563733,SD,0.8682415062801658,5412.4495415,-2.9885542537500003
REF016.CFI-400945.m7,REF016.CFI-400945,26.73810772257761,48.06932812357261,PD,0.15762120025843473,34246.7315765,-0.597503871545769
REF016.CFI-400945.m8,REF016.CFI-400945,116.0650427843334,188.3730693763249,PD,0.5285347626796042,9989.39354075,13.521580567631803
REF016.CFI-400945+ABT-263.m1,REF016.CFI-400945+ABT-263,-28.296488617520044,-24.21223020982427,SD,0.664181536059838,10524.314682,-6.338763654620313
REF016.CFI-400945+ABT-263-LOW.m1,REF016.CFI-400945+ABT-263-LOW,7.160056959253747,23.160024903361865,SD,0.09337134035330008,17262.286523249997,17.697067857800388
REF016.CFI-400945-3.75DAILY.m1,REF016.CFI-400945-3.75DAILY,-1.5842799675206076,15.545186204570705,SD,0.7005800971022471,4477.3701595,6.898712161330875
REF016.CFI-400945-3.75DAILY.m2,REF016.CFI-400945-3.75DAILY,5.574150618028462,22.91471213751528,SD,0.6106235065413184,7564.944984,11.96722522854509
REF016.CFI-400945-52WEEKLY.m1,REF016.CFI-400945-52WEEKLY,-76.80641878923362,-57.22678933405403,PR,0.9520026502472769,4079.1755144999997,-5.775114579176565
REF016.CFI-400945-5DAILY.m1,REF016.CFI-400945-5DAILY,-30.80713540987574,-22.84932377702583,SD,0.8580563291718549,5508.16134725,2.1708257225405925
REF016.CFI-400945-5DAILY.m2,REF016.CFI-400945-5DAILY,-42.3660842248338,-37.93832096106754,SD,0.91165906986061,2190.1211654999997,-0.7172668316935485
REF016.CFI-400945-5DAILY.m3,REF016.CFI-400945-5DAILY,-21.19465020809994,-12.422614615012273,SD,0.8041016347859884,4661.98379625,0.48461530003352304
REF016.CFI-402257.m1,REF016.CFI-402257,-15.600929252138707,-9.670638911461394,SD,0.793906519174768,3637.1555292499997,4.819204972763239
REF016.CFI-402257.m2,REF016.CFI-402257,30.743718480498906,220.5908622104136,PD,-0.3727857169628501,12103.148247000001,65.36014534268293
REF016.CFI-402257.m3,REF016.CFI-402257,20.29625364981524,238.76192824928157,PD,-0.16260411083928172,13775.9808515,42.42830560220398
REF016.CFI-402257.m4,REF016.CFI-402257,-23.97167176566817,-6.709876139750115,SD,0.5136654079272271,8467.66612375,4.680369479665069
REF016.CFI-402257.m5,REF016.CFI-402257,-9.20999085455384,10.373987554362273,SD,0.5276541836679802,5444.9801015,11.00558290233303
REF016.CFI-402257.m6,REF016.CFI-402257,518.1777678770327,518.1777678770327,PD,-0.2258049733760379,9362.2056,93.81936666666664
REF016.CFI-402257-2ON5OFF.m1,REF016.CFI-402257-2ON5OFF,-21.11127936926379,-13.61857493837445,SD,0.8172790272977595,4009.74585775,3.503374850839889
REF016.CFI-402257-2ON5OFF.m2,REF016.CFI-402257-2ON5OFF,33.25485081470853,74.88560372906292,PD,-0.23513098449951797,18594.789262,44.095934963289956
REF016.CFI-402257-2ON5OFF.m3,REF016.CFI-402257-2ON5OFF,-11.428033477671084,82.54788637708977,PD,0.012589246547492272,17576.45289075,39.55463614916356
REF016.CFI-402257-2ON5OFF+PACLITAXEL-15DAILY.m1,REF016.CFI-402257-2ON5OFF+PACLITAXEL-15DAILY,41.31360943126312,127.74620219602481,PD,0.24084146588097588,10628.026199,25.19762071919771
REF016.CFI-402257-2ON5OFF+PACLITAXEL-15DAILY.m2,REF016.CFI-402257-2ON5OFF+PACLITAXEL-15DAILY,-32.13785681075254,-30.212029115214445,SD,0.8351493243891605,3301.8442335,2.2376989444444435
REF016.CFI-402257-2ON5OFF+PACLITAXEL-15DAILY.m3,REF016.CFI-402257-2ON5OFF+PACLITAXEL-15DAILY,-10.009352386117898,2.836086437523311,SD,0.6143549445877116,7613.425297,8.197120651022304
REF016.CFI-402257-2ON5OFF+PACLITAXEL-15DAILY.m4,REF016.CFI-402257-2ON5OFF+PACLITAXEL-15DAILY,-13.351836159045504,-0.5623167319386724,SD,0.6038274333075808,8251.1866965,9.038243440985129
REF016.CFI-402257-3ON4OFF+PACLITAXEL.m1,REF016.CFI-402257-3ON4OFF+PACLITAXEL,-85.78799080996194,-63.32113848000045,PR,0.9337570264765103,2801.51181975,-2.1535317603448267
REF016.CFI-402257-3ON4OFF+PACLITAXEL.m2,REF016.CFI-402257-3ON4OFF+PACLITAXEL,65.78675572976213,123.4756502761274,PD,0.5376896758518079,8769.175261,12.616328935593224
REF016.CFI-402257-3ON4OFF+PACLITAXEL.m3,REF016.CFI-402257-3ON4OFF+PACLITAXEL,50.94582565705692,130.1862845721863,PD,0.513335985732074,5701.238504999999,18.976351660194172
REF016.CFI-402257-3ON4OFF+PACLITAXEL.m4,REF016.CFI-402257-3ON4OFF+PACLITAXEL,203.10987267413344,278.2376350920576,PD,0.5369251563215625,8238.4293325,15.013457501355933
REF016.CX-5461.m1,REF016.CX-5461,10.712380183442116,70.12968510222224,PD,0.516008460070792,8311.050424500001,13.88977022271988
REF016.CX-5461.m2,REF016.CX-5461,10.19841732061404,48.998826081408176,PD,0.5036373667684926,8458.909430750002,14.962041804435483
REF016.CX-5461.m3,REF016.CX-5461,318.55825370832997,439.7571661675032,PD,-0.25018577887493887,20490.499757000005,44.82382748725018
REF016.CX-5461.m4,REF016.CX-5461,-6.603084141754689,43.16996053151681,PD,-0.015065419270183344,13084.643671000002,30.846466177640856
REF016.CX-5461.m5,REF016.CX-5461,120.93321287374454,199.81601425391565,PD,-0.11609456578721278,16482.485110499998,43.22384004310347
REF016.DATOPOTAMAB-CONTROL.m1,REF016.DATOPOTAMAB-CONTROL,19.75198665448856,361.9992462491669,PD,0.30606009868649353,10645.186918,36.148753272030646
REF016.DATOPOTAMAB-DERUXTECAN.m1,REF016.DATOPOTAMAB-DERUXTECAN,2.9279816827204153,51.55777117828961,PD,0.6234621653582411,5733.152427999999,9.723569957854401
REF016.DMSO.m1,REF016.DMSO,-15.68441559993785,-15.68441559993785,SD,0.9203253271196892,286.25476275,-5.4131054999999995
REF016.DMSO.m2,REF016.DMSO,20.954305646083093,73.51823294137981,PD,0.6145518277039121,3916.757788,14.729152240963856
REF016.DMSO.m3,REF016.DMSO,32.142545734769755,110.35123562811143,PD,0.5633079264972891,5525.0789995,18.150655360885466
REF016.ERIBULIN-EXTRALOW.m1,REF016.ERIBULIN-EXTRALOW,41.5376749873503,53.05616442047341,PD,0.1355620918307514,13113.58475675,28.11338372985892
REF016.ERIBULIN-LOW.m1,REF016.ERIBULIN-LOW,17.73759456340558,180.07549379334225,PD,0.6544009539948948,4595.533455,9.263172169354839
REF016.ERIBULIN-LOW.m2,REF016.ERIBULIN-LOW,30.13962194896238,98.4229180400712,PD,0.4950576555753152,7867.540645499999,14.990290627897686
REF016.FLUVASTATIN+TERBINIFINE.m1,REF016.FLUVASTATIN+TERBINIFINE,12.73151033057851,76.33004442148763,PD,0.6665225305924191,4940.857236750001,14.582624816501351
REF016.FLUVASTATIN+TERBINIFINE.m2,REF016.FLUVASTATIN+TERBINIFINE,-37.093968825787,-5.602656224247127,SD,0.6435294447483897,5117.905747000001,14.985925199729484
REF016.FLUVASTATIN+TERBINIFINE.m3,REF016.FLUVASTATIN+TERBINIFINE,-27.827423689186958,-23.154095960072695,SD,0.8412643836036673,2191.3344695,4.694565363636364
REF016.FLUVASTATIN+TERBINIFINE.m4,REF016.FLUVASTATIN+TERBINIFINE,-25.023534041715866,28.35165266106443,SD,0.7825944041828385,3692.7912672499997,5.566433547619046
REF016.FLUVASTATIN+TERBINIFINE.m5,REF016.FLUVASTATIN+TERBINIFINE,93.72837837837838,157.61795554800364,PD,0.5457386813027781,7292.88601425,21.846466140228422
REF016.FLUVASTATIN+TERBINIFINE.m6,REF016.FLUVASTATIN+TERBINIFINE,-31.034395377729552,7.185816943216539,SD,0.5741689875155647,4953.9584335,13.48799564932318
REF016.PACLITAXEL.m1,REF016.PACLITAXEL,78.80912726452354,142.9450500344921,PD,0.4164082543347789,8049.6313334999995,18.210862959919833
REF016.PACLITAXEL.m2,REF016.PACLITAXEL,-25.855080390128137,-17.684450236352724,SD,0.8786666038410055,2728.32696875,0.8597780188568558
REF016.PACLITAXEL.m3,REF016.PACLITAXEL,-5.101138055222099,33.412296251834036,PD,0.609625544679087,6135.417422,9.557881420467188
REF016.PACLITAXEL-15DAILY.m1,REF016.PACLITAXEL-15DAILY,6.176316796718639,23.696438505460794,SD,0.7833263190896224,5053.16271725,3.6179225156396626
REF016.PACLITAXEL-15DAILY.m2,REF016.PACLITAXEL-15DAILY,32.717179867279356,51.1411215833145,PD,0.7848366790216139,1115.7410332499999,16.11976725
REF016.PACLITAXEL-15DAILY.m3,REF016.PACLITAXEL-15DAILY,-13.020094236322544,11.139483590527588,SD,0.4934649177341587,8879.74155975,13.079754446561331
REF016.PACLITAXEL-15DAILY.m4,REF016.PACLITAXEL-15DAILY,-25.431754291864127,-20.891084170436958,SD,0.6584266833467549,11388.17719975,-2.4547407862453516
REF016.PEG400.m1,REF016.PEG400,33.478673896336765,52.58526898381388,PD,0.666757637631628,5061.2765545,11.937391150432893
REF016.PEG400.m2,REF016.PEG400,-16.079878675507373,9.681549238530952,SD,0.8805211054846499,2940.071039,2.5691918603896093
REF016.PEG400.m3,REF016.PEG400,-6.621181164302559,36.08949686891811,PD,0.35749917403767506,5049.9245599999995,23.540675783509354
REF016.PQ-1-6.m1,REF016.PQ-1-6,-79.15564849686471,-68.59470803727561,PR,0.9794649602405175,1307.819048,-2.109357331661441
REF016.PQ-1-6.m2,REF016.PQ-1-6,-11.403065223291154,10.612220309362087,SD,0.8949335122506279,3240.7861315,-1.4250580670498074
REF016.PQ-1-6.m3,REF016.PQ-1-6,-40.662184690664205,-38.40931608632374,SD,0.7741861299972603,4042.3556070000004,4.635372715282131
REF016.PQ-1-6.m4,REF016.PQ-1-6,-66.04405331586105,-53.66985392388277,PR,0.9466434333678816,3858.33776275,-6.72012655864415
REF016.PQ-1-6-VEHICLE.m1,REF016.PQ-1-6-VEHICLE,179.72174578027062,227.7633357535216,PD,0.4242566260586199,14325.745771500002,18.572234595785428
REF016.PQ-1-6-VEHICLE.m2,REF016.PQ-1-6-VEHICLE,-64.16662269903738,-44.858319579305785,PR,0.9488159013924987,2806.47732775,-5.445314976569821
REF016.PQ-1-6-VEHICLE.m3,REF016.PQ-1-6-VEHICLE,40.88677277292745,56.89895184119258,PD,0.6619556764755121,6743.4680960000005,6.107883726335519
REF016.SACITUZAMAB-GOVITECAN.m1,REF016.SACITUZAMAB-GOVITECAN,-48.506714200831844,-44.94136281808886,SD,0.8356102876603339,3727.68011975,-0.9655854355015668
REF016.SACITUZAMAB-GOVITECAN.m2,REF016.SACITUZAMAB-GOVITECAN,2.512324805094668,71.98950123290773,PD,0.3608319087717745,9852.49023975,23.138540587118246
REF016.SACITUZAMAB-GOVITECAN.m3,REF016.SACITUZAMAB-GOVITECAN,55.71217888709019,64.10520242450117,PD,0.5540822358880477,12130.065880000002,10.177752768598275
REF016.SACITUZAMAB-GOVITECAN.m4,REF016.SACITUZAMAB-GOVITECAN,-58.86394946696603,-49.156942544288654,PR,0.835427628025339,3663.73192475,-2.524682770701386
REF016.TOPOTECAN.m1,REF016.TOPOTECAN,-95.9733460676264,-85.90671123669237,CR,0.9945239893974713,1485.23912275,-6.3483242477660475
REF016.TOPOTECAN-LOW.m1,REF016.TOPOTECAN-LOW,-45.06570379394361,-5.551508759716894,SD,0.8105666845478057,3294.2647827500004,2.4740830446348054
REF016.TOPOTECAN-LOW.m2,REF016.TOPOTECAN-LOW,204.67631189385446,222.8513043804929,PD,0.25220366583487874,12577.26157125,27.68235249534114
REF016.TOPOTECAN-LOW.m3,REF016.TOPOTECAN-LOW,-58.1433882567137,-42.948709755727506,PR,0.9054264073860689,2668.458789,-4.293853271150594
REF016.TOPOTECAN-LOW.m4,REF016.TOPOTECAN-LOW,-54.045112781954884,-39.60910087719298,PR,0.9475200171734368,2299.6602030000004,-4.540482395939086
REF016.TOPOTECAN-LOW.m5,REF016.TOPOTECAN-LOW,-74.70812016266561,-68.04083245878701,PR,0.9528971241794705,1585.38522975,-4.053525255076141
REF016.TRASTUZUMAB-CONTROL.m1,REF016.TRASTUZUMAB-CONTROL,270.29474995353786,379.69535605809483,PD,0.308988629455649,11050.36292575,28.888315847181012
REF016.TRASTUZUMAB-CONTROL.m2,REF016.TRASTUZUMAB-CONTROL,29.397434202844664,67.64458601887044,PD,0.6958566669578479,5436.259091,6.262761442528732
REF016.TRASTUZUMAB-DERUXTECAN.m1,REF016.TRASTUZUMAB-DERUXTECAN,-38.791789599566826,-30.58320992396909,SD,0.9176895151282892,1792.9725750000002,-1.2540242749752726
REF019.ABT-263.m1,REF019.ABT-263,141.86976462472654,175.17790088923596,PD,0.5792395875700868,4887.61020025,9.113345162621362
REF019.ABT-263-LOW.m1,REF019.ABT-263-LOW,40.21001354352889,58.289549193966515,PD,0.6827017359477145,3702.398546,4.183910107142858
REF019.BMN-673.m1,REF019.BMN-673,-69.28276642400343,-56.96598923656859,PR,0.6913429165054517,5785.9096365,-2.897328506880733
REF019.BMN-673.m2,REF019.BMN-673,3.645562795275392,16.564960643916706,SD,0.48022977214013396,7411.90496475,5.678110365853656
REF019.BMN-673.m3,REF019.BMN-673,-43.843339439160175,-36.45229724511181,SD,0.7961817795857866,3295.304464,0.11718625072604046
REF019.CARBOPLATIN.m1,REF019.CARBOPLATIN,-87.36520303634386,-67.92957062185212,PR,0.9134564374053193,2206.1307802499996,-1.3476040913663032
REF019.CARBOPLATIN.m2,REF019.CARBOPLATIN,-13.300809369031075,-7.121921335903247,SD,0.7224644994444225,4853.89578425,-0.13931212439024485
REF019.CARBOPLATIN.m3,REF019.CARBOPLATIN,0.7759839092710274,11.790042338813954,SD,0.6634884967754557,4703.315505,2.315589195208518
REF019.CARBOPLATIN.m4,REF019.CARBOPLATIN,38.94619666048238,46.603617429014264,PD,0.4061776100202992,12275.97361525,5.838668623415213
REF019.CDX-011.m1,REF019.CDX-011,-78.11596274745992,-55.09384522576658,PR,0.8684986699943946,2566.3265380000003,-2.593588238532109
REF019.CDX-011.m2,REF019.CDX-011,22.937873601003567,45.93480149384044,PD,0.5602458027106558,6744.621677249999,4.044118007168456
REF019.CDX-011.m3,REF019.CDX-011,141.43075225328676,348.3472061662893,PD,-0.10773051501405617,9936.81418025,22.250234308277534
REF019.CFI-400945.m1,REF019.CFI-400945,-52.21203911510271,-41.85474410833228,PR,0.8330863227833109,2348.45739675,-0.43941859552845547
REF019.CFI-400945.m2,REF019.CFI-400945,-52.13380190053136,-39.29184948307019,PR,0.776217701372823,5968.79833,-0.23805333419689126
REF019.CFI-400945.m3,REF019.CFI-400945,2.8664462320753037,6.060770423645212,SD,0.5845926175899785,6930.32133375,1.1263471318657359
REF019.CFI-400945.m4,REF019.CFI-400945,-97.1804085623238,-88.36918531958571,CR,0.9516682002189407,2977.8535184999996,-4.29881632475599
REF019.CFI-400945.m5,REF019.CFI-400945,187.8188105835342,260.98941910296986,PD,0.13097391641474598,9110.050104,16.699056361016957
REF019.CFI-400945.m6,REF019.CFI-400945,66.38423124702166,94.89716711020439,PD,-0.5065120588627732,20337.8405995,20.527975246853828
REF019.CFI-400945.m7,REF019.CFI-400945,-1.9615838425606436,2.595806288614022,SD,0.8433361442264797,2664.6925805,0.39577652850162864
REF019.CFI-400945.m8,REF019.CFI-400945,0.030318903618486992,12.921913119215356,SD,-0.406063142949177,15241.744227,16.598599446264075
REF019.CFI-400945+ABT-263.m1,REF019.CFI-400945+ABT-263,7.84041638681563,19.395768315379215,SD,0.3226393595159609,10692.311992250001,3.1853400000000023
REF019.CFI-400945+ABT-263-LOW.m1,REF019.CFI-400945+ABT-263-LOW,-54.167433115694216,-30.317842318454947,PR,0.9181192855484157,1724.2406950000002,-3.5507337864077675
REF019.CFI-400945+ABT-263-LOW.m2,REF019.CFI-400945+ABT-263-LOW,38.28805821464496,50.059695996241295,PD,-1.2711398841374462,15008.2687095,47.87685895833332
REF019.CFI-400945-52WEEKLY.m1,REF019.CFI-400945-52WEEKLY,-65.54179924987189,-63.256603744242966,PR,0.921632499908601,2123.5869645000002,-3.3548410179153083
REF019.CFI-400945-52WEEKLY.m2,REF019.CFI-400945-52WEEKLY,12.52482194758735,20.616684653680473,SD,0.5856408202943895,6302.5442715,4.389605832012678
REF019.CFI-400945-52WEEKLY.m3,REF019.CFI-400945-52WEEKLY,-94.798613057974,-94.798613057974,PR,0.9358903015496545,1094.1710537499998,-1.2933523528918698
REF019.CFI-400945-52WEEKLY.m4,REF019.CFI-400945-52WEEKLY,-55.17207775804582,-49.307135995605286,PR,0.9135203939697484,2124.052368,-2.0287011124763707
REF019.CFI-400945-52WEEKLY.m5,REF019.CFI-400945-52WEEKLY,-31.688553463672207,-31.355138170816797,SD,0.6778016821279522,5534.286233500001,-1.5280877844254515
REF019.CFI-400945-52WEEKLY.m6,REF019.CFI-400945-52WEEKLY,-26.422493084791697,-2.3718434714210312,SD,0.4963455712598239,6738.0427645,4.222296007122508
REF019.CFI-400945-5DAILY.m1,REF019.CFI-400945-5DAILY,-14.461764080843032,30.53863637489367,PD,0.7934366934573093,2908.5082494999997,2.3303267071428593
REF019.CFI-400945-5DAILY.m2,REF019.CFI-400945-5DAILY,1.5711162910487797,28.35297072985219,SD,0.6252389943780492,5047.965225,4.728381163766633
REF019.CFI-402257.m1,REF019.CFI-402257,-3.8042988256804966,33.7258116584785,PD,0.48510103455572984,4938.814351,7.381184709677421
REF019.CFI-402257.m2,REF019.CFI-402257,80.6594463460695,98.24009379021494,PD,0.696682440808042,4509.25426675,4.2453977061643835
REF019.CFI-402257.m3,REF019.CFI-402257,27.78361328711174,113.41901284382678,PD,-0.7569575856410671,13103.023481249998,37.40479616991641
REF019.CFI-402257-3ON4OFF+PACLITAXEL.m1,REF019.CFI-402257-3ON4OFF+PACLITAXEL,-66.96990398165048,-62.12854255364899,PR,0.6238909963162556,7659.52406,-6.506161332255459
REF019.CFI-402257-3ON4OFF+PACLITAXEL.m2,REF019.CFI-402257-3ON4OFF+PACLITAXEL,42.177131293376256,98.02666069076045,PD,-0.41479072113012894,12607.356124999998,29.13347933643772
REF019.CX-5461.m1,REF019.CX-5461,49.75179132102263,67.00038731358804,PD,0.748665201333847,4656.03412475,2.2073282702582375
REF019.CX-5461.m2,REF019.CX-5461,-1.374187118707404,5.604361361036991,SD,0.7728821033560955,4284.201999,-0.11455357142857152
REF019.CX-5461.m3,REF019.CX-5461,11.833936339137207,18.889214918964647,SD,0.7193082796162917,3817.2989205,2.4430604918644074
REF019.CX-5461.m4,REF019.CX-5461,-16.355579914930786,-11.266433749851645,SD,0.7759664756982985,2818.1659945,1.4805952981090105
REF019.CX-5461.m5,REF019.CX-5461,-26.00057510582272,-20.456014160167623,SD,0.8026490841459433,3517.72271075,0.5134121619687771
REF019.ERIBULIN-EXTRALOW.m1,REF019.ERIBULIN-EXTRALOW,-25.478807671701887,-16.259293700918278,SD,0.8002600772660622,2735.2406404999997,-0.7278637119021137
REF019.ERIBULIN-LOW.m1,REF019.ERIBULIN-LOW,-61.85290583498726,-52.89596556676932,PR,0.7436225181073777,3024.2051837500003,0.8723909220183479
REF019.ERIBULIN-LOW.m2,REF019.ERIBULIN-LOW,-87.00781209905334,-87.00781209905334,PR,0.8474324696680735,3262.42760525,-6.2468920933734955
REF019.PACLITAXEL.m1,REF019.PACLITAXEL,-1.212294873916564,2.5632968137173195,SD,0.6572649136227233,6734.52403225,0.2932298357142856
REF019.PACLITAXEL.m2,REF019.PACLITAXEL,-2.9143303988644953,6.296231021690302,SD,0.6769559654987238,5925.1738000000005,1.1524973891862962
REF020.ABT-263.m1,REF020.ABT-263,-31.01263884359804,-7.568458923374488,SD,0.8423888392314127,2427.959213,1.2388582787081337
REF020.BMN-673.m1,REF020.BMN-673,-100.0,-100.0,CR,0.9152033798214837,3480.0876200000002,-2.7444384271631987
REF020.CARBOPLATIN.m1,REF020.CARBOPLATIN,-38.06210593944357,-20.002008242646284,SD,0.5818653011626416,6551.0250885000005,6.656985984493454
REF020.CARBOPLATIN.m2,REF020.CARBOPLATIN,1.447836864409724,33.98974554549474,PD,0.739199282676875,5847.05847525,1.9432702217099747
REF020.CARBOPLATIN.m3,REF020.CARBOPLATIN,-50.461737420066854,-30.297117256242434,PR,0.8769230884510848,2992.24070575,-5.147448608299596
REF020.CARBOPLATIN.m4,REF020.CARBOPLATIN,-99.68302224243385,-99.68302224243385,CR,0.9031363929322411,3833.2040865000004,-1.90980313054078
REF020.CDX-011.m1,REF020.CDX-011,-97.7470314851646,-62.65409604109077,CR,0.7618507264620762,5319.86842275,0.43662912983662816
REF020.CDX-011.m2,REF020.CDX-011,-99.53897154020143,-99.53897154020143,CR,0.9237993099209412,3056.3818145,-1.7658826707161128
REF020.CFI-400945.m1,REF020.CFI-400945,-33.576195877321815,-17.44248610379432,SD,0.5732072016324691,7664.6889065000005,1.4229772458945535
REF020.CFI-400945+ABT-263-LOW.m2,REF020.CFI-400945+ABT-263-LOW,-13.69333139492589,-13.69333139492589,SD,0.7467044807233522,644.689338,-10.529765333333328
REF020.CFI-400945-52WEEKLY.m1,REF020.CFI-400945-52WEEKLY,-49.27503135819467,23.593719217657515,SD,0.5729133433177609,2462.2114819999997,12.819970662162158
REF020.CFI-400945-52WEEKLY.m2,REF020.CFI-400945-52WEEKLY,-2.3045518170512813,31.913750881836123,PD,0.8068084590675988,3192.26139325,2.809916032925681
REF020.CFI-400945-52WEEKLY.m3,REF020.CFI-400945-52WEEKLY,-31.573795432629037,-19.892180817369443,SD,0.7966631294344226,3942.6993875,0.7696205766843971
REF020.CFI-400945-5DAILY.m1,REF020.CFI-400945-5DAILY,40.74628886237905,203.9572298574052,PD,-0.9598479215795261,20319.28597025,48.35399293399846
REF020.CFI-402257.m1,REF020.CFI-402257,18.695205186052497,33.60889517353478,PD,0.5413581106562305,5584.44483,9.69964165607886
REF020.CFI-402257-3ON4OFF.m1,REF020.CFI-402257-3ON4OFF,-6.091852963645572,-1.9976559254518356,SD,0.6559096618137015,4567.52208475,3.514816036043589
REF020.CFI-402257-HD.m1,REF020.CFI-402257-HD,150.09282760923162,294.68079073072187,PD,0.4177817801677618,7610.583125,14.771737852921856
REF020.CX-5461.m1,REF020.CX-5461,74.92921051509467,179.02188494333194,PD,-2.1766915489382197,40681.66517925,68.95212769204285
REF020.CX-5461.m2,REF020.CX-5461,84.41943445377846,138.6244000908249,PD,0.6141477614651107,5953.90079875,6.900965474387043
REF020.ERIBULIN.m1,REF020.ERIBULIN,-45.86775524719025,-43.380005817787406,SD,0.8527690687587137,4103.9156825,-1.3560135394045536
REF020.ERIBULIN-EXTRALOW.m1,REF020.ERIBULIN-EXTRALOW,53.81319663880586,77.42841761092846,PD,0.4665629728362797,6511.3188740000005,9.768663782758624
REF020.ERIBULIN-LOW.m1,REF020.ERIBULIN-LOW,-55.87298100067913,-45.0453364897157,PR,0.8371592315239125,4720.3961,-1.9286774764150942
REF020.ERIBULIN-LOW.m2,REF020.ERIBULIN-LOW,-29.94881491001732,-26.909853133219595,SD,0.8791966235654706,5007.1663284999995,-1.9125993214285721
REF020.ERIBULIN-LOW.m3,REF020.ERIBULIN-LOW,53.65724605385698,60.27792358177435,PD,0.1858666993393734,18838.23548775,4.704057285003825
REF020.ERIBULIN-LOW.m4,REF020.ERIBULIN-LOW,-100.0,-99.85392203949257,CR,0.9949112359241146,1821.96969875,-4.649191491356384
REF020.PACLITAXEL-15DAILY.m1,REF020.PACLITAXEL-15DAILY,6.532969105437525,42.431893669150746,PD,0.7257514310313431,3513.289786,3.784913466243051
REF022.ABT-263.m1,REF022.ABT-263,22.299450681720522,81.82151428147671,PD,0.029755035435524158,4242.6433314999995,9.60958862142857
REF022.ABT-263.m2,REF022.ABT-263,-13.098448823903365,8.262572755527309,SD,0.5410510636139458,1940.2358115,2.714293089543938
REF022.ADC-CONTROL.m1,REF022.ADC-CONTROL,-54.45270943396226,-49.34992154297695,PR,0.8100740449347978,2241.64927875,-1.3410898110271905
REF022.AZD-5305.m1,REF022.AZD-5305,-2.9225649902742346,2.71050108041202,SD,0.3513934961664962,3454.8655264999998,3.41267853647666
REF022.AZD-5305.m2,REF022.AZD-5305,-11.16619310595971,-11.16619310595971,SD,0.7412612437733046,285.50822700000003,-3.7517293333333344
REF022.AZD-8205.m1,REF022.AZD-8205,-78.45880141555166,-72.9406987836737,PR,0.9035523532885436,3044.474263,-4.918159275156739
REF022.BMN-673.m1,REF022.BMN-673,-4.026261075956839,6.120565640901288,SD,0.5631632692313469,2259.7187105,1.62020612804878
REF022.BMN-673.m2,REF022.BMN-673,1.855315443485095,18.879571584051824,SD,0.1627702776244383,4707.8964975,4.473323693749999
REF022.CARBOPLATIN.m1,REF022.CARBOPLATIN,133.96028061702435,172.45965077461548,PD,-0.7198485035385485,11545.03487425,13.711854757098997
REF022.CARBOPLATIN.m2,REF022.CARBOPLATIN,32.95327052457353,239.4157771650044,PD,-1.014212931183593,10632.467800499999,30.797655266542154
REF022.CARBOPLATIN.m3,REF022.CARBOPLATIN,65.1791965581868,110.38082911536753,PD,-0.44667184233541146,9877.9828805,9.42791240714286
REF022.CARBOPLATIN.m4,REF022.CARBOPLATIN,-1.4391077570218846,14.550405322043524,SD,0.4737601466066962,3373.53651375,2.195137537656904
REF022.CARBOPLATIN.m5,REF022.CARBOPLATIN,-12.100183167433364,43.6988845541191,PD,0.060235089961628296,6075.3600477499995,7.842475025576728
REF022.CARBOPLATIN.m6,REF022.CARBOPLATIN,5.167625015043642,15.39045634938272,SD,0.32512813079225233,3789.5364799999998,3.3386073063223525
REF022.CDX-011.m1,REF022.CDX-011,-39.033550253894234,-29.659088226012585,SD,0.7458310803562596,2595.66046,-1.1304823650431255
REF022.CDX-011.m2,REF022.CDX-011,1.4317141881412532,23.139854801459947,SD,0.4042458219206789,6877.8203942499995,3.057396919423692
REF022.CFI-400945.m1,REF022.CFI-400945,53.66423676387018,77.56629818405752,PD,-0.5058348168493725,7707.849028500001,12.825131251204242
REF022.CFI-400945.m2,REF022.CFI-400945,-31.16537465799347,16.10815185061454,SD,0.4789108824001681,3142.6369094999995,2.948194947488584
REF022.CFI-400945.m3,REF022.CFI-400945,-12.166601851804016,5.016563512500638,SD,0.5669495671763027,3223.06521625,1.4004255324811399
REF022.CFI-400945.m4,REF022.CFI-400945,-18.632846535079917,14.446400164526828,SD,0.42994349927063713,3186.34397525,1.4446556405013202
REF022.CFI-400945.m5,REF022.CFI-400945,5.1137310985853945,24.691889608821405,SD,0.3267477681889758,5887.42560525,0.8500275571428582
REF022.CFI-400945.m6,REF022.CFI-400945,1.531924092960124,6.0652051299654675,SD,0.5538650025941507,3849.591378,1.1053199217032967
REF022.CFI-400945.m7,REF022.CFI-400945,-28.775644748551244,-2.1376555246279794,SD,0.047204982513272875,7831.65855975,5.149784642033901
REF022.CFI-400945+ABT-263.m1,REF022.CFI-400945+ABT-263,-42.89154280656874,-37.1576104660592,SD,0.5784664144392042,4245.021688250001,-1.7307554785714299
REF022.CFI-400945+ABT-263-LOW.m1,REF022.CFI-400945+ABT-263-LOW,-48.996212813009066,-30.72020270587523,SD,0.4756095291904038,1913.017067,3.3568719194001875
REF022.CFI-400945-52WEEKLY.m1,REF022.CFI-400945-52WEEKLY,72.12095453004244,99.59531515193243,PD,-0.7906218771001521,13397.740542749998,12.140741492517272
REF022.CFI-400945-52WEEKLY.m2,REF022.CFI-400945-52WEEKLY,-40.61247250312281,-31.767910655076104,SD,0.6246228850863347,3625.6678295,-0.43264249372384883
REF022.CFI-400945-52WEEKLY.m3,REF022.CFI-400945-52WEEKLY,-8.453324402052731,39.29983663452297,PD,0.35213174921599566,4822.1102975,4.7401007927721865
REF022.CFI-402257.m1,REF022.CFI-402257,1.3522797795765706,10.60578437527151,SD,0.675644572999829,2396.58448775,0.19916933179419535
REF022.CFI-402257.m2,REF022.CFI-402257,28.222669883267958,48.01501171137892,PD,0.26690074636534844,5556.533346,3.573165278571431
REF022.CFI-402257.m3,REF022.CFI-402257,3.466027444509079,28.64598127533331,SD,0.4984632169694244,4278.204844,2.909885663003663
REF022.CFI-402257.m4,REF022.CFI-402257,38.23783052886019,61.51671397994962,PD,0.06802420106998508,5615.74685375,5.73863543966102
REF022.CFI-402257-2ON5OFF.m1,REF022.CFI-402257-2ON5OFF,-4.069147021070096,13.771395350455172,SD,0.5125322590958198,3229.08328425,1.6290843451882844
REF022.CFI-402257-3ON4OFF.m1,REF022.CFI-402257-3ON4OFF,38.785057748823945,55.89403023837385,PD,0.43025170104619603,4078.2666875000004,3.2686335634462864
REF022.CFI-402257-3ON4OFF.m2,REF022.CFI-402257-3ON4OFF,11.214661310041919,43.84993145026432,PD,-1.1384284527508157,9238.490029749999,16.841616070798164
REF022.CFI-402257-3ON4OFF+PACLITAXEL.m1,REF022.CFI-402257-3ON4OFF+PACLITAXEL,-97.07381213067714,-97.07381213067714,CR,0.8831519989743863,2428.89248625,-4.181767202522256
REF022.CFI-402257-3ON4OFF+PACLITAXEL.m2,REF022.CFI-402257-3ON4OFF+PACLITAXEL,-96.94715455075115,-76.88838518974205,CR,0.9279662382397963,1576.0635625,-5.9679917815533985
REF022.CFI-402257-3ON4OFF+PACLITAXEL-15DAILY.m1,REF022.CFI-402257-3ON4OFF+PACLITAXEL-15DAILY,-100.0,-100.0,CR,0.9884416568403624,1463.4430675,-6.561140525229356
REF022.CX-5461.m1,REF022.CX-5461,-6.541546583728087,8.903008646764743,SD,0.14943508337400568,6439.04615,2.47594101552795
REF022.CX-5461.m2,REF022.CX-5461,18.195389070137157,63.01094250252179,PD,0.3468432986533625,4607.8237659999995,4.148333690376569
REF022.CX-5461.m3,REF022.CX-5461,17.57063498087841,110.06351622725816,PD,-0.37884888323418076,8585.203387,11.842917527196652
REF022.CX-5461.m4,REF022.CX-5461,-33.124152888888894,3.686431999999984,SD,0.4689201019669411,3265.3810215,1.992534708791209
REF022.CX-5461.m5,REF022.CX-5461,8.11187420052486,27.48869366159983,SD,0.46561306927630675,2652.225575,2.995106944656488
REF022.ERIBULIN.m1,REF022.ERIBULIN,-80.48938856865472,-4.020521618798034,SD,0.35045058820342634,6284.237008,2.4544006375321334
REF022.ERIBULIN-EXTRALOW.m1,REF022.ERIBULIN-EXTRALOW,-18.187860431814162,-10.645214149164106,SD,0.7055638643939931,2762.0629547500002,-0.6221823120284999
REF022.ERIBULIN-LOW.m1,REF022.ERIBULIN-LOW,-32.23138478106352,-29.933253078198874,SD,0.7552821584035762,2608.2481562499997,-1.2024608549222795
REF022.ERIBULIN-LOW.m2,REF022.ERIBULIN-LOW,-31.211381218830304,-17.789525872693158,SD,0.49471398374139564,4037.61487275,-0.41885514737793816
REF022.ERIBULIN-LOW.m3,REF022.ERIBULIN-LOW,-35.22055518335002,-25.354730516541522,SD,0.7265107347373532,4325.981941,-1.4905669862500004
REF022.EVEROLIMUS.m1,REF022.EVEROLIMUS,-22.854220955003658,-12.660546495734026,SD,0.573199076635145,3477.6604739999993,0.5935148936170211
REF022.EVEROLIMUS.m2,REF022.EVEROLIMUS,3.164595960855787,6.090386477970866,SD,0.28547247254573394,5443.434889,1.801822558510639
REF022.GLUT1.m1,REF022.GLUT1,-6.460560293830186,-6.460560293830186,SD,0.7339966011545738,761.87952,-0.7947618750000004
REF022.GLUT1.m2,REF022.GLUT1,-10.500316182811142,-10.500316182811142,SD,0.6356099195706919,1068.016428,-1.8493616249999982
REF022.GLUT1.m3,REF022.GLUT1,31.598208547227102,69.31144747265895,PD,0.6172495911523175,2710.4432912500006,3.6840060199667244
REF022.GLUT1.m4,REF022.GLUT1,19.14810685825179,46.99287990439564,PD,0.4127799881634848,5216.346119999999,2.1648501678155463
REF022.GLUT1-2TIMESDAILY.m1,REF022.GLUT1-2TIMESDAILY,-47.27197204396201,-43.195129390498664,SD,0.8195862839549438,2126.9122535,-0.264304350925926
REF022.PACLITAXEL.m1,REF022.PACLITAXEL,-100.0,-99.88417697987269,CR,0.9075332547228996,2377.5084702500003,-4.6941397275000005
REF022.PACLITAXEL.m2,REF022.PACLITAXEL,-99.51208341761483,-98.37361139204941,CR,0.9985552071050453,1588.1961967500001,-4.945242249542545
REF022.PACLITAXEL-10DAILY.m1,REF022.PACLITAXEL-10DAILY,44.27909147031961,64.15505795073703,PD,-0.13466026349600702,9315.793696,6.880132263406937
REF022.PACLITAXEL-15DAILY.m1,REF022.PACLITAXEL-15DAILY,-23.198274488897873,-14.89870767686673,SD,0.7189865610813158,2554.2968192499998,-0.5979761841004185
REF022.PACLITAXEL-15DAILY.m2,REF022.PACLITAXEL-15DAILY,-89.77034422791674,-80.42473278181596,PR,0.7804093737268905,2183.07487,-2.2445033228021978
REF022.PACLITAXEL-15DAILY.m3,REF022.PACLITAXEL-15DAILY,28.03843873954346,50.99126860713055,PD,0.317754838303028,3763.6195370000005,3.8326821697592774
REF022.PQ-1-6.m1,REF022.PQ-1-6,-43.02207013037144,-40.98437118452015,SD,0.705562477392814,2395.5736435,-0.6800340002345769
REF022.PQ-1-6.m2,REF022.PQ-1-6,-83.5492589064518,-77.22793673748092,PR,0.8844165684036245,1097.8499325,-1.9302881156739806
REF022.PQ-1-6.m3,REF022.PQ-1-6,-54.32642754071326,-45.41075776715916,PR,0.750724264478691,3034.8817505,-0.2853713253776436
REF022.PQ-1-6-VEHICLE.m1,REF022.PQ-1-6-VEHICLE,40.98684109420885,61.25873858821809,PD,0.3205292524273161,4329.7407065,4.0507455252443
REF022.PQ-1-6-VEHICLE.m2,REF022.PQ-1-6-VEHICLE,43.23882882685199,98.66300162072623,PD,-1.0075764657332806,9622.681400000001,17.354759765879475
REF022.PQ-1-6-VEHICLE.m3,REF022.PQ-1-6-VEHICLE,148.998523832879,225.1820759293185,PD,-1.167865228106645,14143.218776000002,20.02655525
REF022.SACITUZAMAB-GOVITECAN.m1,REF022.SACITUZAMAB-GOVITECAN,-91.39607307908263,-90.3694434990426,PR,0.8844165684036245,1744.14970025,-3.779073208655877
REF022.SACITUZAMAB-GOVITECAN.m2,REF022.SACITUZAMAB-GOVITECAN,-81.87124961476405,-80.3605204159944,PR,0.947987455781631,1153.059771,-2.3865298156739807
REF022.TRASTUZUMAB-DERUXTECAN.m1,REF022.TRASTUZUMAB-DERUXTECAN,-59.512485754913854,-56.2947964627015,PR,0.7189918273514178,4082.812164,-5.832035482373173
REF022.UNC0642.m1,REF022.UNC0642,8.350853167396677,39.03720596285005,PD,0.5958789153747016,2457.64110225,1.5622991167546176
REF022_P7.TRASTUZUMAB-CONTROL.m1,REF022_P7.TRASTUZUMAB-CONTROL,244.67937385594584,313.6612754061642,PD,,16692.07164025,22.48357759597653
REF022_P7.TRASTUZUMAB-CONTROL.m2,REF022_P7.TRASTUZUMAB-CONTROL,75.75469941706537,198.0989764839816,PD,,10902.227033,21.24389058167675
REF023.ABT-263.m1,REF023.ABT-263,8.77940619760964,80.58853496295495,PD,-0.10246774870078035,6693.6653065,11.449950177343078
REF023.AZD-8205.m1,REF023.AZD-8205,-97.58158631428078,-96.57391394523111,CR,0.9506282673287915,1831.6264524999997,-8.664025736101342
REF023.BMN-673.m1,REF023.BMN-673,-60.87845102198062,-56.56897816504207,PR,0.6573327465214396,3434.1180297500005,-2.292274391132224
REF023.BMN-673.m2,REF023.BMN-673,-97.2782230198541,-93.98940916884445,CR,0.6442633686506094,3091.0130412500002,-0.15555982474226862
REF023.CARBOPLATIN.m1,REF023.CARBOPLATIN,56.45867692506093,87.76603928469844,PD,-0.4088548632872271,7421.488046499999,14.161283589306695
REF023.CARBOPLATIN.m2,REF023.CARBOPLATIN,-17.27055625238947,-14.226651378801414,SD,0.6170983830451415,4369.4347065,-0.7324830705958552
REF023.CDX-011.m1,REF023.CDX-011,36.35281024711294,61.85160795401758,PD,-0.1399294080131963,6353.7210190000005,8.878434488753514
REF023.CDX-011.m2,REF023.CDX-011,-10.132952682544838,37.46601878473377,PD,-2.1413479430743174,13405.20514925,27.688880669144975
REF023.CFI-400945.m1,REF023.CFI-400945,-89.24451458791384,-80.46365662722438,PR,0.9629712004965936,1088.2891685,-5.378179081896555
REF023.CFI-400945.m2,REF023.CFI-400945,34.26970052775693,40.54927380063156,PD,-0.2051652287975183,8633.47683325,7.067664958370439
REF023.CFI-400945+ABT-263.m1,REF023.CFI-400945+ABT-263,73.38234630897196,94.34207622799387,PD,0.3196407812876221,5548.840376,2.6671911165048563
REF023.CFI-400945-41.6WEEKLY.m1,REF023.CFI-400945-41.6WEEKLY,29.495773407417847,40.08661951268713,PD,0.42985900805043264,3656.19176275,3.4184296504065057
REF023.CFI-400945-52WEEKLY.m1,REF023.CFI-400945-52WEEKLY,-0.2466091245376112,15.871163610499007,SD,0.4199768306108145,4109.548783249999,1.7394345651013872
REF023.CFI-400945-52WEEKLY.m2,REF023.CFI-400945-52WEEKLY,-76.05231488558209,-76.05231488558209,PR,0.9122280308067403,2180.91654975,-5.088251149572651
REF023.CFI-402257.m1,REF023.CFI-402257,77.47010500706408,91.0572822597631,PD,0.3067097868977213,5498.12523,4.12023763800905
REF023.CFI-402257.m2,REF023.CFI-402257,-10.368396595683095,-1.8920347980384444,SD,0.5121360871699473,4342.89739875,1.4274369795454547
REF023.CFI-402257.m3,REF023.CFI-402257,-7.297456005108771,12.7583041055777,SD,0.5990747931736708,2948.86795175,2.1169904631106675
REF023.CFI-402257-3ON4OFF.m1,REF023.CFI-402257-3ON4OFF,-0.6290151195252114,45.36485640880221,PD,-0.602013981715376,8250.9576275,14.022547857142865
REF023.CFI-402257-3ON4OFF+PACLITAXEL.m1,REF023.CFI-402257-3ON4OFF+PACLITAXEL,-96.47032472946307,-75.72956692862519,CR,0.9629712004965936,898.98023775,-7.130348035714285
REF023.CFI-402257-3ON4OFF+PACLITAXEL.m2,REF023.CFI-402257-3ON4OFF+PACLITAXEL,-52.764485257782745,-48.36384860658966,PR,0.6475569240226173,5066.28191875,-0.34587346775082695
REF023.CFI-402257-HD+PACLITAXEL-15DAILY.m1,REF023.CFI-402257-HD+PACLITAXEL-15DAILY,-59.48799560305971,-54.37212970589256,PR,0.7440569378324547,4365.889675,-2.9944657142857163
REF023.CX-5461.m1,REF023.CX-5461,78.8993692576496,109.31500533416126,PD,0.5267550626996402,3644.403831,4.256502981724461
REF023.CX-5461.m2,REF023.CX-5461,-5.7438942500947165,5.506961704969937,SD,0.42737331548293866,5045.16477375,2.3816148747645953
REF023.CX-5461.m3,REF023.CX-5461,-28.000958198586666,-17.068579164449314,SD,0.7650242569212173,1345.9138122499999,0.4112661821266963
REF023.ERIBULIN.m1,REF023.ERIBULIN,-100.0,-99.76103170832027,CR,0.9986285629813553,901.02821475,-5.50106012646745
REF023.ERIBULIN.m2,REF023.ERIBULIN,-100.0,-99.00383597860538,CR,0.9986285629813553,1240.4789584999999,-5.4913850033284
REF023.ERIBULIN-LOW.m1,REF023.ERIBULIN-LOW,-100.0,-99.74939574301555,CR,0.9986285629813553,1867.3124392499997,-5.78206563181818
REF023.PACLITAXEL.m1,REF023.PACLITAXEL,-99.89530677000865,-99.89530677000865,CR,0.9986285629813553,1844.0444,-14.488456649395511
REF023.PACLITAXEL-15DAILY.m1,REF023.PACLITAXEL-15DAILY,-24.83261933320222,-18.20414511378896,SD,0.7733717401080544,2841.8736447499996,-1.5852472500000008
REF024.ABT-263.m1,REF024.ABT-263,-43.24529179221705,-39.30353134333819,SD,0.22005345918354835,4229.560101499999,-2.96109528179323
REF024.BMN-673.m1,REF024.BMN-673,-45.09258950620586,-40.82640596925378,SD,0.4234528717411976,3828.920975,-2.1003738441153548
REF024.CARBOPLATIN.m1,REF024.CARBOPLATIN,-84.91967885841746,-78.03113710238591,PR,0.5037822601653268,2158.80152825,-0.9394907624707717
REF024.CFI-400945.m1,REF024.CFI-400945,-29.72784714558524,-27.96800167168746,SD,0.28832849846343356,2102.8020845,-1.75190486893204
REF024.CFI-400945-52WEEKLY.m1,REF024.CFI-400945-52WEEKLY,-35.537359111085145,-35.537359111085145,SD,0.48427087378631795,1093.5942627499999,-3.90587859090909
REF024.CFI-400945-52WEEKLY.m2,REF024.CFI-400945-52WEEKLY,-28.59436728263287,-23.87554160031756,SD,0.35356387211676155,3111.948477,0.10679908325709045
REF024.CFI-402257.m1,REF024.CFI-402257,-24.8147502115756,-13.116044906168355,SD,0.5425410913649262,2190.3590295,-0.8822028013196476
REF024.CFI-402257.m2,REF024.CFI-402257,-31.61422716778982,-27.39397454955511,SD,0.5283152230355137,2419.1328805000003,-0.3638223836710832
REF024.CFI-402257.m3,REF024.CFI-402257,-18.910657596371884,-14.351159581998585,SD,0.20759034671370014,3449.3743600000003,-0.33231462946020096
REF024.PACLITAXEL.m1,REF024.PACLITAXEL,-39.124275001424905,-36.34589569540676,SD,0.5176167920882067,2253.0064825,-1.402008169821826
REF025.CARBOPLATIN.m1,REF025.CARBOPLATIN,-85.521465339246,-78.90781370408678,PR,0.8740705699002865,2172.000376,-1.8036341721384208
REF025.CDX-011.m1,REF025.CDX-011,-97.23830743208615,-69.6608866144264,CR,0.7146282331800019,2713.2970895,-4.00976487586207
REF025.CDX-011.m2,REF025.CDX-011,-18.676132937289104,-6.227193304108569,SD,0.5180318426854749,3389.421966,-0.13656254999999992
REF025.CFI-400945.m1,REF025.CFI-400945,4.748204720509852,14.852622525606463,SD,0.4821868410782977,3119.2638230000002,0.9570561839303003
REF025.CFI-400945.m2,REF025.CFI-400945,9.133608354136591,28.151277253476703,SD,0.4989651844652998,2033.769303,2.1873299029680364
REF025.CFI-400945.m3,REF025.CFI-400945,31.77297966136099,38.38491585124404,PD,-0.5573916086140569,11891.605185249999,4.21746199232344
REF025.CFI-400945.m4,REF025.CFI-400945,-18.932301740812385,-14.620173817651882,SD,0.2837921704513573,4305.204673,0.11031584389593109
REF025.CFI-400945+ABT-263.m1,REF025.CFI-400945+ABT-263,-12.634780102421395,-5.811376068455621,SD,0.4226043996591268,3151.68082075,1.002184214285714
REF025.CFI-400945-52WEEKLY.m1,REF025.CFI-400945-52WEEKLY,-7.569880139131335,-1.3321750351077633,SD,0.5451225825209947,3678.53957525,-0.49655604999999986
REF025.CFI-402257.m1,REF025.CFI-402257,-23.834703817467386,5.755391157478651,SD,0.6337770685612174,3632.844005,-0.7647636873072964
REF025.CFI-402257-3ON4OFF.m1,REF025.CFI-402257-3ON4OFF,21.962606093538326,29.681019960594135,SD,0.013041078065974987,7029.45918775,3.775401987777775
REF025.CFI-402257-HD+PACLITAXEL.m1,REF025.CFI-402257-HD+PACLITAXEL,-96.97588705397811,-78.95721408393108,CR,0.3828538148362477,1912.2224355,1.6462382635135135
REF025.ERIBULIN.m1,REF025.ERIBULIN,-94.2780642089356,-84.48360122871577,PR,0.47309013980089965,6291.0372495,-4.420992925256178
REF025.ERIBULIN-LOW.m1,REF025.ERIBULIN-LOW,-59.21292197015007,-44.32733900079112,PR,0.5201996155069795,4906.251706999999,-2.456695971428572
REF025.PACLITAXEL.m1,REF025.PACLITAXEL,-89.68129226542688,-63.50287915385822,PR,0.6882703534364787,3954.97272475,-3.260436928882725
REF030.BMN-673.m1,REF030.BMN-673,19.635726644528283,47.64942522559312,PD,0.3607593337599757,4647.14635,4.112580619266056
REF030.CARBOPLATIN.m1,REF030.CARBOPLATIN,-18.22220777815885,20.986470283405477,SD,0.4733916240584046,4215.6432015,2.445721355648535
REF030.CFI-400945.m1,REF030.CFI-400945,-37.37200076804916,-34.63332935085624,SD,0.7639110354839111,2827.81236775,-1.2775983904723136
REF030.CX-5461.m1,REF030.CX-5461,-3.3127917763213555,46.40479112765776,PD,0.21577478755036006,4501.3896509999995,5.734792886658555
REF032.BMN-673.m1,REF032.BMN-673,-99.84850381856124,-99.1415216385137,CR,0.6002227278874852,4919.1134645,-6.416420115909093
REF032.CDX-011.m1,REF032.CDX-011,33.10160757636387,54.770017518118344,PD,-0.13064101702800124,5745.832238749999,9.538014297210303
REF032.CFI-400945.m1,REF032.CFI-400945,-33.031349897408866,-29.17161453388266,SD,0.142890021630522,7912.002806750001,-1.976325307142857
REF032.CFI-400945.m2,REF032.CFI-400945,-98.4328082810097,-97.19211483680904,CR,0.36887724052477877,6334.3506195,-1.313121101676698
REF032.CFI-400945-52WEEKLY.m1,REF032.CFI-400945-52WEEKLY,-88.82364287979124,6.487737880482514,SD,0.2509422248568095,6194.91130475,5.108316188378631
REF032.CFI-400945-52WEEKLY.m2,REF032.CFI-400945-52WEEKLY,-8.267556139237431,0.5995955891373361,SD,0.6401886034427205,2276.1180295,1.599101896995709
REF032.CFI-400945-5DAILY.m1,REF032.CFI-400945-5DAILY,-21.232313938198764,-8.49951634754218,SD,0.2741364749546801,6537.8869705,0.45360415584694785
REF032.CFI-402257.m1,REF032.CFI-402257,-0.46720000000000095,87.82442666666665,PD,0.43807472214217213,3379.9308,5.6543054545454545
REF032.CX-5461.m1,REF032.CX-5461,-89.10185162447073,-52.935713878580984,PR,0.5855136608443574,2864.336664,-0.01642342796157934
REF032.ERIBULIN.m1,REF032.ERIBULIN,-99.69963475586313,-81.06869753620403,CR,0.7504446833000402,2842.9047682499995,-4.3742739128886
REF032.ERIBULIN-LOW.m1,REF032.ERIBULIN-LOW,-48.8836758939437,-37.441775108867525,SD,0.15728624058725282,6019.274402999999,-0.6490096502145909
REF034.BMN-673.m1,REF034.BMN-673,26.119739110048613,26.796811738747706,SD,0.03665112706075502,5230.922508000001,1.1074597215428035
REF034.CFI-400945.m1,REF034.CFI-400945,-99.48300483874382,-86.38328355841787,CR,0.6756203858949834,2801.687191,-1.240474299153339
REF034.CFI-402257.m1,REF034.CFI-402257,4.350303347944862,15.915829768686173,SD,0.5051693038808848,3617.355112,0.42988774788334894
REF034.PACLITAXEL.m1,REF034.PACLITAXEL,-16.363991683991685,1.870758213835133,SD,0.4230427504302262,3081.1614735,-0.5660076895287954
REF035.ADC-CONTROL.m1,REF035.ADC-CONTROL,58.06666825460265,149.8172549406359,PD,-0.6728595499406194,18045.07346725,36.11594346152193
REF035.ADC-CONTROL.m2,REF035.ADC-CONTROL,33.99307459326886,47.051509668325274,PD,0.015803877237839714,9464.49221525,18.3902774450392
REF035.ADC-CONTROL.m3,REF035.ADC-CONTROL,-13.431946523569094,-6.241257119785204,SD,0.8540870232295575,3728.6164195,-0.18137899244712974
REF035.AZD-5305.m1,REF035.AZD-5305,-68.44721520441391,-64.84564423942798,PR,0.8717975503145797,1496.6451405,1.376646654649948
REF035.AZD-5305.m2,REF035.AZD-5305,50.58662165811505,94.51115741990976,PD,0.0895370014286424,9249.224060999999,20.25503005180679
REF035.AZD-5305.m3,REF035.AZD-5305,38.09501818798733,51.71619918434973,PD,0.36969539850878697,8012.09691125,15.411670609547276
REF035.AZD-8205.m1,REF035.AZD-8205,32.40516550401489,55.600344229132205,PD,0.10643690069227763,9057.2121795,15.10322858783172
REF035.AZD-8205.m2,REF035.AZD-8205,-20.79327326685412,-16.177029073316362,SD,0.775333590304969,5482.8075135,-0.34093355664652625
REF035.AZD-8205.m3,REF035.AZD-8205,-11.442660533404203,-0.4149402716417838,SD,0.8595534704801274,3537.60954675,0.24290967753623216
REF035.BMN-673.m1,REF035.BMN-673,66.03457423734065,74.2248666648389,PD,0.6796963447126132,6197.8756555,2.717934550567106
REF035.BMN-673.m2,REF035.BMN-673,71.81720086418377,203.06545743671066,PD,-0.13379145406954995,8000.325766,34.757408888741715
REF035.BMN-673.m3,REF035.BMN-673,71.81720086418377,203.06545743671066,PD,-0.13379145406954995,8000.325766,34.757408888741715
REF035.BMN-673.m4,REF035.BMN-673,4.557132662821739,34.915784785590276,PD,0.5977660383995281,6825.701499999999,5.395877035681609
REF035.CARBOPLATIN.m1,REF035.CARBOPLATIN,96.61760843606339,124.15603478254256,PD,0.4761600454249737,6872.678098,8.910988939415537
REF035.CARBOPLATIN.m2,REF035.CARBOPLATIN,59.861331725398,86.92666254722769,PD,0.6481404557186505,5934.90842175,4.623205107512955
REF035.CARBOPLATIN.m3,REF035.CARBOPLATIN,14.024799475010074,14.024799475010074,SD,-0.2581914667718186,3419.433381,28.00894312499999
REF035.CARBOPLATIN.m4,REF035.CARBOPLATIN,3.5542282486313637,90.24287269071884,PD,0.2770143784618334,6705.058230000001,14.751987805580972
REF035.CDX-011.m1,REF035.CDX-011,84.61950859451974,123.80349015728265,PD,-0.4015141383261329,16201.387651000001,29.21575260103628
REF035.CDX-011.m2,REF035.CDX-011,-22.125182360820073,-7.525777201669525,SD,0.4810194039409036,5939.7238775,-3.9322677882653077
REF035.CDX-011.m3,REF035.CDX-011,315.09464392039905,412.133414798709,PD,-0.04076310941690786,11421.200217000001,27.17186954639175
REF035.CDX-011.m4,REF035.CDX-011,289.27689477013047,427.90316794394744,PD,0.10331337993690903,5028.621749,42.33708466141732
REF035.CFI-400945.m1,REF035.CFI-400945,-57.21415946827313,-42.942641872661035,PR,0.8885656951643748,4048.8493157499997,-3.3832972133550503
REF035.CFI-400945.m2,REF035.CFI-400945,-12.149840938601075,3.609434006344192,SD,0.7607783407057214,3448.3872625000004,1.0418618701140068
REF035.CFI-400945.m3,REF035.CFI-400945,-77.37376080479862,-52.617417961776994,PR,0.9295348672072884,4355.24704575,-6.952402654718694
REF035.CFI-400945.m4,REF035.CFI-400945,-64.48092433758228,-60.227227957135,PR,0.728646674238937,6793.11798325,-24.428328510596028
REF035.CFI-400945.m5,REF035.CFI-400945,-64.48092433758228,-60.227227957135,PR,0.728646674238937,6793.11798325,-24.428328510596028
REF035.CFI-400945-52WEEKLY.m1,REF035.CFI-400945-52WEEKLY,-71.34810388024908,-56.28912205042374,PR,0.5881596471352624,10620.873753,-1.3607624248704657
REF035.CFI-400945-52WEEKLY.m2,REF035.CFI-400945-52WEEKLY,-100.0,-97.48378689267464,CR,0.9813524777417364,3672.4746215000005,-5.508527237877403
REF035.CFI-400945-5DAILY.m1,REF035.CFI-400945-5DAILY,25.40679238749206,110.54541244480846,PD,-0.5317982295687653,12911.1184365,36.189566682762205
REF035.CFI-402257.m1,REF035.CFI-402257,1.8633484690241175,3.0868225151410744,SD,0.6383872483677516,7408.778657999999,0.40730446153846134
REF035.CFI-402257.m2,REF035.CFI-402257,70.61382753418872,142.3487475418482,PD,0.4371431881565705,7849.54652,11.352573533397875
REF035.CFI-402257.m3,REF035.CFI-402257,70.61382753418872,142.3487475418482,PD,0.4371431881565705,7849.54652,11.352573533397875
REF035.CFI-402257-3ON4OFF.m1,REF035.CFI-402257-3ON4OFF,118.52022345041098,205.6758017487238,PD,-0.03624971838143565,10857.355186750001,23.372711174621923
REF035.CFI-402257-3ON4OFF.m2,REF035.CFI-402257-3ON4OFF,5.216849222063558,13.724852264148545,SD,0.6115099529528409,4781.769945,4.435000989139516
REF035.CFI-402257-3ON4OFF+PACLITAXEL.m1,REF035.CFI-402257-3ON4OFF+PACLITAXEL,29.04512281342324,47.39553176484881,PD,0.6003677849065353,6126.911343,4.769594228571432
REF035.CX-5461.m1,REF035.CX-5461,11.940727874742386,29.083348965953746,SD,0.7405319356875,4064.0803990000004,2.306396407071623
REF035.CX-5461.m2,REF035.CX-5461,-8.205716998217605,13.377878595713021,SD,-0.5447157480939993,21213.841059500002,11.676725887029288
REF035.DATOPOTAMAB-CONTROL.m1,REF035.DATOPOTAMAB-CONTROL,133.58158768375662,222.26811682344865,PD,0.31905743023239685,8672.790398,17.567746688847237
REF035.DATOPOTAMAB-CONTROL.m2,REF035.DATOPOTAMAB-CONTROL,30.9500879139581,325.60475642856045,PD,-0.9935358711257949,15139.324718,49.11424353185249
REF035.DATOPOTAMAB-CONTROL.m3,REF035.DATOPOTAMAB-CONTROL,-19.58342153562641,9.660772334359468,SD,0.7397179064199233,3933.548796,2.4459642677029354
REF035.DATOPOTAMAB-CONTROL.m4,REF035.DATOPOTAMAB-CONTROL,-37.800765694463756,76.20087558868724,PD,0.12551464477110452,6508.808088,24.240526500000005
REF035.DATOPOTAMAB-DERUXTECAN.m1,REF035.DATOPOTAMAB-DERUXTECAN,-100.0,-99.84521058517878,CR,0.9986187020549434,567.41281225,-5.479728693733451
REF035.ERIBULIN-EXTRALOW.m1,REF035.ERIBULIN-EXTRALOW,-99.49248123382117,-98.30827077940386,CR,0.9993093510274718,1875.6069447500001,-4.833800857142859
REF035.ERIBULIN-LOW.m1,REF035.ERIBULIN-LOW,-99.7844206522549,-89.62022146584245,CR,0.9944748082197737,3497.247307,-9.90087719170985
REF035.PACLITAXEL.m1,REF035.PACLITAXEL,-10.819196959898559,9.939176216166157,SD,0.5713779034071982,6874.5708774999985,3.732849435615323
REF035.PACLITAXEL-15DAILY.m1,REF035.PACLITAXEL-15DAILY,-36.62546701759328,-19.578424179867582,SD,0.8491588111549604,2423.270075,-2.0406708127753306
REF035.PQ-1-6.m1,REF035.PQ-1-6,-83.13547023789948,-83.13547023789948,PR,0.9751366369889818,714.9307045,-4.124135356575462
REF035.PQ-1-6.m2,REF035.PQ-1-6,-91.05007153826985,-91.05007153826985,PR,0.9751366369889818,914.6819805,-7.951438902912615
REF035.PQ-1-6.m3,REF035.PQ-1-6,-64.33039301629044,-59.65093398606811,PR,0.9447480821977374,900.19274375,-4.611520686588922
REF035.PQ-1-6.m4,REF035.PQ-1-6,-89.992646930543,-81.22076954867327,PR,0.9813524777417364,905.444507,-4.180386244897958
REF035.PQ-1-6.m5,REF035.PQ-1-6,-78.97209695834668,-71.0866333177267,PR,0.9447480821977374,3706.0110982499996,-9.055633899132069
REF035.PQ-1-6-VEHICLE.m1,REF035.PQ-1-6-VEHICLE,-47.877151810650886,-27.100212007889546,SD,0.8142337997245082,2673.28843,-2.4145456950573703
REF035.SACITUZAMAB-GOVITECAN.m1,REF035.SACITUZAMAB-GOVITECAN,-99.50041693204518,-99.16736155340865,CR,0.9944748082197737,2380.5831665,-7.268698133943235
REF035.SACITUZAMAB-GOVITECAN.m2,REF035.SACITUZAMAB-GOVITECAN,-100.0,-99.52366084474949,CR,0.9986187020549434,1778.2821665000001,-6.178887332746894
REF035.SACITUZAMAB-GOVITECAN.m3,REF035.SACITUZAMAB-GOVITECAN,-100.0,-98.13152746209934,CR,0.9917122123296606,4030.5432515,-13.064625609899137
REF035.TRASTUZUMAB-CONTROL.m1,REF035.TRASTUZUMAB-CONTROL,216.07203670479728,324.4655684333567,PD,-1.5051719727157735,15069.451701499998,105.23405564285714
REF035.TRASTUZUMAB-CONTROL.m2,REF035.TRASTUZUMAB-CONTROL,51.049437305022494,76.23372581264776,PD,0.22181910216310585,6522.042326499999,12.929334801550711
REF035.TRASTUZUMAB-CONTROL.m3,REF035.TRASTUZUMAB-CONTROL,92.49343874887354,130.90632056286506,PD,0.2475392393972593,10535.67051025,12.192679877052727
REF035.TRASTUZUMAB-CONTROL.m4,REF035.TRASTUZUMAB-CONTROL,-44.75317804677571,84.94069883310902,PD,0.09982470478197691,11385.9407495,22.876391470905176
REF035.TRASTUZUMAB-DERUXTECAN.m1,REF035.TRASTUZUMAB-DERUXTECAN,67.21477186008285,284.4994373896889,PD,0.2856894972702442,6156.9813484999995,21.799153457467856
REF035.TRASTUZUMAB-DERUXTECAN.m2,REF035.TRASTUZUMAB-DERUXTECAN,-39.94348550612501,-15.756675032132517,SD,0.7305271421821333,3275.7309559999994,4.390251840786638
REF036.ABT-263.m1,REF036.ABT-263,9.385455443923597,78.21008247121519,PD,0.6293995890858075,4846.6093365,7.464573512658231
REF036.ADC-CONTROL.m1,REF036.ADC-CONTROL,10.097240400865548,82.59693647493359,PD,0.3752686504821976,6485.743076749999,14.978553057142854
REF036.AZD-5305.m1,REF036.AZD-5305,-43.544686641567345,-36.5673928436264,SD,0.7805466767727932,2712.145757,3.644094314449919
REF036.AZD-8205.m1,REF036.AZD-8205,114.18533306131846,200.3799926226269,PD,0.2397274518966429,8912.581813,14.44545786226569
REF036.AZD-8205.m2,REF036.AZD-8205,-22.7032971655561,3.8190276900210485,SD,0.7798636437610218,3756.089241,0.6063032535238843
REF036.BMN-673.m1,REF036.BMN-673,23.99650799164221,45.375167982386834,PD,0.3967899579158769,6254.857925,11.102269649822697
REF036.BMN-673.m2,REF036.BMN-673,-17.981950966370064,-0.6591539708858285,SD,0.7561041612619,3838.4711875,2.299776527777778
REF036.BMN-673.m3,REF036.BMN-673,27.38481940194355,75.3627881200934,PD,0.5876761193366316,3733.1308625,7.845641186964796
REF036.CARBOPLATIN.m1,REF036.CARBOPLATIN,158.59724287275873,265.3420926465414,PD,0.1474598766967128,12022.69125525,20.914732010174426
REF036.CARBOPLATIN.m2,REF036.CARBOPLATIN,-14.318794561445147,-4.50918452791107,SD,0.6775901594167668,5406.982107,2.4032494222797927
REF036.CDX-011.m1,REF036.CDX-011,-3.9667453157104293,32.25375382619558,PD,0.4478529416990582,7663.28946075,9.013231842857145
REF036.CDX-011.m2,REF036.CDX-011,-80.83888747768094,-74.75174267355271,PR,0.8858782613157983,4671.409786,-7.610529403431764
REF036.CFI-400945.m1,REF036.CFI-400945,-98.12548803211976,-92.26763813249403,CR,0.9597860307060329,3218.9055265,-5.218711306666668
REF036.CFI-400945.m2,REF036.CFI-400945,18.34021570883739,22.35233771402052,SD,0.6090194749294389,7807.471813000001,2.5812733269543995
REF036.CFI-400945.m3,REF036.CFI-400945,47.729419749536795,72.96030714660198,PD,0.7021556762645216,7780.819192000001,3.4151330799481423
REF036.CFI-400945-41.6WEEKLY.m1,REF036.CFI-400945-41.6WEEKLY,-97.5975975975976,-41.6689865865866,CR,0.7862081074450404,5350.0246005,0.20429843831391326
REF036.CFI-400945-52WEEKLY.m1,REF036.CFI-400945-52WEEKLY,-95.1691700728118,-67.15349045130552,CR,0.740884277254916,6223.495167249999,-4.368802547914818
REF036.CFI-400945-52WEEKLY.m2,REF036.CFI-400945-52WEEKLY,-49.53470472991883,-43.26363355108872,SD,0.8650475741388783,4801.814187,-1.998868480274823
REF036.CFI-400945-52WEEKLY.m3,REF036.CFI-400945-52WEEKLY,-77.73706094940478,-77.73706094940478,PR,0.9026525968271992,2924.55317325,-2.4254125253654335
REF036.CFI-402257.m1,REF036.CFI-402257,-22.99523724207948,-8.845765276160321,SD,0.7937123910142722,3622.7138999999997,1.5154989413680784
REF036.CFI-402257-3ON4OFF.m1,REF036.CFI-402257-3ON4OFF,-2.1249217623293015,74.21322332542539,PD,0.31159503027410507,6235.17552,16.43250528571428
REF036.CFI-402257-3ON4OFF+PACLITAXEL.m1,REF036.CFI-402257-3ON4OFF+PACLITAXEL,-96.1221552130643,-84.00389025389026,CR,0.9230587382185067,3251.74813,-1.3849735262689227
REF036.CFI-402257-HD+PACLITAXEL.m1,REF036.CFI-402257-HD+PACLITAXEL,-100.0,-85.30922604570647,CR,0.9949732538382541,2703.8994009999997,-5.883214722093919
REF036.CX-5461.m1,REF036.CX-5461,58.354426868859676,108.85750120880111,PD,0.6754371380596478,5094.66408125,6.129891661095634
REF036.ERIBULIN.m1,REF036.ERIBULIN,-99.6360389831366,-99.6360389831366,CR,0.9993716567297818,1431.96447225,-6.5821657914622165
REF036.ERIBULIN.m2,REF036.ERIBULIN,-73.35722896174185,-62.89568377948538,PR,0.8686205048827087,4475.08825825,-6.1026403828867775
REF036.ERIBULIN-LOW.m1,REF036.ERIBULIN-LOW,-99.68725172869418,-99.68725172869418,CR,0.9949732538382541,1408.1138775,-7.840010058039962
REF036.FLUVASTATIN+TERBINIFINE.m1,REF036.FLUVASTATIN+TERBINIFINE,-63.71052427385355,-52.895377702072736,PR,0.8602587815735641,2423.0088412500004,-1.3189581433891997
REF036.FLUVASTATIN+TERBINIFINE.m2,REF036.FLUVASTATIN+TERBINIFINE,-36.215241100948106,-23.747826117015613,SD,0.7293157512853778,2874.0145505,2.0482555550678367
REF036.FLUVASTATIN+TERBINIFINE.m3,REF036.FLUVASTATIN+TERBINIFINE,42.569870141282465,63.664437694298215,PD,0.6198048030581568,4136.64590875,6.648420294517887
REF036.FLUVASTATIN+TERBINIFINE.m4,REF036.FLUVASTATIN+TERBINIFINE,9.872256515775035,20.585570352588544,SD,0.7278167353659759,3724.881686999999,0.3112938732503882
REF036.FLUVASTATIN+TERBINIFINE.m5,REF036.FLUVASTATIN+TERBINIFINE,-52.5689545679774,-45.065064367734465,PR,0.8420853825917846,1764.25630275,2.494637422364086
REF036.FLUVASTATIN+TERBINIFINE.m6,REF036.FLUVASTATIN+TERBINIFINE,-69.73024764150944,-52.66415984336062,PR,0.8456600425362946,1657.13823,1.4936299864864866
REF036.FLUVASTATIN+TERBINIFINE.m7,REF036.FLUVASTATIN+TERBINIFINE,-57.18917019188838,-54.94348897313678,PR,0.9042562878236435,1211.2261055,-0.24155967567567493
REF036.PACLITAXEL.m1,REF036.PACLITAXEL,-100.0,-89.4195212700213,CR,0.9830347317041076,3191.25954,-8.96575576486734
REF036.PACLITAXEL.m2,REF036.PACLITAXEL,-100.0,-98.81344243941047,CR,0.9949732538382541,2849.84344525,-5.887499981865282
REF036.PACLITAXEL.m3,REF036.PACLITAXEL,-92.06774022928037,-86.23922552066296,PR,0.8692588564045349,5859.2258839999995,-10.634351777646364
REF036.PACLITAXEL-15DAILY.m1,REF036.PACLITAXEL-15DAILY,-21.569250636268233,-12.037873411355204,SD,0.7970838441168503,6627.466876750001,0.0448349350411727
REF036.PACLITAXEL-15DAILY.m2,REF036.PACLITAXEL-15DAILY,-26.80349711275557,-24.18094917462058,SD,0.8916727581274093,2278.10552,-0.6932031609528051
REF036.PEG400.m1,REF036.PEG400,70.3985041310879,96.28121764735542,PD,0.49729116173754173,4795.4507730000005,13.267154453199053
REF036.PEG400.m2,REF036.PEG400,57.61332069015668,71.17088159046313,PD,0.7191473802184787,4002.2848980000003,4.550185661927329
REF036.PEG400.m3,REF036.PEG400,-20.74868872973189,-10.326169654692773,SD,0.8294443123605801,2321.8446357499997,0.6735221906092045
REF036.PEG400.m4,REF036.PEG400,-71.06709289292779,-54.071699903392044,PR,0.8230438727163341,1923.9595095,-0.8194532204043631
REF036.PEG400.m5,REF036.PEG400,-29.084380023781222,-21.8673973840666,SD,0.7977451609568598,2369.32901725,0.9888444787891266
REF036.PQ-1-6.m1,REF036.PQ-1-6,-90.47906270956531,-81.65538385642215,PR,0.9830347317041076,1433.62294075,-4.302977242857145
REF036.PQ-1-6.m2,REF036.PQ-1-6,-79.92087570080851,-79.92087570080851,PR,0.9497325383825411,1183.0870875,-5.486166857899384
REF036.PQ-1-6-VEHICLE.m1,REF036.PQ-1-6-VEHICLE,3.5711488761845267,10.104058378285918,SD,0.8684967859778325,3502.35040825,-0.6147627054416404
REF036.PQ-1-6-VEHICLE.m2,REF036.PQ-1-6-VEHICLE,24.280942004311655,41.435994797352585,PD,0.561719530288209,6152.19887975,6.417740592857148
REF036.PQ-1-6-VEHICLE.m3,REF036.PQ-1-6-VEHICLE,-5.363795978156938,22.011505969834143,SD,0.8480259409382742,6110.8335587500005,-4.2755150905057695
REF036.PQ-1-6-VEHICLE.m4,REF036.PQ-1-6-VEHICLE,-25.701836021570802,-1.5271980017556697,SD,0.8194769784663007,2966.3525922500003,1.7804783720756598
REF037.BMN-673.m1,REF037.BMN-673,-72.92923964392455,-3.018558451435971,SD,0.6771751679701363,4051.1057060000003,7.973758612076852
REF037.CARBOPLATIN.m1,REF037.CARBOPLATIN,315.9760093303225,455.3041156090373,PD,-0.1318539373749421,9867.639664999999,35.56658814840182
REF037.CDX-011.m1,REF037.CDX-011,139.92547422777645,305.43485230557604,PD,-0.7117468449865703,18897.7960665,48.06288720164987
REF037.CFI-400945.m1,REF037.CFI-400945,-32.59297520661158,4.394798898071639,SD,0.7816059606076391,3566.681728,3.678932408051235
REF037.CFI-400945-52WEEKLY.m1,REF037.CFI-400945-52WEEKLY,-60.46212971974745,-56.135868858817275,PR,0.6160143295812239,4339.17869175,2.1080776224737257
REF037.CFI-402257.m1,REF037.CFI-402257,-71.08189368770765,-43.700757945296985,PR,0.5680605247051128,7214.372141,8.757159633577311
REF037.CFI-402257-3ON4OFF+PACLITAXEL.m1,REF037.CFI-402257-3ON4OFF+PACLITAXEL,116.01322359580757,121.36663576099616,PD,0.5556054331662553,8169.351801999999,5.603743679078015
REF037.CX-5461.m1,REF037.CX-5461,-68.21249789171867,-23.855083233608287,PR,0.5509558606337017,5934.842959,6.72459844990851
REF037.PACLITAXEL.m1,REF037.PACLITAXEL,317.5385114035025,426.36222483163505,PD,0.22208120484383775,9521.704419500002,17.284297288461534
REF038.AZD-8205.m1,REF038.AZD-8205,-100.0,-98.85864292643953,CR,,1324.2522897499998,-6.66820219030782
REF039.BMN-673.m1,REF039.BMN-673,-38.66551896998385,-24.168372889263935,SD,0.6691955555555555,2600.00867175,-3.4900408785714276
REF039.CFI-402257+PACLITAXEL.m1,REF039.CFI-402257+PACLITAXEL,-23.265113388034575,6.011277463841402,SD,0.3221222222222222,2861.84154425,2.742805459574467
REF039.CFI-402257-3ON4OFF.m1,REF039.CFI-402257-3ON4OFF,2.365728768781472,32.031574909684444,PD,0.17007018666666673,3420.0025035,3.2480053255319135
REF039.ERIBULIN.m1,REF039.ERIBULIN,-18.573689077887767,-11.097863549372189,SD,-0.24644912000000008,5928.533452,1.4534408851022407
REF041.BMN-673.m1,REF041.BMN-673,-26.291830316982214,-11.790431747875807,SD,-0.09864856168714686,5681.4020255,2.6903973375108032
REF041.BMN-673.m2,REF041.BMN-673,-47.29802660443704,-5.533112381163797,SD,0.11150789211250167,4010.3398374999997,4.4037808199432895
REF041.CARBOPLATIN.m1,REF041.CARBOPLATIN,-0.5279676190670601,3.696105957331164,SD,0.11767379366114361,5798.468263000001,0.46564979767667064
REF041.CDX-011.m1,REF041.CDX-011,32.14265076149587,38.468886943924204,PD,0.5345178907783237,2949.53949875,0.725860407792837
REF041.CFI-400945.m1,REF041.CFI-400945,4.0469462069931295,11.451505377836636,SD,0.3612010301187074,3845.019919,1.0497689269662929
REF041.CFI-400945.m2,REF041.CFI-400945,17.56735046913802,21.842007458288126,SD,0.5595079336863858,2631.4020865,0.2815394373184896
REF041.CFI-400945.m3,REF041.CFI-400945,-44.22913896232632,-37.54912236483923,SD,0.2721381090299,3536.639668,0.039619789974070674
REF041.CFI-400945-52WEEKLY.m1,REF041.CFI-400945-52WEEKLY,35.539185106629475,39.45134239815975,PD,0.048785238974502265,5024.780791,2.99872800272651
REF041.CFI-402257.m1,REF041.CFI-402257,-19.807535822238208,-16.386407116933377,SD,0.6058820927346138,2440.073418,-0.5881444201355283
REF041.CFI-402257-3ON4OFF.m1,REF041.CFI-402257-3ON4OFF,56.34869327018064,73.47878138783845,PD,-0.5126331278436544,5802.115674000001,7.900415243902445
REF041.CFI-402257-3ON4OFF+PACLITAXEL.m1,REF041.CFI-402257-3ON4OFF+PACLITAXEL,-85.79638351936073,-63.642950288520694,PR,0.7078646745763356,2700.833896,-1.116570189035917
REF041.CX-5461.m1,REF041.CX-5461,-1.3002199186167296,27.28816787613164,SD,0.28250175751290274,3520.011886,2.242705020085066
REF041.ERIBULIN-LOW.m1,REF041.ERIBULIN-LOW,-100.0,-99.16661666366649,CR,1.0,1598.49218325,-6.585859810987416
REF041.PACLITAXEL.m1,REF041.PACLITAXEL,-39.99092185898696,-26.373867490010085,SD,0.3544650760199636,4642.49407325,1.5940083882886764
REF041.PACLITAXEL.m2,REF041.PACLITAXEL,-100.0,-76.02510675865204,CR,0.8658906962655399,2762.428708,-4.980746440116843
REF041.PACLITAXEL.m3,REF041.PACLITAXEL,-97.70314531940306,-79.4643414856429,CR,0.9434226374870247,2025.0266447499998,-7.187306268062827
REF042.BMN-673.m1,REF042.BMN-673,9.60753322324448,41.040538383834146,PD,,6451.7999927500005,7.207695677728015
REF042.CARBOPLATIN.m1,REF042.CARBOPLATIN,65.42429295871457,111.30234481960568,PD,,12975.49050725,19.562315353031465
REF042.CDX-011.m1,REF042.CDX-011,85.92370404402139,89.65664658889195,PD,,5463.78946175,4.930944424137934
REF042.CFI-400945-52WEEKLY.m1,REF042.CFI-400945-52WEEKLY,45.690443746364174,45.690443746364174,PD,,1319.8183525000002,19.6354682
REF042.CFI-402257-3ON4OFF+PACLITAXEL.m1,REF042.CFI-402257-3ON4OFF+PACLITAXEL,3.993677246870342,9.702946968161097,SD,,7384.44404475,2.096075322524942
REF042.CX-5461.m1,REF042.CX-5461,60.528562146106026,79.1133546893184,PD,,6509.7483365,4.864358418159612
REF043.BMN-673.m1,REF043.BMN-673,-83.41879928104308,-65.91546911438934,PR,0.9531859155308944,4214.46550875,-6.3086570428719
REF043.CARBOPLATIN.m1,REF043.CARBOPLATIN,143.41840945303454,164.79570580392746,PD,0.4932278272725099,13260.858838,13.370948549874264
REF043.CDX-011.m1,REF043.CDX-011,103.27015868029119,153.28412792076568,PD,0.0087350594237533,21310.401634,32.440574359597655
REF043.CFI-400945-52WEEKLY.m1,REF043.CFI-400945-52WEEKLY,-77.94989923103948,-19.438872302313083,SD,0.8720902485454157,4172.46580625,4.619212951081843
REF043.CFI-400945-5DAILY.m1,REF043.CFI-400945-5DAILY,41.92426715654298,103.09406704062631,PD,0.45106203957406177,11830.251802249999,18.15228518279839
REF043.CFI-402257.m1,REF043.CFI-402257,-11.729818260845292,11.316006255061307,SD,0.8000648475798615,4781.14135,3.0158585872933883
REF043.CFI-402257-3ON4OFF.m1,REF043.CFI-402257-3ON4OFF,41.58210286191783,156.30801465290256,PD,0.6162061421996798,5579.696356,17.89696027657143
REF043.CFI-402257-3ON4OFF+PACLITAXEL.m1,REF043.CFI-402257-3ON4OFF+PACLITAXEL,-100.0,-98.67701305957452,CR,0.9966974190850719,914.163822,-10.381603979381445
REF043.CX-5461.m1,REF043.CX-5461,30.067819316948974,42.70908788937624,PD,0.7296656275490752,8307.418474,5.675376831851252
REF043.ERIBULIN-LOW.m1,REF043.ERIBULIN-LOW,3.424928477290745,11.709501427776402,SD,0.8550335513178886,4347.599323,0.657531126781224
REF043.PACLITAXEL.m1,REF043.PACLITAXEL,-99.71137494045593,-97.20995775774064,CR,0.9888537894121178,3200.1179695,-6.552659924062214
REF043.PACLITAXEL.m2,REF043.PACLITAXEL,-100.0,-98.53715472664155,CR,0.999587177385634,1030.5534802500001,-3.7079356433361266
REF043.TRASTUZUMAB-CONTROL.m1,REF043.TRASTUZUMAB-CONTROL,-88.05570183634295,-67.10794389612744,PR,0.9888537894121178,1673.8175850000002,-4.096534548994975
REF043.TRASTUZUMAB-DERUXTECAN.m1,REF043.TRASTUZUMAB-DERUXTECAN,-96.58532143507557,-81.94798571905542,CR,0.9950461286276079,1799.502517,-6.725754738693467
REF044.BMN-673.m1,REF044.BMN-673,90.84586248620961,176.13220937656965,PD,0.14958887297258594,14758.973072,34.36352425025432
REF044.CARBOPLATIN.m1,REF044.CARBOPLATIN,144.78988678516978,207.98636366048987,PD,0.5343233042120284,8828.6725075,19.3462105126523
REF044.CARBOPLATIN.m2,REF044.CARBOPLATIN,11.793629318776254,117.92727188809775,PD,0.4348703736635229,7172.739889500001,28.33221939230769
REF044.CDX-011.m1,REF044.CDX-011,-56.2853400772789,-43.940821729787025,PR,0.8869801895477346,4965.295733749999,-1.9645728700923788
REF044.CDX-011.m2,REF044.CDX-011,76.89888596549324,93.95412495523875,PD,0.6965363740617707,7115.888136,8.006549273640168
REF044.CDX-011.m3,REF044.CDX-011,-100.0,-79.78083481356651,CR,1.0,4867.34089275,-15.164395171428566
REF044.CFI-400945.m1,REF044.CFI-400945,9.97630644502403,16.261293466213388,SD,0.7777719941567319,6147.863613,4.659693368322398
REF044.CFI-400945.m2,REF044.CFI-400945,73.32423208191126,86.32509239830746,PD,0.7159618359384501,5066.77416525,8.312510015989627
REF044.CFI-400945-41.6WEEKLY.m1,REF044.CFI-400945-41.6WEEKLY,225.83059024378792,311.3984533318037,PD,0.32983725506461836,7192.558406,52.540179220472446
REF044.CFI-400945-52WEEKLY.m1,REF044.CFI-400945-52WEEKLY,-73.69749490504446,-57.32574771102734,PR,0.8364914267876904,5941.020485999999,-1.3622590932655039
REF044.CFI-400945-52WEEKLY.m2,REF044.CFI-400945-52WEEKLY,-88.77577362980257,-63.879829829642574,PR,0.9894776420096282,1138.14505,-7.821531756756752
REF044.CFI-400945-52WEEKLY.m3,REF044.CFI-400945-52WEEKLY,-82.94421037890103,-49.32203254022579,PR,0.7396246724225681,5417.842051,6.073554905172418
REF044.CFI-400945-5DAILY.m1,REF044.CFI-400945-5DAILY,17.823342469827818,106.69016530671067,PD,0.7642948489219141,4960.762486,8.654175793005672
REF044.CFI-402257-3ON4OFF.m1,REF044.CFI-402257-3ON4OFF,8.118083272177623,136.0927773748438,PD,0.5144808650609254,9603.7221175,18.77851421317475
REF044.CFI-402257-3ON4OFF.m2,REF044.CFI-402257-3ON4OFF,112.92731561205387,140.12126247359225,PD,0.5278999892343503,6100.656325,27.344506165540547
REF044.CFI-402257-3ON4OFF.m3,REF044.CFI-402257-3ON4OFF,130.67419614462028,293.2297406486151,PD,0.269651705661467,11434.7521215,38.833353206340384
REF044.CFI-402257-3ON4OFF+PACLITAXEL.m1,REF044.CFI-402257-3ON4OFF+PACLITAXEL,-96.98126289500722,-47.16681787269263,CR,0.9968822642991491,662.703855,-5.731283175257732
REF044.CFI-402257-3ON4OFF+PACLITAXEL.m2,REF044.CFI-402257-3ON4OFF+PACLITAXEL,-14.768736048453812,-2.963484401592853,SD,0.8193872812625509,4691.8613875,3.518861023869347
REF044.CFI-402257-3ON4OFF+PACLITAXEL.m3,REF044.CFI-402257-3ON4OFF+PACLITAXEL,-99.15144373702006,-49.4679088353692,CR,0.54279511340214,7990.645699999999,16.83821242999136
REF044.CFI-402257-3ON4OFF+PACLITAXEL-15DAILY.m1,REF044.CFI-402257-3ON4OFF+PACLITAXEL-15DAILY,6.629834418356917,35.47066582294105,PD,0.6804612414915837,7454.311927999999,7.518522628571433
REF044.CX-5461.m1,REF044.CX-5461,74.88673143994806,240.52720664395935,PD,0.26524478624831427,14292.5015325,29.869789088830835
REF044.CX-5461.m2,REF044.CX-5461,37.038328666317376,183.20494675491736,PD,0.5064990173894097,10657.43994525,19.410855880603094
REF044.CX-5461.m3,REF044.CX-5461,0.9653920206224686,64.68374890557274,PD,0.883878521487535,2170.0233135000003,4.177070907142856
REF044.ERIBULIN.m1,REF044.ERIBULIN,-98.56903387517164,-93.09048317793489,CR,0.9610728776169616,4197.378021750001,-10.795841894564198
REF044.ERIBULIN.m2,REF044.ERIBULIN,-100.0,-99.02798176592938,CR,1.0,508.100733,-5.935927342857142
REF044.ERIBULIN-EXTRALOW.m1,REF044.ERIBULIN-EXTRALOW,-40.39581842946468,-37.97397648954966,SD,0.8339073044126998,6965.686207750001,-1.6447720222558337
REF044.ERIBULIN-LOW.m1,REF044.ERIBULIN-LOW,-91.75415155564039,-66.92267196029778,PR,0.9648572604260283,3103.859455,-3.5143922420537903
REF044.ERIBULIN-LOW.m2,REF044.ERIBULIN-LOW,31.348869252381874,65.07599671098396,PD,0.6992359341085379,8086.937715,7.995852944706995
REF044.ERIBULIN-LOW.m3,REF044.ERIBULIN-LOW,-90.16429560619413,-79.2136750193897,PR,0.974195720638716,1359.530469,-4.218964715481171
REF044.ERIBULIN-LOW.m4,REF044.ERIBULIN-LOW,-32.00196331026978,-22.030311045729622,SD,0.7400061258266994,6073.6965325,-2.3189157465753394
REF044.ERIBULIN-LOW.m5,REF044.ERIBULIN-LOW,-0.42778042571164354,9.229646609509912,SD,0.6089585850756513,9659.907982,7.808512991379316
REF044.PACLITAXEL.m1,REF044.PACLITAXEL,-97.5212824163471,-59.22792603127074,CR,0.9968822642991491,3348.29829675,-8.342908161710891
REF044.PACLITAXEL.m2,REF044.PACLITAXEL,103.53948402133742,164.43217083371513,PD,0.18561684215617524,16707.916077,31.40790359504863
REF044.PACLITAXEL.m3,REF044.PACLITAXEL,-19.70603028917314,7.598320157158778,SD,0.6295758828748261,12572.188797499999,3.304128888753054
REF044.PACLITAXEL-15DAILY.m1,REF044.PACLITAXEL-15DAILY,108.67992001947809,168.8536663915513,PD,0.214360673946403,14514.149332,27.856704358013122
REF044.PACLITAXEL-15DAILY.m2,REF044.PACLITAXEL-15DAILY,-11.507091817750192,22.787571734469992,SD,0.8302786135301944,3861.9079055,4.467418435956085
REF045.CFI-400945.m1,REF045.CFI-400945,-99.51061691162313,-65.69955433252414,CR,0.8485527988041143,2999.159895,-0.09953124780915258
REF047.ADC-CONTROL.m1,REF047.ADC-CONTROL,489.2205207620096,493.6841978438098,PD,0.21873402529706698,7193.957883000001,31.820619615384615
REF047.ADC-CONTROL.m2,REF047.ADC-CONTROL,-14.849638560941504,-5.095017598118656,SD,0.8459074425754158,3125.5107419999995,0.21565585420944566
REF047.ADC-CONTROL.m3,REF047.ADC-CONTROL,-62.433988532446094,-46.281664486790895,PR,0.8296334396539412,2972.5140707499995,1.8414378538519638
REF047.ADC-CONTROL.m4,REF047.ADC-CONTROL,-12.91617469303179,0.5716400901515151,SD,0.6719797255366662,4465.78656675,3.7256054852719034
REF047.AZD-5305.m1,REF047.AZD-5305,313.0684030157318,374.20731124192093,PD,0.01887805922357011,12353.37228075,29.35518384423676
REF047.AZD-5305.m2,REF047.AZD-5305,59.74620788900895,94.9960254315533,PD,0.3501812220760674,10095.63684875,11.476616342833193
REF047.AZD-5305.m3,REF047.AZD-5305,-41.7822808034576,-36.09612224326574,SD,0.724274939864094,2970.1224362499997,2.8875242947129913
REF047.AZD-8205.m1,REF047.AZD-8205,-97.04665691407149,-97.04665691407149,CR,0.976136442529514,1947.26071225,-5.364132265831139
REF047.AZD-8205.m2,REF047.AZD-8205,-96.62632880474203,-95.50177173965604,CR,0.9665231754474312,3337.9646544999996,-6.1859783725758595
REF047.AZD-8205.m3,REF047.AZD-8205,-99.5267743545886,-99.5267743545886,CR,0.9946969872287809,1102.9713455,-3.493998666465257
REF047.BMN-673.m1,REF047.BMN-673,37.188070252277726,153.37869139261247,PD,-0.0726300165642455,9743.2038115,26.914480671984062
REF047.BMN-673.m2,REF047.BMN-673,65.90551181102362,118.74482356372123,PD,0.2510432431036943,7525.906199999999,15.754882394366195
REF047.CARBOPLATIN.m1,REF047.CARBOPLATIN,47.73091279443476,93.7135668958428,PD,0.6748391802878269,4509.47057175,5.666076399144253
REF047.CARBOPLATIN.m2,REF047.CARBOPLATIN,28.05247421075037,76.80204902829738,PD,0.3469075125391342,7595.77606825,12.515254779608197
REF047.CDX-011.m1,REF047.CDX-011,24.419748260934536,32.230800801836956,PD,0.5336465633598548,9324.188554,3.3406541471067643
REF047.CDX-011.m2,REF047.CDX-011,87.17961050924839,124.60942852924424,PD,0.06229153454290004,10765.066883,18.650925803448285
REF047.CFI-400945.m1,REF047.CFI-400945,69.45123711243886,95.72408776265003,PD,0.5724694697647408,6075.627656749999,7.751968897806582
REF047.CFI-400945.m2,REF047.CFI-400945,115.71612052742401,140.74808058839864,PD,-0.38921982465014415,19422.195480000002,24.564017542253517
REF047.CFI-400945-52WEEKLY.m1,REF047.CFI-400945-52WEEKLY,42.05453083409678,80.45500965243329,PD,0.47352675302561664,8340.271348,9.652860420537897
REF047.CFI-402257.m1,REF047.CFI-402257,30.36022675755874,86.5363666262585,PD,0.12857447185026594,7295.518448999999,18.75383353938187
REF047.CFI-402257.m2,REF047.CFI-402257,0.4784221969174052,29.413032682495444,SD,0.49944093515611165,6172.34057,8.181892075117371
REF047.CFI-402257-3ON4OFF+PACLITAXEL.m1,REF047.CFI-402257-3ON4OFF+PACLITAXEL,-57.55891690835123,-41.21735055442648,PR,0.9176102723812317,2192.49220125,-0.2698923615023472
REF047.CX-5461.m1,REF047.CX-5461,37.00583549855894,64.1068326243975,PD,0.5422692382622996,6421.87749325,6.90513441715604
REF047.DATOPOTAMAB-CONTROL.m1,REF047.DATOPOTAMAB-CONTROL,431.4889838860694,686.0510979978197,PD,-0.39777809711398904,13253.4198125,42.45389841705716
REF047.DATOPOTAMAB-CONTROL.m2,REF047.DATOPOTAMAB-CONTROL,113.93885879233582,142.859346098672,PD,0.30707705293113785,7028.822787249999,12.604459477359935
REF047.DATOPOTAMAB-CONTROL.m3,REF047.DATOPOTAMAB-CONTROL,575.729008451878,799.8663378459194,PD,-0.6682542650383894,17181.697285000002,54.10070447154472
REF047.DATOPOTAMAB-CONTROL.m4,REF047.DATOPOTAMAB-CONTROL,-53.15846791782018,94.77551928137503,PD,0.44836239303741454,5609.092312750001,13.726904059932943
REF047.DATOPOTAMAB-CONTROL.m5,REF047.DATOPOTAMAB-CONTROL,118.52875891479822,198.81123396055224,PD,0.381627443493345,5539.68235875,15.041654214151826
REF047.DATOPOTAMAB-DERUXTECAN.m1,REF047.DATOPOTAMAB-DERUXTECAN,-66.6221331169933,-53.542497926578214,PR,0.8950975221873883,1184.8037212499999,-0.8686373948837209
REF047.DATOPOTAMAB-DERUXTECAN.m2,REF047.DATOPOTAMAB-DERUXTECAN,-74.41568134526442,-61.76698954929619,PR,0.8528588458250705,2883.8966782499997,-1.3657039272231546
REF047.DATOPOTAMAB-DERUXTECAN.m3,REF047.DATOPOTAMAB-DERUXTECAN,-99.56856652682153,-97.55521031865536,CR,0.9993371234035976,547.320892,-3.4762263436714176
REF047.DATOPOTAMAB-DERUXTECAN.m4,REF047.DATOPOTAMAB-DERUXTECAN,-83.22033898305085,-72.73570060987103,PR,0.9212209612018355,4967.1158510000005,-6.257234080742657
REF047.DATOPOTAMAB-DERUXTECAN.m5,REF047.DATOPOTAMAB-DERUXTECAN,-77.56571446432069,-57.84310924216663,PR,0.6034086217409704,2433.02896,6.752312767857145
REF047.DATOPOTAMAB-DERUXTECAN.m6,REF047.DATOPOTAMAB-DERUXTECAN,-84.25473962843625,-64.11543530340379,PR,0.9489921364355177,1990.0827602499999,-3.9332093996350364
REF047.ERIBULIN.m1,REF047.ERIBULIN,-97.64108928080775,-88.26957378509178,CR,0.8019421987203894,4117.7080605,-1.5116897935779818
REF047.ERIBULIN-LOW.m1,REF047.ERIBULIN-LOW,-9.111309941367562,3.265111268631138,SD,0.8521283737135033,2919.9324939999997,0.35272921141855035
REF047.ERIBULIN-LOW.m2,REF047.ERIBULIN-LOW,-96.3057750617836,-96.3057750617836,CR,0.9241723032439128,2701.19833025,-2.4648603857142866
REF047.ERIBULIN-LOW.m3,REF047.ERIBULIN-LOW,-64.85671525953398,-58.54260236712958,PR,0.8668077911869958,5409.0605205,-3.4629397714285735
REF047.PACLITAXEL.m1,REF047.PACLITAXEL,22.710603919821292,59.346455365027964,PD,0.23034319458749608,11491.254059750001,13.336324380733943
REF047.PACLITAXEL.m2,REF047.PACLITAXEL,-65.01239741962932,-62.56326523900337,PR,0.9486668363745991,2088.0818525,-2.217099085714287
REF047.PQ-1-6.m1,REF047.PQ-1-6,-27.585788351969185,5.238541147776066,SD,0.8193612566631193,2947.4637855,-0.8558456573208733
REF047.PQ-1-6.m2,REF047.PQ-1-6,140.30216698633512,187.86844900889616,PD,0.3381450926441423,7525.945188000001,16.22883742682927
REF047.PQ-1-6.m3,REF047.PQ-1-6,-52.82604623981362,-36.28637674819745,PR,0.8813156893411692,2245.2660940000005,-0.5410501053540588
REF047.PQ-1-6-VEHICLE.m1,REF047.PQ-1-6-VEHICLE,62.64015593014487,93.79810621271929,PD,0.5110751300266849,6929.51476275,9.310083969767442
REF047.PQ-1-6-VEHICLE.m2,REF047.PQ-1-6-VEHICLE,313.4258174655738,528.2917836466942,PD,-0.6322501770606745,15089.33942925,51.428258130081296
REF047.PQ-1-6-VEHICLE.m3,REF047.PQ-1-6-VEHICLE,52.955979551028285,76.99300403064704,PD,0.5652703826748404,6676.512126,4.861685216753021
REF047.SACITUZAMAB-GOVITECAN.m1,REF047.SACITUZAMAB-GOVITECAN,-68.18823997612178,-49.01049898045221,PR,0.9562856913949246,2130.62987625,-3.788598137769446
REF047.SACITUZAMAB-GOVITECAN.m2,REF047.SACITUZAMAB-GOVITECAN,8.971286638307774,27.39869474366481,SD,0.8667164315458498,3008.6633140000004,-0.5776091606060614
REF047.SACITUZAMAB-GOVITECAN.m3,REF047.SACITUZAMAB-GOVITECAN,154.75558659217876,176.40359960552266,PD,0.599159052456754,7097.692614,6.494858624247636
REF047.SACITUZAMAB-GOVITECAN.m4,REF047.SACITUZAMAB-GOVITECAN,-64.97712467217151,-59.929429964197126,PR,0.9171404254497018,1666.5692682499998,-1.7938542924764884
REF047.TRASTUZUMAB-CONTROL.m1,REF047.TRASTUZUMAB-CONTROL,71.9952409530428,274.7623063097171,PD,-0.34715466087707103,7653.443036500001,38.689658373822006
REF047.TRASTUZUMAB-CONTROL.m2,REF047.TRASTUZUMAB-CONTROL,34.053269790872484,86.86949866814177,PD,0.6403266720380261,6377.22572475,5.713895514249791
REF047.TRASTUZUMAB-CONTROL.m3,REF047.TRASTUZUMAB-CONTROL,22.67813187174783,89.42308239049616,PD,0.55515614395352,7599.02887475,8.14639113994458
REF047.TRASTUZUMAB-CONTROL.m4,REF047.TRASTUZUMAB-CONTROL,333.8226570054698,432.7255305747447,PD,-0.2454789642527504,14998.409029,27.614825291768547
REF047.TRASTUZUMAB-DERUXTECAN.m1,REF047.TRASTUZUMAB-DERUXTECAN,-55.52551337781648,-48.71954117039243,PR,0.9289797083733125,2288.6236825,-2.2598935557885906
REF047.TRASTUZUMAB-DERUXTECAN.m2,REF047.TRASTUZUMAB-DERUXTECAN,-50.780186206141444,-39.13304298055624,PR,0.4909348058910932,9091.2967445,4.053769074601844
REF047.TRASTUZUMAB-DERUXTECAN.m3,REF047.TRASTUZUMAB-DERUXTECAN,-16.646162222442907,-2.6418958354769595,SD,0.6853736231123727,8474.7450735,-2.333775770746019
REF047.TRASTUZUMAB-DERUXTECAN.m4,REF047.TRASTUZUMAB-DERUXTECAN,-38.4480970493427,-6.695403079170337,SD,0.6909177002381459,7488.260244,-1.5960846967537616
REF047_P10.BMN-673.m1,REF047_P10.BMN-673,134.65140478668056,143.66824661347252,PD,0.24785546072599818,6027.97709575,20.467195313609473
REF047_P10.CX-5461.m1,REF047_P10.CX-5461,196.65376574981278,196.65376574981278,PD,0.21124516141975358,2806.264308,43.47797212499999
REF047_P11.CARBOPLATIN.m1,REF047_P11.CARBOPLATIN,17.980970407352604,142.46849490880567,PD,0.5658453250547846,10659.398244,22.622776034229837
REF047_P3_DATO_RES_P7.BMN-673.m1,REF047_P3_DATO_RES_P7.BMN-673,165.70319940320672,248.61107304778193,PD,-0.7490705588005679,4495.95409025,28.61747939285715
REF047_P5_TRAZ_RES_P5.DATOPOTAMAB-DERUXTECAN.m1,REF047_P5_TRAZ_RES_P5.DATOPOTAMAB-DERUXTECAN,156.3404777953238,223.2236348452195,PD,-0.8888337604310546,6552.26997725,16.168181029197083
REF047_P5_TRAZ_RES_P5.PACLITAXEL.m1,REF047_P5_TRAZ_RES_P5.PACLITAXEL,246.8326167705621,310.8967980578326,PD,-1.0997333067391422,8033.9211625,20.84207679162304
REF047_P5_TRAZ_RES_P5.TRASTUZUMAB-DERUXTECAN.m1,REF047_P5_TRAZ_RES_P5.TRASTUZUMAB-DERUXTECAN,129.21392534583993,280.9204691439424,PD,-2.282914236593152,11166.53564225,33.28388088321167
REF048.ADC-CONTROL.m1,REF048.ADC-CONTROL,-16.47290549609609,1.9303366763076868,SD,0.6760098024895406,6210.1248035,7.870421297507553
REF048.ADC-CONTROL.m2,REF048.ADC-CONTROL,-36.54057417950376,25.89350727770463,SD,0.5897236771205039,8641.002403999999,9.98282863404704
REF048.ADC-CONTROL.m3,REF048.ADC-CONTROL,-44.89206213307241,-34.794728127014416,SD,0.8218067666745755,4357.1678015,0.4530036691087608
REF048.ADC-CONTROL.m4,REF048.ADC-CONTROL,40.03033127410316,57.29990809183989,PD,-0.27395618220253026,12400.48916125,43.92742752807972
REF048.ADC-CONTROL.m5,REF048.ADC-CONTROL,13.100736721582074,54.78393002224264,PD,0.5100420637653046,7674.9775675,16.183083501811602
REF048.AZD-5305.m1,REF048.AZD-5305,-100.0,-100.0,CR,0.99686540096135,4229.798026,-19.00058692624874
REF048.AZD-5305.m2,REF048.AZD-5305,-100.0,-100.0,CR,0.9996081751201688,1731.113302,-10.088536357525976
REF048.AZD-5305.m3,REF048.AZD-5305,-100.0,-100.0,CR,0.99686540096135,1900.3894105,-7.828319450316644
REF048.AZD-5305.m4,REF048.AZD-5305,-100.0,-100.0,CR,0.9996081751201688,756.5007880000001,-3.8192280832328103
REF048.AZD-5305.m5,REF048.AZD-5305,-100.0,-100.0,CR,0.9858943043260753,5176.60048975,-19.07234850905797
REF048.AZD-5305.m6,REF048.AZD-5305,-100.0,-100.0,CR,0.99686540096135,2407.729978,-9.455939794486408
REF048.AZD-5305.m7,REF048.AZD-5305,-92.15576813010729,-90.81981089927663,PR,0.739016418641044,1889.953226,1.7493814078549856
REF048.AZD-5305.m8,REF048.AZD-5305,-100.0,-100.0,CR,0.9996081751201688,1287.1482540000002,-5.061446394335347
REF048.AZD-8205.m1,REF048.AZD-8205,-100.0,-100.0,CR,0.9996081751201688,1498.819477,-8.043069810271904
REF048.AZD-8205.m2,REF048.AZD-8205,-100.0,-100.0,CR,0.99686540096135,2029.2506349999999,-11.932408396551722
REF048.AZD-8205.m3,REF048.AZD-8205,-100.0,-100.0,CR,1.0,1608.2032462500001,-6.724740462862318
REF048.AZD-8205.m4,REF048.AZD-8205,-99.63704618882329,-99.63704618882329,CR,0.99686540096135,1222.38651225,-5.506124042345527
REF048.AZD-8205.m5,REF048.AZD-8205,-100.0,-100.0,CR,1.0,679.4957707499999,-4.173339854941069
REF048.AZD-8205.m6,REF048.AZD-8205,-89.53440072135422,-87.84256682729928,PR,0.9739567128509646,1503.6723757500001,-5.4688250989913225
REF048.BMN-673.m1,REF048.BMN-673,-96.77183229991616,-80.11408344652097,CR,0.9572554320343298,2225.4678999999996,-4.60078943089431
REF048.BMN-673.m2,REF048.BMN-673,-99.66304280434647,-80.58236986039189,CR,0.99686540096135,2644.84275,-9.527724248927038
REF048.CARBOPLATIN.m1,REF048.CARBOPLATIN,-37.981430545532525,-31.000397298166227,SD,0.8436596348436203,6495.9362845,1.5364631354865768
REF048.CARBOPLATIN.m2,REF048.CARBOPLATIN,-98.01855887602514,-98.01855887602514,CR,0.9858943043260753,1999.7765487499996,-8.683052137696462
REF048.CDX-011.m1,REF048.CDX-011,252.78644657726835,686.9296014772689,PD,0.038555782865287935,17355.075882499998,51.92634351191422
REF048.CDX-011.m2,REF048.CDX-011,82.28394248251307,172.44320985590736,PD,0.16661841601976424,17673.83466075,33.32376082397191
REF048.CFI-400945.m1,REF048.CFI-400945,90.61123252350443,100.61014412204568,PD,0.48226209707876644,13898.870334250001,12.53721840872663
REF048.CFI-400945.m2,REF048.CFI-400945,1.6835069627255672,11.90763260246317,SD,0.8990163635239424,4079.4579592500004,-0.5830398628650357
REF048.CFI-400945.m3,REF048.CFI-400945,-67.76411395613854,-62.689878422974274,PR,0.9214422951709843,2494.046594,-1.1374364081570993
REF048.CFI-400945.m4,REF048.CFI-400945,43.34491718779048,51.32292056747685,PD,0.7639398745935952,10923.7367065,8.669336604986281
REF048.CFI-400945-52WEEKLY.m1,REF048.CFI-400945-52WEEKLY,-27.62463179524698,9.38551551828577,SD,0.6551684020363888,6175.673656,9.600094508041629
REF048.CFI-400945-52WEEKLY.m2,REF048.CFI-400945-52WEEKLY,-81.36456023038659,-50.828650996619196,PR,0.8890555720601421,4939.9259675,-0.2830884871912172
REF048.CFI-402257.m1,REF048.CFI-402257,32.72177597912316,305.31666249729363,PD,0.278886627450731,12520.367043999999,34.7423984168242
REF048.CFI-402257-3ON4OFF.m1,REF048.CFI-402257-3ON4OFF,218.3251708999812,424.53258584622466,PD,0.07556912831366669,14278.389185,41.764390876092136
REF048.CFI-402257-3ON4OFF+PACLITAXEL.m1,REF048.CFI-402257-3ON4OFF+PACLITAXEL,-15.627803277230623,31.037766876059347,PD,0.472710462084707,10873.372877,15.242748460201284
REF048.CX-5461.m1,REF048.CX-5461,-99.66945238096623,-98.12689682547531,CR,0.9741933476506411,2809.8529280000002,-6.244233192816636
REF048.DATOPOTAMAB-DERUXTECAN.m1,REF048.DATOPOTAMAB-DERUXTECAN,-99.87101848592597,-99.09712940148175,CR,0.9952981014420251,2750.4178637500004,-22.90565402250662
REF048.ERIBULIN.m1,REF048.ERIBULIN,-100.0,-99.1301278009276,CR,0.9894207282445564,2540.683302,-40.99973370642199
REF048.ERIBULIN-LOW.m1,REF048.ERIBULIN-LOW,-96.63703138855759,-88.22960985995157,CR,0.9952981014420251,2416.5608505,-5.738926791666666
REF048.PACLITAXEL.m1,REF048.PACLITAXEL,269.58460052163093,585.6998977076953,PD,0.09021143756431727,24132.006642,42.32045816680638
REF048.PACLITAXEL.m2,REF048.PACLITAXEL,54.34227241484848,141.5820210998961,PD,-0.013804898013016764,19947.9774665,41.66001015694863
REF048.PQ-1-6.m1,REF048.PQ-1-6,-90.52959499197407,-90.52959499197407,PR,0.9858943043260753,1936.40761625,-7.48155059090909
REF048.PQ-1-6.m2,REF048.PQ-1-6,-68.15906135231995,-61.65454362730711,PR,0.9328207780111929,4931.8541000000005,-7.957908228096678
REF048.PQ-1-6.m3,REF048.PQ-1-6,-76.06741487053175,-70.26548349061163,PR,0.9490285185601416,4967.3214235,-10.860880196450152
REF048.SACITUZAMAB-GOVITECAN.m1,REF048.SACITUZAMAB-GOVITECAN,-100.0,-100.0,CR,0.9992163502403375,1256.425488,-6.976479021081502
REF048.SACITUZAMAB-GOVITECAN.m2,REF048.SACITUZAMAB-GOVITECAN,-100.0,-100.0,CR,0.9996081751201688,737.5206005,-3.6777269758620683
REF048.SACITUZAMAB-GOVITECAN.m3,REF048.SACITUZAMAB-GOVITECAN,-99.50348873639373,-99.50348873639373,CR,0.99686540096135,1381.991266,-6.6816253153605
REF048.SACITUZAMAB-GOVITECAN.m4,REF048.SACITUZAMAB-GOVITECAN,-98.51462056103847,-98.26705732121155,CR,0.9894207282445564,2460.69376025,-11.166185416138877
REF048.SACITUZAMAB-GOVITECAN.m5,REF048.SACITUZAMAB-GOVITECAN,-99.57927756909946,-98.45735108669798,CR,0.9952981014420251,4052.21537375,-16.33167675639222
REF048.TRASTUZUMAB-DERUXTECAN.m1,REF048.TRASTUZUMAB-DERUXTECAN,-100.0,-95.14730534184531,CR,0.99686540096135,1652.9488350000001,-8.173356377707579
REF049.BMN-673.m1,REF049.BMN-673,13.818430376652358,120.17206525917268,PD,,7374.0711265,11.460679620234604
REF049.CFI-400945.m1,REF049.CFI-400945,-98.2430870394358,-96.19335525211092,CR,,1532.133263,-9.561807726856099
REF049.CFI-400945.m2,REF049.CFI-400945,-84.94178518871641,-84.74680070481165,PR,,2951.2855952500004,-2.8902578938533057
REF052.AZD-5305.m1,REF052.AZD-5305,19.451843211409848,65.85828476797133,PD,0.18712441926690138,4704.395828,6.850464537693563
REF052.AZD-5305.m2,REF052.AZD-5305,23.258596974600888,44.871549889824735,PD,0.6732452123622261,4145.0383010000005,-0.23268989103101403
REF052.AZD-8205.m1,REF052.AZD-8205,154.48735998041258,233.87290387821733,PD,-0.37897175390682714,5717.119882999999,16.963325810344834
REF052.BMN-673.m1,REF052.BMN-673,11.841773891783824,34.65422177142328,PD,0.4615713310094772,4447.3453819999995,4.761019445164507
REF052.BMN-673.m2,REF052.BMN-673,72.31039265395462,78.44476299145788,PD,0.017709458706752557,3684.1114979999993,13.756401333333335
REF052.CARBOPLATIN.m1,REF052.CARBOPLATIN,-43.66676033294205,47.10642207021314,PD,-1.5729497540663284,11888.621952000001,25.798897547721413
REF052.CDX-011.m1,REF052.CDX-011,-13.446437343493523,8.3378683234004,SD,0.5343575274360304,4033.36650675,2.196826290714994
REF052.CDX-011.m2,REF052.CDX-011,-34.51083593525534,-19.277671405039097,SD,0.5475182198653061,3873.3937212500005,-1.0739262978042095
REF052.CFI-400945.m1,REF052.CFI-400945,-66.7155586063308,-64.75571843877448,PR,0.7781565992056863,2254.01145375,-2.5004753083677698
REF052.CFI-400945.m2,REF052.CFI-400945,-26.41063837108508,-13.754824305168366,SD,0.5254416164489137,2541.0859005,-0.6495298712121232
REF052.CFI-400945-52WEEKLY.m1,REF052.CFI-400945-52WEEKLY,69.89459539670051,160.26185776523047,PD,-0.104248323879373,5826.1400730000005,11.950071812217194
REF052.CFI-402257.m1,REF052.CFI-402257,27.57524070628574,42.73888963339161,PD,-0.2267968912222138,5287.838047499999,10.941927002180229
REF052.CX-5461.m1,REF052.CX-5461,37.462886059787934,65.0534769532452,PD,0.3567095111565277,5791.964478000001,4.658740472985347
REF052.DATOPOTAMAB-CONTROL.m1,REF052.DATOPOTAMAB-CONTROL,175.12583213757154,309.38087520848,PD,-1.024653482962858,9320.00012875,30.413665940366972
REF052.PACLITAXEL.m1,REF052.PACLITAXEL,-24.450951348752227,-20.997675891040824,SD,0.43741245863573,7022.01471825,1.0164547148740313
REF052.PQ-1-6.m1,REF052.PQ-1-6,-83.30558498966415,-70.39467570735275,PR,0.9386496528047859,2120.2949614999998,-3.4372465070996974
REF052.PQ-1-6.m2,REF052.PQ-1-6,-58.668371258351826,-42.058032333057724,PR,0.8739923910150091,2788.1511455,-2.6764789982758614
REF052.PQ-1-6-VEHICLE.m1,REF052.PQ-1-6-VEHICLE,85.72087549771443,93.89607838400447,PD,0.48215767041546853,5078.17261425,2.826196707250629
REF052.PQ-1-6-VEHICLE.m2,REF052.PQ-1-6-VEHICLE,-59.55412688359867,-1.223234344216939,SD,0.20095903299004714,4095.8467634999997,9.44639033700696
REF052.SACITUZAMAB-GOVITECAN.m1,REF052.SACITUZAMAB-GOVITECAN,-71.82126035134398,-68.914940085263,PR,0.8909327160973972,1775.173768,-0.9385564661631419
REF052.SACITUZAMAB-GOVITECAN.m2,REF052.SACITUZAMAB-GOVITECAN,-64.94823643185666,-62.02725613451139,PR,0.9127461728779177,1586.77167825,-2.8676509668495296
REF052.TRASTUZUMAB-CONTROL.m1,REF052.TRASTUZUMAB-CONTROL,-2.5526252571205554,15.504399279436853,SD,-0.3299475817248365,7788.526469750001,9.375518469404861
REF052.TRASTUZUMAB-DERUXTECAN.m1,REF052.TRASTUZUMAB-DERUXTECAN,-62.81139613266068,-61.3231944775293,PR,0.8982519829354173,1365.29698675,-1.7559082516764453
REF054.BMN-673.m1,REF054.BMN-673,-22.36725112228387,54.115009336600586,PD,,3613.8150087500003,10.722308965311004
REF057.BMN-673.m2,REF057.BMN-673,92.31002044052015,201.8730024161811,PD,-0.9288767933941264,6287.28397025,23.74454654126214
REF057.CARBOPLATIN.m1,REF057.CARBOPLATIN,18.549764570870565,47.293353860897255,PD,0.44093817810906843,3588.0914257500003,3.6257448132036862
REF057.CDX-011.m1,REF057.CDX-011,86.84277294340623,95.6871693596179,PD,-0.09375262053314559,9317.228477,8.151967632326004
REF057.CFI-400945.m1,REF057.CFI-400945,113.85125737945847,132.4453871449966,PD,0.04261896225785078,9947.09986875,7.849494022567701
REF057.CFI-400945-52WEEKLY.m1,REF057.CFI-400945-52WEEKLY,-25.3812822012798,-13.389490145379856,SD,0.6647284873801635,2349.0288355000002,0.7766168557168787
REF057.CX-5461.m1,REF057.CX-5461,63.57212475633527,141.34901417316436,PD,-0.5814842775597431,8329.734117,14.81134414098837
REF057.PACLITAXEL.m1,REF057.PACLITAXEL,47.31930272108844,164.3684718679138,PD,-1.1167088271279324,7338.251280500001,21.52083472456395
REF062.ADC-CONTROL.m1,REF062.ADC-CONTROL,101.43195650975213,368.0735604795841,PD,0.06469630215543543,10585.69991825,48.42518835916231
REF062.AZD-8205.m1,REF062.AZD-8205,831.8755497252314,1032.401328607519,PD,-0.40123508965925514,15910.5305295,109.1703762056213
REF062.AZD-8205.m2,REF062.AZD-8205,156.32953420227605,233.27593202960904,PD,0.6366704116660541,9032.71604325,14.198800210570468
REF062.BMN-673.m1,REF062.BMN-673,37.4996048331399,165.404650864739,PD,0.641139996735227,4723.060600000001,18.354247758490565
REF062.CARBOPLATIN.m1,REF062.CARBOPLATIN,50.59651071312879,203.6391466346056,PD,0.11627128606692372,12282.14732325,37.44746572896976
REF062.CDX-011.m1,REF062.CDX-011,32.8837288085323,161.77039527081502,PD,0.2653121963278572,7606.698061,36.764633456603775
REF062.CFI-400945.m1,REF062.CFI-400945,-42.50188116296113,-24.227762475817716,SD,0.680611808475263,8956.097287,-1.792355553166353
REF062.CX-5461.m1,REF062.CX-5461,39.076758083713536,82.92684354611626,PD,0.2720489676312756,8036.6729614999995,27.10523009818287
REF062.CX-5461.m2,REF062.CX-5461,7.509888117191332,57.32048418360625,PD,-0.1595167486742901,11009.983105500001,62.74854229166666
REF062.DATOPOTAMAB-CONTROL.m1,REF062.DATOPOTAMAB-CONTROL,66.27811996931425,229.5334580436953,PD,0.22139775361586955,7078.5884559999995,52.63380856804735
REF062.DATOPOTAMAB-CONTROL.m2,REF062.DATOPOTAMAB-CONTROL,281.6383902691891,646.3238246777115,PD,-0.03508366320804979,14851.00393875,57.467074121428546
REF062.DATOPOTAMAB-CONTROL.m3,REF062.DATOPOTAMAB-CONTROL,375.2567785373489,421.90587581277555,PD,-0.22857161416867378,14883.5551875,87.18647410714284
REF062.DATOPOTAMAB-DERUXTECAN.m1,REF062.DATOPOTAMAB-DERUXTECAN,480.1938183882112,695.2359412079136,PD,-0.4086464584787657,19112.94652225,68.72705375714285
REF062.DATOPOTAMAB-DERUXTECAN.m2,REF062.DATOPOTAMAB-DERUXTECAN,816.3065943070361,816.3065943070361,PD,-0.21929607553409936,12734.796750000001,90.92180666666667
REF062.DATOPOTAMAB-DERUXTECAN.m3,REF062.DATOPOTAMAB-DERUXTECAN,18.460737429482776,45.019066632055036,PD,0.7164876780275411,10119.316229999999,7.595271612565448
REF062.PQ-1-6.m1,REF062.PQ-1-6,110.53972413672982,234.11437152451745,PD,0.30363153951637356,11209.700479,26.89568739983236
REF062.PQ-1-6.m2,REF062.PQ-1-6,40.635774419753076,167.32207973662548,PD,0.5767213745464508,5840.0839854999995,18.206550135426422
REF062.PQ-1-6.m3,REF062.PQ-1-6,215.55616795134242,684.6324981444578,PD,-0.7052689554647893,16040.018352,90.55225926282723
REF062.PQ-1-6-VEHICLE.m1,REF062.PQ-1-6-VEHICLE,143.03384670338647,308.1470444515472,PD,-0.3491854619562469,22364.973700000002,54.100280398365456
REF062.PQ-1-6-VEHICLE.m2,REF062.PQ-1-6-VEHICLE,268.5594287420456,422.6420494748483,PD,-0.09339448338239698,15111.112638249999,50.0718836447985
REF062.PQ-1-6-VEHICLE.m3,REF062.PQ-1-6-VEHICLE,121.08473620578111,611.0956430907308,PD,-0.5920178081931198,15537.416812,87.03565098638744
REF062.SACITUZAMAB-GOVITECAN.m1,REF062.SACITUZAMAB-GOVITECAN,279.2127829604694,558.2027526304107,PD,0.17400978973766834,16746.614179,42.76671857894737
REF062.SACITUZAMAB-GOVITECAN.m2,REF062.SACITUZAMAB-GOVITECAN,177.97438584192992,215.10658840437102,PD,0.05796269119353348,14002.9823655,48.561977174999996
REF062.SACITUZAMAB-GOVITECAN.m3,REF062.SACITUZAMAB-GOVITECAN,192.6705548409624,193.96814589605742,PD,0.19911638061811354,16032.892428,28.53128590814815
REF062.TRASTUZUMAB-CONTROL.m1,REF062.TRASTUZUMAB-CONTROL,146.71416273830786,199.06741260183298,PD,0.41505241418440664,10293.915654,23.359804181998022
REF062.TRASTUZUMAB-CONTROL.m2,REF062.TRASTUZUMAB-CONTROL,200.407174336399,287.2048606895032,PD,0.002428983693392728,10371.097752,70.35305926351353
REF062.TRASTUZUMAB-DERUXTECAN.m1,REF062.TRASTUZUMAB-DERUXTECAN,-17.565728939664716,15.013949854543451,SD,0.6762202216382549,6670.232673500001,4.394196913406684
REF062.TRASTUZUMAB-DERUXTECAN.m2,REF062.TRASTUZUMAB-DERUXTECAN,189.56759493670887,290.72066743383203,PD,0.5679566145608651,8721.6852,15.347991461267602
REF062.TRASTUZUMAB-DERUXTECAN.m3,REF062.TRASTUZUMAB-DERUXTECAN,108.01054292797576,166.4835138927556,PD,-0.6099074589561717,17609.398257,99.08712456756757
REF063.ADC-CONTROL.m1,REF063.ADC-CONTROL,149.31830103474647,360.4004983710288,PD,0.32383597654932483,8571.269456,67.17165783431952
REF063.AZD-5305.m1,REF063.AZD-5305,354.85076746343253,551.7411995164068,PD,0.18366135145944118,11318.77024125,83.08056740828405
REF063.AZD-8205.m1,REF063.AZD-8205,204.57367178669642,456.344485691796,PD,0.4920832082946397,6011.745101,50.922721977810674
REF063.AZD-8205.m2,REF063.AZD-8205,56.029766623662766,83.42048310073449,PD,0.6465401896172408,6875.6312055,21.453767847633138
REF063.BMN-673.m1,REF063.BMN-673,42.308722775916685,142.09391825076315,PD,0.6846585212177732,8720.38988175,14.78524535581189
REF063.CARBOPLATIN.m1,REF063.CARBOPLATIN,35.46908979473622,406.22374944170315,PD,0.3663476658677173,5667.44103,86.1759779285714
REF063.CFI-400945.m1,REF063.CFI-400945,244.1481785406442,244.1481785406442,PD,0.33792566597183593,3706.3433487500006,162.9901049
REF063.CFI-402257.m1,REF063.CFI-402257,304.504027061438,357.48973802871416,PD,0.550699638421617,7130.095931000001,47.66507570535715
REF063.CX-5461.m1,REF063.CX-5461,155.50612353535595,343.13218173697766,PD,0.39712473323554975,7352.91153875,68.64491154651164
REF063.DATOPOTAMAB-DERUXTECAN.m1,REF063.DATOPOTAMAB-DERUXTECAN,-90.41788797190837,-84.74967643218741,PR,0.9844386494493705,1948.5038719999998,-10.512576492307694
REF063.PACLITAXEL.m1,REF063.PACLITAXEL,-89.81766285222741,-43.93804488828774,PR,0.9922193247246853,4948.646004,-7.544478399250234
REF063.SACITUZAMAB-GOVITECAN.m1,REF063.SACITUZAMAB-GOVITECAN,-85.23041632042265,-73.86735401801094,PR,0.9654081551493208,1792.475466,-5.231331873945641
REF063.TRASTUZUMAB-CONTROL.m1,REF063.TRASTUZUMAB-CONTROL,-75.87845266877143,-74.41412365944909,PR,0.9791858311362702,1048.31058515,-4.095387241221375
REF063.TRASTUZUMAB-DERUXTECAN.m1,REF063.TRASTUZUMAB-DERUXTECAN,-99.62706692330678,-99.62706692330678,CR,0.999711826841655,642.5030937500001,-5.808379532442749
REF063_P11.DATOPOTAMAB-CONTROL.m1,REF063_P11.DATOPOTAMAB-CONTROL,-29.499539429517107,147.56050879804087,PD,,11669.840540750001,24.01506161152933
REFOV042.BMN-673.m1,REFOV042.BMN-673,32.63094852173032,47.38172998221517,PD,0.23119382099436403,4878.22080225,6.697119682960891
REFOV042.BMN-673.m2,REFOV042.BMN-673,29.94731844518821,74.45356801569496,PD,0.04271792666266394,8165.839585750001,9.57208664295517
REFOV042.CARBOPLATIN.m1,REFOV042.CARBOPLATIN,56.118256081673444,62.41229307834961,PD,0.49323915275682373,5362.006818000001,2.6726751295843503
REFOV042.CDX-011.m1,REFOV042.CDX-011,52.447223963202184,116.62222127930315,PD,-0.3093002718446951,9174.747601750001,16.640816127382145
REFOV042.CDX-011.m2,REFOV042.CDX-011,-72.87887756592123,-43.949594142015734,PR,0.6859154876515849,3211.6886492500007,-1.5391853416119958
REFOV042.CFI-400945.m1,REFOV042.CFI-400945,-6.066332586380529,9.774221108932824,SD,0.44242915079341216,3485.9791874999996,4.909819187150836
REFOV042.CFI-400945.m2,REFOV042.CFI-400945,3.0533945123291772,8.680978019067997,SD,0.7454391805960489,3095.6152325,-0.008030677493138056
REFOV042.CFI-400945.m3,REFOV042.CFI-400945,7.7729809628321656,24.341679373997536,SD,-0.11139872143446872,8032.694511250001,8.998658492579326
REFOV042.CFI-400945-52WEEKLY.m1,REFOV042.CFI-400945-52WEEKLY,-35.71069560059614,-27.718907323270837,SD,0.7356259317193652,3080.9879975000003,-0.5005375964912286
REFOV042.CFI-400945-52WEEKLY.m2,REFOV042.CFI-400945-52WEEKLY,2.41416861382171,13.698098718378905,SD,0.6065984934677274,3451.78093,-0.5868113999999999
REFOV042.CFI-400945-52WEEKLY.m3,REFOV042.CFI-400945-52WEEKLY,62.66806431747041,99.39537052584532,PD,-1.2637628126668319,14761.060718249999,24.699666757142868
REFOV042.CFI-402257.m1,REFOV042.CFI-402257,-5.67104982964225,45.3345277860481,PD,0.27918117001962905,4229.564131,8.561008311756634
REFOV042.CFI-402257.m2,REFOV042.CFI-402257,38.578668546954596,56.36800248224447,PD,0.40539370734875424,7034.457309,4.213348869396902
REFOV042.CX-5461.m1,REFOV042.CX-5461,366.24423241308193,495.74142131128457,PD,-1.6422489244704876,17687.051851000004,46.493419528571415
REFOV042.ERIBULIN-EXTRALOW.m1,REFOV042.ERIBULIN-EXTRALOW,-41.38780102100381,-9.682461800801656,SD,,,
REFOV042.ERIBULIN-LOW.m1,REFOV042.ERIBULIN-LOW,-99.57037291630864,-89.78558515208799,CR,0.9289177506519344,1911.3049295,-4.343246357544516
REFOV042.ERIBULIN-LOW.m2,REFOV042.ERIBULIN-LOW,-61.11556617974233,-60.1590018961179,PR,0.733039300684317,5907.1491175,-5.2262899908312965
REFOV042.PACLITAXEL.m1,REFOV042.PACLITAXEL,-76.94254451011207,-66.42751233650728,PR,0.8539003377495445,3488.1143170000005,-3.9478610967169483
REFOV042.PACLITAXEL.m2,REFOV042.PACLITAXEL,-90.51849770863694,-66.60901550401208,PR,0.8077508551125756,3407.4047922500004,-2.408750984718826
REFOV042.PACLITAXEL-15DAILY.m1,REFOV042.PACLITAXEL-15DAILY,27.485998935727185,72.14606262646018,PD,-0.2513637553446655,9522.948064,14.173560002967363
REFOV042.PACLITAXEL-15DAILY.m2,REFOV042.PACLITAXEL-15DAILY,33.44482352060054,41.40660232836477,PD,,,
REFS036.CFI-400945-5DAILY.m1,REFS036.CFI-400945-5DAILY,-27.885850178359085,-0.7570758545193734,SD,0.6284719142968809,2956.9029825,1.0790915727960824
REF_001.DATOPOTAMAB-DERUXTECAN.m1,REF_001.DATOPOTAMAB-DERUXTECAN,-99.37023241534926,-94.75193679457712,CR,0.9896271156215147,1270.56003,-7.895945817351599
REF_001.DATOPOTAMAB-DERUXTECAN.m2,REF_001.DATOPOTAMAB-DERUXTECAN,-98.59516701771336,-97.03424148183932,CR,0.9896271156215147,1458.27315525,-4.701953500930234
REF_001.SACITUZAMAB-GOVITECAN.m1,REF_001.SACITUZAMAB-GOVITECAN,-49.22052192310106,-40.54185501812357,SD,0.849479572682251,2854.124721,-2.8557227394636002
REF_001.TRASTUZUMAB-DERUXTECAN.m1,REF_001.TRASTUZUMAB-DERUXTECAN,-91.96822510863718,-45.702354321451864,PR,0.9766610101484082,2425.519903,-9.266163388209124
REF_001_BL_CARBORES.CARBOPLATIN.m1,REF_001_BL_CARBORES.CARBOPLATIN,-5.975637915386123,1.8756298341777056,SD,0.39159601555723444,9243.38253,5.812339685813277
REF_001_CARBORES_P2-_NOV_3/16.CARBOPLATIN.m1,REF_001_CARBORES_P2-_NOV_3/16.CARBOPLATIN,-26.375266117630435,-6.057508386813537,SD,0.23049420684970312,3634.1314049999996,2.6277131005061465
REF_001_CARBORES_P2-_NOV_9/16.CX-5461.m1,REF_001_CARBORES_P2-_NOV_9/16.CX-5461,-35.88683796255234,-8.683604821705659,SD,,3384.0836292499994,4.112538446314103
REF_006.DATOPOTAMAB-CONTROL.m1,REF_006.DATOPOTAMAB-CONTROL,60.85230843410676,152.97895455765152,PD,-0.7559234412850675,11423.6370135,16.23872674368378
REF_006.DATOPOTAMAB-DERUXTECAN.m1,REF_006.DATOPOTAMAB-DERUXTECAN,-77.03962139316806,-72.75445236361155,PR,0.7058779138111243,3311.8540849999995,-2.955078599837
REF_006.SACITUZAMAB-GOVITECAN.m1,REF_006.SACITUZAMAB-GOVITECAN,-25.30429340917485,-12.565006756737407,SD,0.7137130953202299,2906.3083085,0.2098162552974736
REF_006.TRASTUZUMAB-DERUXTECAN.m1,REF_006.TRASTUZUMAB-DERUXTECAN,-70.6054420906901,-48.5066074182835,PR,0.7731294124375111,3493.4880064999998,0.4782364481963092
REF_010_B.CX-5461.m1,REF_010_B.CX-5461,67.77786943836672,103.83318641657775,PD,,15858.906737500001,18.228790448356804
REF_016_ERIB_LD_RE.CDX-011.m1,REF_016_ERIB_LD_RE.CDX-011,104.52194933255892,160.72398934253252,PD,0.46470744897959193,17559.29519175,27.774431668849072
REF_016_ERIB_LD_RE.ERIBULIN-LOW.m1,REF_016_ERIB_LD_RE.ERIBULIN-LOW,49.302887548417985,63.47501510693927,PD,0.80334515,7436.61577425,7.5870561219571595
REF_022.ADC-CONTROL.m1,REF_022.ADC-CONTROL,38.907084345981644,96.87274173076477,PD,0.3885259613389619,6661.868274,8.043221924267106
REF_022.AZD-8205.m1,REF_022.AZD-8205,-91.05513810108695,-75.99795390458331,PR,0.9161100834498025,2361.9086225,-3.3132255486563533
REF_022.DATOPOTAMAB-CONTROL.m1,REF_022.DATOPOTAMAB-CONTROL,112.42829553523114,373.16974683214966,PD,-0.43794082339266915,7712.8944285,32.452712536538456
REF_022.DATOPOTAMAB-DERUXTECAN.m1,REF_022.DATOPOTAMAB-DERUXTECAN,-94.69751391481712,-94.69751391481712,PR,0.968541281293676,1834.079528,-5.076526978846156
REF_022.DATOPOTAMAB-DERUXTECAN.m2,REF_022.DATOPOTAMAB-DERUXTECAN,-95.1661748249551,-91.94362470825851,CR,0.9895137604312253,1398.026012,-4.481497262214986
REF_023.ADC-CONTROL.m1,REF_023.ADC-CONTROL,-72.95818796183046,-64.07926387064894,PR,0.8852586560298866,3810.654989,-5.555788533657745
REF_023.DATOPOTAMAB-DERUXTECAN.m1,REF_023.DATOPOTAMAB-DERUXTECAN,-96.62223106071761,-96.62223106071761,CR,0.9911857193448753,1414.355818,-5.712820368062828
REF_023.SACITUZAMAB-GOVITECAN.m1,REF_023.SACITUZAMAB-GOVITECAN,-85.01180320497608,-68.8156543388748,PR,0.9603357370519388,919.09101,-6.760296946745563
REF_B_047.AZD-5305.m1,REF_B_047.AZD-5305,6.973085699165371,52.46590624028771,PD,0.3846933372367102,5461.860542,9.988761970218121
REF_B_047.DATOPOTAMAB-DERUXTECAN.m1,REF_B_047.DATOPOTAMAB-DERUXTECAN,-87.23981027960883,-66.2983809682243,PR,0.9729294220629376,2180.1484094999996,-5.395554090575915
REF_B_047.DATOPOTAMAB-DERUXTECAN.m2,REF_B_047.DATOPOTAMAB-DERUXTECAN,-99.28694252721117,-95.12744060260962,CR,0.9400365500927622,4298.45856575,-9.046884532714412
REF_B_047.SACITUZAMAB-GOVITECAN.m1,REF_B_047.SACITUZAMAB-GOVITECAN,-70.77918131214099,-70.77918131214099,PR,0.9398431601398614,3114.92888,-5.089141924999999
REF_B_062.TRASTUZUMAB-DERUXTECAN.m1,REF_B_062.TRASTUZUMAB-DERUXTECAN,28.226067561247614,54.52091744587337,PD,0.8886437007308323,7439.958597749999,-1.9267199071428567
REF_S_032B.CX-5461.m1,REF_S_032B.CX-5461,-48.28054223844171,-9.857715374998211,SD,0.9251306739810874,3478.2631155,-3.0254436860854987
REF_S_035.ADC-CONTROL.m1,REF_S_035.ADC-CONTROL,50.969055546486075,337.39672944453514,PD,-0.6499529720254345,17081.53077275,44.50680602809449
REF_S_035.AZD-5305.m1,REF_S_035.AZD-5305,155.99943900055297,419.0799622463983,PD,0.15257143262592499,7589.69714,27.84040982195846
REF_S_035.AZD-8205.m1,REF_S_035.AZD-8205,9.00128533640785,95.73751669410922,PD,-0.33119968301276925,12113.37468325,30.058199322679165
REF_S_035.DATOPOTAMAB-DERUXTECAN.m1,REF_S_035.DATOPOTAMAB-DERUXTECAN,-97.40481709287117,-73.456024007841,CR,0.9921885847492663,2142.9946795,-10.966470950544014
REF_S_035.DATOPOTAMAB-DERUXTECAN.m2,REF_S_035.DATOPOTAMAB-DERUXTECAN,-83.55955387205387,-42.48076650474653,PR,0.9765657542477988,1670.3907615,-5.074453523898781
REF_S_035.DATOPOTAMAB-DERUXTECAN.m3,REF_S_035.DATOPOTAMAB-DERUXTECAN,-94.41638748953089,-2.0184514166796674,SD,0.9921885847492663,2622.8843905000003,-6.760098103846156
REF_S_036.TRASTUZUMAB-CONTROL.m1,REF_S_036.TRASTUZUMAB-CONTROL,-65.10012518949581,-58.24866469971366,PR,,3335.8207492499996,0.370589705476402
REF_S_036.TRASTUZUMAB-DERUXTECAN.m1,REF_S_036.TRASTUZUMAB-DERUXTECAN,-95.79177713251694,-91.49588295529465,CR,,2761.4279697499996,-4.84714665828139
REF_S_052.TRASTUZUMAB-DERUXTECAN.m1,REF_S_052.TRASTUZUMAB-DERUXTECAN,-94.24648076406736,-89.45188140079014,PR,0.9367793807964161,892.83285,-4.635056896551725
REF_S_057.CFI-402257-3ON4OFF+PACLITAXEL.m1,REF_S_057.CFI-402257-3ON4OFF+PACLITAXEL,121.47601435322537,198.9197295657282,PD,-2.7025732826508273,8736.842061,13.586026715384623
REF_S_061.CARBOPLATIN.m1,REF_S_061.CARBOPLATIN,73.44399226765795,160.0720738983958,PD,-1.7227783211428251,21462.15468625,54.60983644882293
REF_S_061.CX-5461.m1,REF_S_061.CX-5461,-64.4804791360383,-49.32767664584675,PR,0.8036113980716253,2528.2917135,-0.539282633914422
REF_S_063.ADC-CONTROL.m1,REF_S_063.ADC-CONTROL,142.06221248043263,272.4443951202126,PD,0.33210722073837773,17756.99391225,31.683889556392526
REF_S_063.ADC-CONTROL.m2,REF_S_063.ADC-CONTROL,89.93595247802122,330.6637565314926,PD,0.521803113147612,9095.453566,38.05982464430897
REF_S_063.AZD-8205.m1,REF_S_063.AZD-8205,31.588003077488146,73.16666835106697,PD,0.7668411810741406,7281.513230249999,7.030800470073293
REF_S_063.SACITUZAMAB-GOVITECAN.m1,REF_S_063.SACITUZAMAB-GOVITECAN,-96.67949513284132,-24.450423400849996,PR,0.9969046771142873,3817.8157522500005,-9.247413139699383
REF_S_063.SACITUZAMAB-GOVITECAN.m2,REF_S_063.SACITUZAMAB-GOVITECAN,-85.97516684502516,-72.49217013303613,PR,0.9793645140952487,2040.198714,-5.181180963748894
REF_S_065.BMN-673.m1,REF_S_065.BMN-673,9.208607525655644,54.7040505619808,PD,-0.37255238286890324,14580.054342000001,10.758399218898582
REF_S_065.CX-5461.m1,REF_S_065.CX-5461,43.35615972432958,281.31389051729707,PD,-1.2843220901916794,9070.56124925,50.794626877167644
SA1130.BMN-673.m1,SA1130.BMN-673,-94.29385811857955,-55.132025627950654,PR,0.9944209446263523,1360.8170340000001,-4.5536582340314125
SA1130.BMN-673.m2,SA1130.BMN-673,-94.76504364173718,-53.34674279037739,PR,0.9944209446263523,2044.7001225000001,-4.866515727272725
SA1130_P11.BMN-673.m1,SA1130_P11.BMN-673,126.24825327066272,126.24825327066272,PD,0.8621800952156851,1449.71424325,22.89778664285714
SA1130_P11.CX-5461.m1,SA1130_P11.CX-5461,357.5563756873469,358.47997078057807,PD,0.649227909047982,8942.34344475,37.235735352071
SA501.CARBOPLATIN.m1,SA501.CARBOPLATIN,-79.49827820245287,-58.1180635930143,PR,0.9786921932259132,1612.9310717499998,-4.921219097469541
SA501.SACITUZAMAB-GOVITECAN.m1,SA501.SACITUZAMAB-GOVITECAN,-96.31867186884348,-78.91927556830981,CR,0.9969393697409381,999.62959475,-4.313727658352228
SA607.CARBOPLATIN.m1,SA607.CARBOPLATIN,231.85426446529002,352.6131197008125,PD,0.4569625661661002,6499.364789,39.92235771893492
SA607.CX-5461.m1,SA607.CX-5461,56.463556831807125,82.95642542050408,PD,0.5286785074140459,11647.792786499998,13.977356876362114
SA607.SACITUZAMAB-GOVITECAN.m1,SA607.SACITUZAMAB-GOVITECAN,-85.31719412362786,-64.77345887937193,PR,0.9865378333730557,1473.6255375,-4.518772582733814
