Gene,n_test_attributions,mean_abs_shap_when_selected,median_abs_shap_when_selected,mean_shap_when_selected,mean_log2_expression_when_selected,n_selected_folds,mean_gini_importance_when_selected,median_gini_importance_when_selected,selection_frequency,mean_abs_shap_all_test_predictions,mean_shap_all_test_predictions,n_completed_folds,n_total_test_predictions
POPDC3,163,0.012262270521076877,0.012166667244552324,0.0005475460382769787,3.3665765462338135,27,0.024696239745805544,0.024,0.9,0.010804054567219085,0.0004824324553467434,30,185
CCND2,185,0.005879730008425074,0.0037500001781154424,0.0002950450591113721,3.3697340540287177,30,0.014146227016547757,0.010296306899513313,1.0,0.005879730008425074,0.0002950450591113721,30,185
GLB1L2,130,0.005116346396225242,0.003208333480870351,-0.0014996795582238778,3.531569217987978,20,0.010687442555766001,0.00848267470902396,0.6666666666666666,0.003595270440590711,-0.001053828878751914,30,185
SCGB3A1,178,0.003359550721367842,0.00233333344416072,0.00017696630054027927,3.379038154738537,29,0.007167646952361209,0.006,0.9666666666666667,0.0032324325859647346,0.0001702702783576741,30,185
GFRA3,180,0.003238889042727856,0.002791666799263718,-6.481481789335322e-06,3.4201794626972117,29,0.007498197050916282,0.007414829659318637,0.9666666666666667,0.0031513515010325086,-6.306306605839773e-06,30,185
KYNU,143,0.004022533213468714,0.0028333334679094455,0.00020396271354865088,3.6320615870198765,22,0.007177477321164696,0.004277777777777778,0.7333333333333333,0.003109309456897438,0.00015765766506733555,30,185
HLA-DPA1,185,0.003057207351813705,0.0013333333966632683,-0.00022702703752181582,3.338468078111711,30,0.006827216798128277,0.00397060788243153,1.0,0.003057207351813705,-0.00022702703752181582,30,185
C4BPA,139,0.003345923419894954,0.0026666667933265367,-1.4988010164631679e-05,3.293791598703378,23,0.0072029266990977945,0.007000000000000001,0.7666666666666667,0.0025139640830562087,-1.1261261691263802e-05,30,185
MFSD6L,89,0.0049751874987927205,0.004750000225612894,-0.00015496255183323853,3.357936479043513,14,0.011192064037750625,0.010626695568006762,0.4666666666666667,0.0023934685805002817,-7.454955196301745e-05,30,185
TNNC1,103,0.004286812499416449,0.003333333491658171,-0.001745550244015078,3.332665302061846,17,0.009112383290680657,0.0074285714285714285,0.5666666666666667,0.0023867118239994287,-0.0009718468926138001,30,185
NYNRIN,122,0.003568989240556136,0.002166666769577811,0.0018490438036718585,3.6837420092015507,20,0.00845013732680781,0.0054054108216432875,0.6666666666666666,0.0023536037153937765,0.0012193694272863067,30,185
CST6,185,0.0023533034150835823,0.001833333420411994,3.963964158797067e-05,3.5641670740957965,30,0.00489568899529392,0.004151159461780704,1.0,0.0023533034150835823,3.963964158797067e-05,30,185
BPIFA1,185,0.002306306415273145,0.001833333420411994,-5.810811055345912e-05,3.354759236465557,30,0.004387087958072686,0.0040040080160320644,1.0,0.002306306415273145,-5.810811055345912e-05,30,185
DNALI1,167,0.0025184631934728726,0.0013333333966632683,9.131736960680318e-05,3.47869302810273,27,0.00595602866100051,0.004008016032064128,0.9,0.0022734235314052415,8.243243634776287e-05,30,185
RNASE1,185,0.0022585586658343338,0.0017500000831205398,-0.00012882883494786984,3.5282833459744065,30,0.00493199941833781,0.00367000668002672,1.0,0.0022585586658343338,-0.00012882883494786984,30,185
RNASE6,177,0.0023493409772200086,0.001833333420411994,-0.00031920905503849523,3.246982070395531,29,0.005237379850012011,0.0046760187040748155,0.9666666666666667,0.0022477478538807647,-0.0003054054202260198,30,185
HLA-DRB4,121,0.00341827380568746,0.003000000142492354,-3.902663064019927e-05,3.2176813497596766,20,0.007856096562504947,0.007014285714285714,0.6666666666666666,0.0022357358404766635,-2.5525525986292492e-05,30,185
SFTPD,177,0.002239171480626243,0.001500000071246177,-0.00015112995035225515,3.4744238294975482,29,0.005258213113844472,0.004351020408163266,0.9666666666666667,0.0021423424436261894,-0.0001445946011478333,30,185
FAM149A,140,0.0027532739395004077,0.0022500001068692654,-0.00025922620282342124,3.4280684334485234,23,0.005554652991282772,0.0046,0.7666666666666667,0.0020835586569192275,-0.0001961711805150215,30,185
RIPK3,126,0.003040344059059554,0.002750000130617991,0.0005403439413938455,3.5687659302183965,21,0.007397582394887068,0.007333333333333333,0.7,0.0020707208186027232,0.0003680180357601326,30,185
ADAM23,185,0.001964189281984996,0.0015833334085376312,0.00016509009816742564,3.296972396083703,30,0.003982821516047969,0.0034034068136272553,1.0,0.001964189281984996,0.00016509009816742564,30,185
LCP1,159,0.0022599581786210744,0.0015833334085376312,0.0003899371254392578,3.54809164905382,26,0.004726204790533448,0.004,0.8666666666666667,0.001942342434598653,0.0003351351510531999,30,185
SFTA2,185,0.0018574325204722014,0.0010833333847889055,-4.031531704665236e-05,3.557892633746457,30,0.0047532241713860125,0.0034000000000000002,1.0,0.0018574325204722014,-4.031531704665236e-05,30,185
PROM1,185,0.0018489490368567105,0.001500000071246177,-5.97597624758376e-05,3.506551394851129,30,0.0036559090971057763,0.0032142857142857147,1.0,0.0018489490368567105,-5.97597624758376e-05,30,185
HSPA12A,157,0.0021687899119909775,0.0010000000474974513,-0.0005237084467136034,3.536109263441965,25,0.004034216418762931,0.002004008016032064,0.8333333333333334,0.0018405406280139647,-0.00044444446558938237,30,185
ZNF300,177,0.0018674671313293073,0.00116666672208036,-4.307909833798765e-05,3.4533719640790514,29,0.003642451541438576,0.0025765817348983684,0.9666666666666667,0.0017867117959204724,-4.121621840985845e-05,30,185
AKR1B10,185,0.0017639640474855598,0.00116666672208036,0.000187087096200484,3.555501105497558,30,0.0037949409930973055,0.0020020040080160322,1.0,0.0017639640474855598,0.000187087096200484,30,185
IL10RA,128,0.0024908855349773753,0.0012916667280175411,-0.0005442708591848108,3.248535393278892,21,0.005523787451806756,0.004,0.7,0.0017234235052816435,-0.0003765765944630042,30,185
TLE2,114,0.0027858188440676025,0.00145833340260045,0.0004451754599113878,3.643493268855129,19,0.006805596537387939,0.004609218436873747,0.6333333333333333,0.0017166667471551714,0.00027432433745890923,30,185
HLA-DRB1,167,0.0018847306284420528,0.0010000000474974513,-9.431138172505903e-05,3.2977357783925734,27,0.004312996060147506,0.002,0.9,0.0017013514321612042,-8.513513917883707e-05,30,185
FCGBP,74,0.004141892087310217,0.0033750001360507063,0.0007972973338559034,3.499473217900523,12,0.00881748382212858,0.00730801603206413,0.4,0.0016567568349240868,0.0003189189335423614,30,185
ADGRF5,185,0.0016255256020870931,0.00116666672208036,-1.0660660782459758e-05,3.5167213952598595,30,0.003643533758603899,0.0031594481479966735,1.0,0.0016255256020870931,-1.0660660782459758e-05,30,185
MGP,175,0.0016473810304887594,0.00058333336104018,9.690476636890145e-05,3.4853768277886887,28,0.0035944927151981654,0.002,0.9333333333333333,0.0015583334072190966,9.166667088950137e-05,30,185
P2RY1,165,0.001742424325184953,0.000916666710205997,0.00033686870286909093,3.3598658330505202,26,0.0035245289691601036,0.0017014028056112226,0.8666666666666667,0.0015540541278676607,0.00030045046472108113,30,185
SLC16A10,185,0.001536486559505008,0.0006666666983316342,-0.00015240240961927835,3.4377512992540535,30,0.00355419049739691,0.0020020040080160322,1.0,0.001536486559505008,-0.00015240240961927835,30,185
TM4SF19,115,0.0024586957689556902,0.0020000000949949026,0.0005905797381959586,3.3653333881199154,19,0.0056196643914395205,0.004857142857142858,0.6333333333333333,0.001528378450972456,0.0003671171345542445,30,185
HEY2,175,0.0016038095999863886,0.0003333333491658171,-0.00041809525795369633,3.377227198802172,28,0.0027647374437894255,0.0005714285714285714,0.9333333333333333,0.0015171171891763136,-0.00039549551428052354,30,185
CCNA1,42,0.006607143170965303,0.005333333586653074,-0.0015277778503433284,3.4558309169759087,7,0.014367221517865663,0.015841206221967743,0.23333333333333334,0.001500000071246177,-0.0003468468633211881,30,185
DAPK1,68,0.004006740385318385,0.001541666739891904,0.0009454657301117265,3.5315703939117693,10,0.008534284727089647,0.004805410821643288,0.3333333333333333,0.001472747817306217,0.00034752253863566164,30,185
FGFR1,105,0.0025825398052037357,0.0025000001187436283,-0.000173015881233686,3.3354720651567273,16,0.006545379129123835,0.006012024048096192,0.5333333333333333,0.0014657658353859038,-9.819820286236232e-05,30,185
NLRP2,185,0.0014615616309383113,0.0008333333729145428,0.00016366367142853065,3.383165638916241,30,0.003420732712590714,0.002004008016032064,1.0,0.0014615616309383113,0.00016366367142853065,30,185
FRAS1,172,0.0015663760433911145,0.0006666666983316342,5.959302608633068e-05,3.494819721977062,28,0.0036057528078508815,0.002,0.9333333333333333,0.0014563063754771443,5.540540803702095e-05,30,185
ROS1,149,0.0017706935964076794,0.0008333333729145428,4.47427314316533e-05,3.3447482792949628,25,0.0038941998282278844,0.0028000000000000004,0.8333333333333334,0.0014261261938634823,3.6036037747655904e-05,30,185
HLA-F,87,0.0030277779215895054,0.0025000001187436283,-0.00029980844335891017,3.4554802252236363,16,0.006785088885253501,0.005514285714285715,0.5333333333333333,0.0014238739415042539,-0.0001409909976877037,30,185
IL7R,123,0.0021388889904806595,0.0016666667458290856,0.0003489160057325118,3.2924373047425743,20,0.005154387141630199,0.004510204081632652,0.6666666666666666,0.001422072139616871,0.00023198199300053485,30,185
GOLT1A,177,0.0014748117450090641,0.0010000000474974513,-0.00016313560072222122,3.5990223430251507,29,0.0028239405809767186,0.002,0.9666666666666667,0.0014110361019816452,-0.0001560810882585576,30,185
ITGB8,114,0.002263401666967088,0.0012500000593718141,0.0010977096037882344,3.6308928091211228,18,0.005146933625376225,0.002892781481330007,0.6,0.0013947448109959352,0.0006764264585505876,30,185
ELF5,139,0.0018477219103040436,0.0010833333847889055,-0.0001798561236506207,3.379478240827511,23,0.004399297145014667,0.0034,0.7666666666666667,0.0013882883542284436,-0.0001351351415537096,30,185
GKN2,99,0.002513468132851338,0.002166666769577811,-0.00037878789677933764,3.166265639676349,18,0.0061588563370126494,0.0055008111461017275,0.6,0.0013450451089312566,-0.00020270271233056446,30,185
HLA-DOA,153,0.0016103849711666626,0.0010000000474974513,0.00018336965284241295,3.215404306269735,25,0.0035222226766458086,0.003171428571428571,0.8333333333333334,0.0013318318950729696,0.00015165165883723882,30,185
ALPL,185,0.0013243243872263545,0.00016666667458290854,0.0003801801982377698,3.4707060515215793,30,0.003049109011674142,0.0005714285714285715,1.0,0.0013243243872263545,0.0003801801982377698,30,185
SFRP1,156,0.0015422009279514647,0.000916666710205997,-3.57905999905605e-05,3.3942391601062694,26,0.0035471888832610274,0.0022501192861914304,0.8666666666666667,0.0013004505122185324,-3.0180181613661825e-05,30,185
COX7B2,147,0.0016266062753329152,0.000916666710205997,-0.00034542707609218104,3.186888521805939,24,0.003443748305378709,0.0026863250310144096,0.8,0.0012924925539131813,-0.0002744744874894628,30,185
CLIC6,185,0.0012770270876825561,0.0008333333729145428,2.2972974064130637e-05,3.493831515539208,30,0.0029451089934971982,0.002,1.0,0.0012770270876825561,2.2972974064130637e-05,30,185
SLC34A2,152,0.0015361842834911506,0.000916666710205997,-0.00030043861076129564,3.3317379658697375,25,0.0037506840620015543,0.0025714285714285713,0.8333333333333334,0.001262162222111648,-0.00024684685857144295,30,185
SCGB3A2,121,0.0019035813576328896,0.0012500000593718141,-0.00020247934846022775,3.3249003804588804,20,0.004608811322278256,0.0037142857142857147,0.6666666666666666,0.0012450451041815115,-0.00013243243872263543,30,185
AKR1B15,169,0.0013574951335110865,0.0005000000237487257,0.0005054240871227257,3.401815770516788,28,0.002914995783598295,0.0013823838152495467,0.9333333333333333,0.0012400901489912088,0.0004617117336418413,30,185
NAPSA,185,0.001232432490969832,0.0010000000474974513,0.00017657658496351392,3.5330415305776772,30,0.0029263261216310173,0.0024305754365874606,1.0,0.001232432490969832,0.00017657658496351392,30,185
LAYN,144,0.0015792824824192966,0.0010833333847889055,5.0347224613586964e-05,3.4404329206654185,24,0.003002154535829028,0.0020020040080160322,0.8,0.001229279337666912,3.91891910505758e-05,30,185
SFTPB,172,0.0013047481239877113,0.0008333333729145428,-0.0001535852786127384,3.355385320708147,28,0.0027201259662181505,0.002,0.9333333333333333,0.0012130631206804668,-0.00014279279957508652,30,185
DACT2,185,0.001207207264598912,0.0003333333491658171,0.0004420420629505136,3.311395480881756,30,0.0033952310971148646,0.0020020040080160322,1.0,0.001207207264598912,0.0004420420629505136,30,185
LAMC3,149,0.0014636466019579586,0.0008333333729145428,0.00020749441701429217,3.2826436162623285,24,0.003028502810609882,0.0017857142857142859,0.8,0.0011788288848201937,0.00016711712505475425,30,185
EPHA1,141,0.0015401891979001392,0.00116666672208036,0.0007576832511180452,3.624379761364196,23,0.0037893449128366167,0.0025714285714285713,0.7666666666666667,0.0011738739292103764,0.0005774775049061858,30,185
LHFPL6,160,0.0013484375640473445,0.00037500001781154424,4.1145835287655585e-05,3.428375435641933,26,0.0027672313753619223,0.0017142857142857144,0.8666666666666667,0.0011662162716085142,3.5585587275810236e-05,30,185
DSC3,122,0.0017663935259655068,0.0010000000474974513,3.75683081134024e-05,3.4551173302629867,20,0.003978680217578014,0.0027162897223017464,0.6666666666666666,0.0011648649198259017,2.4774776161270773e-05,30,185
PLA2G4F,78,0.002728632608235567,0.0020416667636406296,1.7094017905939344e-05,3.5349694712012196,14,0.005549061388082288,0.006372678690714763,0.4666666666666667,0.0011504505050939147,7.207207549531184e-06,30,185
GRAMD2A,128,0.0016569011203652433,0.0006666666983316342,-0.00021549480190212003,3.5049719562234545,21,0.0037574950354223187,0.002004008016032064,0.7,0.0011463964508473035,-0.0001490991061809263,30,185
TMEM125,76,0.0027828948603424225,0.0016666667458290856,0.000578947393877203,3.6309344749040826,13,0.005299033916688323,0.003435442313197825,0.43333333333333335,0.0011432432939785088,0.00023783784829549962,30,185
HOXB9,96,0.0021853299631907756,0.0013333333966632683,-0.00047092016176167014,3.2920179706707393,16,0.005118558804214105,0.0037418953788411913,0.5333333333333333,0.001134009061980078,-0.0002443693812384883,30,185
FHL1,180,0.001161574129245882,0.0001250000059371814,-7.361111460745125e-05,3.391947907238058,29,0.002312713440016322,0.0006012024048096191,0.9666666666666667,0.0011301802338608584,-7.162162502346609e-05,30,185
DKK1,159,0.0012964710599447033,0.0003333333491658171,-0.0006453529306208087,3.520744353675326,26,0.003367485548724951,0.0017157171485828802,0.8666666666666667,0.0011142643163849072,-0.0005546546809119383,30,185
CCL2,185,0.0011054054579093448,0.0005000000237487257,0.00010000000474974514,3.38864226175481,30,0.002687994765040285,0.0017162897223017464,1.0,0.0011054054579093448,0.00010000000474974514,30,185
PIGR,165,0.0012393939982619927,0.0007500000356230885,-9.393939840127571e-05,3.3203870354350213,27,0.0028190688254816514,0.002,0.9,0.0011054054579093448,-8.378378776329995e-05,30,185
TM4SF5,102,0.0019950981339777584,0.0008333333729145428,0.00020098040170291918,3.2262521804184803,18,0.004465907476328319,0.002,0.6,0.0011000000522471964,0.00011081081607404192,30,185
PCOLCE2,132,0.00152588391034497,0.0006666666983316342,6.250000348305236e-05,3.507680590103314,22,0.003190734019592722,0.0017162897223017464,0.7333333333333333,0.0010887387900839786,4.459459707979952e-05,30,185
USP9Y,172,0.0011564923029924498,0.0008333333729145428,-0.00019040698578803216,3.302729182732298,28,0.0028047634952444575,0.002004008016032064,0.9333333333333333,0.001075225276295683,-0.00017702703543535963,30,185
CYP24A1,102,0.0019428105497948849,0.0011666667220803597,-0.00014052288249147193,3.6493250735585745,16,0.004090628876801222,0.0034142857142857143,0.5333333333333333,0.0010711712220490717,-7.74774811574602e-05,30,185
HOXB3,90,0.002185185288975912,0.0011250000534346327,-0.0007851852224794804,3.4029353834082006,14,0.005243893228634139,0.003387727836625632,0.4666666666666667,0.0010630631135558491,-0.0003819820001251526,30,185
CLIC5,92,0.0021259058980765562,0.0010416667161431783,-0.0008143116328806238,3.247495064902069,15,0.004753640614562458,0.002004008016032064,0.5,0.001057207257421855,-0.00040495497418928324,30,185
GPC3,185,0.0010529279779393208,0.0002500000118743628,-6.981982313608324e-06,3.3753298613772604,30,0.0022203898546957076,0.0005862868594331519,1.0,0.0010529279779393208,-6.981982313608324e-06,30,185
PLEKHS1,180,0.0010768519029995703,0.0007500000356230885,5.2777780284587715e-05,3.4414010036179707,29,0.002605441424721364,0.002,0.9666666666666667,0.0010477477975130954,5.135135379040967e-05,30,185
ZIC2,165,0.0011706229499799925,0.0007916666800156236,-0.0004288720735466352,3.516393866591724,27,0.0028721635206190527,0.0020000000000000005,0.9,0.001044069117549723,-0.00038250752505510706,30,185
RASGRP3,136,0.001417279478725201,0.0007916667042688157,-0.000107230397321366,3.3491683630854614,23,0.003477450138371982,0.002,0.7666666666666667,0.0010418919411169045,-7.882883262543663e-05,30,185
HLA-DMB,173,0.0011045279900201547,0.00058333336104018,-0.00014450867721579452,3.4680087073066956,28,0.002489376712608891,0.0014285714285714286,0.9333333333333333,0.0010328829312080366,-0.00013513514139639162,30,185
MMP2,112,0.001694196509041441,0.0002500000118743628,0.0002180059627356795,3.186550466481681,18,0.0034592242686431064,0.001239335814486115,0.6,0.001025675724392656,0.00013198198825078975,30,185
CPA4,138,0.001374396200546014,0.0008333333729145428,-8.454106681741738e-05,3.4490577452016025,22,0.0030488335979317947,0.002051722492604256,0.7333333333333333,0.0010252252739208103,-6.306306605839782e-05,30,185
SERPINE2,26,0.007163461878707704,0.00595833361633898,-0.0020737180472142664,3.7372820032085468,4,0.013780280970103472,0.01153651384401456,0.13333333333333333,0.0010067568045751367,-0.0002914414552841671,30,185
MYEOV,185,0.001006306354103291,0.0004166666864572714,9.729730191867096e-05,3.474999002112029,30,0.002245481620838048,0.002,1.0,0.001006306354103291,9.729730191867096e-05,30,185
ANGPTL2,169,0.0011005917682516328,0.0008333333729145428,-6.0157793784363435e-05,3.327054968392276,27,0.002714943820621843,0.002,0.9,0.0010054054531595997,-5.495495756517525e-05,30,185
SNAI2,155,0.0011973118848262495,0.0005000000237487257,0.00019193549298741403,3.5302844649752254,26,0.002790519605406522,0.0020020040080160322,0.8666666666666667,0.0010031532008003712,0.00016081081844891446,30,185
RAB25,109,0.0016934251555509364,0.0010000000474974513,0.0006977574241974901,3.831776491635457,18,0.0036247335758910638,0.002216289722301747,0.6,0.0009977477943516329,0.00041111113101365633,30,185
KCTD15,150,0.0012216667246927196,0.0,-0.0002483333451285337,3.481071126458014,25,0.002795344048641501,0.0,0.8333333333333334,0.0009905405875886917,-0.00020135136091502733,30,185
VTCN1,154,0.001188311744753465,0.0007083333669773613,0.0001937229529242898,3.4874902412008892,25,0.0025897807644376246,0.0016,0.8333333333333334,0.0009891892361731545,0.00016126126892076017,30,185
CD163L1,125,0.0014586667359496157,0.0,-0.0002866666802826027,3.523989966460653,21,0.003215544013196461,0.0,0.7,0.000985585632398389,-0.00019369370289365045,30,185
FUT3,185,0.0009828829295673149,0.0008333333729145428,3.3333334916581726e-05,3.6434672831981225,30,0.002050008315951631,0.001812208089648685,1.0,0.0009828829295673149,3.3333334916581726e-05,30,185
PTGS2,109,0.001655198855376133,0.00116666672208036,-5.428134814397483e-05,3.695248572461553,18,0.003801519440998399,0.003428571428571429,0.6,0.0009752252715459378,-3.198198350104463e-05,30,185
IFI44L,157,0.0011411890138638642,0.00058333336104018,0.00010615711756873154,3.6319963258384087,26,0.0025589220303506017,0.0017156885198969369,0.8666666666666667,0.0009684685144682524,9.009009436913974e-05,30,185
PCDHB5,178,0.000998595553048719,0.0007500000356230885,0.0003946629400937975,3.3559441015328053,29,0.002121044528653836,0.0014285714285714286,0.9666666666666667,0.0009608108564468755,0.0003797297477659241,30,185
GUCY1A1,79,0.002246308123571543,0.0013333333966632683,-0.00022943039064419378,3.4843006274886092,13,0.004672446421199099,0.002028571428571429,0.43333333333333335,0.0009592342797954156,-9.797297762643951e-05,30,185
KRT6C,182,0.0009745116457895328,0.0005000000237487257,1.358363923771076e-05,3.4025091311062257,29,0.00222191941941589,0.002,0.9666666666666667,0.000958708754236189,1.3363364006828964e-05,30,185
SELL,136,0.0012965686890346858,0.0008333333729145428,-7.598039576573774e-05,3.441782358678331,21,0.002729174448670584,0.0026285714285714285,0.7,0.0009531531984254987,-5.5855858508866664e-05,30,185
BMP2,103,0.001711165129819668,0.0010000000474974513,-0.0002661812424163928,3.472410426918747,18,0.003985122323255733,0.0031162897223017466,0.6,0.0009527027479536529,-0.00014819820523723491,30,185
SCG5,64,0.002736111241119943,0.00037500001781154424,-0.0012925347832606349,3.6252428963732592,9,0.004927811177911379,0.0014285714285714286,0.3,0.0009465465915225748,-0.00044714716826313856,30,185
CXCL17,127,0.001376640485334418,0.0008333333729145428,7.74278251999339e-05,3.6581398010937547,21,0.0033826346570692404,0.002004008016032064,0.7,0.0009450450899322761,5.315315567779246e-05,30,185
SOX11,145,0.001187931090906455,0.0006666666983316342,-1.2068966090486481e-05,3.284306632656277,23,0.0033682072218972105,0.002004008016032064,0.7666666666666667,0.0009310811253050594,-9.459459908759675e-06,30,185
ID4,147,0.0011660998286293976,0.0004166666864572714,-0.0004767573922592724,3.3026464563123388,22,0.002720054828271261,0.001,0.7333333333333333,0.0009265766205866023,-0.00037882884682223267,30,185
CD74,61,0.002778688656570787,0.0006666666983316342,2.185792453546342e-05,3.4488682885087143,10,0.006668708846263957,0.0034442885771543094,0.3333333333333333,0.0009162162597341514,7.2072075495311815e-06,30,185
JCHAIN,151,0.0011201251450325743,0.00047222224141781527,-0.00011074319863476052,3.2233945850791006,25,0.0024682077834370995,0.0013333333333333335,0.8333333333333334,0.0009142643075671282,-9.039039456134507e-05,30,185
FAM110B,154,0.0010946970202433937,0.0005000000237487257,0.00013419914032126982,3.2832307538308365,25,0.002472446923403457,0.002,0.8333333333333334,0.0009112613033377439,0.00011171171680797596,30,185
GPNMB,164,0.0010269309430855432,0.0003333333491658171,0.0001387195187839452,3.4210746815721262,25,0.0020208788733930448,0.0011714285714285713,0.8333333333333334,0.0009103604036001572,0.00012297297881387574,30,185
TIMP3,179,0.0009404097280935064,0.0005000000237487257,-1.7690876073046164e-05,3.4034336793334163,29,0.0017261456057787636,0.0014314342971657604,0.9666666666666667,0.0009099099531283116,-1.7117117930136558e-05,30,185
ATP13A4,115,0.0014605073147770555,0.00116666672208036,0.0003583333499736382,3.482708986780961,18,0.002889592837631773,0.0025615384615384615,0.6,0.0009078829254019535,0.00022274775809172102,30,185
VEGFC,61,0.0027260930258958837,0.001500000071246177,-0.0005730874597888868,3.5551369903460612,10,0.008534902580201455,0.005721729172630977,0.3333333333333333,0.0008988739166467509,-0.00018896397322768697,30,185
FHOD3,28,0.005937500282016117,0.0057083336044646184,-0.002907738233348244,3.584166470746452,5,0.01433498997995992,0.0122,0.16666666666666666,0.0008986486913321691,-0.00044009011099324776,30,185
PTHLH,120,0.0013840278435155698,0.0010833333847889055,-0.0001993055650220615,3.4975414265400393,19,0.003106288768012215,0.0025714285714285717,0.6333333333333333,0.0008977477903884777,-0.00012927928541971555,30,185
CXCL10,158,0.0010395570114016227,0.0005000000237487257,-0.0002842827139246446,3.414497274663869,26,0.002383709543629383,0.002,0.8666666666666667,0.0008878378800078723,-0.00024279280432483162,30,185
ZNF135,178,0.0009049625892003768,0.0005833333610401799,8.567416099116401e-05,3.415383792614158,29,0.00193333195198206,0.0006,0.9666666666666667,0.0008707207615009031,8.243243598068753e-05,30,185
CDA,150,0.0010627778282570135,0.00037500001781154424,-0.0003938889075976072,3.677020424898868,25,0.002929647703570406,0.002,0.8333333333333334,0.0008617117526408218,-0.00031936938453860046,30,185
SERPINB5,166,0.0009573293623891304,0.0006666666983316342,-0.000248493987706445,3.6592759988927863,27,0.0020694168382115706,0.0014314342971657602,0.9,0.0008590090494951116,-0.0002229729835636209,30,185
HLA-DQA1,185,0.0008581081488660562,0.0002500000118743628,0.00014144144815954942,3.2701295810094684,30,0.001716948426768066,0.0008726023475522473,1.0,0.0008581081488660562,0.00014144144815954942,30,185
ZNF415,158,0.0010042194569805628,0.0003333333491658171,0.00016033756035824115,3.5103921071864392,26,0.002348800164431427,0.0013822883862964022,0.8666666666666667,0.0008576576983942105,0.00013693694344109244,30,185
SPINK1,141,0.0011111111637484503,0.0005000000237487257,0.0004255319352429052,3.4401103852591417,24,0.0027037374894088324,0.0015000000000000002,0.8,0.0008468468869650351,0.0003243243398337818,30,185
SPRR2E,185,0.0008387387785766911,0.0005000000237487257,5.765766039624944e-05,3.500711604640041,30,0.0017894202918308272,0.0015728600057257373,1.0,0.0008387387785766911,5.765766039624944e-05,30,185
C3,86,0.0018023256667756091,0.0013333333966632683,-0.0005303617824471823,3.420854963367223,15,0.004650964150523269,0.0034354423131978244,0.5,0.000837837877528121,-0.00024654655832679825,30,185
VGLL1,64,0.002412760528538153,0.00233333344416072,-0.0007408854500378463,3.340274693583427,10,0.00521679246835214,0.005434010878900658,0.3333333333333333,0.0008346847233861717,-0.0002563063178509306,30,185
PLAAT4,155,0.000994086068721929,0.0004166666864572714,-8.225806842317744e-05,3.5999604749228094,25,0.0022839744250405573,0.002,0.8333333333333334,0.0008328829224426971,-6.891892219239191e-05,30,185
TUBB2B,161,0.0009553140550167309,0.0004166666864572714,9.334023912821937e-05,3.634088529344922,27,0.0018865290167131945,0.0006012024048096191,0.9,0.0008313814208523982,8.123123513320713e-05,30,185
IRF8,138,0.0011125201816897803,0.0005000000237487257,-0.0002610708658506415,3.2123909518809386,23,0.002406910162630299,0.002,0.7666666666666667,0.0008298799193145388,-0.0001947447539858839,30,185
EPSTI1,93,0.0016469534832440102,0.0014166667339547228,0.00016487455980244715,3.630308800265262,15,0.004168843446530249,0.003020408163265306,0.5,0.0008279279672523943,8.288288681960858e-05,30,185
TRIL,148,0.0010337838328858787,0.0008333333729145428,2.2522523592284945e-05,3.4318471552124197,24,0.0024370914163928765,0.002014285714285714,0.8,0.0008270270663087029,1.8018018873827956e-05,30,185
MAL2,62,0.0024482528042230976,0.0013333333966632683,0.0006444892773757719,3.7884816480586925,10,0.005698144861150873,0.0035571428571428577,0.3333333333333333,0.0008204955343882813,0.0002159910010664749,30,185
KIT,141,0.0010663909077601415,0.0003333333491658171,5.713159872888283e-06,3.3629848526476844,24,0.0027389493272258806,0.0016666666666666666,0.8,0.0008127627999685403,4.354354281498638e-06,30,185
EGLN3,65,0.0023123932721761937,0.0014166667339547228,7.64957300793284e-05,3.552020057967482,10,0.004935187199796418,0.0034285714285714284,0.3333333333333333,0.0008124625010348789,2.6876878135980254e-05,30,185
HCLS1,154,0.0009707792668887595,0.00016666667458290854,9.632035089531728e-05,3.4279981460073663,24,0.002102861050899986,0.0009102040816326533,0.8,0.0008081081464911836,8.018018398853438e-05,30,185
ENTPD1,132,0.0011275253046834322,0.0008333333729145428,-5.934343855849213e-05,3.2484717704164305,22,0.0029027237291766347,0.0020020040080160322,0.7333333333333333,0.0008045045417200707,-4.234234534984304e-05,30,185
AEBP1,153,0.000966230982712679,8.333333729145427e-05,-0.00010566449303622308,3.2854371214662215,24,0.0017286019536019534,0.00013846153846153842,0.8,0.0007990991370542697,-8.738739153806557e-05,30,185
NCCRP1,178,0.0008286517247521015,0.0003333333491658171,0.00020973783767736808,3.519832242004482,29,0.0021964590687356417,0.001,0.9666666666666667,0.0007972973351668868,0.00020180181138687307,30,185
SHISA2,185,0.0007891892266736643,8.333333729145427e-05,-0.00012252252834203008,3.4447303417735116,30,0.0018265407004485162,0.0005714285714285714,1.0,0.0007891892266736643,-0.00012252252834203008,30,185
CYP4F11,185,0.0007878378752581272,0.0003333333491658171,-5.3603606149638154e-05,3.4114929601330752,30,0.0015780087158443871,0.0005862868594331519,1.0,0.0007878378752581272,-5.3603606149638154e-05,30,185
HLA-DRA,185,0.0007824324695959788,0.0003333333491658171,-4.819820048748978e-05,3.435182518359669,30,0.0019726948681944387,0.0006857142857142858,1.0,0.0007824324695959788,-4.819820048748978e-05,30,185
MUC16,185,0.0007788288658212133,0.0003333333491658171,-0.00019954955902764455,3.52480019683073,30,0.0017089924065818714,0.0006333333333333333,1.0,0.0007788288658212133,-0.00019954955902764455,30,185
MMP7,142,0.001006455446865099,0.0006666666983316342,-2.875586991043139e-05,3.5683513442071386,24,0.0026539316728695487,0.0020020040080160322,0.8,0.0007725225592153733,-2.207207312043923e-05,30,185
KISS1,57,0.0024795322803227633,0.0032500001543667167,-3.508772079462504e-05,3.2539974987080194,9,0.004919432515825301,0.005410821643286574,0.3,0.0007639639998832298,-1.0810811271857445e-05,30,185
EFS,130,0.001085897487624047,0.0007083333669773613,0.00024273505431408876,3.462067518680824,21,0.0023708535741172442,0.002,0.7,0.0007630630994114924,0.00017057057870719752,30,185
HOXB7,185,0.0007581081441163111,0.0001250000059371814,6.801802124870052e-05,3.562697571657986,30,0.001357805002451537,0.00013793103448275863,1.0,0.0007581081441163111,6.801802124870052e-05,30,185
TRPV2,74,0.0018930181079315493,0.0017083334144748126,-0.0006362612914820495,3.2207648027330387,12,0.004180759478139953,0.003918723160606928,0.4,0.0007572072431726197,-0.0002545045165928198,30,185
RARRES2,120,0.001156250054918928,0.0006250000296859071,-4.652777998772862e-05,3.3681660364940753,20,0.0030371657600916117,0.002,0.6666666666666666,0.0007500000356230885,-3.018018161366181e-05,30,185
ABO,144,0.00096354171243244,0.0003333333491658171,-0.00012557870966837208,3.4444721059481953,24,0.0020247268914245727,0.0005999999999999998,0.8,0.0007500000356230885,-9.774775239051665e-05,30,185
CALML3,185,0.0007435435773741856,0.0002500000118743628,-9.849850326432503e-05,3.3849985672384957,30,0.001262129792464748,0.0005857142857142857,1.0,0.0007435435773741856,-9.849850326432503e-05,30,185
DYNC1I1,156,0.0008806090153461227,0.0003333333491658171,-0.00011992521853182212,3.493972073390679,25,0.0018665128897250283,0.0,0.8333333333333334,0.0007425676021297035,-0.00010112613022142837,30,185
CDHR3,116,0.0011630747678867627,0.0005000000237487257,-5.387931290395751e-05,3.2604674080132763,20,0.002735159843496517,0.0019734039507586605,0.6666666666666666,0.0007292793139181863,-3.378378538842741e-05,30,185
NPR3,116,0.0011594828136931655,0.0008333333729145428,0.0002571839202615572,3.3039883101315097,18,0.0026437711401639257,0.001717721156598912,0.6,0.0007270270615589578,0.00016126126892076017,30,185
TFF1,185,0.0007238739082560379,0.0003333333491658171,3.2882884444736004e-05,3.397116236600499,30,0.0014826622860232939,0.0006346025384101537,1.0,0.0007238739082560379,3.2882884444736004e-05,30,185
HENMT1,68,0.0019620098971120338,0.0010000000474974513,-0.00033210785891153103,3.7374777485453823,11,0.004944075659048462,0.0029333333333333334,0.36666666666666664,0.0007211712054249637,-0.00012207207787018437,30,185
FMOD,102,0.0012965686890346855,0.0006666666983316342,4.330065565144192e-05,3.324763740820731,16,0.002413949080426864,0.001985714285714286,0.5333333333333333,0.000714864898819124,2.387387500782203e-05,30,185
ZFP37,16,0.008239583724692542,0.005750000273110345,-0.0005104166909101575,3.3506989886646106,2,0.018289722301746348,0.018289722301746348,0.06666666666666667,0.0007126126464598955,-4.4144146240878486e-05,30,185
TNMD,150,0.000878333375051928,0.0,-0.00010388889382334634,3.316035181776273,25,0.001992358049432198,0.0,0.8333333333333334,0.0007121621959880498,-8.423423823514569e-05,30,185
PNMA3,148,0.0008862613033564123,0.0007500000356230885,-0.0001362612677333239,3.3340596228631414,24,0.0018460031173458027,0.002,0.8,0.0007090090426851299,-0.00010900901418665912,30,185
VIPR1,84,0.0015605159471363999,0.00116666672208036,0.0005188492309932213,3.6971244281635633,14,0.0038782332400466627,0.0033518983545321934,0.4666666666666667,0.0007085585922132842,0.00023558559677530047,30,185
FAM3D,185,0.0007018018351355987,0.0,-0.0001135135189051161,3.3192157822914514,30,0.0015975258453414765,0.0,1.0,0.0007018018351355987,-0.0001135135189051161,30,185
XK,77,0.0016839827639675694,0.0013333333966632683,0.0004935065169467942,3.6022843696365845,12,0.004048120504046642,0.0037177211565989124,0.4,0.0007009009341919073,0.00020540541516163866,30,185
GBP6,108,0.0012006173409768782,0.0005416666923944529,0.0001481481551848076,3.2673573225135106,17,0.0023134425714173446,0.0009795918367346938,0.5666666666666667,0.0007009009341919073,8.648649059437416e-05,30,185
GLDC,133,0.0009743108232196346,0.0004166666864572714,-1.942355981981264e-05,3.481360658726345,23,0.001923142350954497,0.000572573718866304,0.7666666666666667,0.0007004504837200616,-1.3963964627216656e-05,30,185
IL12RB2,162,0.0007993827540180243,0.00016666667458290854,5.658436470776183e-05,3.359758133916826,26,0.0016215224798104846,0.0002857142857142857,0.8666666666666667,0.0007000000332482159,4.95495517981482e-05,30,185
HOXB2,102,0.0012589869879032455,0.0008333333729145428,-0.000548202640417312,3.3227783404157734,16,0.003288251503006012,0.002,0.5333333333333333,0.0006941441771142218,-0.00030225226660846385,30,185
FAM83E,122,0.001049180377702244,0.0003333333491658171,0.0002103825236538354,3.5353679575580483,20,0.002220465693291345,0.0006666666666666666,0.6666666666666666,0.0006918919247549933,0.00013873874532847522,30,185
FST,85,0.0015058824244667502,0.00058333336104018,-4.509804135772821e-05,3.4749584675728804,14,0.003506700281028529,0.0013020040080160321,0.4666666666666667,0.0006918919247549933,-2.072072170490215e-05,30,185
CYP26B1,114,0.0011147661348198928,0.0007083333669773613,0.0003735380294380099,3.5028666733940357,19,0.00279448822456944,0.002004008016032064,0.6333333333333333,0.0006869369695646907,0.00023018019111315205,30,185
SCN9A,111,0.0011441441984880749,0.0003333333491658171,0.00031531533029198917,3.3017630627569705,19,0.002588953864863943,0.0014285714285714286,0.6333333333333333,0.0006864865190928449,0.0001891891981751935,30,185
PDPN,177,0.0007165725387434656,8.333333729145427e-05,-0.00017984934940867535,3.350784687750677,29,0.0014548584854437942,0.0,0.9666666666666667,0.0006855856181491536,-0.00017207208024505694,30,185
ABCA4,166,0.0007585341725746229,0.0,3.664658808600098e-05,3.4768360724531453,27,0.0014680276148164306,0.0,0.9,0.0006806306629588508,3.288288444473602e-05,30,185
EPB41L3,180,0.0006987654652928338,0.0004166666864572714,-2.1296297294342092e-05,3.518067558487258,29,0.0015395750968720586,0.0014000000000000002,0.9666666666666667,0.0006798799121768113,-2.0720721691792307e-05,30,185
SLCO2A1,156,0.0008050214057578308,0.0005000000237487257,0.0002857906118649233,3.561191166461218,26,0.002036685825864183,0.0014156885198969367,0.8666666666666667,0.0006788288610714682,0.00024099100243744887,30,185
POU4F1,171,0.0007334308340563665,0.00058333336104018,4.8245616326631424e-05,3.3899709543271377,28,0.0014527649078526343,0.0009345357381429526,0.9333333333333333,0.0006779279601277766,4.459459671272418e-05,30,185
AQP5,185,0.0006761261582797234,0.0,9.804805272693014e-05,3.37069747745695,30,0.0014587740560486053,0.0002857142857142857,1.0,0.0006761261582797234,9.804805272693014e-05,30,185
HDGFL3,121,0.001033746605574156,0.00058333336104018,0.0001893939483896688,3.59164607299785,21,0.0020908874438218842,0.001336005344021376,0.7,0.000676126158240394,0.00012387387975756715,30,185
NTRK2,139,0.0008968825366044287,0.0004166666864572714,-4.796163297349892e-06,3.301130510675927,21,0.001836462688902262,0.001,0.7,0.0006738739058811654,-3.603603774765594e-06,30,185
APOD,122,0.001017076551040782,0.0,9.357923941745276e-05,3.5607521543271408,20,0.00259046951044947,0.0006012024048096191,0.6666666666666666,0.0006707207525782455,6.171171464286074e-05,30,185
UBD,164,0.0007520325560448312,0.0,-0.00013516260804589532,3.4422988799211978,27,0.0015707377465942213,0.0,0.9,0.0006666666983316342,-0.00011981982551095587,30,185
LYPD3,156,0.0007882835132508433,0.0002500000118743628,7.923789550667195e-05,3.4159975092248227,26,0.0018728923047560324,0.001189795918367347,0.8666666666666667,0.0006647147463088192,6.681681999481527e-05,30,185
GATM,143,0.0008519813924482947,0.0004166666864572714,-0.0003111888259694866,3.3375016350645965,24,0.0016932064809891893,0.0013823838152495467,0.8,0.0006585585898384116,-0.00024054055196560316,30,185
GRAMD1B,185,0.0006554054365354917,8.333333729145427e-05,0.0001130630684332704,3.4063928350133925,30,0.0015945344657569108,0.0005720011451474378,1.0,0.0006554054365354917,0.0001130630684332704,30,185
RSPH1,164,0.0007373814706233229,0.00016666667458290854,9.6121277740936e-05,3.387006508950587,27,0.0018098971243259822,0.000668002672010688,0.9,0.0006536787090931079,8.521021378115408e-05,30,185
KLK13,185,0.0006518018327607261,0.0002500000118743628,-1.3963964627216663e-05,3.3429634049087764,30,0.0012082369728118368,0.0005714285714285715,1.0,0.0006518018327607261,-1.3963964627216663e-05,30,185
LAMA1,99,0.0012095960157747798,0.0003333333491658171,-0.0003526936199356134,3.310234248933506,14,0.0027845876997322746,0.0008615384615384615,0.4666666666666667,0.0006472973273605578,-0.00018873874796554446,30,185
INHBB,169,0.0007036489486089069,8.333333729145427e-05,-9.812623740236331e-05,3.366049181995144,27,0.0014866678683645952,0.0,0.9,0.0006427928233238122,-8.963964389729406e-05,30,185
GAGE12J,112,0.0010498512403414463,0.0003333333491658171,-0.0007180059864844052,3.2058399414154706,18,0.0026052755548890676,0.0015,0.6,0.000635585615774281,-0.00043468470533109937,30,185
NKX2-1,185,0.000630930959884715,0.00016666667458290854,0.0002813813941519674,3.579886356010145,30,0.001284182060265656,0.0005714285714285715,1.0,0.000630930959884715,0.0002813813941519674,30,185
ITM2A,128,0.0009088542098349232,8.333333729145427e-05,4.2968752040906124e-05,3.216738385551898,21,0.002522045451447112,0.0006,0.7,0.0006288288586965955,2.972973114181613e-05,30,185
IL6,125,0.0009293333774742981,0.0,-0.0002413333447960516,3.587619460498255,21,0.0021885557964000566,0.000572573718866304,0.7,0.0006279279577529041,-0.00016306307080814298,30,185
MUCL1,177,0.0006558380725818971,0.00016666667458290854,7.485876061774706e-05,3.4293455976874934,29,0.0015269163081813013,0.0005714285714285714,0.9666666666666667,0.0006274775072810584,7.162162502346611e-05,30,185
ADGRV1,177,0.0006530132137454709,0.00016666667458290854,0.0001388888955405666,3.4475400861348535,29,0.001733483575172865,0.000572573718866304,0.9666666666666667,0.0006247748045024236,0.00013288288924692048,30,185
IL1A,143,0.0008076923460556337,0.0005000000237487257,2.331002441719001e-05,3.457562981096976,23,0.0016543500488110205,0.0013333333333333333,0.7666666666666667,0.0006243243539781386,1.8018018873827952e-05,30,185
CALML5,181,0.0006348987410216324,0.0003333333491658171,-0.00018738490761117065,3.3835927271316417,29,0.0012993540447068194,0.0005714285714285715,0.9666666666666667,0.0006211712006752186,-0.0001833333420411994,30,185
TWIST1,155,0.0007412186730840814,8.333333729145427e-05,4.8028676168522434e-05,3.255097062654471,24,0.0013467271845277859,0.0005857142857142855,0.8,0.000621021050421798,4.0240242195248524e-05,30,185
UCHL1,130,0.0008750000415602699,0.0,-0.0001378205193666359,3.7155491762404584,21,0.0024474141182513594,0.0,0.7,0.0006148648940693789,-9.684685144682522e-05,30,185
CAPN13,185,0.0006114114404169356,0.0002500000118743628,-0.000163663671402311,3.416030468796505,30,0.0014389553710595796,0.000286286859433152,1.0,0.0006114114404169356,-0.000163663671402311,30,185
S1PR5,152,0.0007436952107622219,0.0004166666864572714,-3.919956326538802e-05,3.451659908539304,23,0.0015293552727824998,0.001002004008016032,0.7666666666666667,0.0006110360650586904,-3.2207208736967454e-05,30,185
NECTIN4,134,0.0008396559270878962,0.0002500000118743628,-2.746683378461797e-05,3.6218404539541242,22,0.0016552183764322326,0.0005720011451474377,0.7333333333333333,0.0006081832120528545,-1.9894895822371933e-05,30,185
SLC6A14,158,0.0007099156455335282,0.00029166668052008993,3.1645571123337065e-05,3.535334761577497,26,0.0016617273269721024,0.0005,0.8666666666666667,0.0006063063351043105,2.7027028310741928e-05,30,185
PLAAT1,127,0.000879265133626368,0.0006666666983316342,-0.00023359581162013952,3.5934961490498543,21,0.0020363432404166934,0.0014285714285714288,0.7,0.0006036036322732363,-0.00016036036797706875,30,185
LINGO2,127,0.0008716098402762477,0.00016666667458290854,-0.00010826772175426166,3.348860926077918,20,0.0016866809810096386,0.0005142857142857143,0.6666666666666666,0.000598348376838289,-7.432432790697963e-05,30,185
IL32,95,0.0011640351430079981,0.0007500000356230885,0.0001464912350281354,3.459906614014434,16,0.0025873774760405165,0.0014142857142857143,0.5333333333333333,0.0005977477761392422,7.522522879823169e-05,30,185
FAM171A1,152,0.0007214912623391699,0.0003333333491658171,6.469298552889213e-05,3.423803003986957,25,0.0015533199845621337,0.0005725737188663041,0.8333333333333334,0.0005927928209489397,5.315315567779245e-05,30,185
CNTN1,169,0.0006481755731929979,0.00029166668052009,-5.6459568756636185e-05,3.3913420792160607,27,0.0012635938543754176,0.0005714285714285715,0.9,0.0005921171452411711,-5.157657902633252e-05,30,185
GSDMC,137,0.0007992701109559922,8.333333729145427e-05,-3.771289716839537e-05,3.5307673309611483,22,0.0019216613253376436,0.0006012024048096191,0.7333333333333333,0.0005918919200052482,-2.7927929254433325e-05,30,185
CD70,132,0.0008273358971840053,0.0005000000237487257,-9.627525713482889e-05,3.3480696173355184,22,0.0019628003068598546,0.0016680981009638326,0.7333333333333333,0.0005903153428556146,-6.869369698268871e-05,30,185
SRPX,135,0.0008083333717271065,0.0002500000118743628,-0.00010154321469958689,3.3342832955441817,23,0.0013933456976063928,0.0,0.7666666666666667,0.0005898648928819426,-7.409910261861746e-05,30,185
MS4A7,130,0.0008382479030003126,0.0004166666864572714,-0.00020534189015728398,3.198727714171611,21,0.002175679898832326,0.0020000000000000005,0.7,0.0005890390669731927,-0.00014429430119160497,30,185
THBS2,158,0.0006888185981179701,0.0,2.426160452789175e-05,3.2822069267658907,25,0.001611001267841806,0.0,0.8333333333333334,0.0005882883162304826,2.0720721704902144e-05,30,185
SPRR1A,180,0.0006023148434232334,8.333333729145427e-05,6.944444774287854e-06,3.5974576486062686,29,0.0011073591416760514,0.0005714285714285714,0.9666666666666667,0.0005860360638712542,6.7567570776854795e-06,30,185
CA8,147,0.0007360166638876816,8.333333729145427e-05,1.946334187136731e-05,3.2483865174386732,24,0.0015676986626313855,0.0002857142857142857,0.8,0.0005848348626566984,1.5465466243735103e-05,30,185
SPRR2G,124,0.0008709677833042318,0.0008333333729145428,0.00011559140333975917,3.3254520432931485,20,0.001826286859433152,0.0017142857142857142,0.6666666666666666,0.0005837838115120256,7.74774811574602e-05,30,185
SPINK5,128,0.0008365885814024902,0.0003333333491658171,-0.00018164063362746674,3.5501507777190624,21,0.002350391485919685,0.002,0.7,0.0005788288563217229,-0.00012567568164494996,30,185
KRT14,175,0.0006111905045275177,0.0003333333491658171,5.833333635347939e-05,3.5033962900381725,28,0.001079671729102117,0.0008016032064128255,0.9333333333333333,0.0005781531799584627,5.51801830370751e-05,30,185
HLA-G,147,0.0007273242975845976,0.0005000000237487257,-0.00013775510858383258,3.345796285462403,24,0.0016316317442140519,0.001402805611222445,0.8,0.0005779279553780316,-0.0001094594646585048,30,185
APCDD1L,128,0.0008352864971736077,0.0005000000237487257,-2.734375099559352e-05,3.413873013329913,20,0.001749419035114564,0.001847783251231527,0.6666666666666666,0.0005779279548011988,-1.8918919607762004e-05,30,185
ESRP1,49,0.0021598640469783523,0.0013333333966632683,0.0015884354484083801,3.7233534042075007,9,0.004693712746733074,0.0037142857142857142,0.3,0.0005720720989294014,0.0004207207403892466,30,185
GAL,61,0.0017322405194354757,0.0010833333847889055,6.830601417332317e-05,3.3117258337292426,12,0.004292639246747463,0.0031666666666666666,0.4,0.000571171198300346,2.2522523592284935e-05,30,185
RPS4Y1,172,0.0006125646276807173,8.333333729145427e-05,0.00011967054839020813,3.4385875739697624,28,0.0013992626428007394,0.0005714285714285715,0.9333333333333333,0.0005695195457355858,0.00011126126661143675,30,185
SPRR2B,177,0.0005913371278986812,0.0,-0.00015819209790920134,3.2609207470998314,28,0.0012152369851461914,0.0,0.9333333333333333,0.0005657657926381977,-0.0001513513585401548,30,185
C9orf152,171,0.0006115984688576521,8.333333729145427e-05,0.00017787525205660546,3.584339856021576,28,0.00114078511233116,0.00028628685943315205,0.9333333333333333,0.0005653153414846406,0.00016441442217124072,30,185
NOD2,125,0.0008300000394228846,0.0006666666983316342,-7.333333681647973e-06,3.4815639569121757,21,0.0023700068348303594,0.002,0.7,0.000560810837447895,-4.954955190302684e-06,30,185
MT1M,162,0.000635802498735955,0.0005000000237487257,-7.098765805202685e-05,3.44484372199943,26,0.0013929061681709836,0.0011921802789251973,0.8666666666666667,0.0005567567826768904,-6.216216542934243e-05,30,185
PRSS3,117,0.0008796296714097952,0.0,0.00019729345666438323,3.488089959139526,20,0.0020263562499147954,0.0,0.6666666666666666,0.000556306332729438,0.00012477478070125857,30,185
TMEM170B,65,0.0015705128951081766,0.0010833333847889055,-0.0001807692393553085,3.625490742973597,12,0.003588070017586193,0.002585714285714286,0.4,0.0005518018280109809,-6.351351653024353e-05,30,185
C1QTNF5,120,0.0008503472626115481,0.00037500001781154424,0.00011701389444675038,3.275746072700964,19,0.002142645269303252,0.002,0.6333333333333333,0.0005515766027750582,7.590090450600024e-05,30,185
GJB6,185,0.0005504504765954438,0.00016666667458290854,0.00012072072645464729,3.4014388507731974,30,0.001178921198405882,0.0006190476190476191,1.0,0.0005504504765954438,0.00012072072645464729,30,185
FBN2,185,0.0005457958210205139,0.0002500000118743628,-2.6126126999975193e-05,3.480212558737856,30,0.001160953148771544,0.0005862868594331519,1.0,0.0005457958210205139,-2.6126126999975193e-05,30,185
CD93,100,0.0010058333811078532,0.0003333333491658171,0.0003941666853885788,3.2196133849930897,16,0.0023138336196201928,0.0006333333333333333,0.5333333333333333,0.0005436937195177585,0.00021306307318301555,30,185
OLFML2B,157,0.000639065847763764,0.00016666667458290854,0.0001974522386778407,3.421176650823158,25,0.0014830186086458633,0.0014000000000000002,0.8333333333333334,0.0005423423681022214,0.00016756757552659996,30,185
BPIFB1,165,0.0006035353822017445,0.00016666667458290854,-0.00011060606585956656,3.3208857256169826,27,0.0013180955006510881,0.0006,0.9,0.0005382883138556101,-9.864865333420802e-05,30,185
CPVL,166,0.000598895610775331,0.0,-0.00011194779648189338,3.4626744746788907,27,0.0012734548462003373,0.0,0.9,0.0005373874129119187,-0.00010045045522159083,30,185
LDLRAD4,56,0.0017738096080609552,0.00116666672208036,-0.0008541667072374064,3.258570791248167,10,0.004092380952380953,0.003319047619047619,0.3333333333333333,0.000536936962440073,-0.0002585585708394311,30,185
CLDN5,178,0.0005529026479843118,0.00016666667458290854,1.076779077361488e-05,3.3109300086095645,29,0.0011010597998504846,0.0005714285714285714,0.9666666666666667,0.0005319820072497703,1.0360360852451074e-05,30,185
UGT2B7,108,0.0009074074505069466,0.0,0.00037345680786170243,3.3562130662641447,19,0.0014793386271289444,0.0,0.6333333333333333,0.0005297297548905417,0.00021801802837331818,30,185
STEAP4,185,0.0005292793044186961,0.0002500000118743628,1.7567568401982253e-05,3.4574278693171805,30,0.001034615262270573,0.0006006012024048095,1.0,0.0005292793044186961,1.7567568401982253e-05,30,185
INA,178,0.0005482209998218706,0.0,-6.975655762037464e-05,3.3431265344827295,29,0.0011222474975754937,0.0,0.9666666666666667,0.0005274775025313134,-6.711712030500912e-05,30,185
DAPL1,185,0.0005261261511157762,0.00016666667458290854,-3.783783963503869e-05,3.441012106832006,30,0.0011335222826605593,0.0005720011451474378,1.0,0.0005261261511157762,-3.783783963503869e-05,30,185
HLA-DQB2,121,0.0008040633990725031,0.0005000000237487257,0.0002510330697746701,3.1526702712315657,20,0.0016903700441175391,0.0013011737761236758,0.6666666666666666,0.0005259009258798534,0.0001641891969877572,30,185
FGB,185,0.0005256757006439304,0.0,-1.846846934567365e-05,3.31918326147066,30,0.0012319839679358717,0.0005714285714285715,1.0,0.0005256757006439304,-1.846846934567365e-05,30,185
DSG3,185,0.0005256757006439304,0.00016666667458290854,-0.00010315315805266501,3.4001670628356733,30,0.001097550656869294,0.0005720011451474378,1.0,0.0005256757006439304,-0.00010315315805266501,30,185
CTSG,110,0.0008787879205280633,0.0005416666923944529,4.696969920063786e-05,3.1925441814524977,17,0.0023039097803450037,0.001937207748830995,0.5666666666666667,0.0005225225473410106,2.7927929254433322e-05,30,185
NDN,185,0.0005216216460826832,0.0003333333491658171,-1.711711782525788e-05,3.4473970725947383,30,0.0012912624749068077,0.0012014028056112225,1.0,0.0005216216460826832,-1.711711782525788e-05,30,185
SPRR2A,185,0.0005186186427447677,8.333333729145427e-05,2.5525526510685802e-05,3.459008817224056,30,0.0011887902789706397,0.0003,1.0,0.0005186186427447677,2.5525526510685802e-05,30,185
SPNS2,83,0.0011546185278019543,0.00058333336104018,-3.8152612020153113e-05,3.567044505074746,13,0.002327349507654946,0.0013333333333333333,0.43333333333333335,0.0005180180422030389,-1.7117117825257884e-05,30,185
SLCO1B3,112,0.0008541667062846023,0.0004166666864572714,-0.00010639881527043014,3.3165286172079385,19,0.001332606559093965,0.0009815549466279498,0.6333333333333333,0.0005171171411020295,-6.44144178934496e-05,30,185
ZNF471,123,0.0007750677874912495,0.0004166666864572714,0.0001233062389190624,3.4023111250721634,21,0.0016125627347990442,0.0011428571428571427,0.7,0.0005153153397914794,8.198198587591717e-05,30,185
SLC9A9,173,0.0005491329740592941,0.0,8.188825051761403e-05,3.278936408921888,28,0.001128138590105381,0.0,0.9333333333333333,0.0005135135379040966,7.657658021376879e-05,30,185
RPS6KA6,117,0.0008105413491021446,0.0005000000237487257,-2.326685765693813e-05,3.343043491957547,20,0.0017334876555832753,0.0014285714285714286,0.6666666666666666,0.0005126126369997347,-1.4714715383036546e-05,30,185
TRIM29,172,0.0005503876230412329,0.00016666667458290854,-9.786822170275445e-05,3.4375433600597787,28,0.0010830640873583902,0.0006006012024048096,0.9333333333333333,0.0005117117360167138,-9.099099531283117e-05,30,185
UBASH3B,65,0.0014435898121565771,0.0,0.00016410257189701765,3.4998206456649785,10,0.003001545949040939,0.0002857142857142857,0.3333333333333333,0.0005072072312982568,5.765766039624944e-05,30,185
SPDEF,154,0.0006066017604137679,0.00022916667755149928,-2.2727273806760255e-05,3.4579165020187888,26,0.0013148027811046156,0.0011676686706746826,0.8666666666666667,0.0005049549789390283,-1.891891981751935e-05,30,185
KRT6A,117,0.0007970085848644216,0.0,-2.6353277604989804e-05,3.8414786042684215,19,0.0015419681468199556,0.0,0.6333333333333333,0.000504054077995337,-1.666666745829085e-05,30,185
BTNL9,141,0.0006607565307773949,0.0003333333491658171,9.929078334422857e-05,3.2907747416590545,23,0.001426051846679008,0.001402805611222445,0.7666666666666667,0.0005036036261600685,7.567567811641205e-05,30,185
CEMIP,129,0.0007209302660484511,0.0002500000118743628,0.0001266149938460295,3.3696401233398596,21,0.0019800373598867138,0.001336005344021376,0.7,0.0005027027260554065,8.82882930061503e-05,30,185
FOXA3,163,0.0005690184314290046,0.00016666667458290854,5.112477358723973e-07,3.39175929187252,27,0.0012032360080824827,0.000572573718866304,0.9,0.0005013513747185284,4.504507078227068e-07,30,185
ALOX5AP,134,0.0006850124694423203,0.0003333333491658171,-0.00013650498099263702,3.33209805260004,21,0.0014136109352092339,0.0006666666666666666,0.7,0.0004961711940825455,-9.887387812439655e-05,30,185
ESAM,118,0.000776129980367019,0.00020833334322863567,4.307909809134499e-05,3.443474155093702,19,0.002037115548677018,0.0009795918367346938,0.6333333333333333,0.000495045068558423,2.7477478782587617e-05,30,185
CP,176,0.0005179924482945353,0.0,0.0001344697031361813,3.485083947325539,29,0.000830836996535882,0.0,0.9666666666666667,0.0004927928156748012,0.0001279279337944211,30,185
PGBD5,128,0.0007115885754653087,0.0002500000118743628,-0.00013997396498173959,3.5252984788947845,19,0.0014854842517114427,0.0005999999999999998,0.6333333333333333,0.0004923423657273488,-9.684685144682522e-05,30,185
SERPINB13,185,0.0004909910143118117,0.0,1.4414415099062363e-05,3.393599194674866,30,0.0011034488023666381,0.0,1.0,0.0004909910143118117,1.4414415099062363e-05,30,185
NKAIN2,163,0.0005567484927018019,0.0,-3.834356010342988e-05,3.246326139735401,26,0.0010328569226364817,0.0,0.8666666666666667,0.000490540563839966,-3.378378538842741e-05,30,185
MAGEA1,146,0.0006204338194233616,0.0,0.00016723745086572674,3.26884376232836,24,0.001086309921430162,0.0,0.8,0.0004896396628962746,0.00013198198825078975,30,185
ZBTB7C,173,0.0005218368905160382,0.0003333333491658171,-0.00012909441846306212,3.454322299075365,28,0.0010683746501749857,0.0005863154881190953,0.9333333333333333,0.00048798801113121413,-0.00012072072645464727,30,185
PDZK1IP1,79,0.0011424051175524682,0.0007500000356230885,3.2700423494114954e-05,3.5559697285729297,13,0.002635257327842498,0.002,0.43333333333333335,0.00048783786100889176,1.3963964627216656e-05,30,185
ERP27,74,0.0012162162739833868,0.0005000000237487257,0.0002184684788451639,3.5018202125858315,12,0.0030769157362343738,0.0014157171485828803,0.4,0.0004864865095933547,8.738739153806556e-05,30,185
IGFL1,139,0.0006470823647511333,0.0,0.00012190248369132068,3.3300289172370756,22,0.0013399777084575253,0.0,0.7333333333333333,0.000486186209191392,9.159159585455986e-05,30,185
GPX2,178,0.0005043695621063395,0.0002500000118743628,-9.956305095758499e-05,3.562774010212316,29,0.001114120993570533,0.001142857142857143,0.9666666666666667,0.0004852853084050186,-9.57958003808115e-05,30,185
WDR72,166,0.0005406626762825076,0.0,-6.475903922046747e-05,3.5691575725061395,26,0.0012493426413266093,0.0,0.8666666666666667,0.0004851351581778176,-5.8108110868095134e-05,30,185
SBSN,182,0.0004917582651155049,0.0002500000118743628,-5.311355563631152e-05,3.476091746427317,29,0.0011319464638871925,0.0005714285714285715,0.9666666666666667,0.0004837838067622805,-5.225225473410107e-05,30,185
CDH13,185,0.000482432454979668,8.333333729145427e-05,2.567567694764416e-05,3.289214649665972,30,0.0010826186893235278,0.000904761904761905,1.0,0.000482432454979668,2.567567694764416e-05,30,185
SULT1E1,54,0.0016466050164811428,0.0006666666983316342,-0.0009768518982498251,3.222423118938804,8,0.0036613822883862965,0.002536005344021376,0.26666666666666666,0.00048063065345936064,-0.00028513514867832735,30,185
KRTDAP,185,0.0004797297525156692,0.0,7.612612974192309e-05,3.40210928557506,30,0.001058133409676496,0.0,1.0,0.0004797297525156692,7.612612974192309e-05,30,185
ABCC2,43,0.0020639535864046235,0.0022500001068692654,0.000823643449973676,3.329375925731799,7,0.00549978440846708,0.006461903398634003,0.23333333333333334,0.0004797297525156692,0.000191441450534422,30,185
SNCG,101,0.0008778878304763104,0.0006666666983316342,-0.00026072608499108467,3.417046143551855,16,0.002129850176543563,0.002,0.5333333333333333,0.00047927930204382354,-0.0001423423491032408,30,185
FAM167A,148,0.000595720748983162,0.0005416666923944529,0.00014864865567630603,3.4521784225907086,23,0.0012455915676369007,0.0014000000000000002,0.7666666666666667,0.00047657659918652964,0.00011891892454104481,30,185
GPSM3,41,0.0021443090449386405,0.002416666781452174,0.00033943091043104543,3.4843815018622393,6,0.005235337341349365,0.00572029773833381,0.2,0.00047522524779721224,7.522522879823169e-05,30,185
TMEM158,21,0.004174603372886186,0.004750000225612894,0.0006269841567642751,3.6703510718505803,3,0.00844673473931991,0.010571428571428572,0.1,0.00047387389638167514,7.117117455162042e-05,30,185
TOX2,24,0.0036527779512754125,0.003000000142492354,-0.00010416667161431788,3.308562218861379,4,0.007231606069281421,0.006666666666666666,0.13333333333333333,0.00047387389638167514,-1.3513514155370967e-05,30,185
KRT7,84,0.0010396825890648105,0.0010000000474974513,-1.3888889548575701e-05,3.610250635943466,13,0.0018808048331094424,0.0015714285714285715,0.43333333333333335,0.0004720720944942923,-6.3063066058397775e-06,30,185
MARK1,164,0.0005320122203911746,0.0,-6.758130402294766e-05,3.44225023314769,27,0.0011962530250725688,0.0,0.9,0.0004716216440224466,-5.9909912755477935e-05,30,185
TESC,185,0.00046741743870960497,0.0,5.375375627196049e-05,3.481939955770577,30,0.0009189066778245136,0.0,1.0,0.00046741743870960497,5.375375627196049e-05,30,185
PGC,113,0.0007625369093749002,0.0,0.00010324484266197876,3.187978266020066,20,0.001882671465379739,0.0002857142857142857,0.6666666666666666,0.00046576578788845254,6.306306605839784e-05,30,185
GYPC,185,0.0004648648869447611,0.00016666667458290854,0.0001108108160740419,3.242468088887318,30,0.0010693853012146743,0.00028571428571428574,1.0,0.0004648648869447611,0.0001108108160740419,30,185
SEMA6A,168,0.0005114087544493414,0.00016666667458290854,-4.613095457205505e-05,3.397201076368582,27,0.0013388990124365637,0.0006,0.9,0.0004644144364729155,-4.189189388164999e-05,30,185
DOCK8,160,0.0005369791916261117,0.0,-4.6354169050270375e-05,3.438589667179477,26,0.0015664703879441045,0.0,0.8666666666666667,0.0004644144360009615,-4.009009215158519e-05,30,185
PLXDC2,185,0.000463513535529224,0.0003333333491658171,8.558558965068276e-06,3.4189158918693447,30,0.0009538412880182133,0.0005714285714285715,1.0,0.000463513535529224,8.558558965068276e-06,30,185
MYOZ1,17,0.005019608081555833,0.0015833334085376312,-0.0049705884713843905,3.354603437024559,3,0.012126530612244899,0.0074,0.1,0.0004612612831699955,-0.0004567567784515386,30,185
SCGB2A1,160,0.0005317708585910925,0.0,-0.00019739584270913232,3.349230360525342,27,0.001085808098939123,0.0,0.9,0.0004599099317544584,-0.00017072072882951984,30,185
MS4A8,177,0.00047881358206445764,0.00016666667458290854,1.1770245380148908e-05,3.246033268571601,29,0.0009539190038533553,0.0005714285714285714,0.9666666666666667,0.0004581081298670757,1.1261261796142468e-05,30,185
WNT10A,99,0.00085016839054918,0.00016666667458290854,-0.0002727272856811231,3.363487567561284,17,0.0017670264899546993,0.0005714285714285715,0.5666666666666667,0.0004549549765641558,-0.0001459459528780064,30,185
NRIP3,22,0.003818181999535723,0.0029166668052008995,-0.0020606061584795966,3.480596179611322,4,0.009200567802271208,0.007980293921175685,0.13333333333333333,0.0004540540756204644,-0.0002450450566840601,30,185
PPM1E,94,0.0008882979145323105,0.0004166666864572714,2.6595745944081144e-05,3.318802366848146,16,0.0015069496135127398,0.0006339345357381429,0.5333333333333333,0.0004513513727893902,1.3513514155370959e-05,30,185
SERPINB4,173,0.00048073220009752236,8.333333729145427e-05,-7.514451223969287e-05,3.396432779133533,28,0.0014490093890404715,0.0005857142857142857,0.9333333333333333,0.0004495495709020074,-7.0270273607929e-05,30,185
CA2,185,0.0004481982194864703,8.333333729145427e-05,3.063063208550753e-05,3.5570948182979643,30,0.0008814204873896671,0.0004236453201970443,1.0,0.0004481982194864703,3.063063208550753e-05,30,185
FREM1,64,0.0012921007560938353,0.0008333333729145428,-0.00010894097742190448,3.2221486661233882,11,0.0025390801082684853,0.002004008016032064,0.36666666666666664,0.00044699701832435384,-3.7687689486496685e-05,30,185
KCNK12,50,0.0016483334116249658,0.00037500001781154424,0.0010650000505847857,3.274319646877858,8,0.002848809523809524,0.0002999999999999999,0.26666666666666666,0.0004454955166553961,0.0002878378515094015,30,185
ANOS1,138,0.0005960145210627925,8.333333729145427e-05,-0.00013949276024873868,3.322952449933584,22,0.0012369787193434489,0.0005714285714285715,0.7333333333333333,0.0004445946157117047,-0.00010405405899635641,30,185
GZMA,138,0.0005948067915368294,0.00029166668052008993,-0.0001865942117612998,3.2151409523954606,22,0.0016207254335510847,0.0009666666666666667,0.7333333333333333,0.00044369371476801327,-0.00013918919580032093,30,185
PARM1,135,0.0006080247202376478,0.0,-3.39506188965184e-05,3.6297326427001972,22,0.0015136966573840323,0.0,0.7333333333333333,0.00044369371476801327,-2.4774775951513428e-05,30,185
TMEM40,182,0.00045009159646977777,0.0,-9.478022428203866e-05,3.3490046022782263,29,0.0010006265404371962,0.0,0.9666666666666667,0.0004427928138243219,-9.324324767205965e-05,30,185
POU2AF1,185,0.0004427928138243219,0.00016666667458290854,-6.62162193613177e-05,3.2950285595296727,30,0.0010002324831068032,0.0005720011451474378,1.0,0.0004427928138243219,-6.62162193613177e-05,30,185
KRT13,185,0.0004418919128806305,0.0,-1.2162162739833877e-05,3.531979793415834,30,0.0008339229024943311,0.0,1.0,0.0004418919128806305,-1.2162162739833877e-05,30,185
GABBR2,168,0.0004831349435392888,0.00011111111598438583,-0.0002000661470447085,3.331672720274562,27,0.0013392518134446435,0.000572573718866304,0.9,0.0004387387595383811,-0.0001816816902892488,30,185
TM4SF4,155,0.0005209677666801238,0.0002500000118743628,2.6881721706920767e-06,3.2888663863018937,26,0.001417576754765418,0.0005999999999999998,0.8666666666666667,0.00043648650721848215,2.2522523592284966e-06,30,185
APCDD1,174,0.00046360155458694105,0.0,5.747126709755467e-05,3.4725578538801134,28,0.000965000068163538,0.0,0.9333333333333333,0.00043603605674663647,5.4054056621483856e-05,30,185
GLI2,121,0.0006632231719972766,0.0,1.9972452739274172e-05,3.316921187109219,20,0.0011442217768871076,0.0,0.6666666666666666,0.00043378380438740795,1.3063063683525269e-05,30,185
ALDH3A1,185,0.00043378380438740795,8.333333729145427e-05,-6.711712030500912e-05,3.4967046664580708,30,0.0009867016572828195,0.0002857142857142857,1.0,0.00043378380438740795,-6.711712030500912e-05,30,185
RASL12,134,0.0005985696801718264,0.00014583334026004496,4.042288749212343e-06,3.4206738625587745,22,0.0011561126731743827,0.00015517241379310343,0.7333333333333333,0.0004335585791514851,2.9279280669970483e-06,30,185
PIP5K1B,114,0.0007032164071593979,0.0003333333491658171,-5.5555558704896366e-05,3.3341671453927675,19,0.0014344685515237147,0.0005714285714285714,0.6333333333333333,0.00043333335360092626,-3.423423617490911e-05,30,185
PPP1R14D,152,0.0005268640601124181,0.0003333333491658171,0.00013980263821921604,3.4080462407007985,25,0.0010771485828800459,0.0006,0.8333333333333334,0.00043288290344371653,0.0001148648703206532,30,185
ADRA1B,83,0.0009578313707957516,0.0003333333491658171,-0.00034738957473305035,3.2952466793032933,12,0.0016758768220622965,0.0004379310344827586,0.4,0.00042972975014079665,-0.00015585586325861177,30,185
MUC13,145,0.0005474138184686074,0.00016666667458290854,9.339080853173618e-05,3.29159534127996,25,0.0013345924837639698,0.0006,0.8333333333333334,0.00042905407393485444,7.319820128163105e-05,30,185
PCSK1,143,0.0005547785811291222,0.00016666667458290854,0.00013636364284056154,3.2655455606185484,24,0.0013371287927328582,0.0005863154881190953,0.8,0.00042882884919710523,0.00010540541041189351,30,185
CA9,151,0.0005231788327966798,0.0,-3.311258435422037e-06,3.5406885487599324,25,0.0011709697490218532,0.0,0.8333333333333334,0.00042702704730972245,-2.7027028310742032e-06,30,185
FAM133A,185,0.00042522524542233967,0.0,-1.8018018873827954e-06,3.3947603744712684,30,0.0010156121767344213,0.0,1.0,0.00042522524542233967,-1.8018018873827954e-06,30,185
NSUN7,96,0.0008168403165756091,0.00058333336104018,-0.00011024306079181972,3.5567368594475575,16,0.00223454050959061,0.002,0.5333333333333333,0.0004238738940068026,-5.720720992440375e-05,30,185
LEF1,108,0.0007245370714506997,0.00016666667458290854,0.0002445987770499167,3.2555394774063786,16,0.0014075424658841493,0.0005714285714285715,0.5333333333333333,0.00042297299306311116,0.00014279279957508652,30,185
KBTBD12,118,0.0006624294099947806,0.0003333333491658171,6.497175449842199e-05,3.319245146402225,19,0.001413082807218447,0.0005714285714285714,0.6333333333333333,0.0004225225425912655,4.1441443409804295e-05,30,185
SLC4A4,119,0.0006563959230573624,0.0005000000237487257,-5.508870457387752e-05,3.4665865315938267,19,0.001809083831824049,0.0004571428571428571,0.6333333333333333,0.00042222224239906006,-3.5435436996169864e-05,30,185
IGDCC4,115,0.0006789855394964578,0.0,2.97101463386924e-05,3.3661411198439835,18,0.0017029042211406942,0.0009714285714285715,0.6,0.00042207209211941974,1.8468469345673654e-05,30,185
KIF1A,185,0.00042207209211941974,0.00016666667458290854,-4.054054246611291e-06,3.4284675879627704,30,0.0006935809941879224,0.00028571428571428574,1.0,0.00042207209211941974,-4.054054246611291e-06,30,185
BGN,169,0.00046055229011963484,0.00016666667458290854,-7.889546725818154e-06,3.3213024806686606,27,0.0012013395397496933,0.000572573718866304,0.9,0.00042072074070388264,-7.207207549531178e-06,30,185
POSTN,69,0.0011243961886716512,0.0013333333966632683,0.00023067633945895316,3.199120075813016,10,0.0027114285714285717,0.0017142857142857144,0.3333333333333333,0.00041936938928834554,8.603604012252847e-05,30,185
TMSB15A,76,0.0010197368905401642,0.0008750000415602699,-0.00023464913395225282,3.3421406713949366,13,0.002754116291190439,0.0014285714285714286,0.43333333333333335,0.00041891893881649986,-9.639640097497953e-05,30,185
TRIM22,68,0.0011335784852146353,0.0003333333491658171,0.00011887255466575093,3.416932825936997,11,0.0025714285714285713,0.0014000000000000002,0.36666666666666664,0.00041666668645727134,4.369369576903278e-05,30,185
PRAME,185,0.00041636638589799064,0.0,-0.0001623123199867739,3.3823830929326775,30,0.0008169208257785412,0.0,1.0,0.00041636638589799064,-0.0001623123199867739,30,185
NDNF,148,0.000519707231891975,8.333333729145427e-05,-0.00012781532138621702,3.427497416012193,23,0.0014104100540625764,0.0005714285714285716,0.7666666666666667,0.00041576578551358,-0.0001022522571089736,30,185
ADAMTSL2,123,0.0006242096059713361,0.0001666666939854622,0.00020054201541852136,3.2194501373237148,20,0.0016004961548190867,0.0010020040080160322,0.6666666666666666,0.00041501503532148296,0.00013333333998096286,30,185
NR0B1,27,0.0028364198878091285,0.002416666781452174,0.001305555617566117,3.2101891397562445,4,0.009297165760091613,0.010721442885771544,0.13333333333333333,0.00041396398362619714,0.0001905405495907306,30,185
CSPG4,86,0.0008890504288656797,0.00016666667458290854,-0.00022335272474582633,3.314662259811175,13,0.002266956680337288,0.001641025641025641,0.43333333333333335,0.0004132883074726943,-0.00010382883420616791,30,185
ANXA8L1,150,0.0005094444686417572,0.0002500000118743628,-3.055555700686656e-05,3.3846959802636825,24,0.001220417024525241,0.000919047619047619,0.8,0.00041306308268250583,-2.477477595151343e-05,30,185
IFI27,155,0.0004930107761049263,0.0,-4.569892690176524e-05,3.7154328847922033,26,0.0010876338758102286,0.0,0.8666666666666667,0.00041306308268250583,-3.8288290106884394e-05,30,185
ATP12A,146,0.0005211187462129983,0.0,-0.0001512557149468177,3.256624198977654,24,0.001049561822056812,0.0,0.8,0.00041126128079512294,-0.00011936937503911018,30,185
UGT1A6,173,0.000437861292473595,0.00016666667458290854,-7.225433869201245e-06,3.3303301603178452,28,0.0009553692418851308,0.0005862868594331519,0.9333333333333333,0.0004094594789077402,-6.756757077685489e-06,30,185
SYT13,185,0.00040908410336595733,0.0,4.226726937099351e-05,3.488175475448175,30,0.0008464268207727541,0.0,1.0,0.00040908410336595733,4.226726937099351e-05,30,185
SLC44A5,112,0.0006731151111342202,4.1666668645727135e-05,-4.712301831334897e-05,3.405565899173165,18,0.0015986237024313177,0.0003333333333333333,0.6,0.00040750752674071706,-2.8528530005919373e-05,30,185
ANPEP,166,0.00045381528259924494,0.0,-1.3052209455288024e-05,3.4069562475306725,27,0.0009953347864789797,0.0005714285714285714,0.9,0.0004072072265485117,-1.1711712267988173e-05,30,185
MYBPHL,94,0.0008014184777816453,0.0002500000118743628,0.00035283689619147664,3.3515263845698415,16,0.0014198125843523782,0.0002857142857142857,0.5333333333333333,0.0004072072265485117,0.00017927928779458814,30,185
CXCL5,174,0.0004295977217214846,0.00016666667458290854,6.46551756520124e-05,3.4959788099602527,28,0.001145445994028874,0.0012000000000000001,0.9333333333333333,0.0004040540734029098,6.081081385648734e-05,30,185
ATP2C2,47,0.0015851064582672366,0.0010000000474974513,0.00044326243240135256,3.4586136478387406,8,0.0036446426867340126,0.002285714285714286,0.26666666666666666,0.0004027027218300547,0.0001126126179614247,30,185
CPE,140,0.0005303571679438132,0.0,0.00014940476889716508,3.759796764375435,23,0.0013511995027298928,0.0,0.7666666666666667,0.0004013513703358586,0.0001130630683546114,30,185
FOXJ1,177,0.0004190207348755875,0.00016666667458290854,-2.7777779261579854e-05,3.435741996033113,29,0.0009854699696452167,0.0005714285714285714,0.9666666666666667,0.0004009009193133999,-2.6576577996214236e-05,30,185
CTSE,90,0.000820370409335872,0.0010000000474974513,6.851852177297352e-05,3.282631802996822,15,0.0015955310166818899,0.0015510204081632653,0.5,0.0003990991180552891,3.333333491658172e-05,30,185
TSPAN8,177,0.0004171374962724773,0.0,-0.00010828625749736997,3.4421334711235665,29,0.0007720867021399119,0.0,0.9666666666666667,0.0003990991180552891,-0.00010360360852451073,30,185
ALDH1A1,185,0.00039819821711159774,0.0,-1.801801887382795e-05,3.555360698880645,30,0.0011029222163147156,0.0,1.0,0.00039819821711159774,-1.801801887382795e-05,30,185
PADI3,96,0.0007656250363652362,0.0004166666864572714,-8.33333372914543e-05,3.2364109442682527,14,0.0014070903712186278,0.0010333333333333334,0.4666666666666667,0.0003972973161679063,-4.3243245297187096e-05,30,185
PLA2G3,172,0.00042393412849371317,0.0,-0.00013259044544258725,3.3976561150771234,27,0.0008756087130168627,0.0,0.9,0.00039414416270766844,-0.00012327327900608112,30,185
MSLN,171,0.0004259259461563218,0.0,-7.797271325516193e-06,3.633135370780796,28,0.0007851417119954195,0.0,0.9333333333333333,0.0003936937123931407,-7.207207549531184e-06,30,185
LCE3D,23,0.003163043628497373,0.0025833334560350827,1.811594288944667e-05,3.226340615280325,3,0.005827636224830614,0.0046,0.1,0.000393243261921295,2.252252359228505e-06,30,185
IGFL3,117,0.0006217949013285434,0.00058333336104018,4.202279401876755e-05,3.2716063354697633,18,0.0013528346185947102,0.001111226534702057,0.6,0.000393243261921295,2.6576577838896236e-05,30,185
CYP2C18,176,0.0004126420646130238,0.00016666667458290854,-3.811553211342085e-05,3.384317571806913,29,0.001033914979854149,0.000979591836734694,0.9666666666666667,0.00039256758579401185,-3.626126298357876e-05,30,185
MAL,158,0.0004592124003826598,0.0002500000118743628,-5.5555556925359466e-05,3.3388713307929336,26,0.0011255120392538085,0.0005720011451474378,0.8666666666666667,0.000392192212218704,-4.744744861733403e-05,30,185
EPB41L4A,36,0.0020104167600004954,0.0005000000237487257,0.00046875002010859094,3.4826074597733387,5,0.0048054561870994736,0.002,0.16666666666666666,0.00039121623437847475,9.121622012923932e-05,30,185
STK32B,164,0.0004405488014127491,8.333333729145427e-05,8.689024802950415e-05,3.2361310202849984,27,0.0009828755015700336,0.0005725737188663041,0.9,0.00039054055909022083,7.70270306856145e-05,30,185
KRT4,185,0.0003900901086183752,0.0,-1.171171226798818e-05,3.404288757715487,30,0.0006916270636511117,0.0,1.0,0.0003900901086183752,-1.171171226798818e-05,30,185
GDF15,23,0.0031014494226732554,0.003833333515406897,-0.001876811683346666,3.653289123951921,4,0.008432150014314344,0.00956398511308331,0.13333333333333333,0.0003855856038999182,-0.000233333344416072,30,185
CSTA,167,0.0004271457288711668,0.0,1.5968064630697824e-05,3.394591624495588,26,0.0010998700698099497,0.0,0.8666666666666667,0.0003855856038999181,1.441441509906236e-05,30,185
CES1,171,0.0004171540159151161,0.0,3.898635662758088e-06,3.3838645113396417,28,0.0008259532670783744,0.0,0.9333333333333333,0.0003855856038999181,3.6036037747655836e-06,30,185
LCN2,53,0.0013443396846637855,0.0006666666983316342,-0.00011477987893341615,3.8253692179414425,9,0.0033281294375482754,0.002,0.3,0.0003851351529036791,-3.288288423497868e-05,30,185
MAGEA4,92,0.0007708333699459521,0.00020833334322863567,-0.00019112319748366147,3.1573804221430555,15,0.0020649247701752713,0.0014000000000000002,0.5,0.0003833333515406897,-9.504504955944246e-05,30,185
HLF,167,0.0004216567066543645,0.00016666667458290854,7.03592847790123e-05,3.3813107898993833,27,0.0009978143235324264,0.0005714285714285715,0.9,0.0003806306487096155,6.351351653024353e-05,30,185
KLK12,178,0.0003951311049100416,0.0,-3.558052603455351e-05,3.360528167697215,29,0.0008281286946400425,0.0,0.9666666666666667,0.00038018019823776977,-3.42342358602731e-05,30,185
KRT5,160,0.0004390625208543497,0.0,-8.854167087217018e-06,3.634956482432707,26,0.0011577095583107607,0.0,0.8666666666666667,0.0003797297477659241,-7.65765802137688e-06,30,185
LGALS7,172,0.00040843025195753463,0.0,-0.00017199613220038527,3.39330644183334,27,0.0010650938561426204,0.0005725737188663041,0.9,0.0003797297477659241,-0.00015990991750522307,30,185
ARNT2,171,0.000408382084709456,0.0002500000118743628,8.576998395661935e-05,3.431668615235673,28,0.0008118895174484891,0.0005720011451474377,0.9333333333333333,0.0003774774945152269,7.927928246801031e-05,30,185
PPP1R14C,91,0.0007664835528895299,0.0,0.00018956044856407732,3.704221987689123,15,0.0015490829277602825,0.001002004008016032,0.5,0.0003770270449348499,9.324324767205965e-05,30,185
SPP1,170,0.0004098039410332693,0.0,-8.823529830859868e-06,3.4209373275356985,28,0.0007980225757637724,0.0,0.9333333333333333,0.0003765765944630042,-8.108108493222582e-06,30,185
KRT16,164,0.0004245427029436393,0.0,-5.843496242087573e-06,3.7211709985741184,27,0.000954333592451207,0.0,0.9,0.000376351369095983,-5.1801804524452e-06,30,185
SASH3,151,0.00046026492252366135,0.00016666667458290854,-0.00014017660709953237,3.1756102282446457,25,0.001145284855425136,0.0005999999999999998,0.8333333333333334,0.0003756756935193128,-0.0001144144198488075,30,185
ADH7,181,0.0003835175130224716,0.0,-3.084714668519918e-05,3.3532068392156753,29,0.000732586709354037,0.0,0.9666666666666667,0.00037522524247063436,-3.0180181351465145e-05,30,185
SOSTDC1,135,0.0005123457033474597,0.0,-6.543210187329002e-05,3.2719275430057655,21,0.000935890569606982,0.0,0.7,0.00037387389163193,-4.774775001564406e-05,30,185
HCK,175,0.00039523811401089747,0.0,-3.7142858907048184e-05,3.2548933473764303,28,0.0008708094517509265,0.0002857142857142857,0.9333333333333333,0.00037387389163193,-3.51351368039645e-05,30,185
RNF150,125,0.0005520000262185931,0.00016666667458290854,0.00012133333909635744,3.3097272969735507,19,0.0011647396034184649,0.0006,0.6333333333333333,0.0003729729906882386,8.198198587591719e-05,30,185
NUDT11,89,0.0007720037823680733,0.0005000000237487257,0.00016151686154972162,3.328073496685342,13,0.002084907299336157,0.0019365079365079364,0.43333333333333335,0.0003713964142203163,7.770270636716337e-05,30,185
PHACTR3,39,0.001756410339835267,0.0020000000949949026,-8.547008952969668e-05,3.2721199000469907,6,0.004311527817539841,0.004928571428571429,0.2,0.0003702702878571644,-1.801801887382795e-05,30,185
PLEKHH2,55,0.001236363695087758,8.333333729145427e-05,-0.0004696969920063786,3.505226812502044,9,0.003937532813169801,0.0014314342971657602,0.3,0.0003675675850260902,-0.0001396396462721666,30,185
GAGE12C,121,0.0005612947925002912,8.333333729145427e-05,-0.00018250689572095358,3.2427786684824245,20,0.0014559280465693293,0.000572573718866304,0.6666666666666666,0.0003671171345542445,-0.00011936937503911018,30,185
EDNRA,174,0.0003893678345859329,0.0,8.381226451726724e-05,3.5207658354037012,28,0.0008372936348888252,0.0,0.9333333333333333,0.0003662162336105531,7.882883257299729e-05,30,185
GDF5,124,0.0005450269076078179,8.333333729145427e-05,7.459677773670504e-05,3.3374794934420904,20,0.000997572287432007,0.000286286859433152,0.6666666666666666,0.0003653153326668617,5.0000002374872565e-05,30,185
FAM181B,152,0.00044334797434873366,0.0002500000118743628,-0.00014766082571632548,3.317260648566874,24,0.0012217887778580593,0.0007341349365397464,0.8,0.00036426428162706763,-0.00012132132707503498,30,185
GZMB,165,0.0004076599520325397,0.00016666667458290854,1.5235690969145964e-05,3.2074533242810848,27,0.0010077977961523927,0.0005714285714285715,0.9,0.00036358860586685975,1.3588589242751805e-05,30,185
ELOVL4,138,0.000487318863726113,0.0,9.480676778810378e-05,3.5138640383820414,23,0.0011532428951366205,0.0,0.7666666666666667,0.0003635135307794789,7.072072407977471e-05,30,185
PGM5,127,0.0005288714137517424,0.0,0.00021434821624778154,3.1929128814793,21,0.0011031586983490792,0.0,0.7,0.0003630630786295745,0.00014714715385658517,30,185
FZD9,101,0.0006641914506893137,0.0,6.683168634265145e-05,3.506626242983596,17,0.0012641754096428149,0.0,0.5666666666666667,0.0003626126298357875,3.64864882195016e-05,30,185
PSG7,90,0.0007425926278638481,0.0,-0.00018333334204119942,3.2041937371719724,14,0.0016553883276757598,0.0,0.4666666666666667,0.0003612612784202504,-8.918919342544836e-05,30,185
ZNF750,136,0.0004889706114601508,0.0003333333491658171,0.00013235294746289796,3.6010641558057803,22,0.0012546070495970294,0.0005714285714285714,0.7333333333333333,0.00035945947653286765,9.729730191867093e-05,30,185
GRHL2,28,0.002366071540953791,0.0016041667428604947,0.001345238159133476,3.7501832525781826,5,0.004910432358970816,0.0034285714285714293,0.16666666666666666,0.00035810812511733055,0.00020360361327425585,30,185
SLITRK5,114,0.000580409384165463,0.0003333333491658171,-0.00011208577529011208,3.4303313637289135,19,0.0018633628158572786,0.0014285714285714288,0.6333333333333333,0.00035765767456682584,-6.906907234093393e-05,30,185
GUCY1B1,54,0.0012237654902245044,0.0005000000237487257,0.0003688271780121772,3.367581698428538,9,0.0031785691633387024,0.002,0.3,0.00035720722417363914,0.000107657662771122,30,185
TENM3,157,0.000420382185572177,0.0,-1.698513881099705e-05,3.3321863975928334,26,0.0008543805559837625,0.0,0.8666666666666667,0.00035675677370179345,-1.4414415099062363e-05,30,185
KRT81,171,0.0003854776011552066,0.0,-6.091618223059523e-05,3.5594918249324885,28,0.0008090544548767116,0.0,0.9333333333333333,0.00035630632322994777,-5.6306308980712346e-05,30,185
MSC,119,0.000552521034646701,0.0,-3.711484770123593e-05,3.270830749363786,20,0.0009989054299074339,0.0,0.6666666666666666,0.00035540542228625635,-2.387387500782203e-05,30,185
GPAT2,166,0.00039457833199447626,0.0001250000059371814,-3.614458003002836e-05,3.2939963814568993,27,0.0009528496145730615,0.0,0.9,0.00035405407087071925,-3.2432433972890315e-05,30,185
GGT6,161,0.00040372672725052383,8.333333729145427e-05,-7.763975524048535e-05,3.531295631800877,26,0.0007774772989201847,0.0005714285714285715,0.8666666666666667,0.00035135136803964506,-6.756757077685482e-05,30,185
ZNF488,69,0.0009420290302512223,0.0006666666983316342,-8.937198492126981e-05,3.4013395578058314,12,0.002144861150873175,0.0015714285714285715,0.4,0.00035135136803964506,-3.333333491658171e-05,30,185
S100A7,179,0.00036266295949744626,8.333333729145427e-05,-3.2588455924032417e-06,3.4924805665086294,29,0.0007375953878199749,0.0005714285714285715,0.9666666666666667,0.0003509009175677994,-3.1531533029198934e-06,30,185
LYPD6B,177,0.0003644067966405534,8.333333729145427e-05,-9.981168038518695e-05,3.4828024481933415,29,0.0008753951203627863,0.0005714285714285715,0.9666666666666667,0.00034864866489393485,-9.549549961177347e-05,30,185
ARRDC4,85,0.0007500000356230885,8.333333729145427e-05,-0.00015000000712461767,3.4891326179911797,15,0.001807832081396353,0.0010224530694041144,0.5,0.00034459461096195956,-6.89189221923919e-05,30,185
SIRPA,111,0.0005743243508166759,0.0,-0.00011186186761200965,3.431111508872936,17,0.00110244984690346,0.0,0.5666666666666667,0.00034459461049000554,-6.711712056720578e-05,30,185
SEC14L4,129,0.0004922480844935878,0.0003333333491658171,0.00019379845791489116,3.4867573220992187,21,0.00101281747167805,0.0005999999999999998,0.7,0.0003432432589171505,0.00013513514092443763,30,185
CCDC3,83,0.0007640562611903218,0.0004166666864572714,2.309237057474035e-05,3.2948424813153214,12,0.0015584366010933434,0.0012255122489877716,0.4,0.0003427928090745768,1.0360360852451075e-05,30,185
DLX5,185,0.00034234235860273104,0.0,-7.56756792700774e-05,3.306767765340331,30,0.0006816935458218023,0.0,1.0,0.00034234235860273104,-7.56756792700774e-05,30,185
PNMA8A,185,0.0003414414576590397,0.0,-3.153153302919891e-05,3.3176148258595908,30,0.0008301135604542419,0.0002857142857142857,1.0,0.0003414414576590397,-3.153153302919891e-05,30,185
LGALS7B,185,0.00034009010624350263,0.00016666667458290854,-1.6666667458290853e-05,3.453187939524616,30,0.0009330979419155772,0.0005714285714285715,1.0,0.00034009010624350263,-1.6666667458290853e-05,30,185
FGA,129,0.0004844961470433388,0.0002500000118743628,8.785530133052544e-05,3.266784368841663,23,0.001102561230120697,0.0005714285714285716,0.7666666666666667,0.00033783785388427406,6.126126417101504e-05,30,185
SETBP1,113,0.0005523599082415863,0.0,-7.448377934899894e-05,3.4650637468058054,18,0.001325925925925926,0.0,0.6,0.0003373874034124284,-4.5495497656415565e-05,30,185
KRT1,144,0.00043229168719941907,8.333333729145427e-05,0.0001684027857764805,3.3134348665286755,23,0.0008734047805756442,0.0005714285714285714,0.7666666666666667,0.000336486502468737,0.00013108108730709836,30,185
LIF,73,0.0008527397665303609,0.0004166666864572714,0.00015639270149218134,3.5886944680042285,11,0.001446857351065768,0.0005714285714285715,0.36666666666666664,0.000336486502468737,6.171171464286074e-05,30,185
CADM1,142,0.000437206593536151,0.0,-2.8755869910431397e-05,3.5896868902186663,23,0.001000939589916301,0.0,0.7666666666666667,0.0003355856015250456,-2.2072073120439233e-05,30,185
IRX6,185,0.0003351351510531999,0.0,1.9819820761210747e-05,3.350323297134143,30,0.0007020262747717658,0.0,1.0,0.0003351351510531999,1.9819820761210747e-05,30,185
BAMBI,160,0.00038645835168911924,0.00016666667458290854,-8.958333758831334e-05,3.6793241663358103,26,0.0010448780344571927,0.0005725737188663041,0.8666666666666667,0.0003342342501095085,-7.747748115746018e-05,30,185
TNS4,178,0.00034620788161253055,8.333333729145427e-05,3.06647954639902e-05,3.371798206675104,29,0.0007592394494860544,0.000552785145888594,0.9666666666666667,0.00033310812392989427,2.9504505905893272e-05,30,185
TIMP4,83,0.0007419679067275266,0.00029166668052009,1.0040161119452322e-05,3.405622870007418,14,0.0013632826391363876,0.0002714285714285714,0.4666666666666667,0.0003328828986939714,4.504504718456988e-06,30,185
ITGAL,157,0.00039225054941646314,8.333333729145427e-05,-4.299363261533628e-05,3.2497976377967444,26,0.0008822436080953115,0.0005714285714285714,0.8666666666666667,0.0003328828986939714,-3.64864882195016e-05,30,185
BARX2,135,0.0004561728599515778,8.333333729145427e-05,0.00012407407946424723,3.512907947002796,22,0.0010671416276350281,0.0005714285714285715,0.7333333333333333,0.0003328828978025027,9.054054447391013e-05,30,185
ISL1,111,0.0005533033295838,0.0003333333491658171,5.480480740789336e-05,3.2717279930701197,18,0.0012039348538346534,0.0006340013360053439,0.6,0.00033198199775028,3.288288444473602e-05,30,185
CAMP,20,0.0030708334791900898,0.004333333539155623,-0.0005375000255298802,3.334636926351962,3,0.0061718820861677995,0.0083156462585034,0.1,0.00033198199775028,-5.8108110868095154e-05,30,185
GHR,154,0.00039826841718513216,0.0,-1.0822511336552507e-05,3.351512833076309,25,0.000894984963123526,0.0,0.8333333333333334,0.0003315315472784343,-9.00900943691398e-06,30,185
CSF2,128,0.0004785156477282726,0.0,0.00016992188307085598,3.3754067297494914,21,0.000948202981927574,0.0,0.7,0.0003310810968065886,0.00011756757315172738,30,185
NPTX2,132,0.0004627525472320908,0.00016666667458290854,7.765151883976421e-05,3.3380769110356874,21,0.000998153222544863,0.0005725737188663041,0.7,0.0003301801958628972,5.540540803702095e-05,30,185
FBP1,55,0.0011106061133570179,0.000916666710205997,5.0000002374872565e-05,3.7343371609922538,9,0.0021958711072939526,0.002,0.3,0.0003301801958628972,1.486486557090806e-05,30,185
CPS1,153,0.000398874383495587,8.333333729145427e-05,5.1742921879338526e-05,3.4753483499428333,26,0.0007686846219912352,0.0,0.8666666666666667,0.00032987989553959354,4.2792794851561055e-05,30,185
ENPP2,158,0.0003860759677047122,0.0,5.379747090967301e-05,3.3028812502632645,26,0.0008763005865210274,0.0,0.8666666666666667,0.0003297297453910515,4.5945948128261274e-05,30,185
DUOXA1,163,0.0003742331465945964,0.0,-0.00011690525435483092,3.476390377476923,27,0.0006978980889468531,0.0,0.9,0.0003297297453779417,-0.00010300300789101319,30,185
PARVG,161,0.00037845067237479723,0.0,-6.582125878336551e-05,3.2684704798031383,26,0.0009592136525476892,0.0002857142857142857,0.8666666666666667,0.0003293543689315803,-5.7282284670928904e-05,30,185
THBD,98,0.0006207483288036901,0.0,-5.102041058660465e-05,3.4318898850711155,16,0.0019611842733085216,0.0,0.5333333333333333,0.0003288288444473601,-2.702702831074192e-05,30,185
DDIT4L,160,0.00037968751803418854,0.0,-0.00014843750705040293,3.561142818167113,26,0.0008133787197629167,0.0,0.8666666666666667,0.0003283783939755144,-0.00012837838447602416,30,185
GPR87,132,0.00045833335429455876,0.0,-1.5151516385635157e-05,3.5502887656761075,22,0.0011421049891991778,0.0,0.7333333333333333,0.00032702704198314463,-1.0810811691372112e-05,30,185
PLEK,165,0.00036616163355335967,0.0,-7.424242776875018e-05,3.23866659132713,27,0.0010142194746483783,0.0,0.9,0.0003265765920881316,-6.621621936131772e-05,30,185
PTPRZ1,156,0.0003872863431814381,0.0001250000059371814,-3.365384775231807e-05,3.352733313142302,25,0.0008916018704074817,0.0006012024048096191,0.8333333333333334,0.0003265765920881316,-2.8378379726279017e-05,30,185
SCGB1A1,185,0.0003265765920881316,0.0,-2.117117217674784e-05,3.439682999878469,30,0.0006372325603588129,0.0,1.0,0.0003265765920881316,-2.117117217674784e-05,30,185
SCIN,141,0.0004276989959833987,8.333333729145427e-05,1.2017337096349754e-05,3.502221905476407,23,0.0008536154385078943,0.0002249999999999999,0.7666666666666667,0.0003259759915332931,9.159159624785488e-06,30,185
TSHZ3,100,0.0006025000286172145,0.00016666667458290854,8.416667066436881e-05,3.3579875716279544,14,0.0018642045996755416,0.0006197156217196296,0.4666666666666667,0.0003256756911444402,4.549549765641557e-05,30,185
RAB6B,104,0.0005785256685041345,0.0003333333491658171,-0.0001330128268305905,3.3540861110739004,17,0.0017113405828718807,0.0014285714285714286,0.5666666666666667,0.0003252252406725945,-7.477477832638601e-05,30,185
ENPP5,132,0.00045517678929650403,0.0002500000118743628,9.785354000132888e-05,3.563521797202763,22,0.001137589464643573,0.0005999999999999998,0.7333333333333333,0.00032477479020074886,6.98198231360833e-05,30,185
SOD3,164,0.0003643292855973946,0.00016666667458290854,-1.8800813901120785e-05,3.4400073460892364,26,0.0006719218657094408,0.0005999999999999998,0.8666666666666667,0.000322972988313366,-1.666666745829086e-05,30,185
TRPC6,152,0.000393092123934031,0.0,5.537280964761107e-05,3.321409066573441,25,0.0008766370836911919,0.0,0.8333333333333334,0.000322972988313366,4.5495497656415586e-05,30,185
TSPYL5,72,0.0008275463356026363,0.00045833335510299855,-0.00023495371486340581,3.459169563161039,11,0.0018202639044322413,0.0014314342971657602,0.36666666666666664,0.00032207208736967466,-9.144144578467685e-05,30,185
MFAP4,84,0.0007073413034381774,0.0004166666864572714,-3.075396971470337e-05,3.410886556310731,12,0.0016116407418010625,0.001954356331711041,0.4,0.00032117118642598324,-1.3963964627216663e-05,30,185
SRGN,185,0.00031981983501044615,0.0,8.288288681960858e-05,3.4407282517978595,30,0.0007538232019594745,0.0,1.0,0.00031981983501044615,8.288288681960858e-05,30,185
COL6A3,128,0.00046028648019576696,0.0,-0.0002623698041285631,3.3048958818602614,20,0.0007954085040829961,0.0,0.6666666666666666,0.00031846848359490905,-0.00018153154015381663,30,185
FXYD6,177,0.0003328625393506111,0.0,-3.531073614044673e-05,3.2399492905405434,29,0.0007470349566127329,0.0,0.9666666666666667,0.00031846848359490905,-3.378378538842741e-05,30,185
ACKR3,185,0.00031756758265121763,0.0,9.954955427789944e-05,3.4968766590104536,30,0.0007333592354777582,0.0,1.0,0.00031756758265121763,9.954955427789944e-05,30,185
SLC15A3,144,0.00040711807489262556,0.00016666667458290854,8.015046676990567e-05,3.4124554759189016,23,0.001083556826960533,0.0005714285714285715,0.7666666666666667,0.0003168919069434491,6.238739035062927e-05,30,185
CERS3,134,0.0004359452943381302,0.0,-3.1094528840094747e-06,3.269425394352353,20,0.0008561723446893788,0.0,0.6666666666666666,0.00031576578076383485,-2.2522523592284843e-06,30,185
IGFBP5,185,0.00031486487982014343,0.0,3.1531533029198883e-06,3.603137520118643,30,0.0007047782640110153,0.0,1.0,0.00031486487982014343,3.1531533029198883e-06,30,185
TNFRSF11B,97,0.0006005154924404798,8.333333729145427e-05,-0.0001022336818317841,3.37742324251369,16,0.0011278282755988168,0.000286286859433152,0.5333333333333333,0.00031486487982014343,-5.3603606149638154e-05,30,185
NNMT,185,0.00031486487982014343,0.0,0.00014279279957508652,3.4182069424292973,30,0.0008509517241037425,0.0,1.0,0.00031486487982014343,0.00014279279957508652,30,185
CD48,153,0.0003804466411639269,0.0,9.885621384574479e-05,3.202315897739474,25,0.0008103467888157267,0.0,0.8333333333333334,0.0003146396545842206,8.175676063999434e-05,30,185
C12orf54,77,0.0007554112912913647,0.0007500000356230885,0.0003376623537004381,3.3414566560530727,11,0.0016045892651103072,0.0014285714285714286,0.36666666666666664,0.00031441442934829775,0.00014054054721585803,30,185
KCNF1,53,0.001095912001738559,0.0012500000593718141,0.0003852201440831377,3.20549296042812,9,0.0026662043664047678,0.002428571428571429,0.3,0.00031396397887645207,0.0001103603656021962,30,185
GAP43,185,0.00031351352840460633,0.0,4.954955190302686e-05,3.352213537916505,30,0.0006958443871870726,0.0,1.0,0.00031351352840460633,4.954955190302686e-05,30,185
FAM174B,91,0.000637057417173846,0.00027777778450399637,6.868132194350627e-05,3.7024417569800314,15,0.0012612272163374369,0.0006012024048096192,0.5,0.00031336337817740534,3.378378538842741e-05,30,185
TMPRSS11D,185,0.00031261262683164294,0.0,-8.108108451271111e-05,3.39413108060297,30,0.0005883062677078296,0.0,1.0,0.00031261262683164294,-8.108108451271111e-05,30,185
SOX7,103,0.0005598705767542365,0.0004166666864572714,-2.265372275884194e-05,3.4149138088921904,15,0.001191010592613799,0.0014000000000000002,0.5,0.00031171172651722355,-1.2612613211679567e-05,30,185
CACNA2D1,141,0.00040721042123270917,0.0,8.865248648027056e-06,3.3796890898401175,24,0.0008201953794209734,0.0,0.8,0.00031036037510168645,6.756757077685486e-06,30,185
CST7,59,0.0009710452425468576,0.0005000000237487257,-0.00011511299948899946,3.290850156618257,9,0.002203843892732782,0.002,0.3,0.00030968469897440327,-3.6711713350545776e-05,30,185
SCTR,114,0.0005007310179354929,0.0002500000118743628,4.020468027219285e-05,3.214496213986583,19,0.001318179215574005,0.0006,0.6333333333333333,0.00030855857321430367,2.477477595151343e-05,30,185
TSPAN7,185,0.000308108122742458,0.0,5.765766039624945e-05,3.3581639313973337,30,0.0007662435983077265,0.0,1.0,0.000308108122742458,5.765766039624945e-05,30,185
MUC21,99,0.0005732323504593976,0.00016666667458290854,0.00011700337256072873,3.350768631717975,16,0.001252704217959729,0.00028571428571428574,0.5333333333333333,0.0003067567713269209,6.261261558655214e-05,30,185
HP,128,0.0004433593960584403,0.0003333333491658171,4.557291883126405e-06,3.345586722735677,21,0.0011122680735620903,0.0013741769252791297,0.7,0.0003067567713269209,3.1531533029198913e-06,30,185
SHROOM2,12,0.004708333556967166,0.0016666667458290856,0.000819444483365967,3.591978577946419,2,0.010430002862868593,0.010430002862868593,0.06666666666666667,0.0003054054199113838,5.315315567779246e-05,30,185
LRRC26,94,0.000601063858336234,8.333333729145427e-05,0.00016666667458290857,3.4526693731010383,17,0.0010095911711377938,0.0005714285714285715,0.5666666666666667,0.0003054054199113838,8.468468870699138e-05,30,185
CHSY3,90,0.0006277778075956223,8.333333729145427e-05,0.0002222222327772114,3.5305156349119637,15,0.00129655828664131,0.0005714285714285714,0.5,0.0003054054199113838,0.00010810811324296771,30,185
CCL3L3,143,0.00039510491387137063,0.0002500000118743628,-8.508158912274352e-05,3.203582409484532,24,0.0008791191225989394,0.0006666666666666666,0.8,0.0003054054199113838,-6.576576888947202e-05,30,185
NLGN4Y,148,0.0003795045225300012,0.0,-7.882883257299724e-06,3.2005239267662766,24,0.0008683045228779555,0.0,0.8,0.00030360361802400095,-6.30630660583978e-06,30,185
LOXL4,92,0.0006068840859528711,0.0002777777942052732,0.00012741546442671478,3.585524253785415,14,0.001253764954257565,0.0005,0.4666666666666667,0.0003018018157171035,6.336336609328519e-05,30,185
RADX,144,0.0003861882897682436,0.0,2.9320989226646443e-05,3.500737263090749,24,0.0007928738429239432,0.0,0.8,0.0003006006147385248,2.2822824046686962e-05,30,185
ZNF597,68,0.0008174019996444901,0.0008333333729145428,0.00025857844369003196,3.526721273176067,10,0.0018050195629353949,0.002,0.3333333333333333,0.0003004504647341909,9.504504957255228e-05,30,185
RERG,172,0.000323158930077907,0.0,-1.8895349734690214e-05,3.346526031358041,28,0.0007462203318201029,0.0,0.9333333333333333,0.00030045046472108113,-1.7567568401982253e-05,30,185
PHYHIPL,54,0.0010246914066949194,0.0006666666983316342,-0.0008271605331151758,3.213878533580874,8,0.002567767166987035,0.001572573718866304,0.26666666666666666,0.00029909911330554403,-0.00024144145290929455,30,185
ILDR1,62,0.0008897849884990762,0.0005000000237487257,0.000330645176995125,3.6582316370176273,10,0.002386615135031969,0.0013333333333333333,0.3333333333333333,0.0002981982123618526,0.0001108108160740419,30,185
EIF1AY,158,0.0003486287085420967,0.0,-9.440928718462224e-05,3.270325627101082,26,0.0007709462881807573,0.0,0.8666666666666667,0.00029774776189000693,-8.063063446038009e-05,30,185
SERPINB3,173,0.00031743739465357436,0.0,-9.489403148217626e-05,3.4349619291912887,28,0.0008453104725220385,0.0,0.9333333333333333,0.0002968468609463155,-8.873874295360267e-05,30,185
TNNI2,62,0.0008857527302430382,0.0,-0.0002889785083493979,3.2253798917246415,10,0.002062706365111175,0.0007142857142857143,0.3333333333333333,0.0002968468609463155,-9.684685144682525e-05,30,185
ITLN2,117,0.00046866099092117023,0.00016666667458290854,3.846154028836351e-05,3.283130716838523,19,0.0012601111998432955,0.0006666666666666666,0.6333333333333333,0.00029639641047446983,2.4324325479667733e-05,30,185
KIAA1549L,118,0.00046468928760827894,8.333333729145427e-05,-9.60452023020151e-05,3.2579678833464114,19,0.00103105860844496,0.000572573718866304,0.6333333333333333,0.00029639641047446983,-6.126126417101504e-05,30,185
VSIG2,43,0.0012732558744298944,0.0010833333847889055,9.108527564414768e-05,3.326359089701501,6,0.0023837198205935678,0.0022882908674491838,0.2,0.0002959459600026241,2.117117217674784e-05,30,185
SPOCK2,32,0.0017083334144748128,0.0007500000356230885,-0.0010104167146588832,3.381032583919854,5,0.0035654421768707483,0.0017999999999999997,0.16666666666666666,0.0002954955095307784,-0.00017477478307613114,30,185
IGFL2,82,0.0006656504381207628,8.333333729145427e-05,-0.00022052846575909243,3.2322262981161276,13,0.001525803254861371,0.0006012024048096192,0.43333333333333335,0.00029504505905893273,-9.774775239051665e-05,30,185
GBP5,177,0.00030602637988387163,0.0,1.2241055195354865e-05,3.310504277975952,28,0.0007120117786593596,0.0,0.9333333333333333,0.0002927928066997042,1.1711712267988168e-05,30,185
WASF3,96,0.0005633680823141023,0.0,-0.00019357639808327402,3.4615116147390244,15,0.0014162309198896658,0.0,0.5,0.00029234235622785853,-0.00010045045522159084,30,185
A2ML1,172,0.00031363050585742156,0.0,-6.944444750786699e-06,3.2940826353683774,28,0.0006490634329884258,0.0,0.9333333333333333,0.0002915916054458189,-6.456456741271957e-06,30,185
SMOC2,185,0.0002914414552841671,0.0,8.153153540407148e-05,3.2673223341513675,30,0.0007484329202622934,0.0,1.0,0.0002914414552841671,8.153153540407148e-05,30,185
FOXE1,185,0.0002905405543404757,0.0,2.027027123305645e-05,3.423095858617985,30,0.0006499746886062375,0.0,1.0,0.0002905405543404757,2.027027123305645e-05,30,185
WNT3A,105,0.0005111111353875863,0.00016666667458290854,-4.9206351543525385e-05,3.209967572662546,16,0.0009713832426758278,0.0005720011451474377,0.5333333333333333,0.00029009010386863007,-2.7927929254433325e-05,30,185
C6orf15,163,0.00032873212195340553,0.0,9.355828665236892e-05,3.3894189999311033,26,0.0007163512792198735,0.0,0.8666666666666667,0.00028963965339678433,8.243243634776288e-05,30,185
ZNF662,132,0.00040530304955389124,0.0,-0.0001729798061958975,3.335829086514199,21,0.0009484183787075285,0.0,0.7,0.0002891892029249386,-0.00012342342928572147,30,185
LGR5,89,0.000598314635159992,0.0003333333491658171,-0.00013764045597577278,3.223084973658203,13,0.0013235614085313485,0.0014285714285714286,0.43333333333333335,0.0002878378515094015,-6.621621936131772e-05,30,185
DOCK10,163,0.00032668713208122257,0.0,-1.6871166445509148e-05,3.296490669272932,27,0.0005759792391341203,0.0,0.9,0.0002878378515094015,-1.486486557090806e-05,30,185
ITGA9,40,0.0013270833963664095,0.0006666666983316342,-0.0003354166825981034,3.2950757409239655,6,0.003914400229029487,0.0027162897223017464,0.2,0.00028693695056571013,-7.25225259671575e-05,30,185
VWF,177,0.00029849342284057634,8.333333729145427e-05,-9.416196304119143e-07,3.4163343050868864,29,0.0005880029352629727,0.0005714285714285714,0.9666666666666667,0.00028558559915017304,-9.009009436913992e-07,30,185
RNF182,115,0.00045724639852963173,0.00016666667458290854,0.00012101449850150317,3.2653379400074067,18,0.0014300431550932553,0.0008333333333333332,0.6,0.00028423424773463594,7.52252287982317e-05,30,185
IRX2,104,0.0005056089983741121,4.1666668645727135e-05,0.00010336538952497694,3.664466127313117,17,0.0010192899167318593,0.0,0.5666666666666667,0.00028423424773463594,5.810811086809514e-05,30,185
FXYD3,111,0.00047072074307875526,0.0,0.00019294295210724099,3.5248459103693364,18,0.0011360242104351012,0.0002807881773399016,0.6,0.00028243244584725316,0.0001157657712643446,30,185
MSMB,172,0.0003032945880491301,0.0,8.720930646780091e-06,3.431395847022793,28,0.0007229193080037627,0.0,0.9333333333333333,0.0002819819953754074,8.10810849322257e-06,30,185
SYK,72,0.0007233796603503396,0.0005000000237487257,7.754629715000864e-05,3.613208398841607,12,0.0017221131605614857,0.0013128297411148827,0.4,0.00028153154348769974,3.0180180512435795e-05,30,185
CXCL12,92,0.000564311621006261,8.333333729145427e-05,0.00025634059188566914,3.1644793968019465,15,0.0010462630476372246,0.0,0.5,0.0002806306439598703,0.00012747748353233274,30,185
FAM181A,157,0.00033014863563875517,0.0,-2.76008505678702e-05,3.2506793470395565,24,0.0006615453128479181,0.0,0.8,0.00028018019348802464,-2.342342453597633e-05,30,185
MAGEA12,156,0.00033173078498713527,0.0,-6.14316268494695e-05,3.1975532101652298,25,0.0007015936635175111,0.0,0.8333333333333334,0.00027972974301617896,-5.180180426225535e-05,30,185
IGFBP3,148,0.0003496621787702237,0.0,3.9414416286498715e-06,3.686769604036336,24,0.0006728417151763846,0.0,0.8,0.00027972974301617896,3.1531533029198968e-06,30,185
ADH1C,86,0.0006007752223337401,0.0005000000237487257,-4.2635660939813805e-05,3.3063241409803723,13,0.001184923693540928,0.0013333333333333333,0.43333333333333335,0.0002792792925443332,-1.9819820761210743e-05,30,185
JAKMIP2,139,0.0003705036147202787,0.0,5.875300039253611e-05,3.2493119674076407,23,0.000835302903944535,0.0,0.7666666666666667,0.00027837839160064186,4.4144146240878486e-05,30,185
KRT23,131,0.0003928117234921604,0.0,-3.021628642247387e-05,3.4285388137760964,21,0.0008717543931400216,0.00028571428571428584,0.7,0.000278153166364719,-2.1396397412670687e-05,30,185
REEP1,162,0.0003173868463507857,0.0,-8.693416050775168e-05,3.315282732917219,26,0.0007481255551395832,0.0,0.8666666666666667,0.0002779279411287961,-7.612612974192309e-05,30,185
AGR3,176,0.00029166668052008993,0.0,-8.333333729145427e-05,3.3589479194704093,29,0.0008468771462700207,0.0,0.9666666666666667,0.00027747749065695044,-7.927928304484299e-05,30,185
LAPTM5,79,0.0006497890603991878,0.0006666666983316342,-0.00039873419615404703,3.238238841836699,13,0.0017221123565812945,0.002,0.43333333333333335,0.00027747749065695044,-0.00017027027835767413,30,185
COL4A1,185,0.00027567568876956766,0.0,-3.333333491658172e-05,3.4741015195329426,30,0.0007057072875910551,0.0,1.0,0.00027567568876956766,-3.333333491658172e-05,30,185
MYCN,46,0.001106884110545186,0.0010000000474974513,-0.0002699275490527541,3.252536799591907,9,0.0026516440287983377,0.002,0.3,0.0002752252382977219,-6.711712030500912e-05,30,185
HAVCR1,35,0.0014500000688713044,0.00016666667458290854,0.0002738095368147784,3.213889719787774,5,0.0029142857142857143,0.0005714285714285714,0.16666666666666666,0.00027432433735403056,5.180180426225537e-05,30,185
FGL1,97,0.0005223367945691155,0.0,-5.326460734092956e-05,3.1894625639561367,17,0.0008744211111298227,0.0,0.5666666666666667,0.0002738738868821848,-2.7927929254433336e-05,30,185
ANKRD1,84,0.0006031746318238594,0.0,0.00020634921615026773,3.348011544952544,13,0.0012532757823338987,0.0,0.43333333333333335,0.0002738738868821848,9.369369814390534e-05,30,185
SOX21,177,0.00028413372347679464,0.0,3.083804289599014e-05,3.4652406448245743,29,0.0007103176778863128,0.0,0.9666666666666667,0.00027184685975887923,2.950450590589327e-05,30,185
SLPI,66,0.000761363672012007,0.0001250000059371814,0.00019823233272134788,3.778242442110855,11,0.002064683479513139,0.0006012024048096192,0.36666666666666664,0.00027162163433941866,7.072072410599438e-05,30,185
CXCL14,185,0.000270720733579265,0.0,-6.081081369916934e-05,3.3798658720865395,30,0.0006942424531602889,0.0,1.0,0.000270720733579265,-6.081081369916934e-05,30,185
COL4A5,150,0.0003327777933251734,0.00016666667458290854,-0.00010611111589241773,3.525676494887544,24,0.0008207969657353648,0.0005714285714285715,0.8,0.00026981983242581624,-8.603603991277113e-05,30,185
BHMT2,88,0.0005596591174914713,8.333333729145427e-05,6.155303322664234e-05,3.270124288493257,15,0.0015795056780227121,0.0014000000000000002,0.5,0.00026621622886080796,2.9279280669970415e-05,30,185
GNG2,121,0.0004063361074541985,0.0,-0.00010055096896324236,3.1873831347838957,20,0.0007118520785413191,0.0,0.6666666666666666,0.0002657657783889623,-6.576576888947203e-05,30,185
TMEM92,62,0.0007916667042688157,0.0006250000296859071,6.048387384057165e-05,3.4801954755536384,11,0.0016472231357638535,0.0006012024048096191,0.36666666666666664,0.0002653153279171166,2.0270271233056445e-05,30,185
SPRR2D,185,0.00026351352602973377,0.0,-5.540540803702096e-05,3.4800165693572045,30,0.0005788313134204917,0.0,1.0,0.00026351352602973377,-5.540540803702096e-05,30,185
FAM83B,50,0.000975000046310015,0.0008333333729145428,-0.0005750000273110345,3.447389323332591,8,0.0026919791964882143,0.0023020040080160317,0.26666666666666666,0.00026351352602973377,-0.0001554054127867661,30,185
CACNA2D3,152,0.0003207236994440839,0.00016666667458290854,-2.138157996293892e-05,3.3584622149523087,25,0.0008227762191048764,0.000572573718866304,0.8333333333333334,0.00026351352602973377,-1.7567568401982247e-05,30,185
VSTM2L,107,0.00045404986580297054,8.333333729145427e-05,7.86604398732419e-05,3.521377451366842,16,0.0009044171676686706,0.00028571428571428574,0.5333333333333333,0.0002626126250860424,4.5495497656415586e-05,30,185
VANGL2,147,0.0003304988819110057,0.0,-6.74603206645106e-05,3.5643137131549527,25,0.0005305956675255273,0.0,0.8333333333333334,0.00026261262508604235,-5.3603606149638154e-05,30,185
TDRD5,93,0.0005224014573048726,0.0,-9.677419746686842e-05,3.3607284356037876,16,0.0010791719253841776,0.0002857142857142858,0.5333333333333333,0.00026261262448299,-4.8648650618479806e-05,30,185
CCL22,44,0.0011003788401439758,0.00037500001781154424,-0.00028787880155229663,3.371733206196348,6,0.0018408397841895377,0.0008694581280788178,0.2,0.000261711724142351,-6.846847172054622e-05,30,185
MUC20,125,0.0003860000183340162,0.0,-3.933333520156642e-05,3.5053151124217825,21,0.0008255813213729047,0.0,0.7,0.0002608108231986596,-2.657657783889623e-05,30,185
RBP1,156,0.0003092948864855899,0.0,-6.891025968331796e-05,3.5314663219581974,26,0.000705800612213438,0.0,0.8666666666666667,0.0002608108231986596,-5.810811086809514e-05,30,185
LUM,93,0.0005179211715533394,0.0002500000118743628,-0.0003064516274588964,3.3828374709448275,14,0.0014222458522487151,0.0013822883862964022,0.4666666666666667,0.0002603603727268139,-0.000154054061371229,30,185
CHST3,44,0.0010946970216922857,0.0002500000118743628,-0.0005075757816843123,3.6636317120877036,7,0.002942047360026175,0.0031428571428571434,0.23333333333333334,0.0002603603727268139,-0.00012072072645464727,30,185
CNTNAP2,185,0.0002585585708394311,0.0,-8.108108493222575e-06,3.422998543295274,30,0.00047341685638851397,0.0,1.0,0.0002585585708394311,-8.108108493222575e-06,30,185
ASCL1,123,0.00038821140055287235,0.0,9.281843259292061e-05,3.229377968170619,20,0.0008430002862868595,0.0,0.6666666666666666,0.0002581081203675854,6.171171464286074e-05,30,185
PLTP,62,0.000768817240817933,0.0005000000237487257,-0.00014247312504667988,3.4714799480152685,10,0.0021626796450042946,0.002,0.3333333333333333,0.0002576576698957397,-4.774775001564406e-05,30,185
PDE3B,152,0.0003135965056763349,0.0,-4.9342107287661194e-05,3.4398409331475124,24,0.0007186075447598493,0.0,0.8,0.0002576576695286644,-4.054054220391622e-05,30,185
GSTT1,139,0.0003417266349361794,0.0,-0.000147482021393509,3.607485164201108,23,0.000643064182194617,0.0,0.7666666666666667,0.0002567567689520483,-0.0001108108160740419,30,185
SERPINB2,133,0.0003565163076604322,0.0,4.949874921823224e-05,3.322192556654643,22,0.0008127276197416478,0.0002857142857142857,0.7333333333333333,0.0002563063184802026,3.558558727581021e-05,30,185
SDK2,119,0.00039822597601855335,8.333333729145427e-05,-5.602241162450707e-05,3.391390688940554,18,0.0009218108174019996,0.0005720011451474378,0.6,0.00025615616835788027,-3.60360377476559e-05,30,185
CIDEB,35,0.001352381013289449,0.0005416666778425375,0.0006238095523301689,3.5448659442802466,5,0.0030074000014681376,0.001723076923076923,0.16666666666666666,0.00025585586737908493,0.00011801802341381575,30,185
FMO3,165,0.0002858585994361401,0.0,9.696970157551043e-05,3.2260572014507387,27,0.0007244511699135231,0.0,0.9,0.0002549549670646655,8.648649059437416e-05,30,185
ARMC3,64,0.0007343750348809408,0.0005416666923944529,0.0001406250066793291,3.1971530053829493,12,0.0014608598148678307,0.0008714285714285713,0.4,0.0002540540661209741,4.8648650959335466e-05,30,185
SLC44A4,102,0.00045955884350262874,0.0002500000118743628,-2.2467319949475287e-05,3.575555175861298,17,0.001369243610224558,0.0014285714285714286,0.5666666666666667,0.00025337838939063856,-1.2387387215386374e-05,30,185
RGMA,100,0.0004683333555779731,0.0,-3.333333491658178e-06,3.359841697311512,15,0.0009488348124821071,0.0,0.5,0.0002531531651772827,-1.8018018873827988e-06,30,185
DEGS2,82,0.0005711382385097233,0.0003333333491658171,0.00019308944006556477,3.4291874943760896,13,0.0012470787729304763,0.0006,0.43333333333333335,0.0002531531651772827,8.558558965068276e-05,30,185
DPP4,90,0.0005203703950866367,0.0003333333491658171,0.00013888889548575712,3.589421684392204,15,0.0011572554633075677,0.0006666666666666666,0.5,0.0002531531651772827,6.756757077685482e-05,30,185
TGM3,140,0.0003339285872893275,8.333333729145427e-05,-0.0001017857191202763,3.29620929567722,24,0.0006970273881095524,0.0002857142857142857,0.8,0.000252702714705437,-7.70270306856145e-05,30,185
STAC,87,0.0005373563473621362,0.0003333333491658171,0.0002653256831003774,3.3207650412325105,14,0.0013965154799394708,0.0012010020040080162,0.4666666666666667,0.000252702714705437,0.00012477478070125855,30,185
TOX3,177,0.00026365349651533555,0.0,-9.416196304119128e-06,3.3478058697122903,29,0.0006137134696322037,0.0,0.9666666666666667,0.0002522522642335913,-9.009009436913978e-06,30,185
PCSK1N,170,0.00027450981696008463,0.0,7.45098074605944e-05,3.4954118299097545,28,0.0006218988998404973,0.0,0.9333333333333333,0.0002522522642335913,6.84684717205462e-05,30,185
WNT5A,179,0.00025977654865157255,0.0,-2.79329622205992e-05,3.51061823832936,29,0.0004336053342174979,0.0,0.9666666666666667,0.0002513513632898999,-2.7027028310741928e-05,30,185
DYNLRB2,142,0.0003245305318462973,0.0,-1.5845071175135672e-05,3.3484066054639605,24,0.0007679086063283029,0.0,0.8,0.00024909911093067146,-1.2162162739833866e-05,30,185
PODXL2,13,0.00354487196324417,0.0031666668170752623,9.615385072090878e-05,3.659540146315582,2,0.008604761904761905,0.008604761904761905,0.06666666666666667,0.0002490991109306714,6.756757077685482e-06,30,185
ZNF329,14,0.0032916668230124437,0.004583333551029985,0.00030357144299029764,3.567246010227266,2,0.006,0.006,0.06666666666666667,0.0002490991109306714,2.2972974064130634e-05,30,185
PPARGC1A,142,0.0003239436773583293,0.0,-2.347417951871951e-06,3.434414014471796,23,0.000683741639057368,0.0,0.7666666666666667,0.0002486486604588257,-1.801801887382795e-06,30,185
SLC35G2,38,0.0012105263732863885,0.0012916667280175411,-8.771930241205711e-05,3.640321777127957,6,0.0028915209103013285,0.0024157171485828803,0.2,0.0002486486604588257,-1.801801887382795e-05,30,185
ZFY,158,0.0002909634456471717,0.0,4.043600734181794e-06,3.248250533577805,26,0.0004474355304014623,0.0,0.8666666666666667,0.0002484985103365034,3.45345360000391e-06,30,185
PCDHB13,11,0.0041742426225083,0.004166666864572714,0.002295454654482786,3.388605229343563,2,0.010904081632653061,0.010904081632653061,0.06666666666666667,0.00024819820998698005,0.00013648649296924673,30,185
ZNF521,143,0.0003193473345155031,0.0,0.00010606061109821454,3.2709369930338896,23,0.000583255952899588,0.0,0.7666666666666667,0.00024684685857144295,8.198198587591719e-05,30,185
PRKCQ,124,0.000366935501299468,0.0,0.00024596775361832474,3.2958614052257293,19,0.0008057156920357005,0.0,0.6333333333333333,0.00024594595762775153,0.00016486487269552576,30,185
SNTB1,121,0.0003746556651781085,0.0,6.060606348469402e-05,3.590979764111824,19,0.001000956011557666,0.0005714285714285716,0.6333333333333333,0.00024504505668406017,3.963964152242149e-05,30,185
EGFL6,112,0.00040401787633267565,0.00037500001781154424,0.00010342262395992987,3.2267192535205202,17,0.0011113934515325533,0.0014285714285714286,0.5666666666666667,0.00024459460621221443,6.261261558655214e-05,30,185
FCRLA,94,0.00048138300158786883,8.333333729145427e-05,9.751773512829759e-06,3.1663295898000925,16,0.001300770588796641,0.00028571428571428574,0.5333333333333333,0.00024459460621221443,4.954955190302688e-06,30,185
SOX2,178,0.0002537453304043158,0.0,-5.243445941934201e-05,3.4573691713540278,29,0.0008912853621857837,0.0,0.9666666666666667,0.00024414415574036875,-5.045045284671826e-05,30,185
CLDN8,105,0.0004301587505901735,8.333333729145427e-05,-3.968254156735919e-05,3.2147886979731477,17,0.0007680888788381084,0.0,0.5666666666666667,0.00024414415574036875,-2.2522523592284945e-05,30,185
IL36G,93,0.0004838709907245732,0.00016666667458290854,-7.168459121845535e-06,3.383733255947544,15,0.0010535000159048256,0.0005714285714285714,0.5,0.00024324325479667736,-3.603603774765593e-06,30,185
SCEL,92,0.0004882246629795586,0.0003333333491658171,2.9891305345792212e-05,3.4713115627961866,14,0.00110289967690483,0.0017142857142857142,0.4666666666666667,0.00024279280537361833,1.4864865361150722e-05,30,185
GFPT2,106,0.0004237421584914514,0.0002500000118743628,-2.4371070339953603e-05,3.4470514550396127,17,0.0011955961688738166,0.0006666666666666666,0.5666666666666667,0.00024279280432483162,-1.3963964627216658e-05,30,185
S100A12,178,0.0002514045063230952,8.333333729145427e-05,3.5112361218309386e-05,3.413257213860828,29,0.0005588574805462802,0.0005714285714285714,0.9666666666666667,0.00024189190338114026,3.378378538842741e-05,30,185
IDO1,185,0.00024174175323259822,0.0,9.309309760217661e-06,3.277622123501451,30,0.0004761204949581703,0.0,1.0,0.00024174175323259822,9.309309760217661e-06,30,185
PPP1R14A,32,0.001394965341887655,0.0008958333686071758,-0.0002456597349767738,3.6261233825601167,5,0.0032997319669864763,0.002004008016032064,0.16666666666666666,0.00024129130238056737,-4.249249469868519e-05,30,185
ZNF229,28,0.001589285789772735,0.0020000000949949026,0.0007500000356230885,3.3306869192963857,4,0.004183333333333333,0.0047,0.13333333333333333,0.00024054055196560316,0.0001135135189051161,30,185
ARL14,126,0.00035251324425670735,0.0,1.2566138162997066e-05,3.32225354278981,22,0.0009090909090909091,0.0,0.7333333333333333,0.00024009010149375745,8.558558965068272e-06,30,185
S100A9,61,0.000728142111087625,0.00016666667458290854,7.513661559065547e-05,3.876267986803172,10,0.001860921843687375,0.0010163183509876896,0.3333333333333333,0.00024009010149375745,2.4774775951513428e-05,30,185
KCNJ2,140,0.00031726191983103664,0.0,1.4880953087759696e-05,3.2891661298273984,21,0.0007759464507245784,0.0,0.7,0.00024009010149375745,1.1261261796142473e-05,30,185
CCDC144A,135,0.0003283950771466702,0.0,8.230453197568378e-06,3.3112014465051662,21,0.0007523099206629533,0.0,0.7,0.0002396396508908134,6.006006387414763e-06,30,185
GLI3,51,0.0008681917622429775,0.0003333333491658171,-0.0001448801809197499,3.4135842930306226,8,0.0018166015704879147,0.0015469387755102043,0.26666666666666666,0.0002393393506723884,-3.9939941767066185e-05,30,185
TMC5,51,0.0008676471000345534,0.00058333336104018,-0.00016503268757719374,3.4870298276319227,8,0.0031700233800935206,0.0022543849603969845,0.26666666666666666,0.00023918920055006606,-4.549549765641557e-05,30,185
GAGE12B,57,0.0007748538379731713,0.0,-0.0005321637679664799,3.2251203159650297,9,0.0018935897494156873,0.0,0.3,0.00023873875007822035,-0.00016396397175183434,30,185
SATB1,57,0.0007748538379731713,0.0006666666983316342,-3.8011697711891415e-05,3.441577213835135,9,0.0015153439153439154,0.0012380952380952382,0.3,0.00023873875007822035,-1.1711712267988164e-05,30,185
PDGFRB,128,0.0003420139051778885,0.00016666667458290854,7.725694806974084e-05,3.297085810836779,20,0.0009348719661545311,0.0005714285714285714,0.6666666666666666,0.0002366366479068634,5.345345596176664e-05,30,185
CAPNS2,144,0.00030150464320926137,0.0,-6.423611369057282e-05,3.3525333065808867,22,0.0004993133303478132,0.0,0.7333333333333333,0.00023468469525477642,-5.000000200779723e-05,30,185
CD53,136,0.0003174019758600979,0.0,-2.8799020975723172e-05,3.2221193265477432,23,0.0008593111689216942,0.0,0.7666666666666667,0.00023333334441607195,-2.1171172176747846e-05,30,185
C2,148,0.0002905405543404757,0.0,-5.518018280109811e-05,3.284316565246031,25,0.0008180047714476573,0.0,0.8333333333333334,0.00023243244347238056,-4.4144146240878486e-05,30,185
NKG7,80,0.0005364583588137368,0.0,-0.00017812500846048351,3.1815692103897906,13,0.0010606898779243468,0.0,0.43333333333333335,0.00023198199300053485,-7.70270306856145e-05,30,185
ARHGAP20,83,0.000514223584535917,0.0,0.000366967888039361,3.3355534682012196,13,0.0014207155416470598,0.0,0.43333333333333335,0.0002307057163053033,0.0001646396470663079,30,185
RGS16,14,0.0030416668111380813,0.002708333461972264,0.001601190552242943,3.3981074301922134,2,0.006080952380952381,0.006080952380952381,0.06666666666666667,0.0002301801911131521,0.00012117117692649298,30,185
CYP3A5,148,0.0002877252388914401,0.0,-5.630630898071251e-07,3.3876402985584906,25,0.0006328161084072909,0.0,0.8333333333333334,0.0002301801911131521,-4.5045047184570006e-07,30,185
SPRR3,185,0.00022942944033111252,0.0,-4.654654876175881e-05,3.5769467977050873,30,0.0004315613237056123,0.0,1.0,0.00022942944033111252,-4.654654876175881e-05,30,185
CEACAM5,165,0.00025622896841877714,0.0,-2.0370371357509593e-05,3.578393947586569,27,0.00042659334211963277,0.0,0.9,0.00022852853940053095,-1.8168169048589637e-05,30,185
MTAP,133,0.0003170426215750065,0.00016666667458290854,-2.631579072361714e-05,3.662768251940718,21,0.0007616330166000936,0.0005714285714285715,0.7,0.00022792793875392358,-1.891891981751935e-05,30,185
PRKD1,114,0.0003691520643174071,0.0,-8.260234310468712e-05,3.3699936508270207,19,0.0007724923531273072,0.0,0.6333333333333333,0.0002274774882820779,-5.090090331856396e-05,30,185
GSTA1,185,0.0002274774882820779,0.0,-3.153153302919893e-06,3.375578735019145,30,0.0004958106689569615,0.0,1.0,0.0002274774882820779,-3.153153302919893e-06,30,185
ANXA10,93,0.0004507168672860376,0.0,0.00020698925714328966,3.230134977540245,16,0.0010742162897223017,0.0,0.5333333333333333,0.00022657658733838648,0.00010405405899635641,30,185
MSX1,34,0.0012279412347946644,0.0,-0.00035049021272582243,3.4750780848183633,5,0.0027942857142857144,0.0,0.16666666666666666,0.0002256756863946951,-6.441441747393494e-05,30,185
LY6D,178,0.00023408240812206255,0.0,4.868914088938901e-05,3.6045911072420638,29,0.000571843193776716,0.0,0.9666666666666667,0.00022522523592284938,4.684684907195267e-05,30,185
MLPH,38,0.0010942982975904129,0.0008333333729145428,-0.00019078948274622428,3.784872413787289,6,0.002962210134554824,0.0025740051531634696,0.2,0.0002247747854510037,-3.91891910505758e-05,30,185
MYH11,127,0.0003263342234439258,0.0,-1.7497813349878086e-06,3.22054904920343,20,0.0007387297043065724,0.0,0.6666666666666666,0.00022402403447231662,-1.2012012407754145e-06,30,185
PITX1,53,0.0007814465779972221,0.0,-0.0007814465779972221,3.8653767836489425,9,0.0023227343576040973,0.0,0.3,0.00022387388450731229,-0.00022387388450731229,30,185
DEFB4A,130,0.000317307707378999,0.0,8.782051699176335e-05,3.251581107123635,21,0.0006385314847381839,0.0,0.7,0.0002229729835636209,6.171171464286074e-05,30,185
EPHB6,74,0.0005574324589090522,0.00029166668052008993,-0.00019031532435480775,3.360339554576402,13,0.001231360890278726,0.0013333333333333333,0.43333333333333335,0.0002229729835636209,-7.612612974192309e-05,30,185
RYR3,8,0.005156250244908733,0.005958333616338981,-0.0019062500905420168,3.1993416518121855,1,0.01219047619047619,0.01219047619047619,0.03333333333333333,0.0002229729835636209,-8.24324363477629e-05,30,185
RNF39,98,0.0004187925359084537,0.00016666667458290854,3.78401374557613e-05,3.5514474611533062,17,0.0008963765065144294,0.0006666666666666666,0.5666666666666667,0.0002218468568596133,2.004504578737626e-05,30,185
AUTS2,84,0.00048611113420014997,0.0,5.357143111593489e-05,3.668065355387528,13,0.0016333986654627937,0.0,0.43333333333333335,0.0002207207312043924,2.4324325479667733e-05,30,185
KLK7,174,0.0002341954134225353,0.0,-2.6340997419712553e-05,3.3397632966175466,28,0.0005049534443035731,0.0,0.9333333333333333,0.0002202702807325467,-2.4774775951513428e-05,30,185
DCDC2,112,0.0003630952553413365,0.0,-5.059524049838295e-05,3.3151056336594933,19,0.0008637937529193726,0.0,0.6333333333333333,0.000219819830260701,-3.0630632085507514e-05,30,185
RNASE7,161,0.00025232920453157736,0.0,-1.6821946968771827e-05,3.312776464591421,25,0.00047777240719009973,0.0,0.8333333333333334,0.00021959460502477815,-1.463964033498521e-05,30,185
TRAF3IP3,61,0.0006639344577647013,0.0002500000118743628,-0.00028142077839409153,3.2056818521492154,10,0.0022709915068231702,0.001966666666666667,0.3333333333333333,0.0002189189293170096,-9.279279720021395e-05,30,185
SNCA,114,0.00035307019220852994,0.0,-6.359649424874143e-05,3.3310580600824964,17,0.0006619367586714045,0.0,0.5666666666666667,0.00021756757790147252,-3.918919105057579e-05,30,185
BCAT1,40,0.0010052083790166458,0.00016666667458290854,0.0003656250153047343,3.5328057556436114,7,0.00179665453355691,0.0005725737188663042,0.23333333333333334,0.0002173423522198153,7.90540573631858e-05,30,185
SERPINA3,130,0.00030705129663543537,0.0,5.192307938929073e-05,3.4045658429495815,21,0.0005334451215355881,0.0,0.7,0.00021576577601408972,3.64864882195016e-05,30,185
B4GALNT1,14,0.0028511906116147566,0.0028333334679094455,-7.738095605635044e-05,3.429000736941731,2,0.005391735852657697,0.005391735852657697,0.06666666666666667,0.00021576577601408972,-5.855856133994087e-06,30,185
CEACAM7,124,0.000318212379805959,0.0,-1.4448925769532355e-05,3.274844767601422,21,0.0007545119393305562,0.0,0.7,0.00021328829781588603,-9.684685380659525e-06,30,185
KRT86,37,0.0010653153659150776,0.0005000000237487257,0.0005788288563217229,3.3509910941800762,7,0.0029198108559198082,0.002,0.23333333333333334,0.00021306307318301552,0.0001157657712643446,30,185
TMEM156,8,0.004895833565872938,0.005333333586653074,-0.0006041666953630437,3.2773297720119623,1,0.0108,0.0108,0.03333333333333333,0.00021171172176747842,-2.6126127367050538e-05,30,185
AKR1C3,76,0.0005109649365502328,8.333333729145427e-05,0.00030701755844219996,3.802946118200846,13,0.001881218847952315,0.0005714285714285714,0.43333333333333335,0.00020990991988009564,0.00012612613211679564,30,185
CXCL6,92,0.00042119567217963305,0.00016666667458290854,-2.2644928611808222e-05,3.3770243631877377,16,0.0008077515575368424,0.00028571428571428574,0.5333333333333333,0.00020945946940824993,-1.1261261796142468e-05,30,185
MKRN3,106,0.00036556605509930414,0.0,2.9088051696073664e-05,3.3252913842417082,17,0.0008532111842733086,0.0,0.5666666666666667,0.00020945946940824993,1.6666667458290856e-05,30,185
NSG1,60,0.0006458333640087707,0.0,-0.0002652777903777961,3.285349015645929,9,0.0015313681027966741,0.0,0.3,0.00020945946940824993,-8.603604012252847e-05,30,185
IFITM2,45,0.000859259300071884,0.0003333333491658171,0.0003000000142492354,3.8141311927493637,7,0.0022217687074829935,0.002004008016032064,0.23333333333333334,0.00020900901893640422,7.29729764390032e-05,30,185
CBLC,115,0.0003362319000281285,0.0,2.0289856036180165e-05,3.5433222097551225,19,0.0007822691570035882,0.0,0.6333333333333333,0.00020900901893640422,1.2612613211679562e-05,30,185
MECOM,137,0.0002822384562279911,0.0,-3.284671688860241e-05,3.5761876846116234,23,0.0006271316961044243,0.0,0.7666666666666667,0.00020900901893640422,-2.4324325479667733e-05,30,185
A2M,155,0.00024784947413780917,0.0,-1.4516129721737202e-05,3.3075173458469256,25,0.0005451283519419792,0.0,0.8333333333333334,0.00020765766752086712,-1.2162162739833872e-05,30,185
MT1G,145,0.0002646551843151857,0.0,2.011494348414418e-06,3.464690851600261,23,0.00048142609403653655,0.0,0.7666666666666667,0.00020743244176055095,1.5765766514599495e-06,30,185
TSHZ2,162,0.00023456791237594536,0.0,-0.00012139918272088399,3.3581244196577105,26,0.0005982857394537898,0.0,0.8666666666666667,0.00020540541516163866,-0.0001063063113555849,30,185
IGFBP2,155,0.0002443010868724956,0.0,5.075269058266634e-05,3.5679330264032334,25,0.0005867605687565607,0.0,0.8333333333333334,0.0002046846944066855,4.252252454223396e-05,30,185
EPB41L2,68,0.0005526961046830276,0.00016666667458290854,4.5343139408585414e-05,3.378147128044911,11,0.0017276370923665512,0.0009333333333333335,0.36666666666666664,0.00020315316280241017,1.6666667458290856e-05,30,185
FGF9,117,0.0003208689600729418,0.0,0.00011431624387534194,3.3620569022426703,19,0.0006121894067680376,0.0,0.6333333333333333,0.00020292793691099563,7.229730018062165e-05,30,185
HKDC1,86,0.00043636952980796896,0.0003333333491658171,6.298449911563406e-05,3.4988729631209257,13,0.0010725979431390254,0.0011714285714285715,0.43333333333333335,0.00020285286250532611,2.927928066997042e-05,30,185
FIGN,44,0.0008522727677535096,0.0,-0.0006098485138147336,3.4411869181783574,7,0.0027530396069106143,0.0,0.23333333333333334,0.00020270271233056446,-0.000145045051934315,30,185
SPRR1B,185,0.00020180181138687307,0.0,3.018018161366182e-05,3.4496674119232065,30,0.00035216489144344854,0.0,1.0,0.00020180181138687307,3.018018161366182e-05,30,185
PNCK,121,0.0003085399595584423,0.0,-4.4077137079777466e-05,3.4607750596313656,19,0.0007937579419490609,0.0,0.6333333333333333,0.00020180181138687307,-2.882883019812472e-05,30,185
SNX31,14,0.002666666793326537,0.0013333333966632683,0.002464285831333005,3.139377201371004,2,0.0036768707482993197,0.0036768707482993197,0.06666666666666667,0.00020180181138687307,0.0001864864953441193,30,185
APBA2,85,0.0004392157071361355,0.0,-2.9411766102866224e-05,3.2474924243496943,14,0.0013150481721460414,0.0,0.4666666666666667,0.00020180181138687307,-1.3513514155370967e-05,30,185
DDC,76,0.0004890351109472185,0.0,1.9736843042712854e-05,3.2627636118127286,12,0.0008557623182873685,0.0,0.4,0.00020090091044318165,8.108108493222579e-06,30,185
HOXA13,81,0.00045781895178638465,0.0,-7.304527095917596e-05,3.3043357173081414,12,0.0008518826769184628,0.0,0.4,0.00020045045997133597,-3.198198350104461e-05,30,185
MT1A,42,0.0008809524227953737,0.0005416666923944528,0.00028571429928498607,3.4181323336518132,7,0.0013700680272108845,0.0,0.23333333333333334,0.00020000000949949026,6.486486794578063e-05,30,185
TOR4A,31,0.0011908602716165883,0.0006666666983316342,-3.4946238218996924e-05,3.6232158461891197,5,0.002259217209930064,0.0014285714285714286,0.16666666666666666,0.00019954955902764455,-5.855856133994079e-06,30,185
CD19,142,0.0002576291202179467,0.0,2.40610340066875e-05,3.2570850660990915,24,0.0004967132678054522,0.0,0.8,0.00019774775714026177,1.846846934567365e-05,30,185
SLC47A2,47,0.0007783688312967751,0.0008333333729145428,7.269503891382183e-05,3.2496992694262485,7,0.0017126381041967316,0.002,0.23333333333333334,0.00019774775714026177,1.846846934567365e-05,30,185
VIL1,125,0.00029266668056758744,0.0,-3.400000161491334e-05,3.250158708923085,21,0.0007143138885480711,0.0005714285714285714,0.7,0.00019774775714026177,-2.2972974064130637e-05,30,185
LGALS9,17,0.0021495099060178063,0.0025000001187436283,0.0005563725754458859,3.394621416996448,3,0.006570474281897128,0.006285714285714287,0.1,0.00019752253190433893,5.112612855448682e-05,30,185
TIAM1,112,0.00032589287262193726,0.0,-7.29166701300225e-05,3.476447153102081,19,0.0007306954761653633,0.0,0.6333333333333333,0.00019729730666841606,-4.4144146240878486e-05,30,185
ZNF883,71,0.0005117371135080855,0.0005000000237487257,-0.00018075118229414025,3.3427880424797864,11,0.0012,0.0005999999999999998,0.36666666666666664,0.00019639640572472467,-6.936937266423761e-05,30,185
RERGL,47,0.0007730496821079588,0.0,-0.0006099291069842611,3.2659673229999804,7,0.0014633430125557238,0.0,0.23333333333333334,0.00019639640572472467,-0.00015495496231492038,30,185
DLL1,123,0.00029471546115270416,0.0,-7.113821476099756e-05,3.295558982163091,18,0.0005555555555555556,0.0,0.6,0.00019594595525287896,-4.7297299543798373e-05,30,185
G0S2,91,0.00039835166727233637,0.0003333333491658171,-0.0001712454293791423,3.36987892269232,16,0.0010931763186236418,0.0008874892642427711,0.5333333333333333,0.00019594595525287896,-8.423423823514567e-05,30,185
FRMD3,8,0.004520833548061394,0.0037916668467611694,6.25000029685906e-05,3.3306869340253806,1,0.0174,0.0174,0.03333333333333333,0.00019549550478103325,2.702702831074188e-06,30,185
S100A7A,147,0.00024546486426666467,0.0,1.9841270783679586e-05,3.2561605037135495,23,0.0004486048701958783,0.0,0.7666666666666667,0.0001950450543091876,1.5765766514599456e-05,30,185
SLC51A,101,0.0003572607430415812,0.0,5.858086086825002e-05,3.4239873360942643,16,0.0007181076438591468,0.0,0.5333333333333333,0.0001950450543091876,3.1981983501044606e-05,30,185
DNAH6,58,0.0006178161212987128,0.0006666666983316342,-0.00017528736464754178,3.2153491142667616,10,0.0012562839965645576,0.0009876896650443745,0.3333333333333333,0.0001936937028936505,-5.495495756517526e-05,30,185
VCAM1,71,0.0005000000237487257,0.0,0.00032863851326207316,3.240393548712206,10,0.0008352165555600999,0.0,0.3333333333333333,0.0001918919010062677,0.00012612613211679564,30,185
PENK,140,0.00025297620249191475,0.0,6.964286045071535e-05,3.2584783494988225,21,0.0006166573509831455,0.0,0.7,0.00019144145053442198,5.270270520594676e-05,30,185
HNF1B,79,0.0004472574052098306,0.0003333333491658171,3.586498060644868e-05,3.4199635108827344,12,0.0008766214969621782,0.0005857142857142855,0.4,0.0001909910000625763,1.531531604275376e-05,30,185
C4BPB,19,0.0018552632460150083,0.0019166667577034484,-0.0007061403844170599,3.2757559901542797,3,0.006371428571428572,0.0068285714285714295,0.1,0.0001905405495907306,-7.25225259671575e-05,30,185
EBI3,51,0.0006879085294059265,0.0008333333729145428,-4.7385623165728907e-05,3.3094940865719895,9,0.0014645163342558133,0.002,0.3,0.0001896396486470392,-1.3063063683525267e-05,30,185
PPBP,99,0.0003526936194456499,0.0,-2.356902468849212e-05,3.2771526518206864,17,0.0006912972085385879,0.0,0.5666666666666667,0.00018873874770334779,-1.2612613211679567e-05,30,185
S100A8,164,0.00021290651417755693,0.0,-2.9979676220706108e-05,3.6726591914557565,27,0.0004748676996219701,0.0,0.9,0.00018873874770334779,-2.6576577838896226e-05,30,185
WSCD1,124,0.0002809139918373217,0.0,4.0322582560381085e-06,3.209892104840368,20,0.000508886344116805,0.0,0.6666666666666666,0.0001882882972315021,2.7027028310741914e-06,30,185
SCARA3,67,0.0005199005222063864,0.00016666667458290854,0.00039054728223159165,3.4084184915380265,11,0.0013004329004329006,0.001,0.36666666666666664,0.0001882882972315021,0.00014144144815954942,30,185
ACTG2,84,0.00041269843230053546,0.0,1.9841270783679593e-05,3.453554286279263,13,0.0008772313858486203,0.0,0.43333333333333335,0.00018738739628781069,9.009009436913978e-06,30,185
GLI1,88,0.0003863636547149244,8.333333729145427e-05,-1.3257576387276826e-05,3.2094794808329583,14,0.0008395157662263302,0.0002857142857142857,0.4666666666666667,0.0001837837925130451,-6.306306605839787e-06,30,185
SLC40A1,59,0.0005762712138120906,0.00016666667458290854,-1.977401223865015e-05,3.63765654860555,11,0.0011975119069307445,0.0005714285714285714,0.36666666666666664,0.0001837837925130451,-6.3063066058397775e-06,30,185
ADGRG5,121,0.00028099174888358136,0.0,5.3719010815978794e-05,3.2205086959030758,21,0.0005394462394176107,0.0,0.7,0.0001837837925130451,3.513513680396451e-05,30,185
PLA2G7,37,0.0009121622054875401,0.0010000000474974513,-0.00010135135616528223,3.1993889962842745,7,0.0027592545635488665,0.0030000000000000005,0.23333333333333334,0.000182432441097508,-2.0270271233056445e-05,30,185
ITGB6,47,0.0007180851404901911,0.0008333333729145428,0.00018617022160856807,3.5824752418896404,8,0.001253721729172631,0.0010148869166905238,0.26666666666666666,0.000182432441097508,4.7297299543798373e-05,30,185
ALDH1A2,54,0.0006250000296859071,0.00016666667458290854,-9.413580694034647e-05,3.2606941430890806,10,0.0012639049527626682,0.0007000000000000001,0.3333333333333333,0.000182432441097508,-2.747747878258762e-05,30,185
EBF1,154,0.00021915585456518818,0.0,8.60389651255924e-05,3.214343217846167,25,0.0004790655596908102,0.0,0.8333333333333334,0.000182432441097508,7.162162502346611e-05,30,185
PNMA2,177,0.00018973635552800043,0.0,1.2711865010560819e-05,3.4443040676380505,29,0.00035730706075533665,0.0,0.9666666666666667,0.00018153154015381663,1.2162162739833865e-05,30,185
LPAR1,82,0.0004085366047703002,0.0001250000059371814,-9.756098024365378e-05,3.5219993630628394,14,0.0008236200291739942,0.0006666666666666666,0.4666666666666667,0.00018108108968197093,-4.324324529718708e-05,30,185
FMO2,100,0.0003350000159116462,0.0,-6.666666983316341e-06,3.2261344099207303,15,0.0009016780045351475,0.0,0.5,0.00018108108968197093,-3.6036037747655895e-06,30,185
SERPINA1,131,0.0002544529373317947,0.0,-5.089058247501499e-06,3.3925033985875714,22,0.0004348291447800811,0.0,0.7333333333333333,0.00018018018805656815,-3.6036034076902513e-06,30,185
DMKN,13,0.0025576924291761736,0.0,-0.0025576924291761736,3.5798075761498174,2,0.006080952380952382,0.006080952380952382,0.06666666666666667,0.00017972973826643383,-0.00017972973826643383,30,185
COL8A1,72,0.0004606481700277611,0.0002500000118743628,-2.3148149247626186e-05,3.390926050687114,12,0.0008340967649584884,0.000286286859433152,0.4,0.00017927928779458812,-9.009009436913974e-06,30,185
DAB2,62,0.0005322580897970306,0.00029166668052008993,0.00021774194582605794,3.3334317588728495,10,0.0012749670770111654,0.0010714285714285713,0.3333333333333333,0.00017837838685089673,7.29729764390032e-05,30,185
PLAC8,60,0.0005472222482138831,4.1666668645727135e-05,0.00015833334085376313,3.5261775834565445,11,0.0012190146526819875,0.000572573718866304,0.36666666666666664,0.00017747748590720534,5.1351353790409665e-05,30,185
PLEKHG6,72,0.00045428242898466395,0.00016666667458290854,0.00019502315741125063,3.5870211361843385,11,0.00118801963705564,0.0005714285714285715,0.36666666666666664,0.0001768018101994368,7.590090450600024e-05,30,185
C3orf70,74,0.00044144146240878486,0.0,0.00019144145053442198,3.222696475017734,12,0.0009515745777268825,0.0,0.4,0.00017657658496351395,7.657658021376879e-05,30,185
GABRP,171,0.0001905458180173019,0.0,-2.6803120181461903e-05,3.293770250784016,28,0.0004161704361103159,0.0,0.9333333333333333,0.00017612613449166824,-2.4774775951513435e-05,30,185
NCKAP1L,158,0.0002062236384870799,0.0,-7.43670921398421e-05,3.2318082136298254,26,0.000509454072981127,0.0,0.8666666666666667,0.00017612613449166824,-6.351351653024353e-05,30,185
SPRR2F,54,0.0006003086704884391,0.0004166666864572714,-7.561728754224554e-05,3.2667781891804477,8,0.0009251431434297167,0.0005720011451474377,0.26666666666666666,0.00017522523354797682,-2.207207312043924e-05,30,185
RASA3,128,0.0002519531369671313,0.0,-5.924479448064328e-05,3.4174736968239006,20,0.00040760262725779965,0.0,0.6666666666666666,0.00017432433260428543,-4.099099293795859e-05,30,185
MZB1,39,0.0008269231161998155,0.0008333333729145428,9.188034624442394e-05,3.275475199203339,5,0.0018873174921271115,0.002,0.16666666666666666,0.00017432433260428543,1.9369370289365045e-05,30,185
SFTPC,66,0.00048611113420014997,8.333333729145427e-05,-4.1666668645727135e-05,3.174702163131942,11,0.001151638837353123,0.0005714285714285716,0.36666666666666664,0.00017342343166059404,-1.486486557090806e-05,30,185
RSPH4A,51,0.0006290849972001941,0.0007500000356230885,-0.00012254902542860923,3.3397913527883034,9,0.0013404917166153925,0.0009815549466279498,0.3,0.00017342343166059404,-3.378378538842741e-05,30,185
IL1B,106,0.00030267297035103675,0.0,-6.367924830762072e-05,3.492143231969839,18,0.0006096300344797338,0.0,0.6,0.00017342343166059404,-3.64864882195016e-05,30,185
VASH1,95,0.0003350877352140583,0.0,-6.052631866431942e-05,3.457578167485079,15,0.0007684779081973471,0.0,0.5,0.00017207208024505694,-3.1081082557353216e-05,30,185
TMEM25,18,0.0017638889726691155,0.0011666667220803597,0.00045833335510299844,3.3140930567876423,3,0.005485714285714286,0.0058285714285714295,0.1,0.00017162162977321123,4.459459671272417e-05,30,185
CPXM2,46,0.0006902174240879148,0.00016666667458290854,-9.239130873617755e-05,3.189866936962081,7,0.0015740203438947868,0.0014314342971657602,0.23333333333333334,0.00017162162977321123,-2.2972974064130634e-05,30,185
MXRA5,141,0.00022458629908335192,0.0,-0.00013002364683773008,3.4116401403854546,24,0.0005988095238095238,0.0,0.8,0.00017117117930136552,-9.909910380605373e-05,30,185
JAM3,139,0.0002278177566241196,0.0,6.115108204121105e-05,3.2623535246452255,22,0.0005715326757410926,0.0,0.7333333333333333,0.00017117117930136552,4.5945948128261274e-05,30,185
RTP4,76,0.000416118440817196,0.0001250000059371814,-5.208333580715892e-05,3.374866460788696,13,0.0008071005917159764,0.0,0.43333333333333335,0.00017094595406544268,-2.139639741267069e-05,30,185
MMP28,102,0.0003096405375829527,0.0,-4.330065565144193e-05,3.4091268543744424,17,0.0008260121683944119,0.0,0.5666666666666667,0.00017072072882951984,-2.3873875007822038e-05,30,185
TMEM176B,117,0.000267806280526383,0.0,-2.4216525366747403e-05,3.289420686136298,20,0.0005603874415497661,0.0,0.6666666666666666,0.00016936937741398277,-1.5315316042753764e-05,30,185
QPRT,96,0.00032552084879474325,0.00020833334322863567,-7.378472572680848e-05,3.667357321664051,16,0.0009073054271808924,0.0006870884626395648,0.5333333333333333,0.00016891892694213703,-3.82882901068844e-05,30,185
GLIPR2,110,0.00028257577099738586,0.0,2.272727380676016e-06,3.5615219619875704,18,0.0005398415879377804,0.0,0.6,0.00016801802599844564,1.3513514155370904e-06,30,185
LAMP5,114,0.0002726608316641442,0.0,7.821637798408428e-05,3.2023031440242113,19,0.0005255493443026404,0.0,0.6333333333333333,0.00016801802599844564,4.819820048748978e-05,30,185
BAALC,33,0.0009368687313675618,0.0010000000474974513,-6.818182142028076e-05,3.2477895139872723,5,0.0017017539841587936,0.0019333333333333331,0.16666666666666666,0.00016711712505475425,-1.2162162739833865e-05,30,185
COL1A2,104,0.00029700856117788365,0.0,-8.279914935626902e-05,3.5129988974997284,16,0.000661904761904762,0.0,0.5333333333333333,0.0001669669749324319,-4.6546548827307986e-05,30,185
FAM216B,78,0.0003952991640748472,0.0,0.0002735042864950294,3.1474471712505414,14,0.0008849668415371249,0.0,0.4666666666666667,0.00016666667458290854,0.00011531532079249888,30,185
CX3CL1,123,0.00024932250508683326,0.0,2.4390245080631484e-05,3.5658786683643195,21,0.0007173339877032976,0.0,0.7,0.00016576577365232697,1.6216216999554988e-05,30,185
KLHL4,49,0.0006258503698623506,0.0003333333491658171,0.00013945578893671942,3.1381678002839566,9,0.0014199382892769667,0.0011999999999999997,0.3,0.00016576577363921715,3.69369386913473e-05,30,185
CRCT1,108,0.00028317902579596036,0.0,-0.00013503087061115276,3.2621424224713453,17,0.0004980299133681529,0.0,0.5666666666666667,0.00016531532316737147,-7.882883257299729e-05,30,185
SLAMF1,94,0.00032535462538259275,0.0,-5.230496702335961e-05,3.118682026891906,16,0.0006362188663040367,0.0,0.5333333333333333,0.00016531532316737144,-2.6576577838896236e-05,30,185
RBPMS2,106,0.00028694969985038104,0.0,4.743186843181732e-05,3.684730944607444,17,0.0006967713401149934,0.0,0.5666666666666667,0.00016441442261697507,2.7177178669041273e-05,30,185
ATP8B3,13,0.002339743700875447,0.002083333432286357,0.0008397436296292699,3.2427516207751093,2,0.004008016032064128,0.004008016032064128,0.06666666666666667,0.00016441442222368005,5.900901181178654e-05,30,185
RGS1,103,0.00029530745739204673,0.0,-2.0226538177537446e-05,3.1984658375327406,17,0.0008369889037779441,0.0,0.5666666666666667,0.00016441442222368005,-1.1261261796142471e-05,30,185
PABPC4L,102,0.00029738563504009175,0.0,4.5751636160014115e-05,3.5440584505163777,16,0.0008815249546712472,0.0,0.5333333333333333,0.00016396397175183437,2.5225226423359134e-05,30,185
NDP,100,0.00030333334774089357,8.333333729145427e-05,-2.833333467909445e-05,3.3554564133383877,16,0.0008032061660266346,0.00013793103448275863,0.5333333333333333,0.00016396397175183434,-1.5315316042753757e-05,30,185
ICAM2,93,0.00032616489004397156,0.00016666667458290854,5.1971328633380086e-05,3.5133833329262605,15,0.0005430663035472655,0.0005714285714285714,0.5,0.00016396397175183434,2.6126127367050528e-05,30,185
ESR1,27,0.0011203704235851074,0.0008333333729145428,0.0007191358366262536,3.2970067002315604,4,0.0037768680217578014,0.0038320068708846268,0.13333333333333333,0.00016351352127998866,0.00010495495994004782,30,185
RNF152,121,0.00024862260134061976,0.0,-4.820936868100658e-06,3.318688006065929,19,0.0006103723379447761,0.0,0.6333333333333333,0.00016261262033629724,-3.15315330291989e-06,30,185
RCSD1,82,0.0003648374157028303,0.00016666667458290854,8.434959750232567e-05,3.292082037624073,13,0.0010112973199145545,0.0005714285714285714,0.43333333333333335,0.00016171171939260588,3.7387389163193e-05,30,185
LMO3,67,0.0004452736529901587,0.0,0.0002636816045640046,3.4337522831358993,10,0.000904876419505678,0.0,0.3333333333333333,0.00016126126892076017,9.549550003128815e-05,30,185
SPARCL1,66,0.0004511784725837795,0.0005000000237487257,2.188552290053023e-05,3.4152503899870754,10,0.0010556230829004947,0.0008326530612244897,0.3333333333333333,0.00016096096859745648,7.807808169918892e-06,30,185
ODAM,26,0.0011378205668640872,0.0013333333966632683,-0.00037500001781154424,3.184820732647844,4,0.002707142857142857,0.0027,0.13333333333333333,0.00015990991750522307,-5.270270520594676e-05,30,185
APOBEC3A,148,0.00019988739688152883,0.0,-5.067567808264111e-06,3.2984832439394793,24,0.0005174690651143557,0.0,0.8,0.00015990991750522307,-4.054054246611289e-06,30,185
MMP10,84,0.0003516865246407207,0.0001250000059371814,-1.6369048396535665e-05,3.4817927088861005,13,0.0006149597528907874,0.00027586206896551725,0.43333333333333335,0.0001596846922693002,-7.432432785454031e-06,30,185
DPY19L2,38,0.0007741228437864043,0.0,-7.675438961054998e-05,3.281045878093523,6,0.0020777777777777778,0.0,0.2,0.00015900901656153168,-1.5765766514599456e-05,30,185
TMEM30B,49,0.0005986394842161613,0.00016666667458290854,0.000258503413638797,3.6760251830642705,8,0.001401809296248174,0.0004241758241758241,0.26666666666666666,0.00015855856608968597,6.846847172054622e-05,30,185
DEFB1,165,0.00017777778622176911,0.0,-4.040404232312937e-06,3.587820565055215,27,0.0003282532815694377,0.0,0.9,0.00015855856608968597,-3.6036037747655925e-06,30,185
UGT1A1,42,0.0006984127315855215,0.00016666667458290854,-4.365079572409507e-05,3.1686904091164414,7,0.0015963191689501454,0.0006,0.23333333333333334,0.00015855856608968597,-9.909910380605368e-06,30,185
NLGN1,73,0.00039954339797272593,0.0002500000118743628,1.2557078221999958e-05,3.3287254117388554,11,0.000813685887972392,0.00027586206896551725,0.36666666666666664,0.00015765766514599456,4.954955190302687e-06,30,185
DMRT3,100,0.00029166668052008993,4.1666668645727135e-05,-0.00014000000664964317,3.2090032564385655,16,0.0006129008016032064,0.00028571428571428574,0.5333333333333333,0.00015765766514599456,-7.56756792700774e-05,30,185
BSPRY,15,0.0019388889809811697,0.0010000000474974513,0.0015388889619821892,3.4872183630856943,3,0.004453351146737919,0.004008016032064128,0.1,0.0001572072146741489,0.00012477478070125857,30,185
F13A1,138,0.00021014493751758036,0.0,3.381642672696696e-05,3.26096150620797,23,0.0005468576905363523,0.0,0.7666666666666667,0.00015675676420230317,2.5225226423359134e-05,30,185
TENM2,14,0.0020714286698161493,0.00016666667458290854,0.00013095238717228522,3.2303619553220178,2,0.00468095238095238,0.00468095238095238,0.06666666666666667,0.00015675676420230317,9.909910380605367e-06,30,185
C1orf210,40,0.0007229167010033659,0.0005000000237487257,0.00047291668912900303,3.5923452264791997,7,0.0021066895696154214,0.001402805611222445,0.23333333333333334,0.00015630631373045748,0.00010225225710897363,30,185
MRAP2,98,0.0002950680400379521,8.333333729145427e-05,-9.353741940877519e-06,3.321110574792995,15,0.0006990870630149187,0.0005714285714285714,0.5,0.00015630631310118546,-4.954955190302685e-06,30,185
DMBT1,61,0.00047131149779592994,0.0,-8.879781842532015e-05,3.2479402340956236,11,0.0009333472139083362,0.0,0.36666666666666664,0.0001554054127867661,-2.9279280669970428e-05,30,185
DAW1,132,0.00021738216508476233,0.0,-0.00010879630134135221,3.426891145408515,21,0.0010244725278220842,0.0,0.7,0.0001551051123848034,-7.76276312273432e-05,30,185
HPGD,122,0.00023497268875623175,0.0,0.00013661202834664633,3.5138383580072974,20,0.0004875436587460636,0.0,0.6666666666666666,0.00015495496231492038,9.009009436913974e-05,30,185
PTPRM,65,0.00044102566197323496,0.00016666667458290854,6.410256714727252e-05,3.646707675445255,10,0.001018829495726146,0.0005868880618379617,0.3333333333333333,0.00015495496231492038,2.2522523592284942e-05,30,185
PSCA,136,0.00020955883348292177,0.0,0.0001299019669543258,3.489640305338413,23,0.0007925557118377542,0.0,0.7666666666666667,0.000154054061371229,9.549550003128815e-05,30,185
CEACAM6,65,0.0004384615579440903,0.00016666667458290854,5.384615595595768e-05,3.854156179423534,11,0.0007540459540459541,0.0,0.36666666666666664,0.00015405406089927497,1.8918919660201346e-05,30,185
CD38,118,0.00024034841056672413,0.0,-9.439736804471084e-05,3.3204253718457273,19,0.0006830839624110376,0.0,0.6333333333333333,0.00015330331052364025,-6.021021313122096e-05,30,185
KRT9,17,0.0016666667458290854,0.001833333420411994,0.0004411764915429932,3.3375579405235194,3,0.0029841269841269845,0.0026666666666666666,0.1,0.00015315316042753758,4.054054246611289e-05,30,185
HEY1,28,0.001011904809967659,0.0008333333729145428,-0.00015476191211270083,3.489526163010128,4,0.0022196726786907145,0.002102004008016032,0.13333333333333333,0.00015315316042753758,-2.342342453597634e-05,30,185
EPHA4,92,0.0003070652320552061,6.944444855131829e-05,0.00014100242214740518,3.533847237011236,16,0.0006436932822561223,0.0002222222222222222,0.5333333333333333,0.00015270270999502138,7.012012344627717e-05,30,185
SELP,74,0.00038175677488922974,0.0,-2.5900902131127677e-05,3.2007307011486037,12,0.0009382892769666316,0.0,0.4,0.0001527027099556919,-1.036036085245107e-05,30,185
ZFP3,47,0.000601063858336234,0.0004166666864572714,4.787234269934607e-05,3.6696885688375076,9,0.0012255304259312276,0.0006012024048096192,0.3,0.0001527027099556919,1.2162162739833866e-05,30,185
CTSL,20,0.0014083334002255774,0.0004166666864572714,0.0012166667244552325,3.66493694021318,3,0.0034666666666666665,0.001,0.1,0.00015225225948384619,0.00013153153777894407,30,185
ABCA13,122,0.00023087432790583234,0.0,2.732240566932928e-06,3.3674952580885185,19,0.00047142060705729393,0.0,0.6333333333333333,0.00015225225948384619,1.8018018873827956e-06,30,185
FBLN5,146,0.00019235160730972665,0.0,-8.27625610086361e-05,3.3739512613970533,24,0.00039611820011905896,0.0,0.8,0.00015180180901200048,-6.531531841762633e-05,30,185
PDLIM3,139,0.00020143885848869522,0.0,-4.796163297349887e-05,3.3441096627085725,23,0.0004499265315606071,0.0,0.7666666666666667,0.0001513513585401548,-3.6036037747655904e-05,30,185
NTNG1,14,0.0020000000949949026,0.0021666667695778115,0.00105952385984849,3.165262474611645,2,0.0029857142857142856,0.0029857142857142856,0.06666666666666667,0.0001513513585401548,8.018018398853438e-05,30,185
ZNF502,50,0.0005583333598527437,0.0002500000118743628,0.00022166667719526834,3.5185666389671892,9,0.0008920634920634921,0.0006,0.3,0.00015090090806830909,5.9909912755477935e-05,30,185
ERN2,160,0.00017395834159591078,0.0,5.8333336104017995e-05,3.349651508405703,27,0.0002751826656588561,0.0,0.9,0.00015045045759646338,5.045045284671827e-05,30,185
KRT6B,130,0.00021217949725747202,0.0,7.051282386199975e-06,3.7416439346793755,21,0.0004912709773288072,0.0,0.7,0.0001490991061809263,4.954955190302685e-06,30,185
SMO,14,0.0019702381888193833,0.002166666769577811,0.0010059524287325552,3.3825306272157887,2,0.004,0.004,0.06666666666666667,0.0001490991061809263,7.612612974192309e-05,30,185
COL22A1,102,0.0002687908624400829,0.0,-2.0424837571434873e-05,3.271450748354563,18,0.000708456822942938,0.0,0.6,0.00014819820523723491,-1.1261261796142471e-05,30,185
KL,36,0.0007592592953221389,0.0005000000237487257,0.00021759260292768614,3.240524860844352,7,0.0018350087930963969,0.001402805611222445,0.23333333333333334,0.0001477477547653892,4.234234435349568e-05,30,185
PLCL2,73,0.0003698630312661806,0.0,0.00019178083102690846,3.4899548968437872,12,0.0013007804725096454,0.0002999999999999999,0.4,0.0001459459528780064,7.56756792700774e-05,30,185
NTM,124,0.0002157258166980389,0.0,-8.736559554749236e-06,3.205799015037197,21,0.0004398974820389077,0.0,0.7,0.0001445946014624693,-5.855856133994082e-06,30,185
CLCA2,185,0.00014414415099062362,0.0,-3.153153302919892e-05,3.5007192355880834,30,0.00040624805165887326,0.0,1.0,0.00014414415099062362,-3.153153302919892e-05,30,185
CHRM3,22,0.0012121212696938803,0.0,0.0007272727618163282,3.361574384289732,3,0.0026666666666666666,0.0,0.1,0.0001441441509906236,8.648649059437416e-05,30,185
PSORS1C2,119,0.00022128852591680293,0.0,6.58263336587958e-05,3.28892544390463,21,0.00043937242804364805,0.0,0.7,0.0001423423491032408,4.234234435349568e-05,30,185
P2RY8,54,0.0004876543432517253,0.00043750001350417733,0.00012345679508907328,3.2181900788234055,8,0.0014500410509031198,0.0018477832512315273,0.26666666666666666,0.00014234234884104416,3.6036037485459234e-05,30,185
HLA-C,43,0.0006114341375686936,0.0005000000237487257,0.00011531008299631465,3.3783754257285095,6,0.0012990694453620308,0.0011794871794871796,0.2,0.00014211712386731797,2.680180307481908e-05,30,185
N4BP1,59,0.00044067798703277517,0.0,0.00015254238012672985,3.587647732932301,9,0.0018427903425899418,0.0,0.3,0.00014054054721585803,4.8648650959335466e-05,30,185
AXL,20,0.0012875000611529686,0.0011666667220803597,0.00041250001959269866,3.2707323636486327,4,0.004210850271972517,0.0047054108216432865,0.13333333333333333,0.00013918919580032093,4.459459671272418e-05,30,185
SLC51B,26,0.0009903846624253604,0.0010000000474974513,-0.0001955128297991812,3.3035974133048187,4,0.0026924801984922224,0.002718293730317778,0.13333333333333333,0.00013918919580032093,-2.747747878258763e-05,30,185
MYBPH,173,0.00014836224211426543,0.0,1.4450867738402478e-05,3.3818942740990763,28,0.0006150559622646653,0.0,0.9333333333333333,0.00013873874532847522,1.3513514155370966e-05,30,185
ORM2,67,0.0003805970328579661,0.0,9.452736752909324e-05,3.2851197411126076,11,0.000757046560653775,0.0,0.36666666666666664,0.0001378378443323445,3.423423580783377e-05,30,185
HSH2D,12,0.0021111112113835085,0.00233333344416072,0.001833333420411994,3.468961623327617,2,0.0045090180360721445,0.0045090180360721445,0.06666666666666667,0.00013693694344109244,0.00011891892456726448,30,185
SAA2,69,0.00036714977589278404,0.00016666667458290854,-0.00014251208406364645,3.4926850447023217,10,0.0010731667416465584,0.0010612244897959184,0.3333333333333333,0.0001369369434410924,-5.315315567779246e-05,30,185
EVA1A,153,0.00016394336290671726,0.0,2.1241831074292272e-05,3.5600200287751638,26,0.00035319839050156835,0.0,0.8666666666666667,0.00013558559202555534,1.7567568401982257e-05,30,185
ITLN1,161,0.0001552795104809707,0.0,3.830227925197277e-05,3.2334414930906896,26,0.000373022158679187,0.0,0.8666666666666667,0.00013513514155370963,3.3333334916581706e-05,30,185
ENPP3,64,0.00038932293515851296,0.00016666667458290854,6.510416975894864e-06,3.345353078338037,11,0.0007731272067945414,0.0005725737188663041,0.36666666666666664,0.00013468469108186395,2.2522523592284936e-06,30,185
CHP2,25,0.000996666714005793,0.0002500000118743628,-0.00017666667505788304,3.271216167629861,4,0.002254008016032064,0.0005000000000000001,0.13333333333333333,0.00013468469108186392,-2.387387500782203e-05,30,185
SAMSN1,74,0.0003355856015250456,0.0,-5.127983248242251e-21,3.2235552989563097,12,0.0009527149537169577,0.0002857142857142857,0.4,0.00013423424061001824,-2.0511932992969004e-21,30,185
RAET1G,57,0.00043567253531321705,0.0,0.00013742690711222286,3.4780590664809696,9,0.0007275567007029933,0.0,0.3,0.00013423424061001824,4.234234435349569e-05,30,185
ST6GALNAC1,106,0.00023427674068729598,0.0,-2.5157233899306946e-05,3.409525169924773,17,0.0005362018153954968,0.0,0.5666666666666667,0.00013423424061001824,-1.4414415099062358e-05,30,185
PEG10,37,0.0006689189506908627,0.0005000000237487257,0.00034909911568041654,3.614138000059312,6,0.0022553901453701056,0.0023,0.2,0.00013378379013817253,6.98198231360833e-05,30,185
ZIK1,64,0.000386718768368155,0.00016666667458290854,8.72395874769912e-05,3.4987783081158947,10,0.000686551333960438,0.0002857142857142857,0.3333333333333333,0.00013378379013817253,3.0180181613661822e-05,30,185
CYYR1,62,0.0003991935673477729,8.333333729145427e-05,-0.00013037635027856554,3.1795752801218398,9,0.0010731494735502752,0.0006012024048096191,0.3,0.00013378379013817253,-4.369369576903278e-05,30,185
LRMDA,10,0.0024694445572094994,0.00281944457674399,0.000775000032930014,3.4816783543706444,2,0.00652325058279825,0.00652325058279825,0.06666666666666667,0.00013348348957889185,4.1891893671892655e-05,30,185
SV2B,32,0.000770833369945952,0.0002500000118743628,9.895833803360193e-05,3.198627442460689,5,0.0024761904761904764,0.0014285714285714286,0.16666666666666666,0.00013333333966632682,1.711711793013655e-05,30,185
FGFR2,36,0.0006805555878802099,0.0003333333491658171,0.000273148161121989,3.335778291808126,5,0.0014399999999999999,0.0011999999999999997,0.16666666666666666,0.00013243243872263543,5.315315567779245e-05,30,185
SDC2,65,0.00037692309482596244,0.0002500000118743628,-0.00014871795578167224,3.331771456309612,9,0.0007063926795389722,0.0005725737188663041,0.3,0.00013243243872263543,-5.2252254734101055e-05,30,185
TNFRSF13C,13,0.0018717949607003576,0.0026666667933265367,-0.0010897436415036328,3.3679845466222362,2,0.0038006012024048097,0.0038006012024048097,0.06666666666666667,0.00013153153777894404,-7.657658021376879e-05,30,185
IGSF10,94,0.00025886526052238984,0.0,-7.092198918421641e-05,3.303307978778461,15,0.000571775932818017,0.0,0.5,0.00013153153777894404,-3.6036037747655904e-05,30,185
TFF2,55,0.00044242426308549265,8.333333729145427e-05,4.5454547260746806e-05,3.1944002189675906,10,0.0007700175861927939,0.0005725737188663041,0.3333333333333333,0.00013153153767406537,1.3513514050492295e-05,30,185
SBSPON,107,0.00022663552478330087,8.333333729145427e-05,6.931464503681711e-05,3.2583696922382472,16,0.00048100486687661036,0.00028571428571428574,0.5333333333333333,0.00013108108730709836,4.0090091994267195e-05,30,185
PELI2,174,0.00013888889548575712,0.0,-4.3103450323166e-05,3.4654866905325545,28,0.00040400373146682087,0.0,0.9333333333333333,0.00013063063683525265,-4.054054246611289e-05,30,185
MPPED2,143,0.00016783217580376806,0.0,-6.993007325157001e-06,3.216929132725982,23,0.00033508922607119,0.0,0.7666666666666667,0.00012972973589156126,-5.4054056621483845e-06,30,185
TEKT2,28,0.0008541667072374063,0.0005000000237487257,-0.00043154763954503104,3.2349874433537775,5,0.0018737551293062315,0.0019333333333333333,0.16666666666666666,0.00012927928541971555,-6.531531841762631e-05,30,185
ARHGAP44,49,0.00048809526127851794,0.0,-9.693878011454885e-05,3.463574142021378,7,0.001145147437732608,0.0,0.23333333333333334,0.00012927928541971555,-2.5675676895204832e-05,30,185
DDX3Y,52,0.00045993591928168037,0.00016666667458290854,-0.000248397447695681,3.2180061852470536,8,0.0013253507014028055,0.000619047619047619,0.26666666666666666,0.00012927928541971555,-6.981982313608332e-05,30,185
KLK5,70,0.00034166668289496255,8.333333729145427e-05,-6.547619358614265e-05,3.217059677265473,10,0.0008861150873174921,0.0002857142857142857,0.3333333333333333,0.00012927928541971555,-2.4774775951513435e-05,30,185
DCN,153,0.00015631809021338157,0.0,-1.361655838095658e-05,3.228739854579398,25,0.0003453031777841396,0.0,0.8333333333333334,0.00012927928541971555,-1.1261261796142468e-05,30,185
CFH,144,0.00016493056338933657,0.0,-4.1087964914536484e-05,3.401994541399736,24,0.0004919394344244044,0.0,0.8,0.00012837838447602416,-3.198198350104461e-05,30,185
SMC1B,36,0.0006574074386325837,8.333333729145427e-05,-0.00045370372525347323,3.291538573502613,6,0.0015719057161942933,0.0007157171485828801,0.2,0.00012792793400417845,-8.828829248175696e-05,30,185
PRODH,28,0.0008452381353847505,0.0005416666923944528,0.00040476192398706363,3.6296161993793232,4,0.002138392431120745,0.0019387755102040817,0.13333333333333333,0.00012792793400417845,6.126126417101504e-05,30,185
BEX4,28,0.0008363095635320947,0.0008333333729145428,0.0001398809590249411,3.623836870765749,5,0.0022304036644718007,0.002,0.16666666666666666,0.00012657658258864135,2.1171172176747846e-05,30,185
MAFB,161,0.00014389234637903286,0.0,-9.523809976166204e-05,3.5671609818920103,25,0.00036859471323599585,0.0,0.8333333333333334,0.00012522523117310428,-8.288288681960858e-05,30,185
CLECL1,25,0.0009266667106809716,0.00016666667458290854,0.00010000000474974514,3.1576878987287,3,0.002381334096764958,0.000572573718866304,0.1,0.00012522523117310428,1.3513514155370966e-05,30,185
SMOC1,108,0.00021373457805308178,0.0,-7.330247261748293e-05,3.218524067860994,19,0.00043200084379284884,0.0,0.6333333333333333,0.00012477478070125855,-4.2792794825341394e-05,30,185
CD27,89,0.0002565543193017806,0.0,-0.00014044944487323754,3.1863505937907273,14,0.00046938775510204083,0.0,0.4666666666666667,0.00012342342928572147,-6.756757077685482e-05,30,185
RAMP1,47,0.000484042576182277,0.0,7.269503891382183e-05,3.6746510060165765,7,0.0014919226207517078,0.0,0.23333333333333334,0.00012297297881387576,1.846846934567365e-05,30,185
IL18R1,108,0.00020987655317847745,0.0,-4.629629849525237e-05,3.4505729563046774,18,0.000580615804549386,0.0,0.6,0.00012252252834203008,-2.7027028310741928e-05,30,185
CLDN7,62,0.000365591415214122,0.0001250000059371814,4.3010754731073174e-05,3.755799192872161,10,0.0006059490409390208,0.0005714285714285715,0.3333333333333333,0.00012252252834203008,1.441441509906236e-05,30,185
CCDC190,185,0.00012117117692649298,0.0,-3.7387389163193e-05,3.367832576584291,30,0.00016809746477081146,0.0,1.0,0.00012117117692649298,-3.7387389163193e-05,30,185
PLA2G4A,80,0.00028020834664251504,0.0,2.1875001039006747e-05,3.6662223416744384,13,0.0005888697440352475,0.0,0.43333333333333335,0.00012117117692649298,9.459459908759675e-06,30,185
SERPINF1,32,0.0006848958658641398,0.0004166666864572714,-0.00022135417718042538,3.4635248550615994,4,0.00085,0.0002857142857142857,0.13333333333333333,0.00011846847409541877,-3.828829010688439e-05,30,185
ADGRG2,66,0.0003308080965206215,0.0,-2.0202021161564682e-05,3.1833449761843347,10,0.0005977097051245349,0.0,0.3333333333333333,0.00011801802362357308,-7.207207549531184e-06,30,185
GJA1,93,0.00023476703624044105,0.0,-0.00012365591985183538,3.6888064594663494,14,0.0004170068027210884,0.0,0.4666666666666667,0.00011801802362357308,-6.216216511470643e-05,30,185
ABCA12,81,0.00026748972463923597,0.0,9.876543678987174e-05,3.422921998180607,14,0.0006841983286300492,0.0,0.4666666666666667,0.00011711712267988169,4.324324529718708e-05,30,185
HSD17B2,155,0.00013978495287598783,0.0,2.4731183970367075e-05,3.367539316036809,26,0.000319980620581823,0.0,0.8666666666666667,0.00011711712267988169,2.0720721704902144e-05,30,185
MMP9,71,0.0003051643337433537,0.0,-4.2253523133695126e-05,3.460645497453175,12,0.00043455641441613385,0.0,0.4,0.00011711712267988169,-1.6216216986445158e-05,30,185
MAP1A,39,0.0005534188297047862,0.0003333333491658171,0.00018162394025060546,3.305850053273847,7,0.002156755103988346,0.0014314342971657602,0.23333333333333334,0.000116666672208036,3.8288290106884394e-05,30,185
ACOX2,30,0.0007175926264608278,8.333333729145427e-05,0.00011388889365156904,3.684265064670686,5,0.0018854443581039632,0.0005714285714285715,0.16666666666666666,0.00011636637185851263,1.8468469240794977e-05,30,185
TF,102,0.00021078432373720788,0.0,-4.901961017144373e-06,3.2170988301927457,17,0.0005853488489584211,0.0,0.5666666666666667,0.00011621622173619028,-2.7027028310741943e-06,30,185
COL3A1,132,0.00016224748245381628,0.0,0.00010416667161431785,3.2352518120234497,20,0.00048795686611317874,0.0,0.6666666666666666,0.0001157657712643446,7.43243278545403e-05,30,185
RNF212,75,0.0002844444579548306,0.0,-6.666666983316344e-05,3.4396313895469035,12,0.0007850578501881108,0.0,0.4,0.00011531532079249888,-2.702702831074193e-05,30,185
PI3,129,0.00016408269513201076,0.0,-1.1627907529040133e-05,3.6526018015795145,22,0.0003795122712958385,0.0,0.7333333333333333,0.0001144144198488075,-8.108108493222579e-06,30,185
LAMA4,78,0.00027136753425678704,0.0,4.059829252660593e-05,3.359514312621268,13,0.0004644688644688645,0.0,0.43333333333333335,0.0001144144198488075,1.7117117930136555e-05,30,185
CTF1,30,0.0007046296639600768,0.0005000000237487257,0.0002824074216833752,3.610957067080995,5,0.0016745567325126445,0.0020000000000000005,0.16666666666666666,0.00011426426983136381,4.5795798110817606e-05,30,185
CD7,79,0.00026582279743603136,0.0,8.016878017912056e-05,3.3704549204285983,12,0.0006558895568915609,0.00028571428571428574,0.4,0.0001135135189051161,3.42342358602731e-05,30,185
CDC42EP5,71,0.00029460095295992994,0.0,-5.751173982086282e-05,3.453428179550489,12,0.000564758087603779,0.0,0.4,0.0001130630684332704,-2.2072073120439243e-05,30,185
COL16A1,71,0.0002934272439839939,0.00016666667458290854,-6.338028470054269e-05,3.4480803031936422,10,0.0007533333333333333,0.000619047619047619,0.3333333333333333,0.00011261261796142469,-2.4324325479667733e-05,30,185
GLDN,52,0.00040064104467045324,0.0,1.2820513429454524e-05,3.449832163528816,10,0.001120916117950186,0.00026666666666666657,0.3333333333333333,0.00011261261796142469,3.603603774765596e-06,30,185
MARVELD3,57,0.0003640351050100371,0.0,0.00011257310476213997,3.623619168405611,10,0.000711709132550816,0.0,0.3333333333333333,0.000112162167489579,3.4684686332118805e-05,30,185
PTGER2,61,0.0003401639505831494,0.0,1.3661202834664783e-06,3.3012368901156495,9,0.0005755102040816327,0.0,0.3,0.000112162167489579,4.5045047184570366e-07,30,185
CCL3,104,0.0001995192402458857,0.0,-1.842948805484085e-05,3.16941754059774,18,0.00047488946146260775,0.0,0.6,0.000112162167489579,-1.0360360852451074e-05,30,185
BCL11A,86,0.00024063308634605736,0.0,6.427648882228202e-05,3.5446059457667993,13,0.0005790628876801221,0.0,0.43333333333333335,0.00011186186716627532,2.987988129035813e-05,30,185
CYP2S1,122,0.00016871585500810823,0.0,-1.7076503543330798e-05,3.632400305283201,20,0.000401631835098769,0.0,0.6666666666666666,0.00011126126654588759,-1.1261261796142473e-05,30,185
FDCSP,54,0.00037654322740207944,6.944444612599909e-05,-0.00027674898421851756,3.203861369568611,8,0.0006855522269027852,0.00025,0.26666666666666666,0.00010990991502547184,-8.078078458270242e-05,30,185
TCN1,185,0.0001094594646585048,0.0,-1.4864865570908058e-05,3.422525672441341,30,0.00025730463193961617,0.0,1.0,0.0001094594646585048,-1.4864865570908058e-05,30,185
FAM83A,66,0.0003068181963912635,0.0,2.6515152774553644e-05,3.6518592356320374,12,0.0008133428473107832,0.00030060120240480955,0.4,0.0001094594646585048,9.459459908759678e-06,30,185
LPAR6,154,0.0001312229499556991,0.0,-9.22619091441101e-05,3.328388551858384,25,0.0004352876302054659,0.0,0.8333333333333334,0.00010923423942258194,-7.680180544969164e-05,30,185
CT83,39,0.000517094041654665,0.0,0.0003076923223069081,3.244293333079496,7,0.0008577154308617235,0.0,0.23333333333333334,0.00010900901418665912,6.486486794578063e-05,30,185
LETM2,40,0.0005020833571810119,0.00020833334322863567,-0.0002812500133586582,3.420235718403199,8,0.0013978743200687089,0.0011880904666475805,0.26666666666666666,0.00010855856371481341,-6.081081369916934e-05,30,185
MGMT,24,0.0008333333729145428,0.0006666666983316342,-5.555555819430287e-05,3.748598530761246,4,0.0020020040080160322,0.002,0.13333333333333333,0.00010810811324296771,-7.207207549531184e-06,30,185
SPOCK1,37,0.0005382883138556101,0.0,0.00013288288919448111,3.3403370988312817,6,0.0010911441931482013,0.0002857142857142857,0.2,0.00010765766277112202,2.6576577838896226e-05,30,185
PIP,66,0.00029924243845567673,0.0,-8.964646890444324e-05,3.1603969050008685,12,0.000626077097505669,0.0,0.4,0.00010675676182743061,-3.198198350104461e-05,30,185
NELL2,79,0.000247890307132807,0.0,-0.00010021097522390073,3.3494214233563406,12,0.0007146197156217196,0.0,0.4,0.00010585586088373921,-4.2792794825341394e-05,30,185
FRZB,31,0.0006290322879419452,0.0006666666983316342,-6.451613209660979e-05,3.304120433840099,4,0.00215,0.002585714285714286,0.13333333333333333,0.00010540541041189351,-1.0810811324296776e-05,30,185
GSTM3,17,0.0011470588780117825,0.0007500000356230885,-0.0011470588780117825,3.415314142536403,3,0.004662849508540891,0.0054285714285714284,0.1,0.00010540541041189351,-0.00010540541041189351,30,185
SOX18,44,0.0004393939602640316,0.00016666667458290854,9.090909522704102e-05,3.2978198883345082,6,0.0012745672751398487,0.0005720011451474378,0.2,0.00010450450946820211,2.162162264859354e-05,30,185
ORM1,86,0.0002248062122281092,8.333333729145427e-05,-0.00012403101364309472,3.2882032710321987,15,0.0008447116455132488,0.0005714285714285715,0.5,0.00010450450946820211,-5.765766039624944e-05,30,185
RYR2,56,0.0003437500163272489,0.0,-0.00019196429483210004,3.2843420926950904,9,0.0007587301587301588,0.0,0.3,0.00010405405899635641,-5.810811086809514e-05,30,185
FLRT3,86,0.00022383721993402252,0.0,-7.655039123284753e-05,3.5074972574922527,14,0.0006011301514593813,0.0,0.4666666666666667,0.00010405405899635641,-3.55855872758102e-05,30,185
ACP7,23,0.0008333333729145428,0.0008333333729145428,0.00026811595476380944,3.233945399865632,3,0.0022040080160320636,0.002004008016032064,0.1,0.00010360360852451073,3.333333491658171e-05,30,185
FZD8,20,0.0009541667119871514,0.0005000000237487257,-8.750000415602702e-05,3.4937277704021943,3,0.0033386773547094185,0.002,0.1,0.00010315315805266501,-9.459459908759678e-06,30,185
ANO1,21,0.0009047619477357893,0.00116666672208036,-0.00025396826603109877,3.44217566009874,3,0.0020000000000000005,0.002,0.1,0.00010270270758081933,-2.8828830198124726e-05,30,185
CHST10,16,0.0011770833892417916,0.0008750000415602699,-0.00058333336104018,3.466541088479062,4,0.0030421461971562175,0.00367000668002672,0.13333333333333333,0.00010180180663712793,-5.045045284671827e-05,30,185
DIO2,47,0.00039893618916121725,0.0002500000118743628,5.141844215855689e-05,3.284609385919805,8,0.0012431696726786907,0.0006666666666666666,0.26666666666666666,0.00010135135616528223,1.3063063683525264e-05,30,185
TMTC1,20,0.0009291667107997152,0.0009166667102059971,-0.0003375000160303898,3.3355067324450838,3,0.002191812195820212,0.002004008016032064,0.1,0.00010045045522159084,-3.64864882195016e-05,30,185
FAM178B,55,0.0003378788039271692,8.333333729145427e-05,-0.00013484849125344422,3.4788974652947258,8,0.0007479244202691097,0.000286286859433152,0.26666666666666666,0.00010045045522159084,-4.0090091994267195e-05,30,185
HOXD13,55,0.00033787880392716914,0.0,4.3939396026403166e-05,3.208320484102782,8,0.0008571428571428572,0.0,0.26666666666666666,0.00010045045522159083,1.3063063683525267e-05,30,185
LYZ,113,0.00016371682193542345,0.0,-1.0324484266197875e-05,3.200526702548196,20,0.0004186315488119095,0.0,0.6666666666666666,0.00010000000474974513,-6.306306605839783e-06,30,185
AGT,64,0.00028645834693937405,0.0,8.593750408181222e-05,3.3225085352133017,11,0.0004935064935064935,0.0,0.36666666666666664,9.909910380605373e-05,2.972973114181612e-05,30,185
ACVRL1,19,0.0009649123265326284,0.0007500000356230885,0.00029824562820099425,3.2118274547870143,3,0.0026349206349206354,0.0019047619047619048,0.1,9.909910380605373e-05,3.063063208550752e-05,30,185
TNFRSF13B,89,0.00020505618951492682,0.0,-0.0001320224781808433,3.110047373817088,15,0.0004661195406686389,0.0,0.5,9.864865333420803e-05,-6.351351653024353e-05,30,185
PCDHB4,83,0.00021987952851600586,0.0,-0.00013955823956038728,3.3956730546110157,14,0.0003608986680844682,0.0,0.4666666666666667,9.864865333420803e-05,-6.261261558655214e-05,30,185
PBX1,53,0.0003432914211616834,0.0,7.704402890814902e-05,3.686189727798304,10,0.0010420408163265306,0.0,0.3333333333333333,9.834835308956335e-05,2.2072073146658908e-05,30,185
CREG2,11,0.0016515152299579122,0.0010000000474974513,-0.0011515152062091863,3.25596100148522,2,0.0037157171485828803,0.0037157171485828803,0.06666666666666667,9.819820286236234e-05,-6.84684717205462e-05,30,185
DNASE1L3,123,0.0001476964839799759,0.0,-6.639566711026439e-05,3.318698914350221,19,0.0003238412377924485,0.0,0.6333333333333333,9.819820286236234e-05,-4.4144146240878486e-05,30,185
FGFBP2,144,0.00012615741339956274,0.0,2.3148149247626186e-05,3.2315701959409986,23,0.0003271719422281416,0.0,0.7666666666666667,9.819820286236234e-05,1.801801887382795e-05,30,185
COL5A1,70,0.0002583333442176115,8.333333729145427e-05,-5.357143139311422e-05,3.3365362130679643,11,0.0005532467532467532,0.0,0.36666666666666664,9.774775186612329e-05,-2.0270271337935113e-05,30,185
CHRDL2,42,0.0004285714489274791,0.0005000000237487257,-0.0001309523871722853,3.314961634532859,7,0.0011628394015335386,0.0014285714285714286,0.23333333333333334,9.729730191867093e-05,-2.972973114181612e-05,30,185
IKZF1,85,0.00021078432373720785,0.0,1.8627451865148604e-05,3.2593630708911694,14,0.0004100737918986661,0.0,0.4666666666666667,9.684685144682522e-05,8.558558965068277e-06,30,185
CYGB,44,0.00040530304955389124,0.00016666667458290854,-0.00017045455355070192,3.2680301923899364,7,0.0011469387755102041,0.0006,0.23333333333333334,9.639640097497953e-05,-4.0540542466112884e-05,30,185
PECAM1,147,0.00012046485783452011,0.0,4.563492230749995e-05,3.3910751588299153,24,0.0004333607006020799,0.0,0.8,9.572072487391598e-05,3.626126259028374e-05,30,185
KANK4,40,0.0004416666876447077,0.0003333333491658171,-0.00020000000949949026,3.242816320203289,5,0.0007819830136463403,0.000572573718866304,0.16666666666666666,9.549550003128815e-05,-4.324324529718708e-05,30,185
GIMAP4,40,0.0004416666876447077,0.0004166666864572714,-0.00014166667339547229,3.229041816533125,6,0.0014609854629894711,0.0017162897223017464,0.2,9.549550003128815e-05,-3.063063208550752e-05,30,185
CKMT1A,73,0.00024086759134927193,0.0,-0.0001289954399169087,3.388235661838262,12,0.00040873015873015874,0.0,0.4,9.504504955944244e-05,-5.090090331856397e-05,30,185
MDH1B,29,0.0006034483045243241,0.0007500000356230885,-5.74712670975547e-06,3.288309816076236,5,0.0009713854920725806,0.0009795918367346938,0.16666666666666666,9.459459908759675e-05,-9.00900943691398e-07,30,185
BHLHE41,6,0.0029166668052008995,0.0029166668052008995,-0.0002500000118743628,3.400818802302027,1,0.0054,0.0054,0.03333333333333333,9.459459908759675e-05,-8.108108493222579e-06,30,185
PLA2G12B,75,0.00023277778883412892,0.0,5.9444447267904044e-05,3.216620274492433,12,0.0003724036625914272,0.0,0.4,9.436937385167389e-05,2.4099100243744882e-05,30,185
TFCP2L1,21,0.0008273809882146972,0.000750000006519258,0.0006686508219452605,3.6383203104091164,4,0.001976277559178336,0.001723607427055703,0.13333333333333333,9.39189229865332e-05,7.590090411270525e-05,30,185
RASD2,65,0.00026666667933265365,0.0,7.692308057672699e-06,3.5493116744732833,11,0.0009736286425665184,0.0,0.36666666666666664,9.369369814390534e-05,2.7027028310741914e-06,30,185
PTGES,21,0.000821428610444335,0.0006666666983316342,-0.00017063492873964446,3.642372411341047,4,0.0014836339345357381,0.0013006012024048097,0.13333333333333333,9.324324767205965e-05,-1.9369370289365045e-05,30,185
NRG4,149,0.00011409396515071592,0.0,-1.0067114572121993e-05,3.348243636451859,24,0.00015992063492063492,0.0,0.8,9.189189625652255e-05,-8.108108493222579e-06,30,185
SP140,22,0.0007727273094298488,0.0005000000237487257,4.545454761352048e-05,3.27451588216677,3,0.0018095238095238095,0.002,0.1,9.189189625652255e-05,5.405405662148381e-06,30,185
CREB3L1,30,0.000563888915672174,0.0005000000237487257,0.00023055556650635682,3.391087756486347,5,0.0015912968794732322,0.002004008016032064,0.16666666666666666,9.144144578467685e-05,3.7387389163193e-05,30,185
SPAG6,11,0.0015227273450529372,0.00116666672208036,-0.00044696971819961834,3.237790617062453,2,0.004235337341349366,0.004235337341349366,0.06666666666666667,9.054054484098546e-05,-2.6576577838896226e-05,30,185
LXN,41,0.0004085366047703002,0.0002500000118743628,0.00024593497103087724,3.6559945312408924,7,0.0010263411176093685,0.0008000000000000004,0.23333333333333334,9.054054484098546e-05,5.4504507093329545e-05,30,185
SPON2,105,0.00015873016626943672,0.0,6.349206650777461e-06,3.401295142057041,16,0.000375250501002004,0.0,0.5333333333333333,9.009009436913977e-05,3.603603774765586e-06,30,185
CCM2L,57,0.00029093568633332284,0.0,0.0002500000118743628,3.225955241930691,8,0.0008099532398129592,0.0,0.26666666666666666,8.963964389729407e-05,7.70270306856145e-05,30,185
ITGA1,29,0.0005689655442657912,0.0,0.00014367816774388668,3.496486768608651,4,0.0013571428571428571,0.0007142857142857143,0.13333333333333333,8.918919342544836e-05,2.2522523592284942e-05,30,185
OSR1,45,0.0003657407581124937,0.0002500000118743628,-4.722222446515742e-05,3.5541924351848277,7,0.0007886970172684459,0.0006666666666666666,0.23333333333333334,8.896396818952551e-05,-1.1486487032065319e-05,30,185
NPTX1,52,0.0003157051432003171,0.0002500000118743628,3.6858976109681715e-05,3.2505592780148613,9,0.000574730413207367,0.0005714285714285715,0.3,8.873874295360265e-05,1.0360360852451075e-05,30,185
COL9A2,31,0.0005282258315409924,0.0005000000237487257,0.00034543012393393145,3.5295629022757677,4,0.0012140018954164486,0.0012728313770397938,0.13333333333333333,8.851351771767981e-05,5.78828856321723e-05,30,185
ST6GALNAC5,20,0.0008166667054562519,0.0009583333788517241,9.166667102059971e-05,3.5314777683889105,3,0.0012829931972789116,0.0014000000000000004,0.1,8.828829248175696e-05,9.909910380605373e-06,30,185
TBX2,19,0.0008552631985175571,0.0006666666983316342,-0.0001184210582562771,3.359820362793098,3,0.002258485224417088,0.002004008016032064,0.1,8.783784200991126e-05,-1.2162162739833865e-05,30,185
VSIG1,5,0.0032500001538816525,0.0025277778962239004,0.0006166666974119531,3.205433243065716,1,0.007271686229602062,0.007271686229602062,0.03333333333333333,8.783784199680143e-05,1.6666667497620354e-05,30,185
ROR1,43,0.00037015505634111086,0.0,0.00018410853587646876,3.4141332989713082,6,0.000734001336005344,0.0,0.2,8.603604012252847e-05,4.2792794825341394e-05,30,185
SPARC,77,0.00020670996652815278,0.0,-6.385281688565977e-05,3.370907172925205,11,0.00039516955989901876,0.0,0.36666666666666664,8.603604012252846e-05,-2.6576577838896226e-05,30,185
PTH2R,126,0.00012566138172621357,0.0,1.9841270764431023e-05,3.29195981997748,21,0.00029698736637512145,0.0,0.7,8.558558971623194e-05,1.3513514142261129e-05,30,185
SERPIND1,44,0.00035795456245647404,4.1666668645727135e-05,-0.00018750000890577212,3.355024192856087,7,0.0005673469387755103,0.0,0.23333333333333334,8.513513917883707e-05,-4.459459671272418e-05,30,185
OVOL2,34,0.00046200982586585675,0.0003333333491658171,4.044117839144104e-05,3.725078748602959,6,0.000949096880131363,0.00028571428571428574,0.2,8.490991394291421e-05,7.432432785454029e-06,30,185
C6orf118,55,0.0002848484983780619,0.00016666667458290854,0.00021818182854489848,3.2124112804965472,10,0.0009701250119286192,0.0006339345357381429,0.3333333333333333,8.468468870699138e-05,6.486486794578063e-05,30,185
KRT74,25,0.0006266666964317362,0.0008333333729145428,0.00012000000569969415,3.189702120735128,4,0.0013527054108216433,0.0017034068136272545,0.13333333333333333,8.468468870699138e-05,1.6216216986445158e-05,30,185
SORCS2,49,0.0003180272259898357,0.0,-4.591836952794419e-05,3.417808107236698,8,0.0004489795918367347,0.0,0.26666666666666666,8.423423823514566e-05,-1.2162162739833866e-05,30,185
SIX3,29,0.0005344827840072585,8.333333729145427e-05,-8.620690064633203e-05,3.2836709826311883,4,0.0013581448611508732,0.001002004008016032,0.13333333333333333,8.378378776329998e-05,-1.3513514155370966e-05,30,185
CRTAC1,92,0.00016757247172738087,0.0,-9.05797144472331e-07,3.2258252527304005,15,0.0004383624391640424,0.0,0.5,8.333333729145427e-05,-4.504504718456997e-07,30,185
DPYD,19,0.0008070175821909256,0.0008333333729145428,7.017544192964571e-05,3.4488119768175634,3,0.0020040080160320644,0.002004008016032064,0.1,8.288288681960858e-05,7.2072075495311815e-06,30,185
BRINP1,111,0.00013663664312652863,0.0,5.480480740789335e-05,3.2849559611756676,18,0.00027143230083593564,0.0,0.6,8.198198587591717e-05,3.288288444473601e-05,30,185
SYT12,59,0.00025282487076559853,0.0,-3.531073614044672e-05,3.441505413754712,10,0.0008033781849413112,0.0,0.3333333333333333,8.063063446038009e-05,-1.1261261796142468e-05,30,185
HOXD1,26,0.0005737179759680891,0.0,-0.00011858974922245416,3.5991032211502056,4,0.001693863918312816,0.0007157171485828801,0.13333333333333333,8.063063446038009e-05,-1.6666667458290856e-05,30,185
ADRA2A,42,0.0003518518681789468,0.0,0.000116402121853926,3.234133984510452,8,0.001027524095810669,0.0002857142857142857,0.26666666666666666,7.987988358657169e-05,2.642642766413455e-05,30,185
NPL,73,0.00020091325155199933,0.0,-2.7397261575272634e-05,3.4403462924942803,11,0.0006375695113170063,0.0,0.36666666666666664,7.927928304484299e-05,-1.0810811324296769e-05,30,185
B3GNT3,26,0.0005608974625386345,0.0005416666923944529,-0.000317307707378999,3.4677673025849787,5,0.001255272449661227,0.0009352037408149634,0.16666666666666666,7.882883257299729e-05,-4.459459671272418e-05,30,185
EFNB3,70,0.0002083333432286357,0.0,-1.3095238717228525e-05,3.538283313399673,11,0.0004802366638037981,0.0,0.36666666666666664,7.882883257299729e-05,-4.954955190302685e-06,30,185
GLB1L3,14,0.0010416667161431785,0.00058333336104018,-0.00032738096793071323,3.2439257512977484,2,0.0031000000000000008,0.0031000000000000008,0.06666666666666667,7.882883257299729e-05,-2.477477595151343e-05,30,185
PDE7B,29,0.0005028735871036034,0.0002500000118743628,6.0344830452432404e-05,3.306527890170445,4,0.001157443458345262,0.0013006012024048097,0.13333333333333333,7.882883257299728e-05,9.459459908759675e-06,30,185
GPC6,46,0.00031340581198742586,0.0003333333491658171,0.0001684782688718532,3.484147764962856,8,0.0006465788720297738,0.0002857142857142857,0.26666666666666666,7.792793162930589e-05,4.189189388164999e-05,30,185
KDR,63,0.00022751323831952597,0.0,-0.00010846561361744842,3.3195372069219133,9,0.0010035126943228863,0.0005999999999999998,0.3,7.747748115746019e-05,-3.69369386913473e-05,30,185
TBX15,7,0.002047619144875734,0.00233333344416072,0.0006190476484508033,3.347741484788384,1,0.004,0.004,0.03333333333333333,7.747748115746019e-05,2.342342453597634e-05,30,185
NID1,77,0.00018614719498870306,0.0,3.679653854427851e-05,3.5017941237420707,14,0.0002557710172531652,0.0,0.4666666666666667,7.747748115746019e-05,1.531531604275376e-05,30,185
SGCG,46,0.00030978262340953654,0.0001250000059371814,8.152174300250962e-05,3.182778818909633,7,0.0009132278161765708,0.0005714285714285714,0.23333333333333334,7.70270306856145e-05,2.0270271233056445e-05,30,185
NTSR1,19,0.0007500000356230885,0.0005000000237487257,0.0005921052912813856,3.185101729372941,3,0.002444444444444445,0.002,0.1,7.70270306856145e-05,6.081081369916934e-05,30,185
SLC24A3,27,0.0005246913829461936,0.0004166666864572714,0.00015432099498417456,3.284567061766626,5,0.0011866666666666666,0.0005714285714285714,0.16666666666666666,7.657658021376879e-05,2.2522523592284935e-05,30,185
CYP4F12,32,0.00044010418757049286,0.0,-0.00021093751001899363,3.1831558350283085,5,0.0012133333333333332,0.0,0.16666666666666666,7.612612974192309e-05,-3.64864882195016e-05,30,185
SLC47A1,109,0.00012920489910326399,0.0,-6.192660844594309e-05,3.440093918161996,19,0.0003460153389485738,0.0,0.6333333333333333,7.612612974192309e-05,-3.64864882195016e-05,30,185
HMGCS2,18,0.00077777781472024,0.00045833335510299855,-0.0002962963103696152,3.1729092015939035,3,0.0015346693386773548,0.002,0.1,7.56756792700774e-05,-2.882883019812472e-05,30,185
EPHX3,55,0.0002530303150485975,8.333333729145427e-05,0.0001863636452154341,3.725512393175477,9,0.0010380613078007867,0.0006,0.3,7.522522879823169e-05,5.540540803702095e-05,30,185
HGD,52,0.00026442308948249917,0.0,7.532051639804522e-05,3.4400204939842096,9,0.0006666666666666666,0.0,0.3,7.43243278545403e-05,2.1171172176747846e-05,30,185
TFF3,87,0.00015708813006664942,0.0,-1.1494253419510935e-05,3.573255041111543,15,0.00042954989343766894,0.0,0.5,7.38738773826946e-05,-5.405405662148385e-06,30,185
NRCAM,57,0.00023830410488608856,0.0,-4.5321639579562856e-05,3.3041599271210482,9,0.0009038818377495733,0.0,0.3,7.342342691084891e-05,-1.3963964627216663e-05,30,185
KDM5D,39,0.0003461538625952716,0.00016666667458290854,-0.00011538462086509053,3.19326436696097,6,0.0006666666666666666,0.0002857142857142857,0.2,7.29729764390032e-05,-2.4324325479667733e-05,30,185
PLA2G4C,39,0.0003461538625952716,0.0,-0.00016666667458290854,3.4578555386774417,6,0.0006673346693386774,0.0,0.2,7.29729764390032e-05,-3.513513680396451e-05,30,185
IFNE,61,0.00022131148592156709,0.0,-4.098360850399391e-05,3.3022395296538223,10,0.0005005153163469796,0.0,0.3333333333333333,7.29729764390032e-05,-1.3513514155370964e-05,30,185
PDGFRA,22,0.000613636392782527,0.00016666667458290854,-0.00021969698013201577,3.2145208167862624,3,0.0011836734693877551,0.0009795918367346938,0.1,7.29729764390032e-05,-2.6126127367050524e-05,30,185
DNAI1,78,0.00017200855517851462,0.0,-2.8846155216272633e-05,3.2083654988722494,14,0.0006008847627227245,0.0,0.4666666666666667,7.252252596715752e-05,-1.2162162739833866e-05,30,185
CRYAB,28,0.00047916668942586205,0.0005000000237487257,-9.226190914411008e-05,3.496712663337299,4,0.0008571428571428571,0.0007142857142857143,0.13333333333333333,7.25225259671575e-05,-1.3963964627216661e-05,30,185
ROPN1L,11,0.0012045455117582935,0.0010833333847889055,0.0005984848769113535,3.304172132081994,2,0.0027142857142857147,0.0027142857142857147,0.06666666666666667,7.162162502346611e-05,3.558558727581021e-05,30,185
LY86,9,0.0014722222921490255,0.0013333333966632683,-0.0008981481908078959,3.231667053551987,1,0.003428571428571429,0.003428571428571429,0.03333333333333333,7.162162502346611e-05,-4.369369576903278e-05,30,185
RNF144B,10,0.001325000062934123,0.0012500000593718141,-0.0005250000249361619,3.7020724246557406,2,0.0027020040080160323,0.0027020040080160323,0.06666666666666667,7.162162502346611e-05,-2.8378379726279024e-05,30,185
BMP5,16,0.00082465282563741,0.0009027778238911802,0.000557291697380909,3.2540936661816873,2,0.0020673469387755103,0.0020673469387755103,0.06666666666666667,7.132132546053275e-05,4.8198200854565105e-05,30,185
CFI,5,0.002633333458409955,0.0026666667933265367,0.00036666668408239867,3.485606827957531,1,0.003979387346120814,0.003979387346120814,0.03333333333333333,7.11711745516204e-05,9.90991038060537e-06,30,185
KCNS1,42,0.0003115079513037695,0.0,-0.00025198413895273074,3.289133286814978,7,0.0008582880045805897,0.0,0.23333333333333334,7.072072407977471e-05,-5.720720992440374e-05,30,185
TMEM163,101,0.00012871287740066204,0.0,-9.900990569281694e-06,3.45640633050099,16,0.000285785857429144,0.0,0.5333333333333333,7.027027360792901e-05,-5.4054056621483845e-06,30,185
NCAM2,26,0.0005000000237487257,0.00037500001781154424,0.00011538462086509053,3.2305616741001675,4,0.001007142857142857,0.0010142857142857143,0.13333333333333333,7.027027360792901e-05,1.6216216986445158e-05,30,185
CKM,47,0.0002748227080888386,0.0,1.95035470256595e-05,3.275582315919802,8,0.000973809523809524,0.0,0.26666666666666666,6.981982313608332e-05,4.954955190302683e-06,30,185
BCHE,92,0.000140398557393211,0.0,2.80797114786422e-05,3.2623636047607216,14,0.0002674287350210625,0.0,0.4666666666666667,6.98198231360833e-05,1.3963964627216661e-05,30,185
UST,11,0.0011742424800159465,0.000916666710205997,-0.0011742424800159465,3.561338146700612,2,0.006371218627731654,0.006371218627731654,0.06666666666666667,6.98198231360833e-05,-6.98198231360833e-05,30,185
SH3GL3,130,9.871795340679969e-05,0.0,7.692308057672706e-06,3.2715698570565674,20,0.00020632284978119503,0.0,0.6666666666666666,6.936937266423761e-05,5.405405662148388e-06,30,185
MAGEB2,68,0.00018750000890577212,0.0,0.00018750000890577212,3.187499407845066,11,0.0006520573614761991,0.0,0.36666666666666664,6.891892219239191e-05,6.891892219239191e-05,30,185
RAB9B,61,0.00020901640337036892,0.0,2.0491804251996957e-05,3.2890990632073094,10,0.00031999999999999997,0.0,0.3333333333333333,6.891892219239191e-05,6.756757077685483e-06,30,185
NME5,61,0.00020901640337036892,0.0,-4.5081969354393294e-05,3.4005458524737304,10,0.0006046302128065655,0.0,0.3333333333333333,6.891892219239191e-05,-1.486486557090806e-05,30,185
FOXD1,37,0.00034459461096195956,0.00016666667458290854,-0.00017117117930136552,3.426616420196232,6,0.0005704545379757874,0.0004236453201970443,0.2,6.891892219239191e-05,-3.42342358602731e-05,30,185
CYP4F22,54,0.00023508231880654937,0.00016666667458290854,1.594650341387562e-05,3.2098028617511467,8,0.0005199454464484525,0.00037777777777777766,0.26666666666666666,6.861862278677658e-05,4.654655050536667e-06,30,185
TGM2,54,0.00023456791237594536,4.1666668645727135e-05,-5.864197809398634e-05,3.5421238435399225,8,0.00046800028628685944,0.0002857142857142857,0.26666666666666666,6.84684717205462e-05,-1.711711793013655e-05,30,185
SESN3,46,0.00027536233191958803,0.0,7.971014871356496e-05,3.611065769741813,7,0.0006530612244897959,0.0,0.23333333333333334,6.84684717205462e-05,1.9819820761210747e-05,30,185
VWA3A,5,0.0025166667862019194,0.0026666667933265367,-0.0009833333800391604,3.175995188115582,1,0.0048571428571428585,0.0048571428571428585,0.03333333333333333,6.801802124870052e-05,-2.6576577838896226e-05,30,185
IGFBP7,58,0.00021551725161583004,8.333333729145427e-05,-6.609195716218788e-05,3.5904916024617894,10,0.0006954671247256419,0.0005714285714285715,0.3333333333333333,6.756757077685482e-05,-2.0720721704902144e-05,30,185
UGT1A7,66,0.00018939394838966882,0.0,-2.777777909715142e-05,3.172134010534546,11,0.0004938708586003176,0.0,0.36666666666666664,6.756757077685482e-05,-9.909910380605372e-06,30,185
MAGED4,89,0.00014044944487323754,0.0,7.677902986403651e-05,3.3943141623752253,14,0.00036734693877551024,0.0,0.4666666666666667,6.756757077685482e-05,3.69369386913473e-05,30,185
IQGAP2,55,0.0002257575864804852,0.0,0.00018333334204119942,3.255886629824732,9,0.0007015873015873016,0.0,0.3,6.711712030500912e-05,5.450450709332956e-05,30,185
SMPDL3B,7,0.0017619048455907477,0.0016666667458290856,0.0010952381472591134,3.4590022871939357,1,0.004,0.004,0.03333333333333333,6.666666983316342e-05,4.144144340980429e-05,30,185
OLFM4,38,0.00032456141892461143,0.0,0.00016666667458290854,3.1875403407415357,6,0.0007623723637751695,0.0005857142857142857,0.2,6.666666983316342e-05,3.42342358602731e-05,30,185
COL7A1,76,0.00016228070946230571,0.0,-7.456140705024856e-05,3.6013052236676506,12,0.0005361437160034355,0.0,0.4,6.666666983316342e-05,-3.063063208550752e-05,30,185
LONRF2,7,0.0017619048455907477,0.0016666667458290856,0.0010952381472591134,3.5799672514648653,1,0.004,0.004,0.03333333333333333,6.666666983316342e-05,4.144144340980429e-05,30,185
PAEP,55,0.00022424243489336788,0.0,6.666666983316342e-05,3.249762450378609,9,0.0005112447116455132,0.0,0.3,6.666666983316342e-05,1.9819820761210747e-05,30,185
TUBA4B,65,0.00018974359875592665,0.0,-2.0512821487127207e-05,3.122684939683972,12,0.0003888888888888889,0.0,0.4,6.666666983316341e-05,-7.20720754953118e-06,30,185
CRABP1,26,0.000471153868532453,0.0005416666923944529,-9.294872236354515e-05,3.2403812348156933,5,0.0008685714285714284,0.0005714285714285714,0.16666666666666666,6.621621936131772e-05,-1.3063063683525264e-05,30,185
LRRIQ1,73,0.0001655251220172722,0.0,-3.538812953472716e-05,3.3871368629227794,12,0.0003895568915608996,0.0,0.4,6.531531841762633e-05,-1.3963964627216663e-05,30,185
SLC16A4,10,0.001208333390726087,0.0008750000415602699,0.0004250000201864168,3.4562713646855583,2,0.003506441454337246,0.003506441454337246,0.06666666666666667,6.531531841762631e-05,2.2972974064130637e-05,30,185
PCDHB12,5,0.002400000113993883,0.002416666781452174,0.002400000113993883,3.3796524447028604,1,0.0057714285714285714,0.0057714285714285714,0.03333333333333333,6.486486794578063e-05,6.486486794578063e-05,30,185
SALL2,11,0.0010909091427244923,0.000916666710205997,0.00010606061109821454,3.5623201835957046,2,0.0037564625850340133,0.0037564625850340133,0.06666666666666667,6.486486794578063e-05,6.306306605839783e-06,30,185
CMPK2,7,0.001690476270769501,0.0019166667577034484,0.0008333333729145428,3.4234025710437286,1,0.0034000000000000002,0.0034000000000000002,0.03333333333333333,6.396396700208923e-05,3.153153302919892e-05,30,185
EPHB1,76,0.00015570176178140142,0.0,-1.9736843042712854e-05,3.3751177486336505,12,0.0002666666666666666,0.0,0.4,6.396396700208923e-05,-8.108108493222579e-06,30,185
MS4A15,51,0.00022875818080007055,0.0,6.535948022859159e-05,3.173250829621,9,0.0005291005291005291,0.0,0.3,6.306306605839782e-05,1.801801887382795e-05,30,185
CD52,23,0.000503623212326615,0.0,-0.00017753624031657654,3.277029795712399,3,0.001142857142857143,0.0,0.1,6.261261558655214e-05,-2.2072073120439243e-05,30,185
CDH18,60,0.0001930555647252024,8.333333729145427e-05,2.9166668052008994e-05,3.1914086131996773,9,0.0006389859083245857,0.0005714285714285715,0.3,6.261261558655213e-05,9.459459908759673e-06,30,185
BCAS1,147,7.82312962327938e-05,0.0,7.82312962327938e-05,3.428303440192628,24,0.0002858574291440023,0.0,0.8,6.216216511470643e-05,6.216216511470643e-05,30,185
CYTH4,30,0.00038333335154068965,0.0,3.8888890736012e-05,3.187218827327311,5,0.0008,0.0,0.16666666666666666,6.216216511470643e-05,6.306306605839783e-06,30,185
MPZL2,5,0.0022500001068692654,0.002416666781452174,-0.0017500000831205398,3.6751983040626497,1,0.004571428571428572,0.004571428571428572,0.03333333333333333,6.081081369916934e-05,-4.7297299543798373e-05,30,185
LRRN4,29,0.00038505748955361635,0.0003333333491658171,-4.022988696828827e-05,3.3724037113417387,5,0.0009613627254509019,0.0014000000000000002,0.16666666666666666,6.0360363227323644e-05,-6.3063066058397826e-06,30,185
LRFN5,13,0.0008525641430587246,0.0007500000356230885,0.00014743590443872678,3.1759563673848117,2,0.0012857142857142856,0.0012857142857142856,0.06666666666666667,5.990991275547794e-05,1.0360360852451072e-05,30,185
RHCG,83,0.00013253012677677065,0.0,-0.00010441767564230415,3.2978862342811515,13,0.00041840751099268136,0.0,0.43333333333333335,5.945946228363224e-05,-4.684684907195267e-05,30,185
NES,50,0.00021666667695778113,0.0,3.333333491658171e-05,3.322484179419872,9,0.0006007570696949454,0.0,0.3,5.855856133994084e-05,9.009009436913976e-06,30,185
TP63,51,0.00021241831074292268,0.0,8.496732429716908e-05,3.5747148398666355,8,0.00039300028628685946,0.0,0.26666666666666666,5.855856133994084e-05,2.342342453597634e-05,30,185
ZMYND10,25,0.00043000002042390404,0.0004166666864572714,-0.00010333333824140332,3.3384564062737443,4,0.000857443458345262,0.0010006012024048098,0.13333333333333333,5.810811086809514e-05,-1.3963964627216666e-05,30,185
ITK,76,0.0001392543925791407,0.0,7.346491577009784e-05,3.2016803537928715,12,0.00018988897334899684,0.0,0.4,5.720720992440375e-05,3.018018161366182e-05,30,185
COL4A3,42,0.00025198413895273074,8.333333729145427e-05,-7.341270189961447e-05,3.3021731535599033,7,0.0009400842501329189,0.000572573718866304,0.23333333333333334,5.720720992440374e-05,-1.6666667458290853e-05,30,185
GTSF1,17,0.0006127451271430461,0.0005000000237487257,-0.00017156863560005293,3.159368529880822,3,0.0016104780990552536,0.0014314342971657602,0.1,5.6306308980712346e-05,-1.576576651459946e-05,30,185
CD274,18,0.0005787037311906546,0.00045833335510299855,-0.0002546296417238881,3.418121328891246,3,0.0017333333333333333,0.002,0.1,5.6306308980712346e-05,-2.4774775951513435e-05,30,185
CHST6,51,0.0002026143887086339,0.0,-3.2679740114295794e-05,3.5823077548912026,9,0.0004447625409549257,0.0,0.3,5.5855858508866644e-05,-9.009009436913974e-06,30,185
TTC29,48,0.00021296297351606577,0.0,9.953704213532749e-05,3.176674472071537,9,0.0006275132275132276,0.0,0.3,5.5255257993357606e-05,2.582582714862551e-05,30,185
P2RX7,8,0.0012500000593718141,0.0010000000474974513,0.0008333333729145428,3.3192151229364435,1,0.004,0.004,0.03333333333333333,5.4054056621483856e-05,3.6036037747655904e-05,30,185
LRRN1,66,0.00015151515871173504,0.0,1.5151515871173505e-05,3.4137955049136552,12,0.000286032382224767,0.0,0.4,5.4054056621483856e-05,5.405405662148385e-06,30,185
ARHGAP15,25,0.0004000000189989805,0.0,-0.00021333334346612296,3.1835284078365227,3,0.0009523809523809524,0.0,0.1,5.4054056621483856e-05,-2.8828830198124726e-05,30,185
STX19,34,0.00029166668052008993,0.0,9.55882398343152e-05,3.610138692256791,6,0.0010008588605782997,0.0007142857142857143,0.2,5.3603606149638154e-05,1.7567568401982253e-05,30,185
TNIP3,37,0.0002657657783889623,0.0,-7.65765802137688e-05,3.22173663706407,6,0.0009037878713091207,0.00013793103448275863,0.2,5.315315567779246e-05,-1.531531604275376e-05,30,185
LDB2,17,0.0005784314000230355,0.0005000000237487257,-0.0001568627525486198,3.2123305123328842,3,0.0023857238286096004,0.002004008016032064,0.1,5.315315567779246e-05,-1.441441509906236e-05,30,185
GREB1L,14,0.0007023809857422575,0.0006666666983316342,-8.33333372914543e-05,3.4860095532400126,2,0.0013,0.0013,0.06666666666666667,5.315315567779246e-05,-6.306306605839784e-06,30,185
FAM83C,42,0.00023015874109068326,0.0,0.0001507936579559649,3.192862045191894,6,0.00033829563889684126,0.0,0.2,5.225225473410107e-05,3.423423586027311e-05,30,185
RPRM,5,0.0019166667577034484,0.0019166667577034484,-0.0003833333515406897,3.4040554655396376,1,0.0034000000000000007,0.0034000000000000007,0.03333333333333333,5.1801804262255367e-05,-1.0360360852451072e-05,30,185
LSAMP,13,0.0007371795221936338,0.0006666666983316342,-0.0007371795221936338,3.2009989012669156,2,0.002048191621337914,0.002048191621337914,0.06666666666666667,5.180180426225535e-05,-5.180180426225535e-05,30,185
MAGEC2,5,0.0019000000902451575,0.001500000071246177,0.00010000000474974513,3.2142540776096107,1,0.004008016032064128,0.004008016032064128,0.03333333333333333,5.1351353790409665e-05,2.7027028310741926e-06,30,185
RHBDL3,61,0.00015528233895362024,0.0,-8.06010967642807e-05,3.192430097224913,9,0.0003824065364288668,0.0,0.3,5.1201203654977485e-05,-2.6576577852006063e-05,30,185
COL1A1,23,0.0004094203093014928,0.0003333333491658171,-0.0001557971088492406,3.546152638228162,3,0.0011015873015873016,0.0014000000000000002,0.1,5.090090331856397e-05,-1.9369370289365048e-05,30,185
AMTN,54,0.00017438272433211726,0.0,3.858024874604365e-05,3.1428811945163395,8,0.0002380952380952381,0.0,0.26666666666666666,5.090090331856396e-05,1.1261261796142471e-05,30,185
RNF175,31,0.0003010752831175122,0.0,-6.98924764379939e-05,3.352070466123491,5,0.001315316346979674,0.0,0.16666666666666666,5.045045284671827e-05,-1.1711712267988168e-05,30,185
CFAP100,65,0.00014358975040989043,0.0,-6.153846446138162e-05,3.148732971774458,12,0.0002701752711772752,0.0,0.4,5.045045284671826e-05,-2.162162264859354e-05,30,185
BEX1,7,0.0013333333966632683,0.0013333333966632683,0.0013333333966632683,3.112902756267218,1,0.004008016032064128,0.004008016032064128,0.03333333333333333,5.045045284671826e-05,5.045045284671826e-05,30,185
VXN,8,0.0011458333877574962,0.0014583334026004497,-0.00043750002078013495,3.2447104251710326,1,0.003,0.003,0.03333333333333333,4.954955190302686e-05,-1.891891981751935e-05,30,185
HOXA11,12,0.0007638889251716641,0.0005000000237487257,0.0002083333432286357,3.218080557013854,2,0.0019549575341158507,0.0019549575341158507,0.06666666666666667,4.954955190302686e-05,1.3513514155370964e-05,30,185
CCN5,8,0.0011250000534346327,0.0012500000593718141,0.0009375000445288606,3.2345059764201376,1,0.0026666666666666666,0.0026666666666666666,0.03333333333333333,4.8648650959335466e-05,4.054054246611289e-05,30,185
KPRP,27,0.0003333333491658171,0.0002500000118743628,-0.00017901235418164255,3.2248432057589196,4,0.0008016032064128255,0.0006012024048096191,0.13333333333333333,4.8648650959335466e-05,-2.6126127367050534e-05,30,185
AGR2,54,0.00016512346463306681,0.0,3.240740894667667e-05,3.6587387028952296,9,0.0002888888888888889,0.0,0.3,4.819820048748978e-05,9.459459908759676e-06,30,185
GPR63,19,0.0004692982679045057,0.0005000000237487257,-0.00010964912801507145,3.4030489176137406,3,0.0011111111111111111,0.0013333333333333333,0.1,4.819820048748978e-05,-1.1261261796142473e-05,30,185
GJB2,36,0.00024768519694960017,8.333333729145427e-05,3.9351853720964524e-05,3.730548077473669,7,0.0010259621283383092,0.0005725737188663041,0.23333333333333334,4.8198200487489764e-05,7.65765802137688e-06,30,185
STK32A,54,0.00016358025468322503,0.0001250000059371814,-0.00012654321588702314,3.38542857218381,9,0.00045422909310684857,0.0005714285714285714,0.3,4.774775001564406e-05,-3.69369386913473e-05,30,185
PRMT8,45,0.00019259260174024992,0.0,-6.666666983316342e-05,3.184376966558445,7,0.00036791951249437644,0.0,0.23333333333333334,4.684684907195268e-05,-1.6216216986445158e-05,30,185
FSTL1,16,0.0005416666923944529,0.0005416666923944529,0.00018750000890577215,3.6644049158873027,2,0.0013,0.0013,0.06666666666666667,4.684684907195268e-05,1.6216216986445158e-05,30,185
RSAD2,11,0.0007878788253010222,0.0008333333729145428,0.00012121212696938805,3.520082410143526,2,0.0020040080160320644,0.0020040080160320644,0.06666666666666667,4.684684907195267e-05,7.2072075495311815e-06,30,185
CDKN2B,30,0.00028611112470065965,0.00016666667458290854,-2.5000001187436276e-05,3.519914090776759,4,0.0006738095238095238,0.0006333333333333332,0.13333333333333333,4.639639860010697e-05,-4.054054246611288e-06,30,185
EFHC2,5,0.0017000000807456672,0.0017500000831205398,-0.0009000000427477062,3.378878026029372,1,0.0027333333333333337,0.0027333333333333337,0.03333333333333333,4.5945948128261274e-05,-2.4324325479667733e-05,30,185
CATSPER1,45,0.0001888888978606297,0.0,3.703703879620187e-06,3.365759606625919,7,0.0005720011451474377,0.0,0.23333333333333334,4.5945948128261274e-05,9.009009436913968e-07,30,185
PRRG1,15,0.000566666693581889,0.0008333333729145428,0.00010000000474974513,3.6274750861947656,2,0.001,0.001,0.06666666666666667,4.5945948128261274e-05,8.108108493222579e-06,30,185
SUSD2,53,0.0001588050389893751,0.0,1.572327118706687e-06,3.611197970482878,9,0.0002888888888888889,0.0,0.3,4.549549765641557e-05,4.504504718456996e-07,30,185
GJB7,43,0.00019379845881733554,0.00016666667458290854,8.139535270328092e-05,3.296084546474969,6,0.0006967706622879036,0.00013793103448275863,0.2,4.5045047184569884e-05,1.891891981751935e-05,30,185
TENM4,60,0.00013750000653089955,0.0,3.7500001781154424e-05,3.4660489702357924,10,0.0006505964309571524,0.0,0.3333333333333333,4.459459671272418e-05,1.2162162739833866e-05,30,185
ALDH7A1,22,0.00037500001781154424,0.0,-0.0001931818273574622,3.778067870641914,3,0.00047714476572192005,0.0,0.1,4.459459671272418e-05,-2.2972974064130637e-05,30,185
VASN,19,0.0004342105469396828,0.0002500000118743628,-0.00018859650018592284,3.5363587517045745,3,0.001145147437732608,0.0014314342971657602,0.1,4.459459671272418e-05,-1.9369370289365048e-05,30,185
FN1,5,0.0016333334109125037,0.001833333420411994,-0.00016666667458290846,3.486507851285934,1,0.004000000000000001,0.004000000000000001,0.03333333333333333,4.414414624087848e-05,-4.5045047184569855e-06,30,185
TMEM71,27,0.00030246915016898216,0.0,5.5555558194302845e-05,3.3557492442633183,5,0.0006857142857142857,0.0,0.16666666666666666,4.414414624087848e-05,8.108108493222577e-06,30,185
CASP14,103,7.847896812884528e-05,0.0,1.3754045960725462e-05,3.1742799250409415,16,0.00020263145338295636,0.0,0.5333333333333333,4.369369576903278e-05,7.657658021376878e-06,30,185
TMPRSS4,16,0.0005052083573294415,0.00016666667458290854,-6.770833654930658e-05,3.4057870943156847,3,0.003053344784807711,0.0005714285714285714,0.1,4.369369576903278e-05,-5.855856133994082e-06,30,185
SRRM3,13,0.0006153846446138162,0.0010000000474974513,0.00015384616115345404,3.3369185748751637,2,0.001002004008016032,0.001002004008016032,0.06666666666666667,4.324324529718708e-05,1.081081132429677e-05,30,185
ZG16B,86,9.302326023232105e-05,0.0,-2.5193799646253616e-05,3.374502415615052,15,0.00037112959204827677,0.0,0.5,4.324324529718708e-05,-1.1711712267988168e-05,30,185
KRT17,24,0.0003333333491658171,0.0,-0.00016666667458290854,3.8730890847797173,3,0.0006666666666666666,0.0,0.1,4.324324529718708e-05,-2.162162264859354e-05,30,185
PCP4,39,0.00020512821487127207,0.0,1.2820513429454504e-05,3.204221501681243,6,0.0004292394312434392,0.0,0.2,4.324324529718708e-05,2.7027028310741926e-06,30,185
DENND2A,45,0.00017777778622176911,0.0,6.296296595354322e-05,3.2792379733533448,7,0.0006820334546644311,0.0,0.23333333333333334,4.324324529718708e-05,1.5315316042753757e-05,30,185
CRLF1,8,0.0010000000474974513,0.0010000000474974513,-0.0005000000237487257,3.221518434100664,1,0.002004008016032064,0.002004008016032064,0.03333333333333333,4.324324529718708e-05,-2.162162264859354e-05,30,185
STON2,5,0.001600000075995922,0.0013333333966632683,0.0010666667173306146,3.3784722172505632,1,0.004008016032064128,0.004008016032064128,0.03333333333333333,4.324324529718708e-05,2.882883019812472e-05,30,185
SNCAIP,33,0.00023989900129358047,0.0,-0.00013888889548575712,3.495294681874799,5,0.000742857142857143,0.0,0.16666666666666666,4.279279482534138e-05,-2.477477595151343e-05,30,185
EPDR1,53,0.000149371076277135,0.0,-9.905660847852112e-05,3.566746246528213,9,0.0005720011451474377,0.0,0.3,4.279279482534138e-05,-2.8378379726279024e-05,30,185
PWWP3B,35,0.0002261904869339473,0.0,-3.0952382422540166e-05,3.2843248523618973,5,0.0005145147437732608,0.0,0.16666666666666666,4.279279482534138e-05,-5.855856133994085e-06,30,185
ID3,17,0.00046078433561157065,0.0005000000237487257,0.0002843137389943734,3.6115211708253887,3,0.0013346693386773547,0.002,0.1,4.234234435349568e-05,2.6126127367050528e-05,30,185
ATP6V1B1,64,0.0001210937557516445,0.0,1.1718750556610757e-05,3.55572149364104,11,0.00029966093020280214,0.0,0.36666666666666664,4.189189388164999e-05,4.054054246611289e-06,30,185
VCAN,34,0.000225490206788641,8.333333729145427e-05,-0.00010784314237717613,3.7176886402787748,5,0.0005333333333333334,0.0005999999999999998,0.16666666666666666,4.144144340980429e-05,-1.9819820761210747e-05,30,185
HHIP,27,0.00028086421087119775,0.0,0.00019444445368006,3.182748722790255,4,0.0007999999999999999,0.0005999999999999998,0.13333333333333333,4.099099293795859e-05,2.8378379726279024e-05,30,185
CCL5,21,0.0003492063657927608,0.0,0.00012698413301554938,3.537602586529426,3,0.0006666666666666666,0.0,0.1,3.963964152242149e-05,1.4414415099062363e-05,30,185
LRP4,11,0.0006666666983316342,0.000916666710205997,-0.0005757576031045932,3.593004781717022,2,0.0018862868594331519,0.0018862868594331519,0.06666666666666667,3.963964152242149e-05,-3.42342358602731e-05,30,185
CDH5,21,0.00034920636579276074,0.0,-3.1746033253887346e-05,3.184669393883421,3,0.0013333333333333333,0.0,0.1,3.963964152242149e-05,-3.6036037747655908e-06,30,185
SLC22A23,15,0.0004833333562904348,0.0004166666864572714,-0.0002944444584298051,3.6686097498349013,3,0.0009437923465979578,0.001402805611222445,0.1,3.918919105057579e-05,-2.3873875007822038e-05,30,185
BPIFB2,61,0.00011885246466158233,0.0,-2.3224044818929885e-05,3.1490517973334535,10,0.00017165760091611794,0.0,0.3333333333333333,3.918919105057579e-05,-7.65765802137688e-06,30,185
SLC2A10,20,0.0003583333503532534,0.00016666667458290854,0.00015833334085376313,3.6638616043960988,3,0.0006988580335273723,0.000668002672010688,0.1,3.8738740578730096e-05,1.7117117930136555e-05,30,185
MUC15,10,0.0007083333669773613,0.0005000000237487257,8.33333372914542e-06,3.4316240051563662,2,0.0027320354995705697,0.0027320354995705697,0.06666666666666667,3.8288290106884394e-05,4.504504718456984e-07,30,185
ECSCR,15,0.00047222224465157423,0.0004166666864572714,1.6666667458290856e-05,3.2709643479643575,2,0.001,0.001,0.06666666666666667,3.8288290106884394e-05,1.3513514155370963e-06,30,185
C1orf115,26,0.00026923078201854456,0.00029166668052008993,-0.00016666667458290854,3.520369709077708,5,0.0012024048096192384,0.001336005344021376,0.16666666666666666,3.78378396350387e-05,-2.3423424535976336e-05,30,185
KCTD14,42,0.00016666667458290854,4.1666668645727135e-05,-0.00010714286223186978,3.60142672532101,7,0.00038522487151173093,0.0,0.23333333333333334,3.78378396350387e-05,-2.4324325479667733e-05,30,185
NT5E,31,0.0002231182901674421,0.0,-4.03225825603811e-05,3.650430118694229,5,0.00031999999999999997,0.0,0.16666666666666666,3.7387389163193004e-05,-6.75675707768548e-06,30,185
CORO2B,8,0.0008437500315873573,0.0006250000248352686,-6.25000005432715e-05,3.227167675046324,1,0.001689655172413793,0.001689655172413793,0.03333333333333333,3.648648785242626e-05,-2.7027027261955243e-06,30,185
SCGB2A2,16,0.0004166666864572714,0.00045833335510299855,0.00023958334471293105,3.1576176299006606,3,0.0012476190476190478,0.0011714285714285713,0.1,3.6036037747655904e-05,2.0720721704902144e-05,30,185
FGFBP1,21,0.00031746033253887343,0.0002500000118743628,-0.0002222222327772114,3.7408839085834638,3,0.001342857142857143,0.002,0.1,3.6036037747655904e-05,-2.5225226423359134e-05,30,185
RASSF9,8,0.0008333333729145427,0.0006666666983316342,-0.00016666667458290857,3.42124854935321,1,0.002,0.002,0.03333333333333333,3.60360377476559e-05,-7.2072075495311815e-06,30,185
PAMR1,23,0.000286231897653256,0.0003333333491658171,2.536232004522522e-05,3.180836964683002,3,0.0005904761904761904,0.0005714285714285714,0.1,3.55855872758102e-05,3.153153302919892e-06,30,185
SLC7A8,22,0.0002992424384556767,0.0,-9.46969741948344e-05,3.3264298570873847,3,0.00047714476572192005,0.0,0.1,3.55855872758102e-05,-1.1261261796142468e-05,30,185
KLHDC7B,14,0.0004642857363381024,0.00016666667458290854,-0.00027380953681477836,3.1805653450690463,2,0.002142857142857143,0.002142857142857143,0.06666666666666667,3.513513680396451e-05,-2.0720721704902144e-05,30,185
ADAM8,8,0.0008020833714302474,0.0007500000356230885,-0.0005104166909101574,3.4337753589519697,1,0.0014000000000000002,0.0014000000000000002,0.03333333333333333,3.4684686332118805e-05,-2.207207312043924e-05,30,185
PTX3,95,6.7543862857284e-05,0.0,-3.070175584421999e-05,3.3596539065551214,16,0.00013162276934822024,0.0,0.5333333333333333,3.4684686332118805e-05,-1.5765766514599456e-05,30,185
WASHC2A,56,0.00011458333877574962,0.0,-5.80357170422628e-05,3.466548636006214,9,0.00017687074829931973,0.0,0.3,3.4684686332118805e-05,-1.7567568401982253e-05,30,185
PRR15L,10,0.0006333333634150525,0.0005000000237487257,0.0003333333491658171,3.4692179355142727,2,0.0019529535260998188,0.0019529535260998188,0.06666666666666667,3.423423586027311e-05,1.801801887382795e-05,30,185
PROS1,23,0.00027536233191958803,0.0,4.34782629346718e-05,3.7170166060230576,3,0.0004761904761904762,0.0,0.1,3.42342358602731e-05,5.405405662148385e-06,30,185
TMEM45A,20,0.00031250001484295353,0.0,0.00013750000653089955,3.5908781991693433,3,0.0006761904761904762,0.0,0.1,3.378378538842741e-05,1.486486557090806e-05,30,185
MPP1,50,0.0001250000059371814,0.0,0.00010500000498723239,3.5603452612492528,8,0.0003251503006012024,0.0,0.26666666666666666,3.378378538842741e-05,2.8378379726279024e-05,30,185
GPC4,19,0.00032894738404521426,0.0,6.578947680904284e-05,3.681166097284173,3,0.0008571428571428571,0.0,0.1,3.378378538842741e-05,6.75675707768548e-06,30,185
TCEAL2,16,0.00037500001781154424,0.0003333333491658171,0.0002708333461972264,3.1450955049100213,2,0.0008862868594331518,0.0008862868594331518,0.06666666666666667,3.2432433972890315e-05,2.3423424535976336e-05,30,185
NPTXR,11,0.0005454545713622462,0.0002500000118743628,-0.00012121212696938805,3.397086685075095,2,0.0012882908674491842,0.0012882908674491842,0.06666666666666667,3.2432433972890315e-05,-7.2072075495311815e-06,30,185
SLC13A5,43,0.00013953489034848157,0.0,-4.6511630116160525e-05,3.278143201599995,7,0.00028571428571428574,0.0,0.23333333333333334,3.2432433972890315e-05,-1.081081132429677e-05,30,185
RUBCNL,42,0.00014285714964249304,0.0,9.126984560492611e-05,3.214376561142851,7,0.0003811159734434856,0.0,0.23333333333333334,3.2432433972890315e-05,2.0720721704902144e-05,30,185
SLC28A3,23,0.0002572463890301414,0.0,9.057971444723289e-05,3.3575389996316622,4,0.000644145433724592,0.00028628685943315205,0.13333333333333333,3.198198350104461e-05,1.1261261796142468e-05,30,185
SNAP25,41,0.0001443089499437379,0.0,9.5528459821911e-05,3.1800325102208684,7,0.00037142857142857143,0.0,0.23333333333333334,3.198198350104461e-05,2.1171172176747846e-05,30,185
MTMR7,16,0.0003645833506501125,4.1666668645727135e-05,-0.00026041667903579463,3.204612122448136,2,0.0012857142857142856,0.0012857142857142856,0.06666666666666667,3.153153302919892e-05,-2.2522523592284942e-05,30,185
RNF157,33,0.00017676768516369088,0.0,-8.585858993664985e-05,3.3656262393363408,5,0.00020408163265306123,0.0,0.16666666666666666,3.153153302919891e-05,-1.5315316042753757e-05,30,185
TFAP2D,15,0.0003888889073601199,0.0,0.0002777777909715142,3.1445751527796753,2,0.0015,0.0015,0.06666666666666667,3.153153302919891e-05,2.2522523592284935e-05,30,185
TCF4,156,3.68589761096817e-05,0.0,6.944444774287856e-06,3.4243951205548413,26,6.597811006628642e-05,0.0,0.8666666666666667,3.1081082557353216e-05,5.855856133994084e-06,30,185
KBTBD11,34,0.00016911765509148072,0.0,-9.068627881717083e-05,3.6101813918703676,5,0.00028000000000000003,0.0,0.16666666666666666,3.1081082557353216e-05,-1.6666667458290856e-05,30,185
CA12,59,9.745763174763297e-05,0.0,6.355932505280411e-05,3.4153392259677338,9,0.00024779718166491717,0.0,0.3,3.1081082557353216e-05,2.0270271233056445e-05,30,185
MAGEA9B,19,0.00030263159332159713,0.00016666667458290854,8.333333729145426e-05,3.1618581091386195,3,0.0014110125011928619,0.002,0.1,3.1081082557353216e-05,8.558558965068276e-06,30,185
CYP4X1,6,0.0009444444893031485,0.0008333333729145428,-0.00016666667458290854,3.3524626382962275,1,0.002,0.002,0.03333333333333333,3.063063208550752e-05,-5.405405662148385e-06,30,185
SPESP1,7,0.0008095238479741273,0.0008333333729145428,0.0005952381235103877,3.135793772476295,1,0.0024204081632653064,0.0024204081632653064,0.03333333333333333,3.063063208550752e-05,2.2522523592284942e-05,30,185
ZNF215,14,0.0003988095427519597,0.00037500001781154424,1.785714370531163e-05,3.3683397260327674,2,0.0003333333333333333,0.0003333333333333333,0.06666666666666667,3.018018161366182e-05,1.3513514155370963e-06,30,185
SULF1,7,0.0007976190855039194,0.000916666710205997,-0.0007976190855039194,3.3425357308681956,1,0.0028000000000000004,0.0028000000000000004,0.03333333333333333,3.018018161366182e-05,-3.018018161366182e-05,30,185
TM4SF18,16,0.0003437500163272489,0.0003333333491658171,0.0003437500163272489,3.237898137541073,2,0.0017000000000000001,0.0017000000000000001,0.06666666666666667,2.972973114181612e-05,2.972973114181612e-05,30,185
TIMD4,44,0.0001250000059371814,0.0,1.8939394838966877e-05,3.1614476224050354,7,0.00016734693877551018,0.0,0.23333333333333334,2.972973114181612e-05,4.504504718456987e-06,30,185
LRCH2,28,0.00019642858075842793,0.0,0.00011309524346697366,3.2374080836045596,4,0.00035714285714285714,0.0,0.13333333333333333,2.972973114181612e-05,1.711711793013655e-05,30,185
ANKRD22,32,0.00017187500816362444,0.0,-1.5625000742147677e-05,3.4781603926801465,6,0.0003333333333333333,0.0,0.2,2.972973114181612e-05,-2.7027028310741926e-06,30,185
ADGRA2,16,0.000338541682746533,0.0001250000059371814,-0.00010937500519503374,3.3224388770116753,2,0.0007959183673469387,0.0007959183673469387,0.06666666666666667,2.927928066997042e-05,-9.459459908759675e-06,30,185
TC2N,39,0.00013888889548575712,0.0,-5.341880595606044e-05,3.553609392994067,7,0.00019047619047619048,0.0,0.23333333333333334,2.9279280669970418e-05,-1.1261261796142471e-05,30,185
GGT5,8,0.0006666666983316342,0.0006666666983316342,-0.0006666666983316342,3.2045214136477616,1,0.002004008016032064,0.002004008016032064,0.03333333333333333,2.882883019812472e-05,-2.882883019812472e-05,30,185
MCOLN2,21,0.00024603175771762694,0.0,-8.73015914481902e-05,3.460994174772385,4,0.00035714285714285714,0.0,0.13333333333333333,2.7927929254433325e-05,-9.909910380605373e-06,30,185
CA11,25,0.00020666667648280658,0.0,6.000000284984707e-05,3.5577102890140977,4,0.00035714285714285714,0.0,0.13333333333333333,2.7927929254433322e-05,8.108108493222577e-06,30,185
LYPD6,5,0.0010000000474974513,0.0010000000474974513,0.00020000000949949026,3.455050542250605,1,0.002,0.002,0.03333333333333333,2.7027028310741928e-05,5.405405662148385e-06,30,185
SPINK7,16,0.00031250001484295353,4.1666668645727135e-05,9.375000445288605e-05,3.2562285732540026,2,0.0002857142857142857,0.0002857142857142857,0.06666666666666667,2.7027028310741928e-05,8.108108493222577e-06,30,185
RIPPLY3,5,0.0010000000474974513,0.0010000000474974513,-0.00020000000949949026,3.493930742804314,1,0.0020000000000000005,0.0020000000000000005,0.03333333333333333,2.7027028310741928e-05,-5.405405662148385e-06,30,185
NOG,8,0.0006145833625244752,0.00058333336104018,0.0003229166820043853,3.1776977520282537,1,0.0005714285714285714,0.0005714285714285714,0.03333333333333333,2.6576577838896226e-05,1.3963964627216661e-05,30,185
SLC16A9,7,0.0007023809857422574,0.0006666666983316342,-0.0007023809857422574,3.6621125458943733,1,0.0017714285714285714,0.0017714285714285714,0.03333333333333333,2.6576577838896226e-05,-2.6576577838896226e-05,30,185
NFE2,18,0.00026851853127246377,0.0,8.333333729145427e-05,3.4928750260858203,3,0.0004008016032064127,0.0,0.1,2.6126127367050528e-05,8.108108493222579e-06,30,185
OLFML2A,45,0.00010555556056917542,0.0,-9.259259699050471e-06,3.6248336039990567,8,0.00030509590609791005,0.0,0.26666666666666666,2.5675676895204832e-05,-2.252252359228493e-06,30,185
AXIN2,21,0.00022619048693394732,0.0003333333491658171,-0.00022619048693394732,3.5849670021742073,3,0.00040040080160320637,0.0006,0.1,2.5675676895204832e-05,-2.5675676895204832e-05,30,185
ZMYND15,5,0.0009500000451225787,0.0010833333847889055,-0.0006500000308733433,3.3626884885763295,1,0.0034354423131978244,0.0034354423131978244,0.03333333333333333,2.5675676895204832e-05,-1.7567568401982253e-05,30,185
MSI1,35,0.00013333333966632685,0.0,-1.9047619952332403e-05,3.299836897183934,5,0.00011999999999999999,0.0,0.16666666666666666,2.5225226423359134e-05,-3.6036037747655895e-06,30,185
SLFN13,7,0.0006666666983316342,0.0006666666983316342,0.0006666666983316342,3.562964771533138,1,0.002004008016032064,0.002004008016032064,0.03333333333333333,2.522522642335913e-05,2.522522642335913e-05,30,185
FLNC,29,0.00015804598451827536,0.0,1.4367816774388675e-05,3.5550580273782346,4,0.00014285714285714287,0.0,0.13333333333333333,2.4774775951513435e-05,2.252252359228495e-06,30,185
FAM184A,6,0.0007500000356230885,0.0007500000356230885,-0.0007500000356230885,3.45323300492224,1,0.0014314342971657602,0.0014314342971657602,0.03333333333333333,2.4324325479667733e-05,-2.4324325479667733e-05,30,185
CCR7,9,0.0005000000237487257,0.0005000000237487257,-0.0005000000237487257,3.1880221997323215,1,0.002,0.002,0.03333333333333333,2.4324325479667733e-05,-2.4324325479667733e-05,30,185
TRABD2A,27,0.00016666667458290854,0.0002500000118743628,0.00016666667458290854,3.463297781841035,4,0.00043658746063555677,0.000286286859433152,0.13333333333333333,2.4324325479667733e-05,2.4324325479667733e-05,30,185
LRP2,13,0.0003333333491658171,0.0003333333491658171,0.00017948718801236304,3.20706918988594,2,0.0002999999999999999,0.0002999999999999999,0.06666666666666667,2.3423424535976336e-05,1.2612613211679565e-05,30,185
HSPB6,15,0.0002888889026103748,8.333333729145427e-05,0.00014444445130518742,3.3797881898383317,2,0.0022047619047619047,0.0022047619047619047,0.06666666666666667,2.3423424535976336e-05,1.171171226798817e-05,30,185
VAX2,22,0.00019696970632525554,0.0,-3.0303031742347016e-05,3.3568049975086054,3,0.000222667557336896,0.0,0.1,2.3423424535976336e-05,-3.603603774765591e-06,30,185
BEND6,3,0.001444444513051874,0.0004166666864572714,-0.0008888889311088457,3.4483945436414234,1,0.0047714476572192,0.0047714476572192,0.03333333333333333,2.3423424535976336e-05,-1.4414415099062363e-05,30,185
KLHL6,65,6.538461849021797e-05,0.0,-1.1538462086509053e-05,3.1945274416176437,11,0.0001949873773521068,0.0,0.36666666666666664,2.2972974064130637e-05,-4.054054246611289e-06,30,185
CLDN3,7,0.0005952381235103877,0.0004166666864572714,0.00040476192398706363,3.5631363968493805,1,0.0014314342971657602,0.0014314342971657602,0.03333333333333333,2.2522523592284942e-05,1.531531604275376e-05,30,185
AADAC,80,5.104166909101574e-05,0.0,1.7708334174434032e-05,3.3082033806577207,13,0.000139384997100428,0.0,0.43333333333333335,2.207207312043924e-05,7.657658021376878e-06,30,185
TMEM171,36,0.0001111111163886057,0.0,3.2407408946676656e-05,3.445563614984675,6,0.0004444444444444445,0.0,0.2,2.162162264859354e-05,6.3063066058397826e-06,30,185
GSPT2,22,0.00018181819045408204,0.0,0.00018181819045408204,3.458320005125067,4,0.0005,0.0,0.13333333333333333,2.162162264859354e-05,2.162162264859354e-05,30,185
ELOVL2,13,0.0002820512954479991,0.0,0.0002820512954479991,3.3168339377367753,2,0.0002857142857142857,0.0002857142857142857,0.06666666666666667,1.9819820761210747e-05,1.9819820761210747e-05,30,185
ZNF85,23,0.00015942029742712992,0.0,0.00015942029742712992,3.475772399615323,4,0.0010010020040080161,0.0010000000000000002,0.13333333333333333,1.9819820761210747e-05,1.9819820761210747e-05,30,185
SOST,7,0.0005000000237487257,0.0005000000237487257,0.0005000000237487257,3.136254957145732,1,0.002004008016032064,0.002004008016032064,0.03333333333333333,1.891891981751935e-05,1.891891981751935e-05,30,185
HLA-DRB5,32,0.00010937500519503374,0.0,-2.083333432286357e-05,3.1376442539951714,5,0.000280561122244489,0.0,0.16666666666666666,1.891891981751935e-05,-3.6036037747655908e-06,30,185
PXDN,8,0.00042708335361870314,0.0003333333491658171,7.291667013002247e-05,3.3791698823078398,1,0.0014000000000000002,0.0014000000000000002,0.03333333333333333,1.846846934567365e-05,3.1531533029198904e-06,30,185
CFB,26,0.00012820513429454504,0.0,-4.170008355713479e-21,3.582925399688813,4,0.0005,0.0,0.13333333333333333,1.8018018873827952e-05,-5.86055228370543e-22,30,185
HOXD10,26,0.00012820513429454502,0.0,-0.00012820513429454502,3.1697845298929384,4,0.00015,0.0,0.13333333333333333,1.801801887382795e-05,-1.801801887382795e-05,30,185
SLC1A7,8,0.00041666668645727134,0.0003333333491658171,-8.333333729145426e-05,3.203395556306967,1,0.0012024048096192382,0.0012024048096192382,0.03333333333333333,1.801801887382795e-05,-3.6036037747655895e-06,30,185
VEPH1,5,0.0006666666983316342,0.0006666666983316342,-0.0006666666983316342,3.2308506355475557,1,0.002004008016032064,0.002004008016032064,0.03333333333333333,1.801801887382795e-05,-1.801801887382795e-05,30,185
RASGRP1,5,0.0006666666983316342,0.0006666666983316342,-0.0006666666983316342,3.345510190324535,1,0.0020040080160320644,0.0020040080160320644,0.03333333333333333,1.801801887382795e-05,-1.801801887382795e-05,30,185
ITPKA,5,0.0006500000308733433,0.0007500000356230885,-0.0002166666769577811,3.5268873211324525,1,0.0014314342971657602,0.0014314342971657602,0.03333333333333333,1.7567568401982253e-05,-5.855856133994084e-06,30,185
DYSF,21,0.00015079365795596486,8.333333729145427e-05,-0.00015079365795596486,3.5068088608004864,3,0.00039087699207939684,0.0005714285714285714,0.1,1.711711793013655e-05,-1.711711793013655e-05,30,185
KHDRBS3,6,0.0005000000237487257,0.0005000000237487257,0.0005000000237487257,3.617882265332412,1,0.002004008016032064,0.002004008016032064,0.03333333333333333,1.6216216986445158e-05,1.6216216986445158e-05,30,185
DOCK2,25,0.00012000000569969415,8.333333729145427e-05,3.333333491658171e-05,3.2592548066919527,4,0.0002999999999999999,0.0002999999999999999,0.13333333333333333,1.6216216986445158e-05,4.504504718456988e-06,30,185
ANXA8,9,0.0003333333491658171,0.0003333333491658171,-0.0003333333491658171,3.2699385449936686,1,0.0014000000000000002,0.0014000000000000002,0.03333333333333333,1.6216216986445158e-05,-1.6216216986445158e-05,30,185
GSTM2,22,0.00013636364284056154,0.0,-6.818182142028076e-05,3.371033010830176,4,0.0006513026052104208,0.0,0.13333333333333333,1.6216216986445158e-05,-8.108108493222577e-06,30,185
TSPAN33,7,0.0004285714489274791,0.0004166666864572714,0.0,3.5411473181630475,1,0.0005714285714285714,0.0005714285714285714,0.03333333333333333,1.6216216986445158e-05,0.0,30,185
SAMD5,23,0.00012801932989268738,0.0,-0.00012801932989268738,3.3808274838048846,4,0.00025396825396825396,0.0,0.13333333333333333,1.5915916689361134e-05,-1.5915916689361134e-05,30,185
DAPK2,30,9.444444893031483e-05,0.0,-9.444444893031483e-05,3.518861779194594,4,0.00029315774405954764,0.0002857142857142857,0.13333333333333333,1.5315316042753757e-05,-1.5315316042753757e-05,30,185
PDE10A,6,0.0004722222446515742,0.0003333333491658171,-0.0003611111282629685,3.3144949723388826,1,0.0005714285714285715,0.0005714285714285715,0.03333333333333333,1.5315316042753757e-05,-1.1711712267988168e-05,30,185
EPN3,5,0.0005500000261235982,0.0002500000118743628,0.00011666667220803602,3.5272190817677354,1,0.0012666666666666668,0.0012666666666666668,0.03333333333333333,1.486486557090806e-05,3.153153302919892e-06,30,185
FAP,23,0.00011594203449245812,0.0,0.00011594203449245812,3.329640682020647,4,0.0005,0.0,0.13333333333333333,1.441441509906236e-05,1.441441509906236e-05,30,185
CLDN2,25,0.00010666667173306147,0.0,0.00010666667173306147,3.2088171460785424,4,0.0007333333333333334,0.00046666666666666677,0.13333333333333333,1.441441509906236e-05,1.441441509906236e-05,30,185
S100A2,6,0.00043055557600584713,0.0005000000237487257,-0.00043055557600584713,3.753045430146732,1,0.0014285714285714286,0.0014285714285714286,0.03333333333333333,1.3963964627216663e-05,-1.3963964627216663e-05,30,185
S1PR3,5,0.0005166666912070166,0.00058333336104018,0.0005166666912070166,3.4494739636443925,1,0.001574577726882336,0.001574577726882336,0.03333333333333333,1.3963964627216663e-05,1.3963964627216663e-05,30,185
MMP13,32,8.072917050109632e-05,0.0,2.604166790357944e-06,3.2739038758800723,5,0.0001142857142857143,0.0,0.16666666666666666,1.3963964627216661e-05,4.504504718456984e-07,30,185
ARMCX1,10,0.0002500000118743628,0.0001250000059371814,-3.333333491658171e-05,3.4991670563792305,2,0.0005720011451474377,0.0005720011451474377,0.06666666666666667,1.3513514155370964e-05,-1.8018018873827954e-06,30,185
DNER,5,0.0005000000237487257,0.0005000000237487257,0.0005000000237487257,3.490859658452144,1,0.0020040080160320644,0.0020040080160320644,0.03333333333333333,1.3513514155370964e-05,1.3513514155370964e-05,30,185
VSNL1,35,7.142857482124652e-05,0.0,7.142857482124652e-05,3.359005087413358,5,0.0004008016032064129,0.0,0.16666666666666666,1.3513514155370964e-05,1.3513514155370964e-05,30,185
PLA2G10,8,0.00031250001484295353,0.0005000000237487257,0.00031250001484295353,3.593330632952821,2,0.001002004008016032,0.001002004008016032,0.06666666666666667,1.3513514155370964e-05,1.3513514155370964e-05,30,185
NPY,8,0.00031250001484295353,0.0,-0.00031250001484295353,3.1910118269906214,2,0.001002004008016032,0.001002004008016032,0.06666666666666667,1.3513514155370964e-05,-1.3513514155370964e-05,30,185
CDH17,7,0.0003452381116360249,0.0004166666864572714,-0.0003452381116360249,3.136209608240726,1,0.0008000000000000003,0.0008000000000000003,0.03333333333333333,1.3063063683525267e-05,-1.3063063683525267e-05,30,185
SPINK6,8,0.00030208334768152173,0.0003333333491658171,-0.00030208334768152173,3.160307686308254,1,0.001173776123675923,0.001173776123675923,0.03333333333333333,1.3063063683525264e-05,-1.3063063683525264e-05,30,185
MFNG,20,0.00011250000534346327,8.333333729145427e-05,-4.5833335510299854e-05,3.4547233647106337,3,0.0004672010688042752,0.0005999999999999998,0.1,1.2162162739833866e-05,-4.954955190302687e-06,30,185
MRC2,9,0.0002500000118743628,0.00016666667458290854,-0.0002500000118743628,3.3430714879502634,1,0.0005714285714285714,0.0005714285714285714,0.03333333333333333,1.2162162739833866e-05,-1.2162162739833866e-05,30,185
NWD1,13,0.0001730769312976358,8.333333729145427e-05,-8.333333729145428e-05,3.268680638220972,2,0.000286286859433152,0.000286286859433152,0.06666666666666667,1.2162162739833866e-05,-5.855856133994085e-06,30,185
TMOD1,15,0.00014444445130518742,0.0,-0.00014444445130518742,3.412983970740436,2,0.000286286859433152,0.000286286859433152,0.06666666666666667,1.171171226798817e-05,-1.171171226798817e-05,30,185
SLC46A3,5,0.0004166666864572714,0.0004166666864572714,0.00015000000712461772,3.469313602455531,1,0.0008016032064128259,0.0008016032064128259,0.03333333333333333,1.1261261796142471e-05,4.054054246611289e-06,30,185
RSPO3,11,0.0001893939483896688,0.0,-6.818182142028077e-05,3.2655839265171025,2,0.0006000000000000001,0.0006000000000000001,0.06666666666666667,1.1261261796142468e-05,-4.054054246611289e-06,30,185
FSTL5,10,0.00020000000949949026,0.0,-0.00020000000949949026,3.175255473623529,2,0.0007014028056112225,0.0007014028056112225,0.06666666666666667,1.081081132429677e-05,-1.081081132429677e-05,30,185
LRRC31,31,6.451613209660976e-05,0.0,3.763441038968902e-05,3.1902171378541686,5,0.0002285714285714286,0.0,0.16666666666666666,1.081081132429677e-05,6.3063066058397826e-06,30,185
EPHX4,5,0.0003833333515406897,0.0004166666864572714,0.00011666667220803602,3.596005035099684,1,0.000668002672010688,0.000668002672010688,0.03333333333333333,1.0360360852451072e-05,3.153153302919892e-06,30,185
OLR1,22,8.333333729145428e-05,0.0,4.545454761352051e-05,3.297828658397117,4,0.00014314342971657602,0.0,0.13333333333333333,9.909910380605373e-06,5.405405662148385e-06,30,185
CAPN9,8,0.00022916667755149925,0.0002500000118743628,0.00022916667755149925,3.3683803120072917,1,0.0005725737188663041,0.0005725737188663041,0.03333333333333333,9.909910380605373e-06,9.909910380605373e-06,30,185
PHEX,5,0.0003611111256759614,0.00047222224141781527,-0.00015000000712461767,3.328509588256351,1,0.0010224530694041144,0.0010224530694041144,0.03333333333333333,9.759760153404362e-06,-4.0540542466112885e-06,30,185
PTGIS,7,0.00022619048693394732,0.0002500000118743628,0.00022619048693394732,3.1867087898868465,1,0.0005714285714285715,0.0005714285714285715,0.03333333333333333,8.558558965068276e-06,8.558558965068276e-06,30,185
HRCT1,12,0.00013194445071146925,8.333333729145427e-05,-9.027778206574213e-05,3.3374082881805074,2,0.0006339345357381429,0.0006339345357381429,0.06666666666666667,8.558558965068276e-06,-5.855856133994084e-06,30,185
AOX1,7,0.00022619048693394732,0.0002500000118743628,-0.00022619048693394732,3.2195947092556803,1,0.0005714285714285714,0.0005714285714285714,0.03333333333333333,8.558558965068276e-06,-8.558558965068276e-06,30,185
ESPN,97,1.2886598550224889e-05,0.0,1.2886598550224889e-05,3.5825597454629583,16,5.010020040080162e-05,0.0,0.5333333333333333,6.756757077685482e-06,6.756757077685482e-06,30,185
LPAR5,12,9.722222684002998e-05,0.00016666667458290854,-9.722222684002998e-05,3.637210121901473,2,0.001002004008016032,0.001002004008016032,0.06666666666666667,6.3063066058397826e-06,-6.3063066058397826e-06,30,185
SPRR4,28,4.1666668645727135e-05,0.0,4.1666668645727135e-05,3.1748450771940853,4,0.00014285714285714287,0.0,0.13333333333333333,6.3063066058397826e-06,6.3063066058397826e-06,30,185
SERP2,10,0.00010833333847889055,8.333333729145427e-05,-0.00010833333847889055,3.4323147371504072,2,0.00028628685943315205,0.00028628685943315205,0.06666666666666667,5.855856133994084e-06,-5.855856133994084e-06,30,185
HDC,14,7.738095605635039e-05,8.333333729145427e-05,7.738095605635039e-05,3.3222591184946633,2,0.00028571428571428574,0.00028571428571428574,0.06666666666666667,5.855856133994084e-06,5.855856133994084e-06,30,185
UPK1A,6,0.00016666667458290854,0.00016666667458290854,0.00016666667458290854,3.3974602532384015,1,0.0005725737188663041,0.0005725737188663041,0.03333333333333333,5.405405662148385e-06,5.405405662148385e-06,30,185
BATF3,8,0.0001250000059371814,0.0001250000059371814,0.0001250000059371814,3.519290935562134,1,0.00031034482758620686,0.00031034482758620686,0.03333333333333333,5.405405662148385e-06,5.405405662148385e-06,30,185
KLK6,5,0.0001500000071246177,0.00016666667458290854,0.0001500000071246177,3.2985871772248485,1,0.000572573718866304,0.000572573718866304,0.03333333333333333,4.054054246611289e-06,4.054054246611289e-06,30,185
CEBPA,23,3.260869720100385e-05,0.0,3.260869720100385e-05,3.67638642735443,4,0.00014314342971657602,0.0,0.13333333333333333,4.054054246611289e-06,4.054054246611289e-06,30,185
TDRD10,13,5.7692310432545266e-05,0.0,5.7692310432545266e-05,3.1833116694506893,2,0.000334001336005344,0.000334001336005344,0.06666666666666667,4.054054246611289e-06,4.054054246611289e-06,30,185
ZNF83,14,4.761904988083101e-05,0.0,-4.761904988083101e-05,3.5893082321947287,2,0.0003333333333333333,0.0003333333333333333,0.06666666666666667,3.60360377476559e-06,-3.60360377476559e-06,30,185
RGS4,16,4.1666668645727135e-05,0.0,4.1666668645727135e-05,3.2640423658508713,3,0.00019999999999999996,0.0,0.1,3.60360377476559e-06,3.60360377476559e-06,30,185
STOX2,12,4.861111342001499e-05,0.0,-4.861111342001499e-05,3.705972157422952,2,0.00030060120240480966,0.00030060120240480966,0.06666666666666667,3.1531533029198913e-06,-3.1531533029198913e-06,30,185
MN1,11,5.303030554910726e-05,0.0,-5.303030554910726e-05,3.397521088960254,2,0.00030000000000000003,0.00030000000000000003,0.06666666666666667,3.1531533029198913e-06,-3.1531533029198913e-06,30,185
TMSB4Y,11,5.303030554910726e-05,0.0,-5.303030554910726e-05,3.18186828546564,2,0.00028628685943315205,0.00028628685943315205,0.06666666666666667,3.1531533029198913e-06,-3.1531533029198913e-06,30,185
ARHGAP28,7,5.9523812351038765e-05,8.333333729145427e-05,-5.9523812351038765e-05,3.2492724464699947,1,0.0031428571428571434,0.0031428571428571434,0.03333333333333333,2.2522523592284936e-06,-2.2522523592284936e-06,30,185
AADACL2,7,0.0,0.0,0.0,3.186413747911264,1,0.0,0.0,0.03333333333333333,0.0,0.0,30,185
GPR183,8,0.0,0.0,0.0,3.234582945612849,1,0.0,0.0,0.03333333333333333,0.0,0.0,30,185
SPATA18,5,0.0,0.0,0.0,3.443227596999079,1,0.0,0.0,0.03333333333333333,0.0,0.0,30,185
INSL4,5,0.0,0.0,0.0,3.169233101917894,1,0.0,0.0,0.03333333333333333,0.0,0.0,30,185
ACE2,3,0.0,0.0,0.0,3.406740625149986,1,0.0,0.0,0.03333333333333333,0.0,0.0,30,185
CHST9,7,0.0,0.0,0.0,3.174401891916702,1,0.0,0.0,0.03333333333333333,0.0,0.0,30,185
WARS2,8,0.0,0.0,0.0,3.231012139343092,1,0.0,0.0,0.03333333333333333,0.0,0.0,30,185
FAM110C,5,0.0,0.0,0.0,3.274914925159417,1,0.0,0.0,0.03333333333333333,0.0,0.0,30,185
RFTN1,11,0.0,0.0,0.0,3.5980370411460414,2,0.0,0.0,0.06666666666666667,0.0,0.0,30,185
PLA2G2A,14,0.0,0.0,0.0,3.2294682976805515,2,0.0,0.0,0.06666666666666667,0.0,0.0,30,185
FA2H,5,0.0,0.0,0.0,3.4771907046422,1,0.0,0.0,0.03333333333333333,0.0,0.0,30,185
INSYN1,12,0.0,0.0,0.0,3.232128340571389,2,0.0,0.0,0.06666666666666667,0.0,0.0,30,185
LHX2,7,0.0,0.0,0.0,3.331567316077423,1,0.0,0.0,0.03333333333333333,0.0,0.0,30,185
LHX1,16,0.0,0.0,0.0,3.1549845925571973,2,0.0,0.0,0.06666666666666667,0.0,0.0,30,185
CH25H,12,0.0,0.0,0.0,3.300265836425666,2,0.0,0.0,0.06666666666666667,0.0,0.0,30,185
PDGFRL,8,0.0,0.0,0.0,3.651178586533864,1,0.0,0.0,0.03333333333333333,0.0,0.0,30,185
PAG1,6,0.0,0.0,0.0,3.4739462952124742,1,0.0,0.0,0.03333333333333333,0.0,0.0,30,185
KRT78,69,0.0,0.0,0.0,3.269966846848298,11,0.0,0.0,0.36666666666666664,0.0,0.0,30,185
LRAT,6,0.0,0.0,0.0,3.2583810176827903,1,0.0,0.0,0.03333333333333333,0.0,0.0,30,185
ABCA3,21,0.0,0.0,0.0,3.605789264659446,3,0.0,0.0,0.1,0.0,0.0,30,185
WFDC5,9,0.0,0.0,0.0,3.222018594806566,1,0.0,0.0,0.03333333333333333,0.0,0.0,30,185
KRT77,7,0.0,0.0,0.0,3.1478442512254428,1,0.0,0.0,0.03333333333333333,0.0,0.0,30,185
WIF1,5,0.0,0.0,0.0,3.2409403274298123,1,0.0,0.0,0.03333333333333333,0.0,0.0,30,185
IRF4,9,0.0,0.0,0.0,3.1946256839034906,1,0.0,0.0,0.03333333333333333,0.0,0.0,30,185
IGFN1,5,0.0,0.0,0.0,3.168784601085396,1,0.0,0.0,0.03333333333333333,0.0,0.0,30,185
ZDHHC15,5,0.0,0.0,0.0,3.2180235147010037,1,0.0,0.0,0.03333333333333333,0.0,0.0,30,185
ELFN2,27,0.0,0.0,0.0,3.3329740113961708,4,0.0,0.0,0.13333333333333333,0.0,0.0,30,185
CGAS,7,0.0,0.0,0.0,3.613645438517917,1,0.0,0.0,0.03333333333333333,0.0,0.0,30,185
PNLIPRP3,7,0.0,0.0,0.0,3.1764285244585824,1,0.0,0.0,0.03333333333333333,0.0,0.0,30,185
CD164L2,5,0.0,0.0,0.0,3.4287938950721277,1,0.0,0.0,0.03333333333333333,0.0,0.0,30,185
AOC1,14,0.0,0.0,0.0,3.2534730858905583,2,0.0,0.0,0.06666666666666667,0.0,0.0,30,185
FGR,25,0.0,0.0,0.0,3.2860020363352045,3,0.0,0.0,0.1,0.0,0.0,30,185
TNFRSF1B,8,0.0,0.0,0.0,3.6322514336102403,1,0.0,0.0,0.03333333333333333,0.0,0.0,30,185
TNFRSF17,9,0.0,0.0,0.0,3.1274953207957727,1,0.0,0.0,0.03333333333333333,0.0,0.0,30,185
PKP1,5,0.0,0.0,0.0,3.2480959609716917,1,0.0,0.0,0.03333333333333333,0.0,0.0,30,185
C1S,7,0.0,0.0,0.0,3.4844641998383947,1,0.0,0.0,0.03333333333333333,0.0,0.0,30,185
FCHO1,8,0.0,0.0,0.0,3.4094662852034707,1,0.0,0.0,0.03333333333333333,0.0,0.0,30,185
TBXAS1,8,0.0,0.0,0.0,3.1878870466544726,1,0.0,0.0,0.03333333333333333,0.0,0.0,30,185
CD36,8,0.0,0.0,0.0,3.3193091955379774,1,0.0,0.0,0.03333333333333333,0.0,0.0,30,185
TMEM233,29,0.0,0.0,0.0,3.1407992791786636,4,0.0,0.0,0.13333333333333333,0.0,0.0,30,185
GABRA3,8,0.0,0.0,0.0,3.310524040290782,1,0.0,0.0,0.03333333333333333,0.0,0.0,30,185
PPP1R9A,15,0.0,0.0,0.0,3.5911737939344963,2,0.0,0.0,0.06666666666666667,0.0,0.0,30,185
SLAIN1,9,0.0,0.0,0.0,3.5198168703152324,1,0.0,0.0,0.03333333333333333,0.0,0.0,30,185
CAVIN2,15,0.0,0.0,0.0,3.3802373542092807,3,0.0,0.0,0.1,0.0,0.0,30,185
FAT2,9,0.0,0.0,0.0,3.1799162539758035,1,0.0,0.0,0.03333333333333333,0.0,0.0,30,185
NOSTRIN,17,0.0,0.0,0.0,3.569778607247104,3,0.0,0.0,0.1,0.0,0.0,30,185
TINAGL1,11,0.0,0.0,0.0,3.5466089173676365,2,0.0,0.0,0.06666666666666667,0.0,0.0,30,185
NOS1,6,0.0,0.0,0.0,3.2494274730149564,1,0.0,0.0,0.03333333333333333,0.0,0.0,30,185
SFMBT2,15,0.0,0.0,0.0,3.2430273907687392,2,0.0,0.0,0.06666666666666667,0.0,0.0,30,185
GZMH,9,0.0,0.0,0.0,3.1651830125845772,1,0.0,0.0,0.03333333333333333,0.0,0.0,30,185
CD3D,19,0.0,0.0,0.0,3.221219028622556,3,0.0,0.0,0.1,0.0,0.0,30,185
SLC22A15,7,0.0,0.0,0.0,3.379268441655107,1,0.0,0.0,0.03333333333333333,0.0,0.0,30,185
OLFML3,27,0.0,0.0,0.0,3.3958243608983025,5,0.0,0.0,0.16666666666666666,0.0,0.0,30,185
DTNA,20,0.0,0.0,0.0,3.490084572895674,3,0.0,0.0,0.1,0.0,0.0,30,185
VGF,8,0.0,0.0,0.0,3.3382012674834987,1,0.0,0.0,0.03333333333333333,0.0,0.0,30,185
SPTSSB,29,0.0,0.0,0.0,3.2739698408865348,4,0.0,0.0,0.13333333333333333,0.0,0.0,30,185
GNG7,7,0.0,0.0,0.0,3.3415011710837854,1,0.0,0.0,0.03333333333333333,0.0,0.0,30,185
ARHGEF6,7,0.0,0.0,0.0,3.419018252049541,1,0.0,0.0,0.03333333333333333,0.0,0.0,30,185
FGG,18,0.0,0.0,0.0,3.236841082878576,3,0.0,0.0,0.1,0.0,0.0,30,185
DNAAF3,12,0.0,0.0,0.0,3.5745062308219278,2,0.0,0.0,0.06666666666666667,0.0,0.0,30,185
SALL4,8,0.0,0.0,0.0,3.4547091021327914,1,0.0,0.0,0.03333333333333333,0.0,0.0,30,185
SUGCT,6,0.0,0.0,0.0,3.46039174517802,1,0.0,0.0,0.03333333333333333,0.0,0.0,30,185
SAMD9L,24,0.0,0.0,0.0,3.5522772864244008,4,0.0,0.0,0.13333333333333333,0.0,0.0,30,185
BAAT,7,0.0,0.0,0.0,3.1399010635167914,1,0.0,0.0,0.03333333333333333,0.0,0.0,30,185
DMRTA1,5,0.0,0.0,0.0,3.381440433550833,1,0.0,0.0,0.03333333333333333,0.0,0.0,30,185
NID2,28,0.0,0.0,0.0,3.2901903270514987,4,0.0,0.0,0.13333333333333333,0.0,0.0,30,185
CDH11,22,0.0,0.0,0.0,3.6539857305140013,3,0.0,0.0,0.1,0.0,0.0,30,185
BLID,17,0.0,0.0,0.0,3.2719870433192426,2,0.0,0.0,0.06666666666666667,0.0,0.0,30,185
RALYL,20,0.0,0.0,0.0,3.135391867242977,3,0.0,0.0,0.1,0.0,0.0,30,185
ATP8A1,6,0.0,0.0,0.0,3.401140438120883,1,0.0,0.0,0.03333333333333333,0.0,0.0,30,185
