"batch.name","slope.control","slope.treatment","angle","auc.control","auc.treatment","abc","TGI","lmm"
"01-1104.BMN-673",84.4244231309525,83.5403309614934,0.884092169459194,20461.068372838,13916.158889625,6544.90948321301,1.81765831712945,-0.0170555649130366
"01-1104.CARBOPLATIN",86.5175139424875,85.6410679372699,0.876446005217545,14039.8000310612,9414.567457625,4625.23257343622,-0.216793156940039,-0.00861189443262061
"01-1104.CDX-011",84.8905541363652,78.243180955335,6.6473731810302,17953.0562598559,9258.5559455,8694.50031435586,1.74607861916892,-0.0363051091775534
"01-1104.CFI-400945",85.4336098099765,39.8683662575692,45.5652435524072,83173.7106483023,21272.4520959695,61901.2585523328,26.1572217172392,-0.0328787056543989
"01-1104.CFI-400945-41.6WEEKLY",84.5533236812781,64.6495658317098,19.9037578495683,41452.7733023023,11781.703967,29671.0693353023,5.57409656666926,-0.030331475246042
"01-1104.CFI-400945-52WEEKLY",85.4336098099765,-37.87728355241,123.310893362386,83173.7106483023,7608.041360375,75565.6692879273,18.3378122167678,-0.0460661004285122
"01-1104.CFI-400945-5DAILY",85.1963000558941,82.8535471707782,2.34275288511591,16676.9195202666,10301.5591639643,6375.36035630229,0.00994940665667437,-0.0177076886857045
"01-1104.CFI-402257",86.2193600033536,84.9634006095593,1.25595939379431,14998.0584951059,10857.9986633333,4140.05983177253,-0.0287673367715075,-0.0190514497193235
"01-1104.CFI-402257-2ON5OFF+PACLITAXEL-15DAILY",86.2193600033536,69.3851747092209,16.8341852941328,14998.0584951059,6243.94613625,8754.11235885587,2.62654475151402,-0.0398989443458272
"01-1104.CX-5461",86.2193600033536,80.4855857549324,5.73377424842123,14998.0584951059,7238.746165375,7759.31232973087,0.940358501097858,-0.0262920309531647
"01-1104.ERIBULIN-EXTRALOW",85.4336098099765,-65.3886292388707,150.822239048847,83173.7106483023,8444.2321145,74729.4785338023,32.8957293283157,-0.0773618491734766
"01-1104.ERIBULIN-LOW",85.4336098099765,-58.0478149979844,143.481424807961,83173.7106483023,3323.27130075,79850.4393475523,16.8822256090013,-0.0679412648118776
"01-1104.EVEROLIMUS",86.704202008109,82.7105447834581,3.99365722465087,13525.1922641561,6265.653785,7259.53847915609,1.176309479036,-0.015853275394922
"01-1104.PACLITAXEL",85.1963000558941,-12.1688587672974,97.3651588231915,16676.9195202666,3712.13488825,12964.7846320166,2.27300297164007,-0.0503971687632955
"01-1104.PACLITAXEL-15DAILY",85.1963000558941,62.9481598372316,22.2481402186624,16676.9195202666,6617.024706375,10059.8948138916,2.03299786776255,-0.0421558621279525
"01-1104_P1_945W_180613_RES.CFI-400945-52WEEKLY",88.3784980057315,87.6946615648241,0.683836440907413,24763.628242,17036.4105095,7727.2177325,2.3828800175234,-0.00591774019693311
"01-1104_P1_945W_180613_RES.CX-5461",88.3784980057315,85.6858061202797,2.69269188545182,24763.628242,19019.07393,5744.554312,-6.10066430933578,-0.0297621676699453
"01-1104_P1_945W_180613_RES.PACLITAXEL",88.3784980057315,86.6925019994397,1.68599600629179,24763.628242,13116.0314115,11647.5968305,3.05113245675536,-0.00927269746566035
"01-1104_P1_945W_180801_RES.CARBOPLATIN",80.3765465160252,85.476824363121,-5.10027784709584,6008.9790555,8090.5941585,-2081.615103,10.1010998800001,0.0229044510631873
"01-1104_P1_945W_180801_RES.CFI-400945-52WEEKLY",87.456070485449,71.1720609731914,16.2840095122576,47298.3995535,22161.6823365,25136.717217,-10.0838074501624,-0.0311604683109016
"01-1104_P1_945_180801_RES.CFI-400945+ABT-263",NA,88.1336958086724,NA,NA,6412.9085545,NA,NA,NA
"01-1104_P1_945_180801_RES.CFI-400945-52WEEKLY",NA,86.3285834274364,NA,NA,14345.167898,NA,NA,NA
"100534.ABT-263",82.2206207771893,75.7667896378279,6.45383113936145,3987.19117256667,3451.122916,536.068256566667,-20.9524554784008,-0.0123455135473788
"100534.BMN-673",84.7032613667327,-34.5296020091116,119.232863375844,112373.814869589,13971.9040834444,98401.9107861442,-25.187537671114,-0.0120217344946492
"100534.CARBOPLATIN",84.2207398907845,-2.39362655789918,86.6143664486837,73566.0981195887,13239.035215,60327.0629045887,55.6526350644548,NA
"100534.CDX-011",84.7032613667327,-17.7149783826748,102.418239749407,112373.814869589,17937.9522455,94435.8626240887,-96.5627963980974,-0.0379670784542368
"100534.CFI-400945",84.3915927123155,73.9624545946364,10.4291381176791,40623.4788492762,22181.1455253893,18442.3333238869,-12.4453289386109,-0.00573464351337998
"100534.CFI-400945+ABT-263",82.2206207771893,-39.4544495711571,121.675070348346,3987.19117256667,2767.91899775,1219.27217481667,-9.09794027358937,-0.0394359603026699
"100534.CFI-400945-52WEEKLY",84.537983766146,76.6119928880817,7.92599087806431,34635.5363542365,15742.0842805,18893.4520737365,8.62087060503471,-0.00510204945811038
"100534.CFI-402257",83.9338323722068,82.204503952086,1.72932842012077,16196.5417072516,13610.0223645,2586.51934275159,6.31131657665075,-0.00158671990633844
"100534.CFI-402257+PACLITAXEL",84.7032613667327,54.3676233856572,30.3356379810755,112373.814869589,21759.37421725,90614.4406523387,78.2014294456897,-0.00726922082278639
"100534.CFI-402257-3ON4OFF",83.0259295716477,70.4239948919239,12.6019346797237,8199.27752579063,7788.577023,410.700502790625,-1.04465811962108,-0.0160126126000037
"100534.CFI-402257-3ON4OFF+PACLITAXEL",84.3530841039885,76.986522966806,7.36656113718249,64737.1767559523,31359.9877575,33377.1889984523,15.787519252794,-0.0129569289183016
"100534.CX-5461",84.3096137315101,66.2937040808884,18.0159096506217,61122.4618606601,24364.463261125,36757.9985995351,179.230196552215,-0.0196460770397021
"100534.ERIBULIN-EXTRALOW",84.537983766146,77.8550307763168,6.68295298982922,34635.5363542365,21731.308283,12904.2280712365,-9.81675666055554,-0.0112950531863228
"100534.ERIBULIN-LOW",84.7032613667327,-47.889650850422,132.592912217155,112373.814869589,12793.2864305,99580.5284390887,-27.3941697565666,NA
"100534.PACLITAXEL",83.6881141711717,79.4313329054482,4.2567812657235,13250.8427297906,13296.37457725,-45.5318474593751,-0.480068745820408,-0.0164598780107304
"100534_P1_BMN_191102_RES.BMN-673",89.0423848317936,65.3675880197504,23.6747968120432,51913.836511,4248.04041621429,47665.7960947857,6.97682451359638,-0.0293662465084478
"100534_P1_BMN_191102_RES.CDX-011",89.0423848317936,-47.7466278294838,136.789012661277,51913.836511,2583.33970201786,49330.4968089821,7.0420708886403,-0.0810407703471157
"100534_P1_BMN_191102_RES.CFI-400945-52WEEKLY",89.0423848317936,18.4804861648788,70.5618986669148,51913.836511,5042.13845325,46871.69805775,7.92039979012949,-0.0350942684573662
"100534_P1_BMN_191102_RES.CFI-402257-3ON4OFF",89.0423848317936,69.4864782718812,19.5559065599124,51913.836511,3625.652932,48288.183579,6.7899898290728,-0.0211149760587887
"100534_P1_BMN_191102_RES.CFI-402257-3ON4OFF+PACLITAXEL",89.0423848317936,-61.3066325773347,150.349017409128,51913.836511,3346.323715,48567.512796,8.22732509369669,-0.0537008935795959
"100534_P1_BMN_191102_RES.CX-5461",89.0423848317936,87.3957189375541,1.64666589423955,51913.836511,19888.40584825,32025.43066275,7.06787856688509,0.00125450708880122
"100534_P1_BMN_191102_RES.ERIBULIN-LOW",89.0423848317936,71.950992940857,17.0913918909366,51913.836511,6070.7052115,45843.1312995,7.19889582803455,-0.0263854135661901
"100534_P1_BMN_191102_RES.PACLITAXEL",89.0423848317936,-77.2138773976229,166.256262229417,51913.836511,7860.4763615,44053.3601495,13.2642267858081,-0.101214368034372
"100534_P1_BMN_191102_RES.PACLITAXEL-15DAILY",89.0423848317936,81.4244198644643,7.61796496732933,51913.836511,8260.94448875,43652.89202225,6.8809565053441,-0.0165250075640752
"100534_P1_ERIBLD_191224_RES.BMN-673",85.6609070177441,-78.2527422279656,163.91364924571,11282.785972,1410.4614585,9872.3245135,26.1548413180849,-0.150674661289349
"100534_P1_ERIBLD_191224_RES.CARBOPLATIN",85.6609070177441,58.1847895343593,27.4761174833848,11282.785972,3979.297096,7303.488876,250.247315249602,-0.035720087190344
"100534_P1_ERIBLD_191224_RES.CFI-400945",85.6609070177441,87.79439060355,-2.13348358580589,11282.785972,12006.0330125,-723.247040500002,18.1503538950351,0.0202885663905056
"100534_P1_ERIBLD_191224_RES.CFI-402257",85.6609070177441,71.3252588439605,14.3356481737836,11282.785972,3618.0711,7664.714872,11.5863953843166,-0.0229757277607167
"100534_P1_ERIBLD_191224_RES.ERIBULIN",85.6609070177441,-72.1484959368259,157.80940295457,11282.785972,1216.771169,10066.014803,11.4412733838481,-0.169408784705428
"100534_P1_ERIBLD_191224_RES.ERIBULIN-LOW",85.6609070177441,83.875472881861,1.78543413588311,11282.785972,7730.701726,3552.084246,2.50931282526293,0.00102848467210238
"100534_P1_ERIBLD_191224_RES.PACLITAXEL",84.7925629277024,83.8515316524164,0.941031275286051,5096.37989,7187.582883,-2091.202993,0.0481371730881003,-0.014707323786706
"100534_P3_ERIBLD_201001_RES.BMN-673",85.6950104872449,13.6086881954246,72.0863222918202,53501.71164475,5796.669532,47705.04211275,25.6579147529331,-0.0224041614372065
"100534_P3_ERIBLD_201001_RES.CDX-011",84.0303563504999,80.524934459971,3.50542189052895,9289.93917275,9718.3189515,-428.379778749999,18.0301249609629,-0.0179969528292926
"100534_P3_ERIBLD_201001_RES.CFI-400945",83.3800504257462,84.2489511774881,-0.868900751741904,12771.48313675,12735.62810425,35.8550325000015,-41.2821008281093,0.00307966388672357
"100534_P3_ERIBLD_201001_RES.CFI-402257",83.3800504257462,81.098416409887,2.28163401585921,12771.48313675,12246.20265625,525.2804805,-1.54818553701938,0.00482356513880426
"100534_P5_CARBO_210407_RES.BMN-673",83.3224787836078,85.664168854236,-2.3416900706282,2842.63686025,5289.998625,-2447.36176475,2.33923533748062,-0.00741986714536777
"100534_P5_CARBO_210407_RES.CARBOPLATIN",85.1690758217235,86.2210099810203,-1.05193415929675,5545.83151825,7844.7656545,-2298.93413625,2.61485999474145,-0.0056361809598149
"100534_P5_CARBO_210407_RES.CFI-400945",85.1690758217235,85.8686577275305,-0.699581905806937,5545.83151825,6276.641478,-730.80995975,-0.984306174148024,-0.00847887778407267
"100534_P5_CARBO_210407_RES.CFI-402257",85.1690758217235,80.5655111303281,4.60356469139548,5545.83151825,4032.41869,1513.41282825,-12.0015624294828,-0.0194237601026295
"100534_P5_CARBO_210407_RES.CFI-402257-3ON4OFF+PACLITAXEL",85.1690758217235,75.4018804163082,9.76719540541535,5545.83151825,3305.11395925,2240.717559,-20.2648854547555,-0.0300861872414865
"100534_P5_CARBO_210407_RES.ERIBULIN-LOW",85.1690758217235,-82.482041447454,167.651117269178,5545.83151825,863.398669,4682.43284925,-6.09028034537477,NA
"100534_P5_CARBO_210407_RES.PACLITAXEL",85.1690758217235,80.3972644690515,4.77181135267207,5545.83151825,7010.060003,-1464.22848475,-1.53187379363441,-0.0456115527484935
"100672.CARBOPLATIN",83.8565588141878,-39.814773576254,123.671332390442,63709.6005775458,11211.2374385,52498.3631390458,-59.2173742609602,-0.0239198669344547
"100672.CDX-011",83.8565588141878,67.7222680473085,16.1342907668793,63709.6005775458,25603.4011205714,38106.1994569744,49.3020233384262,-0.0222451232935644
"100672.CFI-400945",82.6065150174114,76.5739272073874,6.032587810024,32394.0589229554,24763.92328025,7630.13564270535,-25.4764684810001,-0.0104056521833383
"100672.CFI-400945-41.6WEEKLY",80.553180802778,82.5974686952635,-2.04428789248553,11107.1364284318,14549.14323475,-3442.00680631818,5.83832574397576,-0.00844245331710414
"100672.CFI-400945-52WEEKLY",81.1613343656976,83.3187125695627,-2.15737820386504,15316.2945901896,16004.212802,-687.918211810442,-0.755836836330056,0.00456540377602742
"100672.CFI-402257-3ON4OFF",81.9508839596016,81.4474638896817,0.503420069919827,21146.9420920353,17981.03871875,3165.90337328534,-7.27032486793968,0.0043222321917788
"100672.CFI-402257-3ON4OFF+PACLITAXEL",83.8565588141878,-19.7030758042632,103.559634618451,63709.6005775458,8193.126771875,55516.4738056708,31.5535712769931,-0.0178634062343343
"100672.CX-5461",83.4201922629304,50.3434482028052,33.0767440601252,42131.6741851153,18900.0279595,23231.6462256153,-33.2771774867166,-0.0163203632799821
"100672.ERIBULIN",83.8565588141878,-57.5940730383937,141.450631852581,63709.6005775458,835.731363,62873.8692145458,20.9197354338728,NA
"100672.ERIBULIN-EXTRALOW",83.8565588141878,8.5552805146063,75.3012782995815,63709.6005775458,11243.16331875,52466.4372587958,27.639448915889,-0.0187971232806431
"100672.PACLITAXEL",83.8565588141878,-50.0568098191608,133.913368633349,63709.6005775458,14331.8189965,49377.7815810458,-16.0140127351096,-0.0247875154897376
"100672_P1_BMN_200616_RES.BMN-673",NA,-35.1319166379792,NA,NA,3200.41000875,NA,NA,NA
"100672_P1_CARBO_200123_RES.CARBOPLATIN",84.9644445929671,85.3692717047393,-0.404827111772178,5577.5775345,7097.019508,-1519.4419735,0.298861613888572,-0.00823748618991363
"100672_P1_CARBO_200123_RES.CDX-011",84.597244921011,85.2623279077544,-0.665082986743386,8401.5061245,7489.26991,912.236214500001,-0.780775765315337,0.0171376397079106
"100672_P1_CARBO_200123_RES.ERIBULIN-LOW",85.5817264237391,-71.1942608059105,156.77598722965,33326.1943745,1593.06319,31733.1311845,-947.412688204061,NA
"100672_P1_CARBO_200123_RES.PACLITAXEL",85.5817264237391,79.262795405943,6.31893101779606,33326.1943745,20461.1794745,12865.0149,51.2737696419521,-0.0176420928161426
"100672_P1_CDX_200117_RES.CARBOPLATIN",NA,17.3314291014923,NA,NA,35073.5871725,NA,NA,NA
"100672_P1_CDX_200117_RES.CDX-011",NA,48.1146357404499,NA,NA,12923.055728,NA,NA,NA
"100672_P1_CDX_200117_RES.CFI-402257",NA,82.173898691694,NA,NA,5791.9456575,NA,NA,NA
"100672_P1_CDX_200117_RES.PACLITAXEL",NA,50.7539063053812,NA,NA,12450.39478,NA,NA,NA
"100672_P1_TAX_200103_RES.BMN-673",NA,-57.063979178358,NA,NA,2244.559501,NA,NA,NA
"100672_P1_TAX_200103_RES.CFI-400945",NA,67.2580939506084,NA,NA,20881.413804,NA,NA,NA
"100672_P1_TAX_200103_RES.CFI-402257",NA,76.2724825051202,NA,NA,13472.30982175,NA,NA,NA
"100672_P1_TAX_200103_RES.CX-5461",NA,34.2159173945253,NA,NA,24615.996668,NA,NA,NA
"100672_P1_TAX_200103_RES.PACLITAXEL",NA,60.1035875472688,NA,NA,26360.6868855,NA,NA,NA
"100672_P5_ERIB_220413_RES.BMN-673",NA,18.1269749033464,NA,NA,9219.375687,NA,NA,NA
"100672_P5_ERIB_220413_RES.CARBOPLATIN",NA,-64.4605511330983,NA,NA,9865.68820925,NA,NA,NA
"100672_P5_ERIB_220413_RES.CFI-400945",NA,74.1061781045394,NA,NA,10066.71331525,NA,NA,NA
"100672_P5_ERIB_220413_RES.CFI-400945-52WEEKLY",NA,78.6223100178828,NA,NA,12083.09372375,NA,NA,NA
"100672_P5_ERIB_220413_RES.CFI-402257",NA,78.5416299896491,NA,NA,15495.322833,NA,NA,NA
"100672_P5_ERIB_220413_RES.ERIBULIN",NA,73.3171796871969,NA,NA,10983.55127975,NA,NA,NA
"100672_P5_ERIB_220413_RES.ERIBULIN-LOW",NA,75.882283768571,NA,NA,26655.22223,NA,NA,NA
"100672_P5_ERIB_220413_RES.PACLITAXEL",NA,68.083336915798,NA,NA,20438.4309685,NA,NA,NA
"100804.CDX-011",77.3198143165651,37.8688269173112,39.4509873992538,9604.04409942857,6654.290354,2949.75374542857,19.0147182517462,-0.0231858780699754
"100804.CFI-400945",39.5539984473895,43.8458044015937,-4.2918059542042,38861.248517625,45402.28164825,-6541.03313062501,32.814237787831,NA
"100804.CFI-400945-41.6WEEKLY",70.3204508929096,16.6467371651604,53.6737137277492,38847.248517625,21659.29548025,17187.953037375,12.4878577452641,0.00587021608550708
"100804.CFI-400945-52WEEKLY",39.5539984473895,50.3527965512838,-10.7987981038943,38861.248517625,49713.687856,-10852.439338375,-23.8798881250428,NA
"100804.CFI-400945-5DAILY",39.5539984473895,60.98690363453,-21.4329051871405,38861.248517625,65292.22655,-26430.978032375,43.2148015126982,NA
"100804.CFI-402257-3ON4OFF+PACLITAXEL",74.5831781388575,-18.9614977913903,93.5446759302478,2491.82562235714,1578.1555,913.670122357143,3.14180963066984,-0.017552153877746
"100804.ERIBULIN",0.262237657818462,-10.7095860181271,10.9718236759456,38861.248517625,9176.308636,29684.939881625,-0.0104614547699003,NA
"100804.PACLITAXEL",74.660930120044,61.7891395319148,12.8717905881292,37067.438206125,35180.68013575,1886.758070375,11.8747546099428,-0.00385706353832099
"100804.PACLITAXEL-15DAILY",78.5502117273154,70.4275144230003,8.1226973043151,15537.7368500536,12022.871382,3514.86546805357,18.4255322270791,-0.0078458734354868
"100804_P1_945LD_201022_RES.BMN-673",89.4862370790886,32.180230554852,57.3060065242366,14719.506992,1374.8801,13344.626892,6.67787879443775,-0.132172082718374
"100804_P1_945LD_201022_RES.CFI-400945-5DAILY",89.4862370790886,84.4515402870418,5.03469679204684,14719.506992,4063.045623025,10656.461368975,9.22796433166947,-0.100199126839696
"100804_P1_945LD_201022_RES.CFI-402257",89.4862370790886,35.2880199256715,54.198217153417,14719.506992,874.87382,13844.633172,5.81772771884641,-0.122590075010104
"100804_P1_945W_201104_RES.CFI-400945-52WEEKLY",NA,19.8720437807606,NA,NA,27213.39257575,NA,NA,NA
"100804_P1_CDX_200626_RES.CDX-011",71.650283010559,-17.2386675047516,88.8889505153106,21378.696283,9516.44657825,11862.24970475,50.455323591443,NA
"100804_P1_TAX_200813_RES.BMN-673",82.5386341317368,86.8988496800499,-4.36021554831312,5810.9780295,9188.28127825,-3377.30324875,19.7779720834383,0.0182418889736314
"100804_P1_TAX_200813_RES.CARBOPLATIN",80.8948455787775,63.6539296650227,17.2409159137548,60834.19117225,31247.1363315,29587.05484075,10.076146983635,-0.00756464683129263
"100804_P1_TAX_200813_RES.CDX-011",64.3531780896148,89.3874617740167,-25.0342836844018,1537.36454025,12774.61410275,-11237.2495625,5.71427066609916,0.0882636638115315
"100804_P1_TAX_200813_RES.CFI-400945",80.4719790966591,61.9081097888787,18.5638693077804,48264.9123215,41660.02461475,6604.88770675,-6.29231317714648,-0.0106687118121347
"100804_P1_TAX_200813_RES.ERIBULIN-LOW",79.1958911502267,-58.9806495272333,138.17654067746,3370.1735795,15451.30682125,-12081.13324175,-0.259029431470252,-0.0795379159048756
"100804_P1_TAX_200813_RES.PACLITAXEL",80.8948455787775,80.7582035360484,0.136642042729051,60834.19117225,32703.6159465,28130.57522575,-45.4485668318325,0.00959192712706103
"100804_P2_945_210504_RES.BMN-673",77.3167244555926,49.7483759730393,27.5683484825533,19564.02375575,11890.891526,7673.13222975,-34.3423284281207,-0.0105019443751349
"100804_P2_945_210504_RES.CFI-400945",81.6312869224986,18.4505923304375,63.1806945920612,101703.28579,26058.2117355,75645.0740545,-61.3624814159092,-0.0149290846934957
"100804_P2_945_210504_RES.CFI-402257",74.2004734874756,82.5942369714732,-8.39376348399763,4680.549087,8325.823664,-3645.274577,-8.88972317092007,0.00606394849214215
"100804_P2_945_220504_RES.CFI-400945",NA,89.2408686555201,NA,NA,17031.670533,NA,NA,NA
"100804_P2_945_220504_RES.CFI-400945-52WEEKLY",NA,-9.36754430030433,NA,NA,6418.8763895,NA,NA,NA
"100804_P2_945_220504_RES.ERIBULIN-LOW",NA,-81.2530981121492,NA,NA,414.641929,NA,NA,NA
"104987.BMN-673",86.4635747565122,87.4832499390357,-1.01967518252347,6374.12135325,8153.30737425,-1779.186021,4.21363659711084,0.0105696949687313
"104987.CARBOPLATIN",86.4635747565122,85.7773841284802,0.686190628032008,6374.12135325,6285.16391475,88.9574385000005,26.7886667324194,-0.0115717019965984
"104987.CFI-400945",86.4635747565122,85.7473617287936,0.716213027718581,6374.12135325,4398.9469715,1975.17438175,1.18358937338765,0.012508223875288
"104987.CFI-400945-52WEEKLY",86.4635747565122,82.4653325198674,3.99824223664483,6374.12135325,4132.550027,2241.57132625,8.6660352092232,-0.0174505953785825
"108045.CARBOPLATIN",88.5554545238532,88.1838587202309,0.371595803622284,6549.603996,10263.50946375,-3713.90546775,3.83090593330645,-0.0291044120171343
"108045.CDX-011",88.7147726864299,83.6365903321899,5.07818235423997,30990.80819625,18098.5914285,12892.21676775,-7.49344254909156,-0.0594285558568788
"108045.CFI-400945",88.7147726864299,14.0208347197254,74.6939379667045,30990.80819625,7185.18271125,23805.625485,-908.20792966176,-0.085086887544522
"108045.CFI-400945-5DAILY",88.7000969293391,86.7681023167419,1.93199461259724,21398.08456425,17138.8597226,4259.22484165,-10.1984958780529,-0.037920035098773
"108045.CFI-402257-3ON4OFF+PACLITAXEL",88.7147726864299,-83.5371598501845,172.251932536614,30990.80819625,3439.856875,27550.95132125,-17.7381054911558,-0.123373360301275
"108045.CX-5461",88.7000969293391,84.8306279655762,3.86946896376298,21398.08456425,9623.97042875,11774.1141355,118.402979865814,-0.0299150443989321
"108045.ERIBULIN-LOW",88.7147726864299,-67.2729183657205,155.98769105215,30990.80819625,4924.541615,26066.26658125,-145.741241730233,-0.100029273509336
"108045.PACLITAXEL",88.7000969293391,78.9193939178815,9.78070301145763,21398.08456425,7606.343107,13791.74145725,54.4747047634586,-0.051074213915086
"108099.BMN-673",77.7785670760312,-61.6305681592573,139.409135235288,14485.765045,11184.3768775,3301.3881675,-2.57290077509383,-0.034535856782291
"108099.CARBOPLATIN",77.7785670760312,-13.3836680738535,91.1622351498847,14485.765045,8961.183046,5524.581999,-9.24310901166117,-0.0400428539874168
"108099.CDX-011",77.7785670760312,-0.440639655862679,78.2192067318938,14485.765045,11402.881917,3082.883128,-4.18796743221806,-0.0303987843676583
"108099.CFI-400945",70.5288296593231,81.1169075358915,-10.5880778765684,3448.901963,6850.51249125,-3401.61052825,6.70429773193528,0.00680174473211958
"108099.CFI-400945-52WEEKLY",77.7785670760312,-34.8331014210757,112.611668497107,14485.765045,6548.117572375,7937.647472625,-18.6496359803183,-0.0437037948254578
"108099.CFI-402257",74.1861402304797,81.5165815500549,-7.33044131957516,6869.406353,11140.319969375,-4270.913616375,28.9168457728722,0.0163352793877356
"108099.CFI-402257+PACLITAXEL",72.8041241910433,66.2097197927066,6.59440439833666,4898.983057,6999.99426675,-2101.01120975,1.00001854279703,-0.00615989345675106
"108099.CFI-402257-3ON4OFF+PACLITAXEL",77.7785670760312,-44.7357452228961,122.514312298927,14485.765045,3639.70047525,10846.06456975,-20.2013719042458,-0.0216171491028098
"108099.CX-5461",77.7785670760312,46.9664281944014,30.8121388816297,14485.765045,16851.20120375,-2365.43615875,-1.70100022251748,-0.0244884658015071
"108099.ERIBULIN-EXTRALOW",72.8041241910433,83.6576115929365,-10.8534874018933,4898.983057,10755.76688575,-5856.78382875,4.01159312177082,-0.00134127320049212
"108099.PACLITAXEL",72.8041241910433,58.6014028530585,14.2027213379847,4898.983057,6840.2576715,-1941.2746145,0.1731546313618,-0.0178724218777804
"108099_P1_BMN_200711_RES.BMN-673",NA,81.1338046718031,NA,NA,23009.775748125,NA,NA,NA
"108099_P1_BMN_200711_RES.CARBOPLATIN",NA,79.5976224032129,NA,NA,19076.6252425,NA,NA,NA
"108099_P1_BMN_200711_RES.CX-5461",NA,77.0109829574765,NA,NA,13031.99244175,NA,NA,NA
"108099_P1_ERIBLD_200605_RES.BMN-673",NA,-35.3514219925061,NA,NA,18235.065497,NA,NA,NA
"108099_P1_ERIBLD_200605_RES.CFI-400945",NA,83.8465756460594,NA,NA,18293.061551,NA,NA,NA
"108099_P2_945_200925_RES.BMN-673",80.4328275120322,-42.648790934465,123.081618446497,13285.889347,3397.2097655,9888.6795815,19.4739204263761,-0.0597162408765052
"108099_P2_945_200925_RES.CARBOPLATIN",80.4328275120322,-46.303258122928,126.73608563496,13285.889347,7075.38610675,6210.50324025,-9.84515591120942,-0.0944002595373056
"108099_P2_945_200925_RES.CDX-011",77.2415731137117,65.7761446537011,11.4654284600106,7278.993877,7005.99419125,272.999685749999,-5.95091546310154,-0.0166835051508583
"108099_P2_945_200925_RES.CFI-400945",80.4328275120322,76.4026019085275,4.03022560350472,13285.889347,12611.41359725,674.475749749998,-8.47006500860885,-0.0125287784875037
"108099_P2_945_200925_RES.CFI-402257",80.4328275120322,76.3864283240143,4.04639918801796,13285.889347,11157.3526515,2128.5366955,-7.45435643876538,-0.0028983654705804
"108099_P2_945_200925_RES.CX-5461",80.4328275120322,-75.6396162586893,156.072443770722,13285.889347,3335.8615185,9950.0278285,-10.8193917595475,NA
"108099_P2_945_200925_RES.ERIBULIN-LOW",80.4328275120322,-71.0706438501456,151.503471362178,13285.889347,6872.821554,6413.067793,-3.92099718061953,-0.0533066682012623
"108099_P2_945_200925_RES.PACLITAXEL",80.4328275120322,-65.9113195536145,146.344147065647,13285.889347,4613.957717,8671.93163,-6.88658654652635,-0.0390641657009777
"108099_P2_BMN_201202_RES.BMN-673",NA,78.0575928228921,NA,NA,29474.4849835,NA,NA,NA
"108099_P2_BMN_201202_RES.CFI-400945",NA,79.1523531581592,NA,NA,29257.92724325,NA,NA,NA
"108099_P2_BMN_201202_RES.CX-5461",NA,82.4092216275122,NA,NA,12591.247845,NA,NA,NA
"108099_P2_BMN_201202_RES.PACLITAXEL",NA,78.0028161556828,NA,NA,10376.18887775,NA,NA,NA
"108099_P2_BMN_210408_RES.BMN-673",86.2860933945599,82.9150979965392,3.37099539802072,34015.6429085,19608.352919,14407.2899895,19.6892790101845,-0.00442828790847666
"108099_P2_BMN_210408_RES.CARBOPLATIN",86.1598077824938,77.2266238795568,8.93318390293706,27704.7425585,16260.05093475,11444.69162375,-4.89058501889747,-0.00617305471153839
"108099_P2_BMN_210408_RES.CDX-011",86.2860933945599,4.035540373506,82.2505530210539,34015.6429085,7834.485234,26181.1576745,590.959009649404,-0.0380964848739873
"108099_P2_BMN_210408_RES.CFI-400945",85.8635863626713,85.5616872712366,0.301899091434763,17397.8343335,24051.0077415,-6653.173408,2.92732210899719,-0.00817738503123281
"108099_P2_BMN_210408_RES.CFI-400945-52WEEKLY",88.164641753575,84.6616828268084,3.50295892676658,757.69938,734.76056,22.9388200000001,-1.32513575824893,NA
"108099_P2_BMN_210408_RES.CFI-402257-3ON4OFF+PACLITAXEL",86.2860933945599,62.4444869993981,23.8416063951618,34015.6429085,10199.02254,23816.6203685,1773.29211674552,-0.0175579135853702
"108099_P2_BMN_210408_RES.ERIBULIN-LOW",86.322155007518,81.0367575829772,5.28539742454076,12671.9937335,8412.75505,4259.2386835,-26.7045247721721,-0.0165096618593455
"108099_P2_BMN_210408_RES.PACLITAXEL",86.2860933945599,-13.1737314625194,99.4598248570793,34015.6429085,7671.34717525,26344.29573325,-53.8831281144593,-0.0326260411659413
"108099_P3_TTK/TAX_210303_RES.BMN-673",81.2390907420622,21.3196692616395,59.9194214804227,29369.131677,8646.04575475,20723.08592225,-86.3870370821394,-0.0116394022512699
"108099_P3_TTK/TAX_210303_RES.CFI-400945",78.8836675730183,77.4102511439598,1.47341642905857,22231.446777,20366.26397075,1865.18280625,-93.4176368446302,-0.000573398264424577
"108099_P3_TTK/TAX_210303_RES.CFI-402257",68.5965357032983,75.9687573395363,-7.37222163623795,3494.131884,9033.5217065,-5539.3898225,10.4052328578416,0.00434329294706489
"108099_P3_TTK/TAX_210303_RES.CFI-402257-3ON4OFF+PACLITAXEL",72.9391432731162,81.1916791275906,-8.25253585447437,9835.879572,21168.15413875,-11332.27456675,12.6072562585295,0.00329646513666215
"108099_P3_TTK/TAX_210303_RES.ERIBULIN-LOW",78.3041196241189,52.8465593617461,25.4575602623727,18934.299387,11688.9914795,7245.3079075,165.223576665277,-0.0147395479336982
"108099_P3_TTK/TAX_210518_RES.BMN-673",86.3493117202543,-19.3326654537219,105.681977173976,51028.4683375,7767.36424975,43261.10408775,-26.0337081687016,-0.0268747919817026
"108099_P3_TTK/TAX_210518_RES.CDX-011",86.3493117202543,18.0112471157685,68.3380646044858,51028.4683375,11777.6744595,39250.793878,-21.2515299719719,-0.0239307457219032
"108099_P3_TTK/TAX_210518_RES.CFI-400945-52WEEKLY",86.3493117202543,79.5494668404848,6.79984487976954,51028.4683375,26126.0344775,24902.43386,-16.3155219464348,-0.0121072407591982
"108099_P3_TTK/TAX_210518_RES.CFI-402257-3ON4OFF",85.6087569781842,85.6961651253014,-0.0874081471171593,4992.5354665,7784.344055,-2791.8085885,3.60540436036031,-0.00557046953910907
"108099_P3_TTK/TAX_210518_RES.CFI-402257-3ON4OFF+PACLITAXEL",85.9967941091919,83.0079650068972,2.98882910229474,32156.855181,28156.738128625,4000.117052375,-1.64271546154101,-0.0112422408498173
"108099_P3_TTK/TAX_210518_RES.ERIBULIN-LOW",86.1209242720183,61.702025746479,24.4188985255393,41464.661613,16916.2850125,24548.3766005,-10.2497535925709,-0.0190790789959503
"108099_P3_TTK/TAX_210518_RES.PACLITAXEL",85.6361311864924,83.1854520296917,2.45067915680079,8015.6081625,11245.9894345,-3230.381272,-0.439818204957977,-0.0258705460861453
"16720.ADC-CONTROL",84.6633371698757,-64.7918803344077,149.455217504283,63547.069254833,5650.51530575,57896.553949083,-57.6180470966634,-0.0346375303285701
"16720.AZD-5305",84.6633371698757,-55.4548671281144,140.11820429799,63547.069254833,2439.796570375,61107.272684458,40.5831863428549,NA
"16720.AZD-8205",84.6633371698757,-65.6780421242737,150.341379294149,63547.069254833,1140.89786055,62406.171394283,331.149731405831,NA
"16720.BMN-673",84.6633371698757,18.7133869806592,65.9499501892165,63547.069254833,17837.02939025,45710.039864583,-250.298739396627,-0.0271850266693136
"16720.CARBOPLATIN",83.3379534103184,84.2224616981439,-0.88450828782544,26397.2957183353,28443.0897670714,-2045.79404873617,-17.7806945435104,-4.2061952736432e-05
"16720.CDX-011",84.6633371698757,42.1072535082321,42.5560836616436,63547.069254833,12989.34512425,50557.724130583,28.0850672370352,-0.0198902212050977
"16720.CFI-400945",83.228710944362,84.8051389337584,-1.57642798939634,20473.7053705384,24978.6488757917,-4504.94350525328,16.3890973472331,0.00250354936646013
"16720.CFI-400945-52WEEKLY",83.5579114657219,80.8348106852707,2.72310078045112,17829.236843033,11335.38840125,6493.84844178303,2.39460597635517,0.00519132260459232
"16720.CFI-402257",83.5847325563526,81.7188044629771,1.86592809337549,16651.004226311,13248.7360194048,3402.26820690625,6.38688365619592,0.0101790539302669
"16720.CFI-402257-3ON4OFF",83.5579114657219,78.614942050138,4.94296941558386,17829.236843033,11577.9930208125,6251.24382222053,7.38584832921181,0.00251998193555291
"16720.CFI-402257-3ON4OFF+PACLITAXEL",83.228710944362,78.9945762818291,4.23413466253292,20473.7053705384,15138.859936625,5334.84543391339,57.4458583525974,-0.00176617548692614
"16720.CX-5461",83.228710944362,72.4959171564184,10.7327937879436,20473.7053705384,11488.303691625,8985.40167891339,6.03463009411615,-0.0113178863963448
"16720.ERIBULIN",83.24079409773,77.5269939837194,5.71380011401064,7108.06290052976,4268.76011275,2839.30278777976,3.97709215919272,0.00226433495827298
"16720.PACLITAXEL",83.5579114657219,81.4766966658673,2.08121479985461,17829.236843033,13830.459485,3998.77735803303,-1.59623674819799,-0.00624184061484674
"16720_P6_5305_051024_RES.AZD-5305",84.3979600618881,76.9852988033197,7.41266125856841,17913.2885365,10622.0237475,7291.264789,42.5779160307106,-0.0181108633673806
"16720_P6_5305_051024_RES.AZD-8205",84.3979600618881,-56.5318067114455,140.929766773334,17913.2885365,3527.85630525,14385.43223125,46.6329989662966,-0.0822959026669979
"16720_P6_5305_051024_RES.BMN-673",84.3979600618881,67.4553193566286,16.9426407052595,17913.2885365,9236.05327525,8677.23526125,-9.35161037085871,-0.0225830569959672
"16720_P6_5305_051024_RES.CARBOPLATIN",85.2657332114958,83.9229518291099,1.34278138238591,11435.3508285,10989.0739755,446.276853000001,24.6590687847299,-0.00730367890870475
"16720_P6_5305_051024_RES.SACITUZAMAB-GOVITECAN",84.3979600618881,-63.138721349102,147.53668141099,17913.2885365,1755.35531475,16157.93322175,24.8790629982239,-0.0716939128973007
"16720_P6_5305_231005_RES.ADC-CONTROL",85.7914854716056,-42.0188721456479,127.810357617253,14682.7674395833,3109.25244,11573.5149995833,39.7775622845807,-0.0462074876206617
"16720_P6_5305_231005_RES.AZD-5305",85.7914854716056,83.535383792584,2.25610167902157,14682.7674395833,10484.4992293536,4198.26821022976,-51.6584676090473,-0.0148965950161857
"16720_P6_5305_231005_RES.AZD-8205",85.7914854716056,-69.3811642246296,155.172649696235,14682.7674395833,3098.51842370833,11584.249015875,-42.1242778931466,-0.0931000961001156
"16720_P6_5305_231005_RES.BMN-673",85.7914854716056,76.2899910029272,9.5014944686784,14682.7674395833,8531.77806475,6150.98937483333,-10.4352806274134,-0.0306875196109729
"16720_P6_5305_231005_RES.CARBOPLATIN",85.7914854716056,-57.8670094622898,143.658494933895,14682.7674395833,2066.09505925,12616.6723803333,29.0985024689892,-0.0402176475214308
"16720_P6_5305_231005_RES.SACITUZAMAB-GOVITECAN",86.3738630655014,84.4536062554447,1.92025681005667,10807.2516768333,11585.98616275,-778.734485916666,1.28528395416425,-0.0140607862420089
"17518.CFI-400945",88.2911760046838,82.3643135716365,5.92686243304733,20635.2401804583,10417.4443828125,10217.7957976458,-85.8230416729844,-0.0470124111692578
"17518.PACLITAXEL",88.2911760046838,-54.5898197193387,142.880995724023,20635.2401804583,3183.98543216667,17451.2547482917,7.13422264663659,-0.0503241667601576
"178200.ADC-CONTROL",87.140194718754,89.3044273347644,-2.16423261601034,4159.77051133333,12636.84355475,-8477.07304341667,4.50121896404196,0.0356777379412905
"178200.AZD-5305",87.2907325029222,84.4164891859549,2.87424331696732,19256.9728257917,9790.724308875,9466.24851691666,5.63983305949761,-0.0117207678017815
"178200.AZD-8205",87.2907325029222,84.6205880959692,2.670144406953,19256.9728257917,9570.4874115,9686.48541429166,5.47893257229431,-0.00233643842850934
"178200.BMN-673",87.2907325029222,86.215374505453,1.07535799746923,19256.9728257917,12261.352675125,6995.62015066667,5.31848815542131,-0.0175088588737066
"178200.CARBOPLATIN",87.2756155283022,87.6105908804736,-0.334975352171412,9017.61160991667,9423.94946675,-406.337856833334,-21.0217756779921,0.00584202037181904
"178200.CDX-011",87.2907325029222,86.950949124866,0.339783378056168,19256.9728257917,17970.537653,1286.43517279167,42.4553177589422,-0.0279413898665415
"178200.CFI-400945",87.7184995271321,88.2802137805681,-0.561714253436051,7885.93734966667,11057.0964905,-3171.15914083333,2.8196680707972,-0.00790745611273064
"178200.CX-5461",87.2907325029222,84.2776864094442,3.01304609347802,19256.9728257917,7690.8236775,11566.1491482917,6.12520421631794,-0.0198390906778042
"178200.DATOPOTAMAB-DERUXTECAN",87.2907325029222,-78.1534555976553,165.444188100577,19256.9728257917,3007.723257,16249.2495687917,58.310614193008,-0.107540155476132
"178200.SACITUZAMAB-GOVITECAN",87.1560154419444,85.1619914073868,1.9940240345576,15156.7761802917,10588.810038,4567.96614229167,6.50421405328432,-0.0253349156515734
"178200.TRASTUZUMAB-CONTROL",87.7184995271321,88.7899767102497,-1.07147718311759,7885.93734966667,13371.6712435,-5485.73389383333,9.53527021280783,0.0151615393561356
"178200.TRASTUZUMAB-DERUXTECAN",87.7184995271321,88.6132723395844,-0.894772812452288,7885.93734966667,20177.88163925,-12291.9442895833,2.12657050264937,-0.0282354683345994
"18674.BMN-673",80.6758467442617,-27.5489733638994,108.224820108161,70246.320367881,12262.40511125,57983.915256631,3.49587355237254,-0.0267160160247945
"18674.CARBOPLATIN",81.2499345868473,-41.6091644408011,122.859099027648,69891.5626167622,9243.4075755,60648.1550412622,4.01982209366879,-0.0237569979333004
"18674.CFI-400945",70.4136316164641,-40.1847266772042,110.598358293668,154789.740861162,36346.0948813789,118443.645979783,-4.30989669961152,-0.012369308196645
"18674.CFI-400945-2ON5OFF",86.0245313515467,81.0612970460915,4.96323430545515,26857.3240245568,14737.0829025,12120.2411220568,7.70704833184679,-0.00718536709936838
"18674.CFI-400945-5DAILY",70.9585133309362,-31.3254135549248,102.283926885861,138551.527561162,8523.235808,130028.291753162,9.6169902407434,-0.00838547428671609
"18674.CFI-400945-6DAILY",70.6960808693604,13.8611521194419,56.8349287499185,149932.989009162,28828.3567495,121104.632259662,7.60093579511286,0.0047379602787354
"18674.CFI-402257-3ON4OFF",85.7514791413315,24.5909623191167,61.1605168222148,19436.0095026667,6925.81792033333,12510.1915823333,12.0442324419331,-0.0331007395052278
"18674.CX-5461",84.9474309778817,-39.1466539904623,124.094084968344,47039.7413802456,9730.454878,37309.2865022456,6.21394560156526,-0.0323650800129684
"18674.ERIBULIN-LOW",84.9474309778817,-67.4946559533119,152.442086931194,47039.7413802456,2869.87838325,44169.8629969956,6.10061835345994,-0.0801203078572121
"18674.PACLITAXEL",70.6960808693604,27.1492630837034,43.5468177856569,149932.989009162,26857.59922925,123075.389779912,7.29441113374647,NA
"18674_P3_945_160216_RES.CFI-400945",NA,-74.9448763838675,NA,NA,4042.92729825,NA,NA,NA
"18674_P4_945_161216_RES.CFI-400945",37.928113590789,-56.4022918625493,94.3304054533383,8672.32248375,6552.10950725,2120.2129765,-1.02993890534737,-0.016254165657772
"20710.BMN-673",73.5624398466322,16.9650118602467,56.5974279863855,10909.5689801875,7627.53477575,3282.0342044375,5.54311220776784,-0.0248234182341012
"20710.CARBOPLATIN",71.061490844266,59.6257802347268,11.4357106095393,6818.17026172917,6800.67233325,17.4979284791671,9.73621731292744,-0.00843455945575462
"20710.CFI-400945",70.9038171743554,14.8616238207348,56.0421933536206,20147.9047616458,10210.3045418333,9937.6002198125,3.97734760585935,-0.0117055649976315
"20710.CFI-402257+PACLITAXEL-40DAILY",73.5624398466322,-28.5823033695708,102.144743216203,10909.5689801875,4783.303655,6126.2653251875,3.48952320793624,-0.0227088013987513
"20710.CFI-402257-3ON4OFF",70.9038171743554,60.5286129754665,10.3752041988889,20147.9047616458,12695.60460525,7452.30015639583,2.02890784202344,-0.00391260972510373
"20710.CFI-402257-3ON4OFF+PACLITAXEL",68.8033995367725,-8.30306784113666,77.1064673779092,8169.1818641875,4647.68075341667,3521.50111077083,1.27109431088893,-0.0215560792784887
"20710.CX-5461",69.9007043693322,27.3555958859638,42.5451084833685,29931.4617126458,8960.413357,20971.0483556458,2.67139725400321,-0.0100999706808492
"20710.ERIBULIN",69.9007043693322,13.2754869221398,56.6252174471924,29931.4617126458,13926.35618925,16005.1055233958,6.33195616194696,-0.0172801590467193
"20710.PACLITAXEL",69.9007043693322,66.2933014312079,3.60740293812432,29931.4617126458,23159.4926324167,6771.96908022917,3.04572852623006,-0.00455271371090393
"20710.PACLITAXEL-40DAILY",69.8493340927702,-73.6759565410834,143.525290633854,15734.8057711458,7782.057988875,7952.74778227083,-3.2427742518759,-0.0240079229237854
"23223.CFI-400945",47.8614025630305,-53.5266792681371,101.388081831168,28285.3942688265,11340.9131603021,16944.4811085245,-263.761813252039,-0.0157009372137722
"241417.ADC-CONTROL",78.8421706055048,68.175240534661,10.6669300708438,34555.8334296334,19469.255914375,15086.5775152584,2.55162637589334,-0.0121489425721082
"241417.AZD-5305",78.3027264999263,64.8628997024851,13.4398267974412,38750.0604918999,16323.99994925,22426.0605426499,-0.474348512222293,-0.0012931092193837
"241417.AZD-8205",79.317036555766,69.7041224478586,9.61291410790744,71081.1512057827,39003.5596790417,32077.591526741,-4.47679008196553,-0.00175393726532654
"241417.BMN-673",79.5649913858112,64.9463151091639,14.6186762766473,56497.3801097887,29384.1520921875,27113.2280176012,19.6180936405631,-0.013434610705149
"241417.CARBOPLATIN",82.1436429147055,69.475970417013,12.6676724976926,18158.3275302761,11739.275884875,6419.05164540108,58.4444996729948,-0.00982259703428356
"241417.CDX-011",79.6524525625634,-17.0972724206369,96.7497249832003,66828.6192267827,12408.7536705,54419.8655562827,146.862386865462,-0.0229128879496104
"241417.CFI-400945",79.622035436221,56.0896300895296,23.5324053466914,103024.646389033,43668.1168116117,59356.529577421,48.18067990823,-0.00982175585969941
"241417.CFI-400945-41.6WEEKLY",82.5653987157289,60.110960703192,22.4544380125369,24439.9626708318,14601.87699,9838.08568083178,15.3240905098015,-0.0273445578713877
"241417.CFI-400945-52WEEKLY",80.8234513419027,17.269573883593,63.5538774583097,125044.056711033,21942.972928,103101.083783033,34.6794304527158,-0.0151904604789472
"241417.CFI-400945-5DAILY",78.4705552381839,20.6477034942319,57.822851743952,42643.8828904422,20859.4703995833,21784.4124908589,-41.6718947484012,-0.0102896982506463
"241417.CFI-402257",78.8536887486819,64.8420171042494,14.0116716444325,47351.9769503422,29448.0246123452,17903.952337997,20.1477850625331,-0.0058569785409779
"241417.CFI-402257-2ON5OFF",82.8501625182613,78.1072060332937,4.74295648496764,9130.15703928418,6641.12897625,2489.02806303418,0.743267428646639,-0.00242687020895064
"241417.CX-5461",80.5207415597618,29.4846544400171,51.0360871197447,29071.6852708897,10363.004191625,18708.6810792647,3.00838937191967,-0.0134441648284506
"241417.DATOPOTAMAB-DERUXTECAN",80.8234513419027,-55.8191226834696,136.642574025372,125044.056711033,2007.2520215,123036.804689533,31.2964816792367,-0.0645723463649928
"241417.ERIBULIN-EXTRALOW",79.317036555766,-30.2339982438558,109.551034799622,71081.1512057827,8647.29334425,62433.8578615327,7.51698900772881,-0.0246339160441724
"241417.ERIBULIN-LOW",78.9908770447941,56.6625421716319,22.3283348731622,84269.8861650327,35846.0191552,48423.8670098327,17.7707761943411,-0.00973394948976073
"241417.EVEROLIMUS",78.3027264999263,-56.8403164253994,135.143042925326,38750.0604918999,5394.6861375,33355.3743543998,10.0193735720554,NA
"241417.FLUVASTATIN+TERBINIFINE",84.7921431428679,87.8133806642272,-3.02123752135927,6311.83007992262,11449.840248125,-5138.01016820238,7.22547868610677,0.00892005840003903
"241417.PACLITAXEL",80.8234513419027,14.0665475087802,66.7569038331225,125044.056711033,20447.7201440312,104596.336567001,35.5647563312245,-0.00942756010765992
"241417.PACLITAXEL-15DAILY",79.9180310692663,57.7974933701169,22.1205376991494,107776.590862033,35797.754932,71978.8359300327,23.3399170939221,-0.00763105635058603
"241417.PALBOCICLIB-45DAILY",82.3099701649545,82.630893881963,-0.320923717008441,11437.8924185192,12684.5897395,-1246.69732098081,2.03757760087472,-0.00379667214036464
"241417.PEG400",84.7921431428679,69.4450912153091,15.3470519275588,6311.83007992262,2991.19742325,3320.63265667262,3.31559902722292,-0.00998121349595357
"241417.PQ-1-6",83.1399507543333,-78.1550862368204,161.295036991154,8801.74861301163,1419.76489575,7381.98371726163,4.73494376292124,-0.0903657131107128
"241417.PQ-1-6-VEHICLE",83.1399507543333,83.4393207943966,-0.299370040063295,8801.74861301163,6903.08618733333,1898.6624256783,-4.36838512628875,-0.0040595258819597
"241417.SACITUZAMAB-GOVITECAN",80.8234513419027,60.2390045086748,20.5844468332279,125044.056711033,38497.4377885,86546.6189225327,33.4316195075793,-0.00955496492124461
"241417.TRASTUZUMAB-CONTROL",78.5632909161187,-58.4595433661053,137.022834282224,43401.2881239172,17157.379604,26243.9085199172,-4.86270607982051,-0.0214298060739046
"241417.TRASTUZUMAB-DERUXTECAN",78.6554492795419,63.9329230374309,14.722526242111,44169.8874479022,12238.41363975,31931.4738081522,3.1269007897973,-0.00312128210895271
"241417_P1_945_170421_RES.BMN-673",84.9341319520765,77.9165811136208,7.01755083845575,25350.6182763619,14952.347117625,10398.2711587369,6.3416826760441,0.00642498437754008
"241417_P1_945_170421_RES.CDX-011",71.9250280992626,57.5043480052356,14.420680094027,45558.7457541774,20483.311173,25075.4345811774,-6.05015700582839,0.0269022504890726
"241417_P1_945_170421_RES.CFI-400945",60.9880075434225,59.0361450051866,1.95186253823595,51977.5767151774,34173.592508546,17803.9842066314,2.12829203735662,0.00101572838032753
"241417_P1_945_170421_RES.CFI-400945-52WEEKLY",85.3473753049463,-57.7651325584859,143.112507863432,20740.841566231,4642.649521,16098.192045231,8.68262056415143,-0.0486469334472166
"241417_P1_945_170421_RES.CFI-402257",69.2004697857495,11.003337427358,58.1971323583915,47410.8935901774,20259.204110625,27151.6894795524,0.886094003023844,-0.00145458441223556
"241417_P1_945_170421_RES.ERIBULIN-LOW",78.9912139897953,7.05616015144924,71.9350538383461,38082.6346121774,6865.72153275,31216.9130794274,0.660629652016266,-0.00475066261808036
"241417_P1_945_170421_RES.PACLITAXEL",78.9912139897953,-65.9708797362785,144.962093726074,38082.6346121774,9870.6016605,28212.0329516774,1.74050723488504,-0.0337615628528093
"241417_P2_BMN_171018_RES.BMN-673",85.9286624337766,68.8533185485275,17.0753438852491,59736.7108888333,25471.0226688551,34265.6882199782,-46.6804939977294,-0.017052177836433
"241417_P2_BMN_171018_RES.CARBOPLATIN",84.5708121185988,82.3638482522408,2.20696386635801,25926.1619768333,20124.327100125,5801.83487670833,-1671.1329332911,-0.0120718143577514
"241417_P2_BMN_171018_RES.CFI-400945",85.9286624337766,-65.3594626718605,151.288125105637,59736.7108888333,2189.8185875,57546.8923013333,56.922084774532,NA
"241417_P2_BMN_171018_RES.CX-5461",84.5960822320506,81.5686904880095,3.0273917440411,30757.1931143333,29148.448669125,1608.74444520834,-2.43158345376789,-0.00914505852521144
"241417_P2_BMN_171018_RES.ERIBULIN-LOW",85.9286624337766,-6.84668188564825,92.7753443194248,59736.7108888333,10719.405487,49017.3054018333,99.7423049423783,-0.0249722627048653
"241417_P2_BMN_171018_RES.PACLITAXEL-15DAILY",82.3370208036458,70.4979906206159,11.83903018303,9792.21503295833,7769.54359475,2022.67143820833,-51.5413486706653,-0.0239380864311115
"241417_P2_ERIB_171103_RES.CDX-011",NA,74.8374596282996,NA,NA,15382.75417825,NA,NA,NA
"241417_P2_ERIB_171103_RES.CFI-400945",NA,42.6598356059176,NA,NA,15508.75511975,NA,NA,NA
"241417_P2_ERIB_171129_RES.ERIBULIN",85.8560486180886,76.671579699307,9.18446891878159,17025.33252925,12133.00270025,4892.329829,-25.1118016369469,-0.0285916523652471
"241417_P2_ERIB_171129_RES.ERIBULIN-LOW",85.1191595096392,74.215866387883,10.9032931217562,11739.533537,4011.80556575,7727.72797125,3.95832412068844,-0.00661928498932085
"241417_P2_TAX_180110_RES.PACLITAXEL",81.5482113483218,-67.5945474141,149.142758762422,27435.55547675,6876.05648775,20559.498989,-9.31871494021081,-0.0549322095274978
"241417_P3_8205_240124_RES.ADC-CONTROL",78.2129134033017,87.7540699504255,-9.54115654712382,12813.7574190833,10015.069811875,2798.68760720833,-0.191341327388533,0.00343802761609244
"241417_P3_8205_240124_RES.AZD-5305",78.8303305180062,88.159255774599,-9.32892525659271,9431.41367720833,11486.23337,-2054.81969279167,-1.21587741487383,-0.00153196612116078
"241417_P3_8205_240124_RES.AZD-8205",78.2129134033017,86.8846237707911,-8.67171036748935,12813.7574190833,10930.277149181,1883.48026990238,-0.92391558805694,-0.0100394732757138
"241417_P3_8205_240124_RES.CARBOPLATIN",78.2129134033017,-80.0485443979113,158.261457801213,12813.7574190833,7009.595855625,5804.16156345833,4.40797280485254,-0.076018426021623
"241417_P3_8205_240124_RES.SACITUZAMAB-GOVITECAN",78.2129134033017,72.2838988768891,5.9290145264126,12813.7574190833,5795.40070077381,7018.35671830952,1.2596747434883,-0.0645589787437893
"241417_P4_945W_191113_RES.BMN-673",79.1100139047167,70.4728842656232,8.63712963909359,3249.769873,2670.13250525,579.63736775,2.34452999415172,-0.00920350492885877
"241417_P4_SG_111124_RES.SACITUZAMAB-GOVITECAN",86.6651473489345,82.8796620186837,3.78548533025079,33962.38647175,21633.13118275,12329.255289,-81.9324551261008,-0.0168342612316557
"241417_P5_TAX_191009_RES.CARBOPLATIN",88.8306818886991,-19.6859555206462,108.516637409345,14271.3163005,2489.284742,11782.0315585,8.79429290984666,-0.0660207587574737
"241417_P5_TAX_191009_RES.CFI-402257-3ON4OFF+PACLITAXEL",88.8306818886991,-22.9539825438632,111.784664432562,14271.3163005,3169.778185,11101.5381155,8.78803455009152,-0.060025103744566
"241417_P5_TAX_191009_RES.ERIBULIN-LOW",88.8306818886991,-81.5418352850583,170.372517173757,14271.3163005,2717.0222765,11554.294024,12.4004539038297,-0.117643033992258
"241417_P5_TAX_191009_RES.PACLITAXEL",88.8306818886991,85.9373810582186,2.89330083048046,14271.3163005,5610.527046125,8660.789254375,6.83088013149644,-0.00148107057921757
"241417_P5_TRAZ_090625_RES.TRASTUZUMAB-DERUXTECAN",78.1219784350203,85.0130185124194,-6.8910400773991,3148.82881125,9437.23736675,-6288.4085555,2.50993539122362,-0.0151849689566579
"28077.BMN-673",81.9207076813475,53.6505091506673,28.2701985306802,15880.3673966209,6676.60834125,9203.75905537085,7.39856165252015,-0.0121210417530626
"28077.CARBOPLATIN",81.9207076813475,77.4165354422759,4.50417223907164,15880.3673966209,10598.8348775,5281.53251912085,4.65611839441969,0.00202274452601261
"28077.CFI-400945",76.1328640343292,-49.1894778838004,125.32234191813,116056.964027508,4299.29905120833,111757.664976299,-134.038022302604,NA
"28077.CFI-400945-41.6WEEKLY",78.8602704414692,-9.0431243607389,87.9033948022081,87871.0166855078,9767.237599,78103.7790865078,-2.14468201031724,NA
"28077.CFI-400945-5DAILY",80.6007088170095,32.0916199977462,48.5090888192633,9817.63095307143,6889.250504125,2928.38044894643,-16.0743259757246,-0.0226322200546878
"28077.CFI-402257",81.7817300195338,-0.66161468888356,82.4433447084173,20659.3376464869,7985.442155925,12673.8954905619,26.2203803658641,-0.0136339269638363
"28077.CFI-402257-3ON4OFF+PACLITAXEL",80.3881553696151,-53.3149305046711,133.703085874286,60877.5131349531,6957.749870375,53919.7632645781,1479.65463191863,-0.0428111954663256
"28077.CX-5461",79.558803055273,43.3960691121834,36.1627339430896,85130.0775536328,27780.3899465,57349.6876071328,0.328177624322244,-0.00456950020395817
"28077.ERIBULIN",80.6007088170095,-76.1077216014579,156.708430418467,9817.63095307143,1391.1218985,8426.50905457143,13.5181596842489,-0.131842297024512
"28077.ERIBULIN-LOW",81.6599168265265,-69.601481728982,151.261398555508,22762.620675225,1275.63582925,21486.984845975,14.7484545746302,-0.0906657300341334
"28077.PACLITAXEL",80.0568578851805,-49.1422282857968,129.199086170977,81756.4848197578,7869.666904875,73886.8179148828,-52.5738063296658,NA
"28077_P4_CX_171011_RES.CX-5461",34.4741295269613,77.7695961012724,-43.2954665743111,4804.52697575,5992.54351525,-1188.0165395,-3.93746389370306,0.00726772988025122
"28077_P4_TAX_170906_RES.CARBOPLATIN",64.115867607429,78.2189728612201,-14.1031052537911,10738.7477778333,19098.151044,-8359.40326616666,8.06143763776953,0.00802389409703281
"28077_P4_TAX_170906_RES.CDX-011",66.6400126924804,36.5448090030081,30.0952036894723,12723.0089885179,9984.34711225,2738.66187626786,-8.34024177128595,-0.00726844694603979
"28077_P4_TAX_170906_RES.CFI-402257-2ON5OFF+PACLITAXEL-15DAILY",79.27302790459,6.16460099924888,73.1084269053411,45391.375866625,3741.0441635,41650.331703125,24.6754275882622,-0.0138475751347966
"28077_P4_TAX_170906_RES.CFI-402257-3ON4OFF+PACLITAXEL",79.27302790459,-48.3751119259056,127.648139830496,45391.375866625,6350.87323555769,39040.5026310673,-49.6672873124635,NA
"28077_P4_TAX_170906_RES.PACLITAXEL",79.27302790459,-60.0715010874016,139.344528991992,45391.375866625,3581.0994295609,41810.2764370641,-35.4325971951365,NA
"28992.CARBOPLATIN",89.3108465413685,88.262322693937,1.04852384743147,12338.1392819375,5383.781702625,6954.3575793125,24.689169835782,-0.0406459738297326
"28992.CFI-400945",89.3108465413685,88.6102768224636,0.700569718904887,12338.1392819375,8275.3725197125,4062.766762225,44.7074500648913,-0.0626161112848454
"28992.CFI-402257",89.3108465413685,88.6005523858702,0.710294155498246,12338.1392819375,8175.734704,4162.4045779375,-8.94262445396701,-0.0421219767357933
"28992.PACLITAXEL",89.3108465413685,87.5629966688469,1.74784987252156,12338.1392819375,4937.628341,7400.5109409375,14.2817990510139,-0.0516910869841724
"38807.ABT-263",66.901277180676,39.2362107928014,27.6650663878745,78977.6701419431,26938.8325785,52038.8375634431,7.11094738380845,-0.00351678701170965
"38807.AZD-5305",74.712682778101,55.6015455822335,19.1111371958675,27990.2640239966,16349.37418525,11640.8898387466,4.72601525506772,-0.00921128262970072
"38807.AZD-8205",69.885628120009,-74.0810165982881,143.966644718297,95758.3845930681,919.65640075,94838.7281923181,33.801679630772,-0.135403816985574
"38807.BMN-673",69.885628120009,23.2988297660009,46.5867983540081,95758.3845930681,23121.0563415,72637.3282515681,18.5110744168978,0.00551765809877191
"38807.CARBOPLATIN",66.901277180676,42.8661413837651,24.0351357969109,78977.6701419431,35983.51706025,42994.1530816931,9.54059495358894,0.00579015634735569
"38807.CDX-011",74.7650382566001,61.1106254035187,13.6544128530814,30917.0980245347,20850.932941125,10066.1650834097,15.110202052975,-0.0069480182239916
"38807.CFI-400945",64.229315558227,5.33756966542481,58.8917458928022,64204.78794124,23168.8093873869,41035.9785538531,92.9735802132405,-0.000101577804769533
"38807.CFI-400945+ABT-263",64.632531976716,-10.3231084131816,74.9556403898976,68410.3466260125,19470.65460475,48939.6920212625,-26.4507105009777,0.00271525892015501
"38807.CFI-400945-52WEEKLY",69.885628120009,-18.4189112600257,88.3045393800346,95758.3845930681,10503.65447125,85254.7301218181,132.625797976808,0.00463747297245455
"38807.CFI-400945-5DAILY",69.5364444274218,53.8233537063505,15.7130907210713,42196.9770550145,27914.3204778333,14282.6565771812,6.47962265328976,-0.00458526022585691
"38807.CFI-402257",76.758889405656,23.6758156531283,53.0830737525276,19014.5136039055,8727.6730295,10286.8405744055,22.4767777106939,0.00651380478324106
"38807.CFI-402257-3ON4OFF+PACLITAXEL",69.885628120009,-23.6177591842,93.503387304209,95758.3845930681,2544.80145025,93213.5831428181,15.061177493209,NA
"38807.CX-5461",67.5479027079414,4.40018907501604,63.1477136329254,80861.3899055145,27698.3742085,53163.0156970145,253.130396267699,-0.00359997470380131
"38807.DATOPOTAMAB-CONTROL",70.9501458948897,57.4826751355413,13.4674707593485,38172.8457154431,21637.13161625,16535.7140991931,-2.4725317230536,-0.000722594794278003
"38807.ERIBULIN-LOW",68.3903222671104,12.2594570226349,56.1308652444754,86117.6576704848,39150.853871525,46966.8037989598,-12.60642456421,0.0123252617673656
"38807.PACLITAXEL",69.885628120009,-43.4037039156971,113.289332035706,95758.3845930681,1636.642570625,94121.7420224431,626.520407077631,NA
"38807.PACLITAXEL-15DAILY",69.885628120009,-19.7935272146865,89.6791553346954,95758.3845930681,17294.16351981,78464.2210732581,3033.3929640287,NA
"38807.PQ-1-6",76.1050817913263,-80.4556145103842,156.560696301711,5615.55207370506,1621.515780125,3994.03629358006,-42.9474974596982,NA
"38807.PQ-1-6-VEHICLE",76.1050817913263,74.090032121801,2.01504966952535,5615.55207370506,4213.14195425,1402.41011945506,-5.61913815640848,-0.0234614107720042
"38807.SACITUZAMAB-GOVITECAN",64.4071961200363,9.49795153362012,54.9092445864162,57736.870924836,14151.674632,43585.1962928359,12.4601786665566,0.00162710340871317
"38807.TRASTUZUMAB-DERUXTECAN",64.6778877800674,-47.7742308296231,112.452118609691,54324.6904149788,2302.19032875,52022.5000862288,18.0993048064009,NA
"38807_P1_945LD_190502_RES.CFI-400945-5DAILY",55.9951836266181,62.7461314687651,-6.75094784214699,18485.1652455,10906.52942825,7578.63581725001,-0.509966152174357,0.0282004618783757
"38807_P1_945LD_190502_RES.CX-5461",59.9659139442761,-57.2234869127242,117.189400857,3345.9437145,2451.6913715,894.252343,25.0939725131242,-0.0230530441069516
"38807_P1_945LD_190502_RES.PACLITAXEL",55.9951836266181,-62.3283065294169,118.323490156035,18485.1652455,1920.6470255,16564.51822,20.7055785112578,NA
"38807_P1_945_190502_RES.BMN-673",76.1225460451365,-12.631551917998,88.7540979631345,41288.868923875,9576.0002275,31712.868696375,87.3399723002234,-0.00632634234147321
"38807_P1_945_190502_RES.CARBOPLATIN",62.4616876957972,79.8328243458206,-17.3711366500233,16070.668323875,25678.1584015,-9607.490077625,-7.15027896518222,0.0112597220337561
"38807_P1_945_190502_RES.CFI-400945",63.5122339815251,52.7269297916105,10.7853041899146,14460.388323875,9853.1423195,4607.246004375,21.1798233827581,0.00139091354608171
"38807_P1_945_190502_RES.CFI-402257",64.816934084087,7.4073731433445,57.4095609407425,13751.8688953036,8856.92805625,4894.94083905357,-0.967943412549542,-0.00365531882237468
"38807_P1_945_190502_RES.CX-5461",64.1983521171224,64.3603012483149,-0.161949131192515,17898.703323875,21537.52247275,-3638.819148875,-5.53240462899531,0.00102428251217374
"38807_P1_BMN_190717_RES.BMN-673",85.1425350262086,81.7414937121314,3.40104131407722,35603.7263954653,22119.7674638333,13483.958931632,7.16398522481115,-0.00798831103896433
"38807_P1_BMN_190717_RES.CFI-400945",85.1425350262086,-35.8688891228545,121.011424149063,35603.7263954653,7485.58984975,28118.1365457153,14.7304658161801,-0.0766207134501795
"38807_P1_BMN_190717_RES.CFI-400945-5DAILY",85.6984374842227,85.0900515474992,0.608385936723508,11741.0860739375,7527.93833,4213.1477439375,-0.565865730928156,0.000871958478920114
"38807_P1_BMN_190717_RES.CX-5461",85.0190822316402,82.022752388701,2.99632984293916,19675.5744155546,10157.7527005,9517.82171505456,1.6166064652556,-0.00534586476683348
"38807_P1_BMN_190717_RES.ERIBULIN-LOW",85.1425350262086,-76.0528185358663,161.195353562075,35603.7263954653,2736.933914,32866.7924814653,15.7735446802696,NA
"38807_P1_BMN_190717_RES.PACLITAXEL",85.1425350262086,-76.5494317842828,161.691966810491,35603.7263954653,1371.569997,34232.1563984653,9.92121387676409,NA
"38807_P1_CX_200226_RES.BMN-673",NA,75.6267950323387,NA,NA,4139.92052625,NA,NA,NA
"38807_P1_CX_200226_RES.CARBOPLATIN",NA,67.5728895212347,NA,NA,30240.4390845,NA,NA,NA
"38807_P1_CX_200226_RES.CFI-400945-52WEEKLY",NA,72.2248103934681,NA,NA,32818.15332075,NA,NA,NA
"38807_P1_CX_200226_RES.CFI-402257",NA,72.1883049999989,NA,NA,4822.7489125,NA,NA,NA
"38807_P1_CX_200226_RES.CFI-402257-3ON4OFF+PACLITAXEL",NA,-34.4294248274069,NA,NA,2580.4023575,NA,NA,NA
"38807_P1_CX_200226_RES.PACLITAXEL-15DAILY",NA,-35.8541280409571,NA,NA,5314.742047,NA,NA,NA
"38807_P1_ERIBLD_190725_RES.CFI-400945",84.050265085246,37.2475828835266,46.8026822017195,32421.77547,20655.0956185,11766.6798515,-4.84610938818448,-0.0226414912183546
"38807_P1_ERIBLD_190725_RES.ERIBULIN-LOW",83.1931539314152,82.5569491211899,0.63620481022528,17271.95414525,18027.970179875,-756.016034624998,1.6853377794939,-0.00470116185608906
"38807_P2_945W_200318_RES.BMN-673",NA,54.556357033867,NA,NA,9489.864243,NA,NA,NA
"38807_P2_945W_200318_RES.CARBOPLATIN",NA,60.7895526415708,NA,NA,16504.5063025,NA,NA,NA
"38807_P2_945W_200318_RES.CFI-400945-52WEEKLY",NA,68.3428212753011,NA,NA,23052.85727475,NA,NA,NA
"38807_P2_945W_200318_RES.CFI-402257",NA,52.3204707812784,NA,NA,24074.315024,NA,NA,NA
"38807_P2_945W_200318_RES.CFI-402257-3ON4OFF+PACLITAXEL",NA,-7.08164873072712,NA,NA,6826.912828,NA,NA,NA
"38807_P2_ERIBLD_200206_RES.BMN-673",83.4351618526332,-5.31673558548415,88.7518974381173,30829.99903975,6263.993473,24566.00556675,7.37429322432378,-0.0170935900360583
"38807_P2_ERIBLD_200206_RES.CFI-400945",83.4351618526332,50.2319183965924,33.2032434560408,30829.99903975,8120.4016405,22709.59739925,5.11940472607603,-0.0122297558337691
"38807_P2_ERIBLD_200206_RES.CFI-402257",83.4351618526332,45.9488579040716,37.4863039485616,30829.99903975,9676.083088,21153.91595175,10.0225965080546,-0.00519572272724924
"38807_P2_ERIBLD_200206_RES.CX-5461",83.8583909327629,73.450161195305,10.4082297374579,22024.29058975,11778.536139,10245.75445075,6.94582473083787,-0.00833806980546133
"38807_P2_ERIBLD_200206_RES.ERIBULIN",83.4351618526332,7.50762481605,75.9275370365832,30829.99903975,8098.42053125,22731.5785085,8.8540617587755,-0.0211419860314783
"38807_P2_ERIBLD_200206_RES.PACLITAXEL",83.4351618526332,-53.4593717492554,136.894533601889,30829.99903975,6544.65987275,24285.339167,13.343356908995,-0.100076913849941
"38807_P3_945W_201125_RES.BMN-673",83.7194363167471,25.1794549710136,58.5399813457335,20105.47259375,6195.4390005,13910.03359325,25.8591506090468,-0.0248888870658887
"38807_P3_945W_201125_RES.CARBOPLATIN",83.7194363167471,81.1529120495492,2.56652426719791,20105.47259375,20724.37057325,-618.897979500001,-4.56615243688087,-0.0141870839678112
"38807_P3_945W_201125_RES.CFI-400945-52WEEKLY",83.7194363167471,78.0432306285244,5.67620568822268,20105.47259375,13039.69103675,7065.781557,-37.2492085631114,-0.00966498389837252
"38807_P3_945W_201125_RES.CFI-402257",82.6556559198398,81.1631240753191,1.49253184452068,8927.1294145,6949.8929995,1977.236415,1.46460659447548,0.00469708189115117
"44205.BMN-673",78.536537917599,78.2247675270834,0.311770390515534,23125.9192414472,25855.58560375,-2729.66636230277,-3.62330820338281,-0.00564349698622147
"44205.CARBOPLATIN",78.392558082298,66.3250413288591,12.0675167534389,22570.6908361569,17353.74193525,5216.94890090686,-25.2078310345815,-0.00717832758169036
"44205.CDX-011",76.9986675041439,85.4516119107983,-8.4529444066544,13861.6579457242,32856.8813789583,-18995.2234332341,7.54561212213786,0.00214095415908229
"44205.CFI-400945",78.2438477967492,-23.7913437426713,102.03519153942,133316.930792471,26562.506176676,106754.424615795,-220.486838260691,-0.0112115428247736
"44205.CFI-400945-41.6WEEKLY",75.1524321256639,-62.2515496468215,137.403981772485,8672.33374296746,2906.79562175,5765.53812121746,5.57891484264487,-0.0371254494755813
"44205.CFI-402257",78.4438225970173,2.34411129079516,76.0997113062221,82585.8269632207,27211.933188715,55373.8937745057,64.1719983497566,-0.00724030280953585
"44205.CFI-402257-2ON5OFF",79.2228667947081,64.8687344671208,14.3541323275873,32253.3575821103,25497.2813925,6756.07618961032,-2.23305367260371,-0.00694558173778514
"44205.CFI-402257-3ON4OFF",77.5560835616258,78.7362451342173,-1.18016157259154,16537.9815722447,21350.89574425,-4812.91417200529,1.06729840765112,-0.00374390462088917
"44205.CFI-402257-3ON4OFF+PACLITAXEL",79.2115660632148,-36.4353178001847,115.646883863399,44948.2291738258,17743.5421011667,27204.6870726591,-12.4218813660782,-0.0196407839959976
"44205.CX-5461",79.0878244013044,29.68014000553,49.4076843957744,26761.6198994505,12870.145777875,13891.4741215755,23.3998821114686,-0.0104918633617255
"44205.ERIBULIN",78.4438225970173,-3.2768373602236,81.7206599572409,82585.8269632207,28387.42836025,54198.3986029707,-28.1939078106756,-0.013610243467034
"44205.PACLITAXEL",78.2165353345482,8.5198377109562,69.696697623592,121821.230502471,37386.014709375,84435.2157930956,76.5438195505781,-0.016129077559438
"44441.BMN-673",81.1525239976452,76.176516895621,4.97600710202413,5884.65043272083,4254.47590225,1630.17453047083,1.00651925922974,0.0062115649646232
"44441.CARBOPLATIN",80.4186201651891,73.9926070100734,6.42601315511571,7954.21293985238,8015.76965875,-61.5567188976174,3.28776936984495,-0.0101349542668785
"44441.CFI-400945",73.0908355274191,-58.0953601068419,131.186195634261,71865.513795169,8420.24942091667,63445.2643742524,-14.8240568580805,-0.052645437896417
"44441.CFI-400945-52WEEKLY",66.9192926180388,-57.8401229703724,124.759415588411,17585.1601089786,3618.2864225,13966.8736864786,79.6552438433758,-0.0284144105039124
"44441.CFI-402257",67.8393295906361,73.0730499548487,-5.23372036421257,12858.6055193038,11857.043134125,1001.56238517877,-17.9310307118442,0.00983940360443946
"44441.CFI-402257-3ON4OFF",72.1007061819228,54.699673842938,17.4010323389848,61364.032403669,36687.411179375,24676.6212242941,39.8328990640343,-0.00127026466074466
"44441.CFI-402257-3ON4OFF+PACLITAXEL",75.948391061521,-80.0932796725868,156.041670734108,9557.44103616141,1783.43786075,7774.00317541141,-3.51897917073511,-0.131852620283247
"44441.CX-5461",75.532740051863,76.0352760917881,-0.50253603992509,3587.8534410375,4349.62082475,-761.7673837125,-0.628302613839283,0.00127165490242345
"44441.ERIBULIN",75.532740051863,-81.5043429789072,157.03708303077,3587.8534410375,1391.72260225,2196.1308387875,-11.7420930596049,-0.0947917778462349
"44441.ERIBULIN-LOW",73.8818749430406,85.3715178361321,-11.4896428930915,3340.56427719167,10569.81477575,-7229.25049855833,2.64793532632882,0.0389866831259394
"44441.PACLITAXEL",71.1017338699868,-35.9591527815425,107.060886651529,10917.2751181232,7010.48252158333,3906.79259653989,-2.81555400897891,-0.0634318337887193
"44721.BMN-673",65.7508428131038,66.7167020550159,-0.965859241912071,7127.16924331944,7807.720694,-680.551450680557,2.04676786979166,-0.00127223860517246
"44721.CARBOPLATIN",30.2958104813911,-37.6890260890849,67.984836570476,12056.8683961319,8138.185297,3918.68309913195,-1.08278734787465,-0.00617544678233257
"44721.CFI-400945",6.56445723753733,-52.7475486557304,59.3120058932678,15008.2454495625,5694.377648375,9313.8678011875,-4.95730531870583,-0.0192377900721609
"44721.CFI-402257",21.6933757309678,6.88463550599329,14.8087402249745,12839.7840011339,8807.2004765,4032.58352463393,2.22138871710975,0.00504541963083882
"44721.CX-5461",2.33352233929217,-5.63491424320225,7.96843658249442,16240.2874075625,10552.35904025,5687.9283673125,0.342182766571389,-0.00222087262759329
"44721.ERIBULIN",12.7300528895571,-51.8369094511805,64.5669623407377,13802.0101605625,5702.47594375,8099.5342168125,-1.77276728717774,-0.00521560762186575
"44721.EVEROLIMUS",65.9770228553069,-41.6799866458557,107.657009501163,6915.34376497768,5088.014374,1827.32939097768,-4.11609689303559,-0.0135884931123358
"44721.PACLITAXEL",2.33352233929217,-47.3246207895221,49.6581431288142,16240.2874075625,14263.45127075,1976.8361368125,-0.376280670280969,-0.00603090519936756
"46962.CFI-400945",65.3404821198759,-72.9756038069945,138.31608592687,10058.1546562483,8399.09878016667,1659.05587608167,-2.51158613435362,-0.0593605913730222
"46962.CFI-402257",NA,NA,NA,NA,NA,NA,NA,NA
"46962.CX-5461",53.1464482212239,-65.506021018244,118.652469239468,4672.28887699833,2228.13673125,2444.15214574833,-8.85444157599117,-0.0197504109160623
"47904.BMN-673",83.6427623329311,22.0377860276701,61.604976305261,162312.237037333,31683.8864861667,130628.350551166,11.3499667582814,NA
"47904.CARBOPLATIN",83.6678309254536,-59.5774486870605,143.245279612514,137822.014584833,3292.772049375,134529.242535458,12.4562800273763,NA
"47904.CDX-011",83.6427623329311,-72.3732026585528,156.015964991484,162312.237037333,5289.86437616667,157022.372661166,-29.171604561377,NA
"47904.CFI-400945",83.6427623329311,-68.5088761162104,152.151638449142,162312.237037333,16856.1767969367,145456.060240396,-17.7714923563525,NA
"47904.CFI-400945-41.6WEEKLY",83.6678309254536,46.8769156695164,36.7909152559372,137822.014584833,21663.7208505,116158.293734333,5.77215871516596,-0.0188619413983301
"47904.CFI-400945-5DAILY",85.7537337951273,87.4972416916997,-1.7435078965724,12279.6027839977,17989.61562025,-5710.01283625228,29.4971065041086,0.00927278261635804
"47904.CFI-402257",84.8480390866769,77.1997296953626,7.64830939131434,48564.7158272559,22661.3445040196,25903.3713232363,2.40039594654001,-0.0126583014723666
"47904.CFI-402257-2ON5OFF",85.9621270183742,77.3254247542608,8.63670226411344,13793.1367270166,6117.64427925,7675.49244776662,4.20424169706825,-0.00950070797545129
"47904.CFI-402257-2ON5OFF+PACLITAXEL-15DAILY",84.1131314240367,62.9679959789814,21.1451354450553,112758.346643083,29939.3426305,82819.0040125831,4.72584226776127,-0.0205712341869814
"47904.CX-5461",83.7575954979508,5.44499479984687,78.3126006981039,128302.630115333,26830.5691518427,101472.06096349,12.4433810413915,-0.0254794522575138
"47904.PACLITAXEL",84.8427175863592,21.2372343475377,63.6054832388215,52747.3512080224,11652.7143175,41094.6368905224,7.51733027895456,-0.0170629894140236
"47904.PACLITAXEL-15DAILY",85.6100137883333,47.9872738094261,37.6227399789073,23125.5475716928,8626.262287,14499.2852846928,6.30290013253024,-0.0273255101727959
"47904.UNC0642",85.7537337951273,77.190899522777,8.56283427235033,12279.6027839977,7416.9019335,4862.70085049772,6.4357403528957,-0.0227557955778894
"47904_P1_945_160914_RES.CFI-400945",80.4351874544887,-7.41396298578838,87.8491504402771,70361.286391125,19094.7110673452,51266.5753237798,-7.18698557991411,-0.0212882128091323
"47904_P5_945_180926_RES.BMN-673",84.3629548857639,-65.0713176778948,149.434272563659,26645.58721125,7377.553156,19268.03405525,32.6099703655517,-0.0750894958950944
"47904_P5_945_180926_RES.CFI-400945",84.3629548857639,67.7129707509548,16.6499841348091,26645.58721125,16257.1514123571,10388.4357988929,32.4795282157793,-0.0432461110548477
"47904_P5_945_180926_RES.ERIBULIN-LOW",84.3629548857639,-74.9416911147083,159.304646000472,26645.58721125,2901.040866,23744.54634525,16.3539620935996,-0.107762321224504
"47904_P5_945_180926_RES.PACLITAXEL",84.3629548857639,27.0270828985406,57.3358719872233,26645.58721125,9313.372439,17332.21477225,9.30329579803486,-0.0210254357047629
"47904_P6_BMN_190111_RES.BMN-673",87.8531069933965,88.0581703996039,-0.205063406207387,22051.9368692143,25806.649820625,-3754.71295141072,-25.5097190710212,-0.0135532541312919
"47904_P6_BMN_190111_RES.CX-5461",87.8531069933965,83.2878413794582,4.56526561393831,22051.9368692143,8199.524852,13852.4120172143,23.6086281193138,-0.0303159874522669
"47904_P6_BMN_190111_RES.PACLITAXEL",87.4317161204586,88.3441490781894,-0.912432957730857,14815.1776562143,38840.16029475,-24024.9826385357,1.73167435494277,-0.031662362779837
"48041.CARBOPLATIN",70.4524149406327,48.4420643812491,22.0103505593835,12180.0225539896,8868.2536515,3311.76890248958,1018.16454162992,-0.00315955001955154
"48041.CDX-011",69.7090070214112,-60.0714761361291,129.78048315754,14425.0746018486,7037.146824,7387.92777784861,-4.96746898249271,-0.0295184269573908
"48041.CFI-400945",59.9650574962695,-49.5933998284744,109.558457324744,56475.6933641257,15195.8335775,41279.8597866257,-3.84490968211966,-0.0322352673542739
"48041.CFI-400945-5DAILY",63.0041831322287,-69.8993092101993,132.903492342428,1080.50900377679,1101.474858,-20.9658542232144,-1.23418502219788,-0.0297886885587706
"48041.CFI-402257",61.2370781214626,15.1010932031804,46.1359849182822,48018.4142358042,22954.9308915,25063.4833443042,-30.6040133537905,-0.00503697561260443
"48041.CX-5461",58.5672751678256,13.3411214378725,45.2261537299531,60125.1436933935,27840.7836963917,32284.3599970018,6.54103476530745,-0.00410723299545732
"48041.PACLITAXEL",58.5672751678256,-25.119533324272,83.6868084920976,60125.1436933935,17399.7246665,42725.4190268935,-0.640519717068317,-0.00893299890391277
"48041_P2_CX_180620_RES.CX-5461",NA,77.3191628044145,NA,NA,42298.23194825,NA,NA,NA
"48342.BMN-673",88.0356427065849,85.1116052149445,2.92403749164033,27322.1387514541,11617.2514445,15704.8873069541,-0.653396419764897,-0.0367407753677826
"48342.CARBOPLATIN",88.0356427065849,88.4469201497703,-0.411277443185455,27322.1387514541,24120.744121,3201.39463045406,-9.64559808510001,-0.000834453869395044
"48342.CFI-400945",88.0356427065849,84.4792046516064,3.55643805497844,27322.1387514541,20258.0361220167,7064.10262943739,1.16635583651808,-0.059343324181449
"48342.CFI-402257-3ON4OFF",88.0356427065849,86.3038870789254,1.73175562765945,27322.1387514541,11212.540232,16109.5985194541,-1.31982562004034,-0.015351637859383
"48342.CFI-402257-3ON4OFF+PACLITAXEL",88.0356427065849,75.1726559287973,12.8629867777876,27322.1387514541,7904.39847975,19417.7402717041,1.92916967472817,-0.0616188989102079
"48342.CX-5461",88.3845699558024,88.0632746314744,0.321295324327991,22256.1165226207,17638.4834133,4617.63310932072,-13.3465685835653,-0.0185420339642272
"48342.DIPYRIDAMOLE",88.197307242855,87.5642134213093,0.633093821545685,26559.3324259228,17747.544061175,8811.78836474781,-1.56138803176374,-0.0035022225225869
"48342.ERIBULIN",88.3845699558024,72.298025858271,16.0865440975315,22256.1165226207,6293.012553625,15963.1039689957,12.8685166782719,-0.0575877685659229
"48342.FLUVASTATIN",88.4653672290882,88.3861629912735,0.0792042378147642,17867.8386978749,14181.6147065,3686.22399137489,-1.0790388061632,0.00861146977210898
"48342.FLUVASTATIN+DIPYRIDAMOLE",88.3845699558024,88.0664691964057,0.318100759396685,22256.1165226207,16171.5908096667,6084.52571295406,-0.175536219790263,0.00745552876406974
"48342.PACLITAXEL",88.5522052695314,85.4529665983312,3.09923867120023,15954.1588584207,5152.955504,10801.2033544207,3.52513477625998,-0.010479586372183
"48602.ADC-CONTROL",79.6314822028381,51.2608915479274,28.3705906549107,105867.821004791,34985.471328625,70882.3496761656,20.0452622974747,-0.0028458596054026
"48602.AZD-5305",79.4041715040775,60.4479991554514,18.9561723486261,88249.1626843058,41111.83293075,47137.3297535558,22.7728691676554,9.52696699237457e-05
"48602.AZD-8205",79.6819075775468,23.4310574329857,56.2508501445611,113559.119142791,41369.4296685744,72189.6894742162,-14.0977109559633,-0.00507065966774351
"48602.BMN-673",79.8676609893318,12.8279702898077,67.0396906995241,145746.402098291,28629.5411770246,117116.860921266,100.918182436645,-0.00329437369646039
"48602.CARBOPLATIN",77.5399678949472,61.3843890625407,16.1555788324065,47510.6499476006,27689.63898415,19821.0109634506,-117.513971287743,-0.00266103879908417
"48602.CDX-011",80.6771089352724,87.0198405626813,-6.34273162740888,4615.18398157245,7911.978314,-3296.79433242755,-176.712922078387,0.0264663929218873
"48602.CFI-400945",79.8676609893318,-27.1525149014007,107.020175890733,145746.402098291,18362.1778170092,127384.224281281,-79.3293276599384,NA
"48602.CFI-400945-3.75DAILY",77.4682208679126,69.8266581690039,7.64156269890873,10418.5168708865,8301.124887,2117.39198388645,-1.28420086680614,-0.0124285754736551
"48602.CFI-400945-52WEEKLY",79.8676609893318,-47.3053380604643,127.172999049796,145746.402098291,4959.317590125,140787.084508166,-145.8250553514,NA
"48602.CFI-400945-5DAILY",79.4619258888281,-1.71484002488996,81.1767659137181,93548.2147033461,18238.5127273889,75309.7019759572,104.636039545565,-0.005326333633203
"48602.CFI-402257",76.5154649410795,56.2937071088975,20.2217578321821,11858.7067323223,9080.704879,2778.00185332233,-1.50617951339111,-0.00195410972809563
"48602.CFI-402257-2ON5OFF",78.1816197752087,32.846863627389,45.3347561478197,9611.01432741744,6476.22062975,3134.79369766744,-19.6444606870008,-0.0126058151604801
"48602.CFI-402257-2ON5OFF+PACLITAXEL-15DAILY",77.6072130059566,-61.6792626769063,139.286475682863,52520.6227022332,3050.57890425,49470.0437979832,-45.9026686578241,-0.0611614536552209
"48602.CFI-402257-3ON4OFF+PACLITAXEL",79.8676609893318,-39.1662145315253,119.033875520857,145746.402098291,1430.50680825,144315.895290041,61.1759196289248,NA
"48602.CFI-402257-3ON4OFF+PACLITAXEL-15DAILY",79.6314822028381,-45.2354197482476,124.866901951086,105867.821004791,4047.86108075,101819.959924041,189.350461998296,-0.0309582630304503
"48602.CX-5461",75.7043850116938,57.6329303340477,18.0714546776461,14736.4704070251,9232.640316,5503.83009102512,6.77425005828666,0.00392906085603078
"48602.DATOPOTAMAB-DERUXTECAN",79.8676609893318,-41.9042193007421,121.771880290074,145746.402098291,1647.993945,144098.408153291,38.9178168169825,-0.0326545627876769
"48602.ERIBULIN",79.8676609893318,-47.9967640309931,127.864425020325,145746.402098291,1086.378592,144660.023506291,-79.8951742769058,-0.0288959097602836
"48602.ERIBULIN-EXTRALOW",79.2032017282455,76.8847137985202,2.31848792972538,6666.20449591612,7840.6868285,-1174.48233258388,1.17909732879499,-0.00287370323600955
"48602.ERIBULIN-LOW",79.5747424354812,28.8451449425448,50.7295974929364,98144.9772547906,21842.146104,76302.8311507906,70.1795593005692,-0.000617501562460786
"48602.EVEROLIMUS",76.6402371355426,39.098548172279,37.5416889632636,11552.7981397807,5467.71857325,6085.07956653067,3.59846591950787,-0.00465150932131139
"48602.PACLITAXEL",79.8676609893318,-49.3554075419862,129.223068531318,145746.402098291,2338.69758675,143407.704511541,-57.3512526928518,-0.0411204724652051
"48602.PACLITAXEL-15DAILY",75.6625105392847,-65.9475648694519,141.610075408737,20982.589597261,5765.24999895833,15217.3395983026,-21.3559257814422,-0.0771040642142199
"48602.SACITUZAMAB-GOVITECAN",79.7997759127215,54.0080026125141,25.7917733002075,137478.000056291,46534.948897,90943.0511592906,-145.999475644637,-0.00356798162921148
"48602.TRASTUZUMAB-CONTROL",77.6072130059566,34.5929843457408,43.0142286602158,52520.6227022332,39737.18431225,12783.4383899832,0.1507904595369,-0.00348117986362942
"48602.TRASTUZUMAB-DERUXTECAN",79.8676609893318,-67.9055867870369,147.773247776369,145746.402098291,2173.2304885,143573.171609791,-65.8569528367416,-0.0346315044542852
"48602_P2_8205CONT_231129_RES.ADC-CONTROL",87.753617880157,82.5750607302317,5.17855714992528,15157.550961,8308.48116039286,6849.06980060714,59.7350286767646,-0.0506891934178174
"48602_P2_8205CONT_231129_RES.AZD-8205",87.753617880157,71.3220686361435,16.4315492440135,15157.550961,5692.77546607143,9464.77549492857,-32.086265676406,-0.0395818337242047
"48602_P2_8205CONT_231129_RES.SACITUZAMAB-GOVITECAN",87.753617880157,-81.1568713386521,168.910489218809,15157.550961,1491.299634,13666.251327,36.9654266935673,-0.147647397516754
"48602_P2_8205CONT_281123_RES.ADC-CONTROL",NA,86.1911666774833,NA,NA,19047.4731135,NA,NA,NA
"48602_P2_8205CONT_281123_RES.DATOPOTAMAB-CONTROL",NA,84.5124615745875,NA,NA,3945.99328975,NA,NA,NA
"48602_P2_8205CONT_281123_RES.DATOPOTAMAB-DERUXTECAN",NA,-33.9274931909418,NA,NA,1193.436016,NA,NA,NA
"48602_P2_8205CONT_281123_RES.SACITUZAMAB-GOVITECAN",NA,-43.6768902126908,NA,NA,18414.397656,NA,NA,NA
"48602_P2_8205_150224_RES.DATOPOTAMAB-DERUXTECAN",88.7105912715873,-77.5055804535807,166.216171725168,13151.832861875,1220.216028,11931.616833875,14.4731029653853,-0.179983981091267
"48602_P2_8205_150224_RES.TRASTUZUMAB-CONTROL",88.7105912715873,84.8409848785988,3.86960639298846,13151.832861875,7414.60984275,5737.223019125,-48.7219521261941,-0.0636240834225409
"48602_P2_8205_150224_RES.TRASTUZUMAB-DERUXTECAN",88.7105912715873,-73.117389703356,161.827980974943,13151.832861875,1552.646574,11599.186287875,13.8769433832401,-0.152193537700965
"48602_P3_CARBO_170405_RES.BMN-673",81.7083569897181,69.4462354635276,12.2621215261905,20106.5576314167,10159.490145875,9947.06748554167,1.72482768964115,-0.010121595450346
"48602_P3_CARBO_170405_RES.CARBOPLATIN",81.0268815589055,77.9298230137207,3.09705854518475,22727.3358824167,19044.633345125,3682.70253729166,-9.3501468661466,-0.00668957456650621
"48602_P3_CARBO_170405_RES.CFI-400945",81.0268815589055,-62.6078001137646,143.63468167267,22727.3358824167,4674.79844216667,18052.53744025,16.7884804750611,-0.068574230435951
"48602_P3_CARBO_170405_RES.CX-5461",81.0268815589055,-62.8209857932132,143.847867352119,22727.3358824167,7775.39356186905,14951.9423205476,-15.7691653959097,NA
"48602_P3_CARBO_170405_RES.ERIBULIN-LOW",81.0268815589055,-70.3703917045731,151.397273263479,22727.3358824167,3087.06110075,19640.2747816667,16.3020556223874,-0.0790127958184618
"48602_P3_CARBO_170405_RES.PACLITAXEL",81.0268815589055,-78.0400581010068,159.066939659912,22727.3358824167,3277.459043,19449.8768394167,-10.9078487679976,-0.103009290849776
"48602_P3_SG_080824_RES.BMN-673",-79.9047798391581,88.5303687717502,-168.435148610908,6742.51683475,5882.41797975,860.098855,-2.30879161025459,0.0393311008083544
"48602_P3_SG_080824_RES.CARBOPLATIN",-79.9047798391581,86.8730639371126,-166.777843776271,6742.51683475,5527.572071,1214.94476375,-0.797057534508908,0.0138707617995066
"48602_P3_SG_080824_RES.PACLITAXEL",-29.9056083154193,-72.0173178847656,42.1117095693463,11833.573882,1035.995975,10797.577907,1.43986924301505,-0.0925643942881529
"48602_P3_SG_080824_RES.SACITUZAMAB-GOVITECAN",-29.9056083154193,84.8623023015621,-114.767910616981,11833.573882,6624.2552320625,5209.3186499375,0.166553617558269,0.00368688267786563
"48602_P3_TRAZCONT_230524_RES.DATOPOTAMAB-CONTROL",87.0700347883131,-80.9425846559033,168.012619444216,8374.19807925,2151.89194325,6222.306136,-8.25045431161223,-0.169448481526079
"48602_P3_TRAZCONT_230524_RES.DATOPOTAMAB-DERUXTECAN",87.0700347883131,-81.2883166270578,168.358351415371,8374.19807925,1137.20397225,7236.994107,-14.8960611903804,-0.238370517921433
"48602_P3_TRAZCONT_230524_RES.TRASTUZUMAB-CONTROL",87.0700347883131,72.2896517372267,14.7803830510864,8374.19807925,5028.88626175,3345.3118175,-12.1527232979514,-0.0760924133534616
"48602_P3_TRAZCONT_230524_RES.TRASTUZUMAB-DERUXTECAN",87.0700347883131,-76.5402141047524,163.610248893066,8374.19807925,3033.204438,5340.99364125,-8.30485535480523,-0.138859458177497
"48602_P6_BMN_181010_RES.BMN-673",86.406609490102,68.7161208466756,17.6904886434263,45787.224397,14692.5576357014,31094.6667612986,38.9893324564601,-0.0257546450344279
"48602_P6_BMN_181010_RES.CARBOPLATIN",86.406609490102,-40.491823951027,126.898433441129,45787.224397,11785.884178,34001.340219,-55.3085540799535,-0.0370086770481675
"48602_P6_BMN_181010_RES.CDX-011",82.9073222185289,84.5087212681459,-1.60139904961706,10054.6354696458,11719.7593585,-1665.12388885417,-0.292147484502277,-0.000618573590461786
"48602_P6_BMN_181010_RES.CFI-400945-52WEEKLY",86.406609490102,48.3425146926344,38.0640947974676,45787.224397,24227.88474225,21559.33965475,-50.0631897485909,-0.0513408431888908
"48602_P6_BMN_181010_RES.CFI-400945-5DAILY",80.2767494934382,85.1768754503463,-4.90012595690814,6981.3899696875,12094.337598,-5112.9476283125,7.60244236200349,0.00459863930436432
"48602_P6_BMN_181010_RES.CFI-402257",80.2767494934382,86.3508958771416,-6.07414638370345,6981.3899696875,12181.106454,-5199.7164843125,13.847728569851,0.0133614194146873
"48602_P6_BMN_181010_RES.CFI-402257-3ON4OFF+PACLITAXEL",86.406609490102,-79.5274900523154,165.934099542417,45787.224397,2489.7579085,43297.4664885,-99.738273024921,NA
"48602_P6_BMN_181010_RES.CX-5461",82.9073222185289,85.4108619365936,-2.50353971806472,10054.6354696458,11908.40294175,-1853.76747210417,-1.82295396908049,-0.00317169424698345
"48602_P6_BMN_181010_RES.ERIBULIN-LOW",85.1639537632792,60.374281714207,24.7896720490723,26049.3840358,15237.1624545,10812.2215813,337.515430216156,-0.0277782710127111
"48602_P6_BMN_181010_RES.PACLITAXEL",86.406609490102,-67.3548150723006,153.761424562403,45787.224397,2818.01473125,42969.20966575,46.0851747557563,NA
"51706.CFI-400945",84.5335757094803,85.1910137681609,-0.657438058680583,3522.3150875,4232.279464,-709.9643765,-0.147399827201586,-0.00987918000576787
"52226.BMN-673",51.258334739125,20.8473170766653,30.4110176624597,10860.2031118929,11980.68567025,-1120.48255835715,1.7683163970141,0.00193504010955572
"52226.CFI-400945",46.025934783045,-46.574927611053,92.600862394098,19577.27961725,9552.74468875,10024.5349285,-4.71574860381846,-0.0169012654288388
"52226.CFI-402257",50.6247575151076,64.9248666012162,-14.3001090861085,9604.9048113,11060.053132,-1455.1483207,-5.82159472320272,0.00247489748529033
"52226.CX-5461",50.6247575151076,42.900899006813,7.7238585082946,9604.9048113,11663.9431095,-2059.0382982,0.826616625376073,-0.00184231151650052
"53522.CFI-400945",88.9074295451495,76.2054047339339,12.7020248112156,33986.8400037708,23280.903371925,10705.9366318458,-6.90785818257828,-0.104849007423356
"53522.CFI-402257",88.9196925954022,89.0061269414232,-0.086434346021008,14743.1045608958,11166.4510275,3576.65353339584,-1.71812471738863,-0.000373445857249472
"53782.BMN-673",71.9947798478118,38.3297917333835,33.6649881144283,53367.9982854095,19300.202197,34067.7960884095,3.59258790154621,-0.000634805450839219
"53782.CARBOPLATIN",73.2434551585132,51.6930015401152,21.5504536183979,16090.14212725,8453.971672,7636.17045525,2.73420498363445,-0.00130233521461425
"53782.CFI-400945",70.91224183559,5.76274022922954,65.1495016063605,62348.7505428738,15962.025278,46386.7252648738,7.37602884238411,-0.00572275048323735
"53782.CFI-402257",71.956145243075,-13.142898921189,85.099044164264,32539.6116059786,12853.77221675,19685.8393892286,18.3393164182809,-0.0131316693196126
"53782.CX-5461",71.956145243075,58.0066650349435,13.9494802081314,32539.6116059786,28501.924901,4037.68670497857,-1.0206183325286,0.000317814950892381
"53782.PACLITAXEL",67.9473497209728,-23.4175351289384,91.3648848499112,121612.787938035,20930.68661175,100682.101326285,264.963097078813,-0.0144845279209521
"65465.BMN-673",82.8129732495239,87.4001503106033,-4.5871770610794,3756.0361031444,6309.39915575,-2553.3630526056,10.1066484753985,0.0305883130392803
"65465.CARBOPLATIN",84.4803973266289,82.899257186409,1.58114014021999,8527.57148548521,6929.218031,1598.35345448521,6.11402768916874,-0.00204792710186157
"65465.CDX-011",87.1120118157358,-68.8089740818279,155.920985897564,74803.4253342636,1997.39049825,72806.0348360136,-74.8423868222457,-0.0555493001112758
"65465.CFI-400945",86.6115980795633,76.7051529188267,9.90644516073661,45755.4841733886,19207.4028723004,26548.0813010881,-81.8378598838456,-0.0120035812795586
"65465.CFI-400945-2ON5OFF",86.6115980795633,83.8430223123926,2.76857576717073,45755.4841733886,26093.54151415,19661.9426592386,20.7333449322844,-0.00724573815842331
"65465.CFI-400945-41.6WEEKLY",87.1120118157358,32.2175263508383,54.8944854648975,74803.4253342636,15577.86579775,59225.5595365136,-36.125159145899,-0.0336749163184611
"65465.CFI-402257",85.1225987292177,76.1924381193485,8.93016060986922,12885.0517909076,7404.53241808333,5480.51937282428,50.1113284235829,-0.0205205532085812
"65465.CFI-402257-3ON4OFF+PACLITAXEL",87.1120118157358,-73.5176190688946,160.62963088463,74803.4253342636,1871.83462908333,72931.5907051802,-23.1981268785687,-0.0764192083913138
"65465.CX-5461",85.3726294688382,86.414050515807,-1.04142104696879,16381.6467992475,19118.1136010417,-2736.46680179415,33.2595330583582,0.00196114362686769
"65465.ERIBULIN",87.1120118157358,-69.9612819241995,157.073293739935,74803.4253342636,1318.10229475,73485.3230395136,-266.979619132127,-0.109769323862266
"65465.ERIBULIN-EXTRALOW",87.1120118157358,57.4722513017573,29.6397605139785,74803.4253342636,21366.81412,53436.6112142636,-8.52960240600837,-0.0241518347404381
"65465.ERIBULIN-LOW",87.1120118157358,-70.1570049886635,157.269016804399,74803.4253342636,1527.5068025,73275.9185317636,-33.7909771053224,-0.05656599821314
"65465.EVEROLIMUS",84.7247382904282,66.200735446287,18.5240028441412,9711.0694275748,9366.7296895,344.339738074796,-1.48531198778606,-0.0271539369028654
"65465.PACLITAXEL",87.1120118157358,-24.7896973173293,111.901709133065,74803.4253342636,8782.8870435625,66020.5382907011,-88.7473681137813,-0.0276352118808162
"65465_P10_TAX_170921_RES.CARBOPLATIN",85.7078652393209,85.5458537768386,0.162011462482283,23515.0852192917,32022.21626425,-8507.13104495834,1.39471347764825,-0.00667959965581673
"65465_P10_TAX_170921_RES.CDX-011",83.8382865114748,-81.6169014235274,165.455187935002,28394.2247409167,4904.273653,23489.9510879167,-3.3465242721361,NA
"65465_P10_TAX_170921_RES.CFI-402257",86.4533345948257,75.3529557223666,11.1003788724591,8124.01349889881,6026.463362,2097.55013689881,18.2273333491903,-0.0299182673200105
"65465_P10_TAX_170921_RES.PACLITAXEL",83.8382865114748,-78.117683964412,161.955970475887,28394.2247409167,17219.4261659762,11174.7985749405,-0.452868596137077,-0.0412268969632884
"66280.CFI-400945",82.9975238852671,88.1501188936719,-5.15259500840482,4668.71288675,17417.55258105,-12748.8396943,1.96284081775379,0.00358770486943055
"66280_P1_945_141022_RES.CARBOPLATIN",86.7330471145366,-75.2401221811972,161.973169295734,59780.5959823364,15833.7532455,43946.8427368364,-3.1447383383237,-0.0273019161263169
"66280_P1_945_141022_RES.CDX-011",85.8899594269988,-73.881967480488,159.771926907487,74288.7988703364,1135.2888125,73153.5100578364,6.48751468482073,NA
"66280_P1_945_141022_RES.CFI-400945",85.8899594269988,74.8106976335085,11.0792617934903,74288.7988703364,42833.7447777317,31455.0540926047,0.975793232767573,-0.0284491660199126
"66280_P1_945_141022_RES.CFI-400945+CFI-402257",87.023599353814,76.6097103728449,10.413888980969,48031.6828256007,22417.415354875,25614.2674707257,-47.3733475598678,-0.0121743417395538
"66280_P1_945_141022_RES.CFI-400945-41.6WEEKLY",85.8899594269988,-59.0643559008563,144.954315327855,74288.7988703364,14517.8610165,59770.9378538364,8.36287788294272,-0.0582142282467228
"66280_P1_945_141022_RES.CFI-400945-52WEEKLY",85.8899594269988,-67.0175105057748,152.907469932774,74288.7988703364,10409.5115165,63879.2873538364,5.98631486782152,-0.088837077531612
"66280_P1_945_141022_RES.ERIBULIN-LOW",85.8899594269988,-67.7287774160379,153.618736843037,74288.7988703364,1702.7697,72586.0291703364,3.96386170950654,NA
"66280_P2_945_150205_RES.CFI-400945",85.9055907554365,-16.3092683219093,102.214859077346,42342.88974285,22366.4773496548,19976.4123931952,-3.24207471620122,NA
"66292.BMN-673",87.634131292319,88.0439273505975,-0.40979605827853,9276.60758275,8076.52010375,1200.087479,0.538069555615513,0.0216032533666491
"66292.CARBOPLATIN",87.7206832409709,87.6455273318247,0.0751559091461758,15527.3053591666,13273.41481125,2253.8905479166,-0.161453743484123,-0.00280306629213996
"66292.CFI-400945",88.1670156395064,86.6715585372866,1.49545710221985,46914.543010793,27036.4674018125,19878.0756089805,190.72958037,-0.020485577862533
"66292.CFI-400945-52WEEKLY",87.9891959874217,87.0031623103949,0.986033677026825,31838.606516293,22511.888079375,9326.718436918,21.1270139044523,-0.0260450322612099
"66292.CFI-402257",87.7490708419692,87.911676317838,-0.162605475868702,11951.8043597565,9706.785306,2245.01905375648,0.123384385036378,0.013505321096737
"66292.CFI-402257+PACLITAXEL-40DAILY",87.7484541650173,89.0206936649733,-1.27223949995597,12828.528971844,22752.406139,-9923.87716715602,-5.92132414764365,0.0262317627454732
"66292.CFI-402257-3ON4OFF+PACLITAXEL",87.6139794111867,86.2633819269619,1.35059748422476,21108.4778032374,15151.1167104583,5957.3610927791,12.211866473235,-0.0241320925654059
"66292.CX-5461",87.634131292319,83.5701296740124,4.06400161830655,9276.60758275,4708.77716475,4567.830418,6.14273031629953,-0.0332318119650802
"66292.ERIBULIN",87.7299257645484,87.6308291356739,0.0990966288744346,11075.4896299148,9239.470872,1836.01875791482,0.19812141609656,-0.0111026053958865
"66292.PACLITAXEL",87.7484541650173,88.8488610697745,-1.10040690475719,12828.528971844,19179.5029205,-6350.97394865602,-9.4963917031324,0.0254313047582031
"66292.PACLITAXEL-40DAILY",87.7490708419692,86.6684711015346,1.08059974043464,11951.8043597565,12394.3521975,-442.547837743516,-19.4331889841943,-0.0331230929593009
"66684.CARBOPLATIN",81.4567465405054,-75.0155423180762,156.472288858582,88211.252425181,3415.989695,84795.262730181,495.205585325288,-0.0879931039937202
"66684.CFI-400945",81.4567465405054,77.9451983672681,3.51154817323727,88211.252425181,60254.9737316803,27956.2786935007,14.6121382589268,-0.00144453144034105
"66684.CFI-400945-6DAILY",81.3370177109086,13.2168657420388,68.1201519688698,84184.070587181,17790.37898175,66393.691605431,35.7946500767087,-0.00973484105242441
"66684.CFI-402257-3ON4OFF",76.4914672494954,72.9732535396914,3.51821370980396,14634.8938128968,14483.8109367917,151.082876105158,-6.30157958746238,-0.00236839522202405
"66684.PACLITAXEL",81.2238599844536,28.0091720723454,53.2146879121081,78836.571393181,21092.85844075,57743.712952431,131.188891742214,-0.00303710348060143
"66684_P1_945_151023_RES.CFI-400945",NA,77.2379354732571,NA,NA,37512.024633625,NA,NA,NA
"66684_P2_945_160701_RES.CFI-400945",68.2501354383875,54.8948765873667,13.3552588510208,22804.56144525,17517.8599339792,5286.70151127083,-1.85407934771316,-0.00218269513864019
"66817.BMN-673",70.2656453559352,-26.0417456220213,96.3073909779565,9408.07971700179,5502.137530375,3905.94218662679,-43.9357423455861,-0.0177407475656134
"66817.CARBOPLATIN",71.1092235277574,-46.153926427388,117.263149955145,7522.4408184375,5272.517108,2249.9237104375,-1.42764072984892,-0.0189376468592646
"66817.CDX-011",70.3412860973588,-47.7354727307044,118.076758828063,17130.2293929631,9287.298738,7842.9306549631,-2.70417619112885,-0.015525571077039
"66817.CFI-400945",71.264838581102,-74.4771060146345,145.741944595737,5290.40900043854,1869.734486,3420.67451443854,-65.5721510991245,-0.111854739955712
"66817.CFI-400945-5DAILY",68.015266441724,-53.6343469180635,121.649613359788,33388.8750144631,6243.297757,27145.5772574631,-18.941548801642,-0.0283775502753374
"66817.CFI-402257",71.2629478968454,51.6936996868365,19.5692482100089,7063.81487945417,8070.838656125,-1007.02377667083,-2.20283793704102,-0.00871723850510692
"66817.CX-5461",71.0276990591291,-67.9899730158404,139.01767207497,7987.011324175,5943.653223625,2043.35810055,-2.74543549681323,-0.0350503963677103
"66817.ERIBULIN-EXTRALOW",68.3594887252094,-32.1195628583481,100.479051583558,36501.0578724631,15154.02971075,21347.0281617131,-2.92728480991317,-0.00678411132153847
"66817.ERIBULIN-LOW",76.1084621404865,-86.4569356071465,162.565397747633,734.714493745833,706.612103,28.1023907458333,-1.86993978258504,-0.218172049509087
"66817.EVEROLIMUS",71.3002935858822,60.672073594638,10.6282199912442,6380.26418030833,7525.9073825,-1145.64320219167,0.995012290612004,-0.00707120226808786
"66817.PACLITAXEL",68.4215008817759,-41.296088164333,109.717589046109,25797.5048174631,19903.49117925,5894.01363821311,-1.1685588555238,-0.015881313732327
"66817.PACLITAXEL-15DAILY",70.3412860973588,-30.6616394072452,101.002925504604,17130.2293929631,6256.669968875,10873.5594240881,17.6878708421808,-0.0169057946181195
"67455.CARBOPLATIN",22.1764952309114,68.5573878436534,-46.3808926127421,3909.999761625,3409.46981175,500.529949875,1.63023033323937,0.0210104940479033
"67455.CFI-400945",22.1764952309114,-77.165380703125,99.3418759340364,3909.999761625,1557.4772145,2352.522547125,3.65545371811061,-0.0599615430015069
"67455.CX-5461",22.1764952309114,-25.267748425832,47.4442436567434,3909.999761625,2305.29702,1604.702741625,1.94909841807195,-0.0106583484991682
"67455.PACLITAXEL",22.1764952309114,-73.015819715372,95.1923149462834,3909.999761625,1605.33009225,2304.669669375,2.98902541519821,-0.0498998397641325
"67725.BMN-673",86.4282092280991,64.6576589970319,21.7705502310672,44157.5203599031,12234.699056125,31922.8213037781,60.8195031150146,-0.0319755073548261
"67725.CARBOPLATIN",88.3614632251239,86.47959304462,1.88187018050391,19029.992634025,11219.065064125,7810.9275699,647.594022001168,-0.0162207015274002
"67725.CDX-011",87.8002390539442,89.6311284470491,-1.83088939310495,4396.2384869184,15544.047758,-11147.8092710816,28.99802340017,0.0992498795697724
"67725.CFI-400945",86.1984981145777,81.5741108918799,4.62438722269772,52216.6778762781,28435.2564453238,23781.4214309543,-15.7428422604081,-0.0129571568695039
"67725.CFI-400945+CFI-402257",88.3915002186392,88.3143974881312,0.0771027305079741,21723.83761825,21714.50509615,9.33252210000137,-14.1209584299929,0.000238121098517448
"67725.CFI-400945-2ON5OFF",88.3915002186392,88.5688335698741,-0.177333351234907,21723.83761825,24401.93575945,-2678.0981412,4.51396082587555,0.0084251408595743
"67725.CFI-400945-41.6WEEKLY",87.650002205214,70.8955273023156,16.7544749028984,26530.338474115,7560.391911375,18969.94656274,23.6313751089127,-0.0437349524720711
"67725.CFI-400945-52WEEKLY",87.3134439747363,71.4436345829663,15.86980939177,28858.8484003083,8396.77246375,20462.0759365583,21.0136277980527,-0.0378136215455318
"67725.CFI-402257",88.3915002186392,88.803833344175,-0.41233312553581,21723.83761825,28407.21961915,-6683.3820009,59.15215647742,0.00855207566411185
"67725.CFI-402257-3ON4OFF+PACLITAXEL",86.1984981145777,-4.97888637405558,91.1773844886332,52216.6778762781,11454.23281575,40762.4450605281,-20.3664439148435,-0.0340337742608486
"67725.CX-5461",88.2064010831346,81.4123663185213,6.7940347646133,23567.156704325,11355.829107625,12211.3275967,-6.24715340174935,-0.0296920041162141
"67725.ERIBULIN",86.1984981145777,-51.3752970664349,137.573795181013,52216.6778762781,5841.2737575,46375.4041187781,107.908462976148,-0.0543777851057528
"67725.ERIBULIN-LOW",88.3331441141134,89.0710548248366,-0.737910710723213,16538.9061057083,28575.132729375,-12036.2266236667,9.49495380036308,0.018992846564512
"67725.PACLITAXEL",87.0624922775334,84.124716254618,2.93777602291539,31654.8065904,21649.6666780833,10005.1399123167,0.373172505469966,-0.0332980137902569
"67725_P10_945_170908_RES.CFI-400945",82.4199549882429,68.6297185590908,13.7902364291521,13984.10566625,8676.82317625,5307.28249,-51.5199660197779,-0.0119188796126671
"67725_P10_945_170908_RES.CFI-400945-52WEEKLY",82.4199549882429,-60.288493405541,142.708448393784,13984.10566625,5531.61987925,8452.485787,-9.31445635761713,-0.0440615292845222
"67725_P10_945_170908_RES.PACLITAXEL",82.4199549882429,5.46859904513417,76.9513559431087,13984.10566625,7159.29781075,6824.8078555,-6.72403628237788,-0.0241307606490555
"67790_P7_945_160810_RES.CFI-400945",NA,-60.6314647009462,NA,NA,2694.644723,NA,NA,NA
"67990.BMN-673",83.307551845613,68.9561490028594,14.3514028427535,11499.52259159,6638.2488235,4861.27376808996,8.80161331088541,-0.00407700655903921
"67990.CARBOPLATIN",82.2442965587526,84.7436166266367,-2.49932006788417,8058.43028193719,9773.850634375,-1715.42035243781,-12.7861198003031,0.00309362571047109
"67990.CFI-400945",85.6756007775523,-69.4958450300899,155.171445807642,67030.2337318668,3153.78763906746,63876.4460927993,115.946772023768,NA
"67990.CFI-400945-41.6WEEKLY",85.3872792523666,-77.917865055559,163.305144307926,27942.3600470197,4677.65818725,23264.7018597697,-34.5524347086975,NA
"67990.CFI-400945-5DAILY",85.6756007775523,-16.224631926953,101.900232704505,67030.2337318668,7126.5288775,59903.7048543668,20.5491160003207,-0.0324020573021088
"67990.CFI-400945-6DAILY",85.6756007775523,-66.9031147676564,152.578715545209,67030.2337318668,11883.51443915,55146.7192927168,-39.1500318452991,NA
"67990.CFI-402257",85.3872792523666,76.8746978500334,8.51258140233317,27942.3600470197,17270.767775,10671.5922720197,-16.6357286187215,-0.00955458002227356
"67990.CX-5461",85.8996881685576,35.0894647438797,50.8102234246779,48242.6750505001,15367.7520584167,32874.9229920834,-411.808170489493,-0.0182519308671354
"67990.ERIBULIN",85.6756007775523,-76.4792386008074,162.15483937836,67030.2337318668,3192.40415525,63837.8295766168,-26.004603966112,NA
"67990.ERIBULIN-LOW",85.3872792523666,-71.9169734118812,157.304252664248,27942.3600470197,1513.397455,26428.9625920197,21.9405690384519,-0.139205281865148
"67990.PACLITAXEL",85.6756007775523,-69.5504371777614,155.226037955314,67030.2337318668,3379.388695625,63650.8450362418,124.333614300661,-0.115366890907521
"67990.PACLITAXEL-15DAILY",83.7211736388241,-75.4679237160645,159.189097354889,15557.73426009,3265.623729,12292.11053109,26.3480597524072,-0.131851925541988
"68941.CDX-011",72.470236035916,-47.2262492361972,119.696485272113,131685.841899729,35965.396695375,95720.4452043541,-1.53096261641823,NA
"68941.CFI-400945",73.8620027654323,6.79624034414486,67.0657624212875,114174.60059539,41285.8484385089,72888.7521568809,-9.24481405921748,-0.0159674075998842
"68941.CFI-400945-2ON5OFF",78.8549549880253,82.9481896706094,-4.09323468258404,10435.2156039321,15282.547259,-4847.3316550679,2.23795721638963,-0.00970741086938704
"68941.CFI-402257-2ON5OFF+PACLITAXEL-15DAILY",68.1696738709341,3.48653829866602,64.6831355722681,156670.419072729,51338.144774125,105332.274298604,-4.8300242100097,-0.00655334043418361
"68941.CX-5461",78.3031595933825,-6.51658337158635,84.8197429649689,7069.94946147222,8887.1879615,-1817.23850002778,1.37570132303682,-0.0109847197912047
"68941.ERIBULIN-EXTRALOW",72.0108223420493,-2.86323601961001,74.8740583616593,137696.118635979,24436.67800765,113259.440628329,18.8512054979067,-0.00846057243826008
"68941.PACLITAXEL-15DAILY",78.7098671966127,69.6606304817166,9.04923671489613,9677.42934974691,8481.46096305,1195.96838669691,3.72940456020237,0.00973103594283777
"69196.BMN-673",83.2311640046919,-27.3507232946958,110.581887299388,21639.572219288,8468.607253875,13170.964965413,209.775270679377,-0.0301842721841234
"69196.CARBOPLATIN",83.1995714487491,79.6213298667792,3.57824158196995,19167.6465111704,9410.5665725,9757.0799386704,-6.1961410762943,0.0106031507538808
"69196.CDX-011",81.3474136763489,-55.1423273875855,136.489741063934,46931.3350093848,4698.6321335,42232.7028758848,14.9100481438477,-0.0381118220286867
"69196.CFI-400945",81.0477265323943,-65.539673804732,146.587400337126,54051.2997981348,7123.21279813576,46928.0869999991,-15.7681656386231,-0.059994990960713
"69196.CFI-400945+CFI-402257",83.2250331725784,74.625337602147,8.59969557043139,17994.0615713079,11418.35080355,6575.71076775786,8.70112619378514,-0.0183254181662935
"69196.CFI-400945-2ON5OFF",83.2250331725784,-9.65469496782288,92.8797281404013,17994.0615713079,7338.084274125,10655.9772971829,21.6672100863474,-0.0464205398069475
"69196.CFI-400945-41.6WEEKLY",83.1995714487491,-73.9410899049278,157.140661353677,19167.6465111704,1519.12822125,17648.5182899204,14.4875257116424,-0.138878187262579
"69196.CFI-400945-5DAILY",83.2840210232578,14.6997764582322,68.5842445650256,27094.6227905767,7869.61741325,19225.0053773267,10.7330714776024,-0.0196590107375437
"69196.CFI-402257",83.2250331725784,68.3178981178914,14.9071350546869,17994.0615713079,8287.986615,9706.07495630786,7.50178946750787,-0.00400125959764355
"69196.CFI-402257-2ON5OFF",82.5968443863061,78.277628956652,4.31921542965412,10031.3459872426,7492.6728415,2538.6731457426,4.07027096164118,-0.00318902677373237
"69196.CFI-402257-2ON5OFF+PACLITAXEL-15DAILY",81.0477265323943,-51.5360004716679,132.583727004062,54051.2997981348,13023.31029225,41027.9895058848,-9.28723420926509,-0.027996819612075
"69196.CFI-402257-3ON4OFF+PACLITAXEL",81.0477265323943,-62.7638482061859,143.81157473858,54051.2997981348,2185.7970715,51865.5027266348,21.4035121817018,-0.0537066314972301
"69196.CFI-402257-3ON4OFF+PACLITAXEL-15DAILY",81.0477265323943,-51.8405307442381,132.888257276632,54051.2997981348,10476.056579,43575.2432191348,-93.9079947118887,-0.0338290441921475
"69196.CX-5461",82.0835410090946,53.0866041209845,28.9969368881101,35676.4652537479,18904.607068375,16771.8581853729,-13.1628714899102,-0.018423476339936
"69196.ERIBULIN",81.0477265323943,-62.2224996132417,143.270226145636,54051.2997981348,1617.94823625,52433.3515618848,13.1080754970395,-0.0793757431842833
"69196.ERIBULIN-LOW",81.0477265323943,-49.5373046428986,130.585031175293,54051.2997981348,2428.50679625,51622.7930018848,6.15795616078685,-0.0416029346625851
"69196.EVEROLIMUS",82.9803161753245,54.6107887263192,28.3695274490053,15002.5088454189,9053.2885305,5949.22031491895,-10.919907658534,-0.012985583182343
"69196.PACLITAXEL",81.0477265323943,-58.0428251863927,139.090551718787,54051.2997981348,10129.596254,43921.7035441348,-9.19837301714749,-0.0298634595269689
"69196.PACLITAXEL-15DAILY",81.0477265323943,29.3929344560944,51.6547920763,54051.2997981348,18508.603794875,35542.6960032598,7.1667582680443,-0.0218112262301726
"69196.UNC0642",82.8235287363095,81.2321633439856,1.59136539232392,12899.7457861361,11252.806598875,1646.93918726108,9.06329964468466,-0.000635775768863058
"69196_P3_945_150528_RES.CFI-400945",84.9821103154638,-52.5351527964243,137.517263111888,50282.708083374,6921.91732640293,43360.7907569711,474.957922922201,-0.0457182647137318
"69196_P3_945_150528_RES.CFI-400945-52WEEKLY",85.2856991578352,-77.8722941431166,163.157993300952,5879.84065734167,1255.2779525,4624.56270484167,9.53335702994866,-0.137198905645479
"69196_P8_TAX_170824_RES.PACLITAXEL",81.7461663291033,-76.8557880903297,158.601954419433,4087.55338125,2455.19180433333,1632.36157691667,-20.2202197692711,-0.104157320030649
"69693.ADC-CONTROL",86.0567950334528,85.9571685410816,0.0996264923712005,23296.6812089512,23641.6340262083,-344.952817257097,19.648987839057,-0.00247726703850168
"69693.AZD-5305",87.5505754289675,54.2098221415093,33.3407532874583,133336.138744109,15437.105722,117899.033022109,161.424503143677,-0.0301342606258831
"69693.AZD-8205",87.6376139532141,-61.5696883467381,149.207302299952,147643.393975609,1912.4850824527,145730.908893156,385.554750336087,-0.0741747306790634
"69693.BMN-673",87.4287619992151,56.7140456551631,30.7147163440521,112601.533655734,13497.739736875,99103.7939188586,961.086751467993,-0.0274486800932468
"69693.CFI-400945",87.6376139532141,64.4435497849243,23.1940641682898,147643.393975609,26447.9640717778,121195.429903831,333.766340377079,-0.0277483887929622
"69693.CFI-400945-2ON5OFF",86.5363096777316,81.364892288098,5.17141738963353,45983.3234382336,17334.15595675,28649.1674814836,13.5939698853052,-0.00897631788547187
"69693.CX-5461",86.874617528285,55.3276784463599,31.5469390819252,59588.9048923586,16089.6575035,43499.2473888586,-94.0262755470967,-0.0423226181999915
"69693.DATOPOTAMAB-CONTROL",85.249468094706,85.1551618768998,0.094306217806249,7860.1745472773,7826.1288755,34.0456717772995,9.8880208574093,0.00933061743013037
"69693.DATOPOTAMAB-DERUXTECAN",87.6376139532141,-62.4286992563932,150.066313209607,147643.393975609,1413.82813375892,146229.56584185,-254.321519182319,NA
"69693.SACITUZAMAB-GOVITECAN",87.6376139532141,-49.1267145514948,136.764328504709,147643.393975609,5064.69755046429,142578.696425144,-135.349882397752,-0.0465161290463158
"69693.TRASTUZUMAB-CONTROL",87.5505754289675,57.0851829788481,30.4653924501194,133336.138744109,22660.70040625,110675.438337859,-161.167239872003,-0.0256516767150722
"69693.TRASTUZUMAB-DERUXTECAN",87.6376139532141,-70.7523037491603,158.389917702374,147643.393975609,842.867455,146800.526520609,369.331957047945,-0.0887500488737741
"69693_P5_945_150703_RES.CFI-400945",86.9482720493228,62.4241385082275,24.5241335410952,31398.8147171667,9979.92202275,21418.8926944167,12.7614191384704,-0.0280665905226454
"69693_P5_945_151023_RES.CFI-400945",84.4005473256778,78.1415562364391,6.25899108923863,44162.1012171214,26599.5182294083,17562.5829877131,115.911062984208,-0.0105596303160187
"69693_P5_945_151023_RES.PACLITAXEL",81.9914599599122,-3.28377107013577,85.275231030048,7926.65730107321,6429.2074005,1497.44990057322,-4.06398666798849,-0.0360618872954137
"69693_P7_5305_240228_RES.ADC-CONTROL",87.7050975390426,86.4256150933343,1.27948244570833,7735.477633,8255.77430175,-520.296668749999,10.8828636097686,-0.0232447198555951
"69693_P7_5305_240228_RES.AZD-5305",87.310242898906,84.124244876769,3.185998022137,12830.343009,9067.67278736086,3762.67022163914,-4.28655988648062,-0.0250814129625928
"69693_P7_5305_240228_RES.AZD-8205",87.310242898906,-69.76401789769,157.074260796596,12830.343009,1356.931894,11473.411115,86.8830176682774,-0.0762444678776375
"69693_P7_5305_240228_RES.BMN-673",87.310242898906,83.1315194404174,4.17872345848859,12830.343009,6895.49756835417,5934.84544064583,-4.72704552440745,-0.0200715048860561
"69693_P7_5305_240228_RES.CARBOPLATIN",87.7050975390426,86.3003724396127,1.40472509942991,7735.477633,6328.589654625,1406.887978375,-5.84886137194808,-0.0189569647923673
"69693_P7_5305_240228_RES.SACITUZAMAB-GOVITECAN",87.310242898906,-55.3468299422924,142.657072841198,12830.343009,2590.24713166071,10240.0958773393,91.1353636742222,-0.102077514148245
"69693_P9_DATOCONT_240731_RES.TRASTUZUMAB-DERUXTECAN",86.6904458619017,-73.6942070907167,160.384652952618,7850.214783,1822.6843115,6027.5304715,-29.5904200353241,-0.173573069029235
"69693_P9_DATOCONT_310724_RES.DATOPOTAMAB-CONTROL",85.9868192177916,83.5070354457051,2.47978377208644,5372.6053305,4234.6479475,1137.957383,15.3513847598316,-0.0176041042856074
"69693_P9_DATOCONT_310724_RES.DATOPOTAMAB-DERUXTECAN",85.9868192177916,-77.7210528350615,163.707872052853,5372.6053305,706.65234075,4665.95298975,34.0690347578738,-0.184734761480914
"69693_P9_DATOCONT_310724_RES.TRASTUZUMAB-DERUXTECAN",85.9868192177916,-63.5265329008421,149.513352118634,5372.6053305,1520.561526,3852.0438045,21.501568161875,-0.114036744427371
"70620.BMN-673",83.1125173709563,70.9533664034705,12.1591509674858,12049.9535524476,8598.76311125,3451.19044119762,-23.565787713221,-0.0235491898483676
"70620.CARBOPLATIN",84.82384752549,83.0827192343536,1.74112829113642,22968.7641127693,21252.77404725,1715.99006551934,-10.7308051413,-0.0073207791121835
"70620.CFI-400945",84.82384752549,48.0930611971419,36.7307863283481,22968.7641127693,7260.97031275,15707.7938000193,28.5085679328365,-0.0241529168422732
"70620.CFI-400945-41.6WEEKLY",85.6973686372419,22.404988736859,63.2923799003829,56189.2166775193,10365.2207366667,45823.9959408527,48.8979889166994,-0.0312019056701249
"70620.CFI-402257",85.6973686372419,68.1961580738892,17.5012105633528,56189.2166775193,18092.65191815,38096.5647593693,80.8907356647124,-0.0124146982624769
"70620.CFI-402257-2ON5OFF",81.300248768784,88.2613873395518,-6.96113857076787,6166.33488927381,19096.3357425,-12930.0008532262,15.2394018954315,0.0234259528313825
"70620.CFI-402257-2ON5OFF+PACLITAXEL-15DAILY",81.4606820236585,88.7216746731439,-7.26099264948532,6864.10026579762,22406.431871,-15542.3316052024,22.5575262047777,0.0492245836880286
"70620.CFI-402257-3ON4OFF+PACLITAXEL",85.6973686372419,-59.3061281227518,145.003496759994,56189.2166775193,15480.7504355,40708.4662420193,-10.9319745760665,-0.0429161804022616
"70620.CX-5461",84.125866195536,24.4066411964234,59.7192249991126,16571.9813909137,6124.53281675,10447.4485741637,79.8480702799696,-0.0250975842259964
"70620.ERIBULIN",81.300248768784,74.7064639691913,6.59378479959261,6166.33488927381,7055.331047,-888.99615772619,-2.46436039253715,-0.0208816622782649
"70620.ERIBULIN-LOW",81.9646881140619,71.5170755021765,10.4476126118853,8421.09807325,10689.72386425,-2268.625791,-0.157201426221414,-0.0189954287127822
"70620.EVEROLIMUS",81.9646881140619,83.0061022185443,-1.04141410448247,8421.09807325,10993.77878925,-2572.680716,2.02327139412606,-0.00257560158759033
"70620.PACLITAXEL",83.1125173709563,-50.1548404441872,133.267357815143,12049.9535524476,6025.1675905,6024.78596194762,-8.80781866898159,-0.0372367323348508
"70620.PACLITAXEL-15DAILY",81.300248768784,87.7703402747431,-6.47009150595915,6166.33488927381,12542.730263,-6376.39537372619,341.611974987289,0.0411584934839633
"70620_P4_TAX_161103_RES.CFI-402257-2ON5OFF+PACLITAXEL-15DAILY",81.8225677328049,72.5672754171103,9.25529231569462,8088.28305635714,5849.542216625,2238.74083973214,26.1165090235255,-0.00779166929498063
"70620_P4_TAX_161103_RES.CFI-402257-3ON4OFF+PACLITAXEL",83.9753450986997,-4.88523410746,88.8605792061597,16273.8626295238,6493.1361715,9780.72645802381,-43.133250594381,-0.0310853312726205
"70620_P4_TAX_161103_RES.ERIBULIN",84.5939512322701,-76.7326755011112,161.326626733381,26885.7976877738,2252.51069675,24633.2869910238,-34.4024652794548,-0.152476791610103
"70620_P4_TAX_161103_RES.PACLITAXEL",84.5939512322701,47.5880662544741,37.005884977796,26885.7976877738,8461.418307625,18424.3793801488,28.1365488357984,-0.0179078977083436
"70620_P4_TAX_161103_RES.PACLITAXEL-15DAILY",84.5939512322701,11.6310051286917,72.9629461035784,26885.7976877738,6346.37613775,20539.4215500238,29.6029340801104,-0.027519148057543
"70620_P4_TAX_161103_RES.PACLITAXEL-40DAILY",84.1214373978839,82.1229548355927,1.99848256229119,21003.6837677738,21084.1925575,-80.5087897261947,0.735755498098457,-0.00299052062163952
"70620_P4_TAX_161114_RES.PACLITAXEL",NA,83.8351631320285,NA,NA,11217.5850635,NA,NA,NA
"70620_P6_945W_170901_RES.CFI-400945",87.5417434620287,81.6503317851492,5.8914116768795,27275.1413069323,18372.2488725,8902.89243443229,-16.4656758291637,-0.0487750091905648
"70620_P6_945W_170901_RES.CFI-400945-41.6WEEKLY",88.081066203057,85.798805284976,2.28226091808106,50752.5310849323,30607.358462375,20145.1726225573,-71.2189924067756,-0.0221807359827872
"70620_P6_945W_170901_RES.CFI-400945-52WEEKLY",88.6292252678193,68.8393316987718,19.7898935690475,104051.409384932,19260.8707775667,84790.5386073656,-110.928733611959,-0.0486794560116159
"70620_P6_ERIB_170713_RES.CFI-400945",84.497892391742,75.7818667656881,8.71602562605393,7491.92506406905,6650.865678,841.059386069048,-2.21173272639786,-0.0305937153009387
"70620_P6_ERIB_170713_RES.CFI-400945-52WEEKLY",84.7927118024055,75.5813916172045,9.21132018520093,8505.75214140238,6821.09232825,1684.65981315238,-6.30734022386457,-0.0386266886245435
"70620_P6_ERIB_170713_RES.CFI-402257-2ON5OFF",84.497892391742,2.35025799368746,82.1476343980545,7491.92506406905,3252.0933335,4239.83173056905,48.0888975159186,-0.0355389824952919
"70620_P6_ERIB_170713_RES.CFI-402257-3ON4OFF+PACLITAXEL",84.497892391742,84.4850054960879,0.0128868956541623,7491.92506406905,8225.153145,-733.228080930952,0.239622460542835,-0.015135413627362
"70620_P6_ERIB_170713_RES.CX-5461",84.497892391742,88.7097616326008,-4.21186924085883,7491.92506406905,22109.70998225,-14617.784918181,9.11807673898695,0.0213661820364591
"70620_P6_ERIB_170713_RES.ERIBULIN",85.6510231412057,89.0515389869636,-3.40051584575791,11245.166547369,40411.3719510208,-29166.2054036518,36.0193083154883,0.0355550149857298
"70620_P6_ERIB_170713_RES.PACLITAXEL",83.7146911556011,85.8711035487052,-2.15641239310409,5398.32997479821,7273.06332575,-1874.73335095179,4.94124061890783,-0.00887913379614081
"70620_P6_ERIB_170713_RES.PACLITAXEL-40DAILY",84.497892391742,86.1594683966634,-1.6615760049214,7491.92506406905,9875.865166,-2383.94010193095,5.86784253113066,-0.00798772304787988
"70620_P6_TTK_170718_RES.CFI-402257",84.711463089412,85.7661828132496,-1.05471972383752,12251.595244375,13486.799881375,-1235.204637,-35.4711968178936,-0.00203672784023061
"70620_P6_TTK_170718_RES.CFI-402257-2ON5OFF+PACLITAXEL-15DAILY",85.1310481831236,49.6068051747019,35.5242430084217,24701.728984375,10048.505956,14653.223028375,60.3495898040518,-0.0376249143806659
"70620_P6_TTK_170718_RES.CFI-402257-3ON4OFF+PACLITAXEL",84.711463089412,82.2725650349167,2.43889805449531,12251.595244375,12317.558118125,-65.9628737500007,3.25592643743344,-0.0335616502281598
"70620_P6_TTK_170718_RES.ERIBULIN",85.1310481831236,-77.4606380484094,162.591686231533,24701.728984375,3294.53652425,21407.192460125,-180.559250844625,-0.162262282058575
"70620_P6_TTK_170718_RES.PACLITAXEL",85.0515090785888,-10.4992742877238,95.5507833663126,21425.771482375,6747.316881625,14678.45460075,25.5250396316883,-0.0454111444484346
"71208.BMN-673",63.7487602033422,-47.4363081566351,111.185068359977,13045.2823113957,6986.258727625,6059.02358377069,1406.52116231571,-0.0254138301779304
"71208.CARBOPLATIN",71.1453137244703,44.3027387231481,26.8425750013221,26951.9381827313,16068.61395975,10883.3242229813,5.19714161623548,-0.00878435828857086
"71208.CFI-400945",70.3958392858351,-17.9376928581138,88.3335321439489,63527.0130046313,19390.4423644439,44136.5706401873,-52.9040215165204,-0.00809447602882917
"71208.CFI-400945-41.6WEEKLY",56.4467192946563,-36.2583601888296,92.7050794834859,2343.09852149359,2412.9524525,-69.8539310064102,1.51289803647084,-0.0195424308112005
"71208.CFI-402257",58.6037749459327,65.2835097678762,-6.67973482194343,9319.75238092978,9442.517839625,-122.765458695225,63.4740712087301,0.00859685788587036
"71208.CFI-402257-3ON4OFF+PACLITAXEL",72.0655405872922,-25.5489897637723,97.6145303510645,42857.6667862813,9368.952844125,33488.7139421563,34.1540272671836,-0.00520109213338873
"71208.CX-5461",60.7115489535873,67.9871314983693,-7.27558254478202,10654.0875103048,12487.236763,-1833.14925269522,-2.93244918385809,-0.0068790341688523
"71208.ERIBULIN",42.795274657953,85.2667979456708,-42.4715232877179,4237.31016155769,7255.55478775,-3018.24462619231,66.5005134421609,0.049371374103325
"71208.PACLITAXEL",71.1453137244703,-3.20367356577711,74.3489872902474,26951.9381827313,12578.361064,14373.5771187313,45.1172089132274,-0.00743345985612855
"71208_P1_945_160512_RES.CFI-400945",69.8662171250822,58.5604182723957,11.3057988526865,15774.5759968042,12922.988554525,2851.58744227917,16.6530323168288,-0.00123660807535335
"71208_P1_945_160512_RES.PACLITAXEL",72.8103506073156,-62.3430452433071,135.153395850623,10972.6409897208,4530.381642,6442.25934772084,-20.8686778676753,-0.0435507548206517
"71208_P1_945_160703_RES.CFI-400945",56.4915729912087,11.0148283704832,45.4767446207255,4583.971545925,3625.07605575,958.895490174999,4.93552390848327,-0.006796281329959
"71335.BMN-673",86.0990546226214,0.256844913041685,85.8422097095797,61390.7344421972,9263.56896860417,52127.165473593,55.3106328644639,-0.0296257258965142
"71335.CARBOPLATIN",85.871053109286,85.1912657849096,0.679787324376477,6462.75095855833,7509.281309,-1046.53035044167,0.699931927853319,-0.00794317953567109
"71335.CFI-400945",86.0990546226214,-58.5551235948537,144.654178217475,61390.7344421972,7943.7254706875,53447.0089715097,-95.1475373379895,-0.0463280473449114
"71335.CFI-400945-3.75DAILY",85.740278234565,66.4429001347422,19.2973780998228,30461.346728468,10249.26655525,20212.080173218,20.2779194431754,-0.0244842002507552
"71335.CFI-400945-5DAILY",86.0990546226214,-59.6982571297609,145.797311752382,61390.7344421972,5057.79308558333,56332.9413566139,105.365998729622,NA
"71335.CFI-402257",85.8814071182762,69.2136889374386,16.6677181808377,8912.00470830056,4721.3615125,4190.64319580056,128.836625370388,-0.0299956501342622
"71335.CFI-402257+ABT263",86.097854762632,77.8220591327318,8.27579562990022,20404.864310156,8982.85884679167,11422.0054633643,11.8622223678522,-0.017157109212497
"71335.CFI-402257-2ON5OFF",85.8911872155739,87.3783457077997,-1.48715849222584,10535.0891578596,16992.470653625,-6457.38149576542,1.78835089852202,0.0159616074119746
"71335.CFI-402257-2ON5OFF+PACLITAXEL-15DAILY",85.8911872155739,88.1932880075224,-2.30210079194853,10535.0891578596,21225.0313588333,-10689.9422009737,5.76768916680891,0.0278366222456821
"71335.CFI-402257-3ON4OFF",86.097854762632,82.8418853637196,3.25596939891246,20404.864310156,13125.35450325,7279.50980690601,18.1143442871089,-0.00983861047190283
"71335.CFI-402257-3ON4OFF+PACLITAXEL",86.0990546226214,-67.9925782662511,154.091632888872,61390.7344421972,11486.8789645357,49903.8554776615,-16.8423832627854,-0.051737029202433
"71335.CX-5461",86.080772862134,79.0963028780712,6.98446998406283,21183.1777031471,10460.667279,10722.5104241471,18.5251523384725,-0.0122019882299013
"71335.ERIBULIN",86.0990546226214,-50.0987699996704,136.197824622292,61390.7344421972,17179.1983515,44211.5360906972,-12.8058042132024,-0.0425694868540542
"71335.ERIBULIN-EXTRALOW",86.0990546226214,-79.8622413165649,165.961295939186,61390.7344421972,19210.6022685,42180.1321736972,-4.8758714356013,-0.0585119144148473
"71335.PACLITAXEL",86.0990546226214,-1.95739306715372,88.0564476897751,61390.7344421972,9782.232048,51608.5023941972,52.8209291805157,-0.0413462442090921
"71335.PACLITAXEL-15DAILY",85.4585581827833,89.1783632808684,-3.7198050980851,4230.92693512,15359.340278,-11128.41334288,5.81784552325806,0.0444274114251221
"71335_P2_TAX_161222_RES.PACLITAXEL",NA,89.5122376526712,NA,NA,22958.824007,NA,NA,NA
"71335_P3_ERIB_170713_RES.ERIBULIN",82.7232356392041,86.2915589476812,-3.5683233084771,6405.362286,5463.63977075,941.72251525,-0.63343241924643,0.0128441577032527
"71335_P3_ERIB_170713_RES.PACLITAXEL",82.7232356392041,87.9938801404386,-5.2706445012345,6405.362286,10493.723539375,-4088.361253375,-2.15190749355894,0.0302629428369518
"71335_P3_ERIB_171004_RES.CFI-400945",89.0284774107952,85.3283207853509,3.70015662544434,10344.55959575,5213.75688375,5130.802712,70.0583005057163,-0.0852131018857592
"71335_P3_ERIB_171004_RES.CFI-402257-3ON4OFF+PACLITAXEL",89.0284774107952,78.5353067423911,10.4931706684042,10344.55959575,3962.30593125,6382.2536645,61.4136209665178,-0.101687295392638
"71335_P3_ERIB_171004_RES.ERIBULIN",89.0284774107952,88.142748549227,0.885728861568239,10344.55959575,5568.98990025,4775.5696955,8.09093642856739,-0.00476981285585945
"71335_P4_945_180301_RES.BMN-673",87.696154379592,87.8291451643236,-0.132990784731589,17329.8502369792,15796.252974,1533.59726297917,5.72657578979324,-0.00351426995419408
"71335_P4_945_180301_RES.CARBOPLATIN",86.4730568834477,89.7262315000381,-3.2531746165904,3183.60069692857,7939.293678,-4755.69298107143,6.42713747850248,0.139379688793047
"71335_P4_945_180301_RES.CFI-400945",87.696154379592,83.7449015836669,3.95125279592516,17329.8502369792,7521.62944360417,9808.220793375,0.257052737786401,-0.063632926770226
"71335_P4_945_180301_RES.CFI-400945-5DAILY",87.696154379592,83.7300315529902,3.96612282660188,17329.8502369792,9038.79546225,8291.05477472917,0.200107822097979,-0.0189238279424416
"71335_P4_945_180301_RES.CFI-402257",87.696154379592,84.7722109222424,2.92394345734968,17329.8502369792,4929.39095425,12400.4592827292,0.185450142630262,0.00708487899033485
"71335_P4_945_180301_RES.PACLITAXEL",88.3988281912439,88.3021562778828,0.0966719133610496,16449.7550654167,12843.2966275,3606.45843791667,-1.28020716606499,0.00183844679083908
"71335_P4_BMN_171004_RES.BMN-673",88.289507903702,87.3053849379986,0.984122965703449,12924.7629150911,8367.480522375,4557.28239271615,-17.4386699265026,-0.0249664750252034
"71335_P4_BMN_171004_RES.CARBOPLATIN",88.289507903702,88.0479159121246,0.241591991577465,12924.7629150911,17840.5888488333,-4915.82593374219,-0.907591627204844,-0.0167786787271054
"71335_P4_BMN_171004_RES.CX-5461",88.289507903702,79.0249479073134,9.26455999638867,12924.7629150911,6117.5396985,6807.22321659115,-6.04675427930043,-0.0706666509004493
"71335_P4_BMN_171004_RES.ERIBULIN",88.6353799943517,89.5739699290813,-0.938589934729592,7287.41119192188,20055.226377625,-12767.8151857031,17.3802082019984,0.0464936974418112
"71335_P4_BMN_171004_RES.PACLITAXEL",88.6353799943517,88.7719621975554,-0.136582203203659,7287.41119192188,6228.908946625,1058.50224529688,-2.87969177612838,0.060643573104843
"71732.CARBOPLATIN",88.1882537043264,85.7201485238776,2.46810518044877,23483.1246008243,10784.593992625,12698.5306081993,6.13165913939815,-0.0268184547508153
"71732.CFI-400945",88.2085693940496,-26.1156511895031,114.324220583553,30018.9143946457,9151.08828333413,20867.8261113115,-48.7280143840131,-0.0716402663236758
"71732.CFI-402257-3ON4OFF",88.3907751215801,88.0367522955344,0.354022826045664,19365.0122225188,16424.968925625,2940.04329689381,4.8834441733204,-0.00546059098685728
"71732.CFI-402257-LOW+PACLITAXEL",88.2085693940496,85.7781514553964,2.43041793865324,30018.9143946457,17377.668445625,12641.2459490207,-73.1359709536276,-0.0261302690046148
"72642.CFI-400945",88.1296679912929,-35.7960596807203,123.925727672013,57515.1598957917,16608.2879626905,40906.8719331012,14.2798119304287,-0.0577087051683632
"72877.CFI-400945",57.2288575120644,-38.5139686031668,95.7428261152312,20750.9306771667,9086.98814897917,11663.9425281875,4.64522245412083,-0.0176421068720622
"72877.CFI-402257-LOW",60.4549957906119,49.8742246971318,10.58077109348,16863.5277261667,14061.2378609167,2802.28986525,73.7255781214337,-0.00152414506788931
"72877.PACLITAXEL",67.754181254256,-64.4249124750859,132.179093729342,14591.6026139167,6190.78609466667,8400.81651925,-99.6856226424299,-0.0455367383719138
"72955.BMN-673",88.6551736218216,88.9976786495467,-0.342505027725039,13304.3343675833,13625.064952,-320.730584416668,65.0372106681044,0.00817408862053179
"72955.CARBOPLATIN",88.6721344778849,88.4445606481956,0.227573829689291,9997.55367933333,13259.5014765,-3261.94779716667,-9.2985488516771,-0.0141570446059999
"72955.CFI-400945",88.6551736218216,88.014666574079,0.640507047742631,13304.3343675833,10430.600510625,2873.73385695833,-8.1418945547603,-0.0241703108952849
"72955.CFI-400945-41.6WEEKLY",88.6551736218216,86.5452504143878,2.10992320743388,13304.3343675833,8547.901201625,4756.43316595833,-8.64625148375744,-0.0500730362282376
"72955.CFI-402257",88.6721344778849,88.9782588648786,-0.306124386993616,9997.55367933333,8828.49773325,1169.05594608333,-12.2841503498198,0.0445253868646363
"72955.CFI-402257-3ON4OFF+PACLITAXEL",88.6551736218216,83.5927571891269,5.06241643269473,13304.3343675833,4480.200838,8824.13352958333,38.9301297612393,-0.0656008290147402
"72955.CX-5461",88.6551736218216,88.1859503803343,0.469223241487384,13304.3343675833,9541.1698395,3763.16452808333,3.24000367872894,-0.0121771811323343
"72955.DMSO",88.6551736218216,88.6214260198127,0.033747602008944,13304.3343675833,12242.955518125,1061.37884945833,-22.4523728904971,-0.00491423019216648
"72955.ERIBULIN",88.6551736218216,79.3982696509366,9.25690397088509,13304.3343675833,3093.806824,10210.5275435833,17.4974830956538,-0.0485536781311293
"72955.FLUVASTATIN+TERBINIFINE",88.6551736218216,88.1170173573277,0.538156264493992,13304.3343675833,9211.44906679583,4092.8853007875,71.5256487860337,-0.0169699444799578
"72955.PACLITAXEL",88.6551736218216,79.2948086642675,9.36036495755414,13304.3343675833,5670.68676425,7633.64760333333,-16.0209776576517,-0.0441312204210988
"72955.PEG400",88.6551736218216,89.1728482024136,-0.517674580592001,13304.3343675833,19298.0787475833,-5993.74438,80.4928857278638,0.00450376720511159
"72955.TOPOTECAN",88.6721344778849,84.7436131689878,3.92852130889717,9997.55367933333,8141.563529625,1855.99014970833,-2.02294475431814,-0.0972947074610505
"72955.TOPOTECAN-LOW",88.6721344778849,81.4219458441094,7.25018863377555,9997.55367933333,3741.831288,6255.72239133333,18.8768634998513,-0.0675328569657117
"73009.CFI-400945",89.4048870153927,87.2863218615509,2.1185651538418,12463.56359375,6155.0431279375,6308.5204658125,416.550999456382,-0.0821634156995046
"73062.ADC-CONTROL",84.3593882102151,-63.2403325495705,147.599720759786,87081.1884195256,2610.72511625,84470.4633032756,9.57597189684934,-0.0850180321388563
"73062.AZD-5305",84.3593882102151,-69.1439434190506,153.503331629266,87081.1884195256,1797.885681875,85283.3027376506,11.3912704097851,NA
"73062.AZD-8205",84.3593882102151,-62.3648603866673,146.724248596882,87081.1884195256,1026.43206439181,86054.7563551338,8.66024797549842,NA
"73062.CFI-400945",84.4230265045772,-2.10068372858254,86.5237102331598,75055.0741995256,24754.3985769993,50300.6756225263,-34.5095484097576,-0.0346146758629982
"73062.CFI-400945-2ON5OFF",85.1925719133626,12.0189244650798,73.1736474482828,55889.4782045985,7883.6624471,48005.8157574985,4.35749617324345,-0.037435013806053
"73062.DATOPOTAMAB-CONTROL",84.3593882102151,-76.1629609317672,160.522349141982,87081.1884195256,3098.34098669397,83982.8474328316,10.7964774029672,-0.128145450579798
"73062.DATOPOTAMAB-DERUXTECAN",84.3593882102151,-74.7958946617829,159.155282871998,87081.1884195256,1099.03904275,85982.1493767756,22.8617783340382,-0.0633677041091368
"73062.PQ-1-6",87.2773605737493,-78.1152337695128,165.392594343262,14643.6811382111,746.682559583333,13896.9985786278,6.34341155761878,-0.162280295522687
"73062.PQ-1-6-VEHICLE",87.2773605737493,15.899709468027,71.3776511057223,14643.6811382111,4196.1163060625,10447.5648321486,6.99528295647892,-0.0771622982242191
"73062.SACITUZAMAB-GOVITECAN",84.3593882102151,-60.7753114466677,145.134699656883,87081.1884195256,1286.57989741414,85794.6085221115,8.39487133124131,-0.0699443864119358
"73062.TRASTUZUMAB-DERUXTECAN",84.3593882102151,-62.4732270153392,146.832615225554,87081.1884195256,2090.4772401512,84990.7111793744,10.3552262295353,-0.0474771804075687
"73062_P5_8205CONT_300524_RES.ADC-CONTROL",85.7769321179738,-29.2406020500787,115.017534168053,15395.597362,3294.56036975,12101.03699225,-40.3139705268822,-0.0436583481661521
"73062_P5_8205CONT_300524_RES.AZD-8205",85.7769321179738,-75.1094466004003,160.886378718374,15395.597362,1061.944995625,14333.652366375,-23.2943090017471,-0.122345034891306
"73062_P5_8205CONT_300524_RES.SACITUZAMAB-GOVITECAN",85.7769321179738,-79.1053798029606,164.882311920934,15395.597362,1341.51496237755,14054.0823996224,-11.4800087176795,-0.125467102705223
"73062_P7_DATOCONT_150824_RES.CARBOPLATIN",NA,NA,NA,NA,NA,NA,NA,NA
"73062_P7_DATOCONT_150824_RES.DATOPOTAMAB-CONTROL",88.7578889344147,-66.9978440003479,155.755732934763,10575.94272575,1713.0855945,8862.85713125,48.5346521832413,-0.130436424610135
"73062_P7_DATOCONT_150824_RES.DATOPOTAMAB-DERUXTECAN",88.7578889344147,-81.484951680338,170.242840614753,10575.94272575,715.57867675,9860.364049,20.7710435833604,-0.24483398386555
"73062_P7_DATOCONT_150824_RES.TRASTUZUMAB-DERUXTECAN",88.7578889344147,37.0020294568941,51.7558594775206,10575.94272575,3326.69035825,7249.2523675,-46.372082600651,-0.134159904564815
"73062_P7_DATOCONT_240815_RES.DATOPOTAMAB-CONTROL",NA,86.0126675327515,NA,NA,16661.0081375,NA,NA,NA
"73230.ADC-CONTROL",84.7354236896833,-59.6786668321944,144.414090521878,56918.0995044903,4069.1591401,52848.9403643903,27.1544500803279,-0.0486945031527379
"73230.AZD-5305",84.7354236896833,-69.6960058083207,154.431429498004,56918.0995044903,2777.3398184,54140.7596860903,100.865645162277,NA
"73230.AZD-8205",84.7354236896833,-66.2770876910477,151.012511380731,56918.0995044903,725.0621055,56193.0373989903,27.3974303884582,NA
"73230.BMN-673",84.7354236896833,-23.6691647771098,108.404588466793,56918.0995044903,7643.68171125298,49274.4177932373,24.7494210849625,-0.0263795407106185
"73230.CARBOPLATIN",84.7354236896833,-34.7507570991741,119.486180788857,56918.0995044903,16489.10521375,40428.9942907403,-33.4189045071397,-0.0471711774817622
"73230.CDX-011",85.2750954279043,82.2703001042648,3.00479532363946,33760.741496151,23911.09254425,9849.64895190105,13.1289965315389,-0.00889093861744349
"73230.CFI-400945",84.7354236896833,48.1760693720077,36.5593543176756,56918.0995044903,11697.5776118611,45220.5218926291,15.6249763908511,-0.0147265733242317
"73230.CFI-400945-3.75DAILY",84.6744858865826,88.390940009082,-3.71645412249936,20267.0325110545,43671.5152985,-23404.4827874456,50.4631619891736,0.0104915326182101
"73230.CFI-400945-41.6WEEKLY",84.7354236896833,42.1291252639041,42.6062984257792,56918.0995044903,11049.7299808333,45868.3695236569,13.5634264439456,-0.0221392503033955
"73230.CFI-400945-5DAILY",84.6744858865826,86.060459152626,-1.38597326604341,20267.0325110545,25997.0574454167,-5730.02493436221,-63.4759141236423,0.00104158581407173
"73230.CFI-402257",84.1289997163131,78.9237136715385,5.20528604477462,9280.08933668172,5818.114893,3461.97444368172,3.61714406225844,-0.0249978164504228
"73230.CFI-402257-3ON4OFF+PACLITAXEL",84.7354236896833,-41.1603333094231,125.895756999106,56918.0995044903,3998.655802125,52919.4437023653,18.3520890717092,-0.0294247520871477
"73230.CX-5461",84.7354236896833,60.5562158539945,24.1792078356888,56918.0995044903,15060.2267697488,41857.8727347415,14.8693159583003,-0.017164503563106
"73230.DATOPOTAMAB-CONTROL",84.7354236896833,-40.8291983599768,125.56462204966,56918.0995044903,6092.89715201852,50825.2023524717,27.9811961084671,-0.0361234546198615
"73230.DATOPOTAMAB-DERUXTECAN",84.7354236896833,-62.7771901217769,147.51261381146,56918.0995044903,880.93677,56037.1627344903,15.469115623491,NA
"73230.ERIBULIN",84.7354236896833,-69.6833165177232,154.418740207407,56918.0995044903,686.4938025,56231.6057019903,47.038470189906,-0.0835240887302718
"73230.ERIBULIN-EXTRALOW",84.7354236896833,62.078873564485,22.6565501251983,56918.0995044903,15000.285815125,41917.8136893653,22.4386184606089,-0.00734133581957979
"73230.ERIBULIN-LOW",84.7354236896833,58.4795902425479,26.2558334471354,56918.0995044903,12498.36271575,44419.7367887403,16.5868321498264,-0.0114148744232226
"73230.EVEROLIMUS",84.1573797483411,81.9910857499106,2.16629399843046,10284.6194431641,7890.89648025,2393.72296291414,3.71022041363855,-0.0143832195946502
"73230.PACLITAXEL",84.7354236896833,38.0102510950715,46.7251725946118,56918.0995044903,8738.192641875,48179.9068626153,23.2148559131199,NA
"73230.PQ-1-6",84.1289997163131,-79.5637755138275,163.69277523014,9280.08933668172,1222.54303720833,8057.54629947339,9.07383197066032,-0.207241002825536
"73230.PQ-1-6-VEHICLE",83.7444264540838,80.9422735954055,2.80215285867828,6574.51321289044,3995.71296175,2578.80025114044,1.89036943174708,0.0191438018096209
"73230.SACITUZAMAB-GOVITECAN",84.7354236896833,-83.1096731531351,167.845096842818,56918.0995044903,1361.209046,55556.8904584903,-133.162257776835,NA
"73230.TRASTUZUMAB-CONTROL",84.7354236896833,-68.8387979766238,153.574221666307,56918.0995044903,1581.07026342391,55337.0292410663,48.7542303831216,-0.0629729509823763
"73230.TRASTUZUMAB-DERUXTECAN",84.7354236896833,-74.0879815745244,158.823405264208,56918.0995044903,1123.28153026923,55794.817974221,53.6384672654397,NA
"73230_P1_945W_170718_RES.BMN-673",NA,-68.8462899509878,NA,NA,4218.1138105,NA,NA,NA
"73230_P1_945W_170718_RES.CFI-400945-52WEEKLY",NA,-65.5054301252117,NA,NA,2837.6856415,NA,NA,NA
"73230_P1_945_170516_RES.BMN-673",85.9918870610899,-56.2158730527181,142.207760113808,42938.0881173109,9728.18263410179,33209.9054832092,20.4837901059563,NA
"73230_P1_945_170516_RES.CARBOPLATIN",85.6501423454107,58.2033583449694,27.4467840004413,22497.3338730967,6130.180012875,16367.1538602217,3.9042526932284,-0.041609626227836
"73230_P1_945_170516_RES.CFI-400945",85.9918870610899,81.403444683274,4.58844237781599,42938.0881173109,29644.6801703773,13293.4079469337,57.5021860846565,-0.0135470889415323
"73230_P1_945_170516_RES.CFI-400945-52WEEKLY",85.9918870610899,73.5942556051857,12.3976314559043,42938.0881173109,17305.5579214556,25632.5301958554,14.4254304153768,-0.0173316422921949
"73230_P1_945_170516_RES.CFI-402257",85.6934354834137,79.7715913268443,5.92184415656941,21748.7270168136,15734.7838865417,6013.94313027196,-29.4990200191544,-0.0182723169435332
"73230_P1_945_170516_RES.CFI-402257+PACLITAXEL",85.7909519122263,74.9756969888235,10.8152549234028,15810.438767296,7160.7619605,8649.676806796,4.54817643705881,-0.0285066263355876
"73230_P1_945_170516_RES.CX-5461",85.9918870610899,-19.1268216337865,105.118708694876,42938.0881173109,9113.13924308333,33824.9488742276,15.5428782665595,-0.0510740331681451
"73230_P1_945_170516_RES.ERIBULIN-EXTRALOW",85.6501423454107,67.1025989450857,18.547543400325,22497.3338730967,7442.4691635,15054.8647095967,3.42657382982569,-0.0356510872088397
"73230_P1_945_170516_RES.ERIBULIN-LOW",85.6224524363876,-80.0391274729969,165.661579909384,35943.6257560967,5953.534697,29990.0910590967,-164.644215004537,-0.114114135187915
"73230_P1_945_170516_RES.PACLITAXEL",85.9918870610899,-81.959245133388,167.951132194478,42938.0881173109,5597.21652461111,37340.8715926998,-49.7328520304351,NA
"73230_P1_945_170516_RES.PACLITAXEL-15DAILY",85.9918870610899,-63.2952359358793,149.287122996969,42938.0881173109,4972.9199525,37965.1681648109,35.8686933085059,-0.0413137874935704
"73230_P1_BMN_170815_RES.BMN-673",87.9369775953904,87.1867838820859,0.750193713304554,13415.9473972262,19561.7632369012,-6145.815839675,-4.61641649101242,-0.015403092002486
"73230_P1_BMN_170815_RES.CARBOPLATIN",88.2908323193182,88.3922392307982,-0.10140691147997,33670.3217815833,39841.4926405,-6171.17085891667,5.56076365074684,-0.0174355752018807
"73230_P1_BMN_170815_RES.CFI-400945",88.0803353297223,-20.6879494119338,108.768284741656,42223.0459623333,9935.634894375,32287.4110679583,-30.0114911201332,-0.106589669418792
"73230_P1_BMN_170815_RES.CX-5461",88.0803353297223,86.9290375364227,1.15129779329961,42223.0459623333,31765.8017668472,10457.2441954861,-1.71032667115015,-0.0277520328038531
"73230_P1_CX_170718_RES.BMN-673",85.3326880943441,53.0185526850577,32.3141354092864,21518.3198821667,7321.4472055,14196.8726766667,23.449850534936,-0.04023870036513
"73230_P1_CX_170718_RES.CARBOPLATIN",85.3326880943441,84.7117950871749,0.620893007169187,21518.3198821667,19204.8895305,2313.43035166666,11.4357765207584,-0.0122352806489265
"73230_P1_CX_170718_RES.CX-5461",85.3326880943441,78.2933453410667,7.03934275327735,21518.3198821667,13612.8162400417,7905.50364212499,-1558.67678679573,-0.0177573871725723
"73230_P1_TAX_170517_RES.CFI-402257-2ON5OFF",68.6369009428911,86.5888057145232,-17.9519047716322,4463.07705075,13837.5337095,-9374.45665875,3.58183410638099,0.0205299662666369
"73230_P1_TAX_170517_RES.CFI-402257-2ON5OFF+PACLITAXEL-15DAILY",70.7446078422235,84.1438997204985,-13.399291878275,3647.36018575,6343.34408075,-2695.983895,4.15210834708386,0.023551637972527
"73230_P1_TAX_170517_RES.PACLITAXEL",72.9536590989541,-81.1310552462465,154.084714345201,3477.80923479167,2192.36074325,1285.44849154167,-3.16673161074036,-0.0846638688568407
"73230_P1_TTK/TAX_170926_RES.BMN-673",87.131745709195,-67.3111681747457,154.442913883941,12771.044071125,2606.6611135,10164.382957625,32.5117587164778,-0.106623701459397
"73230_P1_TTK/TAX_170926_RES.CFI-402257-3ON4OFF+PACLITAXEL",87.1074510693072,86.4291495458229,0.67830152348435,10743.295651125,11361.15555,-617.859898875,1.90872717333542,-0.0382474445336347
"73230_P1_TTK/TAX_170926_RES.ERIBULIN-LOW",87.131745709195,-85.6487744644586,172.780520173654,12771.044071125,1175.8829165,11595.161154625,-6.75886243118804,NA
"73230_P2_5305_061223_RES.AZD-5305",NA,81.1282258514205,NA,NA,33031.78874325,NA,NA,NA
"73230_P2_5305_061223_RES.BMN-673",NA,81.1227231517586,NA,NA,4908.38213025,NA,NA,NA
"73230_P2_5305_061223_RES.CARBOPLATIN",NA,86.0488331504902,NA,NA,6628.31504325,NA,NA,NA
"73230_P2_5305_061223_RES.SACITUZAMAB-GOVITECAN",NA,6.50233992286069,NA,NA,28623.6012915,NA,NA,NA
"73230_P2_5305_061223_RES.TRASTUZUMAB-CONTROL",NA,65.7958110193416,NA,NA,13081.434433,NA,NA,NA
"73230_P2_5305_061223_RES.TRASTUZUMAB-DERUXTECAN",NA,-28.239324891055,NA,NA,858.760171,NA,NA,NA
"73230_P2_5305_230612_RES.AZD-5305",83.3486229642415,84.2404032608939,-0.891780296652371,8551.16659575,15779.8197063095,-7228.65311055953,0.605799294539765,-0.0337628677477507
"73230_P2_5305_230612_RES.BMN-673",83.3486229642415,82.3440581851945,1.00456477904703,8551.16659575,11246.71261575,-2695.54602,-1.87388794675419,-0.0281245639141347
"73230_P2_5305_230612_RES.CARBOPLATIN",83.3486229642415,86.3740417379957,-3.02541877375424,8551.16659575,18021.2346010833,-9470.06800533333,5.77932692666195,-0.00678766285018726
"73230_P2_8205CONT_011123_RES.ADC-CONTROL",82.3344313881093,84.4804654787849,-2.14603409067561,16671.8352335,29170.80361275,-12498.96837925,1.63142643491154,-0.01407787914484
"73230_P2_8205CONT_011123_RES.AZD-8205",82.3344313881093,-64.4980547896913,146.832486177801,16671.8352335,1049.595178,15622.2400555,-23.2068575500263,NA
"73230_P2_8205CONT_231111_RES.AZD-5305",86.107865096961,75.5803590422913,10.5275060546696,8370.56808025,4282.61470375,4087.9533765,-10.7538923942712,-0.0191956049663867
"73230_P2_DATOCONT_180424_RES.BMN-673",81.8874090518878,38.1493515094682,43.7380575424197,8824.60089425,4242.144468,4582.45642625,11.3860753975,-0.0363585439248252
"73230_P2_DATOCONT_180424_RES.CARBOPLATIN",67.0578254414683,88.2175737497828,-21.1597483083145,1117.3208935,5949.305762,-4831.9848685,18.7271318693935,0.0742654258241612
"73230_P2_DATOCONT_180424_RES.DATOPOTAMAB-CONTROL",81.8874090518878,87.2384264063976,-5.35101735450982,8824.60089425,20028.55115575,-11203.9502615,116.082635031684,0.00469928365762294
"73230_P2_DATOCONT_180424_RES.DATOPOTAMAB-DERUXTECAN",81.8874090518878,-87.0864873560598,168.973896407948,8824.60089425,1598.839968,7225.76092625,-2.4908228863577,NA
"73230_P2_DATOCONT_180424_RES.SACITUZAMAB-GOVITECAN",81.8874090518878,-80.6395569747472,162.526966026635,8824.60089425,772.6778275,8051.92306675,21.6410276415438,NA
"73230_P2_DATOCONT_180424_RES.TRASTUZUMAB-DERUXTECAN",81.8874090518878,-82.1514004623388,164.038809514227,8824.60089425,987.761520445946,7836.83937380405,21.842100459542,-0.239056328466652
"73230_P2_ERIBLD_171031_RES.ERIBULIN",85.4355148264297,82.3609212897928,3.07459353663688,9739.86049,7259.142255,2480.718235,-21.6353743299927,-0.0181927859131002
"73230_P2_ERIBLD_171031_RES.ERIBULIN-LOW",85.4355148264297,86.0370023876764,-0.601487561246728,9739.86049,8560.007603,1179.852887,-14.4670370645816,-0.00776792695760662
"73230_P2_ERIBLD_171031_RES.PACLITAXEL-15DAILY",85.4200285136017,87.8758738857817,-2.45584537217998,7556.738906,19710.65244525,-12153.91353925,2.53152212438832,-0.00618226778561528
"73230_P3_DATOCONT_240418_RES.DATOPOTAMAB-CONTROL",87.7580092325119,78.9622960686515,8.79571316386037,6350.63596675,2364.310882,3986.32508475,4.24744966103713,-0.0436624118370842
"73230_P8_BMN_170725_RES.BMN-673",NA,86.3312367327062,NA,NA,6788.92198925,NA,NA,NA
"73263.AZD-5305",83.4388512995924,-73.8689921449018,157.307843444494,83139.2397836376,6432.78570875,76706.4540748876,-19.8539340200094,-0.0727013359673168
"73263.AZD-8205",83.4388512995924,-65.6672014289147,149.106052728507,83139.2397836376,2017.75620275,81121.4835808876,31.7368867694627,-0.0750135380690417
"73263.BMN-673",83.4388512995924,-58.9299897948021,142.368841094394,83139.2397836376,9120.49418339263,74018.7456002449,-1199.33944223782,NA
"73263.CARBOPLATIN",83.4388512995924,-56.248412962363,139.687264261955,83139.2397836376,1585.01626275,81554.2235208876,17.7612665791251,-0.0681452820029402
"73263.CDX-011",82.3963798677009,82.0890500267318,0.307329840969032,8201.18376371723,7565.62429,635.559473717228,3.01445613122455,-0.00393941042834328
"73263.CFI-400945",84.2937135406468,56.3545631927062,27.9391503479405,45394.4989794845,17338.9705252306,28055.5284542539,54.8954249972353,-0.0158027344552788
"73263.CFI-400945+ABT-263",84.0511655328761,15.7494376286872,68.3017279041888,19547.8665103317,3758.10944,15789.7570703317,8.8125263930417,-0.0081173422465385
"73263.CFI-400945-41.6WEEKLY",83.1825139950907,75.7535137572474,7.4290002378433,14743.2725332706,9854.860761,4888.41177227056,16.7556104258281,-0.0132064531654564
"73263.CFI-402257",84.162017663219,79.2445729423541,4.91744472086494,20336.3189634619,14754.9955009653,5581.32346249662,49.9645578296258,0.00336062348736102
"73263.CFI-402257+PACLITAXEL",NA,NA,NA,NA,NA,NA,NA,NA
"73263.CFI-402257-3ON4OFF+PACLITAXEL",83.4388512995924,-61.0066561744641,144.445507474056,83139.2397836376,1264.31812638889,81874.9216572487,33.0987045551101,NA
"73263.CX-5461",83.4388512995924,17.3467467321256,66.0921045674668,83139.2397836376,19113.55930275,64025.6804808876,17.6690989637555,-0.0249962699979975
"73263.DATOPOTAMAB-CONTROL",84.5198940658094,81.6572860341263,2.86260803168315,26785.9259087437,16011.09214275,10774.8337659937,1.96636361094571,-0.00269501726855722
"73263.DATOPOTAMAB-DERUXTECAN",83.4388512995924,-78.1894358358119,161.628287135404,83139.2397836376,3741.250508,79397.9892756376,-10.0490901354501,NA
"73263.ERIBULIN",83.4388512995924,-35.3636911958122,118.802542495405,83139.2397836376,4360.617931775,78778.6218518626,13.4605360776915,-0.0252048677616941
"73263.ERIBULIN-EXTRALOW",83.4388512995924,10.5775361889251,72.8613151106673,83139.2397836376,16881.97060675,66257.2691768876,-165.398521959803,-0.0202537707773037
"73263.ERIBULIN-LOW",83.4388512995924,-28.8981885235638,112.337039823156,83139.2397836376,32460.402231,50678.8375526375,-7.36431308362675,-0.0293915026336126
"73263.EVEROLIMUS",82.525863931627,78.975344224841,3.55051970678599,11083.0942626442,7622.17909125,3460.91517139418,3.6348984239213,-0.00203601981853621
"73263.PACLITAXEL",83.4388512995924,-62.9907172811519,146.429568580744,83139.2397836376,10619.5018355008,72519.7379481367,-13.5947415184242,NA
"73263.PQ-1-6",82.3042272819133,-79.528503103687,161.8327303856,8952.26307364524,1381.15291333333,7571.11016031191,7.79504233776387,-0.199859772966008
"73263.PQ-1-6-VEHICLE",82.3092704289256,79.0595759862176,3.24969444270806,9347.58379017462,6174.01998525,3173.56380492462,3.15839724550083,-0.00984456485159581
"73263.SACITUZAMAB-GOVITECAN",83.4388512995924,-40.7416921961539,124.180543495746,83139.2397836376,7929.04005641964,75210.1997272179,20.7592171603046,-0.0351536403792007
"73263.TRASTUZUMAB-DERUXTECAN",83.4388512995924,-65.5576264565862,148.996477756179,83139.2397836376,3707.38192725,79431.8578563876,23.6845939164267,-0.0776873595360392
"73263_P7_CX_170420_RES.BMN-673",87.0050225978219,-76.735944515112,163.740967112934,22651.92000025,2354.7059675,20297.21403275,-46.8895648766177,-0.161321222977514
"73263_P7_CX_170420_RES.CX-5461",87.0050225978219,70.0423571769218,16.9626654209002,22651.92000025,10465.90982875,12186.0101715,-19.4813563268513,-0.0459436731219069
"73263_P7_CX_171024_RES.BMN-673",85.833627912982,-49.4157663526512,135.249394265633,121566.617649144,9261.39412570437,112305.223523439,48.8884521328837,NA
"73263_P7_CX_171024_RES.CARBOPLATIN",85.833627912982,-56.4867124760836,142.320340389066,121566.617649144,11916.6184358004,109649.999213343,101.151865038854,NA
"73263_P7_CX_171024_RES.CFI-400945",86.2504583263696,74.8857673176595,11.3646910087102,69145.3345206436,30354.4760414467,38790.8584791969,-70.4667395635624,-0.00964031878285
"73263_P7_CX_171024_RES.CFI-402257",87.0093859647706,86.6504666036226,0.358919361148068,17505.1622086101,19998.26163625,-2493.09942763991,2.29988537003978,-0.012090472053472
"73263_P7_CX_171024_RES.CX-5461",85.833627912982,80.3832870115979,5.45034090138412,121566.617649144,60386.7230738157,61179.8945753279,167.590671590225,-0.0106490916504586
"73263_P7_CX_171024_RES.PACLITAXEL",85.833627912982,-73.1520645185471,158.985692431529,121566.617649144,13383.4510645,108183.166584644,-10.102456440331,-0.00877429471317472
"73263_P7_ERIB_180323_RES.CFI-402257",86.3227786026268,82.362241843701,3.96053675892583,15882.6110075096,11614.134226,4268.47678150961,-56.7872965165299,-0.0133357747052356
"73263_P7_ERIB_180323_RES.CFI-402257-3ON4OFF+PACLITAXEL",86.3227786026268,-7.7566981855135,94.0794767881403,15882.6110075096,5471.09051175,10411.5204957596,19.7613304892038,-0.0437795326875385
"73263_P7_ERIB_180323_RES.ERIBULIN",85.8153657158963,88.0735346102998,-2.25816889440347,10253.5718890625,16566.64023125,-6313.0683421875,18.1965764545377,0.023524432020725
"73263_P7_ERIB_180323_RES.ERIBULIN-LOW",86.0337917600667,80.4381213754338,5.59567038463294,44752.668132125,26158.631164,18594.036968125,-34.4129274527979,-0.0142060505042029
"73263_P7_ERIB_180323_RES.PACLITAXEL",85.9680760991564,64.0353012815564,21.9327748176,24231.282582625,9447.0497265,14784.232856125,10.4652440217538,-0.0329732131353622
"73263_P9_ERIBLD_180412_RES.CFI-400945-52WEEKLY",88.4645942241249,66.1264014404376,22.3381927836873,20704.1649105,7396.08380575,13308.08110475,3.0067052100808,-0.0422732696667541
"73263_P9_ERIBLD_180412_RES.CX-5461",88.4645942241249,-48.7156352242596,137.180229448385,20704.1649105,2011.76420825,18692.40070225,2.4225008504115,-0.088371023931021
"73263_P9_ERIBLD_180412_RES.ERIBULIN-LOW",88.4645942241249,74.3592737559018,14.1053204682231,20704.1649105,4992.5491685,15711.615742,2.48053439458121,-0.0241976126039559
"73263_P9_ERIBLD_180412_RES.PACLITAXEL",88.4645942241249,84.9934068143615,3.47118740976339,20704.1649105,8005.431077,12698.7338335,2.39220527439971,-0.0335050656403634
"73471.BMN-673",86.0592606106881,81.560886664898,4.49837394579005,7774.58162151267,5432.3268655,2342.25475601267,-18.8732840695727,-0.0153769644803118
"73471.CARBOPLATIN",85.9085911788328,67.2074236994089,18.7011674794239,11984.6837686516,6407.25868815,5577.42508050156,-7.50666378788686,-0.043136308298034
"73471.CDX-011",85.7165523827059,-55.8482165463707,141.564768929077,78337.6715185156,3166.155156,75171.5163625157,-68.2243544878578,-0.0560138386201955
"73471.CFI-400945",86.3807040147236,85.431091228344,0.949612786379603,24119.8134784531,19344.9928025115,4774.82067594169,8.54705092714434,0.000364555708068005
"73471.CFI-400945-2ON5OFF",86.3807040147236,80.6916230328658,5.68908098185783,24119.8134784531,9164.389963375,14955.4235150781,8.9052850979468,-0.00867637222985215
"73471.CFI-400945-52WEEKLY",85.8846253669631,83.951894244356,1.93273112260708,5809.77478702976,5825.025922875,-15.2511358452375,-3.11913150496468,-0.0231713191293573
"73471.CFI-402257",85.9085911788328,74.2033698111512,11.7052213676815,11984.6837686516,5249.87223825,6734.81153040156,26.3537408099948,-0.0148411954810548
"73471.CFI-402257-2ON5OFF",85.9441017570103,64.9105550931767,21.0335466638336,9245.52292819072,4703.44229425,4542.08063394072,-9.67580688340934,-0.0267604161169292
"73471.CFI-402257-2ON5OFF+PACLITAXEL-15DAILY",86.0452225566283,66.4071890409751,19.6380335156531,16769.6899456347,9345.21533958333,7424.47460605136,-10.359517655869,-0.0315774275753034
"73471.CFI-402257-3ON4OFF",85.9832282075819,79.0808400767016,6.90238813088025,15213.6492443612,11298.04378775,3915.60545661122,-5.44045833430238,-0.0296650127452664
"73471.CFI-402257-3ON4OFF+PACLITAXEL",85.7165523827059,-5.33184940391074,91.0484017866167,78337.6715185156,14501.5860322303,63836.0854862853,-23.5892552663952,-0.0249928157285334
"73471.CX-5461",86.0592606106881,80.5329305107805,5.52633009990754,7774.58162151267,5125.624310375,2648.95731113767,-88.0988714651876,-0.018970680151857
"73471.ERIBULIN",85.7165523827059,-67.0598180620138,152.77637044472,78337.6715185156,1528.759444,76808.9120745157,-28.610212189133,-0.0567419132980996
"73471.ERIBULIN-LOW",85.9038979244854,82.9485470707668,2.95535085371856,13175.0558516139,7443.52456775,5731.53128386386,10.6923855273729,0.0076445008723419
"73471.EVEROLIMUS",86.3033868263728,68.2590101554201,18.0443766709527,22152.6964021406,7984.04231275,14168.6540893906,-91.231363325369,-0.025701453199916
"73471.PACLITAXEL",85.7165523827059,65.2793327122941,20.4372196704118,78337.6715185156,26207.6610622798,52130.0104562359,-16.0875053441968,-0.0204533253477498
"73471.PACLITAXEL-15DAILY",85.9441017570103,87.7577368076131,-1.8136350506028,9245.52292819072,18589.1289571667,-9343.60602897594,2.60708257621145,0.0169723209898386
"73471_P8_ERIB_170501_RES.CFI-402257-2ON5OFF",86.7102431525553,84.9330018927317,1.77724125982361,11777.6625884167,10412.502075,1365.16051341667,0.299979205757913,-0.0102395820630855
"73471_P8_ERIB_170501_RES.CFI-402257-2ON5OFF+PACLITAXEL-15DAILY",87.8525253716339,78.4864212827713,9.36610408886253,27967.188683375,13686.739463,14280.449220375,-8.54941100401015,-0.0281729734989026
"73471_P8_ERIB_170501_RES.ERIBULIN",87.8525253716339,83.0675647111588,4.78496066047502,27967.188683375,12434.61631025,15532.572373125,109.073795833791,-0.0187147517363583
"73471_P8_ERIB_170501_RES.PACLITAXEL-15DAILY",86.7102431525553,83.516065138656,3.19417801389936,11777.6625884167,6269.07722,5508.58536841667,3.71235980111079,0.00187801415460659
"73471_P9_TAX_171019_RES.CDX-011",87.2935305443883,-77.7465291007223,165.040059645111,8366.645178,3417.297557,4949.347621,-8.44684501494253,-0.0737949346046986
"73471_P9_TAX_171019_RES.CFI-402257-2ON5OFF+PACLITAXEL-15DAILY",87.2935305443883,-63.9960098511812,151.289540395569,8366.645178,1945.82460375,6420.82057425,74.4961162315546,-0.0579251632409006
"73471_P9_TAX_171019_RES.ERIBULIN-LOW",87.2935305443883,-83.7195857194871,171.013116263875,8366.645178,7634.70179175,731.943386249999,-2.27903366241264,-0.130064744647918
"73471_P9_TAX_171019_RES.PACLITAXEL-15DAILY",89.6398466883018,88.2324612545165,1.40738543378528,631.517868,330.3214485,301.1964195,11.59266587648,NA
"73471_P9_TTK/TAX_171019_RES.CFI-402257-2ON5OFF+PACLITAXEL",87.0246133947244,-70.6610409692887,157.685654364013,12349.249203,6738.449906,5610.799297,-6.43833392483799,-0.0833303616171263
"73471_P9_TTK/TAX_171019_RES.CFI-402257-3ON4OFF+PACLITAXEL",87.0246133947244,81.8723613505449,5.15225204417946,12349.249203,8539.700549125,3809.548653875,-29.3889010714915,-0.0455155247222314
"73471_P9_TTK/TAX_171019_RES.PACLITAXEL",87.0246133947244,20.7710143535149,66.2535990412095,12349.249203,4697.5367065,7651.7124965,-35.9457148554376,-0.0695984290341017
"85277.ADC-CONTROL",86.851618947251,88.0595953636323,-1.20797641638126,7742.71213111941,12255.27985525,-4512.56772413059,3.85771757687823,0.00851627354598496
"85277.AZD-5305",86.851618947251,87.8146170652671,-0.96299811801606,7742.71213111941,7438.54413525,304.167995869407,-1.92010642254409,0.0437350537867796
"85277.AZD-8205",86.851618947251,88.701020137205,-1.84940118995404,7742.71213111941,14040.2333735,-6297.52124238059,266.538238625418,0.0340916905843113
"85277.BMN-673",84.8727519454459,86.5971265722391,-1.72437462679321,20411.7815172121,24022.6525044375,-3610.87098722539,-21.5030129858708,-0.00138719871939479
"85277.CARBOPLATIN",84.7119336150355,81.6832877555876,3.02864585944789,22825.5929036094,14741.673813375,8083.91909023443,-0.507209729258219,-0.00311805307914974
"85277.CDX-011",84.311941246936,80.3284733901135,3.98346785682247,31414.7259952337,25421.8828251042,5992.8431701295,2.14171193949361,-0.00408538668319835
"85277.CFI-400945",83.8593360910236,-49.5169613114869,133.37629740251,84780.2846850062,13500.8924734057,71279.3922116005,-206.025019943172,-0.0528477070483156
"85277.CFI-400945-3.75DAILY",85.8603899539137,72.4667655500967,13.393624403817,12051.8062875941,4844.931639,7206.87464859409,4.86642020035086,-0.0245447059122748
"85277.CFI-400945-52WEEKLY",83.8593360910236,-38.6367815950852,122.496117686109,84780.2846850062,14204.8321878906,70575.4524971156,-65.2377447399965,-0.0279143787531011
"85277.CFI-400945-5DAILY",86.0500396607182,77.1246584530471,8.92538120767109,11087.013421992,5101.70154375,5985.31187824204,2.90431308886494,-0.0219461147857303
"85277.CFI-402257",84.3607532919008,81.5754859446674,2.78526734723339,27121.6644846384,17939.9527159632,9181.71176867523,-1.62237930638874,-0.00629863074820314
"85277.CX-5461",83.8593360910236,77.195526894406,6.66380919661755,84780.2846850062,44493.06793625,40287.2167487562,51.7721410696472,-0.0118969389193849
"85277.DATOPOTAMAB-CONTROL",86.7376266030886,86.1982005398002,0.53942606328836,8251.65596271978,6949.814329125,1301.84163359478,0.337542963988146,0.0160794425200882
"85277.DATOPOTAMAB-DERUXTECAN",83.8593360910236,-82.1333210607045,165.992657151728,84780.2846850062,1175.6978055,83604.5868795062,58.6618239069759,NA
"85277.ERIBULIN-EXTRALOW",83.8593360910236,-22.8110076675532,106.670343758577,84780.2846850062,7937.67922625,76842.6054587562,45.6560393264107,-0.0172587734918541
"85277.ERIBULIN-LOW",83.8593360910236,-43.7184230270351,127.577759118059,84780.2846850062,9975.3674195,74804.9172655062,59.2870925126247,-0.0517812059751519
"85277.EVEROLIMUS",85.6480656716797,-2.7620481206519,88.4101137923316,14259.2504545585,5207.15891475,9052.09153980854,32.6893624159883,-0.0357489726779606
"85277.PACLITAXEL",83.8593360910236,-36.529254629198,120.388590720222,84780.2846850062,15462.7671560833,69317.5175289229,4072.89482298457,NA
"85277.SACITUZAMAB-GOVITECAN",83.3081620793032,66.2457740884935,17.0623879908097,70237.5367960062,22997.499561375,47240.0372346312,38.9958711573507,-0.0157539218633439
"85277.TRASTUZUMAB-CONTROL",82.7707962153642,67.2800340093448,15.4907622060194,53461.7033107562,21833.2347435161,31628.4685672401,5.21527523914445,-0.0107280901439255
"85277.TRASTUZUMAB-DERUXTECAN",83.8593360910236,-70.7944962813462,154.65383237237,84780.2846850062,1244.54889338835,83535.7357916179,-63.481611099432,-0.0828185974121639
"85277_P1_945_180518_RES.CDX-011",87.2482849326112,84.7809673392879,2.46731759332332,18869.2171774833,9855.3839675,9013.83320998333,3.33989961428805,-0.00243692542083746
"85277_P1_945_180518_RES.CFI-400945",87.5515110237608,63.5266949401175,24.0248160836433,39128.9463635833,13522.2012902679,25606.7450733155,18.9772002055692,-0.0530629127403506
"85277_P1_945_180518_RES.CFI-400945+ABT-263",86.4595687294,87.758448576052,-1.29887984665199,9236.82525015278,8902.47080825,334.354441902777,-5.30627793789442,0.0289363283329768
"85277_P2_CX_180703_RES.BMN-673",87.0866816219108,80.9059159724472,6.18076564946357,15155.492369,7914.3318535,7241.1605155,19.0355589656964,-0.0211741674681684
"85277_P2_CX_180703_RES.CARBOPLATIN",86.1278981586646,88.2873292534369,-2.15943109477227,5492.98959510714,13722.1425995,-8229.15300439286,3.18844600197989,-0.00515409525957855
"85277_P2_CX_180703_RES.CFI-400945",87.0866816219108,21.1028415742032,65.9838400477076,15155.492369,4275.673379,10879.81899,29.4628357488717,-0.0628849036762911
"85277_P2_CX_180703_RES.CFI-402257",87.3252877287384,82.7700522877076,4.55523544103086,23955.370277,19744.1940965,4211.1761805,-2.78280153853508,-0.0419874355140148
"85277_P2_CX_180703_RES.CX-5461",87.8331624872564,87.3679896471762,0.4651728400802,31837.4495095,21415.935784425,10421.513725075,-25.2318717930373,-0.00816379382178226
"85277_P2_CX_180703_RES.ERIBULIN-LOW",87.8331624872564,-71.3141203272164,159.147282814473,31837.4495095,508.856592,31328.5929175,129.595619457215,NA
"85277_P2_CX_180703_RES.PACLITAXEL",87.0866816219108,-82.7652534393361,169.851935061247,15155.492369,2787.8801445,12367.6122245,-9.09487175261283,-0.261072734032634
"85277_P3_SG_060624_RES.DATOPOTAMAB-DERUXTECAN",88.3175524388497,-82.805092668556,171.122645107406,6062.606016,498.741285,5563.864731,4.92283218033702,-0.198460457990015
"85277_P3_SG_060624_RES.SACITUZAMAB-GOVITECAN",88.3175524388497,84.9272742908606,3.39027814798912,6062.606016,2556.3459345,3506.2600815,4.48937298179327,-0.0208089830862012
"85277_P3_SG_240606_RES.AZD-5305",87.1981525646258,83.5346192555236,3.66353330910219,6932.38890096875,4909.9419215,2022.44697946875,-7.14038930939884,-0.030792926550089
"85277_P3_SG_240606_RES.DATOPOTAMAB-CONTROL",86.5838281080976,NA,NA,7413.815549,NA,NA,NA,NA
"85277_P3_SG_240606_RES.DATOPOTAMAB-DERUXTECAN",86.5838281080976,-72.8206290008299,159.404457108928,7413.815549,1345.268296,6068.547253,15.2052840016591,-0.101455089571266
"85277_P3_SG_240606_RES.SACITUZAMAB-GOVITECAN",86.5838281080976,87.0448738907928,-0.461045782695223,7413.815549,7525.60730483333,-111.791755833334,21.7842920362657,-0.00387113543790091
"85277_P3_TRAZCONT_080524_RES.DATOPOTAMAB-CONTROL",69.037648149446,85.5351220811908,-16.4974739317448,2215.98674875,5041.57413675,-2825.587388,6.68198792078424,0.0373997914900609
"85277_P3_TRAZCONT_080524_RES.DATOPOTAMAB-DERUXTECAN",83.3881634070693,-78.9354148129471,162.323578220016,9240.409148,2298.79460294444,6941.61454505555,-4.59612697214387,-0.175204857118867
"85277_P3_TRAZCONT_240508_RES.AZD-8205",NA,85.3724210433694,NA,NA,4107.30517875,NA,NA,NA
"85277_P3_TRAZCONT_240508_RES.TRASTUZUMAB-CONTROL",NA,88.3836234436159,NA,NA,22203.171587,NA,NA,NA
"85277_P4_TAX_191030_RES.CFI-400945",78.6115832563539,80.9855103389716,-2.37392708261771,6237.31681325,5818.75452,418.56229325,-1.87330108780483,0.0118878160209392
"85277_P4_TAX_191030_RES.CFI-402257",78.6115832563539,85.6295064237375,-7.01792316738366,6237.31681325,11928.9178285,-5691.60101525,11.6146494697265,0.0160907702872951
"85277_P4_TAX_191030_RES.CFI-402257-3ON4OFF+PACLITAXEL",73.6241860972258,87.0771102983808,-13.452924201155,2737.84180475,6591.54515,-3853.70334525,6.29516368521612,0.0357401112157356
"85277_P4_TAX_191030_RES.PACLITAXEL",83.7513252818128,74.7806912703946,8.97063401141827,25848.1588455,17809.051109,8039.1077365,-14.9011974282016,-0.0174383226931331
"87654.BMN-673",50.6935948120489,85.5917222115644,-34.8981273995156,5855.82647879167,22774.814058,-16918.9875792083,2.42973072147506,0.0158635394649901
"87654.CFI-400945",73.7682191357304,-41.8009477138566,115.569166849587,31282.328596375,7756.18222425,23526.146372125,0.769950329060615,-0.0639821578777143
"87654.CFI-402257",63.0894652939381,78.1623642211892,-15.0728989272511,7225.17400523611,7995.5034525,-770.329447263888,0.715310670038763,0.0195936303878596
"91142.CFI-400945",89.5062759101193,89.2725125231169,0.233763387002369,14679.86905175,12506.3580565,2173.51099525,-30.4785373086169,-0.0288071315466291
"91142.CFI-402257",89.5062759101193,86.5431079145978,2.96316799552145,14679.86905175,4571.4055485,10108.46350325,13.5325310207394,-0.0765887296765347
"91142.PALBOCICLIB",89.5062759101193,63.4295724878213,26.076703422298,14679.86905175,2739.019276,11940.84977575,10.8486356586759,-0.128750977794157
"95412.BMN-673",81.5152681095468,-19.5449160917404,101.060184201287,41436.75259575,6284.03507475,35152.717521,4.75344849116973,-0.00236302276107903
"95412.CARBOPLATIN",81.5152681095468,79.5823572404106,1.93291086913618,41436.75259575,24220.1021755,17216.65042025,1.98389518515029,0.0112581760804655
"95412.CFI-400945",81.5152681095468,-77.9068828025725,159.422150912119,41436.75259575,4259.888513,37176.86408275,-31.4732644043968,NA
"95412.CFI-400945-52WEEKLY",81.5152681095468,-27.2722480165021,108.787516126049,41436.75259575,4638.748901,36798.00369475,4.17184679054026,NA
"95412.CFI-402257",85.991455653329,72.7053810977291,13.2860745555998,7520.38949575,6851.3719635,669.017532250001,1.81004089284394,-0.00842992877270262
"95412.PACLITAXEL",81.5152681095468,-63.247533022019,144.762801131566,41436.75259575,1181.939577,40254.81301875,4.48918204145844,NA
"95412_P2_BMN_210901_RES.BMN-673",NA,-17.7274433616752,NA,NA,20526.665307,NA,NA,NA
"95412_P2_BMN_210901_RES.CDX-011",NA,-27.3622116105727,NA,NA,25470.32917425,NA,NA,NA
"95412_P2_BMN_210901_RES.CFI-400945",NA,-20.8037626834077,NA,NA,6529.31215375,NA,NA,NA
"95412_P2_BMN_210901_RES.CFI-402257",NA,24.291253009981,NA,NA,15890.574071,NA,NA,NA
"95412_P2_BMN_210901_RES.ERIBULIN-LOW",NA,-42.0099926039018,NA,NA,1548.629678,NA,NA,NA
"BPTO200.DATOPOTAMAB-DERUXTECAN",82.9070446825745,-80.2466740926838,163.153718775258,24372.0723695,958.359503096667,23413.7128664033,17.5742951206346,-0.167333131180037
"BPTO200.SACITUZAMAB-GOVITECAN",82.9070446825745,-19.1040256003391,102.011070282914,24372.0723695,4615.49302409655,19756.5793454035,12.4182456550286,-0.0218073301989347
"BPTO200.TRASTUZUMAB-DERUXTECAN",82.9070446825745,-73.9183462126915,156.825390895266,24372.0723695,1296.15681068313,23075.9155588169,15.2113725595062,NA
"BPTO200_PDX_P1_SG_290525_RES.SACITUZAMAB-GOVITECAN",84.7810690659307,76.6827911711158,8.09827789481486,9218.554968,4159.0897095,5059.4652585,3.20765905239129,-0.0104300227412973
"BPTO51.CFI-400945-5DAILY",86.5042491804125,-49.0695181914412,135.573767371854,34526.80887625,4852.5015935,29674.30728275,12.8097386286644,-0.0306085452885248
"BPTO51.CFI-402257+PACLITAXEL",NA,NA,NA,NA,NA,NA,NA,NA
"BPTO51.CFI-402257-3ON4OFF+PACLITAXEL",86.5042491804125,-57.8632757297299,144.367524910142,34526.80887625,3038.2347125,31488.57416375,9.82106542460972,-0.100516548313423
"BPTO51.CX-5461",86.5042491804125,74.4647666712927,12.0394825091198,34526.80887625,8687.005932,25839.80294425,5.98251918847564,-0.00441372080924023
"BPTO51.ERIBULIN-EXTRALOW",86.1464093923618,81.1103294012422,5.03607999111962,14977.5498605,10595.1908755,4382.358985,5.36895985468704,-0.00577259253815623
"BPTO51_P9_ORG_P1_945_200708_RES.CFI-402257",NA,82.383785529328,NA,NA,8757.612863,NA,NA,NA
"BPTO51_P9_ORG_P1_945_200708_RES.CX-5461",NA,58.6555580071606,NA,NA,19285.685391,NA,NA,NA
"BPTO51_P9_ORG_P1_ERIB_201008_RES.CFI-400945",85.4286100367148,-45.904799998856,131.333410035571,22761.40932925,4341.7452435,18419.66408575,13.4252509160848,-0.110881977359865
"BPTO51_P9_ORG_P1_ERIB_201008_RES.CFI-402257",85.4286100367148,78.4477123685906,6.98089766812419,22761.40932925,10799.49865125,11961.910678,7.07104646815086,-0.00416760618991685
"BPTO51_P9_ORG_P1_ERIB_201008_RES.ERIBULIN-LOW",85.4286100367148,74.6071587804508,10.821451256264,22761.40932925,10510.982763,12250.42656625,8.95307852831251,-0.0164753527673439
"BPTO51_P9_ORG_P1_ERIB_201008_RES.PACLITAXEL",85.4286100367148,10.8204193114292,74.6081907252857,22761.40932925,5480.33384675,17281.0754825,8.30583535824858,-0.0470779690666497
"BPTO95.CFI-400945",71.5228510418394,-30.8284433500512,102.351294391891,44842.618871381,9908.097237375,34934.521634006,16.7306675716149,-0.0317455944226884
"BPTO95.CFI-402257",67.5735931895565,33.8114353807983,33.7621578087582,31293.1879451667,14475.7843495,16817.4035956667,4.3361408927532,-0.00542712778129274
"BPTO95.PACLITAXEL",71.7132368777893,-35.9512951306401,107.664532008429,88643.836121381,8274.2790875,80369.557033881,46.0329772556979,-0.0190094719757583
"BPTO95.PALBOCICLIB",71.7132368777893,-31.4568576772156,103.170094555005,88643.836121381,17009.1138057171,71634.7223156639,100.085973532065,-0.0180265107454616
"BXTO.64_P7_ORG_P2_ERIBLD_210603_RES.CFI-400945",NA,57.0451265854377,NA,NA,44432.0996295,NA,NA,NA
"BXTO.64_P7_ORG_P2_ERIBLD_210603_RES.ERIBULIN-LOW",NA,73.5633757252158,NA,NA,22001.632085,NA,NA,NA
"BXTO64.ABT-263",86.7649492717399,86.6588722536153,0.106077018124552,9397.85377848694,10937.28294575,-1539.42916726306,0.852193627368206,0.0024467061456126
"BXTO64.CARBOPLATIN",84.7248818240799,65.9518577076664,18.7730241164135,62707.1840146077,34634.411761,28072.7722536077,7.58293380375176,-0.00789781277303346
"BXTO64.CFI-400945+ABT-263-LOW",84.7248818240799,-22.8973180588352,107.622199882915,62707.1840146077,9601.237408,53105.9466066077,2.94867929885031,NA
"BXTO64.CFI-400945-3.75DAILY",86.3237332353628,65.1438868320196,21.1798464033432,37971.3876194381,12176.358833,25795.0287864381,6.03920733392454,-0.0167625732030383
"BXTO64.CFI-400945-52WEEKLY",83.2203921398754,-18.9002273784168,102.120619518292,97781.4349718578,23556.2394795833,74225.1954922744,19.6005889037299,-0.0234644618510558
"BXTO64.CFI-400945-5DAILY",83.2203921398754,21.2583882591079,61.9620038807675,97781.4349718578,24052.15591525,73729.2790566078,15.5379977173659,0.0121531156536949
"BXTO64.CFI-402257-3ON4OFF+PACLITAXEL",84.7248818240799,71.3713383845611,13.3535434395188,62707.1840146077,41222.646526,21484.5374886077,-0.21390031219812,-0.0134262232141416
"BXTO64.CX-5461",84.7248818240799,80.4343744895047,4.29050733457512,62707.1840146077,36420.5100475,26286.6739671077,-3.14968500644251,-0.00642169234099195
"BXTO64.ERIBULIN",83.2203921398754,-57.8754675266074,141.095859666483,97781.4349718578,2870.423086,94911.0118858578,20.0617843493509,NA
"BXTO64.ERIBULIN-EXTRALOW",86.0493924314172,68.0778458071566,17.9715466242606,45171.9294791077,17287.21343225,27884.7160468577,2.27806830032922,-0.0149039983929558
"BXTO64.ERIBULIN-LOW",83.2203921398754,-12.9010298980337,96.1214220379091,97781.4349718578,16543.24328925,81238.1916826078,14.3320157742875,-0.00409613236972876
"BXTO64.PACLITAXEL",83.2203921398754,68.3396030271166,14.8807891127588,97781.4349718578,38899.603114625,58881.8318572328,6.75176786106149,-0.00767324292987785
"BXTO64_ORG_P1_945_200603_RES.BMN-673",84.2871329649051,76.2794901067395,8.00764285816557,13836.137716125,5946.4668825,7889.670833625,4.63622713230057,-0.00140156923763474
"BXTO64_ORG_P1_945_200603_RES.CX-5461",78.8895902807886,3.51147949921243,75.3781107815762,81037.122876875,21524.2730551,59512.849821775,-28.0100755156664,-0.00619086935588324
"BXTO64_ORG_P1_945_200603_RES.ERIBULIN-LOW",80.0542701388036,-19.2591187451461,99.3133888839497,110799.796928375,24469.03175775,86330.765170625,-26.3370948208305,-0.0114960839290198
"BXTO64_ORG_P1_945_200603_RES.PACLITAXEL",84.1591364870829,80.7516462560655,3.40749023101741,17802.51017775,14113.96255475,3688.547623,-9.98696953916961,-0.00708970836105154
"BXTO64_P7_ORG_P2_945_200423_RES.BMN-673",NA,69.7557107038451,NA,NA,9123.551726,NA,NA,NA
"BXTO64_P7_ORG_P2_945_200423_RES.ERIBULIN-LOW",NA,-15.8439949587455,NA,NA,40646.0530261991,NA,NA,NA
"BXTO64_P7_ORG_P2_TAX_200813_RES.CFI-400945",83.1455077488132,-73.655424478291,156.800932227104,50711.972195,3760.72813375,46951.24406125,26.6784478971533,NA
"BXTO64_P7_ORG_P2_TAX_200813_RES.ERIBULIN-LOW",83.1455077488132,-49.442486772045,132.587994520858,50711.972195,5917.473775,44794.49842,14.9501288602956,-0.0205873660078205
"BXTO64_P7_ORG_P2_TAX_200813_RES.PACLITAXEL",83.1455077488132,81.06171764662,2.08379010219318,50711.972195,46333.178073,4378.79412199999,-1.40747025308441,-0.00327810143430801
"BXTO81.CARBOPLATIN",NA,76.7419564480206,NA,NA,13444.26567025,NA,NA,NA
"BXTO81.CFI-400945-5DAILY",NA,78.9158418336192,NA,NA,11743.622501,NA,NA,NA
"BXTO81.PACLITAXEL-15DAILY",NA,57.2354405560198,NA,NA,19729.13215875,NA,NA,NA
"DCPTOB19.BMN-673",74.7472123661685,52.5392734077478,22.2079389584206,28409.3767947375,18280.884594,10128.4922007375,-9.44186827170544,-0.00330374853980463
"DCPTOB19.CFI-400945",79.2725879388101,-51.9548414552303,131.22742939404,61558.0333287375,3155.88930965,58402.1440190875,42.128267108681,-0.0940268868879048
"DCPTOB19.CFI-400945-5DAILY",79.2725879388101,-55.4421780034325,134.714765942243,61558.0333287375,3638.52105625,57919.5122724875,-93.1813321197079,NA
"DCPTOB19.CFI-402257",74.5623736039937,28.9466553197318,45.6157182842618,24473.3137284875,13047.539942125,11425.7737863625,34.9291040114767,-0.00797787012146007
"DCPTOB19.CX-5461",79.2725879388101,48.6626959735735,30.6098919652366,61558.0333287375,23083.940814,38474.0925147375,55.8465734387327,-0.00420820932441349
"DCPTOB19.ERIBULIN-LOW",79.2725879388101,-54.5040100727325,133.776598011543,61558.0333287375,2641.52496149486,58916.5083672426,113.348843803332,NA
"DCPTOB19.PACLITAXEL",79.2725879388101,-27.0979051572068,106.370493096017,61558.0333287375,18455.0458745,43102.9874542375,-32.3268140330705,-0.0148012029287637
"INSB014.BMN-673",88.6032869695373,87.3526427375994,1.25064423193784,21898.4778972064,16912.8047391533,4985.67315805305,-3.48536821324018,-0.0343331762597724
"INSB014.CARBOPLATIN",88.4603532228543,87.622672410795,0.837680812059233,28944.3870262897,18973.9815742333,9970.40545205638,-7.8716618782582,-0.0419441749661436
"INSB014.CDX-011",88.6334182850757,87.9471832311056,0.686235053970094,13392.5046307353,17744.6483316,-4352.14370086465,-2.26516385961324,-0.0269802588329878
"INSB014.CFI-400945",88.9341097336775,86.9580462775034,1.97606345617417,92717.2116772897,41975.6298377555,50741.5818395342,-119.232045190014,-0.0576940181118661
"INSB014.CFI-400945+ABT-263",88.5199626290619,88.5819393214569,-0.0619766923949641,6725.70636376373,6800.44780625,-74.7414424862736,3.60738152925324,0.00896432847818458
"INSB014.CFI-400945-52WEEKLY",88.7670278650863,76.8671067924386,11.8999210726477,60800.4722037897,21324.243138375,39476.2290654147,-33.4108006516288,-0.0937833956365411
"INSB014.CFI-402257",88.6609708344977,88.3684559417683,0.292514892729386,20707.4169098626,17769.9882645852,2937.42864527741,27.6644376423018,-0.00626828413228697
"INSB014.CFI-402257-2ON5OFF",88.5272481905264,87.4702429593436,1.05700523118286,23800.7593119147,13919.2693785,9881.48993341472,-33.0437308863202,-0.0263397043841224
"INSB014.CFI-402257-2ON5OFF+PACLITAXEL-15DAILY",88.5272481905264,86.4330302821459,2.09421790838054,23800.7593119147,11333.035917125,12467.7233947897,-4.01653066177457,-0.043826215349215
"INSB014.CFI-402257-3ON4OFF+PACLITAXEL",88.6609708344977,86.3412332648115,2.31973756968618,20707.4169098626,8972.071068375,11735.3458414876,14.5012312946257,-0.0304062466952905
"INSB014.CX-5461",88.5272481905264,88.170573104654,0.356675085872382,23800.7593119147,24873.36650475,-1072.60719283528,-5.35100034873848,-0.0403152194134338
"INSB014.ERIBULIN",88.9341097336775,-80.5045806490625,169.43869038274,92717.2116772897,5094.51494,87622.6967372897,-79.6168963222039,-0.166593637944479
"INSB014.ERIBULIN-EXTRALOW",88.6032869695373,88.0401220351313,0.563164934405918,21898.4778972064,17888.9273835,4009.55051370638,2.82044768183351,-0.0355779745106296
"INSB014.ERIBULIN-LOW",88.5510440648318,40.5639189847954,47.9871250800364,40877.1440907897,9399.15204016667,31477.992050623,157.888011728232,-0.082934835105318
"INSB014.EVEROLIMUS",88.5272481905264,86.8175764558636,1.70967173466285,23800.7593119147,11954.2023695,11846.5569424147,0.809304123719107,-0.0348476072693955
"INSB014.FLUVASTATIN+TERBINIFINE",88.6334182850757,87.8947581957502,0.738660089325549,13392.5046307353,6758.8057415,6633.69888923535,-0.648691931305084,0.0100669315105813
"INSB014.G9A",88.6360748430451,87.6825774161634,0.953497426881725,15528.5058500936,14164.45682725,1364.04902284362,-0.331914964128177,-0.0390688546432847
"INSB014.PACLITAXEL",88.9341097336775,79.2191306633758,9.71497907030174,92717.2116772897,23001.2999293875,69715.9117479022,-60.6985253778218,-0.105817265112814
"INSB014.PACLITAXEL-15DAILY",88.5272481905264,87.8535647134018,0.673683477124627,23800.7593119147,19764.00199,4036.75732191472,3.88783065556232,-0.0439074372366039
"INSB014.PEG400",88.6334182850757,82.5765100291074,6.05690825596834,13392.5046307353,3682.39464175,9710.10998898535,7.61263213725171,-0.038489915769796
"INSB014.TOPOTECAN-LOW",88.6334182850757,-7.4903267098173,96.123744994893,13392.5046307353,3959.71142775,9432.79320298535,136.051682877197,-0.0945131584622695
"INSB014.UNC0642",88.6032869695373,87.9598154157494,0.643471553787904,21898.4778972064,15502.2588616667,6396.21903553971,8.62549435749571,-0.0159568554755087
"INSB014.UNC1999",88.4388076289369,87.3671198009164,1.07168782802054,32873.8578316469,19733.53002975,13140.3278018969,3.37347182053506,-0.0319855147741881
"INSB019.ADC-CONTROL",82.9765650496633,74.214004622139,8.76256042752432,56227.75158604,30417.5019255417,25810.2496604984,61.5203954224506,-0.00185628765510475
"INSB019.AZD-5305",82.0733693802647,48.2375423398568,33.8358270404079,113619.964890498,34299.295936625,79320.6689538727,19.5976707387914,-0.00528112950424315
"INSB019.AZD-8205",81.7106255805144,19.4839960866346,62.2266294938798,141803.841398373,18931.9790523333,122871.862346039,34.191707042978,NA
"INSB019.BMN-673",82.6403597233368,56.9783600740271,25.6619996493097,82536.0502810334,39248.1826263522,43287.8676546812,-19.1816401334134,-0.0082849342836593
"INSB019.CARBOPLATIN",83.3991770164443,54.2581835273374,29.1409934891069,28120.8992046137,12856.17077225,15264.7284323637,76.3646980570084,-0.0168941188432038
"INSB019.CDX-011",82.0733693802647,-34.5355165036574,116.608885883922,113619.964890498,37926.4727355,75693.4921549977,-4.95840389442593,-0.0161263687706722
"INSB019.CFI-400945",81.7106255805144,-38.1409025332363,119.851528113751,141803.841398373,11299.7681357649,130504.073262608,52.6179463873884,NA
"INSB019.CFI-400945-3.75DAILY",84.437014660105,73.2824350875031,11.1545795726019,11413.2599743346,6372.3546915,5040.90528283456,-34.0513500170617,-0.0092313936774727
"INSB019.CFI-400945-52WEEKLY",82.0385737613086,53.5993787981642,28.4391949631444,119396.830089873,33977.885188,85418.9449018727,15.2304151798062,-0.00703856066709615
"INSB019.CFI-400945-5DAILY",81.7106255805144,28.2498855658288,53.4607400146856,141803.841398373,41818.8172005938,99985.0241977789,194.971911382559,-0.0158291174957086
"INSB019.CFI-402257",82.6403597233368,47.4159528724581,35.2244068508787,82536.0502810334,28004.0767735745,54531.9735074589,46.824297446535,-0.00795270996247627
"INSB019.CFI-402257-3ON4OFF+PACLITAXEL",84.3271196371818,84.561575485208,-0.234455848026144,14546.6747384699,16310.653561,-1763.97882253011,2.01437687856832,-0.00250575713243933
"INSB019.CX-5461",83.3991770164443,46.1037191412374,37.2954578752069,28120.8992046137,11011.761918875,17109.1372857387,62.2246539242237,-0.00714264159746631
"INSB019.DATOPOTAMAB-DERUXTECAN",81.7106255805144,-74.7307036646917,156.441329245206,141803.841398373,2880.8419885,138922.999409873,75.8984639903869,-0.0908383802526644
"INSB019.ERIBULIN-EXTRALOW",83.7687244711287,5.36043621296697,78.4082882581618,21935.5744400726,8718.57160975,13217.0028303226,27.8168928329725,-0.0313969701466594
"INSB019.ERIBULIN-LOW",81.7106255805144,-20.6662617613819,102.376887341896,141803.841398373,11863.8662325,129939.975165873,39.2280315523252,-0.00754147827403588
"INSB019.FLUVASTATIN+TERBINIFINE",83.8777119052045,72.6832901824083,11.1944217227962,6611.1345122239,4160.745685175,2450.3888270489,-90.5426804066848,-0.0193002895563871
"INSB019.PACLITAXEL",84.3947143117347,83.9688676568132,0.425846654921514,15767.5240712974,19426.069657375,-3658.54558607762,0.735826427122233,0.00760811397522478
"INSB019.PACLITAXEL-15DAILY",82.9537756382035,60.85891747346,22.0948581647435,59070.1978051579,20972.56368395,38097.6341212079,12.530320784192,-0.00890993340658003
"INSB019.PEG400",83.8392745298966,81.8549785825972,1.98429594729942,6219.15707980815,4065.50826008333,2153.64881972482,0.211673952246158,-0.00076620817880161
"INSB019.PQ-1-6",84.250032489312,-79.604027689451,163.854060178763,8385.36979779771,1746.4543895,6638.91540829771,23.5924631540885,-0.170266972003084
"INSB019.PQ-1-6-VEHICLE",83.8392745298966,-79.6399744824523,163.479249012349,6219.15707980815,1936.324193,4282.83288680815,16.5279912463294,-0.117895247899418
"INSB019.SACITUZAMAB-GOVITECAN",81.7106255805144,9.37973182698154,72.3308937535328,141803.841398373,24239.1577625313,117564.683635841,86.8330504661633,-0.0103294694627959
"INSB019.TRASTUZUMAB-CONTROL",84.3271196371818,77.5380571216386,6.78906251554326,14546.6747384699,7971.52476975,6575.14996871989,7.52415465150286,0.00268663563582036
"INSB019.TRASTUZUMAB-DERUXTECAN",81.7106255805144,-37.3378209247151,119.048446505229,141803.841398373,10289.319937125,131514.521461248,63.4939697068416,-0.0123563395909588
"INSB019_P1_945LD_180720_RES.BMN-673",84.094641341076,73.0495964062909,11.0450449347852,20202.699063,10576.94587,9625.753193,36.5453711093723,-0.0118253156155182
"INSB019_P1_945LD_180720_RES.CFI-400945-5DAILY",84.094641341076,-43.5290527747646,127.623694115841,20202.699063,8245.77798175,11956.92108125,-28.795393165196,-0.0564484240257078
"INSB019_P1_945LD_180720_RES.ERIBULIN-LOW",84.094641341076,-68.4089231318324,152.503564472908,20202.699063,539.73366,19662.965403,63.2051047706401,-0.0491504743791529
"INSB019_P1_945LD_180720_RES.PACLITAXEL",84.094641341076,-54.5061665959933,138.600807937069,20202.699063,17152.89060075,3049.80846225,-1.7409090619216,-0.024191590377835
"INSB019_P1_945W_180607_RES.CFI-400945-52WEEKLY",77.0772331904673,54.0137962445427,23.0634369459247,32044.3893859196,22098.8919428333,9945.49744308631,-15.1413062905363,-0.00631012460180215
"INSB019_P1_945W_180607_RES.CFI-402257",73.6555369296048,48.2975230739528,25.358013855652,11899.0382052885,20433.9030925,-8534.86488721154,0.369523909107968,-0.014508649923043
"INSB019_P1_ERIBLD_190301_RES.ERIBULIN-LOW",83.2898440783377,-46.3419280764326,129.63177215477,54005.86129725,7405.94964825,46599.911649,15.8315427210607,-0.0569080211528953
"INSB019_P2_8205_240104_RES.ADC-CONTROL",85.107265553204,61.0162788199434,24.0909867332606,1533.57976275,1476.976044,56.6037187499999,1.50677194619866,-0.03140790197407
"INSB019_P2_8205_240104_RES.AZD-8205",87.0813621355171,57.8250587810203,29.2563033544968,11300.35991875,6706.8062695,4593.55364925,-5.91151578366331,-0.0585454516016044
"NOTCH01.BMN-673",86.8882642181236,-20.7225038661799,107.610768084304,7364.93258031237,4333.405984,3031.52659631237,-1.50346308359606,-0.0464881961794463
"NOTCH01.CARBOPLATIN",84.3706890507772,52.1285698907384,32.2421191600388,38888.3624528416,13719.68562675,25168.6768260916,49.9272233653555,-0.014555665295952
"NOTCH01.CDX-011",84.329447049272,-53.7088757488841,138.038322798156,102376.655309688,8793.65768825,93582.9976214384,-24.9835227216649,NA
"NOTCH01.CFI-400945",84.329447049272,53.2997824554586,31.0296645938134,102376.655309688,26974.4799684841,75402.1753412042,-36.3889081921962,-0.0339487591124165
"NOTCH01.CFI-400945+CFI-402257",84.3739269138997,64.4528718492092,19.9210550646905,15536.6893319549,9209.7211082375,6326.96822371744,-5.04388028974373,-0.0292973780642999
"NOTCH01.CFI-400945-2ON5OFF",84.3739269138997,-27.8517545451429,112.225681459043,15536.6893319549,7221.3797415,8315.30959045494,-7.96073644100935,-0.0352314733348915
"NOTCH01.CFI-400945-3.75DAILY",83.8661072825438,65.3583796837339,18.5077275988099,23337.2824828456,9071.90244675,14265.3800360956,10.0109957299929,-0.0122520552159603
"NOTCH01.CFI-400945-5DAILY",83.9837788429341,69.2955764367757,14.6882024061585,19750.9413587244,11339.4377935,8411.50356522437,-5.22142217518366,-0.0121485630065394
"NOTCH01.CFI-400945-6DAILY",84.1718971089479,48.4522818701657,35.7196152387823,17019.3716542995,8162.213278125,8857.15837617448,-18.6876084610483,-0.0260909491010014
"NOTCH01.CFI-402257+PACLITAXEL",83.9179970308584,87.2325497090792,-3.31455267822081,20897.7768124536,36054.0970836667,-15156.3202712131,11.0698141888636,0.00926411974989111
"NOTCH01.CFI-402257-2ON5OFF",83.9837788429341,84.9920640067874,-1.00828516385332,19750.9413587244,17643.26952525,2107.67183347437,-4.97815809124301,0.0102454557722483
"NOTCH01.CFI-402257-2ON5OFF+PACLITAXEL-15DAILY",84.329447049272,3.46043820739292,80.8690088418791,102376.655309688,15932.22173205,86444.4335776384,28.4160923616039,-0.0241299525815968
"NOTCH01.CFI-402257-3ON4OFF",84.1718971089479,84.7606501321096,-0.588753023161686,17019.3716542995,15888.5114194583,1130.86023484115,11.4617494567228,-0.00974350889954047
"NOTCH01.CFI-402257-3ON4OFF+PACLITAXEL",84.329447049272,-51.5119460399443,135.841393089216,102376.655309688,7298.4147294375,95078.2405802509,239.903349518787,-0.0268956689743262
"NOTCH01.CX-5461",85.7399993643268,83.6450085678382,2.09499079648862,11855.0089498237,11189.4758273167,665.533122507071,2.15899750552687,-0.00514203650923147
"NOTCH01.DIPYRIDAMOLE",83.8543955993265,84.7520971628196,-0.897701563493101,24623.5126020395,22367.85923925,2255.65336278948,-4.99474931400166,0.00863649791520234
"NOTCH01.ERIBULIN",84.329447049272,-61.376378239536,145.705825288808,102376.655309688,4646.3977745,97730.2575351884,-78.2154899702972,-0.0329119290194086
"NOTCH01.ERIBULIN-EXTRALOW",84.329447049272,-55.602966760884,139.932413810156,102376.655309688,17563.91658325,84812.7387264384,-14.6408061611885,-0.0327102694727496
"NOTCH01.ERIBULIN-LOW",84.329447049272,-37.0655450828805,121.394992132153,102376.655309688,6515.10268055357,95861.5526291348,39.9105338245465,-0.0185016466548307
"NOTCH01.EVEROLIMUS",85.7399993643268,80.3613528133652,5.37864655096163,11855.0089498237,6850.9441645,5004.06478532374,-0.94062765941853,-0.00805736278842726
"NOTCH01.FLUVASTATIN",84.9540757018055,78.3445625707651,6.60951313104043,13335.2472104782,9147.76045725,4187.48675322819,0.262957302757825,-0.0150848345955107
"NOTCH01.FLUVASTATIN+DIPYRIDAMOLE",84.0289296296069,80.9828108207868,3.0461188088201,29903.1365106002,20423.7690856458,9479.36742495438,9.58354212443369,-0.00120232376645253
"NOTCH01.FROST",86.1852321534673,86.5426566863181,-0.357424532850771,11029.6950069496,12166.706903375,-1137.01189642544,13.4605627295277,0.0298641749322031
"NOTCH01.PACLITAXEL",84.329447049272,40.0682737598584,44.2611732894137,102376.655309688,38465.8428750057,63910.8124346827,-21.3462538575356,-0.00881325094632549
"NOTCH01.PACLITAXEL-15DAILY",83.8543955993265,75.4573022652678,8.39709333405865,24623.5126020395,17487.09563625,7136.41696578948,-9.94125589243015,-0.0233224254575343
"NOTCH01_P1_945_150512_RES.CFI-400945",89.2006505970495,87.2190716001698,1.98157899687966,14906.2206286042,8036.82453800726,6869.3960905969,8.47513639025604,-0.0681969374233055
"NOTCH01_P1_945_150629_RES.CFI-400945",NA,-38.4873489096272,NA,NA,65794.7236840042,NA,NA,NA
"NOTCH01_P1_945_150705_RES.CFI-400945",NA,-59.4311298367819,NA,NA,62815.9828748792,NA,NA,NA
"NOTCH01_P3_945_160729_RES.BMN-673",85.2140481083478,78.0075722963649,7.20647581198288,52425.219025106,28344.9626201673,24080.2564049387,-102.69742873307,-0.0230854005742387
"NOTCH01_P3_945_160729_RES.CFI-400945",85.2140481083478,52.1936055223808,33.020442585967,52425.219025106,19184.4807964836,33240.7382286224,-48.0997574415128,-0.0343732787212197
"NOTCH01_P3_945_160729_RES.CFI-400945-52WEEKLY",85.2140481083478,-45.2377135777591,130.451761686107,52425.219025106,13367.6693762917,39057.5496488144,-19.6061352530406,-0.0457354341626567
"NOTCH01_P3_945_160729_RES.CFI-402257",84.0437764718982,84.7471340417764,-0.703357569878207,17393.5579502162,22979.0546699417,-5585.49671972542,5.32226311661521,-0.00943421092531106
"NOTCH01_P3_945_160729_RES.CFI-402257-3ON4OFF+PACLITAXEL",81.6024961436888,-26.286865078922,107.889361222611,6874.84228522216,4252.8683345,2621.97395072216,448.550487936882,-0.0496741421019568
"NOTCH01_P3_945_160729_RES.ERIBULIN",85.2140481083478,-63.275401269532,148.48944937788,52425.219025106,3642.382242,48782.836783106,823.714216731173,-0.0953764503664004
"NOTCH01_P3_945_160729_RES.ERIBULIN-LOW",85.2140481083478,-56.9542258427204,142.168273951068,52425.219025106,3755.619461,48669.599564106,44.8694836063862,-0.100313618042851
"NOTCH01_P4_TAX_170804_RES.PACLITAXEL-15DAILY",-69.6146948749496,-78.0174681970653,8.40277332211569,1115.21262825,1418.680447875,-303.467819625,0.575209846624602,-0.0072103424620527
"NOTCH01_P6_ERIBLD_180822_RES.CARBOPLATIN",85.8985481837367,59.7943525522682,26.1041956314685,29032.34389225,8729.09012325,20303.253769,13.200979772625,-0.019645034690103
"NOTCH01_P6_ERIBLD_180822_RES.CDX-011",85.2486280454979,67.8500562266609,17.398571818837,21581.08845825,7209.90915525,14371.179303,6.70310597053802,-0.00850937927339967
"NOTCH01_P6_ERIBLD_180822_RES.ERIBULIN-EXTRALOW",85.8985481837367,70.380440013329,15.5181081704077,29032.34389225,10237.228197,18795.11569525,14.6318879833908,-0.011186580840445
"NOTCH01_P6_ERIBLD_180822_RES.PACLITAXEL",85.8985481837367,70.0549882297333,15.8435599540034,29032.34389225,10789.784662,18242.55923025,18.9196733622235,-0.0110795291531671
"NOTCH02_P3_CARBO_160603_RES.CARBOPLATIN",83.6925644080444,-71.324773012477,155.017337420521,49485.33948575,7519.37457233333,41965.9649134167,32.7497471847333,-0.103162418171062
"NOTCH02_P3_CX_160715_RES.CX-5461",88.1662604662422,-76.0805549635912,164.246815429833,12097.8553505,2920.3889105,9177.46644,-18.0610161164924,-0.149922562734596
"NOTCH02_P4_945_160907_RES.CFI-400945",86.003451299246,-48.7720728911679,134.775524190414,53842.5525982333,7848.81802376637,45993.734574467,-148.304281807715,-0.0586381332320681
"NOTCH02_P4_945_160907_RES.PACLITAXEL",83.0224784562539,73.781170536502,9.24130791975188,11375.764213875,8661.5104,2714.253813875,-20.551140585188,-0.0187405740050656
"NOTCH06.BMN-673",86.9049179151233,83.5806511504443,3.32426676467905,21609.4208860909,17597.1546253762,4012.26626071475,-10.2523349388875,-0.0227723068409311
"NOTCH06.CARBOPLATIN",87.1016309067072,86.2988022519376,0.802828654769598,42634.603549886,29768.98157325,12865.621976636,-4.33950107607873,0.00490943662471695
"NOTCH06.CDX-011",87.2795470548198,-74.999516102444,162.279063157264,92416.3930662516,3103.6777435,89312.7153227516,-46.593993500438,NA
"NOTCH06.CFI-400945",87.2795470548198,33.0610073633013,54.2185396915185,92416.3930662516,28791.076376195,63625.3166900567,-9.90517815702376,-0.0368732225509864
"NOTCH06.CFI-400945+ABT-263",87.2588377103685,77.1429716843174,10.1158660260511,83245.9076266802,29974.24743975,53271.6601869302,-21.8629138362733,-0.0218914583872954
"NOTCH06.CFI-400945-41.6WEEKLY",86.9863586705639,75.2727046545645,11.7136540159994,12105.2051478798,7322.840899,4782.36424887982,-24.7972312825949,-0.0478742162960535
"NOTCH06.CFI-400945-52WEEKLY",87.2795470548198,62.0721474572719,25.2073995975478,92416.3930662516,15816.317478375,76600.0755878766,26.8653660141003,-0.021407754565297
"NOTCH06.CFI-400945-5DAILY",87.2795470548198,-26.9206011870379,114.200148241858,92416.3930662516,19810.0065765952,72606.3864896564,-33.3526513494323,-0.0823186364153353
"NOTCH06.CFI-402257",87.103388007413,84.6268247940375,2.47656321337556,41282.5960166186,25914.7345876792,15367.8614289395,40.9525925976259,-0.0097298101473759
"NOTCH06.CFI-402257+ABT263",86.7938411010126,82.5654163124732,4.22842478853939,6506.51364189688,3784.177899375,2722.33574252188,6.20583777940876,-0.0189709015092927
"NOTCH06.CFI-402257+PACLITAXEL",87.2795470548198,-72.6766299499097,159.95617700473,92416.3930662516,2063.857982,90352.5350842516,-255.683110079291,-0.107282008292888
"NOTCH06.CFI-402257-3ON4OFF",87.0885024757301,85.1902747607535,1.89822771497663,39839.0113773985,26492.1925276667,13346.8188497318,37.8999140468834,-0.00721371162973709
"NOTCH06.CFI-402257-3ON4OFF+PACLITAXEL",87.2795470548198,-67.7059800777887,154.985527132608,92416.3930662516,4402.227324637,88014.1657416146,179.510155009228,-0.0792846056941894
"NOTCH06.CFI-402257-LOW+PACLITAXEL",87.2795470548198,-63.3382547957287,150.617801850548,92416.3930662516,4963.86290304167,87452.53016321,47.4432445830272,-0.11337145050516
"NOTCH06.CX-5461",87.2795470548198,75.3448342327696,11.9347128220502,92416.3930662516,27575.4757164446,64840.917349807,149.954465878532,-0.0167045264648228
"NOTCH06.ERIBULIN",87.2795470548198,-77.6461449015804,164.9256919564,92416.3930662516,4490.22181611905,87926.1712501326,-16.5392055593452,NA
"NOTCH06.ERIBULIN-EXTRALOW",87.2795470548198,-47.7433120349658,135.022859089786,92416.3930662516,6574.4278285,85841.9652377516,292.87299484094,-0.0319719305831563
"NOTCH06.ERIBULIN-LOW",87.2795470548198,-75.9039285226491,163.183475577469,92416.3930662516,3164.7977885,89251.5952777516,-54.0011245245492,NA
"NOTCH06.EVEROLIMUS",86.9508930996825,79.7836471200763,7.16724597960618,13545.1244006261,5433.13791675,8111.98648387612,5.05908141029055,-0.0253819158017323
"NOTCH06.PACLITAXEL",87.2795470548198,-45.2787252611213,132.558272315941,92416.3930662516,9986.08990081697,82430.3031654347,117.934767332083,-0.0638475554753457
"NOTCH06_P4_TAX_161031_RES.CDX-011",86.7904364338365,-77.5365088546548,164.326945288491,51882.0802562427,7499.706829,44382.3734272427,-14.0309249976848,-0.144801485272212
"NOTCH06_P4_TAX_161031_RES.CFI-402257-2ON5OFF+PACLITAXEL-15DAILY",86.3765181257997,86.5989164558384,-0.222398330038644,24039.9616360593,24774.3361293833,-734.374493324001,38.0622916602295,-0.0129461524174063
"NOTCH06_P4_TAX_161031_RES.CFI-402257-3ON4OFF+PACLITAXEL",86.7904364338365,-61.7502055989091,148.540642032746,51882.0802562427,2403.13737425,49478.9428819927,25.9493906448353,-0.068964089981077
"NOTCH06_P4_TAX_161031_RES.ERIBULIN-EXTRALOW",86.7904364338365,-56.894654254619,143.685090688456,51882.0802562427,14180.052858125,37702.0273981177,-10.8592037048214,-0.0579635715420573
"NOTCH06_P4_TAX_161031_RES.PACLITAXEL",86.7904364338365,39.6654781131155,47.124958320721,51882.0802562427,14445.9392718564,37436.1409843863,-122.640528099019,-0.0434326223141686
"NOTCH06_P4_TAX_161031_RES.PACLITAXEL-15DAILY",86.8083683742991,83.260412513585,3.54795586071417,47467.4454062427,29296.054565,18171.3908412427,-33.0813604734365,-0.0207368734074225
"NOTCH06_P4_TAX_161031_RES.UNC0642",86.714592657849,88.0039825914443,-1.2893899335953,42299.8556612427,65352.9079542292,-23053.0522929865,-1075.62809636639,0.00994533270209853
"NOTCH06_P7_ERIBLD_180523_RES.CFI-400945",88.5980378558675,86.3723918209265,2.22564603494106,8602.258984375,4419.41751475,4182.841469625,6.84206748153066,-0.037536178355068
"NOTCH06_P7_ERIBLD_180523_RES.CFI-402257",88.5980378558675,87.2942652850189,1.30377257084864,8602.258984375,8212.327865,389.931119375002,0.207410862290931,-0.0506147277545532
"NOTCH06_P7_ERIBLD_180523_RES.ERIBULIN",88.5980378558675,86.1811677702367,2.41687008563085,8602.258984375,4778.27727,3823.981714375,-10.0050811001193,-0.0538210269856448
"NOTCH06_P7_ERIBLD_180523_RES.ERIBULIN-EXTRALOW",88.5980378558675,87.4646874735202,1.13335038234737,8602.258984375,4970.742633125,3631.51635125,3.45856746600833,-0.0244848807066017
"NOTCH06_P7_ERIBLD_180523_RES.PACLITAXEL",88.5980378558675,88.2463853761762,0.351652479691381,8602.258984375,11429.608320875,-2827.3493365,0.92506976532463,-0.0464822491739986
"NOTCH10.BMN-673",83.25539612744,47.1816835147619,36.073712612678,23977.7354270327,9943.823678125,14033.9117489077,88.0300435762621,-0.0226956018032756
"NOTCH10.CARBOPLATIN",82.84029745151,-11.2528716725787,94.0931691240887,29354.0666291922,7770.91795483333,21583.1486743588,147.438348618754,-0.031657769087916
"NOTCH10.CDX-011",82.8929196811259,-2.49888891895588,85.3918086000817,28758.0841168731,12536.209646,16221.8744708731,-10.6610286110704,-0.0338414446361558
"NOTCH10.CFI-400945",81.6751630470124,20.3895267324936,61.2856363145188,57419.0657474862,18795.6113353333,38623.4544121529,-79.3738938262808,-0.0137355922021907
"NOTCH10.CFI-400945+CFI-402257",83.3488130356831,83.9999955452138,-0.651182509530742,11662.1143327913,12864.94507045,-1202.83073765874,5.97754266239918,-0.00933532018869621
"NOTCH10.CFI-400945-13.5WEEKLY",83.3488130356831,82.6797569321313,0.669056103551725,11662.1143327913,11503.4937645,158.62056829126,428.14903174194,-0.00523273520202569
"NOTCH10.CFI-400945-41.6WEEKLY",81.6751630470124,-17.8214606745511,99.4966237215635,57419.0657474862,11804.7163282083,45614.3494192779,104.342601078288,-0.0397984460125828
"NOTCH10.CFI-402257",82.7945306113507,69.0482761961625,13.7462544151882,31982.5448827064,20935.0110041667,11047.5338785398,-14.8186131015767,-0.00538420716035478
"NOTCH10.CFI-402257+PACLITAXEL",82.7945306113507,-77.0310069504986,159.825537561849,31982.5448827064,3769.00868625,28213.5361964564,-5.29871068402836,-0.0732757820244322
"NOTCH10.CFI-402257-2ON5OFF",83.3261001689492,69.9510444615095,13.3750557074396,12626.4348226975,7465.32560925,5161.10921344752,26.0875894925264,-0.0193521115956081
"NOTCH10.CFI-402257-2ON5OFF+PACLITAXEL-15DAILY",82.7696491193188,-26.8014552620799,109.571104381399,43699.4350217612,8081.81059922917,35617.624422532,-216.439579712109,-0.0288985719954787
"NOTCH10.CFI-402257-3ON4OFF+PACLITAXEL",82.467058104852,-49.361179489591,131.828237594443,45480.8609942924,4756.66763275,40724.1933615424,53.7014830227385,-0.029623281051632
"NOTCH10.CFI-402257-LOW+PACLITAXEL",82.7938290853078,-53.0745967713059,135.868425856614,34155.991363407,3378.64363991667,30777.3477234904,37.4449093708009,-0.0343460910033591
"NOTCH10.CX-5461",83.1924101600523,63.7855674618741,19.4068426981783,20729.9401914529,11605.6878096667,9124.25238178625,-28.4357513846296,-0.0191202439401938
"NOTCH10.ERIBULIN",81.6751630470124,-58.2865704555186,139.961733502531,57419.0657474862,1685.598954875,55733.4667926112,68.0824094719401,NA
"NOTCH10.ERIBULIN-EXTRALOW",83.1734493527868,13.6715989754424,69.5018503773445,25880.7062161279,9589.713911,16290.9923051279,116.36708084615,-0.0345495718945692
"NOTCH10.EVEROLIMUS",83.236266152419,-19.4435329326219,102.679799085041,10191.2278597422,4054.53665725,6136.69120249217,31.9726448877945,-0.0379099037783097
"NOTCH10.PACLITAXEL",82.0769345562439,57.1247305701459,24.952203986098,48800.3164564279,15824.839274925,32975.4771815029,10.3666771742748,-0.0224269122239907
"NOTCH10.PACLITAXEL-15DAILY",81.6751630470124,-40.9474916581891,122.622654705201,57419.0657474862,9537.82245433333,47881.2432931529,-24.0282139630427,-0.0260983674285944
"NOTCH10_P9_ERIBLD_180110_RES.PACLITAXEL",83.4356619515541,-72.3114870394026,155.747148990957,40936.722388,13487.1785145,27449.5438735,-4.63822701011873,-0.0497928738571531
"NOTCH18.BMN-673",82.9706347669585,71.2704495433223,11.7001852236361,96828.174442238,30461.7049265,66366.469515738,4.2335720243614,-0.00314009306211425
"NOTCH18.CARBOPLATIN",84.8259822134152,73.5805922972933,11.245389916122,23371.4050777077,10916.566411125,12454.8386665827,7.24529022394534,-0.0100414848552448
"NOTCH18.CDX-011",85.0195762915942,-68.0402157196373,153.059792011231,36589.1986121533,3500.48833775,33088.7102744033,11.9059566258764,NA
"NOTCH18.CFI-400945",82.8913794029498,82.5997774192804,0.291601983669409,54790.2652029232,62012.7043255683,-7222.43912264514,4.02281366007327,-0.0111648981362228
"NOTCH18.CFI-402257",84.8567805532426,72.7443998471053,12.1123807061373,15185.4365620824,6284.857397,8900.57916508244,4.35718189005258,-0.00312865610892455
"NOTCH18.CX-5461",84.7702746050796,76.2434020751839,8.52687252989571,28045.4722080478,13078.1697569167,14967.3024511312,5.19141756976287,0.00593882114219958
"NOTCH18.ERIBULIN",83.0513376716338,-61.5201736994589,144.571511371093,108505.481442238,1420.9545915,107084.526850738,28.4014570113004,NA
"NOTCH18.ERIBULIN-EXTRALOW",83.0513376716338,-65.2516755096305,148.303013181264,108505.481442238,1719.576557,106785.904885238,28.8857593875603,NA
"NOTCH18.PACLITAXEL",83.0513376716338,-59.1827187724423,142.234056444076,108505.481442238,1443.89930025,107061.582141988,21.8544343013731,NA
"NOTCH18_P5_BMN_170608_RES.BMN-673",NA,82.4581400852162,NA,NA,8882.45348275,NA,NA,NA
"NOTCH18_P5_BMN_170608_RES.CARBOPLATIN",NA,67.9071416998623,NA,NA,7497.688571,NA,NA,NA
"NOTCH18_P5_BMN_170608_RES.CX-5461",NA,75.9029027727881,NA,NA,14395.01522375,NA,NA,NA
"NOTCHB01.BMN-673",85.1746620150432,58.890009257292,26.2846527577513,48862.2153834793,10576.08271525,38286.1326682293,14.2835738429999,-0.0272272138095745
"NOTCHB01.CARBOPLATIN",85.1746620150432,-53.0276528240622,138.202314839105,48862.2153834793,5877.57506904167,42984.6403144376,25.8812175755683,-0.0650961843822705
"NOTCHB01.CDX-011",84.1359220442487,82.7895665509242,1.34635549332451,9328.99102938198,8762.44874425,566.542285131976,6.60956448026546,-0.0267861076843992
"NOTCHB01.CFI-400945",84.6068145643332,78.7389252792968,5.86788928503647,38639.404834146,22006.6305151475,16632.7743189985,11.4143021748707,-0.012192070820408
"NOTCHB01.CFI-400945-41.6WEEKLY",84.463956032618,71.168256996732,13.295699035886,30651.7313511793,14209.82573775,16441.9056134293,6.22546993087523,-0.0181127430982574
"NOTCHB01.CFI-402257",84.4636806446956,86.5241729786487,-2.06049233395308,14955.9599966294,18986.8491198125,-4030.88912318312,-0.443051102882675,-0.00592083577909905
"NOTCHB01.CFI-402257-2ON5OFF",84.3273895576512,86.4675387017813,-2.14014914413011,11445.2325495514,13288.80426525,-1843.5717156986,-8.45040215457679,0.0019053026821711
"NOTCHB01.CFI-402257-2ON5OFF+PACLITAXEL-15DAILY",84.0517230412966,83.692159215055,0.35956382624164,8829.53426666196,6812.11279375,2017.42147291196,-0.682628056542054,-0.0024008117457545
"NOTCHB01.CFI-402257-3ON4OFF+PACLITAXEL",84.8842600744659,32.4320000820732,52.4522599923928,23715.4726328015,6057.335390675,17658.1372421265,6.37072929294185,-0.0254844945520143
"NOTCHB01.CX-5461",84.9013851389183,76.5969142688734,8.3044708700449,20746.559060381,12508.603897875,8237.95516250599,16.2632588078903,-0.0235730898289029
"NOTCHB01.DIPYRIDAMOLE",84.3978576885285,67.4905616122978,16.9072960762308,13145.9279881526,6141.29275571771,7004.6352324349,5.16998298809,-0.019927510528565
"NOTCHB01.ERIBULIN",85.1746620150432,67.6523254180955,17.5223365969478,48862.2153834793,12022.90596375,36839.3094197293,15.9430672960256,-0.0062242078131814
"NOTCHB01.ERIBULIN-EXTRALOW",84.1359220442487,86.1174452040641,-1.98152315981541,9328.99102938198,9780.7520175,-451.760988118025,-6.38021757542893,0.00470122038030589
"NOTCHB01.ERIBULIN-LOW",84.1377153901258,-27.4625958860257,111.600311276152,7090.33528334324,2584.48543975,4505.84984359324,3.42132953467753,-0.0477897880930456
"NOTCHB01.FLUVASTATIN",84.7815389847707,83.1186997560089,1.66283922876174,44523.193605396,39162.7610926991,5360.43251269685,-0.797653024823688,-0.00191497528619302
"NOTCHB01.FLUVASTATIN+DIPYRIDAMOLE",85.1746620150432,83.1830358979228,1.99162611712042,48862.2153834793,32297.303428223,16564.9119552563,12.5333008473949,-0.00756527879980802
"NOTCHB01.PACLITAXEL",85.1746620150432,70.8586525601988,14.3160094548444,48862.2153834793,17061.7798966696,31800.4354868096,17.8434603898625,-0.0149699681382068
"NOTCHB01.PACLITAXEL-15DAILY",84.0517230412966,84.9981942900212,-0.946471248724549,8829.53426666196,8516.45653275,313.077733911956,-0.431647945837129,-0.00653538479372052
"NOTCHB01_P4_CARBO_160812_RES.CARBOPLATIN",83.6370447866826,82.8130343259809,0.824010460701714,27008.19159575,27688.245226625,-680.053630875002,11.4115424449887,-0.0182576230280147
"NOTCHB01_P4_CARBO_160812_RES.CX-5461",83.6370447866826,8.03357603675228,75.6034687499303,27008.19159575,5168.7237485,21839.46784725,34.9228489155945,-0.0376718282458123
"NOTCHB01_P4_TAX_160810_RES.CARBOPLATIN",86.3685810465497,82.5107828600733,3.85779818647632,9174.96046658333,7711.750149,1463.21031758333,-8.39197399890407,-0.0289644329456842
"NOTCHB01_P4_TAX_160810_RES.CFI-402257-3ON4OFF+PACLITAXEL",86.7890603977972,83.4436786679173,3.34538172987986,13623.1930419375,10853.3898955,2769.8031464375,-16.7764641098652,-0.0213291041227509
"NOTCHB01_P4_TAX_160810_RES.ERIBULIN",86.8151995116168,-80.0980474518558,166.913246963473,28490.9430134375,4898.626824875,23592.3161885625,-7.35797312397601,-0.055454702443639
"NOTCHB01_P4_TAX_160810_RES.PACLITAXEL",86.8151995116168,87.980387719275,-1.16518820765816,28490.9430134375,41526.8112760764,-13035.8682626389,11.5984906594547,-0.000470357849925647
"NOTCHB01_P5_BMN_170329_RES.BMN-673",87.6667576880596,88.6573352943044,-0.990577606244756,18979.265168,29415.4810085,-10436.2158405,7.0223075739908,0.0104202640532557
"NOTCHB01_P5_BMN_170329_RES.CARBOPLATIN",87.4966310884409,82.9046068598074,4.59202422863352,12384.36322975,6404.591549875,5979.771679875,6.56107748601579,-0.0137522623985223
"NOTCHB01_P5_BMN_170329_RES.CFI-400945",87.4966310884409,83.5839064768287,3.91272461161219,12384.36322975,8580.65801525,3803.7052145,-2.32639564776681,-0.0235765234272662
"NOTCHB01_P5_BMN_170329_RES.CFI-402257",87.4966310884409,83.3113776126254,4.18525347581549,12384.36322975,7133.506914375,5250.856315375,-8188.10114723463,-0.0204261314556461
"NOTCHB01_P5_BMN_170329_RES.CFI-402257-2ON5OFF",87.7514129522654,86.5102289382288,1.24118401403652,9429.23031825,7190.14079375,2239.0895245,-77.2671842328823,-0.00712707383064264
"NOTCHB01_P5_BMN_170329_RES.CX-5461",87.592264116881,85.8808164798831,1.7114476369979,14789.011939,13651.73279,1137.279149,-8089.19921105494,-0.0235779111115856
"NOTCHB01_P5_ERIB_170309_RES.CARBOPLATIN",86.4116652289574,81.2234155624567,5.18824966650067,18094.3713815857,11194.6743101667,6899.69707141907,6.05088761270387,-0.0245156473831091
"NOTCHB01_P5_ERIB_170309_RES.CFI-400945",86.5453305929738,83.3388231851746,3.20650740779912,16166.9578073774,10695.7085613333,5471.24924604407,9.15174137868831,-0.0091279247809902
"NOTCHB01_P5_ERIB_170309_RES.CX-5461",87.1195334409844,83.3442494350404,3.77528400594403,8184.64928516048,5301.12011575,2883.52916941048,12.019942504536,-0.0202163323203605
"NOTCHB01_P5_ERIB_170309_RES.ERIBULIN",86.457088975736,86.8238391588513,-0.366750183115343,21300.7773250857,24352.518980299,-3051.74165521329,43.8590039510139,-0.00603794912214942
"NOTCHB01_P5_ERIB_170309_RES.ERIBULIN-LOW",87.1195334409844,88.2518368595615,-1.1323034185771,8184.64928516048,9447.114544,-1262.46525883952,-4.22308064132271,0.0346458729181879
"NOTCHB01_P5_ERIB_170309_RES.PACLITAXEL",86.4116652289574,85.3162398680542,1.09542536090321,18094.3713815857,14397.65282025,3696.71856133574,3.87418896394857,-0.00900714356809543
"NOTCHB01_P6_945_170516_RES.CDX-011",83.9850091505038,30.3339855823361,53.6510235681677,10543.4352181586,5850.0055755,4693.42964265863,-21.8368716882014,-0.0364408253037484
"NOTCHB01_P6_945_170516_RES.CFI-400945",83.6085767667575,80.2893663395372,3.31921042722021,17028.0695039086,14380.9873501783,2647.08215373029,-6.44814168644016,-0.0169385939175867
"NOTCHB01_P6_945_170516_RES.CFI-400945-52WEEKLY",83.9850091505038,81.453875977279,2.53113317322483,10543.4352181586,9085.701013,1457.73420515863,15.826458475395,-0.020207700272973
"NOTCHB01_P6_945_170516_RES.CFI-400945-5DAILY",83.7649208597163,82.6963314301138,1.0685894296025,9092.31334404613,7399.27258925,1693.04075479613,2.68338283522242,-0.0086782199934737
"NOTCHB01_P6_945_170516_RES.CFI-402257",83.7465227008457,85.4171467525989,-1.67062405175319,7814.49033243244,7924.18935,-109.69901756756,0.0374067494221199,0.00959628432868189
"NOTCHB01_P6_945_170516_RES.CFI-402257-3ON4OFF+PACLITAXEL",83.7465227008457,85.3825848491484,-1.63606214830271,7814.49033243244,9153.057311,-1338.56697856756,-22.5664331073874,-0.00221603273751334
"NOTCHB01_P6_945_170516_RES.CX-5461",83.4900900848081,16.4967067990465,66.9933832857616,13737.8667049086,4769.7994655,8968.06723940863,6.37314520829667,-0.0338469735639325
"NOTCHB01_P6_945_170516_RES.ERIBULIN-EXTRALOW",83.7434627779995,72.4773947575353,11.2660680204642,11936.8660206586,5828.291481,6108.57453965863,4.76668406328372,-0.0160864582416565
"NOTCHB01_P6_945_170516_RES.PACLITAXEL",83.7501199382878,85.6734957668137,-1.92337582852598,7402.41619489167,15741.01316575,-8338.59697085833,2.24063940252554,-0.0129716856875422
"NOTCHB02.BMN-673",70.435316158528,-0.606646872173228,71.0419630307012,8585.90111048116,5533.14512383333,3052.75598664783,11.5246426377998,-0.0229185615184903
"NOTCHB02.CARBOPLATIN",74.5918722152961,46.81832588857,27.7735463267261,16976.6306028084,11534.8975138333,5441.73308897511,24.1335976798635,-0.012356912809398
"NOTCHB02.CDX-011",72.6960725598962,-6.74014270955042,79.4362152694466,63355.1709107891,25468.8168565,37886.3540542891,-3.47753514545737,-0.00884998496851202
"NOTCHB02.CFI-400945",72.3498529784512,37.5409801861158,34.8088727923354,55869.4426222891,26982.0271430268,28887.4154792623,28.8532840033463,-0.00584998431561779
"NOTCHB02.CFI-400945-52WEEKLY",74.8354138935781,-37.7604548202253,112.595868713803,20748.7725721877,4799.341544375,15949.4310278127,7.53532368452652,-0.0310289092396257
"NOTCHB02.CFI-400945-5DAILY",69.4158592583744,79.86830895537,-10.4524496969956,7974.24506159348,9342.53325125,-1368.28818965652,-10.785566968938,0.00780218294417193
"NOTCHB02.CFI-402257",74.8443570014645,58.9674985951086,15.876858406356,21177.1941235258,16023.9918337,5153.20228982576,-49.7927608938994,-0.0049210313895555
"NOTCHB02.CFI-402257-3ON4OFF+PACLITAXEL",74.4470915806397,57.9647167548246,16.4823748258151,15775.3661138088,9722.03762275,6053.32849105884,4.6708382382896,-0.00396810095979555
"NOTCHB02.CX-5461",72.9726986116484,52.787749377142,20.1849492345063,38844.2046196773,23890.3977609871,14953.8068586902,4.15608495175327,-0.00858148510857497
"NOTCHB02.ERIBULIN",69.4158592583744,77.1431612003301,-7.72730194195573,7974.24506159348,10098.8145755,-2124.56951390653,-3.40956225608491,-0.0047346810199861
"NOTCHB02.ERIBULIN-EXTRALOW",75.0585992099148,34.5956942058914,40.4629050040234,27251.2878080986,13761.1937485,13490.0940595986,17.9295074258779,-0.00996860159672031
"NOTCHB02.ERIBULIN-LOW",65.4756737737842,65.4233769125521,0.052296861232108,6114.13278615669,6825.178166125,-711.045379968311,1.5585163498608,-0.00603183940917104
"NOTCHB02.FROST",74.1078045051722,-36.4988060763389,110.606610581511,83172.4719097891,11620.4738820417,71551.9980277474,-67.7235919014248,-0.0189588249116284
"NOTCHB02.PACLITAXEL",74.1078045051722,69.5769439598565,4.53086054531569,83172.4719097891,72572.0813981914,10600.3905115977,-8.53483685322438,-0.00381629584261443
"NOTCHB03.CARBOPLATIN",85.2831885070982,-62.7489612090362,148.032149716134,119691.43831798,3748.18289366667,115943.255424313,285.014241589496,NA
"NOTCHB03.CFI-400945",85.2831885070982,-73.4877922817645,158.770980788863,119691.43831798,20227.1259338192,99464.3123841604,-10.0349125581551,-0.050923070112646
"NOTCHB03.CFI-400945+CFI-402257",84.3517740940838,85.3616708724439,-1.00989677836016,11982.391739405,20137.9476758875,-8155.5559364825,0.44650328274194,-0.01288642734969
"NOTCHB03.CFI-400945-5DAILY",84.5556607715378,37.1651996303641,47.3904611411736,33289.1524800224,28274.2673261948,5014.88515382762,-1.86627281461157,-0.0319580442931836
"NOTCHB03.CFI-400945-6DAILY",85.2831885070982,0.348763337578866,84.9344251695193,119691.43831798,23510.65591325,96180.7824047295,-486.815469910575,-0.0448869988267916
"NOTCHB03.CFI-402257-3ON4OFF+PACLITAXEL",84.4005758958911,57.9647167548246,26.4358591410665,31093.6616890998,9722.03762275,21371.6240663498,13.0025942537863,-0.0129835861343523
"NOTCHB03.CX-5461",85.2831885070982,-67.6266957525271,152.909884259625,119691.43831798,7124.7678025247,112566.670515455,-42.8028416718991,-0.0531293468812956
"NOTCHB03.FROST",85.0703924576216,65.4938692935361,19.5765231640854,49348.5757615921,18911.5376599783,30437.0381016138,132.406239747044,-0.0214018477497833
"NOTCHB03.PACLITAXEL",85.2831885070982,74.1735222592979,11.1096662478003,119691.43831798,57104.9349027278,62586.5034152517,-28.2334556521128,-0.0152979777966978
"REF001.ABT-263",83.5383155548862,83.1125015807199,0.425813974166289,7534.35729459978,6287.86004,1246.49725459978,1.8793799421703,0.00498191404065293
"REF001.AZD-5305",84.8099233183065,85.7683270764894,-0.958403758182854,30777.7430446354,33539.853518875,-2762.1104742396,-11.7008544175173,0.0166309434010455
"REF001.AZD-8205",85.6988879238837,79.3095115351036,6.38937638878018,87591.7052312496,44389.328046,43202.3771852496,-367.887106660658,-0.0169481112264921
"REF001.BMN-673",84.7692694863712,67.8648064433272,16.9044630430441,41428.7881870829,14660.2792208125,26768.5089662704,18.2675077711804,-0.0109812333105759
"REF001.CARBOPLATIN",86.2488025514793,68.474285617986,17.7745169334933,117619.81731475,30253.9028211667,87365.9144935829,343.401627559706,-0.018008032405036
"REF001.CDX-011",85.8461619023905,23.6996821588114,62.1464797435791,95430.3064967496,17142.485374875,78287.8211218746,-200.034502870701,-0.0296257192261884
"REF001.CFI-400945",86.2488025514793,-53.8639526187405,140.11275517022,117619.81731475,10264.7482526091,107355.06906214,-129.883033866936,-0.0515737917727679
"REF001.CFI-400945+ABT-263",85.6988879238837,39.7323408842186,45.9665470396651,87591.7052312496,14920.38995675,72671.3152744996,52.9185933028631,-0.0265937831692266
"REF001.CFI-400945-41.6WEEKLY",83.65620286103,-42.4124243178555,126.068627178885,12989.9683483639,19692.33562625,-6702.36727788613,-0.224452557044418,-0.0364212684494618
"REF001.CFI-402257",85.1297399017656,63.5817119491145,21.5480279526511,25013.1197564811,9325.1228853373,15687.9968711438,10.5053119835121,-0.0139557049958903
"REF001.CFI-402257+PACLITAXEL-40DAILY",85.3808496229613,54.691012211115,30.6898374118462,74715.4873097496,16542.7312455,58172.7560642496,54.2307289229371,-0.0178999475414248
"REF001.CFI-402257-2ON5OFF+PACLITAXEL-15DAILY",84.0981500195248,29.9658885154763,54.1322615040485,15513.4934595264,6110.0122849375,9403.48117458891,24.0109994586751,-0.0323989363324756
"REF001.CFI-402257-3ON4OFF+PACLITAXEL",84.8088111360609,49.3948902646568,35.4139208714042,36904.4311823654,10686.83563375,26217.5955486154,-32.5928718606688,-0.0143915751683922
"REF001.CX-5461",84.8891561092758,49.6765757312106,35.2125803780653,49324.4612549579,12722.8835910458,36601.5776639121,25.6249692268173,-0.0231834999761325
"REF001.DATOPOTAMAB-DERUXTECAN",86.2488025514793,73.1244255364341,13.1243770150452,117619.81731475,21713.371766125,95906.4455486246,172.139182479948,-0.00104484072471009
"REF001.ERIBULIN",86.2488025514793,-44.8315610240429,131.080363575522,117619.81731475,9803.618937,107816.19837775,-104.729638028899,-0.0304507963170366
"REF001.EVEROLIMUS",83.3587981988588,71.875552205384,11.4832459934748,9985.49654774005,6265.1334011,3720.36314664005,9.03281026680522,-0.0209744049469954
"REF001.PACLITAXEL",84.8693705575254,46.8697920203016,37.9995785372238,29278.0240699035,16694.3410942083,12583.6829756951,-2.6532414342464,-0.0113670201382349
"REF001.PACLITAXEL-15DAILY",83.3749318246957,73.3744405052378,10.0004913194579,10876.251973711,5785.416190375,5090.83578333604,5.18619623115649,-0.00796737444425114
"REF001.PACLITAXEL-40DAILY",85.8461619023905,59.7291630631378,26.1169988392528,95430.3064967496,22486.77639525,72943.5301014995,107.38332347053,-0.0210906587872641
"REF001.PQ-1-6",83.7610566998981,-81.2117732525616,164.97282995246,5016.42415990457,1047.496066,3968.92809390457,34.9556907750689,-0.0934189275028287
"REF001.PQ-1-6-VEHICLE",83.6401955979806,78.6107812459183,5.02941435206226,5364.22431484314,6600.180184,-1235.95586915686,-2.58595886626632,-0.0320932156227713
"REF001.SACITUZAMAB-GOVITECAN",84.8088111360609,76.6112952987625,8.19751583729847,36904.4311823654,17016.1478457269,19888.2833366385,10.5040534670165,-0.0070406750993374
"REF001.TRASTUZUMAB-DERUXTECAN",84.9482945409792,77.2242638064157,7.72403073456353,50622.6911481246,18931.40102975,31691.2901183746,-30.6514812522247,-0.00827807578777377
"REF001_P1_945_161017_RES.CFI-400945",86.1481825608432,75.2089118995371,10.9392706613062,38394.7231755119,17410.2297391171,20984.4934363948,-39.2946443988022,-0.0168183924090562
"REF001_P1_945_161017_RES.PACLITAXEL",85.7605486303298,71.3879579914886,14.3725906388411,27855.9709087619,11719.55109075,16136.4198180119,78.9132846064675,-0.0256827851017272
"REF001_P1_CARBO_161103_RES.BMN-673",81.6147655841215,84.4019061511393,-2.78714056701787,11050.9131398639,13342.033281875,-2291.12014201111,9.28541447543779,0.00191410266593574
"REF001_P1_CARBO_161103_RES.CARBOPLATIN",82.5821301422595,82.3338651691238,0.248264973135647,18174.1095742806,20154.0756974167,-1979.96612313611,-4.40770515845245,-0.0106531199066058
"REF001_P1_CARBO_161103_RES.CFI-400945",81.6147655841215,79.9575848171598,1.6571807669617,11050.9131398639,10092.5966685,958.316471363889,0.506813993313523,-0.0136537043440323
"REF001_P1_CARBO_161103_RES.CFI-402257",83.4686009974527,86.7078064890804,-3.23920549162767,7116.163436475,12126.36937025,-5010.205933775,5.52672553882532,0.00945199632019207
"REF001_P1_CARBO_161103_RES.CX-5461",81.6147655841215,84.513460766718,-2.89869518259654,11050.9131398639,13466.653535,-2415.74039513611,13.1375603796803,0.000223434039187614
"REF001_P1_CARBO_161109_RES.CARBOPLATIN",82.3122729786599,80.105548008274,2.20672497038592,11208.508269,8370.79490075,2837.71336825,4.19011015105382,-0.00366329743573875
"REF001_P1_CARBO_161109_RES.CX-5461",80.5726274303638,78.727970596235,1.84465683412881,6437.441728375,5507.99022325,929.451505125001,14.6642155900401,0.00702633933949948
"REF001_P1_TAX_160928_RES.ERIBULIN",83.7260887513612,58.3976657073684,25.3284230439929,33258.18891475,13371.4032975,19886.78561725,-16.5536174481727,NA
"REF001_P1_TAX_160928_RES.PACLITAXEL",83.7260887513612,81.475811275328,2.25027747603316,33258.18891475,33065.6413345,192.547580250008,0.135938800023103,-0.0113435931471562
"REF001_P2_8205_240124_RES.ADC-CONTROL",87.6063657051129,87.1552454084691,0.451120296643779,17561.15372725,18393.0764789687,-831.92275171875,4.9439374390786,-0.0195553097094772
"REF001_P2_8205_240124_RES.AZD-5305",87.6888106322899,88.1755290013845,-0.486718369094561,6071.318177,9298.79130825,-3227.47313125,3.79278460294596,-0.0191630854272046
"REF001_P2_8205_240124_RES.AZD-8205",87.5659780017391,84.8857324564691,2.68024554526997,29381.6913235,20189.1981206845,9192.49320281547,-9.69140826765183,-0.0275631420160351
"REF001_P2_8205_240124_RES.CARBOPLATIN",87.6212159764028,88.1196812411997,-0.498465264796948,3117.17530753571,4332.2963525,-1215.12104496429,2.69169104739839,-0.00790350279791683
"REF001_P2_8205_240124_RES.PACLITAXEL",87.7723845209315,86.0698714095805,1.70251311135105,7307.2538408125,5463.24993725,1844.0039035625,-2.63879822467291,-0.0318704963290797
"REF001_P2_8205_240124_RES.SACITUZAMAB-GOVITECAN",87.3231686296907,80.6486436609738,6.6745249687169,22818.050836,12099.5194980625,10718.5313379375,-8.72312907594195,-0.0291022483894124
"REF001_P4_SG_260625_RES.SACITUZAMAB-GOVITECAN",NA,88.7369977952335,NA,NA,23885.81692575,NA,NA,NA
"REF001_P4_TRAZ_250725_RES.SACITUZAMAB-GOVITECAN",87.5853924698532,87.6776004604514,-0.0922079905981832,7512.47283,9191.384284,-1678.911454,1.02905844669699,-0.0131890673358204
"REF001_P4_TRAZ_250725_RES.TRASTUZUMAB-DERUXTECAN",87.5853924698532,86.0916872397856,1.49370523006759,7512.47283,6674.1128315,838.359998500001,-4.15501693840728,-0.029273137934598
"REF002.BMN-673",83.6116994256199,79.4545547675427,4.15714465807719,20500.0958011137,16334.045039625,4166.05076148874,-116.972682899844,0.00184984772398371
"REF002.CARBOPLATIN",77.9018001059408,-20.1588396259122,98.060639731853,144112.725772127,27762.4714972917,116350.254274835,-75.6502583951345,-0.0108252030207082
"REF002.CDX-011",83.813748772607,79.9910502907153,3.82269848189175,7439.64511068125,5170.23522825,2269.40988243125,4.34588445723604,0.0117562222603978
"REF002.CFI-400945",77.9018001059408,-15.8957772360036,93.7975773419443,144112.725772127,23716.555544605,120396.170227522,-61.1408861658409,NA
"REF002.CFI-400945+ABT-263-LOW",82.201304013342,-71.2737660140793,153.475070027421,83166.391035377,19436.26553825,63730.125497127,-0.538226326672641,-0.00282786980946174
"REF002.CFI-400945-52WEEKLY",83.1810159757786,-61.4656837974148,144.646699773193,69281.7683734187,2467.6354975,66814.1328759187,104.466600156974,-0.0602293558062582
"REF002.CFI-400945-5DAILY",83.608991277285,46.3286579658349,37.28033331145,23812.8509816624,11399.6430211377,12413.2079605248,-46.9285109979213,-0.0165750532730097
"REF002.CFI-402257",83.7000331255409,59.3724415786997,24.3275915468412,27522.4981841579,15300.0835649167,12222.4146192413,-11.4143050877809,-0.00327587177831173
"REF002.CFI-402257-2ON5OFF",83.775303963614,85.8267140137278,-2.05141005011379,8686.51572208177,10410.23302975,-1723.71730766823,22.9250204681298,0.0196984131008859
"REF002.CFI-402257-2ON5OFF+PACLITAXEL-15DAILY",81.0583862331345,-30.8290985605238,111.887484793658,91976.667655377,17766.6086595208,74210.0589958562,-39.4163142279806,-0.0387867068308462
"REF002.CFI-402257-3ON4OFF",83.3369040974287,74.1331892726519,9.20371482477682,14019.5675382986,7200.31809975,6819.24943854863,4.28516286395197,-0.00358962613925653
"REF002.CFI-402257-3ON4OFF+PACLITAXEL",80.1947439257482,-48.330224500917,128.524968426665,99258.378032877,11215.6671632778,88042.7108695992,-83.1223039018994,NA
"REF002.CFI-402257-HD+PACLITAXEL-15DAILY",83.5401332414898,-18.3840292901325,101.924162531622,51053.3937276184,18359.751055,32693.6426726184,-10.4031138002544,-0.0191382424028539
"REF002.CX-5461",83.775303963614,75.3574644502009,8.4178395134131,8686.51572208177,7293.57914575,1392.93657633177,-2.3100142921396,-0.0104365904320083
"REF002.ERIBULIN-LOW",83.4383246926002,-48.2600572252006,131.698381917801,11685.1616759664,5816.15831,5869.00336596636,-8.51752812366006,-0.0275775747689729
"REF002.EVEROLIMUS",83.775303963614,86.9021016197608,-3.12679765614678,8686.51572208177,14653.66475975,-5967.14903766823,4.1867021119038,0.0200724601739353
"REF002.PACLITAXEL",77.9018001059408,-58.9484772111888,136.85027731713,144112.725772127,12064.40397975,132048.321792377,-7.97659763991883,NA
"REF002.PACLITAXEL-15DAILY",81.0583862331345,3.89617444570732,77.1622117874272,91976.667655377,27960.6545956392,64016.0130597378,-0.416021705662728,-0.0205939845177573
"REF002_P2_TAX_171219_RES.ABT-263",77.9916070202438,-9.41554325425919,87.407150274503,11888.7335130196,4088.641005,7800.09250801964,1.91711523257702,-0.0263033634559526
"REF002_P2_TAX_171219_RES.CARBOPLATIN",77.4040222548694,-16.6570227389893,94.0610449938587,13849.4771244125,5605.667933,8243.8091914125,2.30604170239929,-0.0227062444288483
"REF002_P2_TAX_171219_RES.CFI-400945",77.4040222548694,77.5096337232877,-0.105611468418346,13849.4771244125,7581.1602235,6268.3169009125,0.461452463825687,0.0126757761032596
"REF002_P2_TAX_171219_RES.CFI-400945+ABT-263",79.6164712062301,-64.7868447767134,144.403315982943,59061.6537760292,18204.32719375,40857.3265822792,-16.9062518897976,-0.018660441781894
"REF002_P2_TAX_171219_RES.CFI-402257-3ON4OFF+PACLITAXEL",79.6164712062301,-68.6343651641121,148.250836370342,59061.6537760292,13304.5966055,45757.0571705292,-16.5998655014493,-0.0166034533142137
"REF002_P2_TAX_171219_RES.ERIBULIN-LOW",77.4986254317052,43.3837431389673,34.1148822927379,17433.2810449696,5656.293637,11776.9874079696,2.04998725217879,-0.00411207144412056
"REF002_P2_TAX_171219_RES.PACLITAXEL",77.2464029440515,78.7556172072612,-1.50921426320977,35256.1414280292,50493.024716625,-15236.8832885958,5.34057306287439,-0.00923949193344936
"REF002_P2_TAX_171219_RES.PACLITAXEL-15DAILY",79.6164712062301,66.602686030035,13.0137851761951,59061.6537760292,46104.3986484967,12957.2551275324,-8.97417922103208,-0.0113742733089799
"REF002_P3_945_180913_RES.BMN-673",NA,85.038968194455,NA,NA,13573.6423935,NA,NA,NA
"REF002_P3_945_180913_RES.CFI-400945",NA,86.3331654882328,NA,NA,19135.170970125,NA,NA,NA
"REF002_P3_945_180913_RES.CFI-400945+ABT-263",NA,85.7914348017883,NA,NA,8308.9000395,NA,NA,NA
"REF002_P4_945_190308_RES.BMN-673",82.7373652279643,70.1385082630273,12.5988569649371,16304.4694305833,11730.8263625,4573.64306808333,17.3504713709437,-0.00912017777852959
"REF002_P4_945_190308_RES.CFI-400945",84.8746104461178,67.2731092904584,17.6015011556594,42053.5140798333,30058.3813186667,11995.1327611667,-5.42832986527428,-0.0163835470631312
"REF002_P4_945_190308_RES.CFI-400945-52WEEKLY",84.7752002899661,-14.7660633991829,99.541263689149,34951.3623912083,8679.68764925,26271.6747419583,23.4469405561611,-0.0280762146721652
"REF002_P4_945_190308_RES.CX-5461",84.0858790950485,85.8568714161349,-1.77099232108637,23509.4259486667,42195.6143165,-18686.1883678333,1.59448174229449,-0.00348838652010183
"REF003.BMN-673",45.8409744474098,7.77517336892429,38.0658010784855,52719.1262370339,30842.358192625,21876.7680444089,12.8739346478635,-0.00370510901044746
"REF003.CARBOPLATIN",53.1145597099493,27.2280784473143,25.886481262635,16574.6659572489,13192.573015,3382.09294224887,131.531103783976,-0.00223486811310748
"REF003.CFI-400945",47.2600469936132,-35.7550462947623,83.0150932883755,49531.8992112839,1612.99923968519,47918.8999715987,12.6461786076869,NA
"REF003.CFI-400945+ABT-263",29.071958896506,-67.8467209710929,96.9186798675989,7928.25102391393,352.4968125,7575.75421141393,22.6350743425167,NA
"REF003.CFI-400945-3.75DAILY",49.5489082123126,4.15453601073838,45.3943722015742,41217.8586664089,16191.43939725,25026.4192691589,23.7172117266198,-0.0110028746584807
"REF003.CFI-400945-41.6WEEKLY",5.96678032406262,-65.6458934840102,71.6126738080729,4796.29688946875,2244.85010375,2551.44678571875,5.39009706612655,-0.0294816488945494
"REF003.CFI-400945-5DAILY",47.582350467964,-36.2755301688124,83.8578806367765,47716.4812597482,7856.68610575,39859.7951539982,-137.879403236313,-0.00560476106992209
"REF003.CX-5461",48.4419737475511,54.9771863644093,-6.5352126168582,33784.7249889089,34881.475040875,-1096.75005196607,141.576905867236,0.00214164179555099
"REF003.ERIBULIN",45.8409744474098,-16.4606481674374,62.3016226148472,52719.1262370339,15790.70079575,36928.4254412839,83.7447833913265,-0.0072943039600825
"REF003.ERIBULIN-LOW",48.5311221267441,-12.8061593174419,61.337281444186,34763.2059471545,14279.63234225,20483.5736049045,82.3357981998772,-0.00758741536823897
"REF003.EVEROLIMUS",45.8409744474098,-23.6273041124119,69.4682785598217,52719.1262370339,13024.784957,39694.3412800339,-15.6768911287031,-0.00408791359315604
"REF003.PACLITAXEL",47.582350467964,28.6464477323735,18.9359027355905,47716.4812597482,34912.888829,12803.5924307482,-10.9913843246435,-0.000914401985303444
"REF003_P1_CX_171024_RES.CARBOPLATIN",69.7654287503804,60.621536389154,9.14389236122638,27787.0988517083,18234.79309075,9552.30576095833,1.05637145558537,-0.0100357486821857
"REF003_P1_CX_171024_RES.CFI-400945+ABT-263-LOW",69.7040764924699,-59.2517627162351,128.955839208705,40429.3526909583,809.41920125,39619.9334897083,7.65157432268502,NA
"REF003_P1_CX_171024_RES.CX-5461",71.8888761080256,10.0422616141767,61.846614493849,67218.3636859583,31644.9855242649,35573.3781616935,-161.431929945926,-0.0040543024901639
"REF004.ABT-263",87.482407304206,87.5609546868412,-0.0785473826351932,5059.76204192937,4566.676235375,493.085806554365,1.16380890333397,0.0124442657715401
"REF004.BMN-673",87.5033306636611,88.1723405257447,-0.66900986208357,19093.3133934447,24712.88529025,-5619.57189680534,-7.60249539378742,-0.00805591855324071
"REF004.CARBOPLATIN",87.5783478090341,88.2462310924884,-0.667883283454287,12464.847664278,16559.39916525,-4094.55150097201,19.103238577525,-0.0059663386169931
"REF004.CDX-011",87.5724301091838,88.9024435833689,-1.33001347418514,7996.07613825621,14097.38586625,-6101.30972799379,7.88029761617434,0.0263819148004628
"REF004.CFI-400945",87.5757237002277,88.02264804089,-0.446924340662392,9362.60510638116,12905.75898395,-3543.15387756884,1.24719417944088,-0.00859548722126153
"REF004.CFI-400945-41.6WEEKLY",87.5033306636611,87.6760752952702,-0.172744631609049,19093.3133934447,17541.363597625,1551.94979581966,-6.37060410533895,-0.0114293078620956
"REF004.CFI-402257",87.6500225610056,87.0546692314284,0.595353329577179,10929.1197808018,10817.06622375,112.053557051797,-1.53297979329218,-0.022930931221029
"REF004.CFI-402257+PACLITAXEL",87.5290315990261,83.6885908127723,3.84044078625377,16352.6884954447,9408.8917835,6943.79671194466,-15.9466706185049,-0.0268759082978423
"REF004.CFI-402257-2ON5OFF",87.5724301091838,87.0644941859796,0.507935923204215,7996.07613825621,8759.2471235,-763.17098524379,0.610125719598526,-0.0348118946109037
"REF004.CFI-402257-2ON5OFF+PACLITAXEL-15DAILY",87.5724301091838,88.4852381918618,-0.912808082678012,7996.07613825621,12229.11114875,-4233.03501049379,4.08440358259018,-0.00503553311645158
"REF004.CFI-402257-3ON4OFF+PACLITAXEL",87.4135979333424,82.3932282130283,5.02036972031418,4066.16829736538,3564.74097525,501.427322115377,-0.573156159872221,-0.0165167089764674
"REF004.CX-5461",87.5074250705453,86.0693404213162,1.43808464922918,14633.0922581669,10194.031506875,4439.06075129188,10.860313466276,-0.0108451039842417
"REF004.ERIBULIN",87.5757237002277,87.729475220796,-0.153751520568335,9362.60510638116,11512.7059175,-2150.10081111884,2.79568938055369,-0.0133010886192394
"REF004.EVEROLIMUS",87.5327817659603,82.0348725411685,5.49790922479177,13868.5978768891,5809.027132,8059.5707448891,7.21782076576595,-0.0318839447723044
"REF004.FROST-LOW",87.5290315990261,81.2970889023011,6.23194269672501,16352.6884954447,7948.376966125,8404.31152931966,42.0116286260144,-0.0362994373502907
"REF004.PACLITAXEL",87.5290315990261,83.1270386240381,4.40199297498796,16352.6884954447,8313.8636365,8038.82485894465,17.929929899274,-0.0187893251426648
"REF004.PACLITAXEL-15DAILY",87.5724301091838,87.391408105984,0.181022003199814,7996.07613825621,8661.957081125,-665.880942868792,1.850693245163,-0.0260045149750044
"REF005.ABT-263",87.0464297514212,86.1518997401373,0.894530011283905,28034.657949357,15348.7571215,12685.900827857,-1.40558145580834,0.011596390301514
"REF005.BMN-673",83.8193304402556,20.9844307315358,62.8348997087198,73041.0938983047,19983.1415710556,53057.9523272491,-50.5214740007128,-0.0212060220694794
"REF005.CARBOPLATIN",86.9148319046052,80.0141157740425,6.90071613056271,23304.6461181477,11862.6673145655,11441.9788035822,974.16599055181,-0.00660830345233602
"REF005.CDX-011",83.8193304402556,-54.0427028990923,137.862033339348,73041.0938983047,24272.7471993737,48768.346698931,-4.35432807385084,NA
"REF005.CFI-400945",83.8193304402556,69.9344894515365,13.8848409887192,73041.0938983047,27833.0085650959,45208.0853332088,15.5161003301023,-0.0187139611185066
"REF005.CFI-400945+ABT-263",85.5135963641666,62.6557312121787,22.8578651519879,50150.650435413,20282.75455,29867.895885413,-18.4067642140645,-0.020195086397668
"REF005.CFI-400945-41.6WEEKLY",86.8293939318739,-47.9644546488522,134.793848580726,21185.681580402,4989.359094,16196.322486402,-216.709093681321,-0.0513118799480017
"REF005.CFI-400945-52WEEKLY",83.8193304402556,42.5386984245274,41.2806320157282,73041.0938983047,23613.6248064932,49427.4690918115,-6.53222393037826,-0.0264311090101265
"REF005.CFI-400945-5DAILY",86.3634602278237,88.5586081822359,-2.19514795441223,8707.6044992065,14492.5865895,-5784.9820902935,36.4196247123428,0.0323020929102905
"REF005.CFI-402257",86.755834156609,77.9202568220854,8.83557733452353,14468.2324521566,8419.660042325,6048.57240983157,-37.1412156056415,-0.021295838584029
"REF005.CFI-402257-2ON5OFF",86.5690146422911,79.3826209008714,7.18639374141968,11351.4755190961,7174.288044,4177.18747509606,-12.143133031739,-0.0198642231928368
"REF005.CFI-402257-2ON5OFF+PACLITAXEL-15DAILY",83.8193304402556,68.0338111329773,15.7855193072783,73041.0938983047,27086.55574665,45954.5381516547,-116.303627731261,-0.0116289421011472
"REF005.CFI-402257-3ON4OFF",86.755834156609,87.0127758608708,-0.256941704261877,14468.2324521566,17962.088614,-3493.85616184343,1.90306876432647,-0.00428462883937692
"REF005.CFI-402257-3ON4OFF+PACLITAXEL",83.8193304402556,-23.9624083198476,107.781738760103,73041.0938983047,14611.5574805833,58429.5364177213,775.908481157019,NA
"REF005.CX-5461",83.8193304402556,10.2108598735609,73.6084705666947,73041.0938983047,14597.2116853874,58443.8822129173,42.1504015577223,-0.0222066267920587
"REF005.ERIBULIN",83.8193304402556,-48.2262417522304,132.045572192486,73041.0938983047,547.441501375,72493.6523969297,15.8725680960422,NA
"REF005.ERIBULIN-EXTRALOW",87.0464297514212,86.6335565088769,0.412873242544336,28034.657949357,26442.591877375,1592.06607198205,13.8231143940916,-0.0112074863960045
"REF005.ERIBULIN-LOW",83.8193304402556,33.1045621286823,50.7147683115733,73041.0938983047,17475.0050168125,55566.0888814922,-123.234555603654,-0.0239730997901056
"REF005.EVEROLIMUS",86.7928927596901,51.5039737261431,35.288919033547,20196.2215052832,6701.011646375,13495.2098589082,-177.258061937553,-0.0361491657943495
"REF005.PACLITAXEL",83.8193304402556,-49.428857028783,133.248187469039,73041.0938983047,13303.7495042262,59737.3443940785,-15.3146871313259,NA
"REF005.PACLITAXEL-15DAILY",86.71706439712,74.4577473680036,12.2593170291164,15990.529981363,7226.422407,8764.10757436304,104.421078981792,-0.0271771661301696
"REF005_P1_945_170718_RES.ABT-263",84.9620000287571,82.5851219978205,2.37687803093662,9413.892375125,10354.454429,-940.562053874999,3.68660425857822,-0.0121544425444874
"REF005_P1_945_170718_RES.CFI-400945",84.3828679902789,16.6524357224372,67.7304322678417,27369.109738125,12231.5160987294,15137.5936393956,-10.0419801054683,-0.0336995407935302
"REF005_P1_945_170718_RES.CFI-400945+ABT-263",85.8681486210015,80.9509674694199,4.9171811515816,5471.46349441667,4024.51650475,1446.94698966667,15.6918543331342,-0.0233102240971383
"REF005_P1_945_170718_RES.CFI-400945-41.6WEEKLY",84.3828679902789,-62.1705678034143,146.553435793693,27369.109738125,7044.21575725,20324.893980875,-15.5225857487679,-0.0583002167768019
"REF005_P1_945_170718_RES.PACLITAXEL",84.3828679902789,-72.8246104527479,157.207478443027,27369.109738125,818.336553,26550.773185125,-30.7069454157896,NA
"REF005_P1_CX_170628_RES.BMN-673",84.6236042396541,63.6631457517875,20.9604584878666,29425.42878975,13180.70963025,16244.7191595,-1549.17603765411,-0.0252138835918915
"REF005_P1_CX_170628_RES.CX-5461",84.988665047505,80.062626441226,4.92603860627895,33078.50653875,24689.7629225804,8388.74361616963,-13.7054729243989,-0.0126656060209865
"REF005_P1_CX_170628_RES.PACLITAXEL",84.988665047505,-69.4971595492626,154.485824596768,33078.50653875,4234.671798,28843.83474075,-26.2980600149805,-0.0447434106201011
"REF005_P1_TAX_170106_RES.PACLITAXEL",NA,84.1290759623856,NA,NA,6680.0631225,NA,NA,NA
"REF005_P1_TAX_170628_RES.CFI-402257-2ON5OFF+PACLITAXEL",86.9600277350687,-27.3833857832841,114.343413518353,35004.761503125,6494.53276925,28510.228733875,43.2323557702111,-0.0514837731901211
"REF005_P1_TAX_170628_RES.CFI-402257-2ON5OFF+PACLITAXEL-15DAILY",86.3527371404087,70.9397992054228,15.4129379349859,23232.307009125,10363.12743175,12869.179577375,14.0441170578642,-0.0443132036626371
"REF005_P1_TAX_170628_RES.ERIBULIN-LOW",86.4885586669255,-3.94482720223511,90.4333858691606,21012.528994875,6618.74089175,14393.788103125,-427.367103999086,-0.0404462136593295
"REF005_P1_TAX_170628_RES.PACLITAXEL",86.9600277350687,70.6045759785188,16.3554517565499,35004.761503125,12872.3844193896,22132.3770837354,75.7108841948333,NA
"REF005_P1_TAX_170628_RES.PACLITAXEL-40DAILY",86.9600277350687,67.9178129200856,19.0422148149831,35004.761503125,8383.479542,26621.281961125,28.1495610235797,-0.0161113533303331
"REF005_P1_TAX_170628_RES.UNC1999",88.0556605886929,87.4307867716847,0.624873817008222,6561.290902625,6812.92368066667,-251.632778041666,-38.750799243525,-0.00404219132080021
"REF005_P2_ERIB_171019_RES.BMN-673",86.9290422695072,56.5058439391307,30.4231983303765,21870.765575984,7801.50492175,14069.260654234,18.5549479392196,-0.030641167406007
"REF005_P2_ERIB_171019_RES.CARBOPLATIN",86.9290422695072,80.736639330457,6.19240293905018,21870.765575984,16034.677009625,5836.08856635903,88.9227440728609,-0.0230781175523562
"REF005_P2_ERIB_171019_RES.CDX-011",86.6625971296278,87.3400724599818,-0.677475330354056,14832.0700028974,18483.00136875,-3650.93136585258,0.489199250286085,-0.00670692801723319
"REF005_P2_ERIB_171019_RES.CFI-400945",87.8317462826707,55.4499247319461,32.3818215507247,47940.1554053278,6975.4429425,40964.7124628278,41.0282186055679,-0.03324674849392
"REF005_P2_ERIB_171019_RES.CFI-402257",87.148861585065,75.6349822201696,11.5138793648954,31946.600704734,11127.70887825,20818.891826484,29.8027311716196,-0.0268933486296376
"REF005_P2_ERIB_171019_RES.CX-5461",86.8649115016266,87.57951351391,-0.71460201228335,15768.0971867253,21414.861648875,-5646.76446214965,2.0494248653028,-0.00238798612216624
"REF005_P2_ERIB_171019_RES.ERIBULIN",86.9290422695072,83.8554001161945,3.07364215331268,21870.765575984,17704.4909519167,4166.27462406736,-13.573194444589,-0.0262463920284863
"REF005_P2_ERIB_171019_RES.ERIBULIN-LOW",87.8317462826707,85.4161257906661,2.41562049200466,47940.1554053278,25744.3734884722,22195.7819168556,35.0504981610018,-0.00580109002898262
"REF005_P2_ERIB_171019_RES.PACLITAXEL",86.9290422695072,73.3600343190212,13.569007950486,21870.765575984,12694.84116625,9175.92440973403,-19.0279516635257,-0.0319528380699297
"REF005_P2_ERIB_171019_RES.PACLITAXEL-15DAILY",86.9290422695072,80.1133396760958,6.8157025934114,21870.765575984,12448.046182,9422.71939398403,9.64962970661017,-0.0251209818334568
"REF005_P3_CDX_180412_RES.CARBOPLATIN",89.056530720547,89.4972231288044,-0.440692408257391,8560.0604375,17797.880301,-9237.8198635,3.04647119522469,-0.00839884207348701
"REF005_P3_CDX_180412_RES.CDX-011",89.056530720547,87.083849841889,1.97268087865797,8560.0604375,3563.652324375,4996.408113125,5.55659133078988,-0.0334897911009069
"REF005_P3_CDX_180412_RES.CX-5461",89.056530720547,86.3448100139872,2.71172070655979,8560.0604375,4150.76515425,4409.29528325,13.6749229737745,NA
"REF005_P3_TTK/TAX_180315_RES.CDX-011",88.0783887163621,87.3621732011534,0.716215515208674,12458.8494035,24961.935701,-12503.0862975,-0.446178069363004,-0.0473770028920569
"REF005_P3_TTK/TAX_180315_RES.CFI-402257-2ON5OFF",88.0783887163621,88.7018397044611,-0.623450988099009,12458.8494035,16747.05427725,-4288.20487375,21.1834746727116,0.00562466451469582
"REF005_P3_TTK/TAX_180315_RES.CFI-402257-2ON5OFF+PACLITAXEL-15DAILY",88.6212886517924,82.7661263428768,5.85516230891557,25985.629988,11746.99046825,14238.63951975,-29.9542396299304,-0.054423936366436
"REF005_P3_TTK/TAX_180315_RES.ERIBULIN-LOW",88.6212886517924,14.4046054810713,74.2166831707211,25985.629988,10093.7925685,15891.8374195,-8.29740032219095,-0.0693341367923017
"REF005_P9_945_190926_RES.CFI-400945-52WEEKLY",87.2363294641131,86.7236710622231,0.512658401890008,22715.1297,19074.02337015,3641.10632985,-2.79495559004932,-0.0114095887432289
"REF006.ADC-CONTROL",81.4564064292317,80.1076834257612,1.34872300347051,22901.1354903025,17477.1649965,5423.97049380254,-6.47528924313423,-0.000982040604593819
"REF006.AZD-5305",82.1927872825349,59.392794513899,22.7999927686359,43793.1303494677,20384.00082675,23409.1295227177,-48.6483713520381,-0.015197332227967
"REF006.AZD-8205",81.4412436703327,-44.3571946449522,125.798438315285,27506.478145545,21933.07339575,5573.404749795,-4.88639330336649,-0.0354824878964229
"REF006.BMN-673",82.4023934045279,77.9043409818892,4.49805242263865,62156.2889007275,39595.222256875,22561.0666438525,20.0789633526916,-0.0043242308525084
"REF006.CARBOPLATIN",81.9486964000391,60.1297571566161,21.8189392434231,19001.3098274132,8965.65856725,10035.6512601632,9.4462500161656,-0.0113501117272335
"REF006.CDX-011",82.7309943001088,59.126126983552,23.6048673165567,81697.5057486858,21666.063936125,60031.4418125608,50.5258438012591,-0.0140097711579341
"REF006.CFI-400945",82.7309943001088,17.9625520056823,64.7684422944264,81697.5057486858,25322.7865715417,56374.7191771442,-41.0282796461943,-0.0211568981082365
"REF006.CFI-400945-52WEEKLY",82.5669133434472,-56.7399105105948,139.306823854042,12475.2489346231,4212.04845025,8263.20048437312,59.9228210746543,-0.0394941091183337
"REF006.CFI-402257",82.8289495841177,73.8335029718535,8.99544661226423,7590.30032633296,5380.11514725,2210.18517908296,12.192867941369,-0.0156020546423906
"REF006.CFI-402257-2ON5OFF",82.5561950416246,79.3961542938526,3.16004074777202,12926.4103394217,10558.57647175,2367.83386767168,15.4420510908128,-0.00103542917806845
"REF006.CFI-402257-2ON5OFF+PACLITAXEL-15DAILY",81.9356819948895,16.3419101732379,65.5937718216516,40096.3230222128,14565.6919394896,25530.6310827232,-41.5374861610087,-0.0156747733067643
"REF006.CFI-402257-3ON4OFF",82.298011349567,80.5009455978112,1.79706575175577,15132.7232432795,11655.255334,3477.46790927953,-0.168685314667952,0.00802410402658831
"REF006.CX-5461",82.6419156493764,72.9312444890842,9.71067116029219,11616.5723905148,7865.04276420833,3751.52962630643,30.5200956092097,-0.0117691905123253
"REF006.DATOPOTAMAB-CONTROL",82.8140843889637,86.6540224432506,-3.83993805428688,7217.81617207286,11423.6370135,-4205.82084142714,15.3522009060368,0.014241479091835
"REF006.DATOPOTAMAB-DERUXTECAN",82.7309943001088,-52.7085329871487,135.439527287257,81697.5057486858,9756.69541245587,71940.81033623,-51.8541537711883,-0.0391355829613894
"REF006.DMSO",NA,NA,NA,NA,NA,NA,NA,NA
"REF006.ERIBULIN-EXTRALOW",82.8881867756919,84.7590221583563,-1.87083538266445,9175.05541323307,14825.99429225,-5650.93887901693,2.19538601219672,-0.0050344102028217
"REF006.ERIBULIN-LOW",82.7309943001088,-31.9540391494619,114.685033449571,81697.5057486858,12528.534294,69168.9714546858,-1504.87045045739,-0.026255970794421
"REF006.EVEROLIMUS",82.298011349567,65.3099931448743,16.9880182046927,15132.7232432795,9960.3300055,5172.39323777953,-9.32734803818734,-0.0174941534726966
"REF006.FLUVASTATIN+TERBINIFINE",82.8248808268638,81.5677322160149,1.25714861084887,5822.57923737596,4660.51268894345,1162.06654843251,270.925552768204,-0.0211122650151999
"REF006.PACLITAXEL",82.2145227551997,41.9014512674164,40.3130714877832,46591.4413468267,14863.45286575,31727.9884810767,26.9240226183902,-0.0166711145779525
"REF006.PACLITAXEL-15DAILY",82.7309943001088,33.9337897632659,48.7972045368429,81697.5057486858,24254.5420125,57442.9637361858,-94.3551851243886,-0.0179344520511704
"REF006.PEG400",82.8248808268638,70.673553244773,12.1513275820907,5822.57923737596,3527.8444561875,2294.73478118846,4.39408557156434,-0.0121685527067879
"REF006.PQ-1-6",82.8289495841177,19.5411175612282,63.2878320228895,7590.30032633296,3600.4945490625,3989.80577727046,12.3308831937453,-0.0357876179780342
"REF006.PQ-1-6-VEHICLE",82.8289495841177,75.4571392156343,7.37181036848341,7590.30032633296,5173.70401208333,2416.59631424962,5.56783510695493,-0.00746377347038325
"REF006.SACITUZAMAB-GOVITECAN",82.7309943001088,48.3876287064466,34.3433655936622,81697.5057486858,29427.5036035729,52270.0021451129,-259.955914137475,-0.0135346861429839
"REF006.TOPOTECAN",84.1681789426447,-84.4906810973384,168.658860039983,476.90801911977,458.176232625,18.7317864947704,-1.37337375627681,-0.0730945842701583
"REF006.TRASTUZUMAB-CONTROL",82.1130625455544,82.9353789232886,-0.822316377734239,16021.0590045294,15289.2105545,731.848450029358,-7.14395445528052,-0.00072973153165743
"REF006.TRASTUZUMAB-DERUXTECAN",82.7309943001088,57.2540186603556,25.4769756397532,81697.5057486858,32447.9969698631,49249.5087788227,81.2151159794326,-0.0170665589567364
"REF006_P1_CDX_180206_RES.CDX-011",86.3402989825163,84.1301203768164,2.21017860569989,13607.428929,13647.253474,-39.8245449999977,-5.09816055238382,-0.027940438365667
"REF006_P1_CDX_180206_RES.ERIBULIN-LOW",86.3402989825163,-46.093161023088,132.433460005604,13607.428929,4422.867043,9184.561886,-35.7625727094572,-0.0593615040568209
"REF006_P1_CDX_180206_RES.PACLITAXEL-15DAILY",86.3402989825163,28.9326012961574,57.407697686359,13607.428929,6506.651047,7100.777882,-37.8998455023619,-0.051105510849531
"REF006_P1_ERIB_180313_RES.CDX-011",84.7074401667807,-46.766607345798,131.474047512579,10461.2511105,6083.1392065,4378.111904,60.651800985535,-0.0958889359640705
"REF006_P1_ERIB_180313_RES.CFI-402257-3ON4OFF+PACLITAXEL",82.2941916568042,87.5704166470177,-5.27622499021344,4010.2686585,10788.0524,-6777.7837415,7.21120941251925,0.0232591244206645
"REF006_P1_ERIB_180313_RES.ERIBULIN-LOW",86.8843301560183,82.527797685551,4.35653247046733,45513.1605005,30324.0427755,15189.117725,-26.0123565061528,-0.0168822647531469
"REF006_P1_ERIB_180313_RES.PACLITAXEL",84.7074401667807,87.6300170401721,-2.92257687339145,10461.2511105,20960.1206485,-10498.869538,6.86173511140339,0.00741185098587623
"REF006_P1_TAX_180307_RES.CFI-402257-2ON5OFF+PACLITAXEL-15DAILY",83.600271953644,58.5475583781048,25.0527135755393,13243.47732075,5608.0516825,7635.42563825,6.4392178570908,-0.0223129860139651
"REF006_P1_TAX_180307_RES.CFI-402257-3ON4OFF+PACLITAXEL",83.600271953644,66.0578376838915,17.5424342697525,13243.47732075,6578.383995,6665.09332575,7.22127006259598,-0.01905374027902
"REF006_P1_TAX_180307_RES.PACLITAXEL-15DAILY",83.600271953644,49.0485557157563,34.5517162378877,13243.47732075,4627.68338,8615.79394075,6.14452438263457,-0.0233760159120903
"REF006_P1_TAX_180315_RES.CARBOPLATIN",85.193280171986,87.5051868684341,-2.31190669644806,5719.72734817336,9088.8965715,-3369.16922332664,5.15253587993697,0.0162614457786751
"REF006_P1_TAX_180315_RES.CDX-011",84.7794782386718,78.7158313134206,6.06364692525115,14526.4492245379,9333.247648,5193.20157653794,31.9871633123522,-0.0142558513583123
"REF006_P1_TAX_180315_RES.CFI-400945",85.1916575453969,53.2297483846392,31.9619091607577,30395.9237911244,18754.088177,11641.8356141244,-5.2249722511192,-0.0246881505477036
"REF006_P1_TAX_180315_RES.CFI-400945+ABT-263",85.193280171986,-65.2317764857404,150.425056657726,5719.72734817336,923.827182,4795.90016617336,4.75651503113405,-0.151821890871224
"REF006_P1_TAX_180315_RES.CFI-402257",84.1660944178359,75.6077946387372,8.55829977909868,39452.2203603906,16244.2774425,23207.9429178906,1.82908683477768,-0.0034984791209051
"REF006_P1_TAX_180315_RES.CFI-402257-3ON4OFF+PACLITAXEL",84.1660944178359,81.6944591617451,2.47163525609083,39452.2203603906,32688.8301361685,6763.39022422217,23.4397872960623,-0.0198165958973331
"REF006_P1_TAX_180315_RES.ERIBULIN",84.9675118809455,-61.2730881194748,146.24060000042,25754.9232385534,2960.510575,22794.4126635534,21.4366114435827,-0.0730326803516981
"REF006_P1_TAX_180315_RES.PACLITAXEL",83.4809623002333,63.0000005218478,20.4809617783856,55403.7584001406,30240.0250788488,25163.7333212918,-9.63658998532423,-0.0149304684770472
"REF006_P1_TAX_180315_RES.PACLITAXEL-15DAILY",84.6013215154777,75.9434018687132,8.65791964676451,35029.3101161049,23865.19782825,11164.1122878549,-3.57642471866528,-0.0204386896429025
"REF006_P2_945_180720_RES.ABT-263-LOW",86.3708104810974,86.8460540208724,-0.475243539774993,5358.56103776389,6573.7803975,-1215.21935973611,1.1883920291667,0.00207784704551832
"REF006_P2_945_180720_RES.CDX-011",87.1520107049092,87.7073288045464,-0.555318099637248,10275.845342,13580.32939285,-3304.48405085,5.2030733638697,-0.00471762995345108
"REF006_P2_945_180720_RES.CFI-400945",84.6069151192452,53.0824707268643,31.5244443923809,28433.32045325,10935.9657949063,17497.3546583437,32.9789563031492,-0.039563632440735
"REF006_P2_945_180720_RES.CFI-400945+ABT-263",84.6069151192452,-64.2832325716622,148.890147690907,28433.32045325,3727.98414425,24705.336309,-84.2404628193149,-0.055855369017447
"REF006_P2_945_180720_RES.CFI-400945+ABT-263-LOW",86.3708104810974,80.5279847455013,5.84282573559614,5358.56103776389,3326.67973575,2031.88130201389,6.36666592345229,-0.0233005869391899
"REF006_P2_945_180720_RES.ERIBULIN-LOW",84.6069151192452,-46.0626784318762,130.669593551121,28433.32045325,7405.01615425,21028.304299,-57.8628982245031,-0.0350403243238686
"REF006_P2_945_180720_RES.PACLITAXEL",84.6069151192452,47.8951614458625,36.7117536733827,28433.32045325,7319.2637235,21114.05672975,15.7962500478537,-0.0237051666415611
"REF006_P3_DATO_170724_RES.DATOPOTAMAB-DERUXTECAN",89.3567887855133,86.6037735006271,2.75301528488619,6584.070906,2201.04462175,4383.02628425,5.01416059244706,-0.0981447367582445
"REF006_P3_DATO_170724_RES.SACITUZAMAB-GOVITECAN",89.3567887855133,88.1912470792507,1.16554170626253,6584.070906,1808.97899,4775.091916,3.37092972076196,NA
"REF006_P3_DATO_170724_RES.TRASTUZUMAB-DERUXTECAN",89.3567887855133,87.8125429218992,1.54424586361402,6584.070906,2158.79417775,4425.27672825,3.7125616106037,NA
"REF006_P3_DATO_240717_RES.DATOPOTAMAB-CONTROL",NA,86.7307509537815,NA,NA,7478.000667,NA,NA,NA
"REF006_P3_DATO_240717_RES.DATOPOTAMAB-DERUXTECAN",NA,80.7798764041834,NA,NA,6575.605876,NA,NA,NA
"REF006_P3_DATO_240717_RES.SACITUZAMAB-GOVITECAN",NA,88.7780300762573,NA,NA,6302.270644,NA,NA,NA
"REF006_P3_DATO_240717_RES.TRASTUZUMAB-DERUXTECAN",NA,84.0721207235784,NA,NA,6637.12544875,NA,NA,NA
"REF007.BMN-673",85.055133753516,73.0628687462771,11.9922650072389,19595.3222912024,9863.78577558333,9731.53651561905,22.31208861183,-0.0111995128761436
"REF007.CARBOPLATIN",84.7633836012837,77.360900055276,7.4024835460077,8818.18531127083,4991.437135,3826.74817627083,7.4853855856174,-0.0063663162321607
"REF007.CDX-011",86.7423902892851,10.3913528509499,76.3510374383351,80806.7636130399,12828.236889,67978.5267240399,-61.8417112775561,-0.0538479398932951
"REF007.CFI-400945",85.0384698363271,76.0779287292185,8.96054110710864,16888.985106019,10268.964876125,6620.02022989405,1086.35403862439,-0.0181287936955112
"REF007.CFI-400945-52WEEKLY",86.6695064474947,65.6898775274511,20.9796289200436,69020.8407690399,15396.579223,53624.2615460399,53.4116477116845,-0.0178792071735523
"REF007.CFI-402257",85.0384698363271,68.5846612015402,16.4538086347869,16888.985106019,7390.285945,9498.69916101905,26.8329589964767,-0.014297036889211
"REF007.CFI-402257-2ON5OFF",84.8945304486954,73.3514209970581,11.5431094516373,10371.1301887143,6479.7657935,3891.36439521428,346.085544820883,-0.0245934840993264
"REF007.CX-5461",84.8945304486954,64.703802889472,20.1907275592234,10371.1301887143,13281.04040525,-2909.91021653571,-1.54459512832806,-0.00969671401181683
"REF007.ERIBULIN",86.7423902892851,-71.5095096502637,158.251899939549,80806.7636130399,1268.70392925,79538.0596837899,-48.9646891822571,NA
"REF007.ERIBULIN-EXTRALOW",86.7423902892851,-67.6909449236607,154.433335212946,80806.7636130399,2629.44655575,78177.3170572899,-51.8727118091304,NA
"REF007.ERIBULIN-LOW",86.7423902892851,-33.690507782226,120.432898071511,80806.7636130399,12335.1814,68471.5822130399,-17.8131309783651,-0.0131661424358706
"REF007.EVEROLIMUS",86.7423902892851,22.1402524682599,64.6021378210252,80806.7636130399,14778.42302725,66028.3405857899,-69.71931067852,-0.0219091701179248
"REF007.PACLITAXEL",86.7423902892851,-68.4316923474782,155.174082636763,80806.7636130399,2524.39913029167,78282.3644827482,-117.387388976592,NA
"REF007.UNC0642",84.6760126882686,87.8877588423919,-3.21174615412328,7880.42915939286,14809.06938775,-6928.64022835714,12.1160458762849,0.0120586454030819
"REF007_P1_EVEROLIMUS_171012_RES.EVEROLIMUS",NA,89.3638473685627,NA,NA,11150.163647,NA,NA,NA
"REF007_P1_TAX_170921_RES.CFI-402257",82.1026201483628,83.4696041859425,-1.36698403757973,7154.849182125,10260.92581725,-3106.076635125,5.22341063097716,-0.00250228883848781
"REF007_P1_TAX_170921_RES.PACLITAXEL",82.1026201483628,86.1918080095151,-4.0891878611523,7154.849182125,11251.59601425,-4096.746832125,-61.9480065067822,0.0114234822790486
"REF007_P1_TTK/TAX_170824_RES.CFI-402257-2ON5OFF+PACLITAXEL-15DAILY",86.3268623415503,-68.8202860541736,155.147148395724,51209.611021,15790.89251375,35418.71850725,-9.67836680657823,-0.0471351748150048
"REF007_P1_TTK/TAX_170824_RES.CFI-402257-3ON4OFF+PACLITAXEL",86.3268623415503,82.5737475728032,3.7531147687471,51209.611021,30445.1747829167,20764.4362380833,-13630.8239814823,-0.0133675056373905
"REF007_P2_TAX_171010_RES.ABT-263",85.9048985774683,62.2887215752949,23.6161770021734,19714.0067754167,9747.181323,9966.82545241667,-5.117819401689,-0.022839346574701
"REF007_P2_TAX_171010_RES.CFI-402257-2ON5OFF+PACLITAXEL-15DAILY",81.3962470606992,53.249282170593,28.1469648901062,93815.6578536667,35027.40758425,58788.2502694167,-31.3594709339953,-0.00829803054582463
"REF007_P2_TAX_171010_RES.ERIBULIN",80.2418132248011,88.2387171869009,-7.99690396209975,2003.22815918704,9329.067919,-7325.83975981296,16.3429840393868,0.0513716579079079
"REF007_P2_TAX_171010_RES.ERIBULIN-EXTRALOW",83.6457892411978,53.2588805519027,30.3869086892951,44828.0741599167,13068.37267275,31759.7014871667,7.84480048886591,-0.0228063976692775
"REF007_P2_TAX_171010_RES.ERIBULIN-LOW",83.6457892411978,77.8313996224331,5.81438961876465,44828.0741599167,38054.334013625,6773.74014629166,1.1637592320699,-0.0149632876337753
"REF007_P2_TAX_211006_RES.PACLITAXEL",88.9887452878249,69.850129158932,19.1386161288928,16264.55959625,3660.44386557374,12604.1157306763,11.686299454546,-0.102312501471324
"REF009.ABT-263",81.5541029812449,56.5698868149555,24.9842161662894,17450.3115574981,10712.40832325,6737.90323424812,-7.79917287370541,-0.00823658717304112
"REF009.ADC-CONTROL",81.8348373226194,76.1033540203235,5.73148330229586,24518.6981401648,18729.797701125,5788.90043903979,36.907682114501,-0.00855969528294782
"REF009.AZD-8205",81.8348373226194,45.7540487077534,36.0807886148659,24518.6981401648,13149.1380235,11369.5601166648,-27.8350079115619,-0.0183475606335019
"REF009.BMN-673",75.4107703195221,-19.8467377244704,95.2575080439925,69186.6378617195,11346.4331521393,57840.2047095803,6.17099516577236,-0.0292316769555752
"REF009.CARBOPLATIN",75.4107703195221,-53.8471808844378,129.25795120396,69186.6378617195,6718.23421875,62468.4036429695,773.02334742123,-0.0519419837887684
"REF009.CDX-011",81.4926207869136,60.4158755278839,21.0767452590297,16907.9944237574,10838.31023325,6069.6841905074,-25.1843727481003,-0.0137797865666169
"REF009.CFI-400945",75.4107703195221,-15.9732158449004,91.3839861644225,69186.6378617195,21031.8348007448,48154.8030609748,-35.3388901374927,-0.0434272237248518
"REF009.CFI-400945+ABT-263-LOW",79.8859383074573,7.43294909955662,72.4529892079007,36248.8557605613,11065.321459,25183.5343015613,17.1984821951697,-0.0175096847013462
"REF009.CFI-400945-52WEEKLY",81.1783007863215,-43.6769556752974,124.855256461619,11207.3398674924,6502.868970375,4704.47089711741,-11.2106766737151,-0.0275025625330323
"REF009.CFI-400945-5DAILY",80.1518615264704,83.679942073503,-3.5280805470326,7886.05329843612,8984.8492015,-1098.79590306388,-4.16745120188347,0.0106356631996616
"REF009.CFI-402257",81.3673385857274,47.3585838260724,34.0087547596549,27056.9683397271,12820.288376625,14236.6799631021,32.3246863040976,-0.011102555851513
"REF009.CFI-402257-3ON4OFF+PACLITAXEL",75.4107703195221,-15.8173260519832,91.2280963715053,69186.6378617195,10936.388491,58250.2493707195,15.6007752661966,-0.00754209676970458
"REF009.CX-5461",75.4107703195221,-14.5523683478943,89.9631386674164,69186.6378617195,14411.9523987518,54774.6854629678,9.15424143000147,-0.0229906147097422
"REF009.DATOPOTAMAB-CONTROL",75.4107703195221,-30.6124389961357,106.023209315658,69186.6378617195,11030.40235975,58156.2355019695,26.0522646435803,-0.0334250749472003
"REF009.DATOPOTAMAB-DERUXTECAN",75.4107703195221,-55.1219957439799,130.532766063502,69186.6378617195,5864.66398425,63321.9738774695,62.6892540790763,-0.0624069533745905
"REF009.ERIBULIN",75.4107703195221,-30.0129725912335,105.423742910756,69186.6378617195,8644.170065,60542.4677967195,68.098209492797,-0.0256037216876436
"REF009.ERIBULIN-LOW",75.4107703195221,-33.8067178374425,109.217488156965,69186.6378617195,15120.856985,54065.7808767195,-8.10589707779048,-0.016805514524805
"REF009.PACLITAXEL",75.4107703195221,-49.9326564812685,125.343426800791,69186.6378617195,4181.16562355357,65005.472238166,33.3214850654501,-0.043831700744386
"REF009.PACLITAXEL-10DAILY",80.1518615264704,85.3194216635667,-5.16756013709632,7886.05329843612,12719.44794825,-4833.39464981388,11.9974716087461,0.0121278086932924
"REF009.PACLITAXEL-15DAILY",75.4107703195221,64.0904588242086,11.3203114953135,69186.6378617195,32699.468973,36487.1688887195,-2.97571836142362,0.00152848901796709
"REF009.TRASTUZUMAB-CONTROL",74.7810539709777,87.335336237858,-12.5542822668802,919.190836215659,1263.219168,-344.028331784341,26.896749779125,0.0867599509667243
"REF009.TRASTUZUMAB-DERUXTECAN",75.4107703195221,-63.8489268205862,139.259697140108,69186.6378617195,3964.01908875,65222.6187729695,-8.67338059178285,-0.045224982085264
"REF009_P1_CARBO_180523_RES.BMN-673",82.0487591589177,-23.1012358507551,105.149995009673,59878.9355905,8165.1916645,51713.743926,4.00275050206599,-0.0310027442130523
"REF009_P1_CARBO_180523_RES.CARBOPLATIN",82.0487591589177,-58.6140748968579,140.662834055776,59878.9355905,5382.20520475,54496.73038575,4.75852726877847,-0.038703447270625
"REF009_P1_CARBO_180523_RES.CFI-400945-52WEEKLY",85.2138881443948,-85.8189902109306,171.032878355325,751.444301,1234.280052,-482.835751,0.0475582628645846,NA
"REF009_P2_CX_181107_RES.BMN-673",71.7474631165561,83.121598759997,-11.374135643441,20494.285989625,35305.6077385,-14811.321748875,-10.2241215349735,0.0100645926556491
"REF009_P2_CX_181107_RES.CARBOPLATIN",74.6497298281926,81.2232191372408,-6.57348930904827,14080.746286875,18229.4508045,-4148.704517625,15.5378686058825,0.000197927649832454
"REF009_P2_CX_181107_RES.CFI-402257-3ON4OFF+PACLITAXEL",75.3722917502844,-33.1786972439498,108.550988994234,43230.052037875,10485.97375525,32744.078282625,16.6159518972764,-0.0366314571210766
"REF009_P2_CX_181107_RES.CX-5461",72.8283138851505,81.5327093281636,-8.70439544301308,15789.553645875,25180.5462030417,-9390.99255716666,14.663480504181,-0.00213836784142686
"REF009_P4_BMN_191017_RES.BMN-673",77.6431040655045,71.8878629124493,5.75524115305517,13840.03554,15159.98525,-1319.94971,-1.37000769497714,-0.0121635672275159
"REF009_P4_BMN_191017_RES.CFI-400945",41.7078699241229,72.558628762736,-30.8507588386131,3309.54682,4430.94316375,-1121.39634375,4.27584351642682,0.00960322758722507
"REF009_P4_BMN_191017_RES.CFI-402257",-21.0244278649714,78.1759208534596,-99.2003487184311,1292.45342,1508.86,-216.40658,-0.631873180811222,0.0304661363841884
"REF009_P4_BMN_191017_RES.CX-5461",41.7078699241229,73.8063691983815,-32.0984992742586,3309.54682,3969.000696,-659.453876,-1.27880456986593,0.00521005830035685
"REF009_P4_CX_190226_RES.CARBOPLATIN",NA,77.9255541937486,NA,NA,13709.896157,NA,NA,NA
"REF009_P4_CX_190226_RES.CFI-402257",NA,68.6798926144011,NA,NA,17419.31412625,NA,NA,NA
"REF009_P4_CX_190226_RES.PACLITAXEL",NA,59.4454795878239,NA,NA,34053.79080875,NA,NA,NA
"REF009_P4_DATOCONT_280824_RES.DATOPOTAMAB-CONTROL",NA,27.1301962516004,NA,NA,28328.97400575,NA,NA,NA
"REF009_P4_TAX_191022_RES.CARBOPLATIN",83.0795855672068,75.3537059965926,7.72587957061418,11116.0849035,6731.70959725,4384.37530625,9.2547756745915,-0.00858226490352226
"REF009_P4_TAX_191022_RES.ERIBULIN-LOW",83.0795855672068,-44.9682384871726,128.047824054379,11116.0849035,3062.097943,8053.9869605,20.9650876338507,-0.0488234145870232
"REF009_P4_TAX_191022_RES.PACLITAXEL-15DAILY",83.0795855672068,80.2170046057818,2.862580961425,11116.0849035,11872.57205,-756.487146500001,-4.08649256341437,-0.0153614411927918
"REF009_P5_ERIB_210122_RES.BMN-673",87.6739656741916,-54.2266319405599,141.900597614751,37628.1450025,4676.39252125,32951.75248125,25.3360347954372,-0.0663376346586943
"REF009_P5_ERIB_210122_RES.CARBOPLATIN",87.4929107461489,87.4323890381827,0.0605217079661742,18321.75416125,18226.0547185,95.6994427499994,-2.27357837593978,-0.00040219190824006
"REF009_P5_ERIB_210122_RES.CDX-011",87.6739656741916,83.7425694319804,3.93139624221118,37628.1450025,15024.44587775,22603.69912475,12.6700364474955,-0.00848224515780855
"REF009_P5_ERIB_210122_RES.CFI-400945",87.6739656741916,83.0657197242432,4.60824594994843,37628.1450025,14645.943726,22982.2012765,13.4855215983327,-0.00822007620183855
"REF009_P5_ERIB_210122_RES.CFI-400945-52WEEKLY",87.4929107461489,75.7456720258133,11.7472387203356,18321.75416125,10496.98048425,7824.773677,163.35444470907,-0.0340078639886698
"REF009_P5_ERIB_210122_RES.CFI-402257",87.4929107461489,79.4625557271716,8.03035501897726,18321.75416125,10546.893680875,7774.860480375,91.961373954103,-0.0193049973034088
"REF009_P5_ERIB_210122_RES.CFI-402257-3ON4OFF",87.6739656741916,79.2210797207231,8.45288595346845,37628.1450025,11518.70515925,26109.43984325,26.0244091443751,-0.0186771652865641
"REF009_P5_ERIB_210122_RES.CFI-402257-3ON4OFF+PACLITAXEL",87.6739656741916,79.1178224912617,8.55614318292984,37628.1450025,11151.878228375,26476.266774125,27.1630815925021,-0.0100190785196763
"REF009_P5_ERIB_210122_RES.CX-5461",87.6739656741916,-43.3174774455331,130.991443119725,37628.1450025,5467.692412,32160.4525905,28.9108111192546,-0.0572166006494005
"REF009_P5_ERIB_210122_RES.ERIBULIN",87.6739656741916,82.7122931192923,4.96167255489928,37628.1450025,14280.72310625,23347.42189625,38.0162686042337,-0.019002456506032
"REF009_P5_ERIB_210122_RES.ERIBULIN-LOW",87.6739656741916,84.629069615898,3.04489605829355,37628.1450025,17758.2880651667,19869.8569373333,13.6005706415038,-0.00494744581971145
"REF009_P5_ERIB_210122_RES.PACLITAXEL",86.9993562307424,85.1239829147853,1.87537331595711,11901.502661,9518.28129025,2383.22137075,-8.57000836402914,-0.010297454796229
"REF010.ABT-263",80.7132302687604,72.0247252149157,8.68850505384468,40745.8688054924,18610.43988925,22135.4289162424,0.293235882927092,0.00128186226546404
"REF010.BMN-673",81.9162514972946,77.2132036157824,4.70304788151218,20659.5039115097,22023.5038165,-1363.99990499026,0.470664816789122,-0.00702917706314648
"REF010.CARBOPLATIN",81.6429383296955,79.2015865901141,2.44135173958138,22515.5914455784,17133.37362,5382.21782557842,0.961587280746966,0.0014669035949439
"REF010.CDX-011",76.8855373757689,-18.9221967229044,95.8077340986733,77787.4221683294,16817.383958625,60970.0382097044,75.7951172901727,NA
"REF010.CFI-400945",53.1658326753348,-20.660447066411,73.8262797417457,105989.634838329,26785.8575072384,79203.777331091,-23.1098084217674,-0.00341597914758831
"REF010.CFI-400945+ABT-263",77.8866776295518,72.646930778303,5.23974685124881,1866.01180069048,1994.26030425,-128.248503559524,-4.94158836757748,-0.0217446245275335
"REF010.CFI-400945+ABT-263-LOW",78.8266359699201,-43.2461349624799,122.0727709324,64348.5197671151,6170.950401625,58177.5693654901,33.3715305563115,-0.0152502612568928
"REF010.CFI-400945-41.6WEEKLY",58.1351133984167,30.1780779776993,27.9570354207175,97371.3506383294,62586.143598,34785.2070403294,24.9833359984383,-0.00351393274992869
"REF010.CFI-400945-52WEEKLY",78.7154910237755,-68.5748907305258,147.290381754301,67027.1268516866,13687.23298875,53339.8938629366,-3.21495005671443,-0.00742747597044096
"REF010.CFI-400945-5DAILY",61.5479154739584,21.3584202964786,40.1894951774798,92930.6734843294,48935.9537663921,43994.7197179373,-2.59704816309908,-0.0068581966587216
"REF010.CFI-402257",82.2286312319125,83.638429623053,-1.40979839114053,14078.9776972176,16135.8835722708,-2056.9058750532,25.9203821875127,-0.00204755420647164
"REF010.CFI-402257-2ON5OFF",82.246304171566,54.2212637668278,28.0250404047382,15080.7386148548,8544.884339,6535.85427585478,116.706385139077,-0.0208960681799597
"REF010.CFI-402257-2ON5OFF+PACLITAXEL",71.0716069762525,-49.7688044075291,120.840411383782,83106.4988183294,2970.0838865,80136.4149318294,-3.61669704049855,-0.0337203380407313
"REF010.CFI-402257-2ON5OFF+PACLITAXEL-15DAILY",66.7686390229535,-23.7135821274771,90.4822211504305,86467.8573815794,10430.11964025,76037.7377413294,-11.3982405392238,NA
"REF010.CX-5461",82.0627238658348,75.6008935467952,6.46183031903962,19768.9695161397,17278.5410651475,2490.42845099222,-5.80715445784708,-0.00646666661393589
"REF010.ERIBULIN-EXTRALOW",82.204961706073,-34.357708857261,116.562670563334,13097.9962316529,7989.89552775,5108.1007039029,-5.07519600682237,-0.0304423885186303
"REF010.EVEROLIMUS",80.6078649687293,25.1737880212525,55.4340769474769,6024.42022913082,3599.05696725,2425.36326188082,9.91044184900539,-0.0342393100193517
"REF010.PACLITAXEL-15DAILY",59.8339982716,-8.16826263099487,68.0022609025948,95300.8308883294,28143.6772,67157.1536883294,3.2123605115649,0.00123665800556607
"REF010_P1_945_180801_RES.ABT-263",62.8989112894278,77.7070569005364,-14.8081456111086,6105.79798075,5856.825687,248.97229375,-3.55819513078643,0.0110111055916161
"REF010_P1_945_180801_RES.CFI-400945",64.8635960699328,-70.8850799153205,135.748675985253,8023.213927,5898.54935676488,2124.66457023512,-4.65101113363988,-0.030266706342039
"REF010_P1_945_180801_RES.CFI-400945+ABT-263",-62.2232922933594,-75.8983438454678,13.6750515521084,1651.24248725,1302.4149235,348.82756375,1.82346680267476,-0.0301782173467082
"REF010_P1_945_180801_RES.CX-5461",62.8989112894278,79.6905169588005,-16.7916056693727,6105.79798075,6922.75378575,-816.955805,-0.786725912998719,0.0126635411279649
"REF010_P1_945_180801_RES.PACLITAXEL",64.8635960699328,-81.1089189291586,145.972514999091,8023.213927,8961.8994335,-938.6855065,-0.614997719957282,-0.0410790256554294
"REF010_P3_945_210421_RES.BMN-673",NA,77.2805206452729,NA,NA,9752.73141925,NA,NA,NA
"REF010_P3_945_210421_RES.CARBOPLATIN",NA,-9.10537247439379,NA,NA,5551.1540845,NA,NA,NA
"REF010_P3_945_210421_RES.CDX-011",NA,13.6819299142115,NA,NA,27675.8905425,NA,NA,NA
"REF010_P3_945_210421_RES.CFI-400945",NA,53.3860015230705,NA,NA,38211.4983344583,NA,NA,NA
"REF010_P3_945_210421_RES.CFI-400945-52WEEKLY",NA,-2.1551843002109,NA,NA,862.38825,NA,NA,NA
"REF010_P3_945_210421_RES.CFI-402257",NA,80.9754063330455,NA,NA,11694.141808,NA,NA,NA
"REF010_P3_945_210421_RES.ERIBULIN-LOW",NA,1.03457827043816,NA,NA,21222.3504435,NA,NA,NA
"REF010_P3_945_210421_RES.PACLITAXEL",NA,-54.999511971755,NA,NA,18742.4554255,NA,NA,NA
"REF010_P5_945W_200529_RES.BMN-673",86.0459190493785,78.0300879794244,8.0158310699541,10909.48303425,5762.9591075,5146.52392675,2.74889503460133,-0.0170785930773923
"REF010_P5_945W_200529_RES.CFI-400945",84.9993720352563,30.003672330709,54.9956997045472,20836.81111425,9267.733035,11569.07807925,16.6766317766927,-0.0308323502852889
"REF010_P5_945W_200529_RES.CFI-400945-41.6WEEKLY",84.9993720352563,55.4902298177201,29.5091422175361,20836.81111425,6683.54638525,14153.264729,7.29341935301271,-0.0203032955121597
"REF010_P5_945W_200529_RES.CFI-400945-52WEEKLY",84.9993720352563,-15.2946811020027,100.294053137259,20836.81111425,6392.58640654687,14444.2247077031,7.97969304100091,-0.0352108295984837
"REF010_P5_945W_200529_RES.CFI-402257",84.9993720352563,76.1212225708988,8.87814946435748,20836.81111425,7928.169051,12908.64206325,2.66328991173782,0.00356309879068985
"REF010_P6_CDX_201106_RES.BMN-673",87.7651584067733,81.0095241080035,6.75563429876979,19481.0861295,6415.5939775,13065.492152,3.09165622849466,-0.00524158537680251
"REF010_P6_CDX_201106_RES.CARBOPLATIN",87.7651584067733,84.8558187914152,2.90933961535809,19481.0861295,8847.7683855,10633.317744,2.82240638514169,0.00570955307137482
"REF010_P6_CDX_201106_RES.CDX-011",88.0184776336821,84.9320315996324,3.08644603404964,40867.66014125,21063.8061519048,19803.8539893452,10.0657751329487,-0.0169267804165738
"REF010_P6_CDX_201106_RES.CFI-400945",88.0184776336821,-75.0492694914997,163.067747125182,40867.66014125,2708.33766,38159.32248125,9.95005296580974,-0.107149153446464
"REF010_P6_CDX_201106_RES.CFI-400945-52WEEKLY",88.0184776336821,-72.3978882056648,160.416365839347,40867.66014125,5828.5032175,35039.15692375,14.260428043905,-0.0684317082587811
"REF010_P6_CDX_201106_RES.CFI-402257",87.7651584067733,73.7744848967772,13.9906735099961,19481.0861295,4916.8018375,14564.284292,4.47903288036329,-0.0106298402890899
"REF010_P6_CDX_201106_RES.CFI-402257-3ON4OFF",87.7651584067733,86.4153507600917,1.34980764668157,19481.0861295,13822.365701,5658.7204285,1.28403305437883,0.00650064534471311
"REF010_P6_CDX_201106_RES.CFI-402257-3ON4OFF+PACLITAXEL",88.0184776336821,-70.2068579174874,158.22533555117,40867.66014125,4683.100104,36184.56003725,14.9015976507798,-0.0433107113169712
"REF010_P6_CDX_201106_RES.CX-5461",87.7651584067733,87.2041273339394,0.561031072833927,19481.0861295,15858.9067375,3622.179392,3.37584533544977,-0.00357975542545353
"REF010_P6_CDX_201106_RES.ERIBULIN",88.0184776336821,-78.9129289695214,166.931406603203,40867.66014125,3135.708336,37731.95180525,13.129390580129,NA
"REF010_P6_CDX_201106_RES.ERIBULIN-EXTRALOW",87.9009115961784,84.7907481343161,3.11016346186231,30139.64568675,19537.9210965,10601.72459025,7.06008739455552,-0.0164403132968615
"REF010_P6_CDX_201106_RES.ERIBULIN-LOW",88.0184776336821,-77.6334810467027,165.651958680385,40867.66014125,2006.163229,38861.49691225,9.43652451739067,-0.165639726898445
"REF010_P6_CDX_201106_RES.PACLITAXEL",88.0184776336821,-77.1082829717791,165.126760605461,40867.66014125,2065.95099625,38801.709145,10.6071947766849,NA
"REF010_P6_CDX_201106_RES.PACLITAXEL-15DAILY",88.0184776336821,-76.6554400320019,164.673917665684,40867.66014125,1723.5748765,39144.08526475,9.27748945377886,-0.180204570867016
"REF013.BMN-673",87.7750467383074,85.8331180770789,1.94192866122847,18952.5206644482,11765.42755025,7187.09311419818,4.0549588010299,-0.0307265192429403
"REF013.CARBOPLATIN",88.3321780061048,84.2999520082647,4.03222599784007,42893.8603608115,27049.84465775,15844.0157030615,50.9764841918709,-0.009089209212799
"REF013.CDX-011",88.8389143155586,13.2361840382921,75.6027302772665,150235.224055184,9459.9462815,140775.277773684,20.951319792004,-0.0435286296439264
"REF013.CFI-400945",88.8389143155586,-71.5907494972968,160.429663812855,150235.224055184,16057.1048345833,134178.1192206,85.8243403546692,-0.090228662972517
"REF013.CFI-400945+ABT-263",88.8389143155586,-43.5930777943078,132.431992109866,150235.224055184,6939.871004,143295.353051184,21.6136745332987,-0.0574490712762046
"REF013.CFI-400945+ABT-263-LOW",88.8389143155586,-76.523120752629,165.362035068188,150235.224055184,19129.8251605,131105.398894684,-54.0856061969824,-0.0509023577826894
"REF013.CFI-400945-52WEEKLY",88.8389143155586,8.85807909356485,79.9808352219938,150235.224055184,8114.003263,142121.220792184,16.4361362512535,-0.0709243227595089
"REF013.CFI-400945-5DAILY",88.0297626208923,78.129099743239,9.90066287765332,29301.8714378327,8593.97737225,20707.8940655827,5.96116186203019,-0.0336106213975659
"REF013.CFI-402257",87.9774434041526,85.8707873825217,2.10665602163094,27770.5053132279,16229.576972875,11540.9283403529,4.95182005834733,-0.0267233467447551
"REF013.CX-5461",87.5075988015442,88.5461791879993,-1.03858038645511,11914.5398824689,12494.8402115,-580.300329031084,-3.63899733742779,-0.00225313202487699
"REF013.ERIBULIN",88.8389143155586,-76.1808873598441,165.019801675403,150235.224055184,594.20010225,149641.023952934,22.0080224118955,NA
"REF013.ERIBULIN-EXTRALOW",88.8389143155586,-76.9180242046953,165.756938520254,150235.224055184,1485.483463125,148749.740592059,27.3639107919038,NA
"REF013.ERIBULIN-LOW",88.8389143155586,-82.0711061384592,170.910020454018,150235.224055184,2874.00915275,147361.214902434,107.939771631594,NA
"REF013.PACLITAXEL",88.8389143155586,-40.4958747739606,129.334789089519,150235.224055184,13232.8958005,137002.328254684,57.4146121741417,NA
"REF013.PACLITAXEL-15DAILY",88.8389143155586,74.3561242271095,14.4827900884491,150235.224055184,19914.2439175,130320.980137684,22.5173327439614,-0.0335142457400871
"REF013_P1_945_190313_RES.CFI-400945",89.304295883231,88.5304581443157,0.773837738915319,19068.9766865,12653.958531,6415.0181555,-6.18471225823962,-0.0583822956936355
"REF013_P1_945_190313_RES.CFI-400945-52WEEKLY",89.304295883231,87.8072931691029,1.4970027141281,19068.9766865,14089.630306,4979.3463805,-6.00802951690056,-0.0743824040705256
"REF013_P1_945_190313_RES.ERIBULIN-LOW",89.304295883231,-86.5807420600511,175.885037943282,19068.9766865,2183.754732,16885.2219545,-53.0393654905591,NA
"REF013_P3_TAX_190522_RES.ABT-263",89.5351938470128,89.458037448478,0.0771563985348109,15556.7327409286,13237.7533505,2318.97939042857,7.24439963271903,-0.00681770131184442
"REF013_P3_TAX_190522_RES.BMN-673",89.6019240447618,88.3099360799804,1.29198796478137,34704.6266275,7475.36928875,27229.25733875,9.67261714126131,-0.00829914000454408
"REF013_P3_TAX_190522_RES.CFI-402257-3ON4OFF+PACLITAXEL",89.6019240447618,88.7904666382799,0.811457406481892,34704.6266275,21593.7555915,13110.871036,-12.0012333209856,-0.0558662563002179
"REF013_P3_TAX_190522_RES.PACLITAXEL",89.6019240447618,89.3792864134037,0.222637631358083,34704.6266275,25144.7641156667,9559.86251183333,44.1127230648975,-0.0549083576884375
"REF014.ADC-CONTROL",76.0201512511566,86.0876402052556,-10.067488954099,2077.94504026687,2778.0100525,-700.065012233134,-9.74269782235503,0.058716229448955
"REF014.AZD-8205",77.1080300903292,81.2572430155789,-4.1492129252497,5252.83988263227,6039.495170375,-786.655287742728,35.5347314366865,0.0315684366263563
"REF014.BMN-673",78.6956329420518,71.059601302035,7.63603164001681,15574.1376106403,12812.0183857656,2762.11922487463,-11.1896776389085,-0.00867042127152611
"REF014.CARBOPLATIN",77.4865006424272,74.2611614246754,3.22533921775175,6313.32139530791,5482.73733904167,830.584056266247,6.51562547224185,0.00236329448302067
"REF014.CDX-011",77.1080300903292,81.8957324907056,-4.78770240037646,5252.83988263227,6616.82488984028,-1363.98500720801,10.5958254736414,0.00487662301981597
"REF014.CFI-400945",78.4569703618231,75.6234102467872,2.83356011503588,12643.89835221,13523.5465598333,-879.648207623315,-1.02552482354035,-0.011992589653997
"REF014.CFI-400945-52WEEKLY",78.5709558292186,67.768713618674,10.8022422105447,16805.0841524002,12330.413353175,4474.67079922518,-1.67620105448091,-0.00577732181144043
"REF014.CFI-402257",78.7471933190488,68.0043400395848,10.742853279464,22966.8808496819,18268.57639475,4698.30445493193,-10.4798468336055,-0.0101163463432334
"REF014.CFI-402257-2ON5OFF+PACLITAXEL-15DAILY",77.6706495875362,64.1421487973342,13.528500790202,6887.11990757138,5293.3093795,1593.81052807138,203.262426393757,-0.00833431040332864
"REF014.CFI-402257-3ON4OFF+PACLITAXEL",79.6924782573633,16.7098625520962,62.9826157052672,36193.2711989319,14873.582436575,21319.6887623569,-44.2306146586036,-0.0170596577510506
"REF014.CX-5461",78.319443409426,64.4036386083785,13.9158048010474,11175.9876332242,9229.77233144762,1946.2153017766,-2.40520972130701,-0.00792544736593089
"REF014.DATOPOTAMAB-CONTROL",76.1280977619914,84.7112928492201,-8.5831950872287,3200.39046360526,5274.666119,-2074.27565539474,7.33932024306829,0.0199382138314892
"REF014.DATOPOTAMAB-DERUXTECAN",78.5709558292186,-27.109377060451,105.68033288967,16805.0841524002,7649.81573775,9155.26841465018,-2.55447081914334,-0.01111070705361
"REF014.ERIBULIN-EXTRALOW",78.4569703618231,56.9547800057907,21.5021903560325,12643.89835221,10476.221904125,2167.67644808502,-2.1799268619454,-0.017474490660227
"REF014.ERIBULIN-LOW",79.6924782573633,20.8079139043118,58.8845643530515,36193.2711989319,13011.3793422611,23181.8918566709,-104.360638286994,-0.0196856701263732
"REF014.EVEROLIMUS",78.3223943147512,71.8341719689643,6.48822234578685,9106.07075867282,7593.77438485417,1512.29637381866,53.7531071606844,-0.00706772476527421
"REF014.PACLITAXEL",76.1724248298575,79.5574078676451,-3.38498303778762,3608.80440850605,5095.3336905,-1486.52928199395,1.46553444435734,0.00215793984206594
"REF014.PACLITAXEL-15DAILY",78.4569703618231,60.7036278532602,17.7533425085629,12643.89835221,9975.735511,2668.16284121002,-7.7295565333245,-0.0210777069695344
"REF014.SACITUZAMAB-GOVITECAN",77.0597390651931,77.8142224408792,-0.754483375686149,5005.07930545904,4848.410632875,156.668672584035,4.67762130643145,0.0114837812932262
"REF014.TRASTUZUMAB-CONTROL",78.319443409426,79.8108669763646,-1.49142356693866,11175.9876332242,11369.259918375,-193.272285150777,-6.36128355421174,0.00681724671789145
"REF014.TRASTUZUMAB-DERUXTECAN",78.1775400248782,83.4312479607062,-5.25370793582803,8434.64371622887,12209.26424475,-3774.62052852113,7.36010129873017,0.0108702523331119
"REF014_P1_TTK/TAX_180328_RES.CFI-402257",83.484877567532,82.6847730828083,0.80010448472369,13618.1840735,7256.73221425,6361.45185925,1.52293958843923,0.0104527904752329
"REF014_P1_TTK/TAX_180328_RES.CFI-402257-2ON5OFF",83.484877567532,81.7885335706275,1.69634399690449,13618.1840735,7223.07788675,6395.10618675,1.86034452743476,0.00516600289555358
"REF014_P1_TTK/TAX_180328_RES.CFI-402257-3ON4OFF+PACLITAXEL",83.484877567532,57.2092146148766,26.2756629526554,13618.1840735,5304.7992045,8313.384869,3.08568622720403,-0.0197758535603655
"REF014_P1_TTK/TAX_180328_RES.PACLITAXEL",83.484877567532,82.5363392757457,0.948538291786278,13618.1840735,8661.15505425,4957.02901925,1.69226702166707,0.00298266003039181
"REF014_P2_ERIBLD_180801_RES.CFI-400945+ABT-263",64.2482869236267,79.0500494671609,-14.8017625435342,2625.40262075,4995.8425685,-2370.43994775,1.94003546627526,0.00853657919780702
"REF014_P2_ERIBLD_180801_RES.CFI-402257-3ON4OFF+PACLITAXEL",78.6510608355579,81.1882866469739,-2.53722581141598,9748.81184025,12274.2586995,-2525.44685925,3.64962669953551,0.00257909503104935
"REF014_P2_ERIBLD_180801_RES.ERIBULIN-LOW",78.6510608355579,78.6908882921918,-0.0398274566338301,9748.81184025,12201.481754,-2452.66991375,1.01051978508722,-0.00378341384082347
"REF014_P2_ERIBLD_180801_RES.PACLITAXEL",78.6510608355579,81.0049715391977,-2.35391070363977,9748.81184025,10906.7475265,-1157.93568625,-1.498053173533,0.00328565980398264
"REF016.ADC-CONTROL",87.8915816861717,86.6332213249519,1.25836036121979,29549.645665944,17386.0859420833,12163.5597238607,7.08581940336145,-0.00259725537394571
"REF016.AZD-5305",87.7895940296765,58.4220349773375,29.367559052339,56708.5791744657,12586.7692931492,44121.8098813165,13.3930875955625,-0.0433837041060902
"REF016.AZD-8205",88.0021404838577,87.1966275535209,0.805512930336789,36061.7564460162,23977.1180954917,12084.6383505245,4.51401955370591,-0.000872024778527745
"REF016.BMN-673",87.7895940296765,45.6496206478469,42.1399733818297,56708.5791744657,17047.8187204689,39660.7604539968,-171.108197013705,-0.0582498589229797
"REF016.CARBOPLATIN",87.7895940296765,59.6243202218941,28.1652738077824,56708.5791744657,18063.5224013384,38645.0567731273,-93.669742931708,-0.0516745519089742
"REF016.CDX-011",87.8341590482942,87.1968010184084,0.63735802988576,17107.725635275,13627.4914565625,3480.23417871252,0.917404933396114,-0.00618309612350375
"REF016.CFI-400945",87.7895940296765,51.5998082178293,36.1897858118472,56708.5791744657,17840.5427950871,38868.0363793786,-115.312014969912,-0.054401655209206
"REF016.CFI-400945+ABT-263",87.7895940296765,70.0925418824192,17.6970521472573,56708.5791744657,26120.9232285,30587.6559459657,-1.61068784408574,-0.040987671824914
"REF016.CFI-400945+ABT-263-LOW",87.8920118243926,86.2943169044927,1.59769491989996,14270.5611786637,17262.28652325,-2991.72534458628,-0.136133186634926,-0.0300262014860382
"REF016.CFI-400945-3.75DAILY",87.7916876210251,83.6714834337671,4.12020418725797,17949.085210981,7250.146609625,10698.938601356,3.79597158917008,-0.0111513651809139
"REF016.CFI-400945-52WEEKLY",87.7895940296765,-1.95282393295176,89.7424179626283,56708.5791744657,8923.2668825,47785.3122919657,47.4069247601414,-0.0415609247203346
"REF016.CFI-400945-5DAILY",87.7895940296765,48.4513770459805,39.338216983696,56708.5791744657,11041.412774875,45667.1663995907,12.3789494756885,-0.0314594710863434
"REF016.CFI-402257",87.7181990709288,85.4132953247136,2.30490374621516,19698.2119736225,13930.5056891836,5767.70628443891,47.4083165246026,0.00290480213620026
"REF016.CFI-402257-2ON5OFF",88.0120877006363,84.0214705993005,3.99061710133573,44307.2399110014,18938.4460160833,25368.7938949181,20.9501151621683,-0.0110608222964984
"REF016.CFI-402257-2ON5OFF+PACLITAXEL-15DAILY",87.9915504822668,75.9141390585595,12.0774114237074,32920.8797042051,10974.0062883125,21946.8734158926,31.5430167995135,-0.0187041104863666
"REF016.CFI-402257-3ON4OFF+PACLITAXEL",87.7895940296765,82.9017191545671,4.88787487510945,56708.5791744657,23060.1411574792,33648.4380169866,11.3818232179793,-0.0245285359646448
"REF016.CX-5461",87.698526166126,86.9910948459071,0.707431320218944,22735.3070896705,19440.7265360615,3294.58055360903,39.0877981162696,0.00244191687109969
"REF016.DATOPOTAMAB-CONTROL",87.7568106657385,87.8964075613275,-0.139596895589008,25167.3239621415,23059.37196525,2107.95199689146,2.94161142768517,0.0100021593128153
"REF016.DATOPOTAMAB-DERUXTECAN",87.7568106657385,83.8860212970033,3.87078936873526,25167.3239621415,12752.1670495,12415.1569126415,18.3509855328442,-0.0186015169497196
"REF016.DMSO",87.7422064797457,86.4671619835471,1.27504449619865,10615.2125657808,5564.36120208333,5050.8513636975,2.35770835232811,0.0169134684088538
"REF016.ERIBULIN-EXTRALOW",87.8856389298405,87.7284596269304,0.157179302910038,16286.3797413494,13113.58475675,3172.7949845994,-1.80519452972113,0.00800726949565468
"REF016.ERIBULIN-LOW",87.9915504822668,87.024956289723,0.966594192543781,32920.8797042051,20913.590384875,12007.2893193301,8.37626536435832,0.000417536530900486
"REF016.FLUVASTATIN+TERBINIFINE",87.7692429480672,83.7518135277891,4.01742942027806,11442.2761411355,4910.33399320833,6531.94214792716,5.3119020950158,0.000944117602275946
"REF016.PACLITAXEL",88.0021404838577,84.3582652745893,3.64387520926847,36061.7564460162,16658.5863405417,19403.1701054745,16.6228434905423,-0.0150312141129884
"REF016.PACLITAXEL-15DAILY",87.698526166126,80.9978724158836,6.70065375024244,22735.3070896705,11832.8687735521,10902.4383161184,149.626558170853,-0.0303325899260195
"REF016.PEG400",87.7692429480672,84.06685790467,3.70238504339716,11442.2761411355,4509.09091970833,6933.18522142715,4.44621376954872,-0.00398945094648632
"REF016.PQ-1-6",87.7916876210251,-51.3870129973638,139.178700618389,17949.085210981,3512.70321585417,14436.3819951268,7.24601761605234,-0.0708238437757666
"REF016.PQ-1-6-VEHICLE",87.7916876210251,81.1165661454586,6.67512147556641,17949.085210981,9920.71519779167,8028.3700131893,13.2960756821861,-0.0514475690949577
"REF016.SACITUZAMAB-GOVITECAN",87.7895940296765,64.8045474940788,22.9850465355977,56708.5791744657,16970.2045463125,39738.3746281532,33.8083983460274,-0.0278096747162423
"REF016.TOPOTECAN",87.7422064797457,-78.3691412471586,166.111347726904,10615.2125657808,1502.372900875,9112.83966490583,6.0271231825727,-0.220200616047847
"REF016.TOPOTECAN-LOW",87.7422064797457,79.0560836936194,8.68612278612635,10615.2125657808,4485.00611515,6130.20645063083,5.97059406514481,-0.06560418493928
"REF016.TRASTUZUMAB-CONTROL",88.0021404838577,85.2235122679248,2.77862821593295,36061.7564460162,18142.12459975,17919.6318462662,8.79753538229218,-0.0162600192922508
"REF016.TRASTUZUMAB-DERUXTECAN",87.9946902213796,75.8379336566019,12.1567565647777,34558.6903541407,5599.26493425,28959.4254198907,6.83792984757578,-0.0219729331789456
"REF016_P1_945_180420_RES.CFI-400945",89.2779294268004,85.9157161487041,3.36221327809626,9107.9880825,2504.845908,6603.1421745,5.79036010190557,-0.0506756257817977
"REF016_P1_945_180420_RES.CFI-400945-52WEEKLY",89.2459712839002,89.6682941272242,-0.422322843323997,3110.6479545,4656.507825,-1545.8598705,-16.8075622604578,NA
"REF016_P1_945_180420_RES.PACLITAXEL",89.2459712839002,89.4128219098516,-0.166850625951426,3110.6479545,7211.630765,-4100.9828105,-9.070429440326,0.0147754098542405
"REF016_P1_BMN_180426_RES.ABT-263",88.9759424339058,88.4432087655378,0.532733668368039,16423.35442875,12889.3331525,3534.02127625,17.207729673945,-0.0168935303377034
"REF016_P1_BMN_180426_RES.BMN-673",89.2342265323273,86.9861586215171,2.24806791081012,36971.106557125,12423.38734375,24547.719213375,26.5268523745013,-0.0275080673955438
"REF016_P1_BMN_180426_RES.CARBOPLATIN",89.0748009033966,89.4936098908224,-0.418808987425777,19891.588647125,35266.237669,-15374.649021875,-4.04067962163524,0.0184760417132099
"REF016_P1_BMN_180426_RES.CFI-400945",88.9759424339058,87.5110799302002,1.46486250370562,16423.35442875,8011.31260725,8412.0418215,9.71888619049705,-0.0199036963772596
"REF016_P1_BMN_180426_RES.CFI-400945+ABT-263",89.2342265323273,-60.7585668311782,149.992793363505,36971.106557125,4659.7568235,32311.349733625,27.2607406934614,-0.0804805811311488
"REF016_P1_BMN_180426_RES.CX-5461",89.2342265323273,84.8383107397731,4.39591579255418,36971.106557125,10554.444431,26416.662126125,19.3720405847676,-0.0479761049191704
"REF016_P1_ERIBLD_180206_RES.CDX-011",88.3198477096477,88.3302801888294,-0.0104324791817021,17039.2558855833,18592.2649845,-1553.00909891666,3.6173619170276,-0.0111358028825847
"REF016_P1_ERIBLD_180206_RES.CFI-400945",87.913744734816,-78.8591321296916,166.772876864508,24019.9579475833,4753.699674,19266.2582735833,-40.5877061982858,-0.150719579643912
"REF016_P1_ERIBLD_180206_RES.ERIBULIN",88.3198477096477,89.1000570885095,-0.780209378861727,17039.2558855833,28247.63915475,-11208.3832691667,9.95431637085395,0.00383102695880029
"REF016_P1_ERIBLD_180206_RES.ERIBULIN-LOW",88.3198477096477,84.3862033266336,3.93364438301415,17039.2558855833,11390.26565225,5648.99023333333,41.6433412273472,-0.03758698346605
"REF016_P2_945_180406_RES.ABT-263",88.7213373920457,85.02302408869,3.69831330335576,24648.8393289958,9278.3714365,15370.4678924958,7.48229487663028,-0.0106835856286114
"REF016_P2_945_180406_RES.BMN-673",87.9348396737588,32.9387056067465,54.9961340670124,71446.6043396923,12041.1439813333,59405.4603583589,6.60645674525389,-0.065119842941828
"REF016_P2_945_180406_RES.CARBOPLATIN",88.8066244414075,87.7415290412187,1.06509540018887,15409.451009722,11179.68018975,4229.77081997197,24.8036438087172,-0.0135944968955922
"REF016_P2_945_180406_RES.CDX-011",88.1723849409541,80.0288002681997,8.14358467275437,41971.2689714065,10934.03996725,31037.2290041566,4.60754349766421,-0.0166705466977758
"REF016_P2_945_180406_RES.CFI-400945",87.9348396737588,85.277302278335,2.65753739542384,71446.6043396923,31583.6725364437,39862.9318032485,0.623742843259652,-0.0104323217358041
"REF016_P2_945_180406_RES.CFI-400945-52WEEKLY",88.3418553049007,85.6802522913152,2.66160301358546,52739.6282662637,33218.666626625,19520.9616396387,36.3815459959946,-0.0210671426176941
"REF016_P2_945_180406_RES.CFI-402257",88.1239235223392,86.3466920676586,1.77723145468063,62912.0224796923,27526.028238125,35385.9942415673,-3.25682608658021,-0.0137678153955833
"REF016_P2_945_180406_RES.ERIBULIN",87.9348396737588,53.0536281527042,34.8812115210546,71446.6043396923,15163.77782425,56282.8265154423,8.93127136508437,-0.0391896447014477
"REF016_P2_945_180406_RES.PACLITAXEL",88.5141035499718,86.9019716706902,1.61213187928165,31897.8273213423,17127.239805375,14770.5875159673,1.11951955118472,-0.0171761129121967
"REF016_P3_CARBO_180720_RES.BMN-673",85.8848715273203,46.3401461415813,39.544725385739,7092.36603425,4589.77230475,2502.5937295,-6.29037997933922,-0.0620781065549403
"REF016_P3_CARBO_180720_RES.CARBOPLATIN",85.8848715273203,86.311571589733,-0.426700062412635,7092.36603425,19534.99100425,-12442.62497,1.28280920846608,-0.026481619717634
"REF016_P3_CARBO_180720_RES.CFI-400945",73.211960830687,-73.169140410028,146.381101240715,532.9009875,696.639096,-163.7381085,0.157548239121434,NA
"REF016_P5_CARBO_190124_RES.ABT-263",49.2805273332149,87.8585871169436,-38.5780597837286,557.16495,3609.9071285,-3052.7421785,3.04731097508959,0.061150737105311
"REF016_P5_CARBO_190124_RES.CARBOPLATIN",75.8267001088004,86.9009125832834,-11.074212474483,3383.8264975,8709.4630325,-5325.636535,20.4424843649053,0.0332285997626994
"REF016_P5_CARBO_190124_RES.CFI-400945+ABT-263-LOW",75.8267001088004,75.8319448420372,-0.00524473323675068,3383.8264975,5356.4530215,-1972.626524,-0.21590797067991,-0.0141634401842386
"REF016_P5_CARBO_190124_RES.CFI-402257",75.8267001088004,59.2462909630076,16.5804091457928,3383.8264975,5973.196611,-2589.3701135,0.0446364847232917,-0.0190224851289629
"REF019.ABT-263",85.9798054617869,84.254819404186,1.72498605760096,18614.5136353829,12332.3295545,6282.18408088285,3.80789333929364,-0.00538702797228924
"REF019.ABT-263-LOW",85.9681329316566,75.5418692301086,10.426263701548,20194.7188836368,6774.5003495,13420.2185341368,4.53441908547889,-0.00899933773148811
"REF019.BMN-673",82.3004160214289,-45.1500498220985,127.450465843527,137453.602575187,21424.2201248604,116029.382450327,-29.244058340858,-0.0326244682529304
"REF019.CARBOPLATIN",82.3004160214289,-8.82018960974786,91.1206056311767,137453.602575187,22800.0344499479,114653.568125239,17.2699408318651,-0.0405145092298009
"REF019.CDX-011",83.45857932866,52.4039731148969,31.0546062137631,89072.7245159372,29564.70337775,59508.0211381872,14.6805742618123,-0.0121673204994857
"REF019.CFI-400945",82.3004160214289,-48.6730522092471,130.973468230676,137453.602575187,21852.7842757035,115600.818299484,-18.2924706386414,-0.0275896905175686
"REF019.CFI-400945+ABT-263",85.061690519684,61.6872363451316,23.3744541745524,35355.0075712985,22642.1647165,12712.8428547985,-5.23522841873207,-0.0300955786733466
"REF019.CFI-400945+ABT-263-LOW",83.3262836132971,-77.7222928806323,161.048576493929,94247.8608141872,20891.51907875,73356.3417354372,-2.0900264481812,-0.0282948680662919
"REF019.CFI-400945-52WEEKLY",82.4942936635164,51.1439280798426,31.3503655836738,127484.260456187,45267.6973476216,82216.5631085656,-0.457058027515326,-0.0183477309138336
"REF019.CFI-400945-5DAILY",85.061690519684,68.6534050237,16.408285495984,35355.0075712985,12107.11146275,23247.8961085485,8.23493570681517,-0.00570778892240798
"REF019.CFI-402257",85.1053982785988,82.1834027498393,2.92199552875945,34557.5075925991,23177.2799787333,11380.2276138658,6.14030141428091,-0.00190061293250406
"REF019.CFI-402257-3ON4OFF+PACLITAXEL",85.7338085910074,-78.9581929276893,164.692001518697,23480.3252315389,16605.96313,6874.3621015389,-1.91807695241548,-0.0421145586007897
"REF019.CX-5461",82.3004160214289,16.409136568254,65.8912794531748,137453.602575187,26716.1043835408,110737.498191646,14.9162031396942,-0.0208997513970562
"REF019.ERIBULIN-EXTRALOW",85.1053982785988,35.4520754639696,49.6533228146291,34557.5075925991,10953.039156,23604.4684365991,36.7177680474627,-0.0231817107117895
"REF019.ERIBULIN-LOW",82.3004160214289,-4.67219999248841,86.9726160139173,137453.602575187,28028.548004375,109425.054570812,-32.627796610661,-0.0169109065485343
"REF019.PACLITAXEL",84.9303801587687,55.5122009961414,29.4181791626273,42335.8637171467,18139.059685125,24196.8040320218,-27.7066015888601,-0.0218534523378684
"REF019_P1_945_180810_RES.ABT-263",58.7449916130691,69.361084143925,-10.6160925308559,11344.10354575,13014.84881875,-1670.745273,-0.36018542589291,0.00415529790926497
"REF019_P1_945_180810_RES.CFI-400945",58.7449916130691,63.5323290257974,-4.78733741272826,11344.10354575,18182.074131375,-6837.970585625,0.358361644744855,-0.00545200316447018
"REF019_P1_945_180810_RES.ERIBULIN-EXTRALOW",-0.991954780509708,71.1642016103846,-72.1561563908943,3322.394723,8312.397547,-4990.002824,2.31903151900121,0.0086756406415277
"REF019_P1_BMN_190124_RES.BMN-673",NA,84.7199556085746,NA,NA,23617.0951705,NA,NA,NA
"REF019_P3_945W_190718_RES.CFI-400945-52WEEKLY",88.5399637180636,85.4722409373106,3.06772278075303,22854.76912025,16728.33243825,6126.436682,-9.58934185491183,-0.0534894685132758
"REF019_P3_CARBO_190718_RES.CARBOPLATIN",88.2356290953547,88.5381075071692,-0.30247841181459,43725.601347625,37133.272483,6592.32886462499,31.6090097752306,0.009470153116664
"REF019_P3_CARBO_190718_RES.CFI-400945",88.1295251997201,73.4131927448281,14.716332454892,14889.4446122187,6965.43837675,7924.00623546875,-89.4165710732037,-0.0427702849110757
"REF019_P3_CARBO_190718_RES.ERIBULIN",88.2356290953547,-74.2952305959435,162.530859691298,43725.601347625,738.014677,42987.586670625,44.9811911168383,-0.170561029306465
"REF019_P3_CARBO_190718_RES.ERIBULIN-LOW",88.2356290953547,-75.6442787173383,163.879907812693,43725.601347625,3855.2214785,39870.379869125,-41.8725118309852,-0.121298106443513
"REF019_P3_CARBO_190718_RES.PACLITAXEL",88.1295251997201,80.6415648358612,7.48796036385895,14889.4446122187,7234.79429625,7654.65031596875,-13.8014020582582,-0.0336623506479882
"REF019_P4_ERIBLD_190808_RES.ERIBULIN-LOW",88.4109344016769,88.038825681623,0.372108720053944,46829.861244125,41023.9512425,5805.91000162501,-1.45016537933398,-0.0181616043953152
"REF019_P8_ERIB_200903_RES.CARBOPLATIN",88.9964377772884,86.3225813257223,2.6738564515661,36932.33558825,7895.44453975,29036.8910485,4.09617824910921,-0.0123678543990842
"REF019_P8_ERIB_200903_RES.CDX-011",89.342269484071,89.4111738134368,-0.068904329365779,9014.31868725,13097.6153685,-4083.29668125,-1.76903286816556,0.0120295903598829
"REF019_P8_ERIB_200903_RES.CFI-400945-52WEEKLY",88.9964377772884,86.0825158822365,2.91392189505197,36932.33558825,12321.53703575,24610.7985525,6.58727045051693,-0.0379766909805019
"REF019_P8_ERIB_200903_RES.CFI-402257",89.342269484071,89.2255695397999,0.11669994427109,9014.31868725,8344.939605,669.379082250001,-0.240324719629019,-0.0143582678676638
"REF019_P8_ERIB_200903_RES.CFI-402257+PACLITAXEL",89.2024993863222,89.1442318418112,0.0582675445109544,21454.85457575,27280.64685,-5825.79227425,-8.89223954846068,-0.0208376350577221
"REF019_P8_ERIB_200903_RES.CX-5461",88.9964377772884,87.9362166288641,1.06022114842429,36932.33558825,13956.2397765,22976.09581175,5.74917773453795,-0.0208338911506758
"REF019_P8_ERIB_200903_RES.ERIBULIN-LOW",89.342269484071,89.3978100508173,-0.0555405667462736,9014.31868725,8103.736384,910.582303250001,0.424104385824948,0.038100078615117
"REF020.ABT-263",85.6644472065804,71.5983737655769,14.0660734410035,65480.1597906974,17831.978496,47648.1812946975,1.45777497960856,-0.0163714775374754
"REF020.BMN-673",85.1954815643006,-61.3024863545977,146.497967918898,96083.7851156975,3910.20362,92173.5814956975,13.9674147092358,NA
"REF020.CARBOPLATIN",85.1954815643006,-28.0926574016804,113.288138965981,96083.7851156975,15895.1019013207,80188.6832143768,19.2648355392367,-0.0536478237838015
"REF020.CDX-011",85.1954815643006,-60.581590278253,145.777071842553,96083.7851156975,5498.46297825,90585.3221374475,15.4502296107001,NA
"REF020.CFI-400945",86.4736291333389,72.1234797934186,14.3501493399203,39169.6242011783,20345.30410025,18824.3201009283,-4.76373658835704,-0.0212706781947536
"REF020.CFI-400945+ABT-263-LOW",NA,-84.5749547130618,NA,NA,644.689338,NA,NA,NA
"REF020.CFI-400945-52WEEKLY",85.1954815643006,-11.8808400144824,97.0763215787829,96083.7851156975,14455.0574468664,81628.7276688311,13.5530760666755,-0.0361997585846329
"REF020.CFI-400945-5DAILY",86.5250243979271,88.6214604694502,-2.09643607152316,13700.2345682094,20319.28597025,-6619.0514020406,-48.5636094461672,0.0334545229210127
"REF020.CFI-402257",85.6644472065804,81.9854235302255,3.67902367635489,65480.1597906974,35336.500434,30143.6593566974,-3.09310379117619,-0.0164608997279666
"REF020.CFI-402257-3ON4OFF",86.2303265461574,65.9977234715053,20.232603074652,56617.9144251975,16897.21570775,39720.6987174475,1.57946268761324,-0.0239481803587015
"REF020.CFI-402257-HD",86.6186379450262,86.6551600421082,-0.0365220970820701,16852.4986471456,11777.650225,5074.8484221456,0.736982389382607,0.0234471516102109
"REF020.CX-5461",86.9800580278056,86.9352197528082,0.0448382749973746,27084.6233100926,30771.84017875,-3687.21686865736,-13.2330141958073,-0.00398146459085319
"REF020.ERIBULIN",85.1954815643006,-50.9538632968876,136.149344861188,96083.7851156975,8149.95392775,87933.8311879474,14.5873814092271,-0.0644960123488338
"REF020.ERIBULIN-EXTRALOW",86.4736291333389,80.5138804792408,5.95974865409814,39169.6242011783,21416.5042705,17753.1199306783,7.4910794407363,-0.0208624533100809
"REF020.ERIBULIN-LOW",85.1954815643006,-61.2828645183237,146.478346082624,96083.7851156975,13049.9318023023,83033.8533133952,38.4526086147645,NA
"REF020.PACLITAXEL-15DAILY",86.5624762472083,79.6098777560799,6.95259849112837,15217.6073430286,5156.1438055,10061.4635375286,3.2484877982404,-0.00288210629139026
"REF020_P1_BMN_190918_RES.BMN-673",87.7911584587808,75.7795703849029,12.0115880738779,20937.34042625,9717.21806735764,11220.1223588924,-14.8279082761249,-0.0480202937918838
"REF020_P1_BMN_190918_RES.CARBOPLATIN",87.7911584587808,-77.6441737822861,165.435332241067,20937.34042625,4235.5673955,16701.77303075,-16.7474189336648,-0.1170059495098
"REF020_P1_BMN_190918_RES.CDX-011",87.7911584587808,21.1541556186243,66.6370028401566,20937.34042625,2734.10356375,18203.2368625,19.1132357908613,-0.0437411963969648
"REF020_P1_BMN_190918_RES.CFI-400945-52WEEKLY",87.7911584587808,50.016706858623,37.7744516001578,20937.34042625,3373.5985895,17563.74183675,11.3789814547206,-0.0411936811382551
"REF020_P1_BMN_190918_RES.CFI-402257",87.7911584587808,85.7884850751643,2.00267338361651,20937.34042625,14776.047991875,6161.292434375,-6.51066040049184,-0.00657116459555536
"REF020_P1_BMN_190918_RES.CFI-402257-3ON4OFF+PACLITAXEL",87.7911584587808,84.4567653928447,3.3343930659361,20937.34042625,9194.444927,11742.89549925,6.42481633632663,-0.013163063015913
"REF020_P1_BMN_190918_RES.CX-5461",87.7911584587808,80.3837658237521,7.40739263502877,20937.34042625,6843.219672,14094.12075425,20.8577695854853,-0.0293176317808215
"REF020_P1_BMN_190918_RES.PACLITAXEL",88.1135875371919,83.8295337968167,4.28405374037513,1407.8545065,956.46172475,451.39278175,3.98845028140097,NA
"REF020_P3_CDX_210108_RES.CDX-011",87.498844008328,-53.5572657846399,141.056109792968,31123.28106875,8390.531031,22732.75003775,8.60258152110724,-0.0528067877330022
"REF020_P3_CDX_210108_RES.CFI-400945",87.498844008328,77.926659954948,9.57218405337997,31123.28106875,8896.368893,22226.91217575,4.63353058676323,-0.00874980842997151
"REF020_P3_CDX_210108_RES.CFI-402257",87.498844008328,70.525286651391,16.973557356937,31123.28106875,5133.386661,25989.89440775,4.50474526289906,-0.01098691634581
"REF020_P3_CDX_210608_RES.BMN-673",87.6579603224382,21.2007484899172,66.457211832521,17293.811976,6650.3323975,10643.4795785,-64.932373994136,-0.0627958247734811
"REF020_P3_CDX_210608_RES.CARBOPLATIN",87.6579603224382,-11.6100188706811,99.2679791931193,17293.811976,5012.698293,12281.113683,36.5880526990852,-0.0958761932310263
"REF020_P3_CDX_210608_RES.CDX-011",87.6579603224382,87.9865264576862,-0.328566135247939,17293.811976,22116.4281855012,-4822.61620950119,1.39549374052047,-0.00339476638525508
"REF020_P3_CDX_210608_RES.CFI-400945-52WEEKLY",86.373298607323,88.435688721883,-2.06239011455999,9527.461992,24739.743156,-15212.281164,3.68113406890858,-0.00306521917237785
"REF020_P3_CDX_210608_RES.CFI-402257-3ON4OFF",85.9583334765626,88.0687570356798,-2.11042355911711,5892.844264,10329.404543,-4436.560279,4.46417655848145,0.0175516482094804
"REF020_P3_CDX_210608_RES.CFI-402257-3ON4OFF+PACLITAXEL",87.6579603224382,86.1062574405131,1.5517028819251,17293.811976,16712.923029125,580.888946874999,-22.4620053213074,-0.0150491452251629
"REF020_P3_CDX_210608_RES.ERIBULIN-LOW",86.1459291351005,77.5690030111329,8.57692612396762,1168.881708,1934.9847625,-766.1030545,-1.12809599423932,NA
"REF020_P3_CDX_210608_RES.PACLITAXEL",86.373298607323,84.8023983774411,1.57090022988194,9527.461992,8674.25965625,853.20233575,23.4650986414622,-0.0143156269742695
"REF020_P5_CARBO_210421_RES.CARBOPLATIN",89.3082181334313,89.6037585368793,-0.295540403448015,18590.100137,22815.20630025,-4225.10616325,-9.9451280531395,0.0750993738053466
"REF020_P5_CARBO_210421_RES.ERIBULIN-LOW",89.3472046228433,89.5238272853362,-0.176622662492903,9742.022618,11859.697319,-2117.674701,-35.1801001673987,0.0255942415319133
"REF020_P5_CARBO_210421_RES.PACLITAXEL",89.3472046228433,88.7495971792521,0.597607443591201,9742.022618,6160.17476125,3581.84785675,14.5294496434064,-0.031127712517724
"REF022.ABT-263",83.6861107728383,62.5720271735121,21.1140835993263,38101.2935629708,14126.247611875,23975.0459510958,8.89901091541755,-0.00953886094547195
"REF022.ADC-CONTROL",83.5518267292135,70.5535872727678,12.9982394564457,44678.5157162724,19040.312753875,25638.2029623974,8.48076437244124,0.000401928207202577
"REF022.AZD-5305",83.2605876823173,80.1398587176854,3.12072896463192,18582.4781472601,11314.567270625,7267.91087663508,1.91997272485723,0.00307728218318939
"REF022.AZD-8205",82.1564180259684,29.439636902509,52.7167811234594,125453.749651475,25834.92612825,99618.8235232251,48.9509933062447,-0.00972126705209872
"REF022.BMN-673",83.6432825023045,71.7797112305718,11.8635712717327,22855.0207993056,11597.51568975,11257.5051095556,14.8289062431575,-0.00759241108094322
"REF022.CARBOPLATIN",82.6283341031866,79.5129577842776,3.11537631890904,70613.6608034751,52021.1117891688,18592.5490143063,6.21722244016481,-0.00274384983031047
"REF022.CDX-011",83.9456746773801,66.6664089709231,17.279265706457,32428.3029865792,13997.807683375,18430.4953032042,5.48529037510172,-0.0224822065402618
"REF022.CFI-400945",83.0788835302828,73.78142014599,9.29746338429273,61423.1256123739,35001.7727502101,26421.3528621638,11.0932593999931,-0.0102570364393451
"REF022.CFI-400945+ABT-263",83.1575025193587,55.0973617226005,28.0601407967582,17924.5849990333,9793.906647,8130.67835203327,-3.96913811100512,-0.0100728391968695
"REF022.CFI-400945+ABT-263-LOW",83.6861107728383,43.3512070170397,40.3349037557986,38101.2935629708,9732.3042565,28368.9893064708,8.77308528861025,-0.0117527521052672
"REF022.CFI-400945-52WEEKLY",81.9640978176847,31.5478548575388,50.416242960146,92101.9306214751,31879.0744197083,60222.8562017668,-85.9920568169471,-0.013774513205532
"REF022.CFI-402257",83.9679122071535,80.1331693421568,3.83474286499668,29244.9066567786,19898.2173117803,9346.68934499829,12.3452776671726,0.000117741460204453
"REF022.CFI-402257-2ON5OFF",83.6432825023045,76.6270597233049,7.01622277899958,22855.0207993056,12306.384724,10548.6360753056,9.41307042323381,-0.00310405526405467
"REF022.CFI-402257-3ON4OFF",83.4585133211429,78.3135602336644,5.14495308747851,21366.7069257738,15429.62581575,5937.08111002385,46.2459443377476,-0.0020337930779909
"REF022.CFI-402257-3ON4OFF+PACLITAXEL",82.1564180259684,-11.8363002802291,93.9927183061975,125453.749651475,14996.48636475,110457.263286725,59.3516529801101,-0.00940784021664797
"REF022.CFI-402257-3ON4OFF+PACLITAXEL-15DAILY",82.1564180259684,-37.9954705298933,120.151888555862,125453.749651475,3375.312178,122078.437473475,38.5664940607392,NA
"REF022.CX-5461",83.8775817824088,77.7001818575543,6.17739992485441,33144.8911040269,20277.2499557917,12867.6411482352,7.87701262175252,-0.00213427764985657
"REF022.DATOPOTAMAB-CONTROL",83.2552022760983,87.9282775398161,-4.67307526371779,5680.03007074938,7712.8944285,-2032.86435775062,-7.51669952616245,0.0692677082993985
"REF022.DATOPOTAMAB-DERUXTECAN",82.1564180259684,-42.6939936792005,124.850411705169,125453.749651475,3152.39423532642,122301.355416149,39.883808619324,-0.0318187111527983
"REF022.ERIBULIN",82.1564180259684,-51.0418775991799,133.198295625148,125453.749651475,7678.606408,117775.143243475,-760.438126662747,NA
"REF022.ERIBULIN-EXTRALOW",83.6432825023045,13.6898345221144,69.95344798019,22855.0207993056,6229.836076,16625.1847233056,11.728669614579,-0.0231412663199282
"REF022.ERIBULIN-LOW",83.0788835302828,49.340407549172,33.7384759811108,61423.1256123739,19906.1145251667,41517.0110872072,15.4281600562178,-0.0143477948336917
"REF022.EVEROLIMUS",82.9832560161789,42.669760967453,40.313495048726,8256.62882135828,5070.212495,3186.41632635828,-20.4219235812765,-0.0190813266301266
"REF022.GLUT1",82.9783190531817,77.5864703420747,5.391848711107,10775.727201923,6141.7915866875,4633.93561523548,1.94489253911367,0.000261627045478377
"REF022.GLUT1-2TIMESDAILY",83.2795413223875,-56.6991453616728,139.97868668406,7144.19325064112,2126.9122535,5017.28099714112,5.87809360693094,-0.0295804454266849
"REF022.PACLITAXEL",82.1564180259684,-2.95841089010721,85.1148289160756,125453.749651475,12405.598495,113048.151156475,38.6486729469056,NA
"REF022.PACLITAXEL-10DAILY",83.0019580995818,83.4120731564924,-0.410115056910598,9895.60992406978,11575.025691,-1679.41576693022,1.81205054704001,-0.00394765394400447
"REF022.PACLITAXEL-15DAILY",82.1564180259684,39.6626935684376,42.4937244575308,125453.749651475,27328.2668569844,98125.4827944907,28.2269988555382,-0.00971031407161343
"REF022.PQ-1-6",82.9832560161789,-66.5650153776073,149.548271393786,8256.62882135828,2370.62556333333,5886.00325802495,8.30814259512668,-0.0386987773895558
"REF022.PQ-1-6-VEHICLE",83.0473017528418,85.9024476331674,-2.85514588032565,7880.73793906612,9365.2136275,-1484.47568843388,-9.52171701859231,0.0144129238392522
"REF022.SACITUZAMAB-GOVITECAN",81.954079180526,52.8483483486082,29.1057308319178,108713.768019475,34473.383251875,74240.3847676001,16.5000325507494,-0.00292005761326889
"REF022.TRASTUZUMAB-CONTROL",83.0473017528418,87.7062454645443,-4.65894371170255,7880.73793906612,14166.059248,-6285.32130893387,-25.4632411226586,0.0265528953802432
"REF022.TRASTUZUMAB-DERUXTECAN",83.6104169509607,46.299953965339,37.3104629856218,42968.6703763394,15338.28674175,27630.3836345894,-7.59835146186395,-0.0125840472592784
"REF022.UNC0642",83.3486417902993,72.1346746055509,11.2139671847484,19254.0464760062,8388.865754,10865.1807220062,5.73714418279025,-0.00481443371617932
"REF022_P1_TAX_180822_RES.CFI-402257-3ON4OFF+PACLITAXEL",46.3783135866234,8.48542947203005,37.8928841145934,5023.11188975,4409.116794,613.99509575,4.44927863917354,-0.0173721463084181
"REF022_P1_TAX_180822_RES.ERIBULIN",77.7436475602913,-64.4192166983799,142.162864258671,15001.04241425,1462.74753025,13538.294884,37.5278475585209,-0.13334906556694
"REF022_P1_TAX_180822_RES.PACLITAXEL",77.7436475602913,11.7149131744869,66.0287343858044,15001.04241425,8072.942177,6928.10023725,-59.9733590696775,-0.02193596437099
"REF022_P2_8205CONT_061223_RES.CARBOPLATIN",NA,84.9981349139008,NA,NA,6336.65813625,NA,NA,NA
"REF022_P2_8205CONT_061223_RES.DATOPOTAMAB-DERUXTECAN",NA,22.5005313791439,NA,NA,20819.623708,NA,NA,NA
"REF022_P2_8205CONT_061223_RES.TRASTUZUMAB-DERUXTECAN",NA,49.087456198148,NA,NA,25440.71905025,NA,NA,NA
"REF022_P2_8205CONT_231206_RES.ADC-CONTROL",83.2543602504597,81.7653999956708,1.48896025478886,10356.08625625,9457.49602279286,898.590233457144,-12.5643137054081,-0.00807126259253826
"REF022_P2_8205CONT_231206_RES.AZD-8205",83.2543602504597,62.9769936529073,20.2773665975524,10356.08625625,6513.64852147619,3842.43773477381,-30.7094250055297,-0.0417587276564489
"REF022_P2_8205CONT_231206_RES.PQ-1-6-VEHICLE",83.7940546411081,82.6695181617083,1.12453647939981,3531.60262675,5075.203704,-1543.60107725,6.63314840324505,-0.000355381161009766
"REF022_P2_8205CONT_231206_RES.SACITUZAMAB-GOVITECAN",83.2543602504597,78.6884788627855,4.56588138767417,10356.08625625,8730.54063280357,1625.54562344643,-6.53982362228446,-0.0151741810196798
"REF022_P2_SG_150224_RES.SACITUZAMAB-GOVITECAN",87.0425990059918,80.4492090582325,6.59338994775923,16987.5291175,7648.4302335,9339.098884,19.4345251652767,-0.0255823136431973
"REF022_P2_SG_210214_RES.AZD-8205",79.5072312037681,84.7137834121416,-5.20655220837352,4576.9766985,9925.175502,-5348.1988035,2.28676186194487,-5.6294365130984e-05
"REF022_P2_SG_210214_RES.DATOPOTAMAB-CONTROL",82.6527114011025,71.4128533329946,11.2398580681078,12163.5755225,7466.76976675,4696.80575575,-18.4013659731345,-0.0133631641090967
"REF022_P2_SG_210214_RES.DATOPOTAMAB-DERUXTECAN",82.6527114011025,-51.9296777039806,134.582389105083,12163.5755225,8301.36635875,3862.20916375,-3.10279431601035,-0.0418612423708484
"REF022_P2_SG_210214_RES.PQ-1-6",79.5072312037681,-12.0612739763742,91.5685051801423,4576.9766985,3256.42918525,1320.54751325,-0.836774119614014,-0.0336617973796735
"REF022_P2_SG_210214_RES.PQ-1-6-VEHICLE",79.5072312037681,82.4325323115721,-2.92530110780402,4576.9766985,6567.55080808333,-1990.57410958333,4.63600436187206,0.000494620469198325
"REF022_P2_SG_210214_RES.SACITUZAMAB-GOVITECAN",82.6527114011025,74.9257072505075,7.72700415059492,12163.5755225,9902.06083119643,2261.51469130357,-8.14214212748356,-0.0251639279073438
"REF022_P2_SG_210214_RES.TRASTUZUMAB-DERUXTECAN",82.6527114011025,65.9687177743331,16.6839936267694,12163.5755225,6007.6868395,6155.888683,-10.2022986885613,-0.0136097132918651
"REF022_P2_TAX_181219_RES.CARBOPLATIN",87.4975292392547,66.2435237183921,21.2540055208626,34237.13298425,8518.116817,25719.01616725,18.4249863347381,-0.0284564461211655
"REF022_P2_TAX_181219_RES.CDX-011",87.4975292392547,-13.6798356982948,101.177364937549,34237.13298425,5342.14148475,28894.9914995,18.3016141298895,-0.0529554234027528
"REF022_P2_TAX_181219_RES.CFI-400945",87.2824328118222,81.6145595251858,5.66787328663639,25462.67473925,10796.96693225,14665.707807,7.5287418099416,-0.00894586612902757
"REF022_P2_TAX_181219_RES.PACLITAXEL",87.4975292392547,71.2454477603327,16.252081478922,34237.13298425,11097.9398540643,23139.1931301857,85.0014179578638,-0.0263126309028288
"REF022_P4_8205_120625_RES.SACITUZAMAB-GOVITECAN",65.9979535653601,13.2713771754961,52.7265763898641,6908.64156925,6520.412712,388.22885725,-0.102350362182846,-0.0134514599448339
"REF022_P4_8205_120625_RES.TRASTUZUMAB-DERUXTECAN",69.6680474076756,-76.0854646919027,145.753512099578,10325.5067365,3325.36092325,7000.14581325,-3.09037181074694,-0.0829168527964821
"REF022_P4_ERIB_200903_RES.BMN-673",NA,85.8313949959261,NA,NA,8819.161984,NA,NA,NA
"REF022_P4_ERIB_200903_RES.CARBOPLATIN",NA,81.8571546282493,NA,NA,13226.84033125,NA,NA,NA
"REF022_P4_ERIB_200903_RES.CDX-011",NA,67.9077554339943,NA,NA,8465.498628,NA,NA,NA
"REF022_P4_ERIB_200903_RES.CFI-400945",NA,82.842917146618,NA,NA,13783.5060545,NA,NA,NA
"REF022_P4_ERIB_200903_RES.CFI-400945-52WEEKLY",NA,-75.962481298396,NA,NA,1865.753392,NA,NA,NA
"REF022_P4_ERIB_200903_RES.CFI-402257",NA,76.4935973377951,NA,NA,8777.667475,NA,NA,NA
"REF022_P4_ERIB_200903_RES.CX-5461",NA,74.9283276994362,NA,NA,20579.00505125,NA,NA,NA
"REF022_P4_ERIB_200903_RES.ERIBULIN-LOW",NA,82.8018653026554,NA,NA,33412.7675965,NA,NA,NA
"REF022_P4_ERIB_200903_RES.PACLITAXEL",NA,79.9359602931782,NA,NA,13043.4806095,NA,NA,NA
"REF022_P4_TTK8/TAX20_190711_RES.CFI-402257-3ON4OFF",88.1606270906562,79.5057540910153,8.65487299964097,17791.942,5445.867,12346.075,8.23898835017989,-0.0391645301856937
"REF022_P4_TTK8/TAX20_190711_RES.CFI-402257-3ON4OFF+PACLITAXEL",88.1606270906562,81.7673619606953,6.39326512996098,17791.942,10310.9849654464,7480.95703455357,25.8463154175593,-0.048486887270764
"REF022_P4_TTK8/TAX20_190711_RES.ERIBULIN",88.1606270906562,-81.3540387428201,169.514665833476,17791.942,4677.618976,13114.323024,40.6402299862084,-0.0862983956576138
"REF022_P4_TTK8/TAX20_190711_RES.ERIBULIN-EXTRALOW",88.1606270906562,18.2011081411531,69.9595189495031,17791.942,4689.197683,13102.744317,10.1063473900081,-0.0688777305189946
"REF022_P9_TAX_221026_RES.CARBOPLATIN",12.6920394412398,84.5242327414993,-71.8321933002595,3278.76030925,9333.969988,-6055.20967875,-8.74064925316116,0.0373078539200238
"REF022_P9_TAX_221026_RES.PACLITAXEL",78.2824339575112,71.615871013907,6.6665629436042,21835.078567,22724.980043375,-889.901476375002,-8.91922719664011,-0.00867175117061762
"REF022_P9_TAX_221026_RES.PACLITAXEL-15DAILY",1.79094508921002,82.2235256700553,-80.4325805808453,4109.29949725,9417.4765565,-5308.17705925,64.6797234509676,0.034602757997919
"REF023.ABT-263",82.9685829414813,84.3030886088436,-1.33450566736227,7862.46137945107,6693.6653065,1168.79607295107,-0.20187330708008,0.0263059570375986
"REF023.ADC-CONTROL",59.8603036807484,38.6506307529263,21.2096729278221,78896.6435828472,41069.380111,37827.2634718472,10.5528529352182,-0.0125213993710138
"REF023.AZD-8205",59.8603036807484,-80.6050287667839,140.465332447532,78896.6435828472,2270.3764525,76626.2671303472,-9.96860361202642,-0.0703553819749638
"REF023.BMN-673",72.0809343814031,16.7980972866909,55.2828370947122,48349.2252798889,17536.917869875,30812.3074100139,-10.4528984104843,-0.0135912844465475
"REF023.CARBOPLATIN",79.9507646075737,33.4793702981398,46.4713943094339,36538.9981105103,22727.275142125,13811.7229683853,-11.572283515204,-0.0140938329583838
"REF023.CDX-011",82.8287859754826,84.9366306421611,-2.1078446666785,9066.58741387563,12427.765386125,-3361.17797224937,0.564102921559489,0.0204598689111565
"REF023.CFI-400945",72.732554085455,-15.5991442753111,88.3316983607661,47680.3693368677,15849.943594125,31830.4257427427,31.3437689364132,-0.0105151328680018
"REF023.CFI-400945+ABT-263",82.7300515564695,79.4773146202162,3.25273693625331,15712.444393989,14683.947578,1028.49681598897,5.4473477015513,-0.00127570687875398
"REF023.CFI-400945-41.6WEEKLY",78.0441210943023,79.3129748608752,-1.26885376657283,41012.9774301177,28356.433504,12656.5439261177,-15.7149081477962,-0.0038657032339968
"REF023.CFI-400945-52WEEKLY",71.4494659009154,37.4480687056998,34.0013971952156,50075.225670127,22156.064393125,27919.161277002,2.20185778537682,-0.0110213372792249
"REF023.CFI-402257",74.7535985687,74.1153118794423,0.638286689257669,43726.3501704127,33375.1563132143,10351.1938571984,-4.25424722768856,-0.00478876598342432
"REF023.CFI-402257-3ON4OFF",82.9815097823059,85.1265594262341,-2.14504964392825,11345.9274782023,12497.4376275,-1151.51014929767,581.50438264517,0.0276737386555882
"REF023.CFI-402257-3ON4OFF+PACLITAXEL",58.4555328157219,13.5347511261929,44.920781689529,66982.0672353472,29230.97415175,37751.0930835972,4.84292990920759,-0.0119137265300572
"REF023.CFI-402257-HD+PACLITAXEL-15DAILY",67.9191290567147,18.4522280126215,49.4669010440932,52484.6221987222,25566.48148125,26918.1407174722,11.5535955729222,-0.0147083926637441
"REF023.CX-5461",63.1396968263373,17.6799991110536,45.4596977152837,58471.9781225972,20351.46678925,38120.5113333472,0.98520510655566,-0.0152516646079551
"REF023.DATOPOTAMAB-DERUXTECAN",59.8603036807484,-75.263444141472,135.12374782222,78896.6435828472,1482.355818,77414.2877648472,10.3502244402652,-0.127932845235822
"REF023.ERIBULIN",59.8603036807484,20.5098520548893,39.3504516258591,78896.6435828472,24610.5034535,54286.1401293472,-2.18755505166069,NA
"REF023.ERIBULIN-LOW",72.0809343814031,41.1391902048342,30.9417441765689,48349.2252798889,13506.87592475,34842.3493551389,-11.0542601962334,NA
"REF023.PACLITAXEL",59.8603036807484,-70.99465553113,130.854959211878,78896.6435828472,15583.43928975,63313.2042930972,-2.13743894497094,-0.00321997641614499
"REF023.PACLITAXEL-15DAILY",65.1083666369773,48.9551326687145,16.1532339682627,56782.3130695972,25185.453991,31596.8590785972,-1.01332878101222,-0.0124825925348557
"REF023.SACITUZAMAB-GOVITECAN",58.6810425974394,51.8937975813722,6.78724501606726,70402.0743073472,32015.7159615,38386.3583458472,0.0911154606784399,-0.00987585240649571
"REF023_P1_BMN_190103_RES.BMN-673",86.3540173886521,81.7871464012045,4.56687098744764,21332.564482875,8635.60040175,12696.964081125,3.20609617064788,0.0173452413479665
"REF023_P1_BMN_190103_RES.CFI-400945",86.3540173886521,56.3811384088621,29.97287897979,21332.564482875,4969.89367475,16362.670808125,4.26839138318118,-0.00209839209574437
"REF023_P1_BMN_190103_RES.CFI-402257",85.1258292103121,87.6961881057834,-2.57035889547126,12929.905532875,18122.006078,-5192.100545125,0.185469041406064,0.0420644166077681
"REF023_P1_TAX_190508_RES.PACLITAXEL",80.9656686963529,-33.0553968357934,114.021065532146,20739.67491525,36039.789464,-15300.11454875,-1.29643070661105,-0.0567511694313098
"REF023_P2_8205CONT_130225_RES.SACITUZAMAB-GOVITECAN",86.3700395541889,-17.4698653557832,103.839904909972,25488.835603,9274.25198025,16214.58362275,-32.2520441644383,-0.0358352553616908
"REF023_P2_945W_190531_RES.CFI-400945-52WEEKLY",87.2183884338389,76.7200609642444,10.4983274695945,25309.34975125,14575.009829,10734.33992225,-11.3461949417412,-0.0381310983562296
"REF023_P2_DATOCONT_200624_RES.DATOPOTAMAB-CONTROL",87.4413304885538,83.3461666757432,4.09516381281064,18490.797154,9716.11235501786,8774.68479898214,31.1032122196503,-0.0215139887961709
"REF023_P2_DATOCONT_200624_RES.DATOPOTAMAB-DERUXTECAN",87.4413304885538,-77.4394584339997,164.880788922554,18490.797154,2946.16150364286,15544.6356503571,-42.3065501859581,-0.10910719235373
"REF023_P2_DATOCONT_200624_RES.TRASTUZUMAB-DERUXTECAN",87.4413304885538,-64.7303029544646,152.171633443018,18490.797154,3111.218942,15379.578212,29.8136763318874,-0.178272522269069
"REF023_P2_DATOCONT_240620_RES.DATOPOTAMAB-CONTROL",81.4888883557789,87.9922230446846,-6.5033346889057,5296.7928375,13033.7913665,-7736.998529,12.8119664883483,0.0362545912161292
"REF023_P2_DATOCONT_240620_RES.DATOPOTAMAB-DERUXTECAN",81.4888883557789,-76.7588696539629,158.247758009742,5296.7928375,1003.14884425,4293.64399325,-11.4560761441463,-0.085316427262036
"REF023_P2_DATOCONT_240620_RES.TRASTUZUMAB-CONTROL",81.4888883557789,58.4404778321441,23.0484105236348,5296.7928375,3106.22168325,2190.57115425,-2.68745342891496,-0.0318874329654612
"REF023_P2_DATOCONT_240620_RES.TRASTUZUMAB-DERUXTECAN",81.4888883557789,-77.7352693964178,159.224157752197,5296.7928375,1786.4820405,3510.310797,-5.4948385553416,-0.116908743636304
"REF023_P2_ERIB_191212_RES.ERIBULIN",87.953615491298,84.6821036543471,3.27151183695088,24141.125938,11089.3473495,13051.7785885,7.0616822219848,-0.00728682106446446
"REF023_P2_SG_260225_RES.DATOPOTAMAB-DERUXTECAN",NA,-67.7691311903921,NA,NA,1113.223878,NA,NA,NA
"REF023_P2_SG_260225_RES.SACITUZAMAB-GOVITECAN",NA,80.4135849474655,NA,NA,48990.43131875,NA,NA,NA
"REF023_P2_SG_260225_RES.TRASTUZUMAB-DERUXTECAN",NA,-80.2842686084433,NA,NA,1063.695582,NA,NA,NA
"REF023_P2_TRAZCONT_040924_RES.DATOPOTAMAB-DERUXTECAN",86.4478819317026,-82.4478272921398,168.895709223842,8113.98490975,689.437746,7424.54716375,-18.0287077354966,-0.317295274196005
"REF023_P2_TRAZCONT_040924_RES.TRASTUZUMAB-CONTROL",86.4478819317026,-48.1609567939863,134.608838725689,8113.98490975,2378.532909,5735.45200075,-46.5097576823852,-0.0758196217934899
"REF023_P2_TRAZCONT_040924_RES.TRASTUZUMAB-DERUXTECAN",86.4478819317026,-77.7839265643841,164.231808496087,8113.98490975,1129.511584,6984.47332575,-28.1003591665028,-0.14987230029889
"REF023_P2_TRAZ_050325_RES.TRASTUZUMAB-DERUXTECAN",82.3890292927562,33.5212289698642,48.867800322892,39823.62810325,10535.4883335,29288.13976975,15.2618644359179,-0.00791165535516601
"REF023_P5_TTK/TAX_210610_RES.CARBOPLATIN",NA,64.3190684472954,NA,NA,18983.1139348333,NA,NA,NA
"REF023_P5_TTK/TAX_210610_RES.CDX-011",NA,-57.4697402573075,NA,NA,1329.6218395,NA,NA,NA
"REF023_P5_TTK/TAX_210610_RES.CFI-400945",NA,88.1452512470173,NA,NA,14514.9339345,NA,NA,NA
"REF023_P5_TTK/TAX_210610_RES.CFI-400945-52WEEKLY",NA,46.7728630632587,NA,NA,5432.00279325,NA,NA,NA
"REF023_P5_TTK/TAX_210610_RES.CFI-402257",NA,46.0742886476431,NA,NA,5286.366344,NA,NA,NA
"REF023_P5_TTK/TAX_210610_RES.CFI-402257-3ON4OFF+PACLITAXEL",NA,9.70355105890001,NA,NA,28017.2914457672,NA,NA,NA
"REF023_P5_TTK/TAX_210610_RES.PACLITAXEL",NA,68.9304414784477,NA,NA,15155.5134055,NA,NA,NA
"REF024.ABT-263",57.5683902108802,-55.0130553421219,112.581445553002,7065.77359189286,6844.07671225,221.696879642857,0.216015119011153,-0.0128557645747174
"REF024.BMN-673",42.0439995049171,-5.76773353024336,47.8117330351604,62106.6738862024,27098.6630955,35008.0107907024,-13.6246666444032,-0.00325304181213418
"REF024.CARBOPLATIN",47.614215838243,-12.5515622266295,60.1657780648725,28886.9685644524,8837.99523325,20048.9733312024,6.21370930519343,-0.00116739331298714
"REF024.CFI-400945",53.3172131099949,25.9289723371347,27.3882407728602,12446.0907602857,11009.267034,1436.82372628572,-0.206644643234566,0.00344360029080979
"REF024.CFI-400945-52WEEKLY",57.5683902108802,-7.262134457418,64.8305246682982,7065.77359189286,5701.489566875,1364.28402501786,-8.09780413031486,-0.00575205773440547
"REF024.CFI-402257",38.836556798306,9.55795509703596,29.2786017012701,72209.7244864524,36586.35105325,35623.3734332024,29.7489351803448,-0.000421371343459693
"REF024.PACLITAXEL",40.3302223911178,5.29551960810989,35.0347027830079,44564.5744289524,25301.34911575,19263.2253132024,-25.5213373964468,0.0008182069313897
"REF024_P1_BMN_190905_RES.BMN-673",12.0711115395805,33.6468918865712,-21.5757803469907,2719.4281255,5763.12204480159,-3043.69391930159,1.30838968958096,-0.00342316329071927
"REF024_P1_BMN_190905_RES.CARBOPLATIN",74.1008247683842,84.0421434054085,-9.94131863702424,365.215518928571,1878.06818325,-1512.85266432143,2.11870917351629,0.00484658747503092
"REF024_P1_BMN_190905_RES.CFI-400945",12.0711115395805,35.870402097617,-23.7992905580365,2719.4281255,4475.3549065,-1755.926781,1.6011616279439,0.00150762814594222
"REF024_P1_TAX_191220_RES.CARBOPLATIN",NA,80.3027115990818,NA,NA,22025.94817875,NA,NA,NA
"REF024_P1_TAX_191220_RES.CFI-400945",NA,39.9061077960205,NA,NA,8579.6858295,NA,NA,NA
"REF024_P1_TAX_191220_RES.ERIBULIN-LOW",NA,45.6610310468528,NA,NA,8194.0577435,NA,NA,NA
"REF024_P1_TAX_191220_RES.PACLITAXEL",NA,67.9269409410662,NA,NA,65686.19752675,NA,NA,NA
"REF025.CARBOPLATIN",78.5878861496838,-49.9385219577285,128.526408107412,26352.2498564611,3430.500376,22921.7494804611,6.84768627961376,-0.037940541932416
"REF025.CDX-011",82.1298892634953,-44.5060324950819,126.635921758577,75406.9336785028,8101.34218700338,67305.5914914994,36.963365148074,-0.0348971249826235
"REF025.CFI-400945",78.9881073527553,75.7306680672521,3.25743928550318,30239.7715939326,25950.3713528571,4289.40024107543,56.3495317028161,-0.0065465803082367
"REF025.CFI-400945+ABT-263",79.5826390674324,67.6621785646482,11.9204605027842,32446.6927971605,19199.640135,13247.0526621605,11.6220760579352,-0.00545825095600242
"REF025.CFI-400945-52WEEKLY",79.5826390674324,47.4381971969035,32.1444418705289,32446.6927971605,13330.9773135,19115.7154836605,10.2002096227144,-0.0119249643627135
"REF025.CFI-402257",79.3159747385983,75.9510387718466,3.36493596675173,30966.596951132,20885.173925,10081.423026132,2.55295910580108,0.000488432864294538
"REF025.CFI-402257-3ON4OFF",76.3702321688151,72.8137557340103,3.55647643480485,8414.19172977602,8913.92598775,-499.734257973978,-30.7453719982839,-0.0172777366700863
"REF025.CFI-402257-HD+PACLITAXEL",82.1298892634953,-36.1455099068692,118.275399170364,75406.9336785028,7238.81360425,68168.1200742528,37.9625208650256,-0.0229180965698813
"REF025.ERIBULIN",78.3102092567516,-76.2431379879494,154.553347244701,15963.5612198876,7749.0057745,8214.55544538763,-6.90300420838566,-0.0832334776013846
"REF025.ERIBULIN-LOW",82.1298892634953,-24.3340005258233,106.463889789319,75406.9336785028,15276.38202025,60130.5516582528,-96.0891337808728,-0.018596304612062
"REF025.PACLITAXEL",82.1298892634953,-44.2393039788774,126.369193242373,75406.9336785028,6334.83155225,69072.1021262528,37.8396100646467,-0.0333832211714799
"REF025_P3_945W_201106_RES.BMN-673",NA,79.6039422474786,NA,NA,13445.46896725,NA,NA,NA
"REF025_P3_945W_201106_RES.CFI-400945-52WEEKLY",NA,39.9841234399881,NA,NA,11642.632263875,NA,NA,NA
"REF025_P3_945W_201106_RES.CX-5461",NA,81.2962195964597,NA,NA,15238.67060325,NA,NA,NA
"REF025_P6_TTK/TAX_210825_RES.BMN-673",NA,62.0211220683277,NA,NA,3287.96846425,NA,NA,NA
"REF025_P6_TTK/TAX_210825_RES.CDX-011",NA,84.3144548462652,NA,NA,6514.3392075,NA,NA,NA
"REF025_P6_TTK/TAX_210825_RES.CFI-400945",NA,59.3490496380795,NA,NA,11756.3680195,NA,NA,NA
"REF025_P6_TTK/TAX_210825_RES.CFI-402257-3ON4OFF+PACLITAXEL",NA,72.1989388928229,NA,NA,20310.365454625,NA,NA,NA
"REF030.BMN-673",83.6194541319394,69.244758649669,14.3746954822704,22638.37677325,12922.3225305,9716.05424275,-15.7331923652061,-0.0194609623968207
"REF030.CARBOPLATIN",83.9285186303275,77.7410072300072,6.1875114003203,14850.53969625,12222.52305525,2628.016641,-0.970600831652505,-0.0129459183959246
"REF030.CFI-400945",83.6194541319394,-43.3923779150725,127.011832047012,22638.37677325,5528.53049775,17109.8462755,-23.8016681181751,-0.042945456741628
"REF030.CX-5461",83.9906783230204,81.0211269872923,2.9695513357281,11094.266065,9396.74478225,1697.52128275,-5.32203214259502,-0.00761429543573867
"REF032.BMN-673",82.4291248488226,-78.9347693432617,161.363894192084,50794.6548499048,5679.9354645,45114.7193854048,-4.71024718459227,-0.108504699441314
"REF032.CDX-011",84.8183071209022,78.9033734788171,5.9149336420851,25699.1408395923,20036.84082675,5662.30001284226,9.70287706053778,-0.0109215678012171
"REF032.CFI-400945",82.4291248488226,-57.688232912147,140.11735776097,50794.6548499048,17723.1012576964,33071.5535922083,-4.26231302599878,-0.0370018535895834
"REF032.CFI-400945-52WEEKLY",82.4291248488226,20.4737704528543,61.9553543959683,50794.6548499048,14474.214986,36320.4398639048,9.69126149963249,NA
"REF032.CFI-400945-5DAILY",85.5935285973162,45.5356094791986,40.0579191181175,22629.5035384762,12225.3290775,10404.1744609762,-1.60771457414191,-0.018457483897066
"REF032.CFI-402257",83.7951857674753,77.3647078129334,6.4304779545419,33695.1306474048,15124.4486,18570.6820474048,2.5819944736588,0.00314553487032234
"REF032.CX-5461",82.4291248488226,-53.4802022251941,135.909327074017,50794.6548499048,4902.62610625,45892.0287436548,11.0875380916536,-0.0584305228514094
"REF032.ERIBULIN",82.4291248488226,-66.3051692736965,148.734294122519,50794.6548499048,3339.04970325,47455.6051466548,46.2795525828873,NA
"REF032.ERIBULIN-LOW",82.4291248488226,-60.7819978234793,143.211122672302,50794.6548499048,17076.328447,33718.3264029048,-7.05891359784788,-0.0318381129027178
"REF032_P1_945_200925_RES.CFI-400945",NA,-5.24460829641547,NA,NA,13899.7501915,NA,NA,NA
"REF034.BMN-673",55.5272197438115,71.2701695467825,-15.742949802971,8382.578625,15253.061208,-6870.482583,4.5602142713702,0.00571231235919183
"REF034.CFI-400945",44.3114519209758,-55.3713930356669,99.6828449566426,11413.152325,3319.783162,8093.369163,14.8723365204324,-0.0893615474360516
"REF034.CFI-402257",44.3114519209758,27.3654571079922,16.9459948129835,11413.152325,9912.153512,1500.998813,2.71175567335797,-0.00320740803966615
"REF034.PACLITAXEL",65.9557806553842,-4.70174153280629,70.6575221881905,2438.6878905,3081.1614735,-642.473583,-0.898914202624533,-0.0208788858984489
"REF035.ADC-CONTROL",85.7432246540752,85.3297611781991,0.413463475876085,39013.5112463524,34552.2504252083,4461.2608211441,0.30702815019176,-0.0071030527532439
"REF035.AZD-5305",85.426171534145,71.4518534625367,13.9743180716083,48084.9742614965,18757.3118817042,29327.6623797924,8.77605329538575,-0.00100153777665802
"REF035.AZD-8205",85.3894422522395,82.6648842191855,2.72455803305398,55422.1498344965,35602.3727738542,19819.7770606424,7.90325379232724,-0.0097127795988053
"REF035.BMN-673",86.0126667960223,83.0347818528315,2.97788494319083,33384.2877465511,21398.4196677083,11985.8680788428,1.59729122356151,-0.013155031808757
"REF035.CARBOPLATIN",87.088914251206,83.9067196699581,3.18219458124796,23124.8596275713,16097.2757829743,7027.58384459707,7.05120199428714,-0.000688498984733605
"REF035.CDX-011",85.5999299157877,81.5691544606346,4.03077545515312,64725.837201691,48300.9283859464,16424.9088157445,-36.0000393746668,-0.0211824796333616
"REF035.CFI-400945",85.5999299157877,-49.4272249937523,135.02715490954,64725.837201691,19164.7608918333,45561.0763098576,-11.1163323442052,-0.0259044295411689
"REF035.CFI-400945-52WEEKLY",85.5999299157877,-53.3186869285393,138.918616844327,64725.837201691,15050.8203745714,49675.0168271195,-41.3746254249816,NA
"REF035.CFI-400945-5DAILY",87.3294189652218,88.2334650626814,-0.904046097459627,8321.04967750136,12911.1184365,-4590.06875899864,2.86288663531891,0.0028007734660369
"REF035.CFI-402257",86.0126667960223,80.1255998726178,5.88706692340452,33384.2877465511,18134.6073993333,15249.6803472178,9.25382229614027,-0.0189994493647658
"REF035.CFI-402257-3ON4OFF",85.5386571806724,83.0646052177869,2.47405196288551,45362.5326162326,28336.790565875,17025.7420503576,1.17852802773544,-0.00521518195957485
"REF035.CFI-402257-3ON4OFF+PACLITAXEL",87.3859752667622,78.5600642521835,8.82591101457869,14138.1046742921,6126.911343,8011.19333129213,10.3341646467868,-0.0244235147672752
"REF035.CX-5461",87.4528377964118,55.1365775342779,32.3162602621339,18629.6759773168,15545.52331875,3084.15265856684,-3.10665862362843,-0.0290093273513705
"REF035.DATOPOTAMAB-CONTROL",86.998737383613,85.2578193435421,1.74091804007087,23820.0449737156,16472.325651375,7347.7193223406,7.4847087183102,0.00972839482549103
"REF035.DATOPOTAMAB-DERUXTECAN",85.5999299157877,-76.6408878261673,162.240817741955,64725.837201691,1962.23756325473,62763.5996384362,29.5011905963073,NA
"REF035.ERIBULIN-EXTRALOW",85.5999299157877,-59.7791245187049,145.379054434493,64725.837201691,1898.60694475,62827.230256941,17.5071941422112,-0.114278572328934
"REF035.ERIBULIN-LOW",85.5999299157877,-74.7315391358186,160.331469051606,64725.837201691,3645.997307,61079.839894691,-50.0411747454694,-0.0951568398074087
"REF035.PACLITAXEL",86.9122536147546,76.8627465808328,10.0495070339219,25224.8358208551,11823.2156275,13401.6201933551,-11.3261317213768,-0.0226734475027515
"REF035.PACLITAXEL-15DAILY",85.5999299157877,67.4027096589519,18.1972202568358,64725.837201691,17177.0702835,47548.766918191,20.4637982435744,-0.0154751192335292
"REF035.PQ-1-6",87.3904905534929,-79.535643827844,166.926134381337,14957.2641429031,1780.006725575,13177.2574173281,16.1316330004374,-0.129416648761893
"REF035.PQ-1-6-VEHICLE",87.3294189652218,-31.2102733328375,118.539692298059,8321.04967750136,2673.28843,5647.76124750136,7.1645258182435,-0.0684400623386141
"REF035.SACITUZAMAB-GOVITECAN",85.5999299157877,-71.2589360516596,156.858865967447,64725.837201691,2741.88619483333,61983.9510068576,18.5423260728143,NA
"REF035.TRASTUZUMAB-CONTROL",85.7432246540752,85.0176423036223,0.72558235045291,39013.5112463524,38485.7856022098,527.725644142607,5.0724507950211,-0.0130003203205396
"REF035.TRASTUZUMAB-DERUXTECAN",85.3894422522395,70.1227385020254,15.2667037502141,55422.1498344965,16113.170761,39308.9790734965,6.8149879854288,-0.0195567197456169
"REF035_P3_945_200603_RES.BMN-673",NA,82.8751915374897,NA,NA,17353.737128,NA,NA,NA
"REF035_P3_945_200603_RES.CARBOPLATIN",NA,87.2117210514579,NA,NA,17419.80991875,NA,NA,NA
"REF035_P3_945_200603_RES.CDX-011",NA,87.5059480007526,NA,NA,13961.19516775,NA,NA,NA
"REF035_P3_945_200603_RES.CFI-400945",NA,71.7348571020735,NA,NA,35457.222823,NA,NA,NA
"REF035_P3_945_200603_RES.CFI-400945-52WEEKLY",NA,37.2016144462132,NA,NA,20579.35015825,NA,NA,NA
"REF035_P3_945_200603_RES.CFI-402257",NA,84.9450011724595,NA,NA,11922.806694,NA,NA,NA
"REF035_P3_945_200603_RES.CX-5461",NA,84.887546989193,NA,NA,7695.10835825,NA,NA,NA
"REF035_P3_945_200603_RES.ERIBULIN-LOW",NA,22.9802383750431,NA,NA,50257.62031835,NA,NA,NA
"REF035_P3_945_200603_RES.PACLITAXEL",NA,86.1522313797127,NA,NA,10036.90481375,NA,NA,NA
"REF035_P5_ERIBLD_210603_RES.BMN-673",89.5232832932258,87.8081898599978,1.71509343322793,31790.531100625,10069.64866425,21720.882436375,13.3029531274875,-0.0265511158818142
"REF035_P5_ERIBLD_210603_RES.CARBOPLATIN",89.5232832932258,89.0261002123225,0.49718308090327,31790.531100625,14977.3180555,16813.213045125,7.50379847023967,0.0143921642337432
"REF035_P5_ERIBLD_210603_RES.CDX-011",89.5232832932258,87.6923737845841,1.83090950864162,31790.531100625,7559.06199375,24231.469106875,10.3007124257668,-0.024676685285711
"REF035_P5_ERIBLD_210603_RES.CFI-400945",89.4911428150054,88.2689376080052,1.22220520700024,29001.9600107083,10310.33822075,18691.6217899583,7.74550246244511,-0.0253624656802037
"REF035_P5_ERIBLD_210603_RES.CFI-400945-52WEEKLY",89.5073768669945,-56.4387288162981,145.946105683293,5940.05872748214,1135.9779255,4804.08080198214,3.64601449327547,-0.179737216882471
"REF035_P5_ERIBLD_210603_RES.CFI-402257",89.5232832932258,88.9418899154077,0.581393377818046,31790.531100625,14182.16420625,17608.366894375,7.13930724609336,0.0126344405426268
"REF035_P5_ERIBLD_210603_RES.CFI-402257-3ON4OFF+PACLITAXEL",89.5232832932258,88.6365750734326,0.886708219793192,31790.531100625,10814.06705975,20976.464040875,11.4908037057188,-0.00496847324955394
"REF035_P5_ERIBLD_210603_RES.ERIBULIN",89.5232832932258,87.5807206253529,1.94256266787285,31790.531100625,6997.682599,24792.848501625,8.95790662427305,-0.0242083606618576
"REF035_P5_ERIBLD_210603_RES.ERIBULIN-LOW",89.5232832932258,88.2760067798694,1.24727651335634,31790.531100625,12265.7409570278,19524.7901435972,12.8216221276343,-0.0319872358942189
"REF035_P5_ERIBLD_210603_RES.PACLITAXEL",89.4911428150054,88.412353983986,1.0787888310194,29001.9600107083,17871.7727055,11130.1873052083,-9.0092077623553,-0.036634515651536
"REF036.ABT-263",86.3185202590861,81.3811295694123,4.93739068967382,13938.4908491341,4846.6093365,9091.88151263407,1.40833228599004,0.00551133062911565
"REF036.ADC-CONTROL",87.4788824475197,85.5345623751631,1.94432007235665,10954.8419381603,6485.74307675,4469.09886141031,-0.117486433415319,0.00386654951377181
"REF036.AZD-5305",83.7285164689364,77.9577467432036,5.77076972573279,30507.8079286218,12984.2516055,17523.5563231218,0.641267940668718,0.00231010135103594
"REF036.AZD-8205",86.145149043537,84.6413963875986,1.50375265593833,14464.3307764893,7504.5663755,6959.76440098931,-0.495702849463039,-0.0120899472997846
"REF036.BMN-673",84.9455293905646,73.9066295548746,11.03889983569,18619.4078077617,7176.34330854167,11443.06449922,2.6133083018597,-0.00931926714787855
"REF036.CARBOPLATIN",85.1702122827757,83.2389541187059,1.93125816406982,17687.1822371188,11963.2746665,5723.90757061883,2.49522901862216,-0.0127150505402099
"REF036.CDX-011",83.2778978840857,-67.788527238176,151.066425122262,59533.3063036218,9341.05553725,50192.2507663718,20.0645849990484,-0.0571577931988167
"REF036.CFI-400945",84.3058567428004,-11.0227771072306,95.328633850031,164766.757774622,26551.3429808843,138215.414793738,38.1394477669239,-0.00870252055333886
"REF036.CFI-400945-41.6WEEKLY",83.2958062754608,79.3901786447829,3.90562763067786,73274.4288036218,29122.7165215,44151.7122821218,1.2868637461507,-0.00859954489249017
"REF036.CFI-400945-52WEEKLY",84.3058567428004,2.59246290063905,81.7133938421614,164766.757774622,25999.8315285,138766.926246122,40.1426587668264,-0.0135766482377008
"REF036.CFI-402257",84.2087943149503,66.3390916257837,17.8697026891666,25368.8337253718,8101.398025,17267.4357003718,2.23456419847972,-0.0134463580045549
"REF036.CFI-402257-3ON4OFF",87.4788824475197,85.5326475883215,1.94623485919819,10954.8419381603,6235.17552,4719.66641816031,-1.05055112887987,0.00577505758698167
"REF036.CFI-402257-3ON4OFF+PACLITAXEL",83.2958062754608,45.1286451405303,38.1671611349305,73274.4288036218,14236.062666,59038.3661376218,5.58698399811349,-0.0104207876513099
"REF036.CFI-402257-HD+PACLITAXEL",83.4026235551105,67.916584373583,15.4860391815275,104780.090421622,23517.772277,81262.3181446218,6.61650525710316,NA
"REF036.CX-5461",84.9455293905646,80.7754208295001,4.17010856106451,18619.4078077617,8765.9850875,9853.42272026168,1.21151682984791,-0.00844709421085511
"REF036.ERIBULIN",84.3058567428004,-51.5714922397776,135.877348982578,164766.757774622,9212.28814825,155554.469626372,46.1327955353978,-0.00418979515057653
"REF036.ERIBULIN-LOW",84.3058567428004,-12.9686484141234,97.2745051569238,164766.757774622,13187.79063925,151578.967135372,20.2693536801636,0.00693942381296486
"REF036.FLUVASTATIN+TERBINIFINE",87.0266988217679,29.9671600810087,57.0595387407591,11953.4983982642,2684.2862223881,9269.21217587611,2.44955944747601,-0.0247990906727133
"REF036.PACLITAXEL",84.3058567428004,-45.7328728454028,130.038729588203,164766.757774622,18832.4358986589,145934.321875963,273.271983580047,NA
"REF036.PACLITAXEL-15DAILY",83.2821113540811,44.682381666106,38.599729687975,83912.2159896218,21693.9183507,62218.2976389218,7.12542191141344,-0.0149277211461733
"REF036.PEG400",87.0266988217679,71.6259417469795,15.4007570747883,11953.4983982642,3322.42419415,8631.07420411421,2.39124586483518,-0.0253309615024256
"REF036.PQ-1-6",86.145149043537,-82.518452774118,168.663601817655,14464.3307764893,1377.980014125,13086.3507623643,5.9414332965006,-0.111358761903389
"REF036.PQ-1-6-VEHICLE",86.145149043537,73.315670137131,12.829478906406,14464.3307764893,4943.47757888393,9520.85319760539,2.22962831665815,-0.0345746544742705
"REF036.TRASTUZUMAB-CONTROL",83.2958062754608,-22.1011733517382,105.396979627199,73274.4288036218,12473.3856095,60801.0431941218,9.15231816092421,-0.0233554737021044
"REF036.TRASTUZUMAB-DERUXTECAN",84.3058567428004,-66.7754261790418,151.081282921842,164766.757774622,3930.03119575,160836.726578872,34.7801272760305,-0.0770079643122378
"REF036_P1_945LD_191119_RES.CFI-400945-5DAILY",82.4073723288023,28.6053968775562,53.8019754512461,5642.8612365,2956.9029825,2685.958254,22.3972605254294,-0.0313239055226032
"REF036_P1_ERIBLD_191212_RES.BMN-673",88.8390975406128,78.9163064325477,9.9227911080651,36655.935439,7000.2704,29655.665039,43.28577443657,-0.0408584699523169
"REF036_P1_ERIBLD_191212_RES.CARBOPLATIN",88.7113070291877,83.9738117390938,4.73749529009392,23112.54161,11195.678179,11916.863431,58.7697716805487,-0.0365065133526651
"REF036_P1_ERIBLD_191212_RES.CDX-011",88.7113070291877,81.711619491265,6.99968753792268,23112.54161,9222.75816625,13889.78344375,20.7255721753489,-0.0399046910861384
"REF036_P1_ERIBLD_191212_RES.CFI-400945",88.7113070291877,86.8687796372376,1.84252739195007,23112.54161,13786.84335125,9325.69825875,41.4373483497569,-0.0260714904536451
"REF036_P1_ERIBLD_191212_RES.CFI-402257",88.8390975406128,-34.0022750732675,122.84137261388,36655.935439,3047.1768825,33608.7585565,21.457675245863,-0.0576838649275336
"REF036_P1_ERIBLD_191212_RES.ERIBULIN",88.8390975406128,86.5720383625979,2.2670591780149,36655.935439,18953.498585,17702.436854,-21.211273764783,-0.0245215934240382
"REF036_P1_ERIBLD_191212_RES.ERIBULIN-LOW",88.8390975406128,88.4265916546146,0.412505885998172,36655.935439,23415.717899,13240.21754,5.58179960390487,0.0121721496864948
"REF036_P1_ERIBLD_191212_RES.PACLITAXEL",88.4522003402506,88.495555386335,-0.0433550460843577,13624.4960465,17281.3885425,-3656.892496,9.57480336702553,-0.00644506074498653
"REF036_P2_945W_200318_RES.BMN-673",NA,86.9071624857574,NA,NA,11930.0299825,NA,NA,NA
"REF036_P2_945W_200318_RES.CARBOPLATIN",NA,84.4998659794271,NA,NA,20764.48356225,NA,NA,NA
"REF036_P2_945W_200318_RES.CDX-011",NA,52.5082527829937,NA,NA,29109.982986,NA,NA,NA
"REF036_P2_945W_200318_RES.CFI-400945-52WEEKLY",NA,63.7848479521835,NA,NA,29419.906692625,NA,NA,NA
"REF036_P2_945W_200318_RES.CFI-402257",NA,83.2596292657488,NA,NA,11987.252899,NA,NA,NA
"REF036_P2_945W_200318_RES.CX-5461",NA,76.5688453571136,NA,NA,13615.610112625,NA,NA,NA
"REF036_P2_945W_200318_RES.ERIBULIN-LOW",NA,-9.80184507001934,NA,NA,12252.97956025,NA,NA,NA
"REF036_P3_945_210218_RES.BMN-673",NA,80.1338445048476,NA,NA,11393.96480525,NA,NA,NA
"REF036_P3_945_210218_RES.CARBOPLATIN",NA,85.7445925006662,NA,NA,10439.117631,NA,NA,NA
"REF036_P3_945_210218_RES.CDX-011",NA,49.0087516061916,NA,NA,10599.3423245,NA,NA,NA
"REF036_P3_945_210218_RES.CFI-400945",NA,79.9463118855,NA,NA,48160.514403125,NA,NA,NA
"REF036_P3_945_210218_RES.CFI-400945-6DAILY",NA,54.3557466663135,NA,NA,29039.4014705,NA,NA,NA
"REF036_P3_945_210218_RES.CFI-402257",NA,76.1886690703251,NA,NA,8517.88050075,NA,NA,NA
"REF036_P3_945_210218_RES.CX-5461",NA,79.7591146410344,NA,NA,9810.1392985,NA,NA,NA
"REF036_P3_945_210218_RES.ERIBULIN-LOW",NA,41.5076966875962,NA,NA,19323.1899915,NA,NA,NA
"REF036_P5_945W80%_210324_RES.BMN-673",NA,74.4785097048439,NA,NA,8661.1297,NA,NA,NA
"REF036_P5_945W80%_210324_RES.CFI-400945-41.6WEEKLY",NA,41.2650347990928,NA,NA,35859.7976795,NA,NA,NA
"REF036_P5_945W80%_210324_RES.CFI-402257",NA,81.346545192661,NA,NA,5982.82011,NA,NA,NA
"REF036_P5_945W80%_210324_RES.CX-5461",NA,88.2322348381126,NA,NA,19309.22691475,NA,NA,NA
"REF036_P7_945W_220208_RES.CARBOPLATIN",NA,81.0448110385159,NA,NA,26521.9066435,NA,NA,NA
"REF036_P7_945W_220208_RES.CDX-011",NA,77.9279154605028,NA,NA,16982.283263,NA,NA,NA
"REF036_P7_945W_220208_RES.CFI-400945",NA,75.3101758656606,NA,NA,20744.98627975,NA,NA,NA
"REF036_P7_945W_220208_RES.CFI-400945-52WEEKLY",NA,58.6226757598982,NA,NA,44893.2550948333,NA,NA,NA
"REF037.BMN-673",88.620149950608,84.5861333134838,4.03401663712418,25140.600438,8303.2905485,16837.3098895,16.6773137135481,-0.00264521923006878
"REF037.CARBOPLATIN",85.5265311405226,88.4442487967048,-2.91771765618213,5540.8087445,9867.639665,-4326.8309205,-2.13262688613897,0.0501929083059143
"REF037.CDX-011",85.5265311405226,88.8307311853715,-3.3042000448489,5540.8087445,18897.7960665,-13356.987322,80.7879705881582,0.0279747328354873
"REF037.CFI-400945",88.620149950608,76.9480622502685,11.6720877003395,25140.600438,5733.207808,19407.39263,17.6689090909091,-0.0367303045176427
"REF037.CFI-400945-52WEEKLY",88.620149950608,-48.4796256085454,137.099775559153,25140.600438,6374.292981,18766.307457,-102.125954573581,-0.051740258791824
"REF037.CFI-402257",88.620149950608,84.446941782477,4.173208168131,25140.600438,12959.728016,12180.872422,-23.0039280450299,-0.0210526752291348
"REF037.CFI-402257-3ON4OFF+PACLITAXEL",86.6213542288328,83.9642487942245,2.65710543460825,10317.7928445,8169.351802,2148.4410425,4.92834446961558,-0.0283882224565672
"REF037.CX-5461",88.620149950608,79.3060133475519,9.3141366030561,25140.600438,9939.85687525,15200.74356275,-136.531584892037,-0.0353414663667761
"REF037.PACLITAXEL",88.620149950608,87.1505894220706,1.46956052853739,25140.600438,16226.04231425,8914.55812375,17.594037829917,-0.0164999266585105
"REF038.AZD-8205",NA,-18.0914976385502,NA,NA,1344.25228975,NA,NA,NA
"REF039.BMN-673",73.3799258266087,34.099100583921,39.2808252426877,13200.82399825,7614.28073275,5586.5432655,29.5907763881459,-0.00829016009931471
"REF039.CFI-402257+PACLITAXEL",68.9898257974927,51.769848748188,17.2199770493047,7588.70808625,4605.44964825,2983.258438,1.7533221771157,0.000679716231789786
"REF039.CFI-402257-3ON4OFF",73.3799258266087,78.4290621803486,-5.04913635373987,13200.82399825,12670.1135665,530.710431749998,-3.99048228587956,0.0108707981809
"REF039.ERIBULIN",73.3799258266087,73.245870898001,0.134054928607725,13200.82399825,16470.075216,-3269.25121775,1.11810206217591,0.000829192453242056
"REF041.BMN-673",79.4038117445511,49.2321151955496,30.1716965490016,35014.25859625,19194.9308387222,15819.3277575278,233.546546168225,-0.0136497838415154
"REF041.CARBOPLATIN",79.4038117445511,69.8878189964103,9.51599274814087,35014.25859625,27809.281514,7204.97708225,-10.3035557604187,-0.0101119225138066
"REF041.CDX-011",76.0185922702303,56.8515989186569,19.1669933515734,21049.30455225,9559.87623625,11489.428316,3.34175199359881,-0.00853190429337432
"REF041.CFI-400945",79.4038117445511,-24.629225273802,104.033037018353,35014.25859625,8135.78617771053,26878.4724185395,11.3167200080471,-0.031650326828938
"REF041.CFI-400945-52WEEKLY",79.4038117445511,62.6513811620408,16.7524305825104,35014.25859625,14461.08886025,20553.169736,10.9886043145953,-0.0129221835477443
"REF041.CFI-402257",79.4038117445511,47.4226814247878,31.9811303197633,35014.25859625,12916.145998,22098.11259825,8.60980846048581,-0.00757240116475444
"REF041.CFI-402257-3ON4OFF",77.7677027748142,84.4144585078292,-6.64675573301496,24679.4185776786,42700.89769075,-18021.4791130714,-30.8364442110642,0.00256104362456631
"REF041.CFI-402257-3ON4OFF+PACLITAXEL",79.4038117445511,-46.4683552376143,125.872166982165,35014.25859625,4292.48612125,30721.772475,9.68938879632524,-0.0496071706613797
"REF041.CX-5461",60.3742337931381,68.4446198859697,-8.07038609283154,8460.78048441667,7388.5908945,1072.18958991667,0.299877985791183,0.00277452691715202
"REF041.ERIBULIN-LOW",79.4038117445511,-70.9221310319107,150.325942776462,35014.25859625,3631.99062225,31382.267974,38.110026212298,NA
"REF041.PACLITAXEL",79.4038117445511,-60.6701447311401,140.073956475691,35014.25859625,5770.01096922222,29244.2476270278,28.3227872669486,NA
"REF042.BMN-673",NA,74.2993744792199,NA,NA,19532.53159275,NA,NA,NA
"REF042.CARBOPLATIN",NA,87.0295542108442,NA,NA,18005.70930725,NA,NA,NA
"REF042.CDX-011",NA,81.3972175298964,NA,NA,9054.66219725,NA,NA,NA
"REF042.CFI-400945-52WEEKLY",NA,87.084545165269,NA,NA,1319.8183525,NA,NA,NA
"REF042.CFI-402257-3ON4OFF+PACLITAXEL",NA,54.4212376642744,NA,NA,29510.57664925,NA,NA,NA
"REF042.CX-5461",NA,79.3081476553309,NA,NA,13178.98277725,NA,NA,NA
"REF042_P2_CDX_230104_RES.BMN-673",85.7934971300354,7.50506378177901,78.2884333482564,9036.42849775,3995.07036025,5041.3581375,-15.3945820098114,-0.0478393951975511
"REF042_P2_CDX_230104_RES.CARBOPLATIN",85.7934971300354,85.5782426151473,0.215254514888116,9036.42849775,9130.16202475,-93.7335269999985,-3.75402357034419,-0.0213806112906224
"REF042_P2_CDX_230104_RES.CDX-011",85.7934971300354,82.5998860567359,3.19361107329955,9036.42849775,6523.51716991071,2512.91132783929,52.748361613743,-0.0362379689075656
"REF042_P2_CDX_230104_RES.CFI-400945",85.7934971300354,-62.3827897158945,148.17628684593,9036.42849775,3732.05051125,5304.3779865,-14.9694879295785,-0.0724702598338913
"REF042_P2_CDX_230104_RES.CFI-402257",83.6709324896322,86.4347561261513,-2.76382363651916,3525.82111525,6589.175275,-3063.35415975,3.65150364122502,-0.00531178311065245
"REF043.BMN-673",87.3935771751832,-80.3064094293766,167.69998660456,22555.1693323522,4596.14550875,17959.0238236022,-9.21006583331382,-0.113082485298762
"REF043.CARBOPLATIN",87.7608016773022,86.3648788363621,1.3959228409401,20955.3440923522,17032.4101615,3922.93393085218,-42.4210879292559,-0.0263009253741751
"REF043.CDX-011",87.7663988996274,88.259826605361,-0.493427705733637,15258.6643983522,21310.401634,-6051.73723564782,2.95678132860636,-0.00769188541387953
"REF043.CFI-400945-52WEEKLY",87.3935771751832,76.3266218776813,11.0669552975019,22555.1693323522,5002.65573125,17552.5136011022,3.77236014086075,-0.0354739043775112
"REF043.CFI-400945-5DAILY",87.8078176503051,86.9679325899658,0.839885060339341,10200.0795969772,11830.25180225,-1630.17220527282,1.57190367653495,-0.0134024062162018
"REF043.CFI-402257",87.3935771751832,67.4992320904532,19.89434508473,22555.1693323522,6708.490702,15846.6786303522,25.8933410924242,-0.0425804022357886
"REF043.CFI-402257-3ON4OFF",88.1204379239645,86.7896618439609,1.33077608000367,8971.1572251369,5579.696356,3391.4608691369,5.43655907985292,0.00340616504913367
"REF043.CFI-402257-3ON4OFF+PACLITAXEL",87.3935771751832,-82.2841307039685,169.677707879152,22555.1693323522,914.163822,21641.0055103522,7.27348600443117,-0.379772325917188
"REF043.CX-5461",87.3935771751832,80.4970264345043,6.89655074067889,22555.1693323522,8307.418474,14247.7508583522,-8.17785258571112,-0.0360652718607486
"REF043.ERIBULIN-LOW",87.3935771751832,57.778135654552,29.6154415206312,22555.1693323522,5516.667085,17038.5022473522,8.92174367599075,-0.0469597981041753
"REF043.PACLITAXEL",87.3935771751832,-77.5484991680874,164.942076343271,22555.1693323522,2140.929474875,20414.2398574772,14.2552997798521,-0.229271499645977
"REF043.TRASTUZUMAB-CONTROL",87.3935771751832,-75.4375211869136,162.831098362097,22555.1693323522,1673.817585,20881.3517473522,8.51583997644057,-0.135145218587489
"REF043.TRASTUZUMAB-DERUXTECAN",87.3935771751832,-82.4628735821053,169.856450757288,22555.1693323522,1799.502517,20755.6668153522,412.091139557585,-0.18294304159676
"REF043_P1_945_210625_RES.BMN-673",77.11602555315,-56.8896153176907,134.005640870841,24801.834347,2736.743822,22065.090525,-123.597478103616,-0.065899864942188
"REF043_P1_945_210625_RES.CFI-400945",82.7163351064738,79.552255582119,3.16407952435482,3986.3319505,5458.3457415,-1472.013791,-1.30533344759437,-0.0369289189690776
"REF043_P1_945_210625_RES.CFI-402257",81.2791808459703,79.1082696915185,2.17091115445183,5727.6530845,5218.669528,508.9835565,2.64447207436624,-0.00498698764412555
"REF043_P1_BMN_210901_RES.BMN-673",88.5172816389193,-15.8654468555704,104.38272849449,12513.52363225,2871.689586625,9641.834045625,11.7502114389809,-0.0791669216359496
"REF043_P1_BMN_210901_RES.CFI-400945",88.5172816389193,84.1680097020586,4.3492719368607,12513.52363225,6017.088458425,6496.435173825,32.0702554766962,-0.0347786901620768
"REF043_P3_TTK/TAX_220413_RES.CARBOPLATIN",75.4826338048378,-76.2518732106428,151.734507015481,9007.65346775,1532.65695775,7474.99651,4.0929062179722,-0.193027628738956
"REF043_P3_TTK/TAX_220413_RES.CFI-402257-3ON4OFF+PACLITAXEL",75.4826338048378,68.8341822641818,6.64845154065603,9007.65346775,6297.9791235,2709.67434425,1.6950835236956,-0.00243760657454111
"REF044.BMN-673",88.5196044132866,88.2798012896738,0.239803123612788,18559.9755976177,14913.607697,3646.36790061768,-1.58183150442905,-0.00200536359987756
"REF044.CARBOPLATIN",88.3705466544871,87.5917364987498,0.778810155737276,22605.587268416,14864.72708275,7740.86018566596,0.596375944496741,0.00331793880521264
"REF044.CDX-011",88.5417694529842,-54.9074331196586,143.449202572643,51650.0824457351,8611.7082045,43038.3742412351,27.3360364109235,NA
"REF044.CFI-400945",88.5417694529842,78.1568820045541,10.3848874484301,51650.0824457351,10726.175379525,40923.9070662101,13.3056537746047,-0.0379566366140423
"REF044.CFI-400945-41.6WEEKLY",88.8386034600312,88.9581533272513,-0.119549867220158,8247.63026126554,7192.558406,1055.07185526554,0.775300607986298,0.0371846274167056
"REF044.CFI-400945-52WEEKLY",88.5417694529842,-60.0804347955478,148.622204248532,51650.0824457351,6732.98684492857,44917.0956008065,19.3650631315218,-0.0825089142844469
"REF044.CFI-400945-5DAILY",88.2788170280099,83.3435672068548,4.93524982115514,30979.5000218349,7748.776478,23230.7235438349,4.03845117036557,-0.00735997023228382
"REF044.CFI-402257-3ON4OFF",88.434609195477,87.7280548585145,0.706554336962455,21565.0626928963,13177.768706369,8387.2939865272,2.56827267344675,0.00990435836633238
"REF044.CFI-402257-3ON4OFF+PACLITAXEL",88.5417694529842,65.1833503755128,23.3584190774715,51650.0824457351,7565.85498538095,44084.2274603541,14.5040782736285,-0.0428679306758321
"REF044.CFI-402257-3ON4OFF+PACLITAXEL-15DAILY",88.3705466544871,81.2876673798656,7.0828792746215,22605.587268416,7454.311928,15151.275340416,5.05927301968029,-0.0288010533929701
"REF044.CX-5461",88.5417694529842,84.1366712738376,4.40509817914663,51650.0824457351,15472.4308351667,36177.6516105684,12.5421254154646,-0.00129282660679339
"REF044.ERIBULIN",88.5417694529842,-82.1792816747181,170.721051127702,51650.0824457351,2461.13929925,49188.9431464851,25.5632367881542,NA
"REF044.ERIBULIN-EXTRALOW",88.5417694529842,-26.0820582581254,114.62382771111,51650.0824457351,9257.35031725,42392.7321284851,21.8848450464008,-0.0678534706998231
"REF044.ERIBULIN-LOW",88.5417694529842,34.5124918363432,54.029277616641,51650.0824457351,10878.7528044392,40771.3296412958,35.2567021521811,-0.0639055973610507
"REF044.PACLITAXEL",88.5417694529842,73.8916862674875,14.6500831854967,51650.0824457351,15198.3422150613,36451.7402306738,51.8118260460131,-0.0727122084920074
"REF044.PACLITAXEL-15DAILY",88.5417694529842,84.0104808215777,4.53128863140651,51650.0824457351,17171.89879925,34478.1836464851,21.8197253688125,-0.0192401684219034
"REF044_P1_ERIB_210122_RES.BMN-673",87.4775345604829,82.1332285449046,5.34430601557821,5595.87202925,4263.353913,1332.51811625,-2.63237238518664,-0.0526052649277959
"REF044_P1_ERIB_210122_RES.CARBOPLATIN",87.4775345604829,88.3212433124733,-0.843708751990476,5595.87202925,7750.1294905,-2154.25746125,14.8575632262678,0.00398382730612294
"REF044_P1_ERIB_210122_RES.CDX-011",87.4775345604829,78.0192778309188,9.45825672956407,5595.87202925,2523.886494,3071.98553525,-41.7815808393722,-0.065035305960208
"REF044_P1_ERIB_210122_RES.CFI-400945",87.4775345604829,87.5550343448931,-0.0774997844102643,5595.87202925,3776.926528,1818.94550125,-0.94416169970979,-0.024131254404444
"REF044_P1_ERIB_210122_RES.CFI-400945-52WEEKLY",87.4775345604829,83.4286611277952,4.04887343268767,5595.87202925,5430.52572425,165.346305,-9.01325491101875,-0.0698480439456307
"REF044_P1_ERIB_210122_RES.CFI-402257",87.4775345604829,82.6560505337211,4.82148402676178,5595.87202925,2404.453308,3191.41872125,-4.1877154509745,-0.0559799922760267
"REF044_P1_ERIB_210122_RES.CX-5461",87.4775345604829,87.6287880001854,-0.151253439702572,5595.87202925,5825.4431035,-229.57107425,5.71175078098655,0.00196537422546448
"REF044_P1_ERIB_210122_RES.ERIBULIN-LOW",87.4775345604829,-43.2428008160869,130.72033537657,5595.87202925,3271.2951495,2324.57687975,-4.12515657614061,-0.102627524404819
"REF044_P1_ERIB_210122_RES.PACLITAXEL",87.4775345604829,86.8629818001595,0.614552760323392,5595.87202925,5788.58522975,-192.7132005,-1.49415586486976,-0.0245064623229683
"REF044_P1_TTK+TAX_210707_RES.CFI-400945-52WEEKLY",NA,85.6651925157314,NA,NA,15727.6295025,NA,NA,NA
"REF044_P1_TTK+TAX_210707_RES.CFI-402257",NA,83.6704700410213,NA,NA,9034.917047,NA,NA,NA
"REF044_P1_TTK+TAX_210707_RES.CFI-402257-3ON4OFF+PACLITAXEL",NA,21.2628630025472,NA,NA,59106.0534635,NA,NA,NA
"REF044_P1_TTK/TAX_210707_RES.BMN-673",84.0473592331663,86.5557161415496,-2.50835690838325,6108.910534,9916.466825,-3807.556291,2.53921997516017,-0.00387991606484223
"REF044_P1_TTK/TAX_210707_RES.CARBOPLATIN",84.0473592331663,87.4330273396987,-3.38566810653239,6108.910534,12866.8037665,-6757.8932325,9.37301451585176,0.0042567539828932
"REF044_P1_TTK/TAX_210707_RES.CDX-011",84.0473592331663,-80.2733499233799,164.320709156546,6108.910534,1274.2016,4834.708934,-12.2927582418883,NA
"REF044_P1_TTK/TAX_210707_RES.CFI-400945",84.0473592331663,83.3253321200709,0.722027113095393,6108.910534,6591.364026,-482.453492000001,-4.59826894895466,-0.0199502489194865
"REF044_P1_TTK/TAX_210707_RES.CFI-402257-3ON4OFF+PACLITAXEL",84.0473592331663,87.033478249379,-2.98611901621261,6108.910534,15016.8258085,-8907.9152745,1.83216754662054,-0.00961833276974041
"REF044_P1_TTK/TAX_210707_RES.ERIBULIN-LOW",84.0473592331663,-72.1826180934568,156.229977326623,6108.910534,1178.576976,4930.333558,24.9966407523934,-0.239666299183401
"REF044_P1_TTK/TAX_210707_RES.PACLITAXEL",84.0473592331663,81.3883977155112,2.65896151765516,6108.910534,6437.74785375,-328.83731975,-2.9068120864275,-0.0199869711459169
"REF044_P3_TAX_210519_RES.BMN-673",86.5783484324196,48.8509620394279,37.7273863929917,13590.80034975,3971.902823,9618.89752675,10.7247305420223,-0.0401825691192692
"REF044_P3_TAX_210519_RES.CARBOPLATIN",86.1029421548158,88.0217212678009,-1.91877911298511,8358.87554175,14601.20322625,-6242.3276845,-8.98031382498756,0.0201739118043183
"REF044_P3_TAX_210519_RES.CDX-011",86.5783484324196,88.4944967700514,-1.91614833763187,13590.80034975,15237.311834,-1646.51148425,1.60498044683474,0.00316461151163807
"REF044_P3_TAX_210519_RES.CFI-400945",86.5783484324196,85.890649182773,0.687699249646542,13590.80034975,12281.631802,1309.16854775,-38.0420366986064,-0.00519084057651671
"REF044_P3_TAX_210519_RES.CFI-400945-52WEEKLY",86.5783484324196,87.5808139488227,-1.00246551640313,13590.80034975,20709.53629275,-7118.735943,0.213101771735198,-0.0203458233239491
"REF044_P3_TAX_210519_RES.CFI-402257",86.5783484324196,75.5428774250151,11.0354710074045,13590.80034975,6730.162587,6860.63776275,17.3288391658401,-0.0343284136396924
"REF044_P3_TAX_210519_RES.ERIBULIN",86.5783484324196,-74.6796735102118,161.258021942631,13590.80034975,1850.15739925,11740.6429505,22.6063153193557,-0.0899144922428296
"REF044_P3_TAX_210519_RES.ERIBULIN-LOW",86.5783484324196,78.7337928973365,7.84455553508309,13590.80034975,15007.41435425,-1416.6140045,-0.518416924215943,-0.0415424134249944
"REF044_P3_TAX_210519_RES.PACLITAXEL",86.5783484324196,84.7149804660654,1.86336796635413,13590.80034975,12474.43522,1116.36512975,-3.80361356914204,-0.0178787611332454
"REF045.CFI-400945",87.4824745982095,-58.8910573957001,146.37353199391,25082.8398225,3449.377943,21633.4618795,31.9930765863562,-0.182409344045508
"REF047.ADC-CONTROL",85.9503789240639,78.5719734347626,7.37840548930122,47439.3649109727,20185.5982171875,27253.7666937852,7.63634325847824,-0.0165478944375534
"REF047.AZD-5305",86.3189341753208,82.0425052658409,4.27642890947988,35144.3156954102,19884.6608248958,15259.6548705144,2.15205175175072,-0.00236934331853438
"REF047.AZD-8205",85.9503789240639,-71.2647048512068,157.215083775271,47439.3649109727,2391.61107716667,45047.753833806,40.0653657106352,NA
"REF047.BMN-673",86.8891305173143,87.0908220733513,-0.201691556036991,27874.8246024904,28326.0565136935,-451.231911203078,-6.7380719602007,0.00713583483406688
"REF047.CARBOPLATIN",86.8351412214248,83.0465133529824,3.78862786844238,30711.81342631,16146.8623355417,14564.9510907684,11.7419766953737,-0.00577546992453383
"REF047.CDX-011",86.1927352889841,81.1689886023444,5.02374668663973,35803.1818101394,24055.21114425,11747.9706658894,0.789767180400076,-0.0302003353269653
"REF047.CFI-400945",86.8891305173143,85.9781407474336,0.9109897698807,27874.8246024904,25950.884367375,1923.94023511538,-2.94239743726143,-0.0110820272576222
"REF047.CFI-400945-52WEEKLY",87.1234860841348,83.6037444564678,3.51974162766699,18516.3510864911,11298.010594,7218.3404924911,34.6176093059242,-0.0207940224929433
"REF047.CFI-402257",86.8891305173143,82.0695567430962,4.81957377421814,27874.8246024904,15082.8001255,12792.0244769904,36.0021377278685,-0.0173565336196544
"REF047.CFI-402257-3ON4OFF+PACLITAXEL",85.9503789240639,-26.4575063219313,112.407885245995,47439.3649109727,4484.33825975,42955.0266512227,12.8369547085743,-0.0533640273982031
"REF047.CX-5461",87.2964362136449,81.5492901262522,5.74714608739269,13104.6729870346,7669.83743675,5434.83555028461,36.1670265983178,-0.0175203089273864
"REF047.DATOPOTAMAB-CONTROL",86.6083179288937,86.7504127310318,-0.142094802138047,32256.5245490144,28997.7376095337,3258.78693948065,-11.6383471662095,0.0107952979551553
"REF047.DATOPOTAMAB-DERUXTECAN",85.9503789240639,-58.0699610745021,144.020339998566,47439.3649109727,4881.68389737808,42557.6810135946,20.7040767720141,-0.0734190982236208
"REF047.ERIBULIN",85.9503789240639,-67.6613798125443,153.611758736608,47439.3649109727,6529.2271055,40910.1378054727,-20750.9218895236,-0.0911123124470363
"REF047.ERIBULIN-LOW",85.9503789240639,-49.1906384778695,135.141017401933,47439.3649109727,6094.48476771428,41344.8801432584,21.1530739753481,-0.0717514395920442
"REF047.PACLITAXEL",85.9503789240639,-57.9940987547695,143.944477678833,47439.3649109727,9388.9301935,38050.4347174727,-41.0434580141428,-0.0787698301859048
"REF047.PQ-1-6",87.2911649158659,71.8921981339105,15.3989667819554,11604.5297241488,5054.08573383333,6550.44399031546,17.1759394946689,-0.0445295152163132
"REF047.PQ-1-6-VEHICLE",87.2911649158659,86.5588259711076,0.73233894475834,11604.5297241488,10944.3354020714,660.194322077361,33.8870485791283,-0.0151417573662984
"REF047.SACITUZAMAB-GOVITECAN",85.9503789240639,71.9445421357679,14.005836788296,47439.3649109727,13580.5454359446,33858.8194750281,9.1290078814033,-0.0241065565527214
"REF047.TRASTUZUMAB-CONTROL",86.0773873607644,84.4396321100674,1.637755250697,37177.4095019727,29679.303868125,7498.10563384771,-1.1479317071333,-0.0146562344030738
"REF047.TRASTUZUMAB-DERUXTECAN",85.9503789240639,60.0491798654546,25.9011990586093,47439.3649109727,19608.6734885134,27830.6914224593,-138.641279655323,-0.0515799892837273
"REF047_P1_ERIBLD_210107_RES.BMN-673",79.4707097601987,85.689145827355,-6.21843606715626,5086.84223,8036.34526975,-2949.50303975,38.9407700276469,0.0270852431047702
"REF047_P1_ERIBLD_210107_RES.CARBOPLATIN",79.4707097601987,86.7908580998611,-7.32014833966237,5086.84223,11676.56146275,-6589.71923275,8.18339882975689,0.0197084642143741
"REF047_P1_ERIBLD_210107_RES.CDX-011",79.6942391536697,88.6996507678846,-9.00541161421492,3605.20303075,23204.312942,-19599.10991125,4.79242009056836,0.0262496232603653
"REF047_P1_ERIBLD_210107_RES.CFI-400945",83.4284695752493,81.7851139533499,1.64335562189936,14248.39280575,14318.6309205,-70.23811475,-5.32284103672032,-0.00529655401811875
"REF047_P1_ERIBLD_210107_RES.CFI-400945-52WEEKLY",83.6409382779315,81.7259103609631,1.9150279169684,17909.41189375,20832.971927,-2923.56003325,-0.89800253518797,-0.0150342818279255
"REF047_P1_ERIBLD_210107_RES.CFI-402257",79.4707097601987,83.6196517591874,-4.14894199898872,5086.84223,8693.1210495,-3606.2788195,5.90744147224019,0.0124521697248912
"REF047_P1_ERIBLD_210107_RES.CFI-402257-3ON4OFF",79.6942391536697,86.6386103362738,-6.94437118260414,3605.20303075,9179.30790425,-5574.1048735,6.65389082465596,0.0228144250935243
"REF047_P1_ERIBLD_210107_RES.ERIBULIN-LOW",84.4763154616925,85.2201058809915,-0.743790419298975,23408.325557,27878.5790961167,-4470.25353911667,-10.0518306104727,-0.00360086015937254
"REF047_P1_ERIBLD_210107_RES.PACLITAXEL",84.4763154616925,58.434361561853,26.0419538998395,23408.325557,15677.7271625,7730.5983945,-3.70623567797162,-0.026662806071632
"REF047_P1_ERIBLD_210107_RES.PACLITAXEL-15DAILY",84.4763154616925,76.9008341651802,7.57548129651228,23408.325557,13550.005316,9858.320241,-51.7735337938241,-0.00949721707013899
"REF047_P1_TTK/TAX_220217_RES.BMN-673",NA,83.8464605396653,NA,NA,6135.58035075,NA,NA,NA
"REF047_P1_TTK/TAX_220217_RES.CARBOPLATIN",NA,85.4246608427895,NA,NA,16003.2126855,NA,NA,NA
"REF047_P1_TTK/TAX_220217_RES.CDX-011",NA,85.2445696472269,NA,NA,25861.91772125,NA,NA,NA
"REF047_P1_TTK/TAX_220217_RES.CFI-400945",NA,70.3175233509498,NA,NA,24194.6895695,NA,NA,NA
"REF047_P1_TTK/TAX_220217_RES.CFI-400945-52WEEKLY",NA,85.719284080588,NA,NA,13751.920409,NA,NA,NA
"REF047_P1_TTK/TAX_220217_RES.CFI-402257+PACLITAXEL",NA,83.1675411571786,NA,NA,5958.01536925,NA,NA,NA
"REF047_P1_TTK/TAX_220217_RES.CFI-402257-3ON4OFF",NA,86.5281829346782,NA,NA,9804.2055405,NA,NA,NA
"REF047_P1_TTK/TAX_220217_RES.CFI-402257-3ON4OFF+PACLITAXEL",NA,61.2178536742487,NA,NA,55498.1166565238,NA,NA,NA
"REF047_P1_TTK/TAX_220217_RES.CX-5461",NA,79.8650270833599,NA,NA,9651.955428,NA,NA,NA
"REF047_P1_TTK/TAX_220217_RES.ERIBULIN-LOW",NA,66.4020817250733,NA,NA,30829.86748975,NA,NA,NA
"REF047_P1_TTK/TAX_220217_RES.PACLITAXEL",NA,81.3893944693711,NA,NA,29136.98515325,NA,NA,NA
"REF047_P2_ERIB_221026_RES.CFI-400945",NA,77.0765502139244,NA,NA,12653.15582075,NA,NA,NA
"REF047_P2_ERIB_221026_RES.PACLITAXEL",NA,82.4430829157566,NA,NA,8553.424179,NA,NA,NA
"REF047_P2_SG_110124_RES.SACITUZAMAB-GOVITECAN",-3.42302776899852,-61.901007720092,58.4779799510934,1497.31575,1858.113635,-360.797885,0.780755902736991,NA
"REF047_P2_SG_110124_RES.TRASTUZUMAB-DERUXTECAN",-3.42302776899852,NA,NA,1497.31575,NA,NA,NA,NA
"REF047_P2_SG_240111_RES.CARBOPLATIN",85.4223448108015,87.4894686014553,-2.06712379065382,2592.40046702381,4371.99942375,-1779.59895672619,7.84749672039993,0.0210547077046912
"REF047_P2_SG_240111_RES.DATOPOTAMAB-CONTROL",82.605579759023,84.1562925793321,-1.55071282030912,8667.20629511309,9485.3894225,-818.183127386907,9.08445773567443,-0.00285108952181736
"REF047_P2_SG_240111_RES.DATOPOTAMAB-DERUXTECAN",82.8264696818313,-73.0252719251606,155.851741606992,11798.9040609702,2785.06608275,9013.83797822024,-21.7680181065172,-0.0999479855229957
"REF047_P2_SG_240111_RES.PQ-1-6",82.2220079481539,62.8160459554815,19.4059619926724,6409.40204134524,5872.69156602976,536.710475315475,-1.28632785653287,-0.0592004382573646
"REF047_P2_SG_240111_RES.PQ-1-6-VEHICLE",82.2220079481539,86.898317881237,-4.67630993308308,6409.40204134524,13952.3182398333,-7542.9161984881,28.0130861913877,0.00237429170239281
"REF047_P2_SG_240111_RES.SACITUZAMAB-GOVITECAN",82.8264696818313,81.8083087244156,1.01816095741569,11798.9040609702,11779.9642583889,18.939802581348,1.83017069014303,-0.0261790062193556
"REF047_P2_SG_240111_RES.TRASTUZUMAB-CONTROL",82.605579759023,81.0294272658974,1.57615249312565,8667.20629511309,7290.56787675,1376.63841836309,0.959375757455805,-0.00891012541906648
"REF047_P2_SG_240111_RES.TRASTUZUMAB-DERUXTECAN",82.8264696818313,-39.1377726477977,121.964242329629,11798.9040609702,4746.90436075,7051.99970022024,-9.39928525637787,-0.0437744952031886
"REF047_P3_DATO_150424_RES.ADC-CONTROL",83.0119482365227,85.937409571862,-2.92546133533924,3752.95567082143,5371.29695725,-1618.34128642857,7.73596768967479,0.000326261987720514
"REF047_P3_DATO_150424_RES.AZD-8205",83.3956491280927,-80.1106294844914,163.506278612584,4068.392582375,1849.4927395,2218.899842875,-7.8901776522351,-0.172275523279367
"REF047_P3_DATO_150424_RES.BMN-673",83.0119482365227,86.4261458849253,-3.41419764840261,3752.95567082143,6352.233856,-2599.27818517857,5.23374952152417,0.00285513149979979
"REF047_P3_DATO_150424_RES.DATOPOTAMAB-CONTROL",83.3956491280927,84.9731915710734,-1.57754244298071,4068.392582375,4349.67583225,-281.283249875,-6.77554874911862,-0.00070242889491131
"REF047_P3_DATO_150424_RES.DATOPOTAMAB-DERUXTECAN",83.3956491280927,85.2705697514818,-1.87492062338912,4068.392582375,5367.48589315774,-1299.09331078274,17.9980617225176,-0.0310321678821378
"REF047_P3_DATO_150424_RES.SACITUZAMAB-GOVITECAN",81.3337608783251,87.2489550794115,-5.91519420108639,2152.62200839286,5380.85776925,-3228.23576085714,-337.058045212184,0.0391918746365464
"REF047_P3_DATO_150424_RES.TRASTUZUMAB-DERUXTECAN",83.3956491280927,83.7407495403295,-0.345100412236761,4068.392582375,3333.51743275,734.875149625,-30.5417451403706,0.0021512073854002
"REF047_P3_DATO_240415_RES.DATOPOTAMAB-CONTROL",NA,85.1652587169576,NA,NA,8985.906569,NA,NA,NA
"REF047_P3_DATO_240415_RES.DATOPOTAMAB-DERUXTECAN",NA,87.0788934935389,NA,NA,21566.7248985,NA,NA,NA
"REF047_P3_DATO_240415_RES.SACITUZAMAB-GOVITECAN",NA,87.7399423238375,NA,NA,11310.434179125,NA,NA,NA
"REF047_P3_DATO_240415_RES.TRASTUZUMAB-CONTROL",NA,88.1004678811827,NA,NA,4137.704742,NA,NA,NA
"REF047_P3_DATO_240415_RES.TRASTUZUMAB-DERUXTECAN",NA,88.2334638538352,NA,NA,8261.48995125,NA,NA,NA
"REF047_P5_TRAZ_311024_RES.BMN-673",87.04544480281,87.0436658958231,0.00177890698692806,3740.5890694375,7940.307777,-4199.7187075625,3.13429591199806,-0.0342390361893185
"REF047_P5_TRAZ_311024_RES.DATOPOTAMAB-DERUXTECAN",86.395520143191,87.8142898669258,-1.41876972373475,6560.685796,8705.5191625,-2144.8333665,8.4722672174955,-0.00309127076382228
"REF047_P5_TRAZ_311024_RES.SACITUZAMAB-GOVITECAN",85.9145016046424,83.4950531433825,2.41944846125995,9496.656498,6521.56014626786,2975.09635173214,6.60825677530488,-0.0142804704420792
"REF047_P5_TRAZ_311024_RES.TRASTUZUMAB-DERUXTECAN",85.9145016046424,85.6162090097066,0.298292594935774,9496.656498,11127.97076325,-1631.31426525,2.20439828203713,-0.0217333363485039
"REF048.ADC-CONTROL",88.5440081811262,81.8915503676409,6.65245781348536,44284.0708412964,13119.247027,31164.8238142964,70.3652908316985,-0.0682413586223104
"REF048.AZD-5305",88.5440081811262,-81.2482419975776,169.792250178704,44284.0708412964,3193.55314595238,41090.517695344,-66.1590349647444,NA
"REF048.AZD-8205",88.5440081811262,-78.0290186817809,166.573026862907,44284.0708412964,1754.67718104167,42529.3936602547,80.2526949510916,NA
"REF048.BMN-673",88.5440081811262,-75.3205143485318,163.864522529658,44284.0708412964,2658.282325,41625.7885162964,42.6960197401857,-0.2104524471586
"REF048.CARBOPLATIN",88.5440081811262,-70.9402466119639,159.48425479309,44284.0708412964,5313.726012625,38970.3448286714,161.982131803741,-0.148957529114878
"REF048.CDX-011",88.5667271872373,88.5926127601085,-0.0258855728712035,17419.244188713,18087.040721625,-667.796532911969,8.33350477831793,-0.0279116969388688
"REF048.CFI-400945",88.5440081811262,70.2677618472157,18.2762463339105,44284.0708412964,11564.8556325446,32719.2152087517,318.869629145871,-0.0889580042057834
"REF048.CFI-400945-52WEEKLY",88.5440081811262,0.892627686353498,87.6513804947727,44284.0708412964,8266.35753075,36017.7133105464,-350.781832764009,-0.0824863248330956
"REF048.CFI-402257",88.5132206210834,88.4603570537604,0.0528635673230013,24578.4273044214,20476.323402,4102.10390242136,-1.27898523159275,-0.0186812730965237
"REF048.CFI-402257-3ON4OFF",88.5979562176183,88.5479400944318,0.0500161231865093,16466.732732463,14278.389185,2188.34354746303,-6.95822138076739,-0.0185460176979473
"REF048.CFI-402257-3ON4OFF+PACLITAXEL",88.493755851625,86.5384744839711,1.95528136765388,25842.0997512964,16720.144675,9121.95507629636,-2.91478816444642,-0.0587963335002181
"REF048.CX-5461",88.5440081811262,-77.7592732970078,166.303281478134,44284.0708412964,2939.112688,41344.9581532964,57.129397570926,-0.201559345527601
"REF048.DATOPOTAMAB-DERUXTECAN",88.5440081811262,-86.2921037103355,174.836111891462,44284.0708412964,2811.66786375,41472.4029775464,-13.3205818374611,-0.276874679181241
"REF048.ERIBULIN",88.5440081811262,-87.0848200284676,175.628828209594,44284.0708412964,2682.433302,41601.6375392964,-7.94822696091197,NA
"REF048.ERIBULIN-LOW",88.5440081811262,-75.6044907569587,164.148498938085,44284.0708412964,2416.5608505,41867.5099907964,33.1127096318625,-0.227461889618594
"REF048.PACLITAXEL",88.5717454426535,88.7280434897917,-0.156298047138293,20970.0568842755,22039.99205425,-1069.93516997447,2.44549243051805,-0.0273021171491251
"REF048.PQ-1-6",88.5717454426535,-81.8722075367733,170.443952979427,20970.0568842755,3960.75852841667,17009.2983558589,-36.0654242715385,-0.171334316771527
"REF048.SACITUZAMAB-GOVITECAN",88.5440081811262,-80.5087186791872,169.052726860313,44284.0708412964,2013.6192977,42270.4515435964,125.745169192377,NA
"REF048.TRASTUZUMAB-DERUXTECAN",88.5440081811262,-78.0870278038269,166.631035984953,44284.0708412964,1662.948835,42621.1220062964,33.7455475107566,NA
"REF048_P7_5305_230720_RES.AZD-5305",88.2921341959041,88.8639276781579,-0.571793482253824,12327.282225125,15632.6444353333,-3305.36221020834,-14.4487440363636,-0.00388898510659428
"REF048_P7_5305_230720_RES.AZD-8205",88.2921341959041,85.832942454636,2.45919174126801,12327.282225125,8158.9629288125,4168.3192963125,-9.16243017202575,-0.0622876989948153
"REF048_P7_5305_230720_RES.BMN-673",88.2921341959041,86.3750136347656,1.91712056113846,12327.282225125,7170.59813383333,5156.68409129167,11.7173266820129,-0.0365424563563775
"REF048_P7_5305_230720_RES.CARBOPLATIN",88.2921341959041,89.1230650189818,-0.83093082307775,12327.282225125,15416.9709431905,-3089.68871806548,-116.169236974487,-0.0140813767313729
"REF048_P7_5305_230720_RES.CX-5461",88.2856023731374,88.562793027485,-0.277190654347606,8957.815453125,12224.7629230149,-3266.94746988988,-13.936339518954,-0.00959391428225315
"REF048_P7_5305_230720_RES.DATOPOTAMAB-CONTROL",88.3612338626844,89.1747196200781,-0.813485757393678,7318.021045125,9371.910448,-2053.889402875,102.780103232205,0.0192021825385372
"REF048_P7_5305_230720_RES.DATOPOTAMAB-DERUXTECAN",88.2921341959041,-86.4546613012521,174.746795497156,12327.282225125,1323.537817,11003.744408125,-52.0672897160824,-0.305097314646081
"REF048_P7_5305_230720_RES.PQ-1-6-VEHICLE",88.5631913146191,83.8389532641568,4.7242380504623,4067.9357394375,1534.56812125,2533.3676181875,5.7889569817393,-0.0299322842343068
"REF048_P7_8205_230803_RES.ADC-CONTROL",NA,87.8728430044473,NA,NA,16616.0924635,NA,NA,NA
"REF048_P7_8205_230803_RES.AZD-5305",NA,89.3292500973716,NA,NA,11915.66014,NA,NA,NA
"REF048_P7_8205_230803_RES.AZD-8205",NA,88.0247317154145,NA,NA,22117.502497625,NA,NA,NA
"REF048_P7_8205_230803_RES.BMN-673",NA,89.4549671440801,NA,NA,4825.0919755,NA,NA,NA
"REF048_P7_8205_230803_RES.CARBOPLATIN",NA,88.6295116866877,NA,NA,16079.445810375,NA,NA,NA
"REF048_P7_8205_230803_RES.CFI-400945",NA,-58.2539782023995,NA,NA,3384.319912,NA,NA,NA
"REF048_P7_8205_230803_RES.CX-5461",NA,87.6083018077374,NA,NA,7810.315710375,NA,NA,NA
"REF048_P7_8205_230803_RES.SACITUZAMAB-GOVITECAN",NA,83.2423999073549,NA,NA,22630.72232,NA,NA,NA
"REF048_P7_8205_230803_RES.TRASTUZUMAB-DERUXTECAN",NA,88.2245048170932,NA,NA,35634.0267025,NA,NA,NA
"REF048_P8_945_231129_RES.BMN-673",88.8885887007426,82.9202980111588,5.96829068958387,11360.067375,5033.92451275,6326.14286225,31.4623147292812,-0.0860074597124861
"REF048_P8_945_231129_RES.CARBOPLATIN",88.8885887007426,86.50458594633,2.38400275441266,11360.067375,6486.79762254167,4873.26975245833,46.5378973547555,-0.0526909901801658
"REF048_P8_945_231129_RES.CFI-400945",88.8885887007426,84.5740950794515,4.31449362129118,11360.067375,6481.96738928869,4878.09998571131,-137.804660777484,-0.075103940228904
"REF048_P8_945_231129_RES.PACLITAXEL",88.8885887007426,85.3161677500565,3.57242095068611,11360.067375,5403.317937125,5956.749437875,25.7053892999069,-0.0554548789162759
"REF048_P8_945_231129_RES.PQ-1-6-VEHICLE",88.8885887007426,88.2338994317996,0.654689268943045,11360.067375,9910.457613375,1449.609761625,-11.152809657211,-0.0359003503680399
"REF048_P8_CARBO_240425_RES.CARBOPLATIN",NA,88.0134923676572,NA,NA,10889.90260075,NA,NA,NA
"REF048_P8_CARBO_250424_RES.CARBOPLATIN",88.08028096908,87.7070611850186,0.373219784061348,7688.090757875,4833.8794835,2854.211274375,50.9255431973472,0.00539024749152536
"REF048_P8_CARBO_250424_RES.SACITUZAMAB-GOVITECAN",88.08028096908,-78.2699759674736,166.350256936554,7688.090757875,3512.505292,4175.585465875,-6.44449346082078,-0.111807352030207
"REF048_P8_CARBO_250424_RES.TRASTUZUMAB-DERUXTECAN",88.08028096908,-48.5884399918866,136.668720960967,7688.090757875,3771.19656575,3916.894192125,-26.5790021287797,-0.132274280730617
"REF049.BMN-673",NA,85.9798778499208,NA,NA,19860.550471,NA,NA,NA
"REF049.CFI-400945",NA,-36.587936106651,NA,NA,11506.465712,NA,NA,NA
"REF049_P1_945_231123_RES.BMN-673",NA,88.8567399083883,NA,NA,6389.996412,NA,NA,NA
"REF049_P1_945_231123_RES.CARBOPLATIN",NA,88.7547348635873,NA,NA,14755.833392,NA,NA,NA
"REF049_P1_945_231123_RES.CDX-011",NA,89.1024199630776,NA,NA,12253.7357585,NA,NA,NA
"REF049_P1_945_231123_RES.CFI-400945",NA,87.9593994831695,NA,NA,13364.460666875,NA,NA,NA
"REF049_P1_945_231123_RES.CFI-402257",NA,88.6328644928204,NA,NA,4588.599077,NA,NA,NA
"REF049_P1_945_231123_RES.CFI-402257-3ON4OFF+PACLITAXEL",NA,89.2474512840179,NA,NA,7002.498724,NA,NA,NA
"REF049_P1_945_231123_RES.CX-5461",NA,34.5551155140709,NA,NA,7584.7471945,NA,NA,NA
"REF049_P1_945_231123_RES.PACLITAXEL",NA,89.4353079143716,NA,NA,17209.4083035,NA,NA,NA
"REF052.AZD-5305",85.1830621422901,73.5858206584888,11.5972414838012,22981.4711481921,8886.33631375,14095.1348344421,21.1583811914588,-0.0215240967861847
"REF052.AZD-8205",83.9687248787674,86.8165648927711,-2.84784001400369,4677.27487197369,5717.119883,-1039.84501102631,-6.33604535303385,0.0306984863348066
"REF052.BMN-673",84.3428469571032,73.609752300765,10.7330946563382,12841.9022965552,9410.25092775,3431.65136880524,-19.8592260409783,-0.0144177484981597
"REF052.CARBOPLATIN",83.9334133510455,87.1334708079899,-3.20005745694438,7192.26931485821,11888.621952,-4696.35263714179,5.36742497848561,0.0240195498360611
"REF052.CDX-011",85.1830621422901,57.0128584118775,28.1702037304126,22981.4711481921,8387.501565125,14593.9695830671,-36.1548144901692,-0.0237161224236829
"REF052.CFI-400945",85.1830621422901,-73.6050661651663,158.788128307456,22981.4711481921,5251.51603589583,17729.9551122963,-13.9929683873208,-0.047328954425765
"REF052.CFI-400945-52WEEKLY",85.1830621422901,80.7456807551656,4.43738138712449,22981.4711481921,15571.15159225,7410.31955594215,18.1260553746865,-0.0160602859140728
"REF052.CFI-402257",84.6253152568391,81.6221877669878,3.00312748985125,17222.4263470493,13005.3633425,4217.06300454929,19.7928061101821,-0.0100068651644088
"REF052.CX-5461",84.6253152568391,79.5047668187162,5.12054843812282,17222.4263470493,12215.638434,5006.78791304929,19.2955170104644,-0.0162656846648388
"REF052.DATOPOTAMAB-CONTROL",83.9687248787674,88.1840454164279,-4.21532053766049,4677.27487197369,9320.00012875,-4642.72525677631,86.7750450191763,0.0470051334287692
"REF052.PACLITAXEL",85.1830621422901,60.6329531721934,24.5501089700967,22981.4711481921,14165.62652175,8815.84462644215,-7.41580549489145,-0.0314388037243258
"REF052.PQ-1-6",83.893854905069,-70.1751168770391,154.068971782108,7570.80760959929,2471.401253,5099.40635659929,34.613516966366,-0.0754078993142345
"REF052.PQ-1-6-VEHICLE",83.893854905069,76.1030217478447,7.79083315722437,7570.80760959929,5526.3991875,2044.40842209929,9.18636592778949,-0.0100716670199606
"REF052.SACITUZAMAB-GOVITECAN",85.1830621422901,-51.252141303511,136.435203445801,22981.4711481921,2799.5155805,20181.9555676921,26.4598440147154,-0.0435408760420101
"REF052.TRASTUZUMAB-CONTROL",84.4778738211062,85.2780969613646,-0.80022314025841,14000.0138168588,16301.59627425,-2301.58245739119,3.92453303658438,0.00224475002758048
"REF052.TRASTUZUMAB-DERUXTECAN",85.1830621422901,-64.281436320702,149.464498462992,22981.4711481921,1869.03661547973,21112.4345327124,31.6609427960005,-0.0617229334204567
"REF052_P1_SG_300524_RES.SACITUZAMAB-GOVITECAN",NA,81.5974745162758,NA,NA,43902.66026275,NA,NA,NA
"REF052_P5_TRAZ_020125_RES.SACITUZAMAB-GOVITECAN",NA,35.2384828457702,NA,NA,11150.67915125,NA,NA,NA
"REF052_P5_TRAZ_020125_RES.TRASTUZUMAB-DERUXTECAN",NA,70.4599243237843,NA,NA,17693.62982625,NA,NA,NA
"REF054.BMN-673",NA,83.0762608851581,NA,NA,3613.81500875,NA,NA,NA
"REF057.BMN-673",85.3906485470855,86.8773835628534,-1.48673501576785,4153.40017,6450.693919625,-2297.293749625,4.18595876318951,0.0188646892516874
"REF057.CARBOPLATIN",81.91825673536,76.9268937350976,4.99136300026238,8875.59137238095,6616.44900975,2259.14236263095,0.261277279052461,0.010209091075812
"REF057.CDX-011",81.3575716027733,84.9945241981313,-3.63695259535794,10454.1707457292,16692.54082525,-6238.37007952083,4.56505820147817,0.0130667805241047
"REF057.CFI-400945",81.2229411182306,78.9650883699121,2.25785274831851,26844.5963209702,29837.13077725,-2992.53445627977,-8.0024510812084,-0.00856384391323409
"REF057.CFI-400945-52WEEKLY",80.9473231539941,45.9053972832364,35.0419258707577,22939.7928804792,9344.4791495,13595.3137309792,36.2844490866374,-0.00234991974597732
"REF057.CFI-402257-3ON4OFF+PACLITAXEL",83.8643636336923,86.6682783575058,-2.80391472381348,5107.59217433333,8736.842061,-3629.24988666667,22.6339632012788,0.0189420161084881
"REF057.CX-5461",82.407668122694,86.0671494881273,-3.65948136543328,7913.92419114286,12069.011001,-4155.08680985714,9.49191757610134,0.0257022600922369
"REF057.PACLITAXEL",81.3575716027733,87.9620053067809,-6.60443370400753,10454.1707457292,21351.3562635,-10897.1855177708,-88.9422695174193,0.0543195474819755
"REF061.CARBOPLATIN",86.8697461019599,88.9125732063354,-2.04282710437549,9014.87646975,21462.15468625,-12447.2782165,7.4575017661053,0.0125945710763955
"REF061.CX-5461",87.0819058261543,-28.1564556322208,115.238361458375,13955.92460975,3709.743093,10246.18151675,71.1733064648524,-0.0344321156655637
"REF062.ADC-CONTROL",88.7124314446793,88.6131825233038,0.0992489213754624,14143.1390272777,10585.69991825,3557.43910902767,0.351661542874125,0.0220486847572176
"REF062.AZD-8205",88.2844568260591,87.9190339993115,0.365422826747533,28336.0807051159,24522.129765,3813.95094011591,0.072050706313352,0.000819703597885071
"REF062.BMN-673",88.689669154388,86.4840706219901,2.20559853239783,11979.9888787675,4723.0606,7256.92827876747,6.14031682547554,-0.00314766144563295
"REF062.CARBOPLATIN",88.5464381493916,88.1793597062638,0.367078443127781,19055.2817255234,12282.14732325,6773.13440227342,-4.96837735795211,0.00730632765942551
"REF062.CDX-011",88.689669154388,88.067184195889,0.622484958498902,11979.9888787675,7606.698061,4373.29081776747,17.484963011406,0.000545627557279822
"REF062.CFI-400945",82.9967298803085,73.3096928260137,9.68703705429475,791453.387133023,415147.435893,376305.951240023,-5.86814553394102,-0.00482030809462805
"REF062.CX-5461",88.6933838484261,86.454554315242,2.23882953318412,15289.225865452,13987.93925975,1301.28660570199,-0.741017594827097,-0.0169595943931017
"REF062.DATOPOTAMAB-CONTROL",88.7124314446793,89.0323664781748,-0.319935033495568,14143.1390272777,17390.3977660833,-3247.25873880566,-542.860714815615,0.0342002056122907
"REF062.DATOPOTAMAB-DERUXTECAN",88.2844568260591,86.5955931421895,1.68886368386956,28336.0807051159,27279.5917280833,1056.48897703258,22.387736576441,-0.0446752252889977
"REF062.PQ-1-6",88.4127748031889,87.9911457260336,0.421629077155302,20660.5988724671,14348.7952211667,6311.80365130046,-0.747045649466581,0.00798033232725123
"REF062.PQ-1-6-VEHICLE",88.4127748031889,88.9128643803477,-0.500089577158775,20660.5988724671,24321.8176686667,-3661.21879619954,-33.433327762033,0.0167985988371561
"REF062.SACITUZAMAB-GOVITECAN",88.6933838484261,88.8105981576794,-0.117214309253256,15289.225865452,20829.6009648333,-5540.37509938134,-1.00697679821905,-0.00887779835156896
"REF062.TRASTUZUMAB-CONTROL",88.7124314446793,88.1654709293529,0.546960515326347,14143.1390272777,12692.233328,1450.90569927767,-13.8862346195378,-0.00863778070434927
"REF062.TRASTUZUMAB-DERUXTECAN",88.2844568260591,83.3657470619751,4.91870976408397,28336.0807051159,22878.8003747708,5457.28033034508,-2.91726411843611,-0.0441963014554927
"REF063.ADC-CONTROL",88.8597842040094,88.4302137972245,0.429570406784862,25893.5012427446,18741.1553244687,7152.3459182759,-1.02537658851163,0.00414386533867722
"REF063.AZD-5305",88.8880215811756,89.2948363721307,-0.406814790955167,10695.0324317321,11318.77024125,-623.737809517856,-0.643142650127897,0.0701694618278797
"REF063.AZD-8205",88.8597842040094,85.4042116353964,3.45557256861298,25893.5012427446,9976.51043441667,15916.990808328,3.70166844231558,-0.0270640963080133
"REF063.BMN-673",88.6501907866581,86.1508098962651,2.49938089039303,32752.6646097447,12779.896884,19972.7677257446,1.17982826667257,-0.0174120382613422
"REF063.CARBOPLATIN",88.6858932195684,89.2275173329428,-0.541624113374397,7428.7289826369,5667.44103,1761.28795263691,-0.886782804933193,0.123426362959674
"REF063.CFI-400945",88.9125680461249,89.6484752209514,-0.735907174826508,2467.24914557908,3706.34334875,-1239.09420317092,-29.6028444128857,0.137696815729313
"REF063.CFI-402257",88.6858932195684,89.0230088859963,-0.337115666427906,7428.7289826369,7130.095931,298.633051636904,0.593615344762053,0.0555760533060647
"REF063.CX-5461",88.7432051916047,89.1270361333761,-0.383830941771421,8385.05878863095,7352.91153875,1032.14724988095,-0.168694938297183,0.0724539915019097
"REF063.DATOPOTAMAB-CONTROL",88.8597842040094,87.3329388951203,1.52684530888909,25893.5012427446,11669.84054075,14223.6607019946,1.9978057766385,-0.00676382422317395
"REF063.DATOPOTAMAB-DERUXTECAN",88.6198660980789,-85.9902662260009,174.61013232408,44013.0468897446,1948.503872,42064.5430177446,27.1514718988917,-0.152041320621898
"REF063.PACLITAXEL",88.6198660980789,-37.3094798355079,125.929345933587,44013.0468897446,4948.646004,39064.4008857446,8.78467678255089,-0.146403340814028
"REF063.SACITUZAMAB-GOVITECAN",88.6198660980789,-80.0712822766601,168.691148374739,44013.0468897446,2735.20589156539,41277.8409981793,10.8364129133193,-0.140245434757548
"REF063.TRASTUZUMAB-CONTROL",88.6198660980789,-48.6333645823849,137.253230680464,44013.0468897446,2815.57371715,41197.4731725946,8.00828885067647,-0.0411445447601457
"REF063.TRASTUZUMAB-DERUXTECAN",88.6198660980789,-78.7582778104605,167.378143908539,44013.0468897446,650.50309375,43362.5437959947,8.90416495191747,-0.212319176858789
"REF063_P3_TAX_071124_RES.CARBOPLATIN",89.3496181580861,88.4655044603183,0.884113697767816,12205.539776,5031.22644325,7174.31333275,99.4349540484842,-0.0331625604238718
"REF063_P3_TRAZCONT_180924_RES.DATOPOTAMAB-CONTROL",NA,88.9467464443233,NA,NA,7428.19519375,NA,NA,NA
"REF063_P3_TRAZCONT_180924_RES.DATOPOTAMAB-DERUXTECAN",NA,59.2436978988491,NA,NA,11057.31101,NA,NA,NA
"REF063_P5_SG_191224_RES.SACITUZAMAB-GOVITECAN",88.5802420141597,85.8122422725815,2.76799974157819,15816.230358,7361.80716769643,8454.42319030357,-42.0897302471284,-0.030541675226542
"REF065.BMN-673",86.1335460506944,85.1542695375204,0.979276513174,8146.73564875,14580.054342,-6433.31869325,0.75625667268649,-0.0179982022889282
"REF065.CX-5461",87.5281131123622,88.7938939185476,-1.26578080618543,3201.25846025,9070.56124925,-5869.302789,16.3188556820791,0.030511400214785
"REFOV042.BMN-673",83.5737645958807,84.0121871778929,-0.438422582012166,9110.10324309583,9488.538080875,-378.43483777917,1.33210134097986,0.00659809958998324
"REFOV042.CARBOPLATIN",82.8940614214946,77.5773505350143,5.31671088648031,33380.5426275645,19047.53329275,14333.0093348145,2.71010406034588,-0.00778822925788384
"REFOV042.CDX-011",76.5770103814304,70.5469038607701,6.03010652066024,43032.9959143145,25123.6269635,17909.3689508145,-13.8025316655081,-0.00869529767082761
"REFOV042.CFI-400945",83.5620350199697,81.0720686359368,2.4899663840329,28861.1010552966,19832.7023074405,9028.39874785615,-7.28842537262657,0.00425613574228944
"REFOV042.CFI-400945-52WEEKLY",82.5081501689722,83.3876270210844,-0.879476852112276,14660.9232816073,15206.6955008056,-545.772219198214,18.7701809095557,-0.0110392096558181
"REFOV042.CFI-402257",82.8652768620329,81.238549618845,1.62672724318791,18647.2527652639,13120.5842165,5526.66854876389,1.59820252829821,0.00162609375508377
"REFOV042.CX-5461",80.4600346162362,88.960030949231,-8.49999633299485,5535.7410410625,17687.051851,-12151.3108099375,-21.997174420263,0.0614563062650249
"REFOV042.ERIBULIN-EXTRALOW",70.2278237007695,-32.7385197449349,102.966343445704,50642.4501080645,7503.1152035,43139.3349045645,3.24527641549421,-0.0412737391616457
"REFOV042.ERIBULIN-LOW",70.2278237007695,-59.7889477778744,130.016771478644,50642.4501080645,6714.58032215909,43927.8697859054,11.7202066521978,-0.0545136355362672
"REFOV042.PACLITAXEL",70.2278237007695,-51.7425741431504,121.97039784392,50642.4501080645,6107.208681125,44535.2414269395,5.38369025167877,-0.0365695849477589
"REFOV042.PACLITAXEL-15DAILY",73.1907080514318,80.2524615299461,-7.06175347851428,46878.3120463145,66459.748932875,-19581.4368865605,22.1718655887581,-0.00476913185148471
