"model.id","slope","AUC","mRECIST","best.response","best.response.time","best.average.response","best.average.response.time"
"REF036.H2O.m1",88.7095928326296,40379.610123,"PD",194.624575052709,11,97.3122875263543,11
"REF036.H2O.m2",89.2952661875991,33065.83308,"PD",76.3722819804677,12,40.5385214928841,12
"REF036.H2O.m3",85.2420408274369,13018.0067645,"PD",76.90568226302,12,36.0240803023127,12
"REF036.H2O.m4",84.801588294572,146727.776033,"PD",96.1050421695507,17,60.7507288564314,17
"REF036.H2O.m5",85.7851544407722,55838.7630065,"PD",120.011869949011,14,57.9366034180455,14
"REF036.H2O.m6",87.667700002255,10447.7617595,"PD",228.066956464044,14,134.287494028114,14
"REF036.H2O.m7",83.0061640448971,18669.73749975,"PD",85.3278244106756,21,42.4417674040749,13
"REF036.H2O.m8",77.1491501601536,4958.7913855,"PD",51.7671053302307,11,32.7542464534244,11
"REF036.CFI-400945-41.6WEEKLY.m1",79.3901786447829,29122.7165215,"SD",-97.5975975975976,53,-5.23866550836551,53
"REF036.CARBOPLATIN.m1",87.2559266603344,16118.08027125,"PD",273.727952134503,11,144.108398335754,11
"REF036.CARBOPLATIN.m2",30.037565325804,6940.22784025,"SD",-14.3187945614452,13,-2.9898179440739,13
"REF023.CFI-400945-52WEEKLY.m1",79.54808877621,16916.38896,"SD",-0.246609124537613,18,11.9033727078743,18
"REF023.CFI-400945-52WEEKLY.m2",16.246182093052,16924.25374175,"PR",-76.0523148855821,21,-35.5274649850619,34
"REF023.ERIBULIN.m1",39.8605369962668,19738.98695275,"CR",-100,60,-80.4113033370058,107
"REF023.ERIBULIN.m2",19.3696771159298,25282.82049175,"CR",-100,23,-72.9207781468842,50
"REF023.CFI-402257.m1",82.8329449683365,9713.81698,"PD",89.8254078701943,19,61.115479636365,10
"REF023.CFI-402257.m2",64.9446342885793,15188.945959,"SD",-10.3683965956831,13,-6.55423396902808,13
"REF023.CFI-402257.m3",75.4150731353994,31781.14794025,"SD",15.1982174599182,11,2.63358715160315,11
"38807_P2_ERIBLD_200206_RES.CFI-400945.m1",70.4330593789439,18463.3857635,"PD",16.3235750681225,34,44.4653692334076,13
"38807_P2_ERIBLD_200206_RES.CX-5461.m1",73.450161195305,11778.536139,"PD",38.6902769970458,13,37.557489615095,13
"BPTO95.PACLITAXEL.m1",-33.1107016406814,8979.2646875,"CR",-97.0092835874912,49,-47.9375428205168,209
"100534_P1_BMN_191102_RES.BMN-673.m1",71.8767753091268,13365.6492,"SD",-22.5147565387478,15,-6.17572445998472,15
"100534_P1_BMN_191102_RES.BMN-673.m2",72.3148064100168,10440.795372,"PD",34.3286705832048,14,38.0821219324038,14
"38807_P1_CX_200226_RES.BMN-673.m1",75.6267950323387,4139.92052625,"SD",-7.43646243110052,13,-8.28452420655111,13
"38807_P1_CX_200226_RES.CFI-402257.m1",72.1883049999989,4822.7489125,"SD",9.688924302088,13,-7.49093342418978,13
"38807_P1_CX_200226_RES.CARBOPLATIN.m1",67.5728895212347,30240.4390845,"SD",34.144397836697,48,24.4206635008574,13
"38807_P1_CX_200226_RES.CFI-402257-3ON4OFF+PACLITAXEL.m1",-34.4294248274069,2580.4023575,"CR",-100,73,-91.2331540323365,489
"REF022.CFI-400945.m1",85.5399723638776,7707.8490285,"PD",67.6097065448312,10,40.4246477695671,10
"REF022.CFI-400945.m2",63.0747826482379,6983.95937975,"SD",24.7912936112428,21,-2.12469368225021,21
"REF022.CFI-400945.m3",59.0839137922716,10626.27700575,"SD",-12.166601851804,13,3.71089774154377,13
"REF022.CFI-400945.m4",71.2214288964499,19085.24998725,"SD",-18.6328465350799,15,-9.31642326753996,15
"REF022.CFI-400945.m5",60.3619489085444,5887.42560525,"SD",5.11373109858539,21,13.8359412508734,21
"REF022.CFI-400945.m6",60.6895413174124,9723.486213,"SD",2.84789288497945,14,1.45993899264652,14
"REF022.CFI-400945.m7",74.6202554410371,41231.84212775,"SD",-28.7756447485512,47,17.6469210868842,12
"REF022.CFI-402257-3ON4OFF.m1",77.4741048472192,12485.309259,"PD",38.7850577488239,10,19.392528874412,10
"REF022.CFI-402257-3ON4OFF.m2",85.839856193467,9238.49002975,"PD",51.5606519810763,13,20.9251044303727,13
"100534_P1_BMN_191102_RES.CFI-402257-3ON4OFF.m1",75.5646964678391,7011.1135875,"SD",-26.669669481557,14,-2.09090044342892,14
"100534_P1_BMN_191102_RES.CFI-402257-3ON4OFF+PACLITAXEL.m1",48.5573497218149,10108.153019,"SD",-29.2652371317746,14,-18.754035638089,28
"48602_P6_BMN_181010_RES.CFI-402257.m1",86.3508958771416,12181.106454,"PD",119.04584074692,15,60.3550800884346,15
"48602_P6_BMN_181010_RES.PACLITAXEL.m1",73.4965144503629,35268.58901325,"CR",-100,44,-52.1763964708277,78
"100534_P5_CARBO_210407_RES.CFI-400945.m1",84.4032933563786,19735.650216,"PD",188.696828982205,15,97.8411115877972,15
"REF036_P2_945W_200318_RES.CFI-402257.m1",83.2596292657488,11987.252899,"PD",56.2326758880169,12,26.6699300370944,12
"REF036_P2_945W_200318_RES.ERIBULIN-LOW.m1",-9.80184507001934,12252.97956025,"SD",-60.0757618548308,91,-16.7603510308259,21
"REF036_P2_945W_200318_RES.CX-5461.m1",75.6605705077982,9089.19466,"SD",31.8229346826562,12,17.1613122732415,12
"REF036_P2_945W_200318_RES.CX-5461.m2",76.2341874388864,13929.91509025,"SD",5.61329639889197,12,-4.83235538126958,12
"95412.H2O.m1",81.5152681095468,41436.75259575,"PD",73.0809371243051,11,44.2934176639429,11
"95412.CFI-400945.m1",-52.805799565943,4490.638513,"CR",-100,50,-80.3252889823547,305
"REF036.CDX-011.m1",82.0144848370928,7663.28946075,"SD",31.2114816882511,14,9.0815787908469,14
"REF036.CDX-011.m2",-72.6668051812139,7273.80633,"PR",-94.4295328080939,74,-56.9566889622559,90
"38807_P1_BMN_190717_RES.H2O.m1",89.2542268042639,17924.1001155,NA,NA,NA,NA,NA
"38807_P1_BMN_190717_RES.H2O.m2",85.781003708396,19370.61834775,"PD",124.231872717788,18,60.5762919492262,11
"38807_P1_BMN_190717_RES.H2O.m3",85.2801607870402,32859.20886875,"PD",88.728391433105,12,34.550819261059,12
"38807_P1_BMN_190717_RES.H2O.m4",83.7813234608181,9277.3246675,"SD",32.0198011753775,12,8.64692142267865,12
"REF022_P4_ERIB_200903_RES.CFI-402257.m1",76.4935973377951,8777.667475,"SD",31.5664882426962,13,3.96123897687014,13
"REF022_P4_ERIB_200903_RES.PACLITAXEL.m1",81.762802254288,15004.02367675,"PD",38.2426727014574,13,22.4810210834191,13
"REF022_P4_ERIB_200903_RES.PACLITAXEL.m2",70.7125120305633,8148.78339975,"SD",9.61444957097997,14,2.86538451310437,14
"REF010_P6_CDX_201106_RES.H2O.m1",88.0184776336821,40867.66014125,"PD",137.878895045246,13,64.839666146737,13
"REF010_P6_CDX_201106_RES.CDX-011.m1",41.0129814283476,38821.53144375,"PD",-100,97,76.5335119905139,111
"REF010_P6_CDX_201106_RES.CDX-011.m2",83.2901326137825,22965.382028,"PD",95.6564535814686,11,35.9548338991339,11
"REF010_P6_CDX_201106_RES.CDX-011.m3",86.5609307075923,31032.51862125,"PD",111.771411849292,14,63.8812902351709,14
"REF010_P6_CDX_201106_RES.CFI-400945.m1",59.4549570272607,20625.41011925,"PR",-90.4258529204278,28,-40.3101709243519,50
"REF010_P6_CDX_201106_RES.CFI-402257.m1",73.7744848967772,4916.8018375,"SD",-0.990557723781958,13,-9.79926420188287,13
"REF042.BMN-673.m1",74.2993744792199,19532.53159275,"PD",35.2520248486278,33,42.4207703769465,13
"REF042.CX-5461.m1",79.3081476553309,13178.98277725,"PD",60.528562146106,13,43.6900962408541,13
"REF045.H2O.m1",87.4824745982095,25082.8398225,"PD",145.740033824413,10,72.8700169122066,10
"REF045.CFI-400945.m1",66.5562641353466,45307.1196055,"SD",-99.5106169116231,41,-13.7579780699217,41
"REF024_P1_BMN_190905_RES.CFI-400945.m1",46.3607881796133,15285.322176,"SD",-0.980592000644303,25,5.15737342357511,11
"REF034.PACLITAXEL.m1",-4.70174153280629,3081.1614735,"SD",-16.3639916839917,21,1.40306866037635,21
"REF035.PACLITAXEL.m1",76.8627465808328,11823.2156275,"SD",-10.8191969598986,13,-1.92994121964479,13
"100672_P1_BMN_200616_RES.BMN-673.m1",-35.1319166379792,3200.41000875,"CR",-100,41,-63.4376484052593,179
"REF035_P3_945_200603_RES.CFI-400945.m1",63.5994484936022,24956.44369475,"SD",-47.9958202350517,48,-7.92154072216361,69
"REF035_P3_945_200603_RES.CFI-400945.m2",84.3466408667676,29288.727602,"SD",10.0252538766737,13,2.76932149236708,13
"REF035_P5_ERIBLD_210603_RES.H2O.m1",89.5732955992848,36943.99192825,"PD",404.545407020694,14,190.403618753028,14
"REF035_P5_ERIBLD_210603_RES.H2O.m2",89.3428666261479,24129.083712,"PD",306.911335853919,11,148.460132641585,11
"REF035_P5_ERIBLD_210603_RES.CARBOPLATIN.m1",89.0261002123225,14977.3180555,"PD",388.508674043734,14,169.866831284863,14
"REF035_P5_ERIBLD_210603_RES.BMN-673.m1",87.6082613895627,9126.5163475,"PD",136.414546334018,14,70.6443911551826,14
"REF035_P5_ERIBLD_210603_RES.BMN-673.m2",88.3466245810564,14456.909405,"PD",69.739757333676,11,34.869878666838,11
"REF035_P5_ERIBLD_210603_RES.CFI-402257.m1",88.9418899154077,14182.16420625,"PD",417.48975902031,14,211.308208443148,14
"REF035_P5_ERIBLD_210603_RES.ERIBULIN-LOW.m1",88.7122353502142,28870.0759665,"PD",228.244825159739,14,113.187627389222,14
"REF035_P5_ERIBLD_210603_RES.ERIBULIN-LOW.m2",88.0613779614194,13778.15245375,"PD",250.770893226909,18,126.021112251554,18
"REF035_P5_ERIBLD_210603_RES.ERIBULIN-LOW.m3",87.7034179368875,16822.6175425,"PD",85.5136810126582,11,49.8737477105798,11
"100534_P1_BMN_191102_RES.CFI-400945-52WEEKLY.m1",71.148866047003,36902.54790475,"PD",35.6948892992734,32,28.617178912527,11
"100534_P1_BMN_191102_RES.CFI-400945-52WEEKLY.m2",83.4952032575738,1281.9623265,NA,NA,NA,NA,NA
"100534_P1_BMN_191102_RES.PACLITAXEL.m1",32.2862918139649,36510.46209125,"SD",-78.9050831763677,32,-8.85818832855191,32
"REF036_P3_945_210218_RES.BMN-673.m1",80.1338445048476,11393.96480525,"PD",48.9143989278014,14,7.15243562996358,14
"REF043.PACLITAXEL.m1",-3.72698481978378,26689.25626625,"CR",-99.7113749404559,33,-60.429275553044,79
"REF043.PACLITAXEL.m2",3.68716933194076,11196.63421475,"CR",-100,48,-77.2500776379394,102
"108099_P2_BMN_201202_RES.CFI-400945.m1",79.1523531581592,29257.92724325,"PD",76.2281880435216,48,73.7552443419012,13
"108099_P2_BMN_201202_RES.BMN-673.m1",72.4765422768545,18030.3225205,"SD",-22.0108414897645,20,-9.43995679812872,20
"108099_P2_BMN_201202_RES.BMN-673.m2",80.3654684218248,32173.7019965,"PD",71.0762746909345,13,35.3327671860051,13
"REF024_P1_TAX_191220_RES.CARBOPLATIN.m1",80.3027115990818,22025.94817875,"SD",11.8406811595027,13,-6.3888032607988,13
"REF024_P1_TAX_191220_RES.ERIBULIN-LOW.m1",45.6610310468528,8194.0577435,"PD",20.8484136049635,55,40.0227077449638,13
"REF024_P1_TAX_191220_RES.CFI-400945.m1",39.9061077960205,8579.6858295,"SD",-4.07910424680265,34,25.2685323477637,41
"BXTO64_P7_ORG_P2_TAX_200813_RES.H2O.m1",83.1455077488132,50711.972195,"PD",66.932602111825,16,40.6089944772034,16
"BXTO64_P7_ORG_P2_TAX_200813_RES.ERIBULIN-LOW.m1",-49.442486772045,5917.473775,"CR",-97.2299437540079,35,-61.9472283509717,64
"REF020.CARBOPLATIN.m1",62.9978698907208,55668.494279,"PR",-97.7708896720651,77,-32.3336646580757,150
"REF020.CARBOPLATIN.m2",66.900571317986,26591.201214,"PD",1.44783686440972,48,38.0259754819504,13
"REF020.CARBOPLATIN.m3",-77.4043291528934,2992.24070575,"PR",-50.4617374200669,18,-20.1980781708283,18
"REF020.CARBOPLATIN.m4",-35.5628221373872,12465.581011,"CR",-99.6830222424339,43,-64.2358187559385,91
"REF020.CARBOPLATIN.m5",NA,NA,NA,NA,NA,NA,NA
"REF020.CFI-400945-52WEEKLY.m1",82.665591711039,2462.211482,NA,NA,NA,NA,NA
"REF020.CFI-400945-52WEEKLY.m2",54.2719483007556,28894.40281425,"SD",14.1957241585382,89,10.2150538020509,11
"REF020.CFI-400945-52WEEKLY.m3",22.4769514803705,28105.2892105,"PR",-79.3140038860583,75,-20.6731789762702,83
"REF020.ERIBULIN-LOW.m1",-46.2457437763336,14923.79207885,"PR",-92.6441164701175,97,-44.9122665172512,168
"REF020.ERIBULIN-LOW.m2",30.6403574095302,39033.247607,"PR",-100,171,-24.9527721757204,237
"REF020.ERIBULIN-LOW.m3",85.309906082042,18838.23548775,"PD",53.657246053857,28,50.996378155252,13
"REF020.ERIBULIN-LOW.m4",-30.7349853754918,1850.71969875,"CR",-100,47,-87.7889564141565,287
"REF044.H2O.m1",89.1159015768197,24582.3632745,"PD",223.620455259785,15,123.645703181762,15
"REF044.H2O.m2",86.6945684835611,15183.140866,"PD",212.858205783341,19,78.9156222870658,19
"REF044.H2O.m3",88.9486290625485,22895.1021185,"PD",264.097128330657,14,117.92907486586,14
"REF044.H2O.m4",86.0713184232576,11481.50553,"PD",187.691263061949,12,86.275093477753,12
"REF044.H2O.m5",88.8015441742331,33812.6198745,"PD",270.552942027631,13,148.164959769977,13
"REF044.H2O.m6",88.5557550033161,36501.5877195,"PD",395.299517301431,14,201.337750158901,14
"REF044.H2O.m7",89.2808971822273,29139.805698,"PD",175.660495490568,12,91.8655483117099,12
"REF044.H2O.m8",89.3341344311319,14405.10418,NA,NA,NA,NA,NA
"REF044.H2O.m9",88.7970562643567,55546.3288235,"PD",125.770107595792,14,53.8115013735573,14
"REF044.PACLITAXEL-15DAILY.m1",88.2324498505556,22470.132199,"PD",108.679920019478,15,87.2406787008029,15
"REF044.PACLITAXEL-15DAILY.m2",75.2686951982098,11446.2885385,"SD",16.0945915725613,13,1.52916658493703,13
"REF044.CARBOPLATIN.m1",87.7000090715721,14370.18703325,"PD",196.718179018325,15,113.836021934498,15
"REF044.CARBOPLATIN.m2",87.6938614230122,7172.7398895,"PD",106.224236920489,12,39.3392887464219,12
"REF044.CFI-400945.m1",74.5511777461759,25487.04862625,"PD",9.97630644502403,36,36.763002439128,50
"REF044.CFI-400945.m2",82.6845564871805,14622.52421025,"PD",91.5412554633628,13,54.9551625150914,13
"REF044.ERIBULIN.m1",34.6186564114429,27864.11958225,"CR",-98.5690338751716,29,-56.2105668143275,36
"REF044.ERIBULIN.m2",-17.3625938266838,508.100733,"CR",-100,14,-96.8813316756905,623
"REF020.CFI-400945-5DAILY.m1",88.6214604694502,20319.28597025,"PD",160.541852353916,14,67.0960470720984,14
"DCPTOB19.H2O.m1",49.4531649155581,8975.44285825,"SD",7.16162507689171,28,9.44500807548189,14
"DCPTOB19.H2O.m2",73.6954010693286,18357.5358245,"SD",18.3015076188016,14,0.240968704007692,14
"DCPTOB19.H2O.m3",66.7788087574673,10585.93043075,"SD",14.2319115333454,14,14.6080952864138,14
"DCPTOB19.H2O.m4",78.5150148883495,65791.5468285,"SD",-5.74582447180247,13,-4.47830517298742,13
"DCPTOB19.H2O.m5",81.1227586904503,5379.910771,"PD",69.8057001000239,21,59.6735054783053,11
"DCPTOB19.CFI-400945.m1",-59.0092282435795,2752.162373,"CR",-99.4774086694306,51,-49.5447192404491,65
"DCPTOB19.CFI-400945.m2",-57.9435971978179,2558.54882875,"CR",-99.457370794587,51,-51.6228676054699,65
"DCPTOB19.CFI-400945.m3",-66.3744090418184,3130.239561,"CR",-99.6031746031746,51,-54.8858411616161,65
"DCPTOB19.CFI-400945.m4",-57.273226986283,1620.975054,"CR",-99.3906702400689,42,-63.207417919786,65
"DCPTOB19.CFI-400945.m5",-40.6853000686839,7185.7707315,"CR",-99.6674253227175,51,-61.2992517239374,238
"100534_P3_ERIBLD_201001_RES.H2O.m1",85.6950104872449,53501.71164475,"PD",68.115819220537,11,34.2536524715115,11
"100534_P3_ERIBLD_201001_RES.CFI-400945.m1",84.2489511774881,12735.62810425,"PD",45.6684079646587,11,34.183729944023,11
"100534_P3_ERIBLD_201001_RES.BMN-673.m1",50.2877022874281,10823.734382,"PR",-67.3851075182546,25,-23.6603212762599,62
"100534_P3_ERIBLD_201001_RES.CFI-402257.m1",81.098416409887,12246.20265625,"SD",0.981635693533283,11,-4.88041995568712,11
"100534_P3_ERIBLD_201001_RES.CDX-011.m1",80.524934459971,9718.3189515,"PD",84.4636876820712,25,60.0136248865726,11
"REF036_P1_ERIBLD_191212_RES.CFI-400945.m1",86.8687796372376,13786.84335125,"PD",110.113660700757,10,55.0568303503783,10
"REF036_P1_ERIBLD_191212_RES.BMN-673.m1",80.9313727725918,12238.7354,"SD",23.0679115162962,10,11.5339557581481,10
"BXTO64_ORG_P1_945_200603_RES.CX-5461.m1",3.51147949921243,21524.2730551,"PR",-80.0003319944889,65,-25.3348586080138,65
"REF032_P1_945_200925_RES.CFI-400945.m1",-5.24460829641547,13899.7501915,"SD",-40.7179158631993,67,1.29445223288915,82
"REF043_P1_BMN_210901_RES.CFI-400945.m1",80.3336275723381,13039.42415975,"PD",121.97514458666,34,74.1682323362852,14
"REF043_P1_BMN_210901_RES.CFI-400945.m2",85.4305625612144,12714.64601925,"SD",32.1375254275247,16,29.4584654997857,16
"100804_P2_945_210504_RES.H2O.m1",81.6312869224986,101703.28579,"PD",42.8144015604119,11,26.6989059216628,11
"100804_P2_945_210504_RES.CFI-400945.m1",17.9856586916642,27250.07589675,"SD",-48.5445876384364,40,10.9266502486014,40
"100804_P2_945_210504_RES.BMN-673.m1",49.7483759730393,11890.891526,"SD",-3.71460597495003,11,-6.01241767074131,11
"REF020.H2O.m1",88.6895760796145,37577.47896,"PD",148.374966281253,14,77.9232754082308,14
"REF020.H2O.m2",89.286236934682,11692.19102975,NA,NA,NA,NA,NA
"REF020.H2O.m3",86.286627225196,40756.3221735,"PD",67.2118414203694,14,35.8083186691905,14
"REF020.H2O.m4",88.7513232216196,40404.8703315,"PD",169.107453551867,11,100.569731240372,11
"REF020.H2O.m5",83.706270735405,53515.051783,"SD",25.8306451612903,13,6.30606758832565,13
"REF020.H2O.m6",87.6105563621222,36466.1365605,"PD",54.0890796760129,13,26.2690419794442,13
"REF020.H2O.m7",83.5798554944195,14174.40915,"SD",21.1943457940946,11,16.9626964318761,11
"REF020.H2O.m8",87.7563844945723,55644.94696125,"PD",72.1294934008719,14,40.00485961904,14
"REF009_P5_ERIB_210122_RES.ERIBULIN-LOW.m1",86.2096822022403,38526.4477345,"PD",87.7243998853195,14,39.0379224516137,14
"REF009_P5_ERIB_210122_RES.ERIBULIN-LOW.m2",82.1734304291085,13698.8306015,"PD",99.9686210339202,15,46.3229920211687,15
"REF009_P5_ERIB_210122_RES.ERIBULIN-LOW.m3",86.1464367166548,31638.78445125,"SD",6.3516685356986,14,17.5919823888832,14
"REF044.CFI-400945-52WEEKLY.m1",9.37840367122138,28483.936564,"PR",-73.6974949050445,46,-21.2020977239526,68
"REF044.CFI-400945-52WEEKLY.m2",47.5633740062432,25517.3768715,"PR",-88.7757736298026,14,-47.9098723722319,40
"REF044.CFI-400945-52WEEKLY.m3",9.571547276373,26905.01398125,"SD",-82.944210378901,55,10.9258686427043,55
"BPTO51_P9_ORG_P1_945_200708_RES.CX-5461.m1",58.6555580071606,19285.685391,"PD",52.1773195533789,84,37.4840685380162,14
"BXTO64_ORG_P1_945_200603_RES.H2O.m1",79.6710327457582,109235.8694635,"PD",122.664580657344,26,68.4914421042765,12
"BXTO64_ORG_P1_945_200603_RES.H2O.m2",85.201266931125,18670.613707,"PD",113.732839787037,10,56.8728086736579,10
"REF043.H2O.m1",88.2871211216076,24411.464909,"PD",141.769148768226,13,80.409323731522,13
"REF043.H2O.m2",88.9870275157675,16621.70258525,"PD",189.529123733077,11,106.323065600955,11
"REF043.H2O.m3",84.6050272621946,8357.532204,"PD",110.854234866473,21,86.3696653935278,14
"REF043.H2O.m4",88.4044753324679,16584.653686,"PD",450.452914181534,15,239.50645007646,15
"REF043.CARBOPLATIN.m1",86.3648788363621,17032.4101615,"PD",168.297700629394,13,103.905370027476,13
"REF043.ERIBULIN-LOW.m1",53.5953995210957,11709.6704465,"SD",3.42492847729073,20,8.84645282067232,20
"REF043.CDX-011.m1",88.259826605361,21310.401634,"PD",111.08893784356,13,71.4530321746169,13
"BXTO64_P7_ORG_P2_TAX_200813_RES.PACLITAXEL.m1",72.2892433754921,79677.86560825,"SD",19.7739876840642,12,10.4274856517481,12
"108099.PACLITAXEL.m1",58.6014028530585,6840.2576715,"SD",8.02265360961716,12,7.99931496391829,12
"100672_P1_CDX_200117_RES.CFI-402257.m1",82.173898691694,5791.9456575,"PD",46.7669892989818,11,18.0275936414492,11
"REF022_P4_ERIB_200903_RES.ERIBULIN-LOW.m1",82.8018653026554,33412.7675965,"SD",28.5942737618039,16,20.9627365856777,16
"REF036_P5_945W80%_210324_RES.CX-5461.m1",88.2322348381126,19309.22691475,"PD",71.0750444411927,12,39.6345213146259,12
"REF022.H2O.m1",86.273731005248,40085.9976085,"PD",50.4896610816962,13,46.6401093764054,13
"REF022.H2O.m2",80.2848127614488,102694.42350375,"SD",24.9789566183076,13,21.0177620896163,13
"REF022.H2O.m3",79.985357095691,33500.75991925,"SD",15.0097055418486,21,4.37270400492743,21
"REF022.H2O.m4",63.8626769504238,6353.48772,"SD",-2.58751902587519,13,2.35674033437343,21
"REF022.H2O.m5",77.0927680151933,11350.967162,"SD",-6.16489784195111,13,-5.95342942700919,13
"REF022.H2O.m6",74.824163436937,9250.7337495,"SD",19.8077875983821,15,9.90389379919104,15
"REF022.H2O.m7",74.8756932925063,18615.95212025,"SD",14.6377484469648,15,7.31887422348238,15
"REF022.H2O.m8",80.7546648399433,19113.902432,"PD",45.6531044208495,27,25.1925777594357,20
"REF022.H2O.m9",84.8056712119331,28947.18846075,"PD",39.1240358660073,14,23.9630715830149,14
"REF022.H2O.m10",81.196640226627,23805.885708,"SD",-11.9831342415514,14,-1.83013568171,14
"REF022.H2O.m11",71.9311112768994,7094.208679,"SD",-3.17440289723858,19,5.18887102705542,12
"REF022.H2O.m12",67.5954215696658,5738.8781805,"SD",-24.0146433382733,12,-15.0302986953181,12
"REF022.H2O.m13",80.2571492812964,55142.1738665,"SD",3.21183522286012,13,-0.313789216383522,13
"REF022.H2O.m14",82.2715654149619,45852.75270125,"SD",12.1222013738603,14,5.01601781175162,14
"REF022.H2O.m15",NA,NA,NA,NA,NA,NA,NA
"REF022.H2O.m16",76.5863285293376,5141.41982925,"PD",59.7406310774233,25,31.5352039394669,11
"REF022.H2O.m17",84.7403338558748,17284.7969365,"PD",86.1472786373351,18,49.4799317099858,18
"REF022.H2O.m18",85.9439756116965,35752.9503865,"PD",82.0372872396464,12,41.1764218644633,12
"REF022.H2O.m19",86.7119555786399,116195.776627,"PD",63.8207210444365,12,32.7305767198483,12
"REF022.H2O.m20",84.0100064690213,47644.205593,"SD",-8.85062139178716,19,14.8556678124704,19
"REF022.H2O.m21",NA,NA,NA,NA,NA,NA,NA
"REF022.H2O.m22",88.2703119930511,27637.968509,"PD",108.474035006532,12,75.310695755544,12
"REF022.H2O.m23",87.255046034383,15894.335482,"PD",180.103983505332,15,83.5910847842847,15
"REF022.H2O.m24",86.0429175786038,22382.2358485,"PD",155.515651989243,15,77.6379433746209,15
"REF022.H2O.m25",86.6414183208772,46285.29959425,"PD",106.281458838505,14,44.6044363538727,14
"REF022.H2O.m26",87.9834608843319,21234.5345955,"PD",313.40758195846,13,140.614185722291,13
"REF022.H2O.m27",86.4200571614727,13854.721642,"PD",239.6693155663,14,142.033148591154,14
"REF022.CFI-400945-52WEEKLY.m1",85.8992487982111,17291.14694025,"PD",98.4260315604454,13,56.848995363496,13
"REF022.CFI-400945-52WEEKLY.m2",28.986907759114,23592.0728375,"PR",-52.6471805544259,77,-25.8792736535535,77
"REF022.CFI-400945-52WEEKLY.m3",73.7880123393419,16402.939959,"PD",60.7369192156194,12,17.4278649378555,12
"REF022.CARBOPLATIN.m1",86.4536348655346,15370.90816225,"PD",169.134241574203,13,101.031507397076,13
"REF022.CARBOPLATIN.m2",87.3267574837307,15919.7532185,"PD",149.309145785842,11,60.7541387701384,11
"REF022.CARBOPLATIN.m3",84.7050373889069,22591.7654865,"PD",65.1791965581868,14,66.1028083457242,14
"REF022.CARBOPLATIN.m4",50.2066735855206,8163.962387,"SD",8.26925221765216,20,2.27671482021009,20
"REF022.CARBOPLATIN.m5",82.1139257130018,11338.8317595,"PD",53.1757143282043,11,13.691843720257,11
"REF022.CARBOPLATIN.m6",79.2985663601846,45437.4191095,"SD",5.16762501504364,20,11.542842262037,20
"REF022.ERIBULIN.m1",-35.2487155187598,7678.606408,"CR",-100,73,-61.7688210034507,328
"REF036_P3_945_210218_RES.CDX-011.m1",49.0087516061916,10599.3423245,"SD",-4.48885785695116,23,14.2709564204737,35
"100534_P1_BMN_191102_RES.CDX-011.m1",13.3618748752382,21680.81052675,"PR",-96.1950059453032,37,-31.104912775796,98
"100534_P1_BMN_191102_RES.CDX-011.m2",41.1174353238103,25871.62398275,"PR",-94.5029444531401,34,-39.7292874159336,75
"REF010_P5_945W_200529_RES.CFI-400945.m1",61.2123413563369,21862.3447545,"SD",-5.82899317925246,32,12.3741064096759,38
"REF010_P5_945W_200529_RES.CFI-402257.m1",78.0604210146637,10928.883851,"SD",-8.14987995821973,10,-10.5116279553453,10
"108099_P1_ERIBLD_200605_RES.BMN-673.m1",-35.3514219925061,18235.065497,"CR",-99.7601902040845,70,-54.878730562987,81
"100804.PACLITAXEL.m1",61.7891395319148,35180.68013575,"SD",-4.19226626716702,49,15.07650913439,71
"100804.CFI-400945-41.6WEEKLY.m1",16.6467371651604,21659.29548025,"SD",-49.3678818694768,15,-32.4958395981717,28
"16720.CFI-402257-3ON4OFF.m1",71.9717799760908,7019.25481875,"SD",0.498382802230635,17,1.80520177608828,17
"16720.CFI-402257-3ON4OFF.m2",76.2168822733458,8833.065605,"SD",-18.1143237457505,13,4.73823142828983,13
"16720.CFI-402257-3ON4OFF.m3",83.769085610155,16075.122049,"PD",50.4681651975117,14,18.8471573414293,14
"100672.CFI-400945-52WEEKLY.m1",83.3187125695627,16004.212802,"PD",115.544792997769,13,66.2385135510653,13
"100672.ERIBULIN.m1",7.4903218157537,18604.5591815,"CR",-100,28,-80.431396712294,138
"REF043_P1_945_210625_RES.H2O.m1",77.11602555315,24801.834347,"PD",152.134846914287,36,71.6913793230562,15
"REF043_P1_945_210625_RES.CFI-400945.m1",79.552255582119,5458.3457415,"PD",11.0369855742184,22,50.542780297794,22
"REF043_P1_945_210625_RES.CFI-402257.m1",79.1082696915185,5218.669528,"PD",57.2159357680195,22,36.6613346601927,15
"REF044.CFI-402257-3ON4OFF+PACLITAXEL.m1",52.1426626082956,4995.458855,"CR",-96.9812628950072,19,-57.6252974757879,19
"REF044.CFI-402257-3ON4OFF+PACLITAXEL.m2",74.1813875847065,30659.422904,"SD",-14.7687360484538,13,-7.3843680242269,13
"REF044.CFI-402257-3ON4OFF+PACLITAXEL.m3",41.1520457249741,39849.903429,"PD",-100,174,58.6672133518676,13
"REF044.CX-5461.m1",88.0504837037878,14292.5015325,"PD",200.674196350154,12,91.8536425967006,12
"REF044.CX-5461.m2",86.8718914513008,10657.43994525,"PD",201.258567534421,13,79.4322987335793,13
"REF044.CX-5461.m3",80.8234937473029,8287.7678835,"PD",82.2797284598817,14,27.7483734935014,14
"REF044.PACLITAXEL.m1",82.734370548115,35674.40514025,"PR",-97.5212824163471,26,-22.9589748165361,26
"REF044.PACLITAXEL.m2",88.29493229787,16707.916077,"PD",160.759702112425,14,88.0997287112541,14
"REF044.PACLITAXEL.m3",80.9862792338558,64115.898759,"SD",-19.7060302891731,56,19.8601255301345,70
"REF044.CFI-402257-3ON4OFF.m1",86.7892465139995,9603.7221175,"PD",200.05621230079,19,69.4073732745804,12
"REF044.CFI-402257-3ON4OFF.m2",87.9753117919634,6100.656325,NA,NA,NA,NA,NA
"REF044.CFI-402257-3ON4OFF.m3",88.5362543035023,11434.7521215,"PD",311.388774760989,13,147.354323635203,13
"REF044.CFI-402257-3ON4OFF.m4",NA,NA,NA,NA,NA,NA,NA
"REF025.H2O.m1",74.1789559626278,21656.5917055,"SD",26.1130537659607,14,5.91324172056457,14
"REF025.H2O.m2",84.2582248168873,2107.80180625,NA,NA,NA,NA,NA
"REF025.H2O.m3",80.4470141526798,1031.833705,NA,NA,NA,NA,NA
"REF025.H2O.m4",84.345705326704,83134.5127646,"PD",42.924316076392,11,14.150127475701,11
"REF025.H2O.m5",79.943173539768,39138.18579425,"PD",70.8543910942021,13,42.6883963092784,13
"REF025.H2O.m6",78.1254222924772,12673.493738,"SD",-15.285653941493,11,-17.7794294620699,11
"REF025.H2O.m7",81.4458671294646,54124.044398,"PD",19.2358005030381,14,30.3817759804924,14
"REF025.CFI-402257-HD+PACLITAXEL.m1",-9.01655584239516,16711.15540675,"CR",-96.9758870539781,59,-44.3397634045167,92
"REF022_P4_ERIB_200903_RES.BMN-673.m1",85.8313949959261,8819.161984,"PD",82.4353920280333,14,45.5516620431207,14
"BXTO64_P7_ORG_P2_TAX_200813_RES.CFI-400945.m1",-67.2278464918971,3772.22813375,"CR",-100,50,-58.0668456743014,106
"REF024.CFI-402257.m1",14.0974694448893,36178.7547965,"SD",-42.7380379761332,81,-7.4971174067294,25
"REF024.CFI-402257.m2",-37.6761931357527,2765.84749925,"SD",-31.6142271677898,32,-13.5379241923993,32
"REF024.CFI-402257.m3",-34.2132287598947,3449.37436,"SD",-18.9106575963719,13,-9.75156030666235,13
"REF024.CFI-400945-52WEEKLY.m1",-75.6393544977294,1093.59426275,NA,NA,NA,NA,NA
"REF024.CFI-400945-52WEEKLY.m2",-5.82879903820344,5755.4470505,"SD",-28.5943672826329,47,-11.7119852121273,12
"100804_P1_CDX_200626_RES.H2O.m1",71.650283010559,21378.696283,"SD",26.5381262060023,12,18.579309871265,12
"REF039.H2O.m1",73.3799258266087,13200.82399825,"PD",35.209323263072,12,14.2674133800424,12
"REF039.CFI-402257-3ON4OFF.m1",78.4290621803486,12670.1135665,"PD",35.7547985276032,19,20.1133087338167,12
"REF039.CFI-402257+PACLITAXEL.m1",51.769848748188,4605.44964825,"SD",13.4382419797681,33,1.53186347058537,12
"REF039.ERIBULIN.m1",74.163459857531,20907.4903365,"SD",-11.314657494352,19,-8.32339766202915,19
"100804_P1_945W_201104_RES.CFI-400945-52WEEKLY.m1",19.8720437807606,27213.39257575,"SD",-57.1928362730563,35,-0.432800297126098,35
"100804_P1_TAX_200813_RES.CFI-400945.m1",61.9081097888787,41660.02461475,"SD",5.69501420021955,41,11.0138896610252,13
"100804_P1_TAX_200813_RES.ERIBULIN-LOW.m1",-58.9806495272333,15451.30682125,"SD",-67.0776551096414,20,14.9163842898855,20
"100804_P1_TAX_200813_RES.CDX-011.m1",89.3874617740167,12774.61410275,NA,NA,NA,NA,NA
"REF020_P1_BMN_190918_RES.BMN-673.m1",85.9612455529813,10290.43949425,"PD",57.3766323437449,11,20.3011112871598,11
"REF020_P1_BMN_190918_RES.BMN-673.m2",41.7815197865679,35610.711262,"SD",-80.0380383678693,68,-1.48829089514654,127
"REF020_P1_BMN_190918_RES.BMN-673.m3",-3.02280356834168,18817.2913875,"SD",-50.0363254593176,83,27.6257487398075,97
"REF020_P1_BMN_190918_RES.BMN-673.m4",56.843678528815,65938.72128075,"SD",20.9225700164745,17,21.6814277282491,17
"REF020.CFI-402257-3ON4OFF.m1",65.9977234715053,16897.21570775,"SD",-6.09185296364557,20,-1.49824194408888,20
"REF020.CX-5461.m1",89.155905925315,40681.66517925,"PD",184.296513160893,13,86.4085745586626,13
"REF020.CX-5461.m2",81.7415953659558,10966.34283875,"PD",84.4194344537785,10,73.1397676910736,10
"REF020.CDX-011.m1",47.3601393514351,69219.008763,"CR",-100,79,-48.6187092170388,121
"REF020.CDX-011.m2",-37.6258702659893,3416.9706465,"CR",-99.5389715402014,43,-77.4937868147963,217
"38807.PACLITAXEL.m1",-25.4190655752427,2626.38054625,"CR",-100,73,-89.0965781706229,486
"38807.PACLITAXEL.m2",-26.4833559885236,646.904595,"CR",-100,75,-95.8247533568468,356
"108099_P2_945_200925_RES.CDX-011.m1",65.7761446537011,7005.99419125,"PD",17.3422355056643,27,30.7141031642497,27
"100804.H2O.m1",-14.8644183475909,33715.813541,"SD",-100,145,26.6531973224409,306
"100804.H2O.m2",82.7587067049448,31669.317,"SD",19.7648929049531,15,8.53887773315484,15
"100804.CDX-011.m1",37.8688269173112,6654.290354,"SD",9.09574069813875,42,19.9800529900567,42
"38807_P1_945_190502_RES.CARBOPLATIN.m1",79.8328243458206,25678.1584015,"PD",102.922838022491,11,47.9641511932702,11
"108099.CARBOPLATIN.m1",50.7548951716993,24903.7239105,"SD",-42.8084359268745,50,13.3337478289028,55
"REF009_P5_ERIB_210122_RES.CDX-011.m1",82.9297056321241,24123.54024275,"PD",47.5691768378906,15,30.449906046873,15
"108045.CDX-011.m1",-56.3581991199437,39699.3194725,"SD",-68.2692262824132,110,-13.8128242288581,139
"108045.PACLITAXEL.m1",78.9193939178815,7606.343107,"PD",54.6881077351636,25,35.0909115702604,11
"108045.CFI-400945.m1",-30.6532542998082,8729.0562885,"CR",-100,125,-70.8911636490827,457
"108045.CFI-400945.m2",-29.7868530751867,8907.699905,"CR",-100,105,-67.2262683759076,417
"100534.BMN-673.m1",18.3127898621538,16163.826695,"CR",-99.7425585221438,92,-57.4527386324781,92
"100534.BMN-673.m2",23.4883712481983,30700.598251,"CR",-98.3141663033133,31,-64.6427298905103,74
"100534.BMN-673.m3",23.6365943832538,24284.575471,"CR",-99.7626296525146,44,-69.9335123915977,92
"100534.CARBOPLATIN.m1",74.7436583121166,21772.367388,"PD",-59.4692465907741,47,59.1259302299189,47
"100534.CARBOPLATIN.m2",-56.5448709071649,1960.928887,"CR",-100,26,-77.4586183260215,111
"100534.CX-5461.m1",65.6688166417204,21883.09305075,"PD",11.7617767305544,47,32.7059705836413,11
"100534.CX-5461.m2",72.0080800390128,16063.0181395,"PD",50.937268389364,41,41.1342526004003,12
"REF036_P2_945W_200318_RES.CFI-400945-52WEEKLY.m1",61.9784548914914,31363.470594,"SD",17.5664826005796,32,26.3108553326237,12
"REF036_P2_945W_200318_RES.CFI-400945-52WEEKLY.m2",67.3702866327084,15425.53557525,"SD",17.0028122111686,26,9.97436285541048,12
"REF036_P2_945W_200318_RES.CARBOPLATIN.m1",84.4998659794271,20764.48356225,"PD",77.4580703190006,18,50.0618834448993,12
"REF036_P2_945W_200318_RES.BMN-673.m1",86.9071624857574,11930.0299825,"PD",139.127692063135,12,55.3671998248926,12
"38807_P2_945W_200318_RES.CARBOPLATIN.m1",60.7895526415708,16504.5063025,"CR",-99.7583596721895,25,-84.1608836069323,65
"38807_P2_945W_200318_RES.CFI-400945-52WEEKLY.m1",68.3428212753011,23052.85727475,"SD",-100,92,-7.30428900644574,11
"38807_P2_945W_200318_RES.CFI-402257-3ON4OFF+PACLITAXEL.m1",-7.08164873072712,6826.912828,"CR",-100,54,-70.7604345849366,83
"38807_P2_945W_200318_RES.BMN-673.m1",54.556357033867,9489.864243,"SD",31.907176044238,38,20.0905264371946,11
"108099_P2_BMN_201202_RES.CX-5461.m1",82.4092216275122,12591.247845,"PD",105.734315392883,30,71.3385820813993,13
"108099_P2_BMN_201202_RES.PACLITAXEL.m1",78.0028161556828,10376.18887775,"SD",22.5896836881443,13,25.9345596584426,13
"REF019_P8_ERIB_200903_RES.CX-5461.m1",87.8904180051386,21783.5664885,"PD",257.458671615658,23,178.606449516061,18
"REF024_P1_TAX_191220_RES.PACLITAXEL.m1",67.9269409410662,65686.19752675,"SD",-3.56164383561644,22,21.6610609801127,22
"REF010_P6_CDX_201106_RES.CX-5461.m1",87.2041273339394,15858.9067375,"PD",67.7778694383667,12,51.2333846683575,12
"38807_P1_945_190502_RES.CX-5461.m1",83.6215588886737,23994.8880125,"PD",62.9104521653661,13,28.7789639895669,13
"38807_P1_945_190502_RES.CX-5461.m2",43.1186379441539,12850.12704625,"SD",5.37538859639312,21,1.14763528380005,14
"REF019_P8_ERIB_200903_RES.H2O.m1",88.9964443680796,32162.0085165,"PD",369.944910714286,15,159.130525427913,15
"REF019_P8_ERIB_200903_RES.H2O.m2",89.5492629551146,12758.6838195,NA,NA,NA,NA,NA
"REF019_P8_ERIB_200903_RES.CFI-400945-52WEEKLY.m1",85.5222496264275,15162.41910825,"PD",100.588588219899,20,82.8273390735599,15
"REF019_P8_ERIB_200903_RES.CFI-400945-52WEEKLY.m2",87.3157263920025,1364.63607375,NA,NA,NA,NA,NA
"38807_P2_945W_200318_RES.CFI-402257.m1",52.3204707812784,24074.315024,"SD",-17.7030443606827,11,-10.3105950870127,16
"BPTO51_P9_ORG_P1_ERIB_201008_RES.CFI-400945.m1",44.0188299234741,11875.40208925,"SD",-96.927313236318,84,-17.4766158139531,101
"REF036.PACLITAXEL.m1",59.6434359403072,48665.124021,"CR",-100,57,-58.6535056559758,82
"REF036.PACLITAXEL.m2",53.0793275773905,21967.91702775,"CR",-100,51,-40.6244507209635,51
"REF036.PACLITAXEL.m3",-55.9880483301428,33442.70000675,"PR",-92.0677402292804,52,-72.2579266923159,154
"BXTO64_ORG_P1_945_200603_RES.PACLITAXEL.m1",80.7516462560655,14113.96255475,"PD",80.430985796048,28,47.204567356962,10
"BXTO64_ORG_P1_945_200603_RES.BMN-673.m1",76.2794901067395,5946.4668825,"SD",-5.26106243075659,19,22.3667778145946,19
"BXTO64_ORG_P1_945_200603_RES.ERIBULIN-LOW.m1",6.96019795025403,30306.944932,"CR",-96.7968192286814,70,-50.9778275559051,112
"BXTO64_ORG_P1_945_200603_RES.ERIBULIN-LOW.m2",-23.4870330376855,35758.708843,"SD",-64.3283309423686,154,-11.0561755339017,168
"100804_P1_945LD_201022_RES.H2O.m1",89.4862370790886,14719.506992,NA,NA,NA,NA,NA
"100804_P1_945LD_201022_RES.CFI-400945-5DAILY.m1",54.2087199899637,17455.982018,"SD",-11.7661346860511,60,1.76561059911351,13
"100804_P1_945LD_201022_RES.CFI-400945-5DAILY.m2",74.1051541289728,25624.768504,"PD",48.8513164136981,45,73.3976309151687,12
"108099_P3_TTK/TAX_210303_RES.ERIBULIN-LOW.m1",52.8465593617461,11688.9914795,"SD",5.6755414291086,28,25.3335467544742,14
"48602_P6_BMN_181010_RES.ERIBULIN-LOW.m1",74.3559890807852,13416.483458,"PD",9.21904532593128,14,35.5434159576694,14
"48602_P6_BMN_181010_RES.ERIBULIN-LOW.m2",43.5826114557629,12989.261995,"SD",-11.8589959473155,44,4.66296486841371,21
"108099_P1_BMN_200711_RES.CX-5461.m1",77.0109829574765,13031.99244175,"PD",77.6600586344595,15,40.8663479053861,15
"REF044_P1_ERIB_210122_RES.CFI-400945.m1",82.0037777729825,35347.88250275,"PD",86.2796160116861,19,51.8741627857695,10
"REF044_P1_ERIB_210122_RES.CFI-402257.m1",83.8165942291074,7500.483858,"SD",34.8490555789874,10,21.7911188304236,10
"REF044_P1_ERIB_210122_RES.ERIBULIN-LOW.m1",85.0220386063744,35613.34091225,"SD",-15.9041818226188,14,5.40483304747602,14
"REF044_P1_ERIB_210122_RES.CDX-011.m1",84.6956064159333,15423.207145,"PD",41.1459736133046,14,29.8657306000268,14
"108099.CFI-400945-52WEEKLY.m1",69.7192312974028,20342.6095605,"SD",-30.8981702749938,20,-22.1358747369547,27
"108099.CFI-400945-52WEEKLY.m2",-62.0748801283981,6664.28617425,"PR",-91.257699700042,41,-24.0207114807773,63
"108099.CDX-011.m1",52.9924301494923,18338.970441,"SD",-28.3263459160525,48,5.82985366153888,55
"108099.CFI-402257-3ON4OFF+PACLITAXEL.m1",74.6545684246544,27408.93143975,"PR",-73.796644899485,37,-48.0593384147425,37
"100534.CFI-402257-3ON4OFF.m1",70.4239948919239,7788.577023,"SD",-24.424927881318,12,-12.7075381747791,19
"100534.CFI-402257-3ON4OFF+PACLITAXEL.m1",23.8297368974728,6079.97087,"PD",-67.6517778582889,41,36.5484197623915,41
"100534.CFI-402257-3ON4OFF+PACLITAXEL.m2",77.2303813144393,32188.8623275,"SD",-17.8300371624595,10,-8.91501858122974,10
"REF036.CFI-402257-3ON4OFF.m1",85.5326475883215,6235.17552,"PD",55.4200523110676,14,17.7650435162461,14
"REF010_P6_CDX_201106_RES.CARBOPLATIN.m1",84.8558187914152,8847.7683855,"PD",54.6807843131347,11,26.4597946558808,11
"REF010_P6_CDX_201106_RES.PACLITAXEL.m1",-73.6467478789196,2065.95099625,"CR",-100,31,-64.7072613620072,56
"16720.CFI-402257-3ON4OFF+PACLITAXEL.m1",73.9536680737092,11555.550204,"SD",-21.0129986191154,12,-10.5064993095577,12
"16720.CFI-402257-3ON4OFF+PACLITAXEL.m2",83.7564063833714,11910.633906,"PD",64.5878965819528,16,40.2961935241809,16
"16720.CFI-402257-3ON4OFF+PACLITAXEL.m3",81.4056908709527,12900.634086,"SD",25.9938190737011,14,7.94274865341997,14
"REF019_P8_ERIB_200903_RES.ERIBULIN-LOW.m1",89.3978100508173,8103.736384,NA,NA,NA,NA,NA
"REF019_P8_ERIB_200903_RES.CFI-402257.m1",89.2255695397999,8344.939605,NA,NA,NA,NA,NA
"REF019_P8_ERIB_200903_RES.CARBOPLATIN.m1",86.5176411024609,10971.32199975,"PD",117.024161929518,11,58.96457886448,11
"95412.BMN-673.m1",12.491252382047,16942.50425775,"PR",-89.3545110537375,22,-38.620027219569,22
"38807_P1_BMN_190717_RES.BMN-673.m1",80.6540761937818,11888.1544465,"SD",15.2141802067947,11,3.96777958771816,11
"38807_P1_BMN_190717_RES.BMN-673.m2",82.5102894282656,23633.258875,"PD",62.801441808217,12,23.3225090881707,12
"38807_P1_BMN_190717_RES.BMN-673.m3",78.6596695377195,4540.11922,"PD",38.5187780167756,19,20.3105005184137,12
"38807_P1_BMN_190717_RES.CFI-400945.m1",-2.9271508098252,12655.879661,"CR",-99.7012580204006,54,-55.783553997105,107
"38807_P1_BMN_190717_RES.CFI-400945.m2",60.8220182332345,14388.124987,"PD",16.7200088236793,42,31.7380950305276,28
"REF034.H2O.m1",44.3114519209758,11413.152325,"SD",16.9758605920179,11,13.4543700061386,11
"REF034.CFI-400945.m1",-51.4387443803795,3329.783162,"CR",-99.4830048387438,55,-42.4297066495008,97
"REF034.BMN-673.m1",71.2701695467825,15253.061208,"SD",26.1197391100486,26,24.8315371276712,11
"REF034.CFI-402257.m1",8.76236462744238,19210.307948,"SD",-42.0200266554433,132,18.0964345262177,146
"100804.CFI-400945.m1",43.8458044015937,45402.28164825,"PR",-91.4965986394558,47,-34.4271569244982,54
"16720.H2O.m1",85.245091012985,62128.5445195,"PD",82.058104239977,11,48.9903013570383,11
"16720.H2O.m2",87.0515575862654,31000.71560125,"PD",127.618030034402,18,63.5986190676685,11
"16720.H2O.m3",84.9555402705376,21141.38169,"PD",51.2848675470007,13,32.4014810121562,13
"16720.H2O.m4",83.069930323473,47806.14656225,"SD",-32.4711663693734,14,0.108579320010118,14
"16720.H2O.m5",84.5993385693805,41650.64884875,"SD",-8.71002385685906,17,18.3635899480607,17
"16720.H2O.m6",84.5432538453627,43577.72181475,"SD",27.7833359399809,11,17.8706863729784,11
"16720.CDX-011.m1",45.5729502099376,17612.41316475,"SD",-9.67313080756936,39,14.7409097010335,47
"16720.CFI-400945.m1",84.9902664227872,23351.31886,"PD",57.5205082336956,11,27.9917687703829,11
"16720.CFI-400945.m2",85.4641536244903,13060.9158295,"PD",46.6894160214013,20,29.9285018238031,11
"16720.CFI-400945.m3",84.5686010768594,18800.995845,"PD",58.7953389775402,13,25.5295032394703,13
"REF020_P5_CARBO_210421_RES.H2O.m1",89.3082181334313,18590.100137,"PD",409.367225790518,12,209.321019281279,12
"REF020_P5_CARBO_210421_RES.CARBOPLATIN.m1",89.6037585368793,22815.20630025,"PD",1264.65123843616,12,533.58637151185,12
"REF020_P5_CARBO_210421_RES.PACLITAXEL.m1",88.7495971792521,6160.17476125,NA,NA,NA,NA,NA
"REF020_P5_CARBO_210421_RES.ERIBULIN-LOW.m1",89.5238272853362,11859.697319,NA,NA,NA,NA,NA
"REF039.BMN-673.m1",36.1640701570019,10756.47023275,"SD",-38.6655189699838,21,-3.31448580049411,21
"100804_P1_945LD_201022_RES.BMN-673.m1",66.6778848509451,7561.7635,"SD",-12.1915547749762,10,7.65753567961164,20
"100804_P1_945LD_201022_RES.CFI-402257.m1",62.0497172304954,7965.59512,"SD",-3.36144707799933,10,8.80911064780681,10
"38807_P1_CX_200226_RES.PACLITAXEL-15DAILY.m1",-35.8541280409571,5314.742047,"CR",-100,28,-90.0105528389252,266
"REF036.CFI-402257-HD+PACLITAXEL.m1",67.916584373583,23517.772277,"CR",-100,51,-49.9932852548456,51
"REF025.CDX-011.m1",-11.5582036432761,10731.31972975,"CR",-97.2383074320862,50,-58.8435862988032,106
"REF025.CDX-011.m2",-11.3200432327994,11725.2303075,"SD",-47.7526676857338,70,-2.76244804452274,116
"108099_P1_BMN_200711_RES.BMN-673.m1",88.1277157381782,18353.60894725,"PD",122.377574083584,26,71.2167453882525,13
"108099_P1_BMN_200711_RES.BMN-673.m2",74.8048772819381,15421.439155,"SD",-15.309676375847,15,-12.886712822137,22
"REF042.CFI-400945-52WEEKLY.m1",87.084545165269,1319.8183525,NA,NA,NA,NA,NA
"REF042.CFI-402257-3ON4OFF+PACLITAXEL.m1",54.4212376642744,29510.57664925,"SD",7.70710214737261,43,7.13391291903688,13
"REF042.CARBOPLATIN.m1",87.0295542108442,18005.70930725,"PD",119.299102287249,13,61.5744650819877,13
"108099_P1_ERIBLD_200605_RES.CFI-400945.m1",83.8465756460594,18293.061551,"PD",67.5716583540651,13,58.7340996097256,13
"REF020_P1_BMN_190918_RES.CX-5461.m1",45.760373101591,39945.9796255,"SD",-72.9922254534177,57,25.9548819922796,127
"BPTO95.CFI-400945.m1",-40.3968477459516,7403.4928185,"CR",-96.6367874378361,107,-46.1935717779011,160
"BPTO95.CFI-400945.m2",14.950375069991,11768.70165625,"PD",-67.4821290037495,83,37.5520462058123,83
"BPTO95.PALBOCICLIB.m1",-25.121528970482,6961.33827,"SD",-47.5830531572483,97,-25.2182232100996,97
"BPTO95.PALBOCICLIB.m2",-24.4919319120181,22410.01913425,"PR",-73.7194499613379,132,-32.7396044707535,259
"BPTO95.PALBOCICLIB.m3",-66.071204330177,4919.68088925,"CR",-97.3853551440732,63,-57.662519286492,77
"BPTO95.PALBOCICLIB.m4",-58.6214731256155,12724.05841575,"PR",-77.8171856983071,63,-30.6054571536397,70
"BPTO95.PALBOCICLIB.m5",26.0735899530464,9620.270947,"SD",-29.3585442897184,38,-7.75205816739651,38
"BPTO95.PALBOCICLIB.m6",-17.2953637971202,16455.9490885,"PR",-56.8187471289061,122,-20.4505565459147,10
"BPTO95.PALBOCICLIB.m7",-19.1990565716624,10116.198604,"SD",-59.3544488388941,98,-19.8007355421789,125
"BPTO95.PALBOCICLIB.m8",-15.2673706724284,15161.47735625,"SD",-53.2246010462918,76,-16.0832057974217,118
"REF023.CFI-400945-41.6WEEKLY.m1",79.3129748608752,28356.433504,"PD",36.5449349900327,13,22.0135694658168,13
"REF010_P5_945W_200529_RES.H2O.m1",87.9954176953735,12408.75449225,"PD",153.477282083596,12,76.738641041798,12
"REF010_P5_945W_200529_RES.H2O.m2",82.7502483456407,18639.66591475,"PD",44.6861187592798,13,32.6526898000004,13
"REF010_P5_945W_200529_RES.CFI-400945-52WEEKLY.m1",22.6999982025326,36139.98192225,"SD",-78.3935612812618,151,10.93608258386,12
"REF010_P5_945W_200529_RES.CFI-400945-52WEEKLY.m2",0.55511710958196,19314.84981,"PR",-76.1814024390244,26,-27.6985641851658,26
"REF010_P5_945W_200529_RES.CFI-400945-41.6WEEKLY.m1",75.8094095017574,28756.1790095,"SD",-3.44898522418478,12,-1.72449261209239,12
"REF036_P3_945_210218_RES.CFI-402257.m1",76.1886690703251,8517.88050075,"PD",17.5186640803419,13,39.130435339066,20
"REF036_P3_945_210218_RES.CX-5461.m1",79.7591146410344,9810.1392985,"PD",48.6127365436275,13,29.7476275992439,13
"REF019_P8_ERIB_200903_RES.CFI-402257+PACLITAXEL.m1",89.1442318418112,27280.64685,"PD",181.511492589696,14,65.136867909087,14
"REF019_P8_ERIB_200903_RES.CDX-011.m1",89.4111738134368,13097.6153685,NA,NA,NA,NA,NA
"DCPTOB19.PACLITAXEL.m1",32.5141020345339,43019.3346745,"SD",-37.6465539948933,112,-23.3727421895493,147
"DCPTOB19.ERIBULIN-LOW.m1",-19.73841587152,8353.484878,"CR",-100,47,-69.3780085901641,154
"DCPTOB19.ERIBULIN-LOW.m2",-9.68050312340657,26370.85463275,"CR",-100,40,-72.9952728514174,136
"DCPTOB19.BMN-673.m1",52.5392734077478,18280.884594,"SD",-33.8290199615026,13,-7.74268439871743,13
"REF036.PACLITAXEL-15DAILY.m1",71.401431518751,13666.1603235,"PD",-21.5692506362682,47,31.3033786299903,47
"REF036.PACLITAXEL-15DAILY.m2",44.8920248817381,17936.2421712,"SD",-26.8034971127556,14,-18.208903629191,27
"REF044.BMN-673.m1",88.2952891884722,14758.973072,"PD",163.763326435017,14,84.8697296404089,14
"BPTO95.H2O.m1",51.9098764168249,21165.67701125,"PR",-51.7201740701207,21,-25.5066758835202,21
"BPTO95.H2O.m2",47.0835223334304,14697.5282955,"SD",-9.88080234123,14,1.65570105170216,14
"BPTO95.H2O.m3",74.5652818472783,96694.09447175,"PD",71.0857600622329,13,37.2262632317203,13
"BPTO95.H2O.m4",78.1223284848701,35721.04725825,"SD",17.2219202332743,28,20.3576696537193,15
"BPTO95.H2O.m5",75.4851963588297,22879.707157,"PD",50.4209805778736,15,16.841695335351,15
"BPTO95.H2O.m6",77.2981464882842,16553.8747075,"SD",0.150692429535043,10,-1.33158662281054,10
"BPTO95.CFI-402257.m1",-4.42567305853661,6819.862056,"SD",-47.6400810164023,34,-19.4794752347981,56
"BPTO95.CFI-402257.m2",54.7860523412962,22131.706643,"SD",-23.1408294420522,34,-5.01339503838157,34
"REF044_P1_ERIB_210122_RES.BMN-673.m1",82.8059625962772,11745.527663,"PD",67.7656409345812,17,25.3892511746631,17
"REF023.H2O.m1",87.0571699815478,17208.9900815,"PD",72.6595062984778,14,39.0886254969285,14
"REF023.H2O.m2",87.0950015680323,28769.4217925,"PD",134.973036208699,14,77.6026639595367,14
"REF023.H2O.m3",86.5041885243032,14679.4498,"PD",79.174649142348,13,32.3221949951734,13
"REF023.H2O.m4",78.690294522418,32744.414525,"SD",-10.3316003389549,15,-5.46754994416271,15
"REF023.H2O.m5",82.412144720119,36839.205414,"SD",13.7310916266277,11,6.86554581331383,11
"REF023.H2O.m6",61.6466882229821,67650.5473515,"SD",-35.7285499398424,50,-19.7314857915356,50
"REF023.H2O.m7",85.7404633738309,70038.100158,"SD",18.0390795953324,13,10.4133459870734,13
"REF023.H2O.m8",40.5871625820307,14727.851381,"PR",-87.5,30,-48.6111111111111,62
"REF023.H2O.m9",87.0225769866869,30696.39414425,"PD",339.63710859553,13,152.437607922281,13
"REF023.H2O.m10",85.6513888877722,16147.52988375,"PD",109.927837968952,14,68.6752308458959,14
"REF023.H2O.m11",73.0136524916104,39254.7303605,"SD",-8.47200860716402,36,27.230969531673,36
"REF023.CFI-402257-3ON4OFF.m1",85.1265594262341,12497.4376275,"PD",39.6230432106456,14,12.9980093637068,14
"REF023.PACLITAXEL-15DAILY.m1",48.9551326687145,25185.453991,"SD",-24.8326193332022,21,-0.582580757676996,48
"REF023.CFI-402257-HD+PACLITAXEL-15DAILY.m1",18.4522280126215,25566.48148125,"PR",-59.4879956030597,35,-32.1610111331057,56
"38807_P2_ERIBLD_200206_RES.H2O.m1",83.4351618526332,30829.99903975,"PD",84.6356866035136,12,55.35172388569,12
"38807_P2_ERIBLD_200206_RES.PACLITAXEL.m1",29.2655057494097,21750.42242475,"CR",-99.6149201972939,64,-48.7185794231252,180
"REF044_P1_ERIB_210122_RES.H2O.m1",87.4775345604829,5595.87202925,"PD",183.237683418436,11,79.0066556412324,11
"REF044_P1_ERIB_210122_RES.CX-5461.m1",87.6287880001854,5825.4431035,"PD",170.87578947209,11,70.9937771240253,11
"REF044_P1_ERIB_210122_RES.PACLITAXEL.m1",86.5643415024924,9435.69447,"PD",111.499693340222,11,57.1105978522756,11
"REF044_P1_ERIB_210122_RES.CARBOPLATIN.m1",88.3212433124733,7750.1294905,"PD",200.722569682711,11,111.45413630472,11
"REF044_P1_ERIB_210122_RES.CFI-400945-52WEEKLY.m1",75.4417868810796,28021.84312325,"SD",-99.6879750385023,73,-6.28960724384948,73
"BXTO64_P7_ORG_P2_945_200423_RES.ERIBULIN-LOW.m1",-11.0077310795807,61755.491707,"CR",-99.7626042952627,382,-51.3100811346588,68
"BXTO64_P7_ORG_P2_945_200423_RES.ERIBULIN-LOW.m2",-53.752732789609,10126.625632,"CR",-100,105,-58.5036996292962,154
"BXTO64_P7_ORG_P2_945_200423_RES.ERIBULIN-LOW.m3",-12.7499443984534,23357.11735475,"CR",-100,52,-78.4395779880413,64
"48602_P6_BMN_181010_RES.CFI-400945-5DAILY.m1",85.1768754503463,12094.337598,"PD",59.463045868833,12,29.5865227693019,12
"48602_P6_BMN_181010_RES.CFI-402257-3ON4OFF+PACLITAXEL.m1",50.5985448144503,22463.9819085,"CR",-100,48,-75.0794208884232,102
"BXTO64_P7_ORG_P2_945_200423_RES.BMN-673.m1",69.7557107038451,9123.551726,"SD",-9.53917150749541,15,-1.22456261428305,19
"DCPTOB19.CFI-400945-5DAILY.m1",-45.4053914997329,6332.68305625,"CR",-100,84,-68.1029152213457,114
"DCPTOB19.CX-5461.m1",55.7675272017016,35277.149751,"SD",-74.4884125492838,64,-13.9168132258646,64
"DCPTOB19.CX-5461.m2",65.6812151152534,9212.32968025,"SD",10.1217344904999,16,4.04252817897334,16
"100804_P1_TAX_200813_RES.H2O.m1",80.8948455787775,60834.19117225,"PD",39.7547349706125,14,15.5403556942705,14
"100804_P1_TAX_200813_RES.PACLITAXEL.m1",80.7582035360484,32703.6159465,"CR",-97.8077134265791,56,-61.1506349322906,70
"100804_P1_TAX_200813_RES.CARBOPLATIN.m1",67.293413252728,41148.71118075,"SD",32.5238247217183,14,21.5997940313043,14
"38807_P3_945W_201125_RES.CFI-400945-52WEEKLY.m1",77.0059574384417,25262.22916375,"PD",35.1353933914585,15,21.1960703532531,15
"38807_P3_945W_201125_RES.BMN-673.m1",30.2688453166113,9399.5305805,"SD",-24.0193426568057,30,-1.46419155175202,36
"100672.CFI-402257-3ON4OFF.m1",81.4474638896817,17981.03871875,"SD",-0.344888888888888,11,-1.83719506172839,11
"100672.CFI-402257-3ON4OFF+PACLITAXEL.m1",-66.9759672994092,2823.23068125,"PR",-62.5158137923194,33,-29.0366323199444,33
"100672.CFI-402257-3ON4OFF+PACLITAXEL.m2",5.92649960293446,27872.897052,"CR",-96.7059367049855,36,-60.3490435790162,57
"16720.BMN-673.m1",69.3269293297088,20604.732171,"PD",49.3562884022306,32,44.2103658724167,10
"16720.BMN-673.m2",-15.5499385205979,14562.2116395,"SD",-44.6063556575258,67,-15.5975122505877,96
"16720.CFI-402257.m1",81.5446767452707,6119.429722,"SD",-20.8670872655878,10,3.73387188323012,10
"16720.CFI-402257.m2",80.4487497851973,14110.450079,"SD",10.4275916426715,14,-7.55560954881796,14
"16720.CFI-402257.m3",83.5536265703802,9425.9793005,"PD",63.5142212972598,14,36.1409095172961,14
"16720.CX-5461.m1",72.5105667279959,8969.7212685,"SD",26.5838184495059,18,24.1300597775638,18
"16720.CX-5461.m2",79.3402708775055,10325.61678825,"PD",61.4992931550977,15,41.0417618517027,15
"16720.CARBOPLATIN.m1",83.9555893090663,11774.802316,"PD",81.2536073725074,11,34.0350133060087,11
"16720.CARBOPLATIN.m2",84.2135601772655,24799.2867,"PD",42.5175826053605,14,21.3233581414321,14
"16720.CARBOPLATIN.m3",84.3469567147114,27116.724437,"PD",89.406059349377,14,52.5165581562266,14
"38807_P2_ERIBLD_200206_RES.CFI-402257.m1",50.8719473185646,11141.714512,"SD",-18.2184978417266,28,-13.6059027338129,28
"BXTO64.ERIBULIN-LOW.m1",57.9142102508226,85400.6229425,"PR",-96.5879101741421,52,-39.8616491834596,68
"BXTO64.ERIBULIN-LOW.m2",-6.50121800664243,17945.40700825,"PR",-94.3578879443111,26,-73.6202768432138,53
"REF009_P5_ERIB_210122_RES.H2O.m1",87.7192756287447,37631.6036885,"PD",141.875551529905,20,94.5723135856284,13
"REF009_P5_ERIB_210122_RES.CFI-400945.m1",82.9702408300846,14648.652612,"PD",63.5967818905006,20,42.4591319580256,13
"REF009_P5_ERIB_210122_RES.CARBOPLATIN.m1",87.4323890381827,18226.0547185,"PD",114.513388204638,13,64.4167183622534,13
"REF009_P5_ERIB_210122_RES.PACLITAXEL.m1",85.1239829147853,9518.28129025,"PD",68.2764744822566,13,36.5285382711247,13
"38807_P1_945LD_190502_RES.PACLITAXEL.m1",-21.3356002692278,1920.6470255,"CR",-100,56,-87.3249000093234,454
"REF035_P3_945_200603_RES.CFI-402257.m1",84.9450011724595,11922.806694,"PD",166.364300912146,13,64.1905888563843,13
"REF035_P3_945_200603_RES.PACLITAXEL.m1",86.1522313797127,10036.90481375,"PD",91.0824270148253,13,44.6632924052912,13
"REF035_P3_945_200603_RES.CDX-011.m1",87.5059480007526,13961.19516775,"PD",186.69639058748,13,74.622721454368,13
"REF023_P5_TTK/TAX_210610_RES.CFI-400945.m1",88.1452512470173,14514.9339345,"PD",197.648224788421,12,71.0782920103756,12
"REF043.CX-5461.m1",78.4435329325477,19442.086786,"PD",38.6070402448027,16,22.8916198539172,16
"REF036.ERIBULIN.m1",-13.3894264284111,24162.720808,"CR",-99.6360389831366,22,-77.6097671850563,84
"REF036.ERIBULIN.m2",-81.5951627854115,5010.18402025,"PR",-73.3572289617418,33,-43.5197514606627,33
"REF010.CFI-400945-41.6WEEKLY.m1",30.1780779776993,62586.143598,"CR",-97.5563505561746,33,-44.3331486341629,40
"REF010.BMN-673.m1",85.1731753114825,16148.4041,"PD",42.6070907290119,12,22.1597227652236,12
"REF010.BMN-673.m2",79.0324372999509,17814.255502,"PD",55.0387307947676,12,27.2707741730611,12
"REF010.BMN-673.m3",77.6696037795856,17840.16621,"SD",6.97413402959095,14,9.53498005995552,14
"100672_P1_CDX_200117_RES.CDX-011.m1",48.1146357404499,12923.055728,"SD",7.41251200928362,56,12.5449242404941,16
"REF009.PACLITAXEL-10DAILY.m1",85.3194216635667,12719.44794825,"PD",164.358561460011,14,63.3879048130256,14
"REF009.ERIBULIN.m1",7.86431972414776,30807.69836475,"CR",-99.6306610087627,143,-61.3929099748212,80
"REF009.CFI-400945-52WEEKLY.m1",60.0447430515609,8617.42327375,"SD",9.33919603655465,34,9.34308278302714,14
"REF009.CFI-400945-52WEEKLY.m2",-65.146145486538,3181.384267,"PR",-76.0187856842343,20,-39.2096115079681,42
"100534_P1_ERIBLD_191224_RES.CFI-400945.m1",87.7276827492533,19707.8659745,"PD",196.917962006585,13,91.484465873855,13
"100534_P1_ERIBLD_191224_RES.BMN-673.m1",49.7511333518927,9825.5058585,"CR",-96.5107227083156,55,-50.3078553153201,55
"100534_P1_ERIBLD_191224_RES.CFI-402257.m1",77.7992475983681,7548.6631,"SD",28.7792382174059,13,16.5451783403485,13
"100534_P1_ERIBLD_191224_RES.CARBOPLATIN.m1",65.6297677552956,36698.6585795,"SD",-42.4277849566288,64,-15.0399633180556,13
"100534_P1_ERIBLD_191224_RES.CARBOPLATIN.m2",70.7155283468644,3683.2653535,"PD",33.2593365391149,24,35.3114323221664,10
"100534_P1_ERIBLD_191224_RES.ERIBULIN.m1",48.7311696771239,24978.551355,"CR",-95.3780707505748,20,-54.8642704805995,55
"REF044_P3_TAX_210519_RES.CARBOPLATIN.m1",88.0217212678009,14601.20322625,"PD",360.436469530135,13,175.452000609272,13
"REF044_P3_TAX_210519_RES.CFI-400945-52WEEKLY.m1",86.9984943505395,25488.02662725,"PD",141.003586139028,13,90.3276934351783,13
"REF044_P3_TAX_210519_RES.CDX-011.m1",85.3169929366139,34075.29743,"PD",51.9004985535185,44,91.5244896703744,13
"REF044_P3_TAX_210519_RES.ERIBULIN-LOW.m1",85.6898434834427,31113.64454625,"SD",-13.5358484910115,13,9.97767089297514,13
"108045.CARBOPLATIN.m1",88.1838587202309,10263.50946375,"PD",173.004639529797,13,81.0606104489604,13
"108045.CFI-402257-3ON4OFF+PACLITAXEL.m1",-70.5871802608252,6289.020835,"CR",-98.4760344511462,42,-63.108243394987,56
"REF044.ERIBULIN-LOW.m1",50.4810240085052,16997.8471675,"PR",-91.7541515556404,42,-42.7855740408475,42
"REF044.ERIBULIN-LOW.m2",85.2361609066624,23139.274861,"PD",63.5026274543161,12,31.6171655688993,12
"REF044.ERIBULIN-LOW.m3",83.6326290768154,32974.484919,"PR",-90.1642956061941,40,-57.7982685371699,40
"REF044.ERIBULIN-LOW.m4",-78.6787562915884,6073.6965325,"SD",-32.0019633102698,12,-17.9168673347858,12
"REF044.ERIBULIN-LOW.m5",78.0817731845124,61511.0252995,"SD",-0.427780425711648,35,19.4801954292158,35
"REF044.CDX-011.m1",-6.12501228374365,23344.8482945,"PR",-56.2853400772789,42,-30.9327192194524,77
"REF044.CDX-011.m2",83.8324742906944,12831.14798175,"PD",76.8988859654932,14,52.8716069281897,14
"REF044.CDX-011.m3",-34.412299558783,4867.34089275,"CR",-100,21,-90.8011629442081,588
"REF023.CX-5461.m1",80.6896282216651,9532.0234295,"PD",101.853081608561,22,75.3639781313076,14
"REF023.CX-5461.m2",43.1905224134616,10403.5112595,"SD",-5.74389425009472,49,12.247369611961,12
"REF023.CX-5461.m3",22.4880073410414,15379.48268475,"SD",-82.2555817285725,90,-15.0441684479649,90
"REF023.CDX-011.m1",83.4098439819575,9847.261225,"PD",36.3528102471129,14,25.6125315032765,14
"REF023.CDX-011.m2",87.2380265957196,13405.20514925,"SD",15.2609133127291,13,1.70932021006143,13
"REF023.CFI-402257-3ON4OFF+PACLITAXEL.m1",20.1171696077738,24138.46349775,"CR",-96.4703247294631,30,-56.7971751964689,30
"REF023.CFI-402257-3ON4OFF+PACLITAXEL.m2",16.7706422685045,26597.26768075,"SD",-52.7644852577828,38,-17.8036011838861,53
"BPTO51_P9_ORG_P1_ERIB_201008_RES.H2O.m1",85.4286100367148,22761.40932925,"SD",17.0606562769841,14,5.85683809220279,14
"BPTO51_P9_ORG_P1_ERIB_201008_RES.CFI-402257.m1",78.5611486551798,16390.56735125,"SD",-16.9224238912217,14,-10.2113002704809,14
"BPTO51_P9_ORG_P1_ERIB_201008_RES.ERIBULIN-LOW.m1",78.040468713336,40091.931023,"SD",27.9614811640472,21,22.9510580518991,14
"BPTO51_P9_ORG_P1_ERIB_201008_RES.PACLITAXEL.m1",23.7002517151771,58795.38675625,"SD",-85.3678407771354,99,-9.52166738989275,113
"REF023.CARBOPLATIN.m1",86.3688318162997,16198.97381975,"PD",79.2111147229097,13,45.2232638826569,13
"REF023.CARBOPLATIN.m2",21.0725108342207,15938.2915645,"SD",-17.2705562523895,55,-3.89957969731145,34
"REF025.CFI-402257-3ON4OFF.m1",72.8137557340103,8913.92598775,"SD",21.9626060935383,14,24.0410232600064,14
"REF025.CFI-400945-52WEEKLY.m1",47.4381971969035,13330.9773135,"SD",-7.56988013913133,35,6.56724748144642,35
"38807_P3_945W_201125_RES.H2O.m1",83.7194363167471,20105.47259375,"PD",55.9630008598724,12,25.7880932896139,12
"38807_P3_945W_201125_RES.CARBOPLATIN.m1",81.1529120495492,20724.37057325,"PD",71.4238355125366,12,37.7935010546204,12
"38807_P3_945W_201125_RES.CFI-402257.m1",81.1631240753191,6949.8929995,"PD",70.5080362803276,12,20.0425864352081,12
"REF036.BMN-673.m1",83.9437706156625,6254.857925,"SD",23.9965079916422,12,17.5886094768413,12
"REF036.BMN-673.m2",54.5302281256339,5542.5431575,"SD",-17.9819509663701,13,-7.07701005396146,13
"REF036.BMN-673.m3",82.190613684134,3733.1308625,"PD",51.4157590153001,17,26.2668594724146,17
"REF036_P3_945_210218_RES.CFI-400945.m1",85.7792216062246,19943.411286,"PD",122.651701606008,18,70.9105849273916,12
"REF036_P3_945_210218_RES.CFI-400945.m2",79.3396084897797,45226.53699625,"PD",50.7812495496019,26,89.6839909327032,26
"108099_P1_BMN_200711_RES.CARBOPLATIN.m1",79.5976224032129,19076.6252425,"PD",58.688567857473,14,35.3388780302829,14
"REF020.ERIBULIN-EXTRALOW.m1",80.5138804792408,21416.5042705,"PD",65.1644644980503,16,39.6592203789521,16
"REF020_P3_CDX_210108_RES.H2O.m1",87.498844008328,31123.28106875,"PD",91.4049832660098,11,47.8870631633712,11
"REF020_P3_CDX_210108_RES.CFI-400945.m1",80.3336167807146,11628.8871535,"PD",44.9604451260834,11,19.7020854822794,11
"REF020_P3_CDX_210108_RES.CDX-011.m1",66.2611412510092,57086.421408,"SD",-45.4414303067651,39,-7.04298582937387,70
"48602_P6_BMN_181010_RES.CFI-400945-52WEEKLY.m1",34.7922496520434,40207.64264175,"SD",-48.2489563642092,118,24.1929608165752,132
"100672_P1_CDX_200117_RES.PACLITAXEL.m1",50.7539063053812,12450.39478,"PR",-62.8221542148818,34,-27.4356713041372,34
"100672_P1_CDX_200117_RES.CARBOPLATIN.m1",17.3314291014923,35073.5871725,"SD",-58.1661636443211,119,-4.08135862194152,139
"REF022_P4_ERIB_200903_RES.CFI-400945-52WEEKLY.m1",-75.962481298396,1865.753392,NA,NA,NA,NA,NA
"REF022_P4_ERIB_200903_RES.CDX-011.m1",67.9077554339943,8465.498628,"SD",-9.08964529390676,11,14.2423972178517,11
"REF022_P4_ERIB_200903_RES.CX-5461.m1",74.9283276994362,20579.00505125,"SD",16.5132822018617,19,16.077688260474,11
"REF010.H2O.m1",0.370999534151044,44276.979436,"SD",-46.5510371204729,146,-37.7701050141347,217
"REF010.H2O.m2",71.3264149277476,45818.903234,"SD",3.99108214714458,16,11.554464679551,16
"REF010.H2O.m3",82.9381261393681,27863.9795975,"PD",35.2618139439177,13,20.5068070744837,10
"REF010.H2O.m4",86.745028788271,22188.4441655,"PD",49.9616487413802,10,24.9808243706901,10
"REF010.H2O.m5",86.0559101218257,65396.8937825,"PD",121.005234522241,21,48.3438255587739,21
"REF010.H2O.m6",80.7701019977962,13707.4540395,"PD",35.4554678198361,10,18.4960654036088,10
"REF010.H2O.m7",73.2409182033677,77829.5937945,"SD",13.6381456641702,48,18.0757183463689,12
"REF010.H2O.m8",85.6730259323812,19910.557404,"PD",59.701889805696,12,21.1051198160793,12
"REF010.H2O.m9",87.230179896196,30841.50305925,"PD",175.482536434856,13,70.3166353501938,13
"REF010.H2O.m10",80.8251513401246,61193.701328,"PD",111.726234178489,13,50.7474532333554,13
"REF010.H2O.m11",82.4887982407,77153.12181075,"SD",29.2381732620946,11,9.65664630674683,11
"REF010.CFI-400945.m1",-4.32737379865087,28272.3927,"CR",-96.8795940663921,20,-79.4525718288192,162
"REF010.CFI-400945.m2",-73.6886115158846,3249.87421425,"PR",-65.071596579066,27,-28.5639090909737,30
"REF010.CFI-400945.m3",-1.29125316977718,24382.962396,"PR",-91.5405026633318,50,-59.4314070666254,99
"REF010.CFI-400945.m4",-69.9021088992454,4373.58230125,"SD",-59.1744178345008,27,-12.0493513837478,27
"REF010.CFI-400945.m5",-72.23435097695,4620.70784925,"PR",-97.3471733070456,43,-39.0509986146055,43
"REF010.CFI-400945.m6",-29.5863467972155,11880.06467475,"PR",-91.0631027167651,41,-72.5467090949837,111
"REF010.CFI-400945.m7",-53.7430516999851,8208.334433,"PR",-93.3697133397036,28,-61.1549969921582,49
"REF020_P1_BMN_190918_RES.CFI-402257.m1",87.9537722081716,9901.693121,"PD",167.098057496461,12,66.0791396544678,12
"REF020_P1_BMN_190918_RES.CFI-402257.m2",86.1945912722832,16149.33437525,"PD",71.5575196853253,12,47.6372012667675,12
"100672_P1_CARBO_200123_RES.H2O.m1",85.5817264237391,33326.1943745,"PD",105.891543623718,14,61.0442255087101,14
"100672_P1_CARBO_200123_RES.PACLITAXEL.m1",55.5091949763785,74375.9637275,"PD",113.105498814378,148,88.9263556324062,14
"100672_P1_CARBO_200123_RES.CARBOPLATIN.m1",85.3692717047393,7097.019508,"PD",132.389467540722,14,66.9222779512193,14
"100672_P1_CARBO_200123_RES.ERIBULIN-LOW.m1",43.6289610957685,29467.20204675,"CR",-100,29,-71.9476497853944,78
"100672_P1_CARBO_200123_RES.CDX-011.m1",85.2623279077544,7489.26991,"PD",219.935418276949,14,109.967709138474,14
"108099_P2_945_200925_RES.CARBOPLATIN.m1",48.9989113563468,20197.20299325,"SD",-97.4088257526107,73,0.934747647629172,98
"100534_P5_CARBO_210407_RES.CFI-402257.m1",82.8803460506072,6747.85269,"PD",41.5574425378764,12,16.7344656718699,12
"100534_P5_CARBO_210407_RES.CFI-402257-3ON4OFF+PACLITAXEL.m1",78.2815026243073,11473.59879775,"SD",-13.7813520748604,12,1.61996459748088,12
"100534_P5_CARBO_210407_RES.BMN-673.m1",85.664168854236,5289.998625,"PD",105.207100591716,12,48.8077263143576,12
"REF036_P1_ERIBLD_191212_RES.CFI-402257.m1",75.6785078679314,9177.516163,"SD",-25.5829097133343,14,-23.780071930524,14
"REF036_P1_ERIBLD_191212_RES.CDX-011.m1",81.711619491265,9222.75816625,"PD",63.632286924206,22,26.3800873235599,14
"REF036_P1_ERIBLD_191212_RES.ERIBULIN.m1",85.4810434898767,26940.11190475,"SD",-49.2320010780572,22,-14.9812826114189,22
"REF036_P1_ERIBLD_191212_RES.ERIBULIN.m2",87.972976874783,11939.3200485,"PD",274.058728129365,12,112.028462406579,12
"100672.CX-5461.m1",50.3434482028052,18900.0279595,"SD",-30.2332607994576,46,-0.280669116748723,58
"100804_P2_945_210504_RES.CFI-402257.m1",82.5942369714732,8325.823664,"PD",150.216991996685,19,103.080622534297,12
"REF043.CFI-400945-5DAILY.m1",86.9679325899658,11830.25180225,"PD",104.541997808709,11,48.8220883217505,11
"REF043.BMN-673.m1",-23.7113094854731,21301.80371875,"PR",-86.2965283314406,82,-46.6045661284418,102
"REF043.CFI-402257.m1",75.0058228018589,8894.73661,"SD",4.84172339565326,17,8.48700469129597,17
"REF042.CDX-011.m1",81.3972175298964,9054.66219725,"PD",85.9237040440214,23,61.0154119075515,16
"108099_P3_TTK/TAX_210303_RES.H2O.m1",81.2390907420622,29369.131677,"SD",28.4521941049801,13,7.27813412997179,13
"108099_P3_TTK/TAX_210303_RES.BMN-673.m1",26.0180557073327,12198.398704,"PR",-75.8666522165731,27,-42.0851231332829,27
"108099_P3_TTK/TAX_210303_RES.CFI-402257.m1",75.9687573395363,9033.5217065,"SD",-15.6689400135017,13,-7.83271209765307,20
"108099_P3_TTK/TAX_210303_RES.CFI-400945.m1",77.4102511439598,20366.26397075,"SD",4.64574596622537,13,1.67944351515851,13
"REF044.CFI-400945-5DAILY.m1",83.3435672068548,7748.776478,"PD",130.994309735317,12,49.6058840683815,12
"REF044_P1_TTK/TAX_210707_RES.CARBOPLATIN.m1",87.6316353839768,18321.6015325,"PD",197.006459408295,13,111.645536849416,13
"100804_P1_TAX_200813_RES.BMN-673.m1",86.8988496800499,9188.28127825,"SD",1.61791286000044,10,-4.22086834200256,10
"BPTO51_P9_ORG_P1_945_200708_RES.CFI-402257.m1",82.383785529328,8757.612863,"SD",-1.5576957045154,12,4.38621932436863,12
"38807_P1_945_190502_RES.H2O.m1",68.6910875668723,15061.237445,"SD",-0.36557714759671,10,10.6417599391757,10
"38807_P1_945_190502_RES.H2O.m2",76.9783990601625,39892.87580275,"SD",19.8083067092652,15,20.9144557054187,15
"38807_P1_945_190502_RES.CFI-402257.m1",7.4073731433445,8856.92805625,"SD",-48.298788589763,33,-22.1455854412101,48
"REF041.CFI-400945.m1",51.275626750457,6227.038791,"SD",4.04694620699313,41,18.437848012296,20
"REF041.CFI-400945.m2",6.77447806117397,22570.60931,"SD",-84.2428559209698,66,10.4779909668145,66
"REF041.CFI-400945.m3",-38.7122556393215,9375.3730495,"PR",-58.4061469257572,93,-24.7399510000748,93
"REF041.BMN-673.m1",58.1664471675358,25543.3943255,"SD",-22.6064218328313,13,-16.2994173832712,13
"REF041.BMN-673.m2",54.6670421696374,21154.9175075,"SD",12.1579680358302,31,5.98738241623828,18
"REF022_P4_ERIB_200903_RES.CARBOPLATIN.m1",81.8571546282493,13226.84033125,"SD",31.5390300696417,14,19.2455052729728,14
"REF022_P4_ERIB_200903_RES.CFI-400945.m1",82.842917146618,13783.5060545,"PD",78.7330085807455,14,35.9817759812911,14
"38807_P1_BMN_190717_RES.CFI-400945-5DAILY.m1",85.0900515474992,7527.93833,"PD",55.3176815634125,13,32.2656844015031,13
"38807_P1_BMN_190717_RES.PACLITAXEL.m1",-8.45712964789861,5543.50772825,"CR",-100,27,-68.3264445910153,118
"38807_P1_BMN_190717_RES.CX-5461.m1",82.022752388701,10157.7527005,"PD",56.1362894536697,13,46.9746578173195,13
"38807_P1_BMN_190717_RES.ERIBULIN-LOW.m1",28.8530488418017,22379.699021,"CR",-100,37,-52.3055762395409,73
"DCPTOB19.CFI-402257.m1",75.263692167208,10267.97496725,"PD",17.0494950656384,27,36.5833924610374,11
"DCPTOB19.CFI-402257.m2",-27.8270785762832,11934.765667,"PR",-51.6069624455157,63,-20.0542544669919,77
"38807.PACLITAXEL-15DAILY.m1",6.22188246228928,30664.72827656,"CR",-100,179,-63.7386204024952,99
"38807.PACLITAXEL-15DAILY.m2",76.2090902477916,12550.277592,"SD",-15.4350761665388,10,-7.71753808326941,10
"48602_P6_BMN_181010_RES.BMN-673.m1",83.5733006679836,17754.653658,"PD",81.8430367709214,12,52.7599764018033,12
"48602_P6_BMN_181010_RES.BMN-673.m2",72.3084992608802,8018.118107,"SD",20.2651579181503,17,18.9645990145085,10
"48602_P6_BMN_181010_RES.BMN-673.m3",71.4314403728375,32530.62596225,"SD",-2.26538620654901,70,24.6270685575672,14
"48602_P6_BMN_181010_RES.BMN-673.m4",66.6850367969955,20584.90549,"SD",-29.1548885865215,34,1.25900611334403,40
"48602_P6_BMN_181010_RES.CDX-011.m1",84.5087212681459,11719.7593585,"PD",99.7436971534282,16,59.3939828222074,16
"REF035.H2O.m1",84.6934881995218,20818.41752325,"PD",47.5250986996275,11,23.7625493498138,11
"REF035.H2O.m2",88.4059360870064,34535.9630345,"PD",84.2299598951438,18,50.9347723353645,11
"REF035.H2O.m3",88.386192412194,19823.4735345,"PD",239.985802250876,14,160.604970454652,14
"REF035.H2O.m4",86.0073753460694,79795.379938,"PD",46.41621321209,16,28.355407052802,10
"REF035.H2O.m5",84.610419099434,27846.25781675,"PD",37.543720190779,12,24.1678921092882,12
"REF035.H2O.m6",86.69756906734,24468.59092275,"PD",87.9839326272054,11,39.0120427627671,11
"REF035.H2O.m7",88.6215712258489,31212.15460275,"PD",172.077360310216,11,69.8359924610527,11
"REF035.H2O.m8",88.6215712258489,31212.15460275,"PD",172.077360310216,11,69.8359924610527,11
"REF035.H2O.m9",85.330989157747,32606.7039575,"PD",76.6168816463203,20,31.2816818710108,12
"REF035.H2O.m10",88.6475833770772,5052.93144,NA,NA,NA,NA,NA
"REF035.H2O.m11",87.743748020015,9108.09212175,"PD",107.537205722718,11,52.6323320328622,11
"REF035.H2O.m12",88.6599734839255,18039.08997225,"PD",301.81545555681,13,136.423714663824,13
"REF035.H2O.m13",88.0629489800321,13138.945456,"PD",269.645901259273,13,127.198672481488,13
"REF035.H2O.m14",88.1551450135958,19942.87593925,"PD",200.123077976956,19,80.5676670055919,12
"REF035.H2O.m15",80.3879450877708,22306.70351425,"SD",-24.446720500614,15,-14.2337235857009,15
"REF035.H2O.m16",87.8195857240302,25563.02335525,"PD",103.168523311019,10,55.0973093312383,10
"REF035.CARBOPLATIN.m1",84.5631288108701,10000.34612575,"PD",96.6176084360634,11,48.3088042180317,11
"REF035.CARBOPLATIN.m2",86.8784359281762,14232.77331175,"PD",97.2959560952569,18,68.3515377806674,11
"REF035.CARBOPLATIN.m3",87.9552440460408,3419.433381,NA,NA,NA,NA,NA
"REF035.CARBOPLATIN.m4",85.5311259688677,6705.05823,"PD",132.109237957607,19,46.2064600381832,12
"108045.CX-5461.m1",84.8306279655762,9623.97042875,"PD",40.9434944261658,11,13.3419872578651,11
"108045.CFI-400945-5DAILY.m1",86.7681023167419,17138.8597226,"PD",129.418029505803,20,66.071771095837,11
"38807_P1_CX_200226_RES.CFI-400945-52WEEKLY.m1",72.2248103934681,32818.15332075,"PD",41.8690628083622,72,40.5268475161703,14
"REF044_P3_TAX_210519_RES.H2O.m1",86.5783484324196,13590.80034975,"PD",103.768880574362,11,39.3493122383337,11
"REF044_P3_TAX_210519_RES.CFI-400945.m1",85.890649182773,12281.631802,"PD",67.7078448915244,11,28.8800430400449,11
"REF044_P3_TAX_210519_RES.CFI-402257.m1",78.0023312095799,8830.217187,"PD",51.7245890394612,11,36.1802024137735,11
"REF044_P3_TAX_210519_RES.BMN-673.m1",56.1978328728247,10231.77269375,"SD",4.24073974351689,47,9.77429185279513,11
"REF044_P3_TAX_210519_RES.PACLITAXEL.m1",84.4012417716043,26321.586181,"PD",61.5670015552211,11,26.1298091548115,11
"REF009_P4_TAX_191022_RES.ERIBULIN-LOW.m1",13.3468441211023,23387.099982,"CR",-95.9643435221821,45,-40.1778298686864,81
"95412.CFI-402257.m1",72.7053810977291,6851.3719635,"SD",-18.2079112577761,13,-6.00695794070357,13
"REF032.H2O.m1",78.3213277017435,37192.8534455,"PD",67.5427084694869,15,43.1193499072684,15
"REF032.H2O.m2",82.1849627674966,31391.917375,"SD",-5.32070281013137,12,3.04372069510143,12
"REF032.H2O.m3",76.7782829621704,7688.84619075,"SD",22.9218108828382,13,5.49930148023702,13
"REF032.H2O.m4",88.0600135464225,33992.74927,"PD",267.305498702602,14,146.486805674304,14
"REF032.H2O.m5",87.3429628485392,25537.6072735,"PD",238.075264275277,28,185.292938990726,13
"REF032.ERIBULIN.m1",-21.3696376018208,16927.98489075,"CR",-100,98,-70.2196955712432,169
"REF032.CFI-400945-52WEEKLY.m1",5.98735250009861,28118.6617885,"SD",-100,66,13.7522403766736,136
"REF032.CFI-400945-52WEEKLY.m2",65.3929840516224,16050.280442,"SD",-5.19234597366571,29,9.06712673234292,29
"REF025.PACLITAXEL.m1",-13.8685072982398,20647.4879025,"PR",-96.942605115682,210,-36.6827056421032,260
"REF025_P3_945W_201106_RES.CFI-400945-52WEEKLY.m1",75.2297906657375,783.174434,NA,NA,NA,NA,NA
"REF025_P3_945W_201106_RES.CFI-400945-52WEEKLY.m2",44.893555828968,12321.78757,"SD",20.0161162708271,56,10.4926479928862,14
"REF025_P3_945W_201106_RES.CFI-400945-52WEEKLY.m3",-23.6433917485288,4451.351603,"SD",-17.1254060226215,27,-4.73160206761543,41
"REF025_P3_945W_201106_RES.BMN-673.m1",79.6039422474786,13445.46896725,"SD",30.548555445349,20,19.0325155604616,14
"REF032.CX-5461.m1",-11.9058706034751,14121.11096725,"CR",-96.7709189998432,89,-48.2033944460544,110
"REF032.CX-5461.m2",-36.6608569607467,3478.2631155,"SD",-48.2805422384417,28,5.17222159104052,28
"REF035.ERIBULIN-LOW.m1",14.4554332492149,37048.193313,"CR",-99.7844206522549,54,-61.4145883807914,81
"REF035.CDX-011.m1",88.0529085034058,16201.387651,"PD",84.6195085945197,11,56.6034795821905,11
"REF035.CDX-011.m2",67.9251332773004,48581.3726135,"SD",-22.1251823608201,10,-11.4840310802885,16
"REF035.CDX-011.m3",88.2053060172413,11421.200217,"PD",396.086473916393,14,237.060372612264,14
"REF035.CDX-011.m4",88.6750553807528,5028.621749,NA,NA,NA,NA,NA
"REF035.CFI-400945-52WEEKLY.m1",-65.1494254159203,21006.20147225,"PR",-71.3481038802491,60,-22.7392856674327,95
"REF035.CFI-400945-52WEEKLY.m2",-35.4999551877224,15617.490815,"CR",-100,33,-52.3327517111395,47
"BXTO64.ERIBULIN.m1",-12.6224445072678,41546.86582425,"CR",-100,13,-90.4845713707081,102
"BXTO64.CFI-400945-5DAILY.m1",24.0248258549968,43500.05936175,"CR",-99.773419891557,18,-80.8158868009313,48
"BXTO64.CFI-400945-5DAILY.m2",87.1205741894756,6482.217045,"PD",137.132720377353,13,97.5480418122589,13
"REF002.CFI-402257-HD+PACLITAXEL-15DAILY.m1",-18.3840292901325,18359.751055,"SD",-37.1564608015655,43,-11.1162419472044,71
"104987.H2O.m1",86.4635747565122,6374.12135325,"PD",123.620225765313,13,56.1954637726816,13
"104987.CFI-400945.m1",85.7473617287936,4398.9469715,"PD",99.7718252981481,13,38.1963854986169,13
"104987.BMN-673.m1",87.4832499390357,8153.30737425,"PD",147.948978758473,13,51.0254697163268,13
"104987.CARBOPLATIN.m1",85.7773841284802,6285.16391475,"PD",132.32773164981,13,67.8979843994561,13
"104987.CFI-400945-52WEEKLY.m1",82.4653325198674,4132.550027,"PD",37.3768575016475,13,19.8417546785341,13
"108099_P2_945_200925_RES.H2O.m1",80.4328275120322,13285.889347,"SD",28.3910640763455,11,7.66082908214944,11
"108099_P2_945_200925_RES.CFI-402257.m1",76.3864283240143,11157.3526515,"SD",-20.9471055683366,11,-10.5465436776883,11
"108099_P2_945_200925_RES.BMN-673.m1",63.4493915253828,12632.2203455,"SD",-84.1666007625858,47,-17.1482402619346,47
"108099_P2_945_200925_RES.CFI-400945.m1",79.597260751438,27197.79035875,"PD",71.3505707028849,11,33.9086237187407,11
"REF010_P6_CDX_201106_RES.BMN-673.m1",81.0095241080035,6415.5939775,"PD",69.0376110587551,19,38.2887275491915,12
"REF044.CFI-400945-41.6WEEKLY.m1",88.9581533272513,7192.558406,NA,NA,NA,NA,NA
"REF044.ERIBULIN-EXTRALOW.m1",10.6251609108833,20287.82717675,"SD",-40.3958184294647,51,-3.72028914489721,72
"REF048.CX-5461.m1",37.2633704598421,48215.34060275,"CR",-99.6694523809662,59,-58.2785724238031,85
"REF048.CFI-402257.m1",88.4603570537604,20476.323402,"PD",580.857818461984,18,228.98749687297,18
"108099_P3_TTK/TAX_210303_RES.CFI-402257-3ON4OFF+PACLITAXEL.m1",81.1916791275906,21168.15413875,"PD",40.5030754092861,11,6.11034731685864,11
"REF035.BMN-673.m1",81.232396985236,16787.5955555,"PD",66.0345742373407,26,55.7976330823411,14
"REF035.BMN-673.m2",88.2657166596772,8000.325766,"PD",161.290538254052,11,77.7025797060786,11
"REF035.BMN-673.m3",88.2657166596772,8000.325766,"PD",161.290538254052,11,77.7025797060786,11
"REF035.BMN-673.m4",83.065644995233,21350.818925,"PD",42.2866946757447,12,15.6146091128555,12
"REF035.CFI-402257-3ON4OFF.m1",87.4415305395113,10857.35518675,"PD",118.520223450411,14,85.2815930411993,14
"REF035.CFI-402257-3ON4OFF.m2",82.5197707828201,25041.135445,"SD",12.9814625372138,12,6.0661039197591,12
"REF024_P1_BMN_190905_RES.BMN-673.m1",17.0012631028723,10700.9335,"SD",-28.4204235491134,40,-14.2384483313875,40
"REF024_P1_BMN_190905_RES.BMN-673.m2",-31.1347927104524,3312.292883,"SD",-40.2857675953852,12,-26.4885720240555,12
"REF024_P1_BMN_190905_RES.BMN-673.m3",-2.12053275524418,18568.403222,"SD",-31.5520558258921,102,-11.5415515996718,26
"REF024_P1_BMN_190905_RES.BMN-673.m4",73.9281441526314,12843.31680275,"PD",39.3249879730406,24,43.8467067916159,10
"REF036.CFI-400945.m1",19.0895888770622,42212.14138525,"CR",-98.1254880321198,45,-61.2320470373631,75
"REF036.CFI-400945.m2",78.3109510984846,10120.732777,"SD",22.7606929424716,13,13.7003028837697,13
"REF036.CFI-400945.m3",80.3890039108633,18503.28246175,"PD",47.7294197495368,27,57.0505005634231,13
"100804.CFI-400945-5DAILY.m1",60.98690363453,65292.22655,"SD",-62.1348215011378,94,7.45215673161421,43
"100804.CFI-402257-3ON4OFF+PACLITAXEL.m1",-18.9614977913903,1578.1555,NA,NA,NA,NA,NA
"100804.ERIBULIN.m1",-10.0283832431232,10360.437004,"CR",-100,28,-81.1607167437997,205
"100804.CFI-400945-52WEEKLY.m1",50.3527965512838,49713.687856,"CR",-99.5982903236173,28,-65.8570815390301,79
"100804.PACLITAXEL-15DAILY.m1",70.4275144230003,12022.871382,"PD",38.1204918032787,15,20.4613718932585,15
"REF036_P5_945W80%_210324_RES.CFI-400945-41.6WEEKLY.m1",41.2650347990928,35859.7976795,"PR",-85.1899068622863,152,-23.3599020370482,38
"REF036_P5_945W80%_210324_RES.BMN-673.m1",74.4785097048439,8661.1297,"SD",-17.3839934377304,10,5.12541638348496,10
"REF036_P5_945W80%_210324_RES.CFI-402257.m1",81.346545192661,5982.82011,"SD",7.93462561544257,10,10.2574409335914,10
"REF032.CDX-011.m1",78.9033734788171,20036.84082675,"PD",41.8736177137522,29,40.8121449468676,15
"REF032.ERIBULIN-LOW.m1",-34.2598025014328,32436.85080375,"PR",-66.5232152611812,119,-30.4645196238012,131
"REF020.CFI-402257-HD.m1",86.6551600421082,11777.650225,"PD",150.092827609232,10,75.0464138046158,10
"REF020.ERIBULIN.m1",78.0659047756679,29504.41408275,"CR",-100,121,-41.5561089679324,158
"67725.H2O.m1",89.0050163486597,15460.0806015,"PD",302.330292901474,13,167.664573392382,13
"67725.H2O.m2",89.0616607223048,12938.541039,"PD",411.610243705552,14,219.730575577719,14
"67725.H2O.m3",89.2986624307222,41536.06238575,"PD",332.185651471575,11,143.701549131586,11
"67725.H2O.m4",89.2386479152873,40346.55235,"PD",438.080556911826,11,197.88962313874,11
"67725.H2O.m5",87.3666510561412,12354.41840675,"PD",253.086839108062,14,127.741670806175,11
"67725.H2O.m6",89.1444164675182,37910.664268,"PD",298.099899976397,11,99.0133972486829,11
"67725.H2O.m7",89.082752548764,34362.419259,"PD",373.653279905706,11,187.520812772327,11
"67725.H2O.m8",86.3951713758369,38233.9546835,"PD",83.827256618869,13,33.5973557840552,13
"67725.H2O.m9",86.3201179545561,31236.28738425,"PD",67.8360450272452,13,53.2282993378776,13
"67725.H2O.m10",78.7022792648082,15586.397617,"PD",59.6347766145737,10,48.9006795843671,10
"67725.H2O.m11",82.7695044039466,26494.88460925,"PD",38.2976015198472,13,13.7832027071466,13
"67725.H2O.m12",86.9430671479509,37728.130472,"PD",40.1416161571612,13,29.1996428808034,13
"70620_P6_TTK_170718_RES.ERIBULIN.m1",-47.7814049039589,9956.6773725,"CR",-99.7189845242754,35,-60.7872832711233,76
"REF016.H2O.m1",64.1124406388755,4794.4617295,"SD",-4.36282183461619,13,-6.9201142069028,13
"REF016.H2O.m2",87.4459267135885,35656.0922345,"PD",98.1422093898634,13,34.809899455566,13
"REF016.H2O.m3",88.1871775156745,26154.337254,"PD",213.013545669066,14,120.142677980653,14
"REF016.H2O.m4",85.5840036836156,25279.63638975,"PD",44.4615122034477,10,23.531756197099,10
"REF016.H2O.m5",87.0733631429636,20890.94009725,"SD",31.3957252878379,10,16.1231652894482,10
"REF016.H2O.m6",89.1503464427847,16107.723879,"PD",361.693294576874,14,189.27990000434,14
"REF016.H2O.m7",87.9941705131417,37925.9614035,"SD",32.0243890545568,14,16.0121945272784,14
"REF016.H2O.m8",89.0480255559926,6894.17776575,NA,NA,NA,NA,NA
"REF016.H2O.m9",85.8244765277366,14213.75941275,"PD",37.1445021530785,10,17.7315049324179,10
"REF016.H2O.m10",86.9147255946421,19590.97399875,"PD",52.108992909938,26,23.2461804622707,26
"REF016.H2O.m11",86.4108648140231,17632.17417175,"PD",75.3643700753393,12,42.5385967177666,12
"REF016.H2O.m12",86.8115883556158,16491.9535365,"PD",51.3901420224992,15,47.5706257663034,12
"REF016.H2O.m13",89.2545983967348,87765.751808,"PD",393.358826458249,19,241.076095527439,12
"REF016.H2O.m14",87.6898492646431,7786.9843325,NA,NA,NA,NA,NA
"REF016.H2O.m15",86.8561639187125,27166.841748,"PD",40.3949689783796,11,13.542999200863,11
"REF016.H2O.m16",88.7280954819447,14121.31794925,"PD",119.918660722541,13,66.6307916384163,13
"REF016.H2O.m17",88.5644759691016,48645.37819025,"PD",-25.925378452051,30,57.6902916349987,15
"REF016.H2O.m18",89.382521212986,86177.7323195,"PD",159.428392716659,15,87.1473083158181,15
"REF016.H2O.m19",89.3130499701061,35953.85809825,"SD",-6.5557170695772,11,-7.29056124695802,11
"REF016.H2O.m20",88.4844655528069,30639.97033,"PD",55.7743926691047,12,29.062286705686,12
"REF016.H2O.m21",89.5549877274587,50054.303258,"PD",582.674425385965,12,291.337212692982,12
"REF016.H2O.m22",88.167549007212,12991.444235,"PD",222.449816163399,13,91.0558712451299,13
"REF016.H2O.m23",87.9986813421875,36526.3367375,"PD",183.893510977448,15,116.056812965118,11
"REF016.H2O.m24",86.8658486033334,10236.10712175,"PD",35.2948277322374,11,30.5043636740695,11
"REF016.H2O.m25",86.3339739593694,17524.746949,"PD",58.851965281475,11,30.5591845338749,11
"REF016.H2O.m26",88.02703057292,31607.48706175,"PD",138.706901276487,11,40.3797979351076,11
"REF016.H2O.m27",87.6433556746396,22669.47191225,"PD",42.8000617554493,10,55.0336330505958,10
"REF016.H2O.m28",88.5113848067631,20287.578622,"PD",104.313456832222,11,35.2897768851231,11
"48602_P3_CARBO_170405_RES.CX-5461.m1",56.7647035567561,11099.2610305,"SD",-9.46574997429713,19,-3.18966222292526,19
"48602_P3_CARBO_170405_RES.CX-5461.m2",62.7081654325671,8200.27395225,"SD",-7.26065054694238,25,22.762196933149,32
"48602_P3_CARBO_170405_RES.CX-5461.m3",4.07954097840131,17646.973435,"CR",-100,25,-91.4947527955495,142
"REF005.CDX-011.m1",71.979469933683,44535.24462875,"PR",-69.7892167496308,27,-41.6713278438534,38
"REF005.CDX-011.m2",-47.6228634862894,1184.135487,"CR",-100,96,-84.0510952678321,180
"REF005.CDX-011.m3",61.0761363357978,39369.339715,"PR",-68.6397768855028,20,-42.1444563530763,20
"REF005.CDX-011.m4",86.1466399827214,19702.671921,"PD",40.2755524040044,12,32.0044164032559,12
"REF005.CDX-011.m5",-33.362421174647,18977.219038,"SD",-49.0806703866613,15,-31.5663458848518,29
"REF005.CDX-011.m6",66.0236768224338,13747.646204,"SD",-28.0083693690085,23,-14.9571970567241,23
"REF005_P1_TAX_170628_RES.CFI-402257-2ON5OFF+PACLITAXEL.m1",11.2803900673142,11353.67986975,"SD",-55.2404059603129,27,-6.92035322921336,42
"241417_P2_BMN_171018_RES.BMN-673.m1",72.7832093177676,35743.3713045,"PD",47.8617250193128,20,34.2292935248632,13
"241417_P2_BMN_171018_RES.BMN-673.m2",86.6075208652367,11454.75653,"PD",88.0044095952804,14,30.5402594816898,14
"241417_P2_BMN_171018_RES.BMN-673.m3",68.9654095100983,24887.75678845,"SD",14.8131355482079,21,14.3648790456879,14
"73263.EVEROLIMUS.m1",78.975344224841,7622.17909125,"SD",17.9298239041224,13,11.5265989410799,13
"73263.ERIBULIN-LOW.m1",41.4158300894534,53814.164763,"CR",-97.3085113393376,178,-45.4449784051756,43
"73263.ERIBULIN-LOW.m2",21.3792890106556,52368.266044,"SD",-55.441734788111,47,-0.909631704534448,89
"NOTCH01_P3_945_160729_RES.CFI-400945.m1",82.5039950281854,20874.8371495,"SD",32.4798045392222,13,21.6827612808775,13
"NOTCH01_P3_945_160729_RES.CFI-400945.m2",68.5987444623119,26936.1430465,"SD",-9.58791790890802,34,20.558242135687,55
"NOTCH01_P3_945_160729_RES.CFI-400945.m3",68.3266653355334,33156.906307,"SD",-17.0384253310243,28,0.38452218628179,10
"NOTCH01_P3_945_160729_RES.CFI-400945.m4",68.5987444623119,26936.1430465,"SD",-9.58791790890802,34,20.558242135687,55
"NOTCH01_P3_945_160729_RES.CFI-400945.m5",-3.1010227459561,14979.85075975,"PR",-86.9163652197213,43,-57.4192460374225,148
"NOTCH01_P3_945_160729_RES.CFI-400945.m6",83.4178060353979,7175.55636275,"PD",56.1854934800959,14,47.0524928462375,14
"NOTCH01_P3_945_160729_RES.CFI-400945.m7",87.8497069296763,28215.52135675,"PD",188.320187446859,11,72.0911950660129,11
"NOTCH01_P3_945_160729_RES.CFI-400945.m8",37.100403983581,21068.970295,"SD",-21.9991259671526,19,-4.57079670761127,29
"NOTCH01_P3_945_160729_RES.CFI-400945.m9",84.4441466823053,10384.123994,"PD",149.862016964544,18,72.0175091440675,18
"NOTCH01_P3_945_160729_RES.CFI-400945.m10",64.9241664631676,8576.79256925,"SD",-10.4443167353621,27,-0.696593871495368,27
"REF005_P2_ERIB_171019_RES.H2O.m1",87.8416461216596,25598.32971125,"PD",127.299057735223,14,47.6478436587379,14
"REF005_P2_ERIB_171019_RES.H2O.m2",86.432728389836,14501.8060055,"PD",58.7852068187353,13,29.562437556211,13
"REF005_P2_ERIB_171019_RES.H2O.m3",82.6934218559445,13299.7000395,"SD",-6.48366991635082,13,-7.01936021343549,13
"REF005_P2_ERIB_171019_RES.H2O.m4",87.212353012679,6535.3139225,"PD",257.044530639639,15,82.4614202313607,12
"REF005_P2_ERIB_171019_RES.H2O.m5",88.4827803684093,24639.3913145,"PD",163.60577212073,14,72.6418019304574,14
"REF005_P2_ERIB_171019_RES.H2O.m6",88.0079232127723,55373.597474,"SD",25.3614859954458,12,6.03194632492082,12
"REF005_P2_ERIB_171019_RES.ERIBULIN.m1",84.424177041464,7948.068003,"PD",57.2548232577546,21,26.2559063496505,14
"REF005_P2_ERIB_171019_RES.ERIBULIN.m2",83.4134077704573,18877.9553175,"PD",8.93067954106233,16,43.843584286485,16
"REF005_P2_ERIB_171019_RES.ERIBULIN.m3",85.0517970609196,14868.71823825,"SD",23.1993354783113,11,15.3708711888351,11
"REF005_P1_CX_170628_RES.CX-5461.m1",85.8625757998989,5173.71039,"PD",148.963685763462,13,56.7603352557445,13
"REF005_P1_CX_170628_RES.CX-5461.m2",84.8468644350406,14425.66255625,"SD",17.2952539970921,13,2.10485470060323,13
"REF005_P1_CX_170628_RES.CX-5461.m3",74.5284465380584,15961.0781325,"PD",37.2869680412728,19,13.5643086333632,12
"REF005_P1_CX_170628_RES.CX-5461.m4",80.1204872044746,22121.454557,"SD",19.3608089828431,12,9.0472902350281,12
"NOTCH01.ERIBULIN-LOW.m1",58.9799589614593,88114.43173525,"PR",-87.5178722687689,31,-56.1130654244946,70
"NOTCH01.ERIBULIN-LOW.m2",-27.64829182651,12114.15405675,"CR",-100,161,-75.369366085417,96
"241417_P1_945_170421_RES.BMN-673.m1",88.4716003735512,12790.77985775,"PD",308.906511317762,14,168.628997346488,14
"241417_P1_945_170421_RES.BMN-673.m2",75.6362544640692,9404.0622665,"SD",10.8886285861141,28,23.1670341264152,14
"73263.H2O.m1",83.493123880397,17407.87092625,"SD",28.1012709502972,10,9.01022899229586,10
"73263.H2O.m2",86.4717778554896,41638.6725795,"PD",82.2269285216103,10,55.4504737227783,10
"73263.H2O.m3",85.4785231739518,9764.54105025,"PD",127.526671308161,13,73.3320486492255,13
"73263.H2O.m4",81.905488608481,53826.62411775,"SD",6.51026583472606,10,16.9149045498145,10
"73263.H2O.m5",33.240711148429,7591.40116775,"SD",-5.8219461197087,24,-3.35423603208921,15
"73263.H2O.m6",79.4028581527531,35340.04038525,"SD",6.44833693646275,15,-6.15541469770961,10
"73263.H2O.m7",84.5625694275717,48385.8815995,"SD",33.1834808472217,17,27.2502985148216,10
"73263.H2O.m8",87.6904541560296,34653.3698845,"PD",53.902418306773,11,29.163253544137,11
"73263.H2O.m9",85.8528841020005,46813.51693875,"PD",69.3783277125103,11,28.9610742566307,11
"73263.H2O.m10",85.2258415212826,38283.894287,"PD",59.1427143562028,10,17.3006733405439,10
"73263.H2O.m11",85.6034363623843,49786.237368,"SD",12.8517694934366,10,2.53047262114788,10
"73263.H2O.m12",87.6904541560296,34653.3698845,"PD",53.902418306773,11,29.163253544137,11
"73263.H2O.m13",87.1938075520202,42418.508182,"PD",46.0017042720408,11,32.9914565384523,11
"73263.H2O.m14",87.8503270295267,50476.51918825,"PD",123.305328350236,11,74.6615385653957,11
"73263.H2O.m15",76.0583608068889,34704.89368925,"PR",-85.684961395575,20,-28.0378931631391,30
"73263.H2O.m16",85.2258415212826,38283.894287,"PD",59.1427143562028,10,17.3006733405439,10
"73263.H2O.m17",89.8094268037983,26300.920671,NA,NA,NA,NA,NA
"73263.H2O.m18",87.6252837370266,21270.6206865,"PD",160.516560330268,18,89.8402911349847,18
"73263.H2O.m19",88.4269781741948,1431.12905,NA,NA,NA,NA,NA
"73263.H2O.m20",87.557363152582,55900.2443155,"PD",37.0150433662666,13,30.2984915896269,13
"73263.H2O.m21",85.4785231739518,9764.54105025,"PD",127.526671308161,13,73.3320486492255,13
"73263.H2O.m22",84.3501111373109,24874.7512865,"SD",13.8414013364713,15,15.1640819861705,15
"73263.ERIBULIN-EXTRALOW.m1",45.5666641191212,61048.1997545,"PR",-82.5581688475542,36,-39.3661650699112,43
"241417_P1_945_170421_RES.H2O.m1",83.4684665840789,19233.55772875,"PD",104.972318411894,15,62.7380397796808,15
"241417_P1_945_170421_RES.H2O.m2",83.4222046342136,10857.34264275,"PD",60.8801346833463,10,39.3870221241769,10
"241417_P1_945_170421_RES.H2O.m3",86.5828015938111,50566.50497625,"PD",-94.3562095695676,57,76.274209201853,14
"241417_P1_945_170421_RES.H2O.m4",88.8432900852275,23323.87094825,"PD",86.3869991919661,13,29.9295395599926,13
"241417_P1_945_170421_RES.H2O.m5",65.8111100614345,113989.1075215,"SD",2.46645910004787,14,8.02016745694052,43
"241417_P1_945_170421_RES.CFI-400945-52WEEKLY.m1",-57.7651325584859,4642.649521,"SD",-60.2909453458594,43,-18.1577055980829,43
"73230_P1_945_170516_RES.H2O.m1",80.5904499985847,15852.480379,"SD",-41.6538823621878,16,-23.1317218326212,19
"73230_P1_945_170516_RES.H2O.m2",86.4106458832948,15857.38165825,"PD",62.8414134012629,13,15.9577906978727,13
"73230_P1_945_170516_RES.H2O.m3",88.0831724148163,13640.872463,"PD",140.916208337443,20,71.711628660386,13
"73230_P1_945_170516_RES.H2O.m4",79.4313238376995,6933.38264075,"PD",35.89105278495,15,12.6913200415007,15
"73230_P1_945_170516_RES.H2O.m5",85.2361946173334,6923.233935,"PD",96.2720317638997,12,39.1954159121073,12
"73230_P1_945_170516_RES.H2O.m6",89.0986555148303,17483.6742175,NA,NA,NA,NA,NA
"73230_P1_945_170516_RES.H2O.m7",89.278055076396,15559.71339975,NA,NA,NA,NA,NA
"73230_P1_945_170516_RES.H2O.m8",85.8164796531127,8188.13460625,"PD",127.924742645697,12,53.5173988288115,12
"73230_P1_945_170516_RES.H2O.m9",88.3612082004401,24183.412555,"PD",360.304016011136,13,191.035092887914,13
"73230_P1_945_170516_RES.H2O.m10",88.4712629621832,25675.1349875,"PD",186.807099975849,13,106.314742534507,13
"73230_P1_945_170516_RES.H2O.m11",84.2864696735846,4504.5933505,NA,NA,NA,NA,NA
"73230_P1_945_170516_RES.H2O.m12",86.034122723403,27472.05933425,"PD",65.542840501026,11,32.771420250513,11
"73230_P1_945_170516_RES.H2O.m13",87.2052258760798,52670.7246015,"PD",83.0031974992083,14,43.6986484691845,14
"73230_P1_945_170516_RES.H2O.m14",81.6767768501462,12687.863081,"SD",15.3974568709287,13,-9.12711026880953,13
"73230_P1_945_170516_RES.H2O.m15",88.9412063611207,14487.029961,"PD",219.212244605717,13,97.4666248697288,13
"73230_P1_945_170516_RES.H2O.m16",83.6287576946819,6011.74535225,"PD",62.9552544329396,13,44.9561933134867,13
"73230_P1_945_170516_RES.H2O.m17",88.1496912336413,33802.2063275,"SD",8.90772864124499,13,-5.03010472134915,13
"73230_P1_945_170516_RES.H2O.m18",88.0831724148163,13640.872463,"PD",140.916208337443,20,71.711628660386,13
"73230_P1_945_170516_RES.CFI-400945.m1",86.0214021161842,28132.696484,"PD",93.003468858535,16,51.2086998070589,13
"73230_P1_945_170516_RES.CFI-400945.m2",87.4988303371225,16220.968797,"PD",75.2113756039303,13,38.2245995792751,13
"73230_P1_945_170516_RES.CFI-400945.m3",88.3147481505648,25691.853765,"PD",100.776793687168,16,104.054918706965,16
"73230_P1_945_170516_RES.CFI-400945.m4",87.0775025777907,23888.562244,"SD",-1.81855457933278,16,4.33030452730823,16
"73230_P1_945_170516_RES.CFI-400945.m5",82.4123243719209,13256.27267975,"SD",-10.3060497066629,13,-9.66951146160489,13
"73230_P1_945_170516_RES.CFI-400945.m6",83.7095061801323,26911.4517105,"SD",12.0994807807716,11,3.90250357737681,11
"73230_P1_945_170516_RES.CFI-400945.m7",87.2810853033636,17450.15474725,"PD",85.9228318484679,20,57.3603969062348,13
"73230_P1_945_170516_RES.CFI-400945.m8",88.1295221617769,18241.297564,"PD",132.137587524732,13,61.7692502900787,13
"73230_P1_945_170516_RES.CFI-400945.m9",88.1960562567642,15417.875216,"PD",172.192956397298,20,121.820993169299,13
"73230_P1_945_170516_RES.CFI-400945.m10",83.7669123794134,13363.4562445,"PD",46.4765042393981,10,31.9655050489597,10
"73230_P1_945_170516_RES.CFI-400945.m11",80.9019299051968,18431.702313,"PD",37.7661660170612,11,18.8830830085306,11
"73230_P1_945_170516_RES.CFI-400945.m12",67.3111044603377,27353.216887,"SD",-7.38691965972839,13,-9.78180445174322,13
"73230_P1_945_170516_RES.CFI-400945.m13",88.9428492549953,23765.7774105,"PD",219.503194600956,13,111.818090288065,13
"73230_P1_945_170516_RES.CFI-400945.m14",87.6727313329942,11999.16995375,"PD",126.913024532774,16,87.6728633256419,13
"73230_P1_945_170516_RES.CFI-400945.m15",80.7808745989314,4631.82770925,"PD",78.7797823416313,23,45.0692584595066,13
"73230_P1_945_170516_RES.CFI-400945.m16",80.089477688439,14107.563424,"SD",25.230846447251,13,13.9347626595571,13
"48041.H2O.m1",68.0749280328438,47068.80571075,"SD",-16.2263619579602,42,5.41446982842833,12
"48041.H2O.m2",61.6563871182518,55965.7571555,"SD",-4.60287728951032,14,6.2690697282035,21
"48041.H2O.m3",82.8895469380181,38593.0278215,"PD",73.8930058181961,14,33.5540332859798,14
"48041.H2O.m4",38.7723040226569,38997.96980575,"SD",-8.82350099751462,49,-0.458401966685316,12
"48041.CX-5461.m1",-5.16214653739347,13931.29662925,"PR",-56.1872938135564,54,-26.5144588675032,54
"48041.CX-5461.m2",0.154176773021383,14620.53515205,"SD",-44.2018669619521,54,-11.0588097516944,68
"48041.CX-5461.m3",21.8068075994023,37326.38853075,"SD",-59.0042519691396,33,-19.719802205322,69
"REF005_P1_945_170718_RES.CFI-400945.m1",87.2630902180998,9853.4462815,"PD",97.9207378570956,14,56.6445699340187,14
"REF005_P1_945_170718_RES.CFI-400945.m2",79.1593190495797,13952.2194295,"PD",37.1463805246364,13,29.6518332642854,13
"REF005_P1_945_170718_RES.CFI-400945.m3",51.4546364296337,24867.83213125,"PR",-55.4887026164253,34,-28.0830611173186,44
"REF005_P1_945_170718_RES.CFI-400945.m4",5.16690637356998,7979.25700975,"SD",-28.4014777231253,11,-15.7852511349231,11
"REF005_P1_945_170718_RES.CFI-400945.m5",59.2991433173125,9312.82195275,"SD",-13.7100508722808,12,-6.84445182808368,12
"REF005_P1_945_170718_RES.CFI-400945.m6",26.9585441953863,8889.012855,"CR",-96.0512781025601,34,-40.7782148519328,49
"73263_P7_CX_171024_RES.CX-5461.m1",74.5425933103829,14770.68100325,"SD",-14.1141924080013,16,-13.0108388984395,16
"73263_P7_CX_171024_RES.CX-5461.m2",73.125440810774,48113.5320495,"SD",-25.162820612293,13,-12.0910731111258,13
"73263_P7_CX_171024_RES.CX-5461.m3",84.6597218358457,23722.90066175,"PD",96.2739140120294,15,75.0622105286396,15
"73263_P7_CX_171024_RES.CX-5461.m4",86.7321267661767,97666.737988,"SD",29.8489079055251,14,14.9244539527625,14
"73263_P7_CX_171024_RES.CX-5461.m5",81.075102235368,9420.168577,"PD",88.7685259424798,20,36.7391024513245,20
"73263_P7_CX_171024_RES.CX-5461.m6",81.695424966399,34045.3694515,"SD",4.08778354652666,21,21.3222308672144,21
"73263_P7_CX_171024_RES.CX-5461.m7",81.0590417842506,10413.66202275,"PD",93.697775152615,18,43.1766286183684,18
"REF009.CFI-400945.m1",-7.16088882364687,12350.98527525,"CR",-96.0255845641017,98,-56.447054614829,195
"REF009.CFI-400945.m2",-55.8966282103943,5186.1240705,"SD",-39.8228995730864,11,-28.3094338021537,47
"REF009.CFI-400945.m3",-26.1093152313394,5509.38488225,"SD",-41.3443834558315,11,-20.6721917279158,11
"REF009.CFI-400945.m4",-42.2039503895478,14062.9856865,"CR",-99.7298195552348,111,-58.4289470078814,173
"REF009.CFI-400945.m5",-27.2243437490107,14689.560454,"CR",-99.6685989765561,119,-52.1843927743069,173
"REF009.CFI-400945.m6",68.1604912926857,80560.08858325,"SD",8.44926472255319,152,12.916769626692,13
"REF009.CFI-400945.m7",-4.44182934845733,31072.2991105,"CR",-96.1826342305097,78,-53.8255833501536,167
"241417.CX-5461.m1",-44.8146691897932,5316.57977675,"SD",-44.007452416727,19,-20.1543378238843,28
"241417.CX-5461.m2",49.2987412816487,10145.74259575,"SD",-8.02813666977451,18,2.66767115189503,18
"REF006.CFI-402257-2ON5OFF.m1",79.3815376757681,9030.304383,"SD",20.4138694770115,14,17.0965511922935,14
"REF006.CFI-402257-2ON5OFF.m2",80.5639685406443,7628.7085925,"SD",31.3920953591766,10,16.8470779576786,10
"73230_P1_CX_170718_RES.H2O.m1",86.6891276012703,23530.441251,"PD",116.336157247121,12,52.8014697155819,12
"73230_P1_CX_170718_RES.H2O.m2",84.5229078400669,9125.534654,"SD",3.66186080198622,13,-12.4097733738123,13
"73230_P1_CX_170718_RES.H2O.m3",82.5846987101237,9129.36630725,"SD",30.1192942744225,11,11.6122309762325,11
"73230_P1_CX_170718_RES.H2O.m4",83.5059553223173,12304.930926,"PD",70.09028841559,14,48.2245555007227,11
"73230_P1_CX_170718_RES.CX-5461.m1",82.3342170460868,18216.71427375,"SD",18.7109048412393,12,-3.88238274129055,12
"73230_P1_CX_170718_RES.CX-5461.m2",84.8181084831199,12014.8658385,"PD",41.6060838243691,14,33.7721229314064,11
"73230_P1_CX_170718_RES.CX-5461.m3",48.2084836315316,7849.68498675,"SD",-19.9599368707483,21,-5.53513019501134,12
"73230_P1_CX_170718_RES.CARBOPLATIN.m1",84.7117950871749,19204.8895305,"PD",83.0168852422795,12,64.8833464466594,12
"NOTCH06.H2O.m1",87.9602876991182,23351.2914905,"PD",125.841441956334,10,46.2766317777596,10
"NOTCH06.H2O.m2",87.7860357246033,96574.9030735,"PD",56.9208216410724,11,27.6920424209647,11
"NOTCH06.H2O.m3",87.1879487409561,33795.30762625,"PD",37.0941854159109,11,16.3601375748282,11
"NOTCH06.H2O.m4",87.9236508919745,48953.4317865,"PD",70.8501121141109,11,29.6313948029039,11
"NOTCH06.H2O.m5",87.0855107980914,61420.834782,"PD",63.3636988565007,13,36.0855942330303,13
"NOTCH06.H2O.m6",86.145493319658,59086.092902,"PD",60.4281517969773,13,28.0006054306653,13
"NOTCH06.H2O.m7",87.3036900045665,93177.645802,"PD",153.914068057358,10,93.1520711030769,10
"NOTCH06.H2O.m8",87.4771563113478,70687.11920725,"PD",90.5578439356171,13,94.008622791136,13
"NOTCH06.H2O.m9",87.6884608562388,36773.687824,"PD",101.312051157027,13,57.9849418404995,13
"NOTCH06.H2O.m10",86.2449695713351,43318.29799875,"PD",187.581490427484,13,99.9132879355024,13
"NOTCH06.H2O.m11",87.8612431466524,25930.41967075,"PD",49.4360955751894,12,20.3770032833082,12
"NOTCH06.H2O.m12",88.0724637964051,48379.987181,"PD",183.06405999937,12,70.5684428620832,12
"NOTCH06.H2O.m13",87.1447677051007,39318.52863325,"PD",80.5151838141554,12,49.8880211571571,12
"NOTCH06.H2O.m14",85.0155653566368,14771.39748375,"SD",29.4404814314602,17,18.2664823616904,14
"NOTCH06.H2O.m15",89.0464374761648,26402.12225325,"PD",431.78185956992,14,174.517913284672,14
"NOTCH06.H2O.m16",87.4667892735998,16347.9600035,"PD",72.2137452707253,11,27.4802514552032,11
"NOTCH06.H2O.m17",88.6350615850624,19878.1319265,"PD",188.907059838918,11,76.1230988339134,11
"NOTCH06.H2O.m18",87.2462643467681,16581.616866,"PD",101.621632332157,10,42.7005758742417,10
"NOTCH06.H2O.m19",88.8104063897505,13733.743327,"PD",278.97498754005,14,139.487493770025,14
"NOTCH06.H2O.m20",86.9573402163214,34764.85360675,"PD",165.116980566485,12,85.9186068669925,12
"NOTCH06.H2O.m21",86.7853759049957,22744.23003,"PD",135.277561706823,14,52.8827206476494,14
"NOTCH06.H2O.m22",88.9413339292891,4322.7732865,NA,NA,NA,NA,NA
"NOTCH06.H2O.m23",87.7835884035882,12756.56554175,"PD",254.815650614189,13,115.99901455836,13
"NOTCH06.H2O.m24",89.1001979494915,16256.690576,NA,NA,NA,NA,NA
"NOTCH06.H2O.m25",87.2399334736321,26032.9329415,"PD",161.297522977242,12,66.4725437553212,12
"NOTCH06.CFI-402257-3ON4OFF+PACLITAXEL.m1",21.1916262260967,57937.96807925,"PR",-72.551730595373,38,-33.6792358525315,71
"NOTCH06.CFI-402257-3ON4OFF+PACLITAXEL.m2",-78.4539135404382,242.51,NA,NA,NA,NA,NA
"NOTCH06.CFI-402257-3ON4OFF+PACLITAXEL.m3",-44.6357739870302,8100.92033325,"CR",-97.8035394051565,32,-81.4932014814355,99
"NOTCH06.CFI-402257-3ON4OFF+PACLITAXEL.m4",-65.422267931971,8324.83082675,"PR",-61.2412280797807,56,-30.1663528586318,56
"NOTCH06.CFI-402257-3ON4OFF+PACLITAXEL.m5",-69.9455289386375,4279.0829975,"PR",-91.1100364132909,46,-50.2254522268309,56
"NOTCH06.CFI-402257-3ON4OFF+PACLITAXEL.m6",-40.3637216173308,9248.7053165,"CR",-97.62308972475,38,-74.6986781617901,101
"NOTCH06.CFI-402257-3ON4OFF+PACLITAXEL.m7",-42.2790174043406,7617.43931275,"CR",-99.7191784260443,65,-87.0367501473398,135
"NOTCH06.CFI-402257-3ON4OFF+PACLITAXEL.m8",-85.2212114412895,566.987291,NA,NA,NA,NA,NA
"NOTCH06.CFI-402257-3ON4OFF+PACLITAXEL.m9",-14.4418944352275,13543.531348,"PR",-91.390655877054,43,-67.771628459528,119
"NOTCH06.PACLITAXEL.m1",55.8343084215771,38259.59276275,"PR",-90.8924174399749,24,-72.7092194981814,78
"NOTCH06.PACLITAXEL.m2",-18.5094150343039,7352.2966815,"SD",-40.0011945690045,42,1.79193397767235,63
"NOTCH06.PACLITAXEL.m3",35.7183068358103,17435.64755075,"CR",-97.88093447611,39,-74.6181019377059,78
"NOTCH06.PACLITAXEL.m4",84.0333700420475,27164.41421575,"PD",43.4140773315102,11,19.8764929969335,11
"NOTCH06.PACLITAXEL.m5",80.4152251654793,18634.22613425,"PD",50.9426403578324,15,31.3611208731641,11
"NOTCH06.PACLITAXEL.m6",44.0422254239449,19391.93189475,"CR",-99.4956461756988,38,-79.042890168522,108
"NOTCH06.PACLITAXEL.m7",84.6545078083573,46092.35167025,"SD",-23.4848730049251,36,-2.64646275397447,13
"NOTCH06.PACLITAXEL.m8",-59.765809039749,785.03613975,NA,NA,NA,NA,NA
"NOTCH06.PACLITAXEL.m9",2.63354755378787,19049.9809435,"CR",-96.0824675064185,37,-74.9025065374663,135
"NOTCH06.PACLITAXEL.m10",72.4480473483992,3559.83621425,"SD",7.23884024774943,15,17.1816349389709,15
"NOTCH06.PACLITAXEL.m11",-61.7593214756014,9469.86639375,"CR",-98.5130906550822,31,-70.81850541142,91
"NOTCH06.PACLITAXEL.m12",2.63354755378787,19049.9809435,"CR",-96.0824675064185,37,-74.9025065374663,135
"NOTCH06.PACLITAXEL.m13",72.4480473483992,3559.83621425,"SD",7.23884024774943,15,17.1816349389709,15
"NOTCH06.PACLITAXEL.m14",71.5335857970039,5171.8983375,"SD",7.81211465570105,11,5.20289572682749,11
"NOTCH06.PACLITAXEL.m15",-69.6173775034104,12580.4980495,"PR",-98.491848868243,43,-36.460471885747,71
"NOTCH06.PACLITAXEL.m16",79.8064190553976,90967.70074675,"SD",-90.7588636359436,77,-11.5524222363772,91
"NOTCH06.PACLITAXEL.m17",42.7373737132797,26031.46394045,"PR",-77.473817515557,37,-45.3406566940214,58
"REF006.PACLITAXEL-15DAILY.m1",44.6552437003922,40744.134014,"PR",-52.2858697910078,27,-25.0525481693384,54
"REF006.PACLITAXEL-15DAILY.m2",56.2949265207704,54194.83839075,"PR",-53.3442673634578,32,-25.4396520049211,47
"REF006.PACLITAXEL-15DAILY.m3",78.8555388141528,10114.52389275,"SD",-22.1396438233501,12,-8.88436441722394,19
"01-1104.H2O.m1",87.9129739890884,8403.24826575,"PD",111.687509660176,13,50.7747785084075,13
"01-1104.H2O.m2",89.1846775118765,18058.913642,"PD",255.512272519336,13,115.909145874338,13
"01-1104.H2O.m3",85.865945526249,41017.482543,"SD",31.9244724793921,16,25.1118437148994,13
"01-1104.H2O.m4",87.4967397024091,13981.80888075,"PD",148.192476160719,18,63.8981516322128,18
"01-1104.H2O.m5",89.1152999250168,23102.394735,"PD",130.300379189795,12,77.1023847077491,12
"01-1104.H2O.m6",85.8910517187028,63717.49428925,"SD",-22.7073942485605,12,-22.9698975808611,12
"01-1104.H2O.m7",86.1987524801186,13328.1198795,"PD",69.556884430727,10,27.71560801199,10
"01-1104.CFI-400945.m1",-51.4860377877864,9680.47831,"SD",-44.96766152506,50,-20.2249481514135,61
"01-1104.CFI-400945.m2",68.4438278500929,10380.7043095,"SD",-21.886677778494,16,-0.559494383718207,20
"01-1104.CFI-400945.m3",-76.5037638259636,5285.1224015,"PR",-62.9592661741272,27,-32.0509615413588,34
"01-1104.CFI-400945.m4",81.1509004458446,13645.1890995,"SD",24.9348018648977,29,14.6840762121288,12
"01-1104.CFI-400945.m5",69.0060224963243,16562.238999,"PR",-86.2342609422483,40,-55.6115083903403,62
"01-1104.CFI-400945.m6",87.4755964304841,8716.933834,"PD",251.624450830123,14,135.477962698868,14
"01-1104.CFI-400945.m7",58.4713906215257,8387.27519675,"SD",-11.3583039391677,17,-2.53415538689399,17
"01-1104.PACLITAXEL.m1",-12.1688587672974,3712.13488825,"SD",-7.07800978117613,20,-3.0707571140188,34
"NOTCHB01_P6_945_170516_RES.H2O.m1",85.2274614380536,10938.5051995,"PD",200.997695801715,12,82.6834272331735,12
"NOTCHB01_P6_945_170516_RES.H2O.m2",85.2001749113918,6506.578411,"PD",72.9158655450723,13,33.8324840521591,13
"NOTCHB01_P6_945_170516_RES.H2O.m3",85.0004477799041,12272.23071975,"PD",56.5533058984911,13,26.1885434513568,13
"NOTCHB01_P6_945_170516_RES.H2O.m4",85.8849076218136,8139.62030075,"PD",70.9790101722619,20,30.8951370131126,13
"NOTCHB01_P6_945_170516_RES.H2O.m5",83.9357047315631,15565.0466385,"SD",9.58613793382221,11,3.44927053826353,11
"NOTCHB01_P6_945_170516_RES.H2O.m6",80.5346534265799,9118.876355,"SD",10.3233830614941,20,-15.0006415913259,13
"NOTCHB01_P6_945_170516_RES.CFI-400945.m1",85.5390652586486,22332.5163765,"PD",36.8508886975358,12,19.3728755564945,12
"NOTCHB01_P6_945_170516_RES.CFI-400945.m2",43.4191888371781,16149.0010445,"SD",-26.1292672305674,12,-18.792580936993,12
"NOTCHB01_P6_945_170516_RES.CFI-400945.m3",78.1149299870083,15423.5770095,"PD",47.8231029494444,17,48.9561215539058,17
"NOTCHB01_P6_945_170516_RES.CFI-400945.m4",82.5296731491472,15918.948023,"SD",-7.44732046609517,11,-6.44730011373261,11
"NOTCHB01_P6_945_170516_RES.CFI-400945.m5",82.6407929178356,17332.672971,"PD",40.3985785948643,13,15.5870309645265,13
"NOTCHB01_P6_945_170516_RES.CFI-400945.m6",81.4298044734275,31185.6303995,"SD",30.6030374388698,13,7.13624469892696,13
"NOTCHB01_P6_945_170516_RES.CFI-400945-5DAILY.m1",82.6963314301138,7399.27258925,"PD",128.880584656054,17,85.1186901497667,12
"REF014.H2O.m1",35.2741273074744,1572.9426995,NA,NA,NA,NA,NA
"REF014.H2O.m2",79.0575416695785,10094.98918975,"PD",35.0131650843522,12,14.5736765738644,12
"REF014.H2O.m3",81.5099946657183,8842.3576725,"PD",109.512693415249,12,64.2836080272927,12
"REF014.H2O.m4",68.4163525554698,12638.79951075,"SD",-17.9540734315962,11,-8.51841044832379,11
"REF014.H2O.m5",80.5389430932209,5064.3807365,"PD",63.9813213398598,13,36.8510118865791,13
"REF014.H2O.m6",81.5786816916665,26883.030919,"SD",29.2823131099578,10,23.100457501857,10
"REF014.H2O.m7",74.4450906260094,4600.02227325,"PD",48.1321583778448,20,21.838453313124,13
"REF014.H2O.m8",66.9514215550363,5384.293674,"SD",22.2370485402302,16,24.8607510403694,16
"REF014.H2O.m9",80.7796779200598,34115.372185,"SD",21.3293434651087,20,22.488491705313,20
"REF014.H2O.m10",78.2145492186467,9565.64742455,"SD",23.5331678902118,14,11.6819775033557,14
"REF014.H2O.m11",81.5828276932734,8625.3861555,"PD",70.4362485792913,16,36.2622659158903,16
"REF014.H2O.m12",81.5828276932734,8625.3861555,"PD",70.4362485792913,16,36.2622659158903,16
"REF014.H2O.m13",80.6052427740733,8898.8691885,"SD",11.9213778008656,12,17.6635665370129,12
"REF014.H2O.m14",73.4063933858586,7565.8928525,"SD",11.6638531464545,21,8.238459053426,13
"REF014.H2O.m15",82.2009010637487,8767.31439625,"PD",47.8007230071981,19,47.9686558251133,19
"REF014.H2O.m16",81.2551825820234,10425.03340175,"SD",-17.3679751647137,11,11.7457479309106,15
"REF014.ERIBULIN-EXTRALOW.m1",46.6299191605193,11247.236464,"SD",-23.8443072287633,16,-10.5889110158743,16
"REF014.ERIBULIN-EXTRALOW.m2",17.9202003024384,2572.7942565,"SD",-10.0717000884946,12,-6.51415345561747,12
"48602.CFI-400945.m1",-80.1399696470541,3266.68802325,"PR",-92.6327056809687,27,-36.7986613855427,27
"48602.CFI-400945.m2",12.3708856218238,28722.66566925,"CR",-99.7247832668226,48,-64.0277390119719,104
"48602.CFI-400945.m3",-46.9909361296356,3440.847102,"CR",-100,48,-90.9112582180518,270
"48602.CFI-400945.m4",4.45477690933686,30650.2887675,"CR",-99.5828779316251,66,-43.7104969289909,104
"48602.CFI-400945.m5",NA,NA,NA,NA,NA,NA,NA
"48602.CFI-400945.m6",NA,NA,NA,NA,NA,NA,NA
"48602.CFI-400945.m7",-57.5282949751391,16100.90775275,"PR",-94.2575901132138,87,-45.3388154907592,161
"48602.CFI-400945.m8",-57.5282949751391,16100.90775275,"PR",-94.2575901132138,87,-45.3388154907592,161
"48602.CFI-400945.m9",12.1533148050672,24091.084449,"SD",-60.8680886130137,34,-9.85575502301636,62
"48602.CFI-400945.m10",-5.96555301635367,16602.71536125,"CR",-99.5930914794686,56,-71.1834331484681,111
"44205.H2O.m1",74.1977467765098,28444.9183305,"SD",14.4050162890625,14,-5.25988978790975,14
"44205.H2O.m2",65.9857428408787,18019.69689425,"SD",-4.92821414883895,21,-0.930141031254426,21
"44205.H2O.m3",72.9836786534666,16516.216608,"SD",13.9959560710233,10,7.54488514978877,10
"44205.H2O.m4",80.4452854280433,82985.95467275,"PD",34.8708935765181,13,35.6468860400324,13
"44205.H2O.m5",82.588930464374,43754.853543,"SD",-8.62063872298372,13,-2.40808707157078,13
"44205.H2O.m6",81.1804646018296,43022.80443575,"SD",15.0669318216681,10,9.78347880654174,10
"44205.H2O.m7",84.7802400083084,52565.299879,"SD",26.1105474747812,13,13.2456106011653,13
"44205.H2O.m8",75.9117843636954,117084.6649265,"SD",3.0344897492376,28,6.86046019231141,13
"44205.H2O.m9",81.3419602222701,55440.24083975,"PD",69.3064789425014,34,35.1247623306827,13
"44205.CDX-011.m1",83.7348054716031,9487.42342925,"SD",31.3725293404157,20,16.4892828257369,14
"44205.CDX-011.m2",86.2435386168021,42999.16999325,"PD",77.9557095320035,12,40.958410149977,12
"44205.CDX-011.m3",80.2182013778409,13565.0620215,"SD",11.4300841767635,13,10.2396587678204,13
"44205.CARBOPLATIN.m1",58.0646923249473,16944.40343725,"SD",-7.53422452865206,23,-0.653374160468819,23
"44205.CARBOPLATIN.m2",75.5425372274284,9476.21410025,"SD",26.8560438730904,13,19.318100819614,13
"NOTCH01.H2O.m1",84.3332866704821,7741.35129925,"PD",36.874895526965,12,47.2649958299037,12
"NOTCH01.H2O.m2",77.2655487924934,6321.090559,"PD",54.9195582372106,27,28.2114482142951,10
"NOTCH01.H2O.m3",83.9251592250981,64484.29131375,"SD",9.3538041055982,12,-2.30805350328269,12
"NOTCH01.H2O.m4",80.3176407791643,17163.40479475,"PD",18.2004659176393,15,40.4925178156875,15
"NOTCH01.H2O.m5",80.7840065985035,19712.09445275,"PD",57.6517405599527,35,61.9583946035888,15
"NOTCH01.H2O.m6",81.1294347436988,19295.652296,"SD",-12.878358876508,15,-2.14137189603076,15
"NOTCH01.H2O.m7",80.5072352190843,14288.372301,"PD",68.4962285013478,14,22.7527908391794,14
"NOTCH01.H2O.m8",86.3524641733542,90995.758954,"PD",48.6108858947294,22,37.7487396991099,11
"NOTCH01.H2O.m9",87.1713069098027,126976.269265,"SD",9.51244600187207,15,-6.53882134161452,11
"NOTCH01.H2O.m10",84.681374121086,93467.75149775,"PD",64.7056792349679,11,29.624710953677,11
"NOTCH01.H2O.m11",61.4394552438088,25470.788898,"SD",-12.7306572828039,19,-6.39267882476848,19
"NOTCH01.H2O.m12",83.9736402039418,69963.750399,"SD",24.679834953262,22,10.7071313141054,11
"NOTCH01.H2O.m13",86.3602136562776,11719.27766325,"PD",38.1032574998012,10,28.1864736934884,10
"NOTCH01.H2O.m14",88.975212719136,26991.21810375,"PD",115.814729871646,10,68.3657663038069,10
"NOTCH01.H2O.m15",87.0791710642129,83150.216657,"PD",190.100217390377,11,116.298742935863,11
"NOTCH01.H2O.m16",84.9247445126262,71773.578423,"PD",64.6941903662669,15,50.2099713260106,11
"NOTCH01.H2O.m17",89.5227490530415,10731.894962,"PD",1303.81567583276,11,497.162290712683,11
"NOTCH01.H2O.m18",89.3380391254892,7026.0346685,"PD",1369.11813534164,11,522.31575369726,11
"NOTCH01.H2O.m19",89.668084781235,16393.064208,"PD",1337.60209699718,11,485.606345423089,11
"NOTCH01.H2O.m20",89.6342086687993,13752.349791,"PD",958.443992292862,11,375.949832785311,11
"NOTCH01.H2O.m21",89.1659651964554,5722.295281,"PD",1193.56417809949,11,462.975896890193,11
"NOTCH01.H2O.m22",89.6737210279115,21268.43213225,"PD",275.601282007684,11,110.686845956158,11
"NOTCH01.H2O.m23",89.4329182579827,30167.0215655,"PD",234.975699620628,11,92.2779576416503,11
"NOTCH01.H2O.m24",89.6249135567925,14425.899115,"PD",694.909508538487,11,261.556461969298,11
"NOTCH01.H2O.m25",86.7200355252116,4543.1543555,"PD",52.1750100686587,10,24.5871506302379,10
"NOTCH01.H2O.m26",85.5735513325863,57407.93881275,"SD",28.7110680455168,10,15.9500708396685,10
"NOTCH01.H2O.m27",81.2351372547871,14664.0281025,"SD",18.000893831411,13,-6.78511501626363,13
"NOTCH01.H2O.m28",81.500358277776,23185.52067375,"SD",34.9728279358994,13,17.6883750898586,10
"NOTCH01.H2O.m29",84.1875445116661,6646.91495425,"PD",119.206817436906,15,94.3422906606075,12
"NOTCH01.H2O.m30",80.7953164859914,50569.35596775,"PD",54.1777821318236,32,30.2083601820052,11
"NOTCH01.H2O.m31",81.0607213642123,11362.09541975,"SD",20.6982881148838,11,10.9247209583277,11
"NOTCH01.H2O.m32",84.83682273521,17021.91612675,"PD",53.9443289089576,10,13.9100708310535,10
"NOTCH01.H2O.m33",82.4597010445467,71217.992223,"SD",-4.30277199490987,16,-4.29585019299346,16
"NOTCH01.H2O.m34",84.6020271793594,51155.8954755,"SD",22.517603679877,10,-3.64412290690039,10
"NOTCH01.H2O.m35",89.0071681715784,13615.4951285,"PD",586.715277525353,12,352.405717486349,12
"NOTCH01.FLUVASTATIN+DIPYRIDAMOLE.m1",83.8969588000509,7341.635307,"PD",48.6778170445444,12,24.2376004925548,12
"NOTCH01.FLUVASTATIN+DIPYRIDAMOLE.m2",82.903785545488,21589.8788375,"SD",-1.23542712997833,15,2.3309457859394,15
"NOTCH01.FLUVASTATIN+DIPYRIDAMOLE.m3",81.7823755841059,24762.3589765,"SD",31.5175904613931,10,25.8618833999382,10
"NOTCH01.FLUVASTATIN+DIPYRIDAMOLE.m4",77.5879802094964,12926.0449595,"SD",1.61707023022732,15,16.9459423342291,15
"INSB014.BMN-673.m1",88.2107303727681,11510.856705,"PD",194.44963781908,13,97.2248189095398,13
"INSB014.BMN-673.m2",89.4507714963208,19627.0256955,NA,NA,NA,NA,NA
"INSB014.BMN-673.m3",87.245242287733,11359.96897875,"PD",209.302107425063,14,107.808874870119,14
"INSB014.BMN-673.m4",86.6203217139874,10404.697697,"PD",160.051014460784,14,77.1148226365203,14
"INSB014.BMN-673.m5",87.8394423235552,15064.5030165,"PD",108.37791081395,14,67.1500933595692,14
"NOTCHB01_P6_945_170516_RES.CFI-402257.m1",85.4171467525989,7924.18935,"PD",264.376125964789,15,108.550590160618,15
"NOTCHB01_P6_945_170516_RES.CFI-402257-3ON4OFF+PACLITAXEL.m1",85.3825848491484,9153.057311,"PD",124.409360649067,21,72.2544472366263,15
"73230_P1_945_170516_RES.PACLITAXEL-15DAILY.m1",75.1100193824815,38343.36353925,"CR",-98.2304820488951,77,-50.4133465090755,50
"73230_P1_945_170516_RES.CFI-400945-52WEEKLY.m1",67.1213888264874,5130.74060375,"SD",-12.3395574684077,13,3.72939864513171,13
"73230_P1_945_170516_RES.CFI-400945-52WEEKLY.m2",74.3992784445488,11111.463254,"SD",-43.5564255742906,20,-10.176009882401,20
"73230_P1_945_170516_RES.CFI-400945-52WEEKLY.m3",82.0032536121212,9732.6869725,"PD",58.1375187723664,19,32.4175507690938,12
"73230_P1_945_170516_RES.CFI-400945-52WEEKLY.m4",85.498792689596,15046.84211575,"PR",-78.0722039854422,11,-39.0361019927211,11
"73230_P1_945_170516_RES.CFI-400945-52WEEKLY.m5",77.3489273798119,13877.46941,"SD",26.4223140495868,27,21.2291579632489,14
"73230_P1_945_170516_RES.CX-5461.m1",50.1329741398662,29794.728899,"PR",-77.9542699309084,45,-46.0556160548878,57
"73230_P1_945_170516_RES.CX-5461.m2",-29.6066256823838,4276.79956525,"SD",-17.0212579237561,15,-12.2309768931474,27
"73230_P1_945_170516_RES.CX-5461.m3",67.0966600922604,15189.372157,"PD",22.5134013825009,34,36.3905238172086,48
"241417.CFI-400945.m1",-22.3857088244567,5303.318619,"SD",-31.6906640780973,13,-12.6235766922641,13
"241417.CFI-400945.m2",-61.7700785147436,9376.240545,"PR",-73.8798958996638,76,-40.6396475287405,20
"241417.CFI-400945.m3",70.811686585821,51345.3561815,"PR",-53.2529120504965,26,-25.4013625009632,29
"241417.CFI-400945.m4",70.811686585821,51345.3561815,"PR",-53.2529120504965,26,-25.4013625009632,29
"241417.CFI-400945.m5",23.7494187620235,14790.52228775,"PR",-87.2043697589099,21,-66.6414517905468,127
"241417.CFI-400945.m6",87.2746333423409,14469.2303345,"PD",161.221445151718,21,100.07018062361,16
"241417.CFI-400945.m7",53.8391654205938,32531.3988715,"SD",-30.8979692307692,62,-5.90089572649572,26
"241417.CFI-400945.m8",-11.0710625712309,3831.6123755,"SD",-7.44422627468133,21,-4.2512146079544,21
"241417.CFI-400945.m9",-4.01460019659217,10692.837121,"SD",-20.8479008272326,44,13.6849233676338,44
"241417.EVEROLIMUS.m1",-56.8403164253994,5394.6861375,"CR",-100,91,-41.0996161856989,91
"85277.H2O.m1",79.7548027806915,20674.8083605,"SD",30.0893390138272,13,4.29107781384528,13
"85277.H2O.m2",88.3227815265753,23108.55671325,"PD",185.507444653022,13,76.2827383971525,13
"85277.H2O.m3",78.7621513369434,21787.176328,"PR",-56.6053267853801,16,-35.5112223968415,20
"85277.H2O.m4",84.1890090466998,14933.5962835,"PD",105.068251619426,12,52.0957311637208,12
"85277.H2O.m5",83.3750712786866,62820.55345275,"SD",6.85135394961839,16,10.4048067529032,16
"85277.H2O.m6",86.982276797069,25990.659236,"PD",195.414719626168,24,84.4558191100147,24
"85277.H2O.m7",86.7939368502999,40252.01043375,"PD",77.3055868581038,20,53.264306800883,10
"85277.H2O.m8",88.8262497932766,24032.0619675,"PD",145.249449774531,12,62.977653623958,12
"85277.H2O.m9",83.5668448099485,23146.213238,"PD",59.1148601564566,13,26.1933568842751,10
"85277.H2O.m10",88.1304294402048,22824.957363,"PD",144.061289207243,12,72.0306446036217,12
"85277.H2O.m11",88.3035943551061,14784.01556725,"PD",212.614765345899,14,111.840467996843,14
"85277.H2O.m12",88.8101213956763,14850.11377175,"PD",311.071237246658,15,162.691255682993,15
"85277.H2O.m13",89.0314464839704,11233.9658635,NA,NA,NA,NA,NA
"85277.H2O.m14",84.2333603752223,12917.1118115,"PD",161.902341432748,29,130.145243098191,15
"85277.H2O.m15",87.7204068962042,16726.812227,"PD",122.071282515294,15,57.6824398329937,15
"85277.H2O.m16",88.6613221605191,13158.36563425,"PD",234.11465407387,15,116.000022778982,15
"85277.CFI-400945.m1",59.6470394007023,4744.42864825,"SD",17.1285038040853,13,7.005518186225,13
"85277.CFI-400945.m2",83.9147762644112,14168.77438975,"PD",75.0514396924443,17,41.1141840607111,12
"85277.CFI-400945.m3",87.6291933651114,16302.270896,"PD",166.76371604581,13,102.151272399257,10
"85277.CFI-400945.m4",17.4708309073013,38797.3888985,"PR",-99.5089740419668,50,-35.4972699610953,76
"85277.CFI-400945.m5",46.673430042185,9477.81407225,"PD",-18.1308189337504,52,64.1966543928609,52
"85277.CFI-400945.m6",-53.1419098185146,5202.494096,"CR",-96.8256376234571,42,-63.7906093070601,90
"85277.CFI-400945.m7",84.4176977131808,15536.8351825,"PD",46.1784030634955,12,8.34720291407417,12
"85277.CFI-400945-52WEEKLY.m1",29.8182147069632,21637.14128825,"CR",-96.5772784133467,43,-65.3649441452339,63
"85277.CFI-400945-52WEEKLY.m2",-53.2294691326264,22646.7689495,"CR",-95.2430503939349,71,-48.2796048968952,71
"85277.EVEROLIMUS.m1",-2.7620481206519,5207.15891475,"SD",-21.7256635875323,13,-12.5361124613254,16
"70620_P6_945W_170901_RES.H2O.m1",86.3407471532918,11352.162653,"PD",42.964862504212,10,29.8254020269671,10
"70620_P6_945W_170901_RES.H2O.m2",85.4984334007034,7177.2037875,"PD",48.0647660347005,10,24.0323830173502,10
"70620_P6_945W_170901_RES.H2O.m3",88.828647919279,104249.344461,"PD",109.41270559831,12,51.5097403245456,12
"70620_P6_945W_170901_RES.H2O.m4",87.9403777517727,27602.5919895,"PD",112.268674919966,13,40.6066134200594,13
"70620_P6_945W_170901_RES.CFI-400945-52WEEKLY.m1",66.0897712937081,41888.74616075,"PD",21.0065781659416,50,36.9667384117356,10
"70620_P6_945W_170901_RES.CFI-400945-52WEEKLY.m2",64.5998716646018,25213.32586475,"SD",-0.729845191002209,26,15.7854253146108,12
"70620_P6_945W_170901_RES.CFI-400945-52WEEKLY.m3",60.3066281537629,30512.9905585,"PD",-0.319746129014615,96,43.2460327385682,46
"NOTCHB02.H2O.m1",69.455614550796,33613.20810925,"SD",-20.6125424334825,12,-21.140113638398,12
"NOTCHB02.H2O.m2",84.5442236096771,31636.63776825,"PD",83.522444325892,23,39.2197118414338,13
"NOTCHB02.H2O.m3",25.8682782582707,12673.56617925,"SD",-35.4059986334558,12,-15.0293317213266,12
"NOTCHB02.H2O.m4",61.2836617128912,35441.6543325,"SD",-1.38701665506294,23,-8.45300783259369,13
"NOTCHB02.H2O.m5",70.5219547170688,56060.7832055,"SD",-1.40567176387267,12,-7.96401797445857,12
"NOTCHB02.H2O.m6",67.2813896447263,10950.48391775,"SD",-0.820099392410472,23,7.8563891447091,13
"NOTCHB02.H2O.m7",25.7743557223526,8585.21482475,"SD",-12.3179845746506,12,-8.57848436448784,12
"NOTCHB02.H2O.m8",86.7598932707302,33667.07038575,"SD",10.7856191744341,11,-11.3879488297553,11
"NOTCHB02.H2O.m9",60.5577097101624,7416.71651675,"SD",-2.5996533795494,14,-0.498774276986097,14
"NOTCHB02.H2O.m10",86.1017034425012,66134.30080725,"SD",-27.9910430345401,11,0.286676562541006,11
"NOTCHB02.H2O.m11",75.9612287755337,17768.14017225,"SD",-3.55948660238559,11,-6.57418197041894,11
"NOTCHB02.H2O.m12",74.8988255467844,11320.85746225,"SD",-8.81793908430881,11,-9.92857368022199,11
"NOTCHB02.H2O.m13",67.6351316511084,57941.6927725,"SD",-21.2517054090221,22,-6.14805359336371,36
"NOTCHB02.H2O.m14",78.0000607406885,85129.18548425,"SD",-30.3498664746302,22,-12.006541708901,12
"NOTCHB02.H2O.m15",67.0166286204816,51541.17675,"SD",-49.7461736467158,15,-34.3568071028363,15
"NOTCHB02.H2O.m16",74.3868476804054,56316.46481675,"SD",-20.1690763946307,12,-14.6539494521587,12
"NOTCHB02.H2O.m17",75.4979407393637,88825.05242025,"SD",-2.9305524886499,43,12.4605825963934,36
"NOTCHB02.H2O.m18",79.511851722544,24880.52960425,"PD",5.29679461812425,12,30.2272830976474,12
"NOTCHB02.H2O.m19",0.28795816107888,5463.971949,"SD",-21.2992651949883,18,-6.88743968207217,32
"NOTCHB02.H2O.m20",69.9494353211325,4851.04420775,"PD",26.3796964723615,18,59.4575973893179,18
"NOTCHB02.H2O.m21",51.4443936299323,3768.478187,"SD",-24.8520312803966,11,-14.6832818264911,11
"NOTCHB02.H2O.m22",64.8917324051047,9226.474362,"SD",-0.907367395520992,18,5.38129917638117,21
"NOTCHB02.H2O.m23",-65.2789860422308,8277.49435425,"SD",-31.6935338096985,39,-19.8887383049383,32
"NOTCHB02.H2O.m24",67.2813896447263,10950.48391775,"SD",-0.820099392410472,23,7.8563891447091,13
"NOTCHB02.CFI-402257.m1",56.4302085119804,14031.13585525,"SD",-41.4507220267024,16,-27.4898103376022,23
"NOTCHB02.CFI-402257.m2",65.3568304353575,16341.93825675,"SD",-12.0137290400537,16,-0.449489219952319,23
"NOTCHB02.CFI-402257.m3",48.5928983831971,9666.733576,"SD",-47.236996503562,58,-2.38770465266159,16
"NOTCHB02.CFI-402257.m4",65.3568304353575,16341.93825675,"SD",-12.0137290400537,16,-0.449489219952319,23
"NOTCHB02.CFI-402257.m5",48.5928983831971,9666.733576,"SD",-47.236996503562,58,-2.38770465266159,16
"NOTCHB02.PACLITAXEL.m1",-75.9269999330883,1704.602829,NA,NA,NA,NA,NA
"NOTCHB02.PACLITAXEL.m2",-36.2856065815204,6098.4660435,"SD",-11.2271617914214,10,-3.9148995313074,10
"NOTCHB02.PACLITAXEL.m3",-62.0962884026701,3934.84675875,"SD",-54.834024665103,10,-16.0347015128635,10
"NOTCHB02.PACLITAXEL.m4",-63.552430415222,970.052393,"PR",-77.1430069105833,17,-26.2656170193645,23
"NOTCHB02.PACLITAXEL.m5",81.0142486516351,7908.116463,"SD",-21.4398030721734,10,16.9019775310117,17
"NOTCHB02.PACLITAXEL.m6",49.8527365053672,4443.641007,"SD",-23.6434866452828,10,-9.91917714157664,10
"NOTCHB02.PACLITAXEL.m7",-69.0814109299029,5520.88267575,"SD",-27.6837505956397,10,-12.0643296384535,23
"NOTCHB02.PACLITAXEL.m8",70.464434583911,5703.9828065,"SD",-3.41489392825877,10,-4.43313969020627,10
"NOTCHB02.PACLITAXEL.m9",-3.76626640462068,4758.6295875,"SD",-23.3550062891009,17,6.07712557930842,17
"NOTCHB02.PACLITAXEL.m10",-64.1768288344729,3503.1811345,"SD",-23.6492828306825,17,-14.09373989839,23
"NOTCHB02.PACLITAXEL.m11",75.8364302494417,4734.21373475,"SD",20.9254334117612,10,13.1193058298822,10
"NOTCHB02.PACLITAXEL.m12",68.637243344885,12264.49804125,"SD",21.1407593372672,19,14.253440244932,12
"NOTCHB02.PACLITAXEL.m13",77.5730096745416,73177.55692375,"SD",5.58893263830151,12,-2.80934924207073,12
"NOTCHB02.PACLITAXEL.m14",77.7208344383632,106672.96645025,"SD",-9.16513813509565,22,1.21819651029126,12
"NOTCHB02.PACLITAXEL.m15",0.565744518089301,35635.432027,"SD",-48.6825779833868,137,-5.00197847403378,12
"NOTCHB02.PACLITAXEL.m16",71.3534681077344,62803.146753,"SD",-12.7690008226806,18,-0.507420854537564,12
"NOTCHB02.PACLITAXEL.m17",67.9908007076731,68633.07667975,"SD",1.02551772441694,43,10.5383900850193,12
"NOTCHB02.PACLITAXEL.m18",56.7758802418418,17147.4389145,"SD",-17.3804581371464,12,16.6985664264578,12
"NOTCHB02.PACLITAXEL.m19",65.3416747904346,7729.49293775,"SD",-95.5134423447812,26,0.136241991551818,26
"NOTCHB02.PACLITAXEL.m20",65.714557771228,8535.92607,"SD",-6.98218554112962,18,6.5140577219002,18
"NOTCHB02.PACLITAXEL.m21",-41.2100425960858,9922.54937625,"SD",-33.1370439603535,14,-17.5164988826094,14
"NOTCHB02.PACLITAXEL.m22",54.0324414832733,4847.167487,"SD",-16.2849538972848,14,-3.27347916031132,14
"NOTCHB02.PACLITAXEL.m23",65.3947100490227,6101.7555905,"PD",17.5482058083563,39,35.5750369826699,14
"44205.CFI-402257.m1",32.9496497997828,14710.29353775,"SD",-36.5329139838028,14,-27.6103535571941,21
"44205.CFI-402257.m2",1.26855826642463,15542.18064575,"PR",-57.934541000967,23,-38.7009210580951,37
"44205.CFI-402257.m3",9.23667005133231,17740.77774486,"PR",-54.8396454047212,20,-35.8453273017243,28
"44205.CFI-402257.m4",82.0131475154741,33362.211724,"SD",14.1066037282803,13,1.09939968132283,13
"44205.CFI-402257-2ON5OFF.m1",64.8687344671208,25497.2813925,"SD",-34.4265289988759,14,-11.7583217182701,21
"REF016_P1_ERIBLD_180206_RES.H2O.m1",86.5587438054312,14196.88051525,"PD",137.521639675754,13,57.323828962111,13
"REF016_P1_ERIBLD_180206_RES.H2O.m2",88.4637272858165,18255.0783075,"PD",99.4327136043545,13,39.7071016374741,13
"REF016_P1_ERIBLD_180206_RES.H2O.m3",89.0493847023457,22479.03008025,"PD",385.043274718802,14,192.521637359401,14
"REF016_P1_ERIBLD_180206_RES.ERIBULIN.m1",89.1000570885095,28247.63915475,"PD",161.493730995233,13,73.7510841598694,13
"REF016_P1_ERIBLD_180206_RES.CFI-400945.m1",-78.8591321296916,4753.699674,"PR",-93.3960404889443,35,-32.3406705247618,35
"REF016_P1_ERIBLD_180206_RES.CDX-011.m1",88.4986261037821,18440.80134125,"PD",199.593869060029,13,82.6898793383769,13
"REF016_P1_ERIBLD_180206_RES.CDX-011.m2",87.8966204737984,17559.29519175,"PD",104.521949332559,14,52.2609746662795,14
"REF016.BMN-673.m1",83.432063051117,9796.9788825,"SD",5.02655874179124,14,12.782622103274,14
"REF016.BMN-673.m2",56.8544617921318,9744.45615,"SD",-5.18055850037656,24,5.49125311837483,10
"REF016.BMN-673.m3",49.0004363448094,39648.61257185,"SD",-64.4922929847924,54,-11.5315916563796,62
"REF016.BMN-673.m4",85.6720803327323,30031.289943,"SD",16.8585266877651,20,18.8085619212005,20
"REF016.BMN-673.m5",-78.5736019208261,17778.811912,"SD",-85.6835330832347,62,-13.8868649797492,62
"REF016.BMN-673.m6",-6.19765810055417,26038.94967875,"PR",-59.8139103446063,39,-31.0413700036695,67
"REF016.BMN-673.m7",83.7389678402514,818.760096,NA,NA,NA,NA,NA
"REF016.BMN-673.m8",67.4706647391372,22322.2269745,"SD",19.3324542552811,54,15.860190084838,11
"REF016.BMN-673.m9",71.4451252737884,17198.34737525,"PD",25.6313257264754,47,43.2778865679237,12
"85277.CFI-402257.m1",80.3016497519054,14684.3536265,"SD",27.4210489399125,13,7.05549666777683,13
"85277.CFI-402257.m2",70.3812329028053,4824.790291,"SD",22.0793192821165,16,17.7948849694228,13
"85277.CFI-402257.m3",86.9299759901172,7478.49689225,"PD",123.986660350372,12,68.5744764930632,12
"85277.CFI-402257.m4",88.6021484346438,11116.42196,"PD",387.950093068019,12,193.975046534009,12
"85277.BMN-673.m1",86.3226416151255,26938.14590075,"PD",126.953620804377,13,57.5173712357098,13
"85277.BMN-673.m2",83.560739750929,9910.400503,"PD",101.253752428609,26,77.2136383967505,12
"85277.BMN-673.m3",87.2605667146067,19759.8126315,"SD",34.3580676663307,12,17.1790338331653,12
"85277.BMN-673.m4",86.3950763898688,5737.5088825,"PD",203.194928146733,15,100.114727584959,15
"85277.CARBOPLATIN.m1",82.0378652889742,13696.181533,"SD",2.28950640031758,13,-1.45537182219266,13
"85277.CARBOPLATIN.m2",82.8508187088917,5089.11620625,"PD",46.9003067840981,14,15.6211273884176,14
"85277.CDX-011.m1",88.7447249013988,18292.63375375,"PD",165.080220487154,13,80.0739083083083,13
"85277.CDX-011.m2",85.8865611437787,6421.375098,"PD",109.371564099973,12,70.4268469055664,12
"85277.CDX-011.m3",75.3405647944112,21617.2740895,"PR",-68.957579434893,20,-46.7173602354826,20
"85277.CDX-011.m4",79.8372870732645,16887.0288455,"SD",-7.50581521908139,11,-5.57523165997438,11
"69196.PACLITAXEL-15DAILY.m1",-26.4132619912244,18428.2196545,"SD",-91.155179370702,80,-15.4854774076943,162
"69196.PACLITAXEL-15DAILY.m2",58.5228080819501,27935.28476225,"SD",-15.0732701867186,10,-18.0982838563719,10
"69196.PACLITAXEL-15DAILY.m3",42.4071623238894,10827.723482,"SD",4.45263789578537,41,12.7700877157076,13
"52226.H2O.m1",65.5942821632526,19454.96681625,"SD",-8.8698982791584,10,3.96735389211451,13
"52226.H2O.m2",27.3744477229875,15517.491163,"SD",3.26259571597234,35,-10.0010700230505,12
"52226.CX-5461.m1",42.900899006813,11663.9431095,"SD",-11.3792001149191,16,-9.406620082443,10
"28077_P4_CX_171011_RES.H2O.m1",81.1456278803823,52965.2615379,"SD",-22.335814329271,12,-14.1648041926734,12
"28077_P4_CX_171011_RES.CX-5461.m1",77.7695961012724,5992.54351525,"SD",33.8897149724895,26,23.4868158533343,12
"73263.CX-5461.m1",62.8204650485989,47690.2470415,"SD",-47.2216350506521,31,-18.5398477683953,51
"73263.CX-5461.m2",12.9415518459644,9597.131501,"CR",-96.1687397177055,41,-61.2336753172134,85
"73263.CX-5461.m3",40.7560691262601,29601.21003775,"PD",-37.6071687890458,62,32.0147784671354,97
"73263.BMN-673.m1",-32.1076757076531,1928.10745575,"CR",-100,51,-88.3000490127785,307
"73263.BMN-673.m2",-15.5730497048331,11583.619636,"CR",-99.5802620125402,59,-80.5400489949674,149
"73263.BMN-673.m3",48.1924062611699,23346.41723125,"PR",-95.3385240249494,39,-26.9375071395037,62
"73263.BMN-673.m4",-26.9737173039572,16693.2899715,"CR",-100,33,-69.0379011608488,110
"73263.CARBOPLATIN.m1",-38.6266646775912,2268.133648,"CR",-100,224,-88.0686644792027,286
"73263.CARBOPLATIN.m2",-32.5604656463882,1016.8988775,"CR",-99.4964070049866,28,-91.5443429121569,230
"73263.ERIBULIN.m1",43.2057269369044,75678.02179875,"CR",-99.6100399884494,38,-71.6485241540906,65
"73263.ERIBULIN.m2",-26.9294094723424,1606.2015258,"CR",-95.6572058189729,18,-90.4993147876008,260
"NOTCH06_P4_TAX_161031_RES.H2O.m1",88.2951957123949,24788.712982,"PD",271.560820165199,15,135.7804100826,15
"NOTCH06_P4_TAX_161031_RES.H2O.m2",87.7629248395278,20374.21794225,"PD",153.813281335328,15,76.9066406676642,15
"NOTCH06_P4_TAX_161031_RES.H2O.m3",79.8476987242702,10777.256009,"SD",5.73800123649093,16,-3.07716086038181,16
"NOTCH06_P4_TAX_161031_RES.H2O.m4",86.5584887978633,15912.75286175,"PD",55.2902214179205,11,20.4004351575387,11
"NOTCH06_P4_TAX_161031_RES.H2O.m5",87.3069643490401,53744.17913225,"PD",108.162234845041,12,58.5880583280453,12
"NOTCH06_P4_TAX_161031_RES.H2O.m6",87.3879432191923,27114.45588225,"PD",116.263964520108,19,53.7877049669824,14
"NOTCH06_P4_TAX_161031_RES.H2O.m7",86.0667497013379,29190.9518825,"PD",79.0081670609337,14,30.0817408675662,14
"NOTCH06_P4_TAX_161031_RES.UNC0642.m1",87.5351816855474,46171.38929125,"PD",74.2972050964069,15,37.1486025482034,15
"NOTCH06_P4_TAX_161031_RES.UNC0642.m2",88.457395649179,11369.3564305,"PD",169.804562805035,15,84.9022814025177,15
"NOTCH06_P4_TAX_161031_RES.UNC0642.m3",88.6217798872475,40078.42737,"PD",95.1676826879854,15,47.5838413439927,15
"NOTCH06_P4_TAX_161031_RES.UNC0642.m4",88.9330924566586,15763.889595,"PD",92.1789281790374,14,32.3463925714339,14
"67725.PACLITAXEL.m1",83.6394392260399,27558.0842545,"PD",30.8294197457148,34,64.2710816449239,34
"67725.PACLITAXEL.m2",85.710273189682,11123.297325,"PD",93.5481033008796,16,65.225887215897,13
"67725.PACLITAXEL.m3",74.8654429132408,5745.88891675,"SD",18.3927240416228,13,16.4075542003284,13
"69196.CFI-400945-5DAILY.m1",14.6997764582322,7869.61741325,"SD",-29.4414668432003,31,-6.81399022281074,10
"69196.CFI-402257.m1",68.3178981178914,8287.986615,"SD",-24.4278256210699,13,-6.61836642214868,22
"69196.CFI-402257-3ON4OFF+PACLITAXEL.m1",-14.6722792824548,20286.1290675,"CR",-97.2952175388914,52,-80.0910362156848,127
"REF016.CX-5461.m1",85.7518872454722,11962.2866445,"PD",52.0337881812137,13,20.9153894548853,13
"REF016.CX-5461.m2",85.8511286976935,8458.90943075,"PD",70.9721322738148,13,41.3132608085769,10
"REF016.CX-5461.m3",88.7257158437142,20490.499757,"PD",318.55825370833,14,159.279126854165,14
"REF016.CX-5461.m4",87.6939457608812,13084.643671,"PD",97.4577485494675,16,34.2497418851246,13
"REF016.CX-5461.m5",88.7707148758436,16482.4851105,"PD",201.124530515946,14,107.352581129897,14
"REF016.CDX-011.m1",87.017802150496,11810.648868,"PD",150.343521632747,20,74.9187083208147,13
"REF016.CDX-011.m2",78.8104702600806,4701.5074655,"PD",53.6497336002224,16,27.6951655748847,10
"REF016.CDX-011.m3",88.8700634434435,21956.21075,"PD",131.498004893008,14,65.7490024465039,14
"70620_P4_TAX_161103_RES.H2O.m1",84.2555427706252,13191.35483,"PD",38.4271126790352,13,17.7804800864812,13
"70620_P4_TAX_161103_RES.H2O.m2",66.0693055508945,2598.99426825,"SD",20.3595388344542,23,18.6873488152087,12
"70620_P4_TAX_161103_RES.H2O.m3",80.137925112216,5557.9578805,"PD",60.5635849901141,12,43.5177453199525,12
"70620_P4_TAX_161103_RES.H2O.m4",84.0541945182423,24201.703088,"PD",37.4499030528089,10,21.3785426182449,10
"70620_P4_TAX_161103_RES.H2O.m5",85.0466258055491,18704.49913525,"SD",33.759919021022,13,7.65647230864277,13
"70620_P4_TAX_161103_RES.H2O.m6",66.0693055508945,2598.99426825,"SD",20.3595388344542,23,18.6873488152087,12
"70620_P4_TAX_161103_RES.H2O.m7",80.137925112216,5557.9578805,"PD",60.5635849901141,12,43.5177453199525,12
"70620_P4_TAX_161103_RES.PACLITAXEL-15DAILY.m1",49.9149379170671,23470.1375655,"SD",-19.0701493636492,70,-11.6434985365461,13
"70620_P4_TAX_161103_RES.CFI-402257-2ON5OFF+PACLITAXEL-15DAILY.m1",70.765528572841,4619.359691,"SD",-4.53268595355971,13,-1.75294806492238,13
"70620_P4_TAX_161103_RES.CFI-402257-2ON5OFF+PACLITAXEL-15DAILY.m2",76.0320624870494,6055.62509225,"PD",35.3952659188282,10,21.3152987222966,10
"REF002.CFI-402257.m1",43.7090752084712,8310.88623275,"SD",-35.0644566796975,26,-26.1606008978949,26
"REF002.CFI-402257.m2",81.3072201996735,8794.0117975,"PD",35.2640737049034,15,23.7468537480303,12
"REF002.CFI-402257.m3",84.0509050351016,14818.203036,"SD",-10.5636136169715,13,-6.3648097369313,13
"REF002.BMN-673.m1",75.9232903513084,9274.128678,"SD",-20.206250909832,14,-7.99329004959191,14
"REF002.BMN-673.m2",82.0483777081941,7450.398993,"SD",32.9884348234392,10,18.2097134287804,10
"REF002.BMN-673.m3",77.4529986062647,15655.051136,"SD",25.6962347022538,15,10.8164400289242,15
"REF002.BMN-673.m4",84.3302635373964,10756.8033995,"PD",64.1343906644089,13,37.0972381427091,13
"NOTCHB02.CFI-400945.m1",42.7932217533287,17001.66992925,"PR",-50.3054570304913,13,-28.9918627289154,16
"NOTCHB02.CFI-400945.m2",32.2062899828854,23747.8743585,"SD",-33.096147679481,93,-0.417977799305953,107
"NOTCHB02.CFI-400945.m3",51.0927001707742,12521.69886475,"SD",-20.0766744693513,14,-3.38320148118759,14
"NOTCHB02.CFI-400945.m4",53.9075763268768,8781.2817535,"PR",-60.6125888127561,14,-29.5357404774264,14
"NOTCHB02.CFI-400945.m5",55.3801258785967,8539.605256,"SD",-27.2616205978735,14,-15.7739126348533,14
"NOTCHB02.CFI-400945.m6",71.4971055283252,9438.677839,"SD",-28.9774137970127,14,5.62755159558119,14
"NOTCHB02.CFI-400945.m7",-55.6277156036738,5961.05731775,"PR",-52.9714184820861,38,-30.0822726192084,58
"INSB014.H2O.m1",86.7343776338367,8806.2353875,"PD",118.956106792607,14,47.270378349621,14
"INSB014.H2O.m2",88.4189422301356,14780.623676,"PD",112.155397714688,14,41.5545449269156,14
"INSB014.H2O.m3",88.0962727623879,8831.18480925,"PD",166.896768527294,15,32.4760828645934,15
"INSB014.H2O.m4",89.1760172854752,14661.16900975,"PD",367.008728979091,13,164.578500475587,13
"INSB014.H2O.m5",89.1988241576802,15927.45516325,"PD",291.719045276505,12,135.643735243021,12
"INSB014.H2O.m6",89.153859833155,8066.78064775,NA,NA,NA,NA,NA
"INSB014.H2O.m7",88.9883634140606,15416.60484325,"PD",383.246357372232,14,155.753304015979,14
"INSB014.H2O.m8",86.9994228638339,18980.946182,"PD",131.460488627918,13,65.8025659125869,13
"INSB014.H2O.m9",88.5312227970833,15507.1862935,"PD",262.676572519821,12,100.855989352501,12
"INSB014.H2O.m10",88.7691554592113,16986.1091145,"PD",277.571722048003,12,178.972266722365,12
"INSB014.H2O.m11",89.1092075045276,34309.512897,"SD",-96.7078189300412,14,-3.67416186556928,14
"INSB014.H2O.m12",89.1211190322267,82963.8054935,"SD",19.4087091549738,13,5.37324089724806,13
"INSB014.H2O.m13",88.7010621592573,14840.8347475,"PD",198.554590945867,13,91.0480406236982,13
"INSB014.H2O.m14",89.7368470724075,33383.462991,"PD",4332.05,13,1905.66568213333,13
"INSB014.H2O.m15",88.9323801117582,11951.5441585,"PD",516.452304350477,14,219.166733323146,14
"INSB014.H2O.m16",89.8343579150493,11126.15341075,NA,NA,NA,NA,NA
"INSB014.UNC0642.m1",87.6770136897552,11154.3185045,"PD",107.240858943557,14,41.634282525295,14
"INSB014.UNC0642.m2",85.9034942785929,8258.4392265,"PD",65.035676041346,14,14.9109900584212,14
"INSB014.UNC0642.m3",89.2769036566378,19852.7269065,"PD",423.664114614377,15,132.512462089257,15
"NOTCH01_P3_945_160729_RES.CFI-402257.m1",75.5098611193043,7842.3242185,"SD",6.1967626275914,15,3.4364643524094,15
"NOTCH01_P3_945_160729_RES.CFI-402257.m2",86.2801973451376,25452.7727245,"PD",137.450366595273,11,63.1038898159443,11
"NOTCH01_P3_945_160729_RES.CFI-402257.m3",82.5620813958403,11297.4613945,"PD",50.6542448280032,12,29.8159375048339,12
"NOTCH01_P3_945_160729_RES.CFI-402257-3ON4OFF+PACLITAXEL.m1",-26.286865078922,4252.8683345,"SD",-27.1152027116071,30,3.40493277345339,30
"48602_P3_CARBO_170405_RES.H2O.m1",74.4405873829782,15777.289381,"SD",18.6394607040589,16,23.949424665719,30
"48602_P3_CARBO_170405_RES.H2O.m2",87.5928868923215,20531.6211755,"PD",86.9548478440646,11,35.2084071830005,11
"48602_P3_CARBO_170405_RES.H2O.m3",82.8415186029189,17748.5510965,"PD",26.3842728844127,15,37.6425640161183,15
"48602_P3_CARBO_170405_RES.CFI-400945.m1",-43.9588945257109,6849.70091,"PR",-74.0738582629498,84,-34.6136058779554,90
"48602_P3_CARBO_170405_RES.CFI-400945.m2",13.5641726521266,20195.88911475,"CR",-99.6776627277976,59,-50.1891532375552,99
"48602_P3_CARBO_170405_RES.CFI-400945.m3",-60.8879370154624,4148.1401935,"PR",-51.2373587420068,35,-33.0439932569893,48
"48602_P3_CARBO_170405_RES.CARBOPLATIN.m1",73.5068478097908,37944.51697625,"SD",17.4556213017751,16,12.0753837654013,13
"48602_P3_CARBO_170405_RES.CARBOPLATIN.m2",81.6852390687769,17663.91764475,"SD",27.0202290973851,19,23.4149807463683,12
"44205.CX-5461.m1",44.9083050801341,14939.591702,"SD",-13.3023863675916,10,-6.57091339712993,10
"44205.CX-5461.m2",37.2611941277306,9702.80288775,"SD",-19.7535947129425,13,-0.492664570409828,13
"NOTCHB02.CX-5461.m1",45.8099895722805,9691.49145075,"SD",-34.1712936235822,19,-8.0865345735064,19
"NOTCHB02.CX-5461.m2",16.6201109681053,11321.1934745,"SD",-14.0578875536584,55,6.99317854170803,55
"NOTCHB02.CX-5461.m3",-8.88811086516577,7001.96753075,"SD",-41.8153143563786,69,-12.4465827380838,48
"NOTCHB02.CX-5461.m4",66.4308218948826,11911.07120045,"SD",-11.43768741315,15,-7.89918686309701,19
"NOTCHB02.CX-5461.m5",16.6201109681053,11321.1934745,"SD",-14.0578875536584,55,6.99317854170803,55
"NOTCHB02.CX-5461.m6",-8.88811086516577,7001.96753075,"SD",-41.8153143563786,69,-12.4465827380838,48
"NOTCHB02.CX-5461.m7",68.6306156613876,33669.25500475,"PD",48.854731765558,20,65.165715369247,34
"REF007_P2_TAX_171010_RES.H2O.m1",87.5309948087467,21010.8488115,"PD",61.1731014662598,13,27.6105731030916,13
"REF007_P2_TAX_171010_RES.H2O.m2",78.1070030911656,72308.79936975,"SD",-3.36751529314189,12,5.17589297710304,12
"REF007_P2_TAX_171010_RES.H2O.m3",87.7692894968349,46825.1446915,"PD",134.095063092201,12,73.2631168762148,12
"REF007_P2_TAX_171010_RES.ERIBULIN-LOW.m1",76.1396183377206,29949.28295525,"SD",21.8255559063241,24,13.2874423322817,13
"REF007_P2_TAX_171010_RES.ERIBULIN-LOW.m2",88.6370905233386,20944.8984095,"PD",212.180954838838,11,129.652394956443,11
"69196.H2O.m1",-8.66858808059404,7814.01883175,"SD",-20.9423829078145,41,-11.1461358866119,41
"69196.H2O.m2",76.8508679746769,23041.0573745,"SD",-10.1653352937358,14,-9.03652915033501,14
"69196.H2O.m3",64.5461280295188,25996.36995975,"SD",13.5073214679571,20,15.5885803957535,20
"69196.H2O.m4",-86.5209234451159,758.657993,NA,NA,NA,NA,NA
"69196.H2O.m5",86.6943172663808,6464.85335725,"PD",74.3522875393643,15,39.4336054783877,11
"69196.H2O.m6",85.7662851901595,40712.62310825,"PD",67.7666833260901,11,44.0960187358153,11
"69196.H2O.m7",84.6988575507978,19959.465055,"PD",135.5689671237,11,70.78602102242,11
"69196.H2O.m8",87.3666989668152,30435.53386775,"PD",148.13991155629,11,89.6152064955131,11
"69196.H2O.m9",85.6982297606164,22091.7043905,"PD",83.6419382866253,14,73.7375206715074,11
"69196.H2O.m10",86.715525731883,28420.69953425,"PD",131.404344032036,11,51.9382329806945,11
"69196.H2O.m11",87.5710364276337,54337.32674425,"PD",46.5016138223825,10,38.1018257026722,10
"69196.H2O.m12",-79.9141338903294,2810.8785155,"SD",-21.2615177720043,10,-24.6666400554491,10
"69196.H2O.m13",75.8606079392376,27049.0854255,"SD",0.232208555114241,25,2.22729094178207,12
"69196.H2O.m14",83.1221749077575,42221.100079,"SD",16.0219904396332,12,7.22618357420457,12
"69196.H2O.m15",86.6401783342379,49205.03397625,"PD",97.0674671612822,13,48.5603155537731,13
"69196.H2O.m16",82.2454990783292,37223.7902185,"SD",8.92104428857928,13,1.69238006240146,13
"69196.H2O.m17",76.6781560797433,16333.1183515,"SD",34.6736924450742,13,12.1439212994738,13
"69196.H2O.m18",82.081858688616,16664.0726935,"SD",20.041505120592,12,6.11468302149082,12
"69196.H2O.m19",84.5186727453438,26737.62353025,"PD",36.7509035632516,10,8.10597878012498,10
"69196.BMN-673.m1",-52.8492619939809,9104.50054275,"SD",-42.0611474242033,47,-15.5227074810234,55
"69196.BMN-673.m2",16.2763253150745,6668.106499,"SD",-5.6858795359313,41,-8.21367703740244,12
"69196.CX-5461.m1",62.9662682921829,11271.5359365,"SD",7.59954395638078,47,29.9547120906083,19
"69196.CX-5461.m2",38.1825254986776,18160.699897,"SD",-13.9575053873249,27,-1.52396271652383,27
"01-1104.ERIBULIN-EXTRALOW.m1",8.22894916085088,15744.642231,"CR",-97.7362193171552,55,-42.8436490817555,104
"NOTCHB01_P5_ERIB_170309_RES.H2O.m1",87.6351722459899,12504.4079335,"PD",176.330737581519,13,75.8355948836409,13
"NOTCHB01_P5_ERIB_170309_RES.H2O.m2",87.4624790595578,12671.20439225,"PD",71.8167298662668,16,29.2947994549239,13
"NOTCHB01_P5_ERIB_170309_RES.H2O.m3",85.8821499204582,9257.2621885,"PD",16.0948414907586,14,32.6807124572887,14
"NOTCHB01_P5_ERIB_170309_RES.H2O.m4",88.2260052288074,9042.189433,"PD",173.228241025071,10,95.5230757175539,10
"NOTCHB01_P5_ERIB_170309_RES.H2O.m5",87.1286678728147,17961.3462685,"PD",84.973929027588,12,52.0616062102239,12
"NOTCHB01_P5_ERIB_170309_RES.H2O.m6",80.2092315536145,8225.3468535,"SD",32.7995723849401,12,27.2249274318485,12
"NOTCHB01_P5_ERIB_170309_RES.H2O.m7",88.4893505616274,15781.99542175,"PD",113.986896414788,11,51.7382539286917,11
"NOTCHB01_P5_ERIB_170309_RES.H2O.m8",84.2831092525448,11191.25744925,"SD",-19.8090239720895,12,-7.32275677266404,12
"NOTCHB01_P5_ERIB_170309_RES.H2O.m9",88.9378522039058,9034.92774875,"PD",205.996630978688,11,117.312987562358,11
"NOTCHB01_P5_ERIB_170309_RES.H2O.m10",88.6015295541128,14310.124529,"PD",256.944262848834,11,112.853014279081,11
"NOTCHB01_P5_ERIB_170309_RES.H2O.m11",86.6610390398386,21935.02681625,"PD",119.406919598634,12,53.1606572041904,12
"NOTCHB01_P5_ERIB_170309_RES.H2O.m12",87.3027586897424,8700.01122925,"PD",55.4812284772462,10,26.4117509265854,10
"73230_P1_TTK/TAX_170926_RES.H2O.m1",86.4006173918738,8720.275616,"PD",124.361098715778,15,32.6697859571325,12
"73230_P1_TTK/TAX_170926_RES.H2O.m2",88.5034890081238,11209.08698625,"PD",272.356980846774,16,121.385654925301,13
"73230_P1_TTK/TAX_170926_RES.ERIBULIN-LOW.m1",66.4371255558982,19276.763524,"CR",-100,27,-86.8763094655222,62
"73230_P1_TTK/TAX_170926_RES.BMN-673.m1",55.8369873671029,31484.607455,"PR",-78.9036698511669,35,-42.2006973981794,51
"NOTCHB01_P5_BMN_170329_RES.BMN-673.m1",88.8023722571529,22797.9257135,"PD",131.532862230808,11,76.1751809342747,11
"NOTCHB01_P5_BMN_170329_RES.BMN-673.m2",88.7856874833642,23296.8284535,"PD",144.919642473834,13,61.2609649827159,13
"NOTCHB01_P5_BMN_170329_RES.BMN-673.m3",88.9377257521818,35548.2656695,"PD",139.099334298807,12,64.1724383699407,12
"NOTCHB01_P5_BMN_170329_RES.CX-5461.m1",87.4498324720646,18250.3543145,"PD",132.13788842621,11,75.586834281843,11
"NOTCHB01_P5_BMN_170329_RES.CX-5461.m2",83.305165270869,8357.87027575,"PD",83.8041440491855,12,49.9945134068599,12
"REF005_P2_ERIB_171019_RES.CX-5461.m1",87.1680527487713,18890.56355825,"PD",69.6230528061275,13,36.6839426003993,13
"REF005_P2_ERIB_171019_RES.CX-5461.m2",88.3274617065437,13838.345306,"PD",216.558310574684,13,101.974647295912,13
"REF005_P2_ERIB_171019_RES.CARBOPLATIN.m1",85.4926151479877,16203.28098975,"PD",67.7917916455389,21,40.8022040727237,13
"REF005_P2_ERIB_171019_RES.CARBOPLATIN.m2",75.9136622611393,9216.2741955,"PD",46.3159821225457,27,27.9006843541872,13
"REF003_P1_CX_171024_RES.H2O.m1",78.7547905910892,8949.4111265,"PD",46.9406259612092,12,23.4703129806046,12
"REF003_P1_CX_171024_RES.H2O.m2",76.0334947688868,24966.57827625,"SD",11.2731977011885,23,7.71833993890831,14
"REF003_P1_CX_171024_RES.H2O.m3",75.0134727311767,60714.7786095,"SD",21.2773168835182,14,10.6496678854173,14
"70620_P6_945W_170901_RES.CFI-400945-41.6WEEKLY.m1",86.0873055674836,30528.90253425,"PD",65.5031211574654,13,54.2453541370193,13
"70620_P6_945W_170901_RES.CFI-400945-41.6WEEKLY.m2",84.2406738038547,7983.492373,"SD",6.25565717474395,13,3.32196712145099,13
"INSB019.ERIBULIN-EXTRALOW.m1",5.36043621296697,8718.57160975,"SD",-24.8259779730593,54,4.86737023956418,12
"66280_P1_945_141022_RES.H2O.m1",89.5184398904041,8243.43618975,NA,NA,NA,NA,NA
"66280_P1_945_141022_RES.H2O.m2",89.2931839190202,9824.85799525,NA,NA,NA,NA,NA
"66280_P1_945_141022_RES.H2O.m3",88.9863354932728,25905.69130475,"PD",316.549691562852,13,166.446901392797,13
"66280_P1_945_141022_RES.H2O.m4",85.1576282616902,30322.3864445,"PD",38.4791761645526,27,41.2355525758267,11
"66280_P1_945_141022_RES.H2O.m5",87.7767015896662,56754.379836,"PD",70.156032048267,11,35.3312588719035,11
"66280_P1_945_141022_RES.H2O.m6",88.5050693011,80212.61366875,"PD",82.1947694732282,27,62.4601404064499,11
"66280_P1_945_141022_RES.H2O.m7",86.1416332728106,37050.959751,"SD",7.83525900510108,18,0.966113524182872,11
"66280_P1_945_141022_RES.H2O.m8",80.9806698765877,18520.78175025,"SD",-6.18169693662855,18,7.63882509025487,11
"66280_P1_945_141022_RES.H2O.m9",83.531305676704,4064.09318175,NA,NA,NA,NA,NA
"66280_P1_945_141022_RES.H2O.m10",86.0152288072665,3120.72235,NA,NA,NA,NA,NA
"66280_P1_945_141022_RES.H2O.m11",84.7363464659694,12772.73308125,"PD",40.0280969555119,12,52.4681733877733,12
"66280_P1_945_141022_RES.H2O.m12",84.9476936853625,15679.36610575,"SD",10.252537804202,12,11.8381409436601,12
"66280_P1_945_141022_RES.H2O.m13",81.2623030875295,58014.2091985,"SD",-17.2906894007516,12,-8.64534470037578,12
"66280_P1_945_141022_RES.H2O.m14",87.611290053785,68086.5748065,"SD",18.2316853105806,12,9.11584265529032,12
"66280_P1_945_141022_RES.H2O.m15",87.5605879469649,18202.904836,"PD",161.317858883647,12,72.3208281183073,12
"66280_P1_945_141022_RES.CFI-400945.m1",74.858516366323,65352.41380125,"PD",-20.38780953071,36,47.2742890950598,11
"66280_P1_945_141022_RES.CFI-400945.m2",82.2667814313837,49156.61073975,"PD",63.3639776665383,34,111.273137641732,13
"66280_P1_945_141022_RES.CFI-400945.m3",85.2580997781393,42767.94919625,"SD",12.5471264217924,13,7.06085284663131,13
"66280_P1_945_141022_RES.CFI-400945.m4",85.3156376436412,85835.86750375,"PD",27.8162546987279,18,33.4739539811339,18
"66280_P1_945_141022_RES.CFI-400945.m5",86.5247540091095,112253.864955,"SD",7.53323119579135,18,3.5812084777773,11
"66280_P1_945_141022_RES.CFI-400945.m6",79.1998238348037,53545.18545225,"SD",18.2906487271886,11,0.0482407971672352,11
"66280_P1_945_141022_RES.CFI-400945.m7",65.0440563242345,29923.14445225,"SD",-5.34638309164475,27,23.4714007754108,11
"66280_P1_945_141022_RES.CFI-400945.m8",81.2623030875295,58014.2091985,"SD",-17.2906894007516,12,-8.64534470037578,12
"66280_P1_945_141022_RES.CFI-400945.m9",87.611290053785,68086.5748065,"SD",18.2316853105806,12,9.11584265529032,12
"66280_P1_945_141022_RES.CFI-400945.m10",-81.3681687320802,12829.488067,"CR",-99.2522365641754,54,-82.3999525751604,90
"66280_P1_945_141022_RES.CFI-400945.m11",-75.7470547799337,2038.721409,NA,NA,NA,NA,NA
"66280_P1_945_141022_RES.CFI-400945.m12",26.9269661481481,3142.06155275,NA,NA,NA,NA,NA
"66280_P1_945_141022_RES.CFI-400945.m13",84.1431400478834,3418.12223575,NA,NA,NA,NA,NA
"66280_P1_945_141022_RES.CFI-400945.m14",27.0305450287833,19852.2782155,"SD",-42.756690024517,12,-16.3304414541083,28
"66280_P1_945_141022_RES.CFI-400945.m15",82.9178719089969,11293.52855675,"PD",1.99004975124378,12,33.9578201548792,12
"66280_P1_945_141022_RES.CFI-400945.m16",-67.8942142670424,33813.35661075,"CR",-99.2522365641754,54,-82.3999525751604,90
"66280_P1_945_141022_RES.CFI-400945.m17",49.1723959114157,33862.2796525,"SD",-29.44959597573,54,-6.23366294645815,12
"66280_P1_945_141022_RES.CFI-400945.m18",82.8182505206248,31914.167121,"SD",-23.2646628721462,10,-12.2950579462501,13
"66280_P1_945_141022_RES.CFI-400945.m19",70.941577384143,12729.9458325,"SD",-23.0212747711403,10,-4.69719231511993,13
"66280_P1_945_141022_RES.CFI-400945.m20",88.1591164888482,55671.36644675,"SD",13.3724056886332,13,15.2989773763031,13
"66280_P1_945_141022_RES.CFI-400945.m21",49.0911643832862,47614.08460325,"SD",-45.7092847096645,27,-4.87230942856621,42
"66280_P1_945_141022_RES.CFI-400945.m22",74.5591927966265,7285.79397075,"SD",8.20653944237884,23,16.5615162076397,12
"66280_P1_945_141022_RES.CFI-400945.m23",-61.6237761966754,12433.062729,"SD",-48.7500943353637,40,-26.51426433198,54
"REF005_P2_ERIB_171019_RES.PACLITAXEL-15DAILY.m1",80.1133396760958,12448.046182,"PD",70.7802459356933,13,44.0741654568257,13
"REF005_P2_ERIB_171019_RES.CDX-011.m1",87.3400724599818,18483.00136875,"PD",133.950751038179,13,65.8069448537095,13
"REF005_P2_ERIB_171019_RES.BMN-673.m1",56.5058439391307,7801.50492175,"SD",-35.4089706092456,13,-20.6320534650731,13
"REF006.H2O.m1",81.7693781564979,53722.4801295,"SD",6.2947286542571,13,1.68980139215955,13
"REF006.H2O.m2",83.2902375131323,37071.67673925,"PD",54.1952591237388,20,64.5034858914287,12
"REF006.H2O.m3",83.0604918519187,8223.62226675,"PD",46.121309337801,10,17.7583709924822,10
"REF006.H2O.m4",83.2858459363355,32602.14792775,"SD",22.2860776338486,13,5.70932437925169,13
"REF006.H2O.m5",80.7124717686147,44257.0978835,"SD",17.4004474658764,19,20.1135260355775,12
"REF006.H2O.m6",85.834718888628,23760.48321825,"PD",101.883419550077,12,88.2872038931542,12
"REF006.H2O.m7",86.3819447467285,21629.89292775,"SD",26.2045503594965,13,13.1022751797482,13
"REF006.H2O.m8",86.5058919710927,23907.2088215,"PD",65.7822398592176,12,35.551589200453,12
"REF006.H2O.m9",82.687106991595,63399.4061985,"SD",-10.0412524120655,14,15.0279702167034,14
"REF006.H2O.m10",89.2924751481495,8040.295698,NA,NA,NA,NA,NA
"REF006.H2O.m11",86.850709948688,21156.46425875,"PD",39.9701184161943,13,25.3114593822015,13
"REF006.H2O.m12",84.99586092906,33096.59451425,"PD",312.407438850708,35,164.354595228934,15
"REF006.H2O.m13",81.7770241049569,37156.78529175,"PD",43.8602479922462,14,8.38168563392906,14
"REF006.H2O.m14",82.9865493799512,42944.87689625,"SD",-18.7982051051136,11,-11.1032240965936,15
"REF006.CARBOPLATIN.m1",41.1686663860781,7686.453902,"SD",-18.0318243787877,19,-11.6685322720155,19
"REF006.CARBOPLATIN.m2",75.6385000577089,7531.5750785,"PD",50.4018107453474,16,19.1251200256787,10
"REF006.CFI-400945-52WEEKLY.m1",-56.7399105105948,4212.04845025,"SD",-49.5915758649013,27,-24.2050187735443,41
"REF006.ERIBULIN-LOW.m1",45.2308342182321,50967.26797825,"PR",-50.8784496442628,77,-28.9339490691241,111
"NOTCHB02.CFI-400945-5DAILY.m1",79.86830895537,9342.53325125,"SD",8.47720656638036,23,19.8869084968606,23
"NOTCHB02.ERIBULIN-LOW.m1",63.5222948034188,3915.2920635,"SD",-13.3907484565808,13,-2.42150793900533,23
"NOTCHB02.ERIBULIN-LOW.m2",66.2376952942267,7887.09449825,"SD",15.808595724759,12,5.00073488765899,12
"NOTCHB02.CARBOPLATIN.m1",41.5399211525574,7004.92813075,"SD",-23.4975024025588,23,3.66990920877807,34
"NOTCHB02.CARBOPLATIN.m2",58.4036034438816,12816.5311245,"PD",17.2104019685209,12,39.5987810237095,15
"NOTCHB02.CARBOPLATIN.m3",0.68817742578794,4914.41300725,"SD",-7.19633848705989,14,-13.563893748286,14
"73263_P7_CX_170420_RES.CX-5461.m1",54.3971459217523,36856.67378505,"SD",-16.6923638683296,32,-1.93190874670632,42
"73263_P7_CX_170420_RES.CX-5461.m2",82.3893117523633,23350.004751,"PD",58.3508877249656,13,35.9916280149791,13
"73263_P7_CX_170420_RES.CX-5461.m3",75.2750017411862,33192.70032025,"SD",-18.0863597664279,27,-0.569148513558702,27
"REF006.CFI-402257-2ON5OFF+PACLITAXEL-15DAILY.m1",24.5635713773972,10967.85203575,"PR",-52.6647072484588,32,-29.080022671878,47
"REF006.CFI-402257-2ON5OFF+PACLITAXEL-15DAILY.m2",-34.0857556836381,10268.898816,"SD",-27.7182281292427,20,-21.8444394812526,41
"REF006.CFI-402257-2ON5OFF+PACLITAXEL-15DAILY.m3",-57.7671319992238,2520.666557,"SD",-25.2445414674706,22,-14.3924250305016,22
"REF006.CFI-402257-2ON5OFF+PACLITAXEL-15DAILY.m4",81.9796425836247,7025.020095,"PD",50.5946074496006,13,26.3704343777007,13
"REF006.CDX-011.m1",37.7782541715443,11034.63664225,"CR",-96.546050922357,47,-48.298268746136,47
"REF006.CDX-011.m2",66.3265566287293,46540.98436925,"SD",-89.502140163692,40,-13.1500012261828,82
"REF005_P2_ERIB_171019_RES.CFI-400945.m1",77.2328502590442,12101.20145625,"SD",-12.7372921751711,13,-9.27736847020956,13
"REF005_P2_ERIB_171019_RES.CFI-402257.m1",75.6349822201696,11127.70887825,"SD",9.32021474318183,13,-1.78531587162113,13
"REF005_P2_ERIB_171019_RES.ERIBULIN-LOW.m1",82.4867441751872,12589.8011385,"SD",-21.0363292069442,13,-7.15184467807564,13
"REF005_P2_ERIB_171019_RES.ERIBULIN-LOW.m2",87.4182828515573,13798.74868975,"PD",170.323719195311,12,61.4854412279829,12
"REF005_P2_ERIB_171019_RES.ERIBULIN-LOW.m3",86.4110139228484,36508.2403375,"PD",85.5963260455739,21,60.7494638909029,12
"REF010.CDX-011.m1",-73.9852141559584,3546.9699925,"PR",-97.3282428879429,41,-38.6980271883525,41
"REF010.CDX-011.m2",41.8173852518551,29731.714734,"SD",-2.69656752365751,46,6.71316400163417,46
"REF010.CDX-011.m3",-62.4265260290828,9787.70332925,"PR",-71.3356641245024,75,-41.6562609853201,82
"REF010.CDX-011.m4",-46.2623254601019,1590.6944655,"CR",-100,43,-88.6884483176711,169
"73471_P9_TTK/TAX_171019_RES.H2O.m1",87.0246133947244,12349.249203,"SD",18.6570090816891,13,0.379499864814132,13
"73471_P9_TTK/TAX_171019_RES.CFI-402257-3ON4OFF+PACLITAXEL.m1",74.0929775428382,10601.914157,"SD",-8.25984832856267,13,-2.18909663385217,16
"73471_P9_TTK/TAX_171019_RES.CFI-402257-3ON4OFF+PACLITAXEL.m2",86.6563872571467,24462.87930325,"SD",25.0895908724829,13,20.7058815900114,13
"73471_P9_TTK/TAX_171019_RES.CFI-402257-2ON5OFF+PACLITAXEL.m1",76.9471035408281,20826.88968425,"SD",-33.2870909487459,22,-21.963874331412,28
"NOTCH01.FLUVASTATIN.m1",78.3445625707651,9147.76045725,"SD",-4.98669023295031,10,4.90319079200419,10
"73471.CDX-011.m1",34.4001875860061,45900.24458175,"CR",-99.627322342222,35,-69.7152019327242,75
"REF014.CFI-402257-3ON4OFF+PACLITAXEL.m1",-5.79403424609437,13603.64086125,"CR",-99.5798874635306,40,-43.3985129851501,51
"REF014.CFI-402257-3ON4OFF+PACLITAXEL.m2",61.6452335681164,13719.1679202,"SD",13.7895477878082,16,6.23009686708132,16
"REF014.CARBOPLATIN.m1",69.1153406497574,4713.8521695,"SD",12.9430178694216,12,0.666305638420766,12
"REF014.CARBOPLATIN.m2",30.964482986044,2437.1996685,"SD",-19.4463998912375,18,10.2621545159972,18
"REF014.CARBOPLATIN.m3",77.8835461830952,6099.229434,"SD",8.97737559332644,14,2.67448603852638,14
"NOTCHB01_P5_ERIB_170309_RES.CX-5461.m1",83.3442494350404,5301.12011575,"PD",71.1445428062505,13,38.2073736673973,13
"REF007_P1_TAX_170921_RES.H2O.m1",71.5587261461254,6535.310602,"SD",-16.3065151852677,14,-11.2225719385384,14
"REF007_P1_TAX_170921_RES.H2O.m2",86.1291719651577,17086.35841875,"PD",135.573023456681,13,55.746708647944,13
"48602.H2O.m1",87.1887406586247,10631.80662,"PD",94.9678391196838,13,48.1428390236493,13
"48602.H2O.m2",86.116645628601,15553.29775675,"PD",74.5392747226464,12,34.8805530574004,12
"48602.H2O.m3",80.026350600401,86334.97652225,"SD",-5.97659383568205,10,-3.26728894030643,10
"48602.H2O.m4",81.3193226051278,83679.3800005,"SD",-18.6764331834226,10,-5.09484479058913,10
"48602.H2O.m5",83.9370126791142,55979.88089675,"SD",19.5629014545125,13,14.060966733807,10
"48602.H2O.m6",NA,NA,NA,NA,NA,NA,NA
"48602.H2O.m7",NA,NA,NA,NA,NA,NA,NA
"48602.H2O.m8",79.089196517219,137414.7972035,"SD",7.84061310708122,57,13.3432973181039,10
"48602.H2O.m9",83.4503517960156,65276.673086,"PD",136.565765566709,10,73.0594288824133,10
"48602.H2O.m10",NA,NA,NA,NA,NA,NA,NA
"48602.H2O.m11",59.6908798175339,3550.272785,"SD",-13.0311071717165,23,17.4965326574597,23
"48602.H2O.m12",79.089196517219,137414.7972035,"SD",7.84061310708122,57,13.3432973181039,10
"48602.H2O.m13",79.624151050906,58053.30010275,"SD",-0.362293370327857,10,-2.53319234008698,10
"48602.H2O.m14",75.6603090033866,82177.9127395,"SD",10.1138356655076,56,26.0176380022377,12
"48602.H2O.m15",71.3712311668333,25156.9424185,"SD",-36.7205418467683,25,-14.4680413789453,11
"48602.H2O.m16",82.5229795772535,33144.152039,"SD",-13.4012166461022,10,7.92789577453965,10
"48602.H2O.m17",58.1575928902474,9374.40315825,"PR",-61.0177943068788,21,-38.1319910207628,24
"REF010.CFI-400945-5DAILY.m1",-27.3556871089861,3497.9950685,"SD",-31.1359149451044,30,-6.51351199978148,34
"REF010.CFI-400945-5DAILY.m2",76.1377448757031,40683.12171675,"SD",-37.7615758274069,21,-13.3540194070844,21
"REF010.CFI-400945-5DAILY.m3",-2.01989329162394,34994.63469525,"PR",-79.0906819872028,78,-24.780963009809,197
"REF010.CFI-400945-5DAILY.m4",62.5173801901237,14755.49617675,"PD",64.7210558015471,39,35.0967408014209,10
"REF010.ERIBULIN-EXTRALOW.m1",-34.357708857261,7989.89552775,"SD",-38.385003159678,20,-11.8114628791964,23
"REF010.EVEROLIMUS.m1",25.1737880212525,3599.05696725,"SD",-11.2676057378889,27,6.70346233972821,13
"REF003.H2O.m1",54.2372276255222,47853.90443875,"SD",-54.3567531065342,10,-17.6622613932443,24
"REF003.H2O.m2",12.1186720747605,29678.80934425,"SD",-29.2623859114434,34,-12.4921318277724,10
"REF003.H2O.m3",69.1481211958047,57618.4722045,"SD",-13.3636226582156,15,5.47097506775327,15
"REF003.H2O.m4",37.4133176221412,30573.76549225,"SD",-28.7722341013695,13,-10.2318166597985,27
"REF003.H2O.m5",-27.8662084491193,5054.91473225,"SD",-20.122654596411,27,-3.22736216998961,35
"REF003.H2O.m6",-30.1769935371478,1566.20709675,"SD",-34.2872682966069,15,-37.6205160064137,15
"REF003.H2O.m7",70.5697179648841,41451.0882665,"SD",-17.3135325381774,48,4.54275355571967,12
"REF003.CFI-400945-3.75DAILY.m1",36.2292555341479,16552.58602475,"CR",-97.4252711779492,77,-64.7259540174888,125
"REF003.CFI-400945-3.75DAILY.m2",-71.604392183938,2584.8384885,"CR",-99.7551247126698,35,-80.5942701736625,103
"INSB014.CFI-402257.m1",88.7535687461974,11882.0961325,"PD",385.742252338588,14,178.080872190373,14
"INSB014.CFI-402257.m2",88.1261900336578,14978.223568,"PD",265.888560067953,13,115.610637375869,13
"INSB014.CFI-402257.m3",88.4929986304386,13095.3638235,"PD",223.46724756633,13,100.312183622829,13
"INSB014.CFI-402257.m4",88.6871614267719,11973.5024715,"PD",309.38756827171,13,115.541500833929,13
"INSB014.CFI-402257.m5",88.2969350240109,6795.408522,NA,NA,NA,NA,NA
"70620_P4_TAX_161103_RES.ERIBULIN.m1",-57.515102420333,2266.26069675,"CR",-100,75,-73.4145623294552,144
"69196_P8_TAX_170824_RES.PACLITAXEL.m1",6.2068647721279,21037.75864775,"PR",-100,34,-39.9371984118435,58
"69196_P8_TAX_170824_RES.PACLITAXEL.m2",-3.174728065477,20510.4710815,"CR",-100,27,-61.3259261563083,51
"69196_P8_TAX_170824_RES.PACLITAXEL.m3",-76.3187809282115,3133.347022,"CR",-99.7487918773361,26,-67.3492106356941,62
"NOTCH06_P4_TAX_161031_RES.PACLITAXEL.m1",-8.04632633112852,17857.728399,"SD",-44.9540629611324,38,-24.033730314591,90
"NOTCH06_P4_TAX_161031_RES.PACLITAXEL.m2",50.7270861311086,18317.93727,"PR",-55.6116348159602,19,-22.9736706505103,37
"NOTCH06_P4_TAX_161031_RES.PACLITAXEL.m3",78.2200169331535,24617.5676215,"PD",38.3845888121097,13,20.9563848362151,13
"NOTCH06_P4_TAX_161031_RES.PACLITAXEL.m4",-3.45355840008468,12215.54998375,"SD",-41.681488025885,70,-14.6005127497269,13
"NOTCH06_P4_TAX_161031_RES.PACLITAXEL.m5",87.1715637780593,29787.541314,"PD",83.7300843414289,14,51.4300486220129,14
"NOTCH06_P4_TAX_161031_RES.PACLITAXEL.m6",-30.1004262261916,7526.4393195,"CR",-96.4452596648946,44,-49.198270796564,69
"NOTCHB02.CFI-400945-52WEEKLY.m1",-44.4074331751621,5114.8072045,"PR",-87.2751077958609,41,-30.7892191051305,76
"NOTCHB02.CFI-400945-52WEEKLY.m2",-53.2863754524226,1113.74226275,"SD",-26.1628374419689,13,-16.1062147589111,16
"NOTCHB02.ERIBULIN-EXTRALOW.m1",34.5956942058914,13761.1937485,"SD",-11.1013551685496,27,-6.5109134689061,10
"73263.CFI-400945-41.6WEEKLY.m1",83.1849830268258,11614.2451545,"PD",35.6323690666967,14,5.79058759835115,14
"73263.CFI-400945-41.6WEEKLY.m2",57.2573253794074,6168.91205375,"SD",2.30912396121884,19,26.3842285252335,27
"73263.CFI-402257-3ON4OFF+PACLITAXEL.m1",-9.74165199947755,33943.73058395,"CR",-100,27,-84.9199076851393,119
"73263.CFI-402257-3ON4OFF+PACLITAXEL.m2",-50.9552851919493,1612.2093205,"CR",-99.7234072072116,35,-92.2373362601237,220
"73263.CFI-402257-3ON4OFF+PACLITAXEL.m3",-58.0146555269674,864.92830075,"CR",-99.5578445413066,25,-88.0921733291299,109
"73263.CFI-402257-3ON4OFF+PACLITAXEL.m4",-48.5748591486714,1459.669624,"CR",-100,49,-91.9868589533033,208
"73263.CFI-402257-3ON4OFF+PACLITAXEL.m5",-50.9552851919493,1612.2093205,"CR",-99.7234072072116,35,-92.2373362601237,220
"73263.CFI-402257-3ON4OFF+PACLITAXEL.m6",-58.0146555269674,864.92830075,"CR",-99.5578445413066,25,-88.0921733291299,109
"73263.CFI-402257-3ON4OFF+PACLITAXEL.m7",-36.7683113057332,1093.57147225,"CR",-100,139,-93.1488348005675,244
"73263.CFI-402257-3ON4OFF+PACLITAXEL.m8",-28.1927231279846,934.242135,"CR",-99.5836612001382,30,-95.844432821653,335
"73263.CFI-402257-3ON4OFF+PACLITAXEL.m9",-48.5748591486714,1459.669624,"CR",-100,49,-91.9868589533033,208
"73263.PACLITAXEL.m1",-32.9851576426866,12111.698025,"CR",-100,23,-78.3496983641681,98
"73263.PACLITAXEL.m2",-44.5777048705715,1335.89022675,"CR",-100,52,-89.9421667591982,191
"73263.PACLITAXEL.m3",-56.8306632935578,2821.227537,"CR",-100,70,-89.2058599901169,210
"73263.PACLITAXEL.m4",-35.9210729622647,1598.5993725,"CR",-99.437918636092,75,-85.1667112818447,180
"73263.PACLITAXEL.m5",66.4571249618128,7209.75168375,"PR",-53.325052971864,19,-38.5450022628219,22
"73263.PACLITAXEL.m6",-44.5777048705715,1335.89022675,"CR",-100,52,-89.9421667591982,191
"73263.PACLITAXEL.m7",59.1328757284937,13863.2500025,"SD",-29.5757285475108,11,-12.3674882849599,18
"73263.PACLITAXEL.m8",-16.1456606067855,13613.33150525,"CR",-99.6457575785915,52,-89.4758851124758,157
"73263.PACLITAXEL.m9",-35.9210729622647,1598.5993725,"CR",-99.437918636092,75,-85.1667112818447,180
"73263.PACLITAXEL.m10",-56.8306632935578,2821.227537,"CR",-100,70,-89.2058599901169,210
"73263.PACLITAXEL.m11",89.0125513284296,8672.54392675,NA,NA,NA,NA,NA
"73263.PACLITAXEL.m12",79.8371147468076,13544.6438125,"PD",58.9197510063471,25,37.8392101653951,18
"73263.PACLITAXEL.m13",-50.1709848653671,59764.93815225,"CR",-99.9455782012902,53,-57.4923498828574,82
"73263.PACLITAXEL.m14",-29.9405000842684,16435.72633475,"CR",-99.7591363415386,38,-80.6693213559158,76
"71335_P4_BMN_171004_RES.CX-5461.m1",85.8619320793396,14077.134432,"SD",-25.9014161220044,12,-1.44442352463009,12
"71335_P4_BMN_171004_RES.CX-5461.m2",82.7708475700268,11701.162859,"PD",60.0766189251458,13,38.0415589643572,13
"REF002.H2O.m1",85.637489085685,39792.06958085,"PD",35.5429550905116,13,17.5397156410688,13
"REF002.H2O.m2",79.9276577833259,5741.35489675,"PD",35.1332639571356,22,14.7324359643194,13
"REF002.H2O.m3",85.3386293198478,7878.9222995,"PD",108.606192645379,13,47.5083684183931,13
"REF002.H2O.m4",84.865700090016,25641.1039225,"SD",25.1369037627269,10,15.292708927254,10
"REF002.H2O.m5",73.154685658996,115689.59197275,"PD",51.4776817396864,14,23.8421729388647,14
"REF002.H2O.m6",81.7153794435603,14096.553529,"PD",46.065988908072,12,42.3606373248184,12
"REF002.H2O.m7",83.0092924823915,65661.504965,"PD",56.5804617748396,20,40.8147621806993,13
"REF002.H2O.m8",85.3713123540589,62655.267351,"PD",201.632481022526,12,117.869993503766,12
"REF002.H2O.m9",85.0583827818815,94412.7820185,"PD",26.2043284123223,13,30.6779610088795,13
"REF002.H2O.m10",64.691012130312,6790.54647625,"SD",7.68702556941445,29,14.986846581715,29
"REF002.CFI-402257-2ON5OFF.m1",85.6304860222313,10340.69725025,"PD",50.7571614530621,13,22.5441775092472,13
"REF002.CFI-402257-2ON5OFF.m2",85.8314978965783,6665.8137535,"PD",59.3047820418918,13,27.1446210336928,10
"REF002.CFI-402257-2ON5OFF+PACLITAXEL-15DAILY.m1",-72.9307058789073,5269.86689225,"CR",-99.7232707838135,56,-50.0065157123859,70
"REF002.CFI-402257-2ON5OFF+PACLITAXEL-15DAILY.m2",-23.2902892096347,20771.23934025,"PR",-97.6547023967441,50,-25.0714076820432,91
"REF002.CFI-402257-2ON5OFF+PACLITAXEL-15DAILY.m3",78.4752579585166,4243.733342,"PD",41.7706486346157,10,11.9967616422525,10
"REF002.PACLITAXEL-15DAILY.m1",-54.7104152671981,20891.003368,"PR",-98.5490066615685,56,-24.3441393879677,93
"REF002.PACLITAXEL-15DAILY.m2",-67.4352874681518,4629.42616925,"PR",-90.9504053253124,50,-35.2528734320893,56
"REF002.PACLITAXEL-15DAILY.m3",37.6806634414022,27090.18292725,"SD",-29.4739206329817,73,-6.63058262483419,92
"REF002.PACLITAXEL-15DAILY.m4",82.4928604007872,5570.1916165,"PD",73.9506419914163,10,43.4742519027182,10
"REF002.PACLITAXEL-15DAILY.m5",82.8719611380339,12384.28541,"PD",38.0509895326057,12,20.6014017725534,12
"73230_P1_BMN_170815_RES.BMN-673.m1",87.905644753086,23207.01575,"PD",139.727431767056,11,53.5334081140804,11
"73230_P1_BMN_170815_RES.BMN-673.m2",89.5745237389008,7803.313155,NA,NA,NA,NA,NA
"73230_P1_BMN_170815_RES.BMN-673.m3",83.103542590111,9733.0074755,"SD",26.3313539173268,11,8.08218106783761,11
"73230_P1_BMN_170815_RES.BMN-673.m4",88.2705891005029,15743.776157,"PD",39.2315284595644,12,36.1581111984718,12
"NOTCH01.DIPYRIDAMOLE.m1",84.7520971628196,22367.85923925,"PD",63.1014152769935,14,12.8018012773722,14
"241417_P2_ERIB_171129_RES.H2O.m1",85.8560486180886,17025.33252925,"PD",78.9593558852458,13,25.1191350436857,13
"241417_P2_ERIB_171129_RES.ERIBULIN.m1",76.671579699307,12133.00270025,"PD",41.0437050534685,20,23.4010752127914,13
"241417_P2_ERIB_171129_RES.ERIBULIN-LOW.m1",74.215866387883,4011.80556575,"SD",-23.1839119870008,20,-3.80094634692277,20
"REF014.ERIBULIN-LOW.m1",-28.2352794751454,5969.9467815,"SD",-37.0676104337703,39,1.80118032577673,47
"REF014.ERIBULIN-LOW.m2",31.5859110758055,18174.92792325,"SD",-33.8263868576308,57,1.27784375136791,61
"REF014.ERIBULIN-LOW.m3",36.1752487459697,18474.811006,"SD",-47.8579110044839,65,-31.7865480262225,65
"REF014.CFI-402257.m1",NA,NA,NA,NA,NA,NA,NA
"REF014.CFI-402257.m2",76.2059006401057,5735.538692,"SD",3.03030303030302,13,9.63875423610868,13
"REF014.CFI-402257.m3",68.7860289894364,17635.10805625,"SD",16.1556725746485,20,19.0652941400986,20
"REF014.CDX-011.m1",75.5289413374736,5807.2808025,"SD",30.9101805790469,12,15.4550902895234,12
"REF014.CDX-011.m2",78.7078416283633,6014.7930835,"SD",34.3599516719143,18,21.4686863045926,11
"REF014.CDX-011.m3",84.6154023181484,7385.61396525,"PD",51.4115555555555,13,32.9400223868313,13
"REF014.CDX-011.m4",75.1811800196063,4648.93013975,"PD",41.2139748108744,20,21.6192011603325,13
"REF014.PACLITAXEL-15DAILY.m1",54.7458348866923,10092.7183975,"SD",6.37014576562265,33,25.0915373561665,39
"REF014.PACLITAXEL-15DAILY.m2",72.2059758102104,5509.981233,"SD",4.72418464694879,13,9.53780479210848,13
"REF005_P1_CX_170628_RES.BMN-673.m1",63.6631457517875,13180.70963025,"SD",2.69296265480483,33,25.8132409300513,33
"REF005_P1_CX_170628_RES.PACLITAXEL.m1",-30.0921572720536,18186.111063,"CR",-99.7136622055572,119,-59.4870470562833,53
"73230_P1_TAX_170517_RES.CFI-402257-2ON5OFF.m1",86.5888057145232,13837.5337095,"PD",58.9937340887088,14,25.7423130642052,14
"NOTCH06.EVEROLIMUS.m1",79.7836471200763,5433.13791675,"SD",31.3810992766742,13,28.5791600698865,10
"NOTCH06.CDX-011.m1",-66.3601221190982,3241.1732085,"CR",-100,86,-78.8079231531445,146
"NOTCH06.CDX-011.m2",-53.2483821645036,2966.1822785,"CR",-100,75,-76.847120723115,228
"REF002.CFI-400945.m1",-52.2173458153333,7916.4121585,"SD",-82.2352362933412,48,-10.2706578146922,48
"REF002.CFI-400945.m2",-50.8490427720634,3296.807375,"CR",-100,91,-59.8074530521298,135
"REF002.CFI-400945.m3",8.52336714265726,15228.97163625,"CR",-99.6667234436608,22,-81.3712703681579,97
"REF002.CFI-400945.m4",-72.5738412491873,4289.05763675,"PR",-80.4171698485073,33,-32.8544251616705,40
"REF002.CFI-400945.m5",33.1320929969838,63189.40238275,"PR",-88.5229772557681,89,-53.2494633649137,98
"REF002.CFI-400945.m6",-34.6462657156361,12502.7978895,"CR",-97.3825307873354,136,-56.5075153773944,195
"REF002.CFI-400945.m7",-18.2483856173215,15608.254379,"PR",-89.795093027176,136,-41.1724325518311,181
"REF002.CFI-400945.m8",-12.7655029662346,25925.59937575,"PR",-91.0815149533266,42,-57.2439636870519,70
"REF005.H2O.m1",86.0608716874907,41172.89792825,"PD",30.4657335141134,16,40.7061361725702,16
"REF005.H2O.m2",88.4271029295004,17317.032708,"PD",85.8014290672408,12,42.9007145336204,12
"REF005.H2O.m3",87.6546947264541,44130.93153225,"PD",84.000416904096,19,48.5624130874227,12
"REF005.H2O.m4",88.0677869077963,20838.13836575,"PD",405.091109715698,17,182.250972431958,17
"REF005.H2O.m5",77.0872482142908,33202.7788445,"SD",-22.934317299201,12,-17.4715153372275,15
"REF005.H2O.m6",80.9218073055973,8332.96692135,"SD",26.0973699081297,13,22.1332955018201,13
"REF005.H2O.m7",86.1382860017109,9062.40783,"PD",62.5376772727603,13,31.0156582991865,13
"REF005.H2O.m8",83.9579677230658,31618.8463075,"SD",24.3754438856183,12,7.66019305242203,12
"REF005.H2O.m9",87.9320764454445,17807.23473175,"PD",107.27555699225,13,50.1125694253564,13
"REF005.H2O.m10",87.5245784919724,72335.0849905,"PD",77.3239929469295,13,33.5241001105896,13
"REF005.H2O.m11",82.0723199437903,33715.966873,"SD",-8.46825420917101,13,-19.2063882458594,13
"REF005.H2O.m12",80.4863405070236,17062.57528825,"SD",-16.4454324310936,18,21.651017372123,10
"REF005.H2O.m13",77.0872482142908,33202.7788445,"SD",-22.934317299201,12,-17.4715153372275,15
"REF005.H2O.m14",83.9658391248332,12242.491047,"PD",64.8612448970231,12,13.2758843115103,12
"REF005.H2O.m15",87.5049881522882,14980.57326825,"PD",100.862976442313,12,32.74260479321,12
"REF005.H2O.m16",88.6707278708037,26841.4256175,"PD",397.732384270427,14,177.818513971579,14
"REF005.H2O.m17",89.1015486040807,72978.73499975,"PD",148.892036717176,12,68.1313883797963,12
"REF005.H2O.m18",87.8325708216881,26791.2804425,"PD",1140.71428571429,14,602.084803571429,14
"REF005.H2O.m19",89.1540234699185,44163.1976465,"PD",240.68908255573,12,111.384682993494,12
"REF005.H2O.m20",88.3370497906267,37422.0805525,"PD",85.8157996139277,12,29.2543228068781,12
"REF005.H2O.m21",88.796135768134,51526.9709995,"PD",222.9984557225,14,120.881231254657,14
"REF005.CFI-402257-2ON5OFF+PACLITAXEL-15DAILY.m1",71.5832780007855,39838.48888775,"PR",-72.038474873451,34,-36.2774804919496,34
"REF005.CFI-402257-2ON5OFF+PACLITAXEL-15DAILY.m2",86.2198998854513,7739.81167005,"PD",119.570367869277,12,71.4114553109179,12
"REF005.PACLITAXEL-15DAILY.m1",73.7981318584425,6227.90576575,"SD",-1.34600818922367,16,14.4788171944495,16
"REF005.PACLITAXEL-15DAILY.m2",75.0120710430708,7678.54939425,"SD",0.100860235139899,12,1.80700071166399,12
"REF005.ERIBULIN-EXTRALOW.m1",86.0355596663495,8972.09123775,"PD",51.8739134428724,13,38.9850363841578,13
"REF005.ERIBULIN-EXTRALOW.m2",86.7639335527005,25751.3502945,"SD",-41.8327096062274,12,-27.1778563588133,34
"NOTCH01_P3_945_160729_RES.BMN-673.m1",83.325426800233,10430.26067575,"PD",45.0530988761593,11,13.2341823643532,11
"NOTCH01_P3_945_160729_RES.BMN-673.m2",69.0235763935152,20669.56866525,"PD",46.5688624379302,47,75.6176534962873,61
"NOTCH01_P3_945_160729_RES.BMN-673.m3",81.949380052495,51952.3343265,"PD",114.711561963903,27,40.5331318300763,27
"NOTCH01_P3_945_160729_RES.BMN-673.m4",71.2270914148759,7185.84550225,"SD",19.0880609318996,13,19.4350109020311,13
"73230_P1_CX_170718_RES.BMN-673.m1",74.7195210647706,12440.1871635,"PD",45.943642438249,10,20.2569499684652,10
"73230_P1_CX_170718_RES.BMN-673.m2",-59.8737159938101,5214.7393725,"SD",-51.2758196665074,36,-10.013272427167,36
"241417.H2O.m1",82.6515250881029,47214.1536345,"SD",22.9876370867312,12,15.8718613611463,12
"241417.H2O.m2",85.7102926767736,83372.2899615,"SD",23.5973709007974,13,0.972976267423988,13
"241417.H2O.m3",80.2741215854425,81792.6356135,"SD",9.03400151568105,18,-1.70597438667537,12
"241417.H2O.m4",77.466465727215,20994.827487,"SD",2.25055475150185,25,17.3044071655572,11
"241417.H2O.m5",80.2741215854425,81792.6356135,"SD",9.03400151568105,18,-1.70597438667537,12
"241417.H2O.m6",83.1713705724596,29844.25906125,"SD",14.5472961910865,12,10.6074386390051,12
"241417.H2O.m7",87.1905591206901,29826.046499,"PD",182.153642380374,12,89.1451196845853,12
"241417.H2O.m8",87.0873531796268,14068.16332875,"PD",111.625381662454,13,62.349369524301,13
"241417.H2O.m9",88.9030000853909,28967.0089045,"PD",117.684680269832,14,59.9785821343037,14
"241417.H2O.m10",79.532510928802,32809.6121305,"SD",25.8301395564857,12,-0.43421599666391,12
"241417.H2O.m11",88.2902475465309,57966.8365395,"PD",50.5210202865268,10,22.398207457519,10
"241417.H2O.m12",86.9901327068279,36453.043454,"PD",217.441413170072,14,107.386288618276,14
"241417.H2O.m13",87.64261346933,18264.955717,"PD",122.825863856127,21,56.3034433457845,15
"241417.H2O.m14",77.1462998663624,46083.70642775,"SD",-43.0374327894832,19,-7.89680524793273,40
"241417.H2O.m15",83.9311452008668,23000.14004975,"SD",-6.9402021436642,15,5.92722491306278,15
"241417.BMN-673.m1",72.9208461171447,36178.47939125,"SD",-11.4815467771018,21,-3.19486152819486,12
"241417.BMN-673.m2",15.050874961152,23007.383823,"SD",-21.7181208053691,17,-9.19202848924805,31
"241417.BMN-673.m3",86.6799249867835,10413.04085,"PD",387.363112255074,16,151.790077359978,16
"241417.BMN-673.m4",-14.7160638882395,5764.270972,"SD",-65.5439437090547,66,-17.6471150046359,24
"241417.PACLITAXEL.m1",7.14251909567797,31430.50324525,"PR",-96.5830124326409,265,-37.898965252662,60
"241417.PACLITAXEL.m2",43.5423224163328,29242.1542285,"CR",-96.6368448977439,31,-69.7324327190732,62
"241417.ERIBULIN-LOW.m1",56.6625421716319,35846.0191552,"PR",-58.0352315813993,28,-24.5649974871303,42
"65465.CFI-402257-3ON4OFF+PACLITAXEL.m1",-50.7887494316297,10246.87054325,"CR",-100,292,-90.8960993025141,193
"65465.CFI-402257-3ON4OFF+PACLITAXEL.m2",5.37253904682575,17178.125596,"CR",-99.4579826291238,36,-77.2575557384105,77
"65465.CFI-402257-3ON4OFF+PACLITAXEL.m3",-21.1095324832094,15153.84435325,"CR",-99.6386526770472,41,-74.5328197599589,73
"65465.PACLITAXEL.m1",-12.602949162317,32389.80628275,"CR",-98.3672595705019,28,-71.3800069998722,55
"65465.PACLITAXEL.m2",74.4312741021895,4536.00641575,"SD",-5.73258776199202,16,26.8571987567605,20
"65465.PACLITAXEL.m3",1.62995457085855,36591.46256475,"CR",-97.6002883877427,36,-63.4636152147598,43
"65465.PACLITAXEL.m4",74.4312741021895,4536.00641575,"SD",-5.73258776199202,16,26.8571987567605,20
"REF007.BMN-673.m1",83.8865971568674,7182.70571325,"PD",121.870220485925,12,58.8654571586467,12
"REF007.BMN-673.m2",80.5486526856321,6170.716464,"PD",71.8260978531958,12,52.6146607071542,12
"REF007.BMN-673.m3",67.8995436792593,7803.491127,"SD",-0.12093465209692,13,-7.77117106006647,13
"73471_P9_TAX_171019_RES.CFI-402257-2ON5OFF+PACLITAXEL-15DAILY.m1",32.3524111256368,9229.23701,"SD",-24.5615996131591,34,-9.23113298817915,34
"73230_P1_BMN_170815_RES.CX-5461.m1",39.6487507494749,8384.00811375,"SD",-18.79651787345,22,-10.3475136494169,26
"73230_P1_BMN_170815_RES.CX-5461.m2",88.2159804483126,48632.0122205,"PD",318.587944873106,19,168.077175030204,19
"73230_P1_BMN_170815_RES.CX-5461.m3",88.7072017478041,20975.757239,"PD",359.114656277003,12,179.557328138502,12
"REF007.CDX-011.m1",71.869561087487,48037.7987425,"PR",-99.6286068127921,36,-27.5187516251406,57
"REF007.CDX-011.m2",-67.6564766319554,8168.0304165,"PR",-99.7325518505538,67,-34.6197657431822,82
"71335_P4_BMN_171004_RES.H2O.m1",88.5473943222767,10602.53935975,"PD",507.996084347257,13,269.907699154141,13
"71335_P4_BMN_171004_RES.H2O.m2",88.5361044744694,12319.5983005,"PD",239.319924631704,13,91.1260280735979,13
"71335_P4_BMN_171004_RES.H2O.m3",85.505086665765,6961.74603375,"PD",53.3228841046401,13,23.4236542714759,13
"71335_P4_BMN_171004_RES.H2O.m4",89.1773809676485,7986.689083,"PD",1003.50378525966,11,441.061561927606,11
"71335_P4_BMN_171004_RES.H2O.m5",89.4862966498019,15987.5736215,"PD",376.979094028068,11,209.132143922941,11
"71335_P4_BMN_171004_RES.H2O.m6",83.7879421914369,4649.94131025,"PD",76.8738847035915,13,34.051509355391,13
"71335_P4_BMN_171004_RES.CARBOPLATIN.m1",89.6306571638087,26875.1597445,"PD",406.574945839874,13,201.650072876497,13
"71335_P4_BMN_171004_RES.CARBOPLATIN.m2",87.3394529618274,11617.383091,"PD",107.588509800443,13,45.8595282305987,13
"71335_P4_BMN_171004_RES.CARBOPLATIN.m3",87.2921904371458,8908.88590625,"PD",27.9668339071431,13,37.1048186049414,13
"73230_P1_BMN_170815_RES.H2O.m1",86.7568989535472,22223.491883,"PD",293.820133693588,19,125.663258195695,19
"73230_P1_BMN_170815_RES.H2O.m2",84.0052948531507,7183.72968525,"PD",74.6285514218087,14,18.9765155038807,14
"73230_P1_BMN_170815_RES.H2O.m3",89.0978951161762,58105.6505905,"PD",415.934604253325,12,236.870152908782,12
"REF003.BMN-673.m1",16.9942634377301,29366.3317625,"SD",-27.6410989674643,12,-24.2083613837925,12
"REF003.BMN-673.m2",63.494513089607,4863.5339105,"SD",19.3170537373737,19,15.3250486734007,12
"REF003.ERIBULIN.m1",-23.4426876687114,19486.556447,"CR",-100,231,-62.4945562241747,65
"REF003.ERIBULIN.m2",-47.4119056302869,1308.03056625,"CR",-99.4892416413118,28,-83.7044696318038,125
"REF014.BMN-673.m1",74.294956009079,13727.43659025,"PD",35.4767248697451,12,16.1095897097119,12
"REF014.BMN-673.m2",75.1165072498064,5589.5342955,"SD",-3.9965528866403,18,15.6818236930879,10
"REF014.BMN-673.m3",70.0548648534737,9766.836516,"SD",-12.2965040649334,18,0.0830557088214909,18
"REF014.CFI-400945.m1",76.466403491994,15295.25244575,"PD",27.7353376424399,40,52.3662473827197,12
"REF014.CFI-400945.m2",64.1863668546931,8762.9418785,"SD",0.282487248008526,13,4.45422345844839,13
"REF014.CFI-400945.m3",66.0928993143316,4110.1978475,"SD",2.90120149174875,13,4.40247536676474,13
"REF014.CFI-400945.m4",74.276029358708,4380.46900925,"SD",32.4145065602009,13,20.0232676197862,13
"REF014.CFI-400945.m5",77.690659793391,12007.437204,"SD",19.6539999285152,19,20.594728905828,19
"NOTCHB01_P5_ERIB_170309_RES.CFI-400945.m1",81.3945781362292,7775.702381,"PD",83.9405812745266,14,32.540344148864,14
"NOTCHB01_P5_ERIB_170309_RES.CFI-400945.m2",86.629893338958,8301.4635465,"PD",64.8269573553107,10,33.5278085927732,10
"NOTCHB01_P5_ERIB_170309_RES.CFI-400945.m3",86.7557781255424,5777.0583145,"PD",122.449607325233,10,69.948018136996,10
"NOTCHB01_P5_ERIB_170309_RES.CARBOPLATIN.m1",75.3469852528239,6574.117849,"SD",31.5859093192092,28,20.6652591306509,14
"NOTCHB01_P5_ERIB_170309_RES.CARBOPLATIN.m2",87.206085984481,7642.7881545,"PD",52.0047919054623,10,53.1415396696081,10
"NOTCHB01_P5_ERIB_170309_RES.CARBOPLATIN.m3",80.9200106215451,10867.97321725,"PD",39.7510221555785,25,29.0694663252457,11
"NOTCHB01_P5_ERIB_170309_RES.ERIBULIN.m1",87.4072477878213,6862.65251175,"PD",103.699504212943,14,74.8568975174365,14
"NOTCHB01_P5_ERIB_170309_RES.ERIBULIN.m2",88.7262653990373,18091.69773775,"PD",260.050404355758,13,105.932293987471,13
"NOTCHB01_P5_ERIB_170309_RES.ERIBULIN.m3",89.1487626671315,15168.75060175,"PD",254.543247571753,13,124.902579369631,13
"NOTCHB01_P5_ERIB_170309_RES.ERIBULIN.m4",88.8410592973504,15354.88771225,"PD",216.315844276013,14,118.569262013364,11
"NOTCHB01_P5_ERIB_170309_RES.ERIBULIN.m5",76.302110183291,7188.20545475,"SD",3.32821388062347,12,19.400297298241,16
"NOTCHB01_P5_ERIB_170309_RES.ERIBULIN.m6",85.3684673106653,13308.59614425,"PD",91.8895186221277,16,55.6399306801009,12
"NOTCHB01_P5_ERIB_170309_RES.ERIBULIN.m7",88.9875584909787,22318.65623025,"PD",198.975061529571,11,118.819609543641,11
"NOTCHB01_P5_ERIB_170309_RES.ERIBULIN.m8",88.5144933254041,8430.8488405,"PD",96.9503806228374,11,42.9996090750322,11
"NOTCHB01_P5_ERIB_170309_RES.ERIBULIN.m9",88.5024154049674,41627.11691675,"PD",104.540999493603,11,51.0899815863232,11
"NOTCHB01_P5_ERIB_170309_RES.ERIBULIN.m10",84.3283999696,13298.6762085,"SD",6.07306829646766,12,4.0060786813858,12
"NOTCHB01_P5_ERIB_170309_RES.ERIBULIN.m11",44.4784361770146,4882.2637895,"SD",-16.2836175456021,10,-16.6985866407755,10
"71335.CFI-400945-5DAILY.m1",12.6193547037455,37084.76991075,"CR",-100,57,-76.1996995936538,81
"71335.CFI-400945-5DAILY.m2",20.4109045077573,5198.4905325,"SD",-11.9281670375081,20,-8.78280004159825,10
"71335.CFI-400945-5DAILY.m3",87.6095893256385,6419.146305,"PD",84.8360697379935,12,54.3159947265945,12
"69196.UNC0642.m1",83.8145564538356,15277.082907,"PD",49.9011450211629,14,26.1062747500426,14
"69196.UNC0642.m2",75.0318600201454,7228.53029075,"SD",25.3348345525424,14,-2.77340104040057,14
"241417_P2_BMN_171018_RES.CX-5461.m1",77.2033187012344,25970.77700825,"SD",-2.47071953239507,19,-2.77966616651333,12
"241417_P2_BMN_171018_RES.CX-5461.m2",86.0825264553331,15324.17787,"PD",107.355706893619,14,44.8416420341086,14
"241417_P2_BMN_171018_RES.CARBOPLATIN.m1",77.1158093316273,9259.5397655,"PD",59.7906340901989,12,30.3493773571479,12
"241417_P2_BMN_171018_RES.CARBOPLATIN.m2",85.5574483072614,32757.06489175,"PD",40.9791163245202,16,30.067314072829,16
"241417_P2_BMN_171018_RES.CARBOPLATIN.m3",72.834806466333,12891.1985835,"SD",17.7142522047713,16,13.5093946937983,16
"67725.ERIBULIN-LOW.m1",89.2020803405128,30052.28819975,"PD",494.226403700548,13,219.810386965299,13
"67725.ERIBULIN-LOW.m2",88.415559170697,16049.261882,"PD",165.71809892757,13,84.5670421097077,13
"REF022.EVEROLIMUS.m1",15.2064456174452,3965.950224,"SD",-22.8542209550037,12,-12.9075236160944,12
"REF022.EVEROLIMUS.m2",57.5345889679211,6174.474766,"SD",4.82553245599878,12,2.66337613895152,12
"REF016.PACLITAXEL-15DAILY.m1",78.3578402472998,7202.0325785,"SD",6.17631679671865,12,8.60692455419353,12
"REF016.PACLITAXEL-15DAILY.m2",86.4076163266255,1115.74103325,NA,NA,NA,NA,NA
"REF016.PACLITAXEL-15DAILY.m3",85.5547047115287,13804.67706475,"SD",23.3350237681462,15,13.6181997883211,12
"REF016.PACLITAXEL-15DAILY.m4",-49.9316396496708,13853.90443575,"SD",-25.4317542918641,19,-0.767755810348129,33
"REF016.CFI-402257-2ON5OFF+PACLITAXEL-15DAILY.m1",87.3104340962136,10628.026199,"PD",142.183255001189,14,61.1656214774842,14
"REF016.CFI-402257-2ON5OFF+PACLITAXEL-15DAILY.m2",51.7241773158132,5942.42204575,"SD",-26.9305089391083,10,-22.6590218364108,10
"REF016.CFI-402257-2ON5OFF+PACLITAXEL-15DAILY.m3",80.9072428238734,7613.425297,"SD",-0.3047833614953,12,2.12706482814249,12
"REF016.CFI-402257-2ON5OFF+PACLITAXEL-15DAILY.m4",80.9055736745178,8251.1866965,"SD",23.6872789816132,12,-0.421737548954003,12
"REF016.CFI-400945.m1",70.9284500340596,27110.6609895,"PR",-89.6792861808714,44,-31.0067008156679,49
"REF016.CFI-400945.m2",87.0240053306049,16425.00792725,"PD",44.5019145881453,12,62.6763518779394,19
"REF016.CFI-400945.m3",63.9951362853741,17129.48967975,"CR",-95.662033544974,31,-51.645111461512,62
"REF016.CFI-400945.m4",18.953434001356,38765.28193225,"PR",-94.9482924535688,92,-38.4943066582391,106
"REF016.CFI-400945.m5",53.7095947779575,38770.62663725,"PR",-91.3762295771869,34,-48.1714385285395,42
"REF016.CFI-400945.m6",81.8194781786451,18781.361689,"SD",-49.9386872341877,33,2.64523017680009,33
"REF016.CFI-400945.m7",87.1999724752644,57778.4036635,"PD",26.7381077225776,27,59.9960193426705,34
"REF016.CFI-400945.m8",85.8236251431706,13590.82337275,"PD",116.065042784333,13,93.7571608443388,13
"REF016.CFI-400945.m9",NA,NA,NA,NA,NA,NA,NA
"REF016.CFI-400945.m10",-87.3936212992862,1807.070235,NA,NA,NA,NA,NA
"REF016.CFI-400945.m11",45.7720393115204,8557.87942325,"SD",-26.2702493598625,26,-4.26463962708189,46
"REF016.CFI-400945.m12",89.2074312768005,7363.862376,NA,NA,NA,NA,NA
"REF016.CFI-400945-5DAILY.m1",71.595012479579,9735.682437,"SD",-23.8341193056447,27,-14.9046173418109,14
"REF016.CFI-400945-5DAILY.m2",58.0436781421398,38226.22448275,"SD",-42.3660842248338,20,-24.9595812735565,23
"REF016.CFI-400945-5DAILY.m3",42.916672712721,6171.28885225,"SD",-21.1946502080999,19,-1.54878496975961,22
"NOTCH01.PACLITAXEL-15DAILY.m1",75.4573022652678,17487.09563625,"PD",45.6420664119839,50,42.3970231656312,12
"48041.CDX-011.m1",-60.0714761361291,7037.146824,"PR",-79.8734543441891,70,-35.195515333912,70
"NOTCHB01.H2O.m1",86.1990026958931,50194.945804,"SD",26.0162133819908,11,12.7458887960449,11
"NOTCHB01.H2O.m2",86.804673305483,17543.634508,"PD",57.6994476598184,11,42.571866454304,11
"NOTCHB01.H2O.m3",86.4253038063734,10038.49704375,"PD",105.363001714986,11,56.7448552288409,11
"NOTCHB01.H2O.m4",84.9254905906567,23580.0656515,"SD",17.1700101592388,16,13.7638535483419,13
"NOTCHB01.H2O.m5",80.0286471841264,21674.8946565,"PD",37.9123231872533,23,41.6407011724812,13
"NOTCHB01.H2O.m6",88.2521633111543,11320.77663025,"PD",117.562078060332,10,36.4360953594829,10
"NOTCHB01.H2O.m7",86.175905697965,25780.982824,"PD",158.25729760549,10,68.631649110309,10
"NOTCHB01.H2O.m8",85.6927888904533,21204.04480325,"PD",52.4457817079205,10,21.3029545425711,10
"NOTCHB01.H2O.m9",89.3690514184855,15979.324151,"PD",852.499405897856,14,454.104260997911,14
"NOTCHB01.H2O.m10",84.3778757416955,13613.05342275,"SD",12.0203160142807,14,-2.83726921344007,14
"NOTCHB01.H2O.m11",84.4319069208853,13423.662881,"PD",135.136642569373,14,74.9253706767073,14
"NOTCHB01.H2O.m12",83.2850288415586,12244.696701,"SD",21.506164797179,12,14.8750049650589,12
"NOTCHB01.H2O.m13",85.9389140795452,17575.982696,"PD",44.5102802714323,10,16.7283844581428,10
"NOTCHB01.H2O.m14",84.4781668159065,10004.781369,"PD",91.0882622628704,11,38.163065472913,11
"NOTCHB01.H2O.m15",85.9986773148202,19564.92270925,"PD",83.55738785822,11,42.8318020475379,11
"NOTCHB01.H2O.m16",87.2171234519762,20064.1974335,"PD",84.0275895461359,11,33.1846125386792,11
"NOTCHB01.H2O.m17",86.9418610881047,7295.013118,"PD",83.4853235494509,13,26.5707503723375,13
"NOTCHB01.H2O.m18",87.388374867281,26309.79244875,"PD",220.238470716753,12,101.069806607311,12
"NOTCHB01.H2O.m19",85.3120694208771,19094.007801,"PD",74.3250809425786,13,26.6626352711581,13
"NOTCHB01.H2O.m20",86.8157919252993,29085.2574836,"PD",158.643206863993,12,66.6361450172536,12
"NOTCHB01.H2O.m21",NA,NA,NA,NA,NA,NA,NA
"NOTCHB01.H2O.m22",NA,NA,NA,NA,NA,NA,NA
"NOTCHB01.H2O.m23",NA,NA,NA,NA,NA,NA,NA
"NOTCHB01.H2O.m24",NA,NA,NA,NA,NA,NA,NA
"NOTCHB01.H2O.m25",NA,NA,NA,NA,NA,NA,NA
"NOTCHB01.H2O.m26",86.3646932942829,27223.494197,"PD",129.055795746132,37,64.5278978730658,37
"NOTCHB01.H2O.m27",NA,NA,NA,NA,NA,NA,NA
"NOTCHB01.H2O.m28",NA,NA,NA,NA,NA,NA,NA
"NOTCHB01.CFI-402257-2ON5OFF.m1",86.4675387017813,13288.80426525,"PD",53.4413893695196,11,32.045019833752,11
"REF036_P2_945W_200318_RES.CDX-011.m1",52.5082527829937,29109.982986,"PR",-66.9770659495921,51,-39.0773437824844,65
"REF020_P3_CDX_210608_RES.PACLITAXEL.m1",84.8023983774411,8674.25965625,"PD",126.514909967436,21,79.8958283829439,14
"REF010_P6_CDX_201106_RES.CFI-402257-3ON4OFF+PACLITAXEL.m1",9.9903445545608,32571.4569785,"PR",-98.081241501219,140,-37.9642780764848,20
"100804_P2_945_220504_RES.ERIBULIN-LOW.m1",-81.2530981121492,414.641929,"CR",-100,21,-73.966920272894,21
"REF023_P5_TTK/TAX_210610_RES.CARBOPLATIN.m1",63.8576682879168,15672.893135,"SD",7.68227212219638,21,15.4258673927431,21
"REF023_P5_TTK/TAX_210610_RES.CARBOPLATIN.m2",63.8576682879168,15672.893135,"SD",7.68227212219638,21,15.4258673927431,21
"REF023_P5_TTK/TAX_210610_RES.CARBOPLATIN.m3",63.512977047483,21967.7688945,"SD",27.9338116475987,54,23.5777314306097,14
"REF010_P5_945W_200529_RES.BMN-673.m1",78.0300879794244,5762.9591075,"SD",34.8644378140882,13,19.5704726354486,13
"REF036_P3_945_210218_RES.CFI-400945-6DAILY.m1",54.3557466663135,29039.4014705,"PD",15.4078857834239,62,51.3638110765485,13
"REF020_P1_BMN_190918_RES.H2O.m1",87.7911584587808,20937.34042625,"PD",206.883055771467,13,111.260547260823,13
"REF020_P1_BMN_190918_RES.CFI-400945-52WEEKLY.m1",68.5077438452419,8149.90255725,"SD",5.77314775132868,13,7.30546600490399,13
"REF020_P1_BMN_190918_RES.CDX-011.m1",62.1044321231352,8068.032941,"SD",2.69909833955911,20,-3.1546293073112,13
"REF020_P1_BMN_190918_RES.CFI-402257-3ON4OFF+PACLITAXEL.m1",85.1078629292308,12971.1092345,"PD",191.143612108362,20,156.130193686515,13
"REF009_P5_ERIB_210122_RES.ERIBULIN.m1",85.6573706779143,31040.4245795,"PD",99.4674014091097,14,56.5758827483255,14
"38807_P2_ERIBLD_200206_RES.ERIBULIN.m1",-21.2233153015239,8750.89734725,"CR",-100,119,-53.5181518197838,399
"38807_P2_ERIBLD_200206_RES.BMN-673.m1",18.0279036078057,10041.825256,"SD",-28.2801697478792,21,-6.62640740769099,26
"100534_P5_CARBO_210407_RES.H2O.m1",85.1690758217235,5545.83151825,"PD",136.423748215864,12,66.2083953620381,12
"100534_P5_CARBO_210407_RES.CARBOPLATIN.m1",86.2210099810203,7844.7656545,"PD",117.837287044817,12,59.1293641287831,12
"100534_P5_CARBO_210407_RES.ERIBULIN-LOW.m1",-16.0605537687514,17237.6405135,"CR",-100,18,-80.5389294211649,103
"100534_P5_CARBO_210407_RES.PACLITAXEL.m1",14.7696154208948,23255.724254,"SD",-18.6692975928099,89,19.3407097775997,103
"BXTO.64_P7_ORG_P2_ERIBLD_210603_RES.H2O.m1",81.2870035882605,31259.68931225,"PD",115.696668014373,19,172.907915325524,19
"BXTO.64_P7_ORG_P2_ERIBLD_210603_RES.CFI-400945.m1",57.0451265854377,44432.0996295,"PD",-31.3040195108013,82,47.8033792722941,82
"BXTO.64_P7_ORG_P2_ERIBLD_210603_RES.ERIBULIN-LOW.m1",73.5633757252158,22001.632085,"PD",86.5679443790392,26,66.5001606245395,13
"REF044_P1_TTK/TAX_210707_RES.CFI-402257-3ON4OFF+PACLITAXEL.m1",87.7998684450766,16572.196908,"PD",114.286753854493,13,55.0762504893613,13
"REF044_P1_TTK/TAX_210707_RES.CFI-402257-3ON4OFF+PACLITAXEL.m2",86.0044893104191,21734.101061,"PD",104.972435412388,12,52.9158044175404,12
"REF043_P1_BMN_210901_RES.H2O.m1",88.5172816389193,12513.52363225,"PD",230.295205682247,13,125.092489020982,13
"REF043_P1_BMN_210901_RES.BMN-673.m1",2.8338669444551,19700.543641,"SD",-87.7540602195722,145,-11.0150042197921,13
"REF043_P1_BMN_210901_RES.BMN-673.m2",75.6651491993886,40904.00291375,"PD",21.2983608757905,19,31.8319844171892,19
"REF043_P1_BMN_210901_RES.BMN-673.m3",-59.6738836167573,5074.7952755,"SD",-50.1992274985464,18,-16.2175723524983,18
"REF047.H2O.m1",88.2640767893747,40264.24842,"PD",213.032774252217,11,115.835328956855,11
"REF047.H2O.m2",88.0653669924951,11162.078189,"PD",71.6906079422005,13,39.6906716148777,13
"REF047.H2O.m3",88.5297287355756,17421.8458775,"PD",196.600650138413,11,92.2554874642852,11
"REF047.H2O.m4",87.860894262004,18168.61627675,"PD",68.2532019418815,20,31.1905992221192,13
"REF047.H2O.m5",88.4535031328198,6384.5952815,NA,NA,NA,NA,NA
"REF047.H2O.m6",88.9013564039873,24918.2730235,"PD",353.846497048161,15,150.967092915597,15
"REF047.H2O.m7",88.092271373045,21124.2837655,"PD",364.918286415778,21,175.126300697831,15
"REF047.H2O.m8",86.471529102874,7623.40972375,"PD",229.753337708487,14,103.55933532555,14
"REF047.H2O.m9",87.296307862555,17408.536748,"PD",198.768956686749,15,78.5575967269308,15
"REF047.H2O.m10",87.3830249981698,9196.51599725,"PD",213.446973092654,21,137.992582862587,13
"REF047.H2O.m11",86.8121095847659,20351.45430875,"PD",67.6140290037794,14,35.6645346782423,14
"REF047.H2O.m12",88.6890400910007,2597.636886,NA,NA,NA,NA,NA
"REF047.H2O.m13",87.6371656320988,33393.25939,"PD",351.931707693476,22,204.601505154524,16
"REF047.H2O.m14",77.1929792274036,8174.01663175,"PD",96.5277848077062,42,86.3783024984485,15
"REF047.H2O.m15",85.2412840026928,24493.88082525,"PD",94.0581022614322,14,72.972905490303,14
"REF047.H2O.m16",88.0753294856943,30393.5405155,"PD",434.106793299076,15,241.760155538703,15
"REF047.H2O.m17",85.8429444644886,23022.88805725,"SD",-14.658696549262,10,-12.3763696017666,10
"REF047.H2O.m18",82.2572276664537,20493.4089155,"SD",-42.7832232935678,17,-14.2892248806565,10
"REF047.H2O.m19",88.41503079091,18350.9232955,"PD",198.593141162228,15,95.0403918604641,15
"REF047.H2O.m20",88.8476406996346,35480.42526425,"PD",218.436758948879,14,110.234096057345,14
"REF047.CFI-400945.m1",85.6370009638698,18620.88030075,"PD",69.4512371124389,11,46.4673856254306,11
"REF047.CFI-400945.m2",88.1159333845366,19422.19548,"PD",143.934564124934,11,86.5502282174527,11
"REF047.BMN-673.m1",87.6649910101043,9743.2038115,"PD",135.950472188448,11,57.7128474802421,11
"REF047.BMN-673.m2",87.1371996550997,25582.437091,"PD",132.607874015748,11,66.1711286089239,11
"REF047.BMN-673.m3",87.9985532246832,4495.95409025,NA,NA,NA,NA,NA
"REF047.BMN-673.m4",87.518260269105,6027.97709575,NA,NA,NA,NA,NA
"REF047.CFI-402257.m1",86.5547643160915,7295.518449,"PD",82.1030994435512,11,37.48777540037,11
"REF047.CFI-402257.m2",80.4020140792453,14003.775286,"SD",30.8730113675958,11,10.4504778548377,11
"REF047.ERIBULIN-LOW.m1",77.0047899646002,38433.31539175,"SD",-21.7823995763435,70,5.5736595759635,70
"REF047.ERIBULIN-LOW.m2",21.1345845525837,37047.8959455,"CR",-96.3057750617836,44,-56.2467753089524,72
"REF047.ERIBULIN-LOW.m3",59.7461307067803,37356.96046175,"PR",-64.856715259534,50,-27.73080017018,79
"REF020_P3_CDX_210608_RES.CDX-011.m1",87.7603498930003,17257.79347575,"PD",141.150336589508,11,81.2776858306432,11
"REF020_P3_CDX_210608_RES.CDX-011.m2",79.0447696266943,31308.9539395,"PD",79.766859126277,50,64.9505341546559,12
"REF020_P3_CDX_210608_RES.CDX-011.m3",89.2506781662341,62305.0032155,"PD",307.774879820182,16,154.167758130821,16
"REF020_P3_CDX_210608_RES.CDX-011.m4",88.6855068041586,21643.64976,"PD",150.590805029086,13,80.0227768395155,13
"REF020_P3_CDX_210608_RES.CDX-011.m5",84.6135002494156,10172.53053,"SD",17.3226643598616,12,-13.1351437633877,12
"REF041.H2O.m1",80.4301725051848,26823.665811,"SD",-27.2710481050068,13,-10.2918223998942,13
"REF041.H2O.m2",78.6223821383252,32439.7605215,"SD",-0.0742029323876787,18,1.74554715373955,18
"REF041.CFI-402257-3ON4OFF.m1",84.4144585078292,42700.89769075,"PD",56.3486932701806,13,37.9183884590936,13
"REF035_P3_945_200603_RES.CFI-400945-52WEEKLY.m1",37.2016144462132,20579.35015825,"SD",-58.3971471969371,54,-19.7291677495275,68
"REF035_P3_945_200603_RES.CARBOPLATIN.m1",87.2117210514579,17419.80991875,"PD",69.819520962107,12,48.8479985146995,12
"REF035_P3_945_200603_RES.ERIBULIN-LOW.m1",22.9802383750431,50257.62031835,"PR",-98.1041808726713,68,-38.582198157916,68
"REF041.CFI-400945-52WEEKLY.m1",51.4644496965245,30412.11871325,"PD",19.0588557418501,104,31.8361645597116,14
"REF025_P6_TTK/TAX_210825_RES.CFI-402257-3ON4OFF+PACLITAXEL.m1",68.4484966308072,19103.18894425,"SD",-16.1529337543355,34,-3.89975253488112,34
"REF025_P6_TTK/TAX_210825_RES.CFI-402257-3ON4OFF+PACLITAXEL.m2",79.8097325842831,3633.3647595,"PD",41.7740349374633,18,74.3981650458853,18
"REF025_P6_TTK/TAX_210825_RES.CFI-402257-3ON4OFF+PACLITAXEL.m3",74.1286458129987,9420.39343975,"SD",-0.817720502324476,21,29.4659811709087,21
"REF025_P6_TTK/TAX_210825_RES.CFI-402257-3ON4OFF+PACLITAXEL.m4",74.0220695569009,2956.7068,"PD",53.1440416668785,20,23.3371185740326,12
"REF047.CARBOPLATIN.m1",80.8721658770581,11362.64762725,"PD",99.1970878254129,13,48.9760002066159,13
"REF047.CARBOPLATIN.m2",85.8987713426246,11910.5113865,"PD",73.4420069656499,13,33.8314937254668,13
"REF047.CARBOPLATIN.m3",87.0402989377806,10659.398244,"PD",159.680934206268,15,59.220634871207,15
"REF047.CFI-400945-52WEEKLY.m1",83.6037444564678,11298.010594,"PD",52.1984982363071,13,31.4176763568013,13
"REF047.CDX-011.m1",79.8606416282811,22010.93780975,"SD",24.4197482609345,41,28.7188661057988,13
"REF047.CDX-011.m2",86.9960864327495,10765.066883,"PD",100.643951184706,16,62.6078538979847,16
"REF048.CFI-400945.m1",85.8206662178071,18436.23514875,"PD",102.549450549451,13,64.3868943576517,13
"REF048.CFI-400945.m2",44.8383459763983,15543.72273725,"SD",1.68350696272557,35,24.5352374135559,41
"REF048.CFI-400945.m3",64.5234074200258,12674.16828125,"PR",-67.7641139561385,10,-46.4557750605991,17
"REF048.CFI-400945.m4",81.6921955516395,26975.74720725,"PD",43.3449171877905,26,38.8432732054712,12
"REF010_P3_945_210421_RES.CFI-400945.m1",62.9322197863459,43038.25180825,"SD",-32.3176171232587,25,-12.1674200770231,40
"REF010_P3_945_210421_RES.CFI-400945.m2",79.3281160732717,21697.0799545,"PD",63.1294037292535,26,66.2230342493303,11
"REF010_P3_945_210421_RES.CFI-400945.m3",25.3497908446637,21157.773215,"SD",-76.9587350362114,60,-10.145484626015,73
"REF010_P3_945_210421_RES.CFI-400945.m4",22.0643206780779,14244.6491375,"PR",-50.1997860993645,54,-24.7041821574634,68
"16720.CFI-400945-52WEEKLY.m1",80.8348106852707,11335.38840125,"PD",74.8235917237171,13,35.0178871901226,13
"16720.ERIBULIN.m1",77.5269939837194,4268.76011275,"SD",-6.24337326338913,13,-0.927897064240334,13
"16720.PACLITAXEL.m1",72.8804169000724,7481.68065575,"PD",69.1296741529229,13,41.7219060702994,13
"16720.PACLITAXEL.m2",82.7113429203602,16458.10142625,"PD",38.9939329892297,13,28.3997113460602,13
"REF035_P5_ERIBLD_210603_RES.CFI-400945-52WEEKLY.m1",-56.4387288162981,1135.9779255,NA,NA,NA,NA,NA
"REF035_P5_ERIBLD_210603_RES.CFI-402257-3ON4OFF+PACLITAXEL.m1",88.9116486174576,19038.38682575,"PD",315.108447878196,18,114.517141035422,18
"REF035_P5_ERIBLD_210603_RES.CDX-011.m1",87.2738377490114,11392.33680825,"PD",228.356836785642,24,98.7355965163125,18
"REF035_P5_ERIBLD_210603_RES.ERIBULIN.m1",87.5902640898869,10808.998051,"PD",279.035016730946,18,136.554257229188,18
"108045.ERIBULIN-LOW.m1",-14.4968726826755,28747.48068225,"CR",-100,122,-50.6578217168208,252
"REF036_P3_945_210218_RES.CARBOPLATIN.m1",85.7445925006662,10439.117631,"PD",74.8127553486838,11,41.6576839539228,11
"REF036_P3_945_210218_RES.CARBOPLATIN.m2",85.7445925006662,10439.117631,"PD",74.8127553486838,11,41.6576839539228,11
"REF036_P3_945_210218_RES.ERIBULIN-LOW.m1",41.5076966875962,19323.1899915,"CR",-99.7165992361783,69,-63.3187740284487,87
"REF036_P3_945_210218_RES.ERIBULIN-LOW.m2",41.5076966875962,19323.1899915,"CR",-99.7165992361783,69,-63.3187740284487,87
"REF020_P3_CDX_210608_RES.BMN-673.m1",-33.1247237882718,19063.69478675,"PR",-64.7707271083895,140,-31.9927148783971,167
"REF048.BMN-673.m1",-51.4966527259903,3851.04096225,"CR",-96.7718322999162,40,-50.1215007670934,69
"REF048.BMN-673.m2",-58.1070907212511,3666.36839,"CR",-99.6630428043465,55,-43.6771667021595,69
"REF047.CX-5461.m1",81.5639657299354,6421.87749325,"PD",72.6386034128778,14,36.5481463038122,14
"REF047.CX-5461.m2",88.6824206229302,2806.264308,NA,NA,NA,NA,NA
"REF010_P6_CDX_201106_RES.ERIBULIN-LOW.m1",10.4381303353542,38770.3613115,"CR",-100,62,-67.2244794531533,126
"REF025.ERIBULIN-LOW.m1",28.5411920793586,48827.53290825,"PR",-82.9789673120322,63,-28.1970675178197,63
"REF035_P5_ERIBLD_210603_RES.PACLITAXEL.m1",89.0064121197739,10615.409211,NA,NA,NA,NA,NA
"REF035_P5_ERIBLD_210603_RES.PACLITAXEL.m2",88.3741520350284,15199.315372,"PD",73.2935927792151,11,27.2762322281507,11
"REF007_P2_TAX_211006_RES.PACLITAXEL.m1",-77.6970413402315,2331.883436,"CR",-97.2097938690577,21,-51.2112405723353,35
"REF007_P2_TAX_211006_RES.PACLITAXEL.m2",-80.9019290707591,2255.605319,"CR",-97.8077134265791,21,-60.4744480102838,35
"REF007_P2_TAX_211006_RES.PACLITAXEL.m3",86.800071357144,37442.28443825,"SD",-10.6213552228397,13,-1.32347857012343,13
"REF007_P2_TAX_211006_RES.PACLITAXEL.m4",82.3183976407866,10277.2414735,"SD",31.6900825078832,16,1.10309530911023,16
"REF007_P2_TAX_211006_RES.PACLITAXEL.m5",86.6721241589745,13773.827669,"PD",98.1637098864078,14,39.483881178505,14
"REF007_P2_TAX_211006_RES.PACLITAXEL.m6",-58.4123005138137,1865.064873,"PR",-94.6596031017025,35,-31.9348082174467,35
"REF007_P2_TAX_211006_RES.PACLITAXEL.m7",86.7841340443708,12559.185482,"PD",104.62091321489,15,49.5313552563493,15
"REF007_P2_TAX_211006_RES.PACLITAXEL.m8",88.2224911459048,14474.65206,"PD",293.187106234037,14,140.848632527145,14
"REF007_P2_TAX_211006_RES.PACLITAXEL.m9",87.2355387516407,13378.3011125,"PD",170.479993544478,14,85.9127933075231,14
"REF007_P2_TAX_211006_RES.PACLITAXEL.m10",84.0585209960164,37297.96255025,"SD",-23.8246054719523,14,-1.72417389401601,14
"REF007_P2_TAX_211006_RES.PACLITAXEL.m11",78.010236224372,14834.70501875,"SD",-38.3312055372967,14,-15.2294830463192,21
"REF007_P2_TAX_211006_RES.PACLITAXEL.m12",-71.4094343310403,2656.94523725,"CR",-100,60,-76.3584770268783,102
"REF007_P2_TAX_211006_RES.PACLITAXEL.m13",84.6841251523439,55680.363528,"PR",-74.2739971187423,20,-36.3487103037749,27
"REF007_P2_TAX_211006_RES.PACLITAXEL.m14",84.3487960935521,30923.66305325,"SD",10.8408360128617,13,10.9201108642929,13
"REF007_P2_TAX_211006_RES.PACLITAXEL.m15",86.6363909328727,30164.032144,"CR",-96.0990792710441,20,-58.4210869019375,20
"REF007_P2_TAX_211006_RES.PACLITAXEL.m16",79.8080361785775,17383.4000075,"SD",32.2690573440393,12,16.1345286720196,12
"REF007_P2_TAX_211006_RES.PACLITAXEL.m17",86.4303835112412,34914.8611655,"PD",238.420341899759,12,119.21017094988,12
"REF007_P2_TAX_211006_RES.PACLITAXEL.m18",77.4334417282269,14077.01108525,"SD",-43.4009202534938,19,-26.7069273894416,19
"REF035.CFI-402257-3ON4OFF+PACLITAXEL.m1",78.5600642521835,6126.911343,"PD",48.9824521456603,14,26.0091916530279,14
"REF035.ERIBULIN-EXTRALOW.m1",1.6310169644423,33214.222282,"CR",-99.4924812338212,28,-59.5313275956544,74
"REF009_P5_ERIB_210122_RES.CFI-402257.m1",74.013843119297,7990.82314625,"SD",-55.6931716150034,11,-17.8331210371201,19
"REF009_P5_ERIB_210122_RES.CFI-402257.m2",84.9184890750486,8663.6097905,"PD",93.3760910977362,14,44.7004612728573,14
"REF009_P5_ERIB_210122_RES.BMN-673.m1",47.5184274650559,24586.99104,"PR",-73.3516089109771,70,-22.5237509880938,70
"REF009_P5_ERIB_210122_RES.CX-5461.m1",39.5516210389992,26282.91680475,"PR",-75.1134138116276,107,-28.2216784330317,123
"100672_P1_TAX_200103_RES.CX-5461.m1",34.2159173945253,24615.996668,"SD",-76.9117240403831,72,-3.85503981686225,72
"REF036.CFI-400945-52WEEKLY.m1",-34.7515102305928,35988.812097,"PR",-95.1691700728118,53,-33.2645707974708,53
"REF036.CFI-400945-52WEEKLY.m2",-60.928238475919,6245.3427245,"SD",-49.5347047299188,40,-14.3712414656174,40
"REF036.CFI-400945-52WEEKLY.m3",34.6690274375837,16714.71370025,"PR",-77.7370609494048,34,-43.3585428071531,49
"REF009_P5_ERIB_210122_RES.CFI-400945-52WEEKLY.m1",75.7456720258133,10496.98048425,"SD",26.7181779340253,20,27.796811514246,20
"100804_P1_CDX_200626_RES.CDX-011.m1",-14.9979592554914,9516.44657825,"CR",-100,71,-57.6148370093707,560
"100804_P1_CDX_200626_RES.CDX-011.m2",-14.9979592554914,9516.44657825,"CR",-100,71,-57.6148370093707,560
"REF009_P5_ERIB_210122_RES.CFI-402257-3ON4OFF.m1",80.3709083326844,15102.95335925,"SD",27.5543797886336,18,23.4680698223965,10
"REF009_P5_ERIB_210122_RES.CFI-402257-3ON4OFF+PACLITAXEL.m1",73.5631536061005,11768.24495775,"SD",-21.4277015968567,10,-12.9724002885134,18
"REF009_P5_ERIB_210122_RES.CFI-402257-3ON4OFF+PACLITAXEL.m2",83.9641211567733,8618.475402,"PD",44.297794117647,14,26.9701797385621,14
"REF047.CFI-402257-3ON4OFF+PACLITAXEL.m1",72.9148111267739,29824.75375975,"PR",-63.4915414265387,73,-20.5077387324498,73
"REF020_P3_CDX_210108_RES.CFI-402257.m1",78.359813114526,16073.191746,"PD",39.3257361624692,14,20.0921845158801,14
"REF023_P5_TTK/TAX_210610_RES.CFI-402257-3ON4OFF+PACLITAXEL.m1",0.733666951464974,24181.74167325,"SD",-58.2891706732698,108,-10.8533319682996,11
"REF023_P5_TTK/TAX_210610_RES.CFI-402257-3ON4OFF+PACLITAXEL.m2",-12.4078149933521,9083.47559425,"PR",-62.6230018106492,22,-25.8874215793581,22
"REF023_P5_TTK/TAX_210610_RES.CFI-402257-3ON4OFF+PACLITAXEL.m3",68.1354103778724,23666.5014295,"SD",-0.261096605744117,33,13.5898623382564,12
"73230.H2O.m1",88.2320087849622,65938.31477125,"PD",114.215877044946,12,50.0285703778299,12
"73230.H2O.m2",86.965057639645,21272.92013425,"PD",70.2395144209349,11,21.2852349676577,11
"73230.H2O.m3",81.8838871085808,24757.27370575,"SD",-14.0814462155604,13,-11.0542194739251,13
"73230.H2O.m4",84.7310687095396,37226.03843615,"PD",48.4450058111269,13,15.1545456310121,13
"73230.H2O.m5",85.5118600301661,15697.86545075,"PD",117.806744887571,12,62.6619711386013,12
"73230.H2O.m6",88.435467363851,38855.94280975,"PD",122.285132699123,12,52.9834518720282,12
"73230.H2O.m7",86.481686008902,43333.54368575,"PD",66.708798284305,11,29.7037754961318,11
"73230.H2O.m8",-83.4839177284114,5034.141216,NA,NA,NA,NA,NA
"73230.H2O.m9",88.4653752681242,14215.355169,"PD",342.740545622933,15,181.17750460159,15
"73230.H2O.m10",88.640731369493,10732.705184,NA,NA,NA,NA,NA
"73230.H2O.m11",87.4905043779071,22592.69038275,"PD",195.514654005607,14,113.052757420947,14
"73230.H2O.m12",86.6252531190155,31302.86362325,"PD",165.547346866763,21,77.1445497689842,15
"73230.H2O.m13",86.1994597433068,26921.30790475,"SD",12.0923087485173,11,8.03744714319035,11
"73230.H2O.m14",86.7374044629934,37524.02199025,"SD",21.0844062941153,10,-4.84253758103554,10
"73230.H2O.m15",83.8302670229974,43730.16322075,"SD",18.0905608956996,11,5.84295406082573,11
"73230.H2O.m16",87.1845907791897,10812.930142,"PD",107.236743018533,11,48.4921027884732,11
"73230.H2O.m17",82.6307844158844,24421.79555125,"SD",5.24453900080521,11,7.12797495194499,11
"73230.H2O.m18",84.100766732702,36805.8568515,"SD",12.4553912705266,15,24.592922721958,15
"73230.H2O.m19",76.5695642376545,22412.71207775,"SD",6.14388760638204,32,29.4823793814456,11
"73230.CFI-400945-3.75DAILY.m1",88.390940009082,43671.5152985,"PD",84.7484787264737,19,68.6860285140533,12
"73230.CDX-011.m1",88.0962913934476,21309.5663065,"PD",70.6278024098667,12,28.7956218805723,12
"73230.CDX-011.m2",80.685301889868,16055.1594605,"PD",44.1558266091199,14,53.2575110134127,14
"73230.CARBOPLATIN.m1",65.899477573248,44778.473687,"SD",-77.9783023433054,69,-19.5371864901847,90
"73230.CARBOPLATIN.m2",60.8909676542871,9195.87979475,"SD",3.23205861867242,20,5.9909241132273,13
"REF022.ERIBULIN-EXTRALOW.m1",13.6898345221144,6229.836076,"SD",-18.1878604318142,21,-4.87594022509497,27
"REF022.CDX-011.m1",-27.493694718534,5215.9519355,"SD",-39.0335502538942,34,-17.7633943598918,34
"REF022.CDX-011.m2",75.1595758743083,18395.94754725,"PD",1.43171418814124,33,55.9833034820997,39
"REF022.PACLITAXEL-15DAILY.m1",-7.24813356321007,5597.60724625,"SD",-23.1982744888979,20,-10.2520719404005,34
"REF022.PACLITAXEL-15DAILY.m2",48.9624258726238,37935.8704465,"PR",-89.7703442279167,56,-53.8097578413153,69
"REF022.PACLITAXEL-15DAILY.m3",77.3076880391087,7047.81826075,"PD",28.0384387395435,11,37.4883093146615,11
"73263.CDX-011.m1",82.0890500267318,7565.62429,"PD",44.1750303236532,13,28.94606355384,13
"73263.CDX-011.m2",82.0890500267318,7565.62429,"PD",44.1750303236532,13,28.94606355384,13
"REF016.CARBOPLATIN.m1",49.189131824712,36223.00145125,"SD",-42.6267259755543,62,1.92480262621339,23
"REF016.CARBOPLATIN.m2",41.7077630921348,31525.76009325,"PR",-62.7432970317632,42,-21.7430180110221,42
"REF016.CARBOPLATIN.m3",85.669740906737,40862.8783235,"PD",14.3870818477339,20,81.73204420822,20
"REF016.CARBOPLATIN.m4",81.6126483539481,4216.84567075,"PD",65.4094709559553,13,37.2054993030331,13
"REF016.CARBOPLATIN.m5",-45.9347096780898,47795.9537115,"CR",-99.1861007892413,111,-51.9499094702906,124
"INSB019.H2O.m1",82.9170010364514,68163.2860315,"SD",4.35649848714918,16,14.3528524075091,16
"INSB019.H2O.m2",87.6716128922402,19956.198434,"PD",101.004350369002,11,43.2976596723707,11
"INSB019.H2O.m3",81.8950884394258,53290.135023,"SD",1.20548349325142,24,-0.391984561596221,12
"INSB019.H2O.m4",83.5422111277573,89134.04315225,"PD",92.0957760678324,21,29.2293262664283,21
"INSB019.H2O.m5",84.1745612770228,120874.69108225,"SD",7.24399873428489,14,-0.207521262704233,14
"INSB019.H2O.m6",78.4816143112395,102769.7521855,"PD",155.949030470914,34,98.9021713998303,10
"INSB019.H2O.m7",83.5435265224716,32436.942598,"PD",59.6220135938282,11,22.9245549765306,11
"INSB019.H2O.m8",81.0094611977794,73171.87904375,"SD",-9.22298837923068,12,0.619234836140461,20
"INSB019.H2O.m9",88.3086878276632,34215.0613415,"PD",165.736136397373,15,77.4605028207806,15
"INSB019.H2O.m10",80.8798358564294,127836.43312025,"SD",23.7429790466474,14,26.3894786530777,14
"INSB019.H2O.m11",86.2800121548026,11725.009947,"PD",105.369350842496,11,47.8056446650285,11
"INSB019.H2O.m12",83.9012436779612,42925.97853325,"SD",23.8845985832777,11,16.6083514517053,11
"INSB019.H2O.m13",84.9782203180218,64513.84509125,"PD",56.9336837976254,10,17.1185461186729,10
"INSB019.CDX-011.m1",30.2654669002973,31415.72856275,"PD",-3.51454287030312,72,32.9808389209792,136
"INSB019.CDX-011.m2",86.2923911314985,13998.943011,"PD",247.819037343931,13,119.482878702723,13
"INSB019.CDX-011.m3",89.4316408775327,12370.354056,NA,NA,NA,NA,NA
"INSB019.PACLITAXEL-15DAILY.m1",60.85891747346,20972.56368395,"SD",-24.2443508052424,38,1.69100558695785,12
"INSB019.CX-5461.m1",75.9191854250278,7780.9943265,"SD",-12.4096385273014,16,-4.36438182720426,16
"INSB019.CX-5461.m2",55.999784930556,8635.0231455,"SD",-34.2248612939438,13,-20.9731497334457,13
"85277.ERIBULIN-EXTRALOW.m1",-1.42020106299433,36275.560958,"CR",-99.6383134229394,174,-74.4297569467494,76
"NOTCHB02.CDX-011.m1",16.7024549039887,21056.2632325,"CR",-97.1524639160227,56,-52.5051857191509,99
"NOTCHB02.CDX-011.m2",-40.9520805500515,17288.90906525,"PR",-84.9997698402185,64,-43.0999321661467,77
"241417.CDX-011.m1",0.677842037310394,13590.55085475,"PR",-92.2855726267865,57,-51.6123054458203,86
"241417.CDX-011.m2",-75.306905395288,2333.739178,"CR",-97.9056758279387,56,-75.6649777687489,64
"66817.H2O.m1",39.9909775189891,6453.7448795,"SD",-43.3152419449624,13,-18.1771509436489,13
"66817.H2O.m2",41.9252945391446,8410.024368,"SD",5.02191921346746,57,24.489457760939,13
"66817.H2O.m3",68.1441528523664,35087.76966,"PD",27.1493929206411,55,31.9787104620324,11
"66817.H2O.m4",81.5373642247857,27115.93533225,"PD",35.672219367688,10,27.7564926044255,10
"66817.H2O.m5",-88.7048152868826,152.46,NA,NA,NA,NA,NA
"66817.ERIBULIN-LOW.m1",-86.4569356071465,706.612103,NA,NA,NA,NA,NA
"66817.CDX-011.m1",-47.7354727307044,9287.298738,"PR",-60.9241012115451,43,-29.0443835216651,85
"66817.BMN-673.m1",-36.2345658514717,4570.2905685,"SD",-70.8778794087205,51,-16.935932887879,51
"66817.BMN-673.m2",61.4548180087628,4466.712014,"SD",3.62973873588968,19,15.6026265653465,27
"REF002.CDX-011.m1",79.9910502907153,5170.23522825,"SD",22.4048023921228,13,1.43445538838608,13
"REF005.CX-5461.m1",83.61881326813,5983.241992,"PD",88.4014095026471,12,44.2007047513236,12
"REF005.CX-5461.m2",61.5593928748368,34115.4165495,"PR",-68.6291857192536,12,-51.2556507974907,39
"REF005.CX-5461.m3",81.8561581099167,6625.357601,"SD",10.8023288304859,16,13.1285170282739,16
"REF005.CX-5461.m4",79.1059527880312,5081.23816475,"PD",35.7124864815565,16,29.6982868377568,13
"REF005.CX-5461.m5",51.7315561968833,17452.619175,"SD",-20.0923044703232,15,-1.20085287789623,15
"REF005.CX-5461.m6",76.9664400589084,5205.23719125,"SD",28.4690507323149,12,2.0982468338671,12
"REF005.CX-5461.m7",83.1517625636537,7448.061308,"PD",94.5674345005314,15,40.8075871568647,12
"REF005.CX-5461.m8",80.1481057887349,5981.28353775,"SD",20.4434756712134,12,13.9825679287658,12
"REF005.CX-5461.m9",61.5593928748368,34115.4165495,"PR",-68.6291857192536,12,-51.2556507974907,39
"REF005.PACLITAXEL.m1",86.9261603846882,14067.1478875,"SD",9.62990716879232,12,4.81495358439616,12
"REF005.PACLITAXEL.m2",63.1578326521078,37330.45172075,"CR",-95.6544651907398,24,-73.6209666724024,62
"REF005.PACLITAXEL.m3",68.2547165224358,31384.86429,"PR",-90.6250973948215,22,-61.2807448040524,29
"REF005.PACLITAXEL.m4",33.7514684447453,7957.82067325,"PR",-92.0174177815318,14,-56.4213385248602,21
"REF005.PACLITAXEL.m5",63.1578326521078,37330.45172075,"CR",-95.6544651907398,24,-73.6209666724024,62
"REF005.PACLITAXEL.m6",82.1232409379134,13965.23429,"SD",-26.4169911504425,12,-5.89938314282203,19
"REF005.PACLITAXEL.m7",-24.5689783364251,12106.76604225,"CR",-100,59,-85.2278294108321,143
"100672.CFI-400945-41.6WEEKLY.m1",82.5974686952635,14549.14323475,"PD",57.6557093425605,27,62.3147266176794,13
"100672.CDX-011.m1",72.6571865515317,22806.29509025,"SD",23.5046796065464,19,10.7344821213333,13
"100672.CDX-011.m2",84.1676724799314,35469.48675775,"PD",113.547648473942,17,61.3000121106795,17
"100672.CDX-011.m3",69.2975302663527,48959.249069,"CR",-96.8054090813435,49,-56.103806997628,85
"INSB014.CDX-011.m1",88.8504107469875,19110.0066075,NA,NA,NA,NA,NA
"INSB014.CDX-011.m2",89.1695419242783,19791.103731,NA,NA,NA,NA,NA
"INSB014.CDX-011.m3",85.3902628384072,5543.977491,"SD",23.9778202423262,11,23.6365871685323,11
"INSB014.ERIBULIN-LOW.m1",87.612830376614,10799.0001975,"PD",146.367194211642,15,71.1912882997267,15
"INSB014.ERIBULIN-LOW.m2",-38.2290222261464,8027.738781,"SD",-30.813084572528,31,-14.1380558796582,38
"INSB014.ERIBULIN-LOW.m3",26.3411668428027,5823.6703775,"SD",-12.2410273899184,14,8.437057374684,35
"INSB014.PACLITAXEL.m1",NA,NA,NA,NA,NA,NA,NA
"INSB014.PACLITAXEL.m2",-68.6152639312187,30243.14149475,"CR",-99.323604166137,44,-65.6433948794508,63
"INSB014.PACLITAXEL.m3",87.2424909139762,10971.17219075,"PD",206.209444221259,12,96.9655259760055,12
"INSB014.PACLITAXEL.m4",86.9152912529769,9875.713455,"PD",203.636537154863,12,89.3220929520595,12
"INSB014.PACLITAXEL.m5",87.5803120404356,31952.265716,"PD",626.151434676435,17,313.075717338217,17
"NOTCH18.CFI-400945.m1",74.0424707412007,10684.31699925,"SD",-1.14655032414225,29,4.35047895911473,13
"NOTCH18.CFI-400945.m2",48.0623107206323,14532.05478675,"SD",-47.7939146082313,26,-36.226418650885,26
"NOTCH18.CFI-400945.m3",83.8868479347648,111420.88721825,"SD",-23.7995673404293,21,-17.0247621265427,11
"NOTCH18.CFI-400945.m4",82.4259952913255,83493.59675575,"SD",-9.90326377166676,21,10.9503454821637,21
"NOTCH18.CFI-400945.m5",-1.10600331580839,3818.26732375,"SD",-30.7674190956242,27,-7.48251662493536,13
"NOTCH18.CFI-400945.m6",76.5389934503707,7189.7308035,"PD",37.0002731874763,23,27.8690270315248,12
"NOTCH18.CDX-011.m1",-68.0402157196373,3500.48833775,"PR",-100,38,-29.0573860476164,64
"NOTCH18.CARBOPLATIN.m1",61.9636218123877,8513.49199325,"SD",12.2846439269384,16,14.5471099881841,16
"NOTCH18.CARBOPLATIN.m2",83.3636449435149,10180.659038,"PD",75.8436847423626,13,87.4376154966299,13
"REF016_P1_ERIBLD_180206_RES.ERIBULIN-LOW.m1",84.3862033266336,11390.26565225,"PD",52.0194849317509,14,33.7741241600563,14
"68941.H2O.m1",-14.4144929076737,10486.77990525,"SD",-37.8764230304596,84,-3.75209305060741,84
"68941.H2O.m2",62.163623560689,88431.14013575,"SD",-41.6471845532489,33,-30.2672271876239,33
"68941.H2O.m3",87.0703347866171,26575.8995,"PD",238.627564049757,18,138.561042919516,11
"68941.H2O.m4",74.7904788279356,8891.981745,"SD",-25.4398996873165,11,-21.7945831944511,11
"68941.H2O.m5",78.2471950600006,9826.9884,"SD",23.8956373243975,25,9.70816148988271,11
"68941.H2O.m6",87.0692664488164,127249.05274675,"PD",86.0110300422586,18,65.3071995685439,11
"68941.H2O.m7",88.1081965230215,48288.8866395,"PR",-58.644126598647,11,-37.2168877044139,11
"68941.H2O.m8",79.0588182882776,39821.14847925,"SD",-32.2375129250919,13,-11.1566763342707,16
"68941.H2O.m9",53.2888409328271,107606.75408975,"SD",-19.293318431707,16,-12.6043139873536,16
"68941.CDX-011.m1",-42.8141401661211,7978.3712145,"CR",-96.3049200654443,77,-42.1201390120371,134
"68941.CDX-011.m2",-62.8841083281539,35130.01416225,"CR",-100,47,-82.7340517987417,138
"68941.CFI-402257-2ON5OFF+PACLITAXEL-15DAILY.m1",82.5534017235601,12942.06981275,"PD",69.850605508535,21,35.2285139383406,21
"68941.CFI-402257-2ON5OFF+PACLITAXEL-15DAILY.m2",18.0787557681941,52977.459633,"PR",-70.1511806186368,89,-31.4010667725622,33
"100672.H2O.m1",83.7369449897654,50836.3835555,"SD",18.1868012084852,17,8.19617914191933,17
"100672.H2O.m2",85.0835553918002,57822.2665975,"PD",83.9734656941291,14,21.8951376791952,14
"100672.H2O.m3",82.300767924929,39602.03007725,"PD",57.7839644777337,21,27.0095017339985,21
"100672.H2O.m4",83.761662057069,52304.4537835,"PD",86.6841544837809,19,39.5776768927276,12
"REF004.H2O.m1",88.9965820520425,12134.675659,"PD",220.61293348134,10,103.106766194304,10
"REF004.H2O.m2",83.4959762578824,5233.50481225,"PD",64.3780415985742,22,70.4345636777153,10
"REF004.H2O.m3",86.5482404561674,5550.94743775,"PD",428.144149342934,10,212.927135963081,10
"REF004.H2O.m4",89.2125032483908,17886.61294975,"PD",146.126110402881,10,43.1787107757891,10
"REF004.H2O.m5",87.4413831087643,13308.22213975,"PD",134.411175021249,12,78.8812245435968,12
"REF004.H2O.m6",73.8381945629427,5637.494252,"SD",-28.2641795333052,12,-30.5144095507768,12
"REF004.H2O.m7",88.3932351205271,7189.65226475,"PD",393.447853781626,11,174.445771002479,11
"REF004.H2O.m8",79.5571258705368,6390.7006975,"SD",10.525432435391,14,2.05510111895522,11
"REF004.H2O.m9",87.4686820544848,11944.211938,"PD",53.9495519286819,11,37.2580230122498,11
"REF004.H2O.m10",87.6099284484173,24643.3648995,"PD",141.882746357281,13,79.8277318472615,10
"REF004.H2O.m11",88.8929074291731,10599.1085,"PD",231.409015317793,12,97.180991914441,12
"REF004.H2O.m12",89.151670390816,5471.3037145,NA,NA,NA,NA,NA
"REF004.H2O.m13",86.5096988309476,12599.43058775,"PD",41.0778096671715,10,26.930686594654,10
"REF004.H2O.m14",88.4780422857076,24307.7508965,"PD",310.358539862511,10,118.114401686062,10
"REF004.H2O.m15",88.9392091612442,11753.29456875,"PD",349.071688962262,13,202.546502133332,13
"REF004.CFI-402257-2ON5OFF.m1",87.0644941859796,8759.2471235,"PD",40.0403083884889,13,47.0601389243903,13
"REF004.CFI-402257-2ON5OFF+PACLITAXEL-15DAILY.m1",88.5518999358421,13156.72468275,"PD",127.422964148503,10,55.5823129114609,10
"REF004.CFI-402257-2ON5OFF+PACLITAXEL-15DAILY.m2",88.4121445278076,11301.49761475,"PD",176.45276636709,10,98.5995115421426,10
"REF004.PACLITAXEL-15DAILY.m1",87.5679284297186,9514.30664175,"PD",4.16342720259244,13,73.4934670936258,13
"REF004.PACLITAXEL-15DAILY.m2",87.1872808787242,7809.6075205,"SD",-30.4899580432053,10,-4.38633392581385,10
"REF004.CDX-011.m1",88.6436076980763,11568.21935275,"PD",248.362952142696,10,90.7669422477197,10
"REF004.CDX-011.m2",89.0783311436218,16626.55237975,"PD",101.046876187133,10,14.1586566675732,10
"REF006_P1_CDX_180206_RES.ERIBULIN-LOW.m1",62.2491998491772,14311.0934665,"SD",-23.2293006703193,21,-12.5851527876773,34
"REF019.H2O.m1",87.8942308294147,122530.74272325,"PD",214.279326872662,13,91.0691256763,13
"REF019.H2O.m2",87.4888429368809,18898.547478,"SD",16.374883286648,12,1.33590880796763,12
"REF019.H2O.m3",87.0190173263506,29963.66148175,"PD",119.081820574678,20,59.1457378858255,17
"REF019.H2O.m4",87.8291869888095,137156.27598575,"PD",87.163986512764,13,40.6012016280767,13
"REF019.H2O.m5",81.1673145340562,70956.96843925,"SD",-5.18285669649444,13,-8.3828135894298,13
"REF019.H2O.m6",88.8808440691154,51686.346266,"PD",186.872992266508,12,93.436496133254,12
"REF019.H2O.m7",84.137057905495,40673.419933,"SD",6.8715022347564,15,-4.43281320121074,15
"REF019.H2O.m8",68.2276766296303,18424.49272875,"PD",40.9906462534035,14,18.2151516650873,14
"REF019.H2O.m9",84.3552402192431,16693.311514,"SD",8.93989167662945,12,8.68762472688594,12
"REF019.H2O.m10",89.5071762727334,11096.51840625,NA,NA,NA,NA,NA
"REF019.H2O.m11",86.7303379398267,31521.6618515,"PD",231.776,10,112.721333333333,10
"REF019.H2O.m12",88.7883677859419,5652.171906,NA,NA,NA,NA,NA
"REF019.H2O.m13",75.6666242806929,71834.79804175,"SD",-18.3504507239251,11,-3.2877585959426,25
"REF019.H2O.m14",88.9763839682327,19673.86049875,"PD",140.976345350987,10,49.0567271675246,10
"REF019.CARBOPLATIN.m1",-60.4291976696332,3069.31169275,"PR",-87.3652030363439,48,-40.9622243249332,48
"REF019.CARBOPLATIN.m2",25.8493164345571,33048.50578375,"PR",-97.1036968066404,112,-36.7349839453328,180
"REF019.CARBOPLATIN.m3",73.3453451266883,8723.77591675,"SD",17.2311968113473,13,6.00239357353946,13
"REF019.CARBOPLATIN.m4",41.5865275981747,38585.340751,"PD",-76.3563511643389,100,45.4699601413968,134
"REF019.CDX-011.m1",28.2442264361726,18349.80027075,"PR",-78.1159627474599,42,-31.1594852283569,58
"REF019.CDX-011.m2",80.5777668353708,15823.07797525,"PD",56.6595207876123,26,27.0482945646363,12
"REF019.CDX-011.m3",87.8669785260886,22750.32865525,"PD",141.430752253287,14,70.7153761266434,14
"REF019.ERIBULIN-LOW.m1",-8.68088087528224,28023.87613275,"PR",-78.9709384711247,223,-30.8487453226853,77
"REF019.ERIBULIN-LOW.m2",58.9850034927803,26516.99921975,"PR",-87.0078120990534,35,-64.6847448346375,61
"REF019.CFI-402257.m1",81.5295387139454,21669.41869,"SD",0.968390824304908,13,-0.945302667125197,13
"REF019.CFI-402257.m2",80.589320994815,10982.5716475,"PD",80.6594463460695,13,40.3297231730347,13
"REF019.CFI-402257.m3",88.2378015896444,13103.02348125,"PD",60.7168642714813,10,29.5001591861977,10
"68941.PACLITAXEL-15DAILY.m1",69.6606304817166,8481.46096305,"PR",-59.2469536784588,12,-41.30307074121,22
"68941.ERIBULIN-EXTRALOW.m1",-2.86323601961001,24436.67800765,"PR",-68.1806658390285,96,-38.967655683682,117
"47904.H2O.m1",88.5595320522162,15499.128016,"PD",106.020885750615,12,66.3577845828982,12
"47904.H2O.m2",88.8456672655513,84871.07509175,"PD",63.9175117217315,14,31.9587558608658,14
"47904.H2O.m3",89.0852478710089,46949.82277275,"PD",116.842269030641,17,58.4211345153203,17
"47904.H2O.m4",87.6412605382455,117540.44174575,"SD",-8.2039379446128,12,-12.4468599049686,12
"47904.H2O.m5",87.3283021948144,41679.759839,"SD",-39.6734787159317,12,-20.4717023494914,12
"47904.H2O.m6",82.3275490027747,102084.761343,"SD",20.4508270364254,20,18.802768666388,13
"47904.H2O.m7",78.2172958102775,4793.36015525,"PD",58.3783616546157,14,31.2245276803605,14
"47904.H2O.m8",86.8792759466379,68367.64897575,"PD",117.02410784704,13,51.8194865599583,13
"47904.H2O.m9",83.9910936011909,35278.40448525,"PD",108.732357811703,10,51.3689542496683,10
"47904.H2O.m10",83.6906354236821,27932.25446,"SD",33.6409986623296,11,18.6062008560954,11
"47904.H2O.m11",75.5829436112179,25254.14722625,"SD",5.61733121489729,12,-3.25923565718012,12
"47904.H2O.m12",84.5535138179188,35454.47121275,"PD",59.4362128864997,13,32.7036190589107,13
"47904.H2O.m13",79.3986016167319,47709.916688,"SD",-6.68149995649777,14,-2.37411608325358,14
"47904.H2O.m14",88.8216239688734,28898.42580175,"PD",261.906560548398,13,124.293708610442,13
"47904.H2O.m15",88.5670677976661,62578.910693,"PD",80.2493372048984,16,34.4098624963178,16
"47904.H2O.m16",87.1114308193914,101307.53430425,"SD",0.217365059631758,21,-9.26077999178807,21
"47904.H2O.m17",86.3458030283753,15668.18820475,"PD",62.4647726289286,13,42.9056983964957,13
"47904.CX-5461.m1",86.8597913172214,8668.486808,"PD",106.791208935273,12,63.0075220528023,12
"47904.CX-5461.m2",3.97588779770082,14892.9841515,"PR",-91.9224942863763,54,-62.2387431496444,99
"47904.CX-5461.m3",-47.0301726163464,9127.70232925,"PR",-70.8276173587178,50,-23.1210175999351,64
"47904.CX-5461.m4",9.93767912508012,11787.678629,"PR",-62.5154948254701,57,-34.039935415038,70
"47904.CX-5461.m5",82.0937215998332,30666.269254,"PD",80.6669370320326,52,67.0717128340797,16
"47904.CDX-011.m1",-85.5924328744703,9045.963671,"CR",-99.2789884875416,34,-66.3712986226224,54
"47904.CDX-011.m2",-56.1781172987526,2553.1377835,"CR",-100,49,-89.3067804148245,161
"47904.CDX-011.m3",-59.4055272235737,4243.616674,"CR",-100,50,-90.4257531156902,212
"48602.CDX-011.m1",87.0198405626813,7911.978314,"PD",144.537755184157,15,120.683049263439,12
"65465_P10_TAX_170921_RES.CDX-011.m1",-65.7392041215322,11925.109769,"CR",-100,48,-77.1261940319398,90
"100672.PACLITAXEL.m1",33.0997403502333,44366.2541115,"PR",-94.2946146868029,44,-40.5614309519595,70
"100672.CARBOPLATIN.m1",-14.7490700621189,31148.700267,"PR",-82.3074208371808,49,-46.2658869748082,70
"NOTCH01.CFI-402257-2ON5OFF+PACLITAXEL-15DAILY.m1",1.18003553781977,29205.8194204,"SD",-33.5023728891653,234,0.606927407081431,14
"NOTCH01.ERIBULIN-EXTRALOW.m1",43.0947713645189,75300.87334525,"PR",-77.0333654781659,105,-34.9282903266487,118
"NOTCH01.CDX-011.m1",-37.4351487694058,8027.6914465,"CR",-100,37,-87.5633657418074,154
"NOTCH01.CDX-011.m2",10.6063691703927,40038.748903,"PR",-81.5850953489468,33,-57.6065770295089,90
"REF022_P2_TAX_181219_RES.H2O.m1",87.4975292392547,34237.13298425,"PD",198.438283712898,14,80.9757650975773,14
"REF022_P2_TAX_181219_RES.PACLITAXEL.m1",64.7037288010521,64414.614367,"PR",-97.411295985997,81,-39.5807005566335,107
"REF022_P2_TAX_181219_RES.PACLITAXEL.m2",77.9962237276519,15357.53164025,"PD",37.1308007885343,12,13.529203304742,12
"REF022_P2_TAX_181219_RES.PACLITAXEL.m3",79.6795961234903,11582.8112025,"SD",-17.6590399942579,15,-16.3793768713138,15
"REF022_P2_TAX_181219_RES.CARBOPLATIN.m1",70.637333937463,12183.297929,"PD",55.0853653397668,21,32.6878469761003,14
"REF022_P2_TAX_181219_RES.CDX-011.m1",57.5945440584039,13323.68394275,"SD",-26.2300937468924,42,4.85007339834262,49
"REF014.CFI-402257-2ON5OFF+PACLITAXEL-15DAILY.m1",64.1421487973342,5293.3093795,"SD",7.04219548707014,18,4.90002451665699,11
"REF014.EVEROLIMUS.m1",74.3410657819516,4204.63608625,"SD",33.9748684198983,14,26.017625079775,11
"REF014.EVEROLIMUS.m2",76.5654407368248,4732.17829225,"PD",54.5518289768382,13,32.8161813585994,13
"REF014.EVEROLIMUS.m3",68.8384407974803,6972.5548795,"SD",15.0867353918774,14,4.92768121391403,14
"REF014.CFI-400945-52WEEKLY.m1",25.2576853366854,7104.85054625,"SD",-10.4871553466972,39,2.13032637585989,11
"REF014.CFI-400945-52WEEKLY.m2",61.7166504865979,4452.5794495,"SD",14.1465842152556,13,0.545043824941821,13
"REF014.CFI-400945-52WEEKLY.m3",39.2919778444631,4943.836882,"PR",-70.6304705939812,20,-39.6520159568508,20
"REF014.CFI-400945-52WEEKLY.m4",64.5336250372396,6177.69274175,"SD",0.314495507154517,14,4.8417929758521,14
"REF014.CFI-400945-52WEEKLY.m5",75.9285538494903,12922.79927375,"SD",7.15917151260556,13,6.39848955498892,13
"100534.H2O.m1",85.3827511643773,75393.364943,"SD",33.4647434672502,18,10.263608623698,10
"100534.H2O.m2",85.4394014131046,41325.037878,"SD",26.2503086213101,12,8.3074366537809,12
"100534.H2O.m3",86.6575863496656,41039.1641505,"PD",142.395136614917,12,68.209705811359,12
"100534.H2O.m4",83.8989324569233,76904.2396475,"SD",14.7190818296577,14,0.0804471470521353,14
"100534.H2O.m5",86.1273991532531,32683.1283625,"PD",79.810314283555,10,39.9051571417775,10
"100534.CFI-400945.m1",-25.7326262261013,2572.433359,"SD",-30.4341663980481,10,-17.7340297989924,10
"100534.CFI-400945.m2",77.5488203239721,9385.8562045,"SD",2.86000734504608,19,6.91076421493988,19
"100534.CFI-400945.m3",80.7334281914548,7068.259139,"SD",33.6815323840051,12,13.3799190148864,12
"100534.CFI-400945.m4",73.5013524402438,18222.49868975,"SD",-16.0155894260144,14,-4.72747762181504,14
"100534.CFI-400945.m5",84.3756607782994,15401.85883375,"PD",47.8588445260151,20,42.7556982211954,13
"100534.ERIBULIN-LOW.m1",13.5668793782752,29532.81284525,"CR",-97.0333418665546,24,-81.376071266278,82
"100534.ERIBULIN-LOW.m2",50.1516003324624,41483.3094565,"CR",-100,56,-59.5360418787071,92
"100534.CDX-011.m1",66.2212570111159,56246.26906075,"SD",-97.5068913884962,87,-18.6741521344523,108
"100534.CFI-402257.m1",84.0472848533563,11170.925154,"PD",58.4671083212399,18,56.0193071910955,10
"100534.CFI-402257.m2",81.5684859415171,12000.437375,"PD",37.6635161542841,12,13.8170726111239,12
"65465.H2O.m1",85.683650915097,25595.90119975,"SD",26.8507796229364,11,19.4202230546814,11
"65465.H2O.m2",83.393437193467,13300.07496125,"SD",1.44906143544863,12,4.28171873503953,12
"65465.H2O.m3",86.3879403956131,17240.8552895,"PD",93.0301672039718,15,56.9184424898361,12
"65465.H2O.m4",88.296682531292,31346.5242145,"PD",37.6833893631271,12,23.5902669179683,12
"65465.H2O.m5",88.6888256988572,129484.12299175,"PD",25.7296459986637,12,30.3356932574224,12
"65465.H2O.m6",85.5278205424007,15765.16008775,"SD",-2.83673469387755,12,7.87009706959707,12
"65465.H2O.m7",86.3970062025508,24504.40762375,"PD",88.3372099355032,13,38.5266279451399,13
"65465.H2O.m8",86.5691508641622,24376.54348975,"PD",70.8924903517096,13,23.3201046828964,13
"65465.H2O.m9",87.230282989953,33946.16382125,"PD",59.8303587756014,20,32.7667437926691,13
"65465.H2O.m10",87.1756619728543,41219.2119425,"SD",24.8910663944785,14,1.1381499293741,14
"65465.H2O.m11",87.5265269064093,52921.91912875,"PD",151.603532118187,50,70.4865052023205,14
"65465.H2O.m12",87.2096945104038,42514.8649975,"PD",219.662097226235,14,85.102241618987,14
"65465.H2O.m13",80.0956328865067,17158.59782975,"SD",0.435181748634714,14,0.405873724022838,14
"65465.H2O.m14",74.0643286822494,15599.33130125,"SD",18.4774178681991,14,9.09640117375018,14
"65465.H2O.m15",71.1699098625653,2006.162368,"SD",14.8302343437287,11,10.1436058023416,11
"65465.H2O.m16",84.0665308462506,42064.6581735,"PD",178.352752944515,17,88.1289151805877,10
"65465.H2O.m17",86.308921208016,28117.324105,"PD",52.5818053596615,12,24.9028259378919,12
"65465.EVEROLIMUS.m1",66.200735446287,9366.7296895,"SD",-24.6988583975017,11,-10.2337254170313,11
"65465.ERIBULIN-EXTRALOW.m1",-4.88672676075333,59942.9586055,"SD",-85.5211460765781,216,-19.2255662994232,25
"65465.CDX-011.m1",24.8787072328633,29799.10242525,"CR",-99.6762342950727,32,-75.6078318661772,89
"REF005_P3_TTK/TAX_180315_RES.ERIBULIN-LOW.m1",63.0674589472823,12456.5095735,"SD",-38.8572654876654,11,-14.2138737093692,20
"REF005_P3_TTK/TAX_180315_RES.CDX-011.m1",87.3621732011534,24961.935701,"PD",105.224019871648,11,52.6120099358241,11
"REF006_P1_ERIB_180313_RES.PACLITAXEL.m1",87.6300170401721,20960.1206485,"PD",160.406085350715,13,70.3221291151067,13
"REF006_P1_ERIB_180313_RES.CFI-402257-3ON4OFF+PACLITAXEL.m1",87.5704166470177,10788.0524,"PD",67.689528045418,13,32.3779898319162,13
"REF006_P1_ERIB_180313_RES.CDX-011.m1",-46.766607345798,6083.1392065,"SD",-89.2155770205515,43,15.8363048412873,43
"REF016_P2_945_180406_RES.H2O.m1",85.374609933061,1788.4192975,NA,NA,NA,NA,NA
"REF016_P2_945_180406_RES.H2O.m2",87.4695105641819,19327.7854935,"PD",92.86275435832,11,41.4858609848433,11
"REF016_P2_945_180406_RES.H2O.m3",89.0064363543388,14496.64804625,"PD",322.684917349334,13,158.601725390116,13
"REF016_P2_945_180406_RES.H2O.m4",89.4921912127449,66960.84487875,"PD",210.820524195795,19,97.4659172986738,12
"REF016_P2_945_180406_RES.H2O.m5",86.3829551928737,31702.7411105,"SD",20.9055008343043,14,15.4532640321942,14
"REF016_P2_945_180406_RES.H2O.m6",88.8552486868289,61801.7920395,"PD",91.0871821730222,12,30.1003639185914,12
"REF016_P2_945_180406_RES.CDX-011.m1",80.0288002681997,10934.03996725,"SD",-5.28734539499759,20,-15.6091780523087,20
"REF016_P2_945_180406_RES.CFI-400945.m1",81.5305527973252,21833.40350275,"SD",-9.72396311712864,12,-11.6223363494316,12
"REF016_P2_945_180406_RES.CFI-400945.m2",79.3616789212693,9592.973542,"SD",11.7880351733815,11,4.32528277176491,11
"REF016_P2_945_180406_RES.CFI-400945.m3",88.5951296298752,16466.8452615,"PD",122.539102878379,13,62.1106571012573,13
"REF016_P2_945_180406_RES.CFI-400945.m4",86.3526604209295,7859.59448325,"SD",13.1688913573734,13,24.7562523160057,13
"REF016_P2_945_180406_RES.CFI-400945.m5",84.4296530712976,12151.101211,"PD",58.8063155970636,14,14.8460161427844,14
"REF016_P2_945_180406_RES.CFI-400945.m6",87.7459251906048,62532.36809825,"PD",171.108093071407,12,85.5540465357033,12
"REF016_P2_945_180406_RES.ERIBULIN.m1",69.0916996454606,21580.506783,"SD",-19.4706209871764,20,-8.03436586680499,20
"NOTCH01_P6_ERIBLD_180822_RES.CDX-011.m1",67.8500562266609,7209.90915525,"SD",18.6544116589877,15,9.43044276704898,15
"NOTCH01_P6_ERIBLD_180822_RES.CARBOPLATIN.m1",59.7943525522682,8729.09012325,"SD",31.5930023757085,15,12.7241806997624,15
"67725.CDX-011.m1",89.6311284470491,15544.047758,NA,NA,NA,NA,NA
"67725.CX-5461.m1",88.7134122139225,12034.163645,"PD",202.762692813883,12,101.72223620767,12
"67725.CX-5461.m2",72.8653606912906,6213.433082,"SD",11.3949178501137,16,18.6301770302494,16
"241417.CFI-400945-5DAILY.m1",45.9160268757298,16173.9289845,"SD",-13.8796842293828,13,-16.4955460381154,13
"241417.CFI-400945-5DAILY.m2",82.8864681391163,10427.870799,"PD",35.9942599815698,13,34.9769491276571,13
"241417.CFI-400945-5DAILY.m3",81.1354264517225,5633.18536375,"SD",14.7043672634083,14,22.7398112268891,14
"241417.CFI-402257.m1",62.5656559559573,8599.34164675,"SD",-23.0401163340758,19,-6.08023836486095,19
"241417.CFI-402257.m2",48.2550736952184,20005.2200945,"SD",-40.6918583702326,13,-30.1643749561471,20
"241417.CFI-402257.m3",74.8594226441445,12723.8424355,"PD",23.7220662738453,42,72.4891164937013,42
"241417.CFI-402257.m4",85.7690080813332,12587.80846875,"SD",22.7849034175334,10,16.5187518573551,10
"241417.CFI-402257.m5",87.0494854722103,10783.815842,"PD",133.992146578889,16,51.1360184409688,16
"241417.CFI-402257.m6",86.490925356617,16691.00245,"PD",56.2439720689788,10,14.4400862206803,10
"241417.CFI-402257.m7",77.5330057006143,20746.102016,"PD",7.88901293473486,24,39.8654779954751,24
"47904.CARBOPLATIN.m1",-61.6735208112497,4725.0233395,"CR",-100,36,-74.0203510860751,147
"47904.CARBOPLATIN.m2",-65.8430973771036,1858.77075925,"CR",-99.5801646258469,57,-67.1969540663715,76
"REF035.PACLITAXEL-15DAILY.m1",67.4027096589519,17177.0702835,"SD",-36.6254670175933,16,-14.6838181349007,20
"66280_P1_945_141022_RES.CARBOPLATIN.m1",-75.2401221811972,15833.7532455,"PR",-92.5129380174589,27,-51.2753802718296,55
"66280_P1_945_141022_RES.ERIBULIN-LOW.m1",-39.9920545767492,1762.2697,"CR",-100,50,-89.0845648492133,224
"66280_P1_945_141022_RES.CDX-011.m1",-46.6926656985845,1135.2888125,"CR",-100,20,-94.1050428786588,252
"241417_P1_945_170421_RES.CDX-011.m1",57.5043480052356,20483.311173,"CR",-99.6723235634419,27,-62.8865627866828,77
"NOTCH10.CFI-402257-2ON5OFF.m1",50.0470425101016,6218.68068,"SD",11.6136950832165,21,12.562828114099,13
"NOTCH10.CFI-402257-2ON5OFF.m2",76.868709359282,8711.9705385,"SD",27.6054177353769,13,15.971256921567,13
"NOTCH10.EVEROLIMUS.m1",-19.4435329326219,4054.53665725,"SD",-24.9531890528964,21,-6.46878865245652,30
"NOTCH10.CDX-011.m1",-2.49888891895588,12536.209646,"SD",-31.0782869029965,64,8.54502134187009,70
"REF010.CX-5461.m1",84.8815482973143,12111.6124335,"SD",20.2341132682893,11,5.79934157539672,11
"REF010.CX-5461.m2",68.2786296681372,3114.86964,"SD",25.9613369447619,16,18.0989344017814,13
"REF010.CX-5461.m3",82.15684283633,19802.17929925,"SD",21.4232459473754,16,13.9886652219114,10
"REF010.CX-5461.m4",44.4139009501477,10498.34007925,"SD",-12.9294030485791,21,-8.35826569292245,31
"REF010.CX-5461.m5",39.3575567526965,6619.83282175,"SD",-17.8940601894833,16,-2.27383324581126,16
"REF010.CX-5461.m6",85.6183100603874,14608.3143855,"PD",48.8039132579095,15,16.1708912287426,15
"REF001.CDX-011.m1",82.3072800070853,11909.97788725,"PD",37.7427386037462,21,57.526067012453,12
"REF001.CDX-011.m2",38.8431011302657,13329.284591,"SD",-71.451053723764,41,-8.91433901060851,84
"73471_P9_TAX_171019_RES.H2O.m1",87.2935305443883,8366.645178,"PD",160.388125047248,13,125.138489779493,10
"73471_P9_TAX_171019_RES.ERIBULIN-LOW.m1",-71.2459032427097,13219.45940175,"CR",-98.9314558927886,49,-55.5545985688591,125
"73471_P9_TAX_171019_RES.PACLITAXEL-15DAILY.m1",88.2324612545165,330.3214485,NA,NA,NA,NA,NA
"73471_P9_TAX_171019_RES.CDX-011.m1",14.3549883954815,38448.6997525,"PR",-79.4645123988326,64,-47.1194581369875,84
"REF005_P3_CDX_180412_RES.H2O.m1",89.056530720547,8560.0604375,NA,NA,NA,NA,NA
"REF005_P3_CDX_180412_RES.CX-5461.m1",86.6187013464965,7065.16486425,"PD",93.5467722597811,13,46.7733861298905,13
"REF005_P3_CDX_180412_RES.CARBOPLATIN.m1",89.2892933361791,45840.738876,"PD",250.859397888203,13,147.332299178879,13
"REF005_P3_CDX_180412_RES.CDX-011.m1",85.4409977300288,37879.1839175,"PD",159.015396585449,33,153.378841254769,13
"REF005_P3_CDX_180412_RES.CDX-011.m2",87.8631902295833,70669.15121775,"PD",22.8813264839329,33,32.0429922940748,13
"REF013.CDX-011.m1",67.1530833490088,17668.6150955,"SD",-32.5805466143445,38,-15.5370378991797,38
"85277.PACLITAXEL.m1",69.4653904132309,66304.1474195,"CR",-100,48,-69.2777547224027,83
"85277.PACLITAXEL.m2",-43.571869027354,13793.91897325,"SD",-47.2411280054332,84,-29.8977875889062,84
"85277.PACLITAXEL.m3",47.973585468614,8868.55956875,"PD",-8.17766555589133,47,34.8782710193566,54
"INSB019.PACLITAXEL.m1",87.0474476667556,15828.524469,"PD",46.0405565009503,11,19.5015154580707,11
"INSB019.PACLITAXEL.m2",84.6079733095157,13388.370791,"SD",11.6262006698367,14,5.81310033491834,14
"100534_P1_BMN_191102_RES.H2O.m1",89.0423848317936,51913.836511,"PD",254.181418035333,13,126.737821070556,13
"100534_P1_BMN_191102_RES.CX-5461.m1",87.3957189375541,19888.40584825,"PD",111.742486818818,13,55.3067696440862,13
"100534_P1_BMN_191102_RES.PACLITAXEL-15DAILY.m1",81.266923037219,11466.72469275,"PD",47.6253559840954,21,42.3500416615554,13
"100534_P1_BMN_191102_RES.ERIBULIN-LOW.m1",64.6657111360453,12743.5020175,"SD",3.03073987002939,13,15.2790970974043,13
"69196.CDX-011.m1",-55.1423273875855,4698.6321335,"CR",-97.0432131624323,48,-59.7786977080826,82
"REF006_P1_TAX_180315_RES.CDX-011.m1",78.7158313134206,9333.247648,"PD",36.7011256595305,28,37.9188969956341,28
"REF006_P1_TAX_180315_RES.CARBOPLATIN.m1",87.6760676609853,9929.9797915,"PD",178.269583277115,14,75.033722959715,14
"REF006_P1_TAX_180315_RES.CARBOPLATIN.m2",87.3199600773123,7526.68023575,"PD",71.6817326076534,13,42.1123294197083,13
"38807.H2O.m1",83.6221156214407,53969.38596725,"PD",125.038492268793,15,70.4383054097867,15
"38807.H2O.m2",60.5728101348729,54522.90341975,"SD",-24.5639815722021,48,-15.551065057186,15
"38807.H2O.m3",70.2491519135969,76393.461897,"SD",-37.6007685758993,21,-17.9438839490252,35
"38807.H2O.m4",75.9114346573695,43896.5725545,"SD",27.477936586946,15,22.7832109690669,10
"38807.H2O.m5",79.3529656650327,36816.089142,"SD",12.2427482640561,15,3.30569259681044,15
"38807.H2O.m6",80.6930022659078,17427.68122425,"PD",46.8895296130496,15,19.0833647920067,15
"38807.H2O.m7",83.8689655456089,28734.36436525,"PD",92.018908190329,13,65.5619324469113,13
"38807.H2O.m8",78.5020567362985,17404.070938,"SD",9.2396208328161,21,10.4194627008976,21
"38807.CDX-011.m1",80.7343878451911,23770.1416875,"PD",77.0994672946963,23,55.5663226826279,15
"38807.CDX-011.m2",40.5893722921571,13753.52836225,"SD",9.52561657409447,76,29.1745997175458,15
"38807.ERIBULIN-LOW.m1",-15.362011375294,25969.53316555,"CR",-98.3646393221633,42,-66.4993883031052,62
"38807.ERIBULIN-LOW.m2",28.7227511604172,31340.4693655,"CR",-99.621390560988,34,-75.7362292034216,97
"28077_P4_TAX_170906_RES.CDX-011.m1",36.5448090030081,9984.34711225,"SD",-14.5224484861027,21,-3.01198482906637,26
"NOTCHB01_P6_945_170516_RES.ERIBULIN-EXTRALOW.m1",72.4773947575353,5828.291481,"SD",2.48768736573724,13,-3.62813973568842,13
"NOTCHB01_P6_945_170516_RES.PACLITAXEL.m1",85.6734957668137,15741.01316575,"SD",-4.23029695668877,13,-4.96863114586901,13
"NOTCHB01_P6_945_170516_RES.CFI-400945-52WEEKLY.m1",81.453875977279,9085.701013,"PD",64.1715071376287,13,44.7644111431574,13
"NOTCHB01_P6_945_170516_RES.CDX-011.m1",30.3339855823361,5850.0055755,"SD",-22.7611052836422,20,-3.83352030757565,23
"REF006_P1_CDX_180206_RES.H2O.m1",86.3402989825163,13607.428929,"PD",44.00820181028,12,19.2578579334526,12
"REF006_P1_CDX_180206_RES.PACLITAXEL-15DAILY.m1",28.9326012961574,6506.651047,"SD",0.701913725681686,36,5.89763984231554,12
"REF006_P1_CDX_180206_RES.CDX-011.m1",83.5537581799181,27555.763279,"PD",64.9901881596995,13,32.4174351621024,13
"85277_P1_945_180518_RES.H2O.m1",86.2479308678584,16220.887609,"SD",6.84324131979226,10,-0.634558467014297,10
"85277_P1_945_180518_RES.H2O.m2",87.596841036603,40519.1638905,"PD",114.28903792933,14,39.0153420747455,14
"85277_P1_945_180518_RES.H2O.m3",87.8365988955575,28353.95461925,"PD",140.621051832415,19,83.5097563426672,14
"85277_P1_945_180518_RES.CDX-011.m1",84.7809673392879,9855.3839675,"PD",76.0206879166292,10,31.2387032341266,10
"85277_P1_945_180518_RES.CFI-400945.m1",-33.669727938511,25047.61212575,"PR",-68.3626545797031,88,-31.7534814100894,101
"85277_P1_945_180518_RES.CFI-400945.m2",75.9080788754858,15112.34662775,"SD",16.0525370403103,28,12.8716084840328,14
"85277_P1_945_180518_RES.CFI-400945.m3",81.1032993847799,36149.687896,"PD",56.2516907218101,13,60.8202550458281,13
"85277_P1_945_180518_RES.CFI-400945.m4",-56.1424995551533,4735.10194675,"CR",-99.5903968576033,55,-56.481761404269,110
"REF016.PACLITAXEL.m1",87.3860565579674,21812.8104135,"PD",164.842569240991,19,87.9975269541619,14
"REF016.PACLITAXEL.m2",45.8608323129254,5324.6747105,"SD",-15.5967735807146,12,-8.82391207043985,19
"REF016.PACLITAXEL.m3",86.9376707779701,14241.318907,"SD",34.1780948379352,13,9.69231892757102,13
"NOTCHB01.CDX-011.m1",82.7895665509242,8762.44874425,"PD",68.7366044475344,14,49.8252961722534,11
"01-1104.CDX-011.m1",78.243180955335,9258.5559455,"PD",53.2357923113781,13,52.7598070650261,10
"NOTCH06_P4_TAX_161031_RES.CDX-011.m1",-69.868885507995,7534.706829,"CR",-99.7991192810746,64,-67.2510654258002,134
"REF009.H2O.m1",83.8025666564748,52725.2392255,"PD",78.8266457719179,13,48.9622680119527,13
"REF009.H2O.m2",51.6271839146441,28310.383197,"SD",-27.4500340568985,20,-12.6604587250941,23
"REF009.H2O.m3",72.3017628932665,38651.40511825,"SD",-12.4672729201208,13,-3.78735818265386,13
"REF009.H2O.m4",78.4158407543036,25214.247353,"SD",1.53781656207383,11,0.0640500677657066,11
"REF009.H2O.m5",68.7658892508824,24774.9742215,"SD",11.5338066773555,12,3.77545306095591,12
"REF009.H2O.m6",78.7356972742921,27974.004496,"SD",-19.8311502844548,27,-10.8325774530517,13
"REF009.H2O.m7",82.7011600075622,6938.1970485,"PD",99.8932251097421,14,67.3607672462542,14
"REF009.H2O.m8",84.9817272854453,52443.762552,"SD",4.14794830887632,12,-0.355386538427487,12
"REF009.H2O.m9",87.9115967493588,86061.865309,"SD",6.9008129286711,13,10.6810737685448,13
"REF009.H2O.m10",81.8170642386794,60107.61781275,"SD",15.3754263716096,12,2.65647728234082,12
"REF009.H2O.m11",84.447007001785,20562.3082735,"SD",20.8173527546359,13,7.53981460180955,13
"REF009.H2O.m12",81.2173113646903,25341.860296,"PD",100.396636977705,13,40.704051661171,13
"REF009.H2O.m13",84.6006646856033,15531.967829,"PD",173.163894299997,13,82.0205387623668,13
"REF009.CARBOPLATIN.m1",-37.2299685776704,3933.09550225,"PR",-94.8961365380449,85,-54.1259056728311,110
"REF009.CARBOPLATIN.m2",-24.8184561273854,8538.630643,"CR",-99.5203460384842,105,-56.6138904372119,189
"REF009.CARBOPLATIN.m3",70.5376771418738,9420.25934575,"SD",12.4230433548223,14,2.80772292600139,14
"REF009.CFI-402257.m1",61.6215448495459,12963.4033175,"SD",5.06255478438641,19,7.38296871240218,19
"REF009.CFI-402257.m2",22.4645087670015,7948.955922,"SD",-37.3602344785008,15,-14.898653179603,15
"REF009.CFI-402257.m3",81.5027793468704,8068.229398,"PD",66.1736238746773,16,54.3537072907689,16
"REF009.ERIBULIN-LOW.m1",-21.1205165599416,24033.97183225,"CR",-97.7638171766022,56,-60.5878418546622,97
"REF009.CDX-011.m1",60.4158755278839,10838.31023325,"SD",4.01249767180695,19,11.9887046721482,26
"241417_P2_ERIB_171103_RES.CFI-400945.m1",42.6598356059176,15508.75511975,"CR",-99.4575199849095,42,-73.4272302769293,57
"241417_P2_ERIB_171103_RES.CDX-011.m1",74.8374596282996,15382.75417825,"PD",-10.4366265044506,34,35.9476217619923,13
"38807.CFI-400945-5DAILY.m1",72.5157551788272,40354.94218075,"PD",102.56013824235,15,47.6285824734907,15
"38807.CFI-400945-5DAILY.m2",29.9731123403834,13227.43292975,"PR",-85.2471086354618,55,-38.0716909324774,78
"38807.CFI-400945-5DAILY.m3",20.7574586719334,5945.81476825,"SD",-21.3908661548198,42,-3.60207841049895,13
"38807.CARBOPLATIN.m1",49.0741543025069,36932.455113,"CR",-96.3170029242997,41,-70.800321793499,76
"38807.CARBOPLATIN.m2",11.5383955099084,15559.045776,"CR",-96.3470184024017,26,-67.238494106576,55
"38807.ABT-263.m1",-48.4638927984397,1028.219151,"SD",-46.5119775227283,20,-43.3941346171172,34
"38807.ABT-263.m2",39.4112782350301,27205.248066,"SD",-46.5119775227283,34,-23.2559887613642,34
"REF006_P2_945_180720_RES.H2O.m1",88.6342513127591,14894.587415,"PD",220.023374971197,11,88.3217171375705,11
"REF006_P2_945_180720_RES.H2O.m2",82.7144434363358,23514.08489675,"SD",7.64918681250162,14,-4.76410318908809,14
"REF006_P2_945_180720_RES.CDX-011.m1",87.7073288045464,13580.32939285,"PD",320.262155097518,11,177.62688946734,11
"73009.H2O.m1",89.3118361458755,11628.372055,"PD",312.501960837128,10,162.218200033576,10
"73009.H2O.m2",-80.9193909109651,2886.91101075,"SD",-29.2061920725263,10,-22.5344486771893,10
"73009.H2O.m3",88.4883264218932,4517.4231635,"PD",65.4060372499029,10,36.1037820894035,10
"73009.H2O.m4",89.5769832340002,16516.84946975,"PD",214.728573561844,10,137.779031097805,10
"73009.CFI-400945.m1",82.2698271622187,7805.054883,"PR",-63.1269449114051,10,-45.2740099761603,10
"73009.CFI-400945.m2",85.6498970106007,7941.37640775,"PD",37.2471444407129,10,48.1353420120763,10
"73009.CFI-400945.m3",89.4569858726785,43187.4495655,"PD",313.201284855045,10,212.817144330506,10
"73009.CFI-400945.m4",85.1851136381386,7529.6404805,"SD",-1.79855237002911,20,24.6122509914592,10
"70620_P4_TAX_161114_RES.PACLITAXEL.m1",83.8351631320285,11217.5850635,"PD",47.5496753966235,14,25.6751627120592,14
"47904.CFI-400945.m1",-83.255973782204,40831.59478125,"CR",-99.6415876485484,78,-68.2867506189,124
"47904.CFI-400945.m2",-83.2512161846951,18928.68132325,"CR",-100,78,-85.3243467471579,180
"47904.CFI-400945.m3",-73.0123032001249,6264.71634275,"CR",-100,78,-86.9200642008157,180
"47904.CFI-400945.m4",-57.856454110336,2851.6938205,"CR",-100,85,-84.1982828135351,148
"47904.CFI-400945.m5",-71.1782560553465,7081.1083185,"CR",-99.8178588852971,64,-74.8968349377276,132
"47904.CFI-400945.m6",21.4176676507316,28397.2509965,"CR",-100,44,-81.5050344301664,175
"47904.CFI-400945.m7",-73.4966724403885,24025.6939395,"CR",-99.2866078603258,65,-76.558296323247,218
"47904.CFI-400945.m8",22.2590112626792,14760.63724375,"PR",-77.947915733473,41,-36.2542902023661,76
"47904.CFI-400945.m9",22.5129581937155,13573.323639,"CR",-99.5640091944357,42,-68.4380507313234,112
"47904.CFI-400945.m10",72.4262139714902,41753.84268825,"PD",61.566641072861,67,75.431855720141,12
"47904.CFI-400945.m11",-5.85592702732928,12009.1769875,"CR",-100,64,-73.0183262177064,149
"47904.CFI-400945.m12",35.465507303808,5053.867032,"PR",-93.8100668214119,34,-54.6946120209806,56
"47904.CFI-400945.m13",-36.0189641617623,17162.43685275,"CR",-99.7044932740349,48,-59.3808792576182,84
"73263.CFI-400945.m1",28.9542827790471,14835.86355025,"SD",-47.592415654602,10,-33.1988477207097,15
"73263.CFI-400945.m2",27.7094280753735,12267.95520875,"SD",-33.3428097450662,15,-25.7741198509714,15
"73263.CFI-400945.m3",54.0779097424345,14603.91750675,"PR",-51.3688510999381,10,-29.9457379872155,10
"73263.CFI-400945.m4",-3.03312788398106,7764.0842325,"PR",-61.6014672332429,17,-24.9568718141609,17
"73263.CFI-400945.m5",57.2174990097584,30881.1828395,"SD",-21.4699036397404,35,-15.138485401873,17
"73263.CFI-400945.m6",70.765367474165,5238.1431295,"SD",-23.956776693624,14,-8.45932862892396,14
"73263.CFI-400945.m7",68.4379389764713,4461.65667675,"SD",-6.12505294593452,11,-4.02694474976872,11
"73263.CFI-400945.m8",85.9205373887449,19068.444981,"PD",71.846504294055,11,40.8151330365167,11
"73263.CFI-400945.m9",28.9261799354965,4918.5177535,"SD",-14.9621313545206,21,-11.723563482414,21
"REF004.PACLITAXEL.m1",87.647776984134,8542.64330725,"PD",45.1218838341661,10,37.8028585329228,10
"REF004.PACLITAXEL.m2",85.7470603931846,3738.02463,"PD",58.6978714502729,14,80.5609623084496,14
"REF004.PACLITAXEL.m3",85.1057518668453,7159.376806,"PD",42.6649793015118,12,13.3583868682646,12
"REF004.PACLITAXEL.m4",57.2384941712149,4180.92414825,"SD",-15.709835529771,17,-18.7679892519084,11
"18674.H2O.m1",87.7520568089186,62271.18223725,"PD",63.779605724436,10,25.9796890290982,10
"18674.H2O.m2",87.3236594225022,65636.7704255,"PD",94.5299175880812,13,41.5349831992791,13
"18674.H2O.m3",84.1363122815289,57750.81785475,"PD",71.0467261951634,13,21.2929386402972,13
"18674.H2O.m4",37.0818577914575,31936.7472695,"SD",25.4853727010471,72,20.9401328044411,13
"18674.H2O.m5",88.2842046968745,62828.7712595,"SD",28.7064868981382,12,14.3532434490691,12
"18674.H2O.m6",60.5357698701683,131982.08668225,"SD",-40.1250996045941,19,-26.2395068137527,26
"18674.H2O.m7",87.5675805600297,33208.5789175,"PD",150.392338700553,14,69.2145882451751,14
"18674.H2O.m8",82.1081874887175,13889.04162625,"PD",142.664517136692,21,198.314691668939,21
"18674.H2O.m9",86.4099300594459,26389.87278375,"PD",172.58393370719,14,121.475114974183,14
"18674.H2O.m10",87.2706135903488,24513.2917225,"PD",117.115779901047,21,62.8053537776918,14
"18674.H2O.m11",85.8404140241064,31541.86167825,"PD",92.1468706496517,49,107.567001314802,14
"18674.CFI-400945.m1",-77.1940028593422,10183.552087,"SD",-10.0273768867369,10,-0.842408135081283,14
"18674.CFI-400945.m2",22.8125490947931,3269.9036675,"SD",-19.7493917915042,14,8.85881609612936,14
"18674.CFI-400945.m3",-34.7948534229834,57148.85528795,"PR",-90.1734417549754,78,-62.5035062362933,141
"18674.CFI-400945.m4",-83.75639562946,4575.67873925,NA,NA,NA,NA,NA
"18674.CFI-400945.m5",89.0041420532957,7850.2160715,NA,NA,NA,NA,NA
"18674.CFI-400945.m6",-64.0376231330052,10973.885489,"CR",-99.799969947885,54,-83.9931915786402,110
"18674.CFI-400945.m7",-58.7786291533578,8013.603145,"PR",-92.260530361088,83,-57.2402071301074,126
"18674.CFI-400945.m8",-55.6120600650845,5911.828335,"SD",-66.3283145088776,42,-13.0919214966778,49
"18674.CFI-400945.m9",-28.1571388122827,4483.179008,"SD",-62.8250956998208,35,2.12264695634653,49
"18674.CFI-400945.m10",-30.2809755870873,8492.748376,"SD",-76.2476457428956,56,-5.99600820833383,56
"18674.CFI-400945.m11",-57.4254480784488,2623.71754575,"PR",-68.096861915118,35,-44.1927629351336,49
"20710.H2O.m1",77.40851517547,21932.2997835,"SD",-6.52606366510498,15,2.37251180687158,15
"20710.H2O.m2",73.0494142683547,24704.07318675,"SD",-2.65861848316279,12,13.4288072650846,12
"20710.H2O.m3",79.4286400868715,10860.09972725,"PD",37.7552734134315,15,24.1031510328747,13
"20710.H2O.m4",65.704179796237,9785.95669125,"SD",-9.97437252693014,12,-5.8846728262504,12
"20710.CFI-400945.m1",-6.54470528685932,7737.745866,"SD",-36.2525426469457,40,-26.240117425814,12
"20710.CFI-400945.m2",-2.16695966822855,5607.81292925,"SD",-43.1424701280993,12,-17.7558574493216,19
"20710.CFI-400945.m3",43.4905669841851,17285.35483025,"SD",-27.7988044830252,50,8.64732249243318,12
"20710.CFI-402257-3ON4OFF.m1",66.078450402651,14808.045125,"SD",9.17350689203892,12,5.85434269901609,12
"20710.CFI-402257-3ON4OFF.m2",52.1046548711788,10583.1640855,"SD",-38.9642517742686,12,-19.1955369689832,12
"20710.PACLITAXEL.m1",58.3599726083779,3836.896393,"SD",-20.9736840266769,13,4.27875423623111,13
"20710.PACLITAXEL.m2",67.8757596779085,44962.67146225,"SD",-29.9620725521933,18,3.16929572732272,11
"20710.PACLITAXEL.m3",-58.691379019756,3765.117477,"SD",-33.6553602806266,26,-24.5312674922947,30
"44721.CARBOPLATIN.m1",-37.6890260890849,8138.185297,"SD",-42.5593023631544,58,-27.5819962304089,12
"REF004.CFI-402257.m1",87.0546692314284,10817.06622375,"PD",53.0517096982504,10,20.6285805469044,10
"18674_P3_945_160216_RES.CFI-400945.m1",-70.236353724896,2748.7018005,"PR",-90.5363315052972,19,-60.5962427775633,47
"18674_P3_945_160216_RES.CFI-400945.m2",-82.0363274665475,3976.7037735,"PR",-86.3775538885716,19,-24.1954230526521,22
"NOTCHB03.CX-5461.m1",-80.7400394351046,6832.10980125,"SD",-45.3486013473981,15,-2.93962806602012,15
"NOTCHB03.CX-5461.m2",-84.6706301480824,1520.05182125,"PR",-67.9482521890331,15,-47.7802245197568,15
"NOTCHB03.CX-5461.m3",-87.4034629636085,4572.7697045,"PR",-77.5283369973809,15,-38.1424775492272,15
"NOTCHB03.CX-5461.m4",-35.9439098000105,6402.0134325,"CR",-97.0348277860595,49,-76.9170725237897,192
"NOTCHB03.CX-5461.m5",-76.9365418546096,2442.80133925,"SD",-71.2182155279113,14,-10.3500400859075,14
"NOTCHB03.CX-5461.m6",-41.2638640886577,3542.113793,"CR",-99.6379066478076,52,-83.6820348611841,233
"NOTCHB03.CX-5461.m7",-13.4337872317632,13460.045992,"CR",-100,235,-61.3346951436654,127
"NOTCHB03.CX-5461.m8",66.4308218948826,11911.07120045,"SD",-11.43768741315,15,-7.89918686309701,19
"NOTCH06.CFI-402257-3ON4OFF.m1",87.3421749488104,16121.39694475,"PD",35.0990372474747,11,8.18468737361406,11
"NOTCH06.CFI-402257-3ON4OFF.m2",86.1513116433849,31572.92268575,"SD",20.5236612433582,11,4.29821332317274,11
"NOTCH06.CFI-402257-3ON4OFF.m3",81.8605038072229,15844.90414775,"PD",36.3906215381407,11,26.5533625318159,11
"REF001.CFI-400945.m1",73.7265911428922,16187.61392175,"SD",-23.6205557365999,25,3.19469205552121,25
"REF001.CFI-400945.m2",-27.0973995865189,9268.723137,"PR",-78.2949886861471,34,-66.3689034340826,73
"REF001.CFI-400945.m3",68.5753362772616,32913.53384225,"PR",-86.7232475959182,73,-23.1363038689989,79
"REF001.CFI-400945.m4",-1.49995822150865,15743.64259375,"CR",-99.6074545819456,101,-66.3797029810797,132
"REF001.CFI-400945.m5",-39.2608523535923,5546.28296325,"CR",-96.8167948957179,58,-79.428508116043,138
"REF001.CFI-400945.m6",83.3176815729787,7635.11319275,"PD",32.8955993801186,19,39.2993027351672,12
"REF001.CFI-400945.m7",78.264893432109,7166.15649075,"PD",37.3097505904751,10,18.6548752952376,10
"NOTCHB01.DIPYRIDAMOLE.m1",-1.38426393217306,3106.4796575,"SD",-29.2909021406728,11,-13.1217474312429,15
"NOTCHB01.DIPYRIDAMOLE.m2",82.2236712570459,9068.22446125,"SD",-23.8758407707755,10,-8.48288652210955,10
"NOTCHB01.DIPYRIDAMOLE.m3",38.7585242190584,3965.73150375,"SD",-22.8759575137051,24,-1.38716897968838,24
"NOTCHB01.DIPYRIDAMOLE.m4",-9.89840218634936,3554.45803725,"SD",-26.6847769776667,10,-16.9543443820119,10
"NOTCHB01.DIPYRIDAMOLE.m5",85.8293048822311,4203.59829525,"SD",8.29644067133189,10,-0.32426371337909,10
"NOTCHB01.DIPYRIDAMOLE.m6",68.2476549303145,3252.1114815,"SD",-0.22072721640466,11,5.76757044582433,11
"NOTCHB01.DIPYRIDAMOLE.m7",80.1569881179202,7310.66469525,"SD",8.24609019949342,11,9.23390653779657,11
"NOTCHB01.FLUVASTATIN.m1",84.48679924883,20184.06260375,"SD",24.9174504504599,11,15.6301477755264,11
"NOTCHB01.FLUVASTATIN.m2",85.4522319595525,13923.38696125,"SD",-11.6593950581029,10,-9.37832368504359,10
"NOTCHB01.FLUVASTATIN.m3",84.7429287679692,29838.36910025,"SD",15.5591222404792,10,-4.00680267068085,10
"NOTCHB01.FLUVASTATIN.m4",73.2849962926763,339.14179875,NA,NA,NA,NA,NA
"NOTCHB01.FLUVASTATIN.m5",86.2453645293182,4503.49616775,"PD",66.1269719796069,10,21.8491250858614,10
"NOTCHB01.FLUVASTATIN.m6",85.3938993361383,39563.798433,"PD",70.7724155735858,11,39.5017839954887,11
"NOTCHB01.FLUVASTATIN.m7",83.6066513340059,21998.49032875,"SD",11.3070962146553,11,3.50584677186315,11
"NOTCHB01.FLUVASTATIN.m8",NA,NA,NA,NA,NA,NA,NA
"NOTCHB01.FLUVASTATIN.m9",68.5174181661076,9311.592832,NA,NA,NA,NA,NA
"NOTCHB01.FLUVASTATIN.m10",NA,NA,NA,NA,NA,NA,NA
"NOTCHB01.FLUVASTATIN.m11",NA,NA,NA,NA,NA,NA,NA
"NOTCHB01.FLUVASTATIN.m12",NA,NA,NA,NA,NA,NA,NA
"NOTCHB01.FLUVASTATIN.m13",NA,NA,NA,NA,NA,NA,NA
"NOTCHB01.FLUVASTATIN.m14",NA,NA,NA,NA,NA,NA,NA
"NOTCHB01.FLUVASTATIN.m15",NA,NA,NA,NA,NA,NA,NA
"NOTCHB01.FLUVASTATIN+DIPYRIDAMOLE.m1",82.8168854226858,27243.09726675,"PD",47.6521406259873,15,37.9634581628704,11
"NOTCHB01.FLUVASTATIN+DIPYRIDAMOLE.m2",83.9663304714365,7810.31125575,"SD",15.3333195776918,15,6.88837008378754,11
"NOTCHB01.FLUVASTATIN+DIPYRIDAMOLE.m3",82.9697575917855,37656.72917775,"PD",35.0165438280142,24,12.782951979132,10
"NOTCHB01.FLUVASTATIN+DIPYRIDAMOLE.m4",81.2330853541378,12192.67060125,"SD",-11.533726453513,10,1.83282984669993,14
"NOTCHB01.FLUVASTATIN+DIPYRIDAMOLE.m5",82.9753814851949,20703.4936325,"PD",38.3906551544867,10,12.998358423576,10
"NOTCHB01.FLUVASTATIN+DIPYRIDAMOLE.m6",87.1650223681212,8672.4721665,"PD",57.1930594562152,13,21.1244713494733,10
"NOTCHB01.FLUVASTATIN+DIPYRIDAMOLE.m7",77.7989946427227,11442.4476645,"SD",-17.3553719008264,18,-2.01779833651136,18
"NOTCHB01.FLUVASTATIN+DIPYRIDAMOLE.m8",-50.2269365565873,1726.13721225,"SD",-31.8961491484738,11,-22.5627893885326,11
"NOTCHB01.FLUVASTATIN+DIPYRIDAMOLE.m9",82.9542862982259,9469.75312325,"SD",14.7915586792911,11,10.1024419302362,11
"66684_P2_945_160701_RES.H2O.m1",66.4418545423771,14440.22835025,"SD",-17.0950833592359,20,7.52103789543502,20
"66684_P2_945_160701_RES.H2O.m2",33.890381408888,14689.98365525,"PR",-53.0475088417224,15,-27.9319016287539,33
"66684_P2_945_160701_RES.H2O.m3",74.1157950892748,25475.682319,"SD",-10.821268005591,12,-12.0275913384693,12
"66684_P2_945_160701_RES.CFI-400945.m1",30.1071074037508,8369.8453925,"SD",-65.0956358985158,36,-15.8884699859409,50
"66684_P2_945_160701_RES.CFI-400945.m2",36.8985970197989,15183.01580925,"PR",-54.1910377497638,20,-31.7516539704304,23
"66684_P2_945_160701_RES.CFI-400945.m3",56.0264567504004,9521.53636875,"SD",-3.69276218611523,16,-7.98858347157277,12
"66684_P2_945_160701_RES.CFI-400945.m4",64.6600098876368,16599.95861925,"SD",-17.7129395944841,28,-8.87748932720268,12
"66684.CFI-400945.m1",-71.4305066476409,2148.694994,"SD",-44.3094969669477,13,-35.2323839452037,13
"66684.CFI-400945.m2",57.9984652030382,5956.114132,"SD",-21.0428750998643,13,-19.4465420831742,13
"66684.CFI-400945.m3",33.4121630362014,18979.658083,"PR",-93.2246751909287,45,-47.0661917843789,66
"66684.CFI-400945.m4",59.8538777614872,19669.40902525,"PR",-74.2293931190796,45,-24.6960683681637,59
"66684.CFI-400945.m5",28.4049254786102,10671.201291,"PR",-84.7054360449028,45,-40.5244023068508,70
"66684.CFI-400945.m6",-22.2398881104301,27563.41183125,"SD",-50.9669000023827,59,-17.2504686778637,70
"66684.CFI-400945.m7",83.4417431386625,93002.60462075,"PR",-86.0650328196347,28,-28.3903944360145,45
"66684.CFI-400945.m8",80.4289420709429,71988.10414675,"SD",-39.4314715810613,21,-28.7350361357584,21
"66684.CFI-400945.m9",79.7401956961595,64221.4854875,"SD",-43.9373253358087,21,-16.6969046281065,21
"66684.CFI-400945.m10",-69.5173606099113,5573.57981825,"PR",-82.1389404676597,38,-28.0364232918809,42
"66684.CFI-400945.m11",-50.1255904070765,2756.93272625,"PR",-83.3877918432729,38,-25.8295563676236,45
"66684.CFI-400945.m12",75.4615606130276,7606.11252225,"PD",90.2750559303515,14,33.7425670749384,14
"66684.CFI-402257-3ON4OFF.m1",73.934974821497,12391.43715,"PD",37.5581297070567,13,31.4490101378992,13
"66684.CFI-402257-3ON4OFF.m2",76.3948079848767,15603.2434465,"SD",9.23641541560793,13,-2.98586996000562,13
"66684.CFI-402257-3ON4OFF.m3",72.792189533473,8848.72395075,"SD",11.326034018582,16,-10.1445610277463,13
"18674.CFI-402257-3ON4OFF.m1",-55.0686785239158,3882.9866175,"PR",-52.8234067069294,37,-22.1169381941735,41
"18674.CFI-402257-3ON4OFF.m2",64.5453349273512,6846.87518675,"PD",5.5882578361478,20,47.8007174742989,20
"18674.CFI-402257-3ON4OFF.m3",35.1422033108938,10047.59195675,"SD",-23.7095288166493,20,8.5031033212891,30
"20710.CARBOPLATIN.m1",62.3705218281436,9551.88449225,"SD",-7.66045104506126,12,2.92223040528716,12
"20710.CARBOPLATIN.m2",56.345255035294,4049.46017425,"SD",8.91590062537129,16,8.73474818127597,12
"NOTCHB01.PACLITAXEL.m1",72.6045014071747,3621.62679675,"SD",-5.32026001708801,13,-11.0040223767168,13
"NOTCHB01.PACLITAXEL.m2",74.1525488417436,44523.67979275,"PR",-71.317080002601,25,-40.918293893318,35
"NOTCHB01.PACLITAXEL.m3",59.7084227381415,4380.3041675,"SD",26.5739307757255,12,-4.41525263678163,12
"NOTCHB01.PACLITAXEL.m4",64.4929317541428,4594.7656965,"SD",11.6394999192072,15,-3.3811991890736,12
"17518.PACLITAXEL.m1",87.0807504571348,2448.82449975,NA,NA,NA,NA,NA
"17518.PACLITAXEL.m2",NA,NA,NA,NA,NA,NA,NA
"17518.PACLITAXEL.m3",8.8520552595771,3304.4087335,"SD",-31.7821603696284,15,-25.6435341187577,19
"65465.CX-5461.m1",86.8687077282693,19430.59574925,"PD",80.7316235255137,10,31.6871456533107,10
"65465.CX-5461.m2",77.8664450870892,4896.19359125,"PD",60.2674811289354,16,25.715762689475,13
"65465.CX-5461.m3",86.3171264060106,21857.5219965,"SD",31.7792855329194,12,23.4685891902486,12
"71335.BMN-673.m1",25.3553147891358,6881.27133475,"SD",-0.761514466849664,41,2.53066714837269,14
"71335.BMN-673.m2",41.8580457871539,6282.743905,"SD",-6.14550858553314,13,-10.0627122345879,13
"71335.BMN-673.m3",51.734658253,25718.26506375,"SD",-43.0347766693664,12,-25.8453241929872,12
"71335.H2O.m1",86.9619379730596,27763.6035105,"PD",119.139581973924,17,45.8955428433849,14
"71335.H2O.m2",85.9472954622588,51733.19312625,"SD",28.1929357748648,13,10.0063773603379,13
"71335.H2O.m3",87.1195647837322,36000.55264125,"PD",61.7228808825814,13,8.05200944730675,13
"71335.H2O.m4",86.4758810785618,9052.69459,"PD",156.842888982985,13,68.596684808747,13
"71335.H2O.m5",87.173183353192,46030.76255,"PD",130.07008735769,10,62.9199765403523,10
"71335.H2O.m6",83.5688092433154,15898.92396575,"PD",58.2616341187877,20,17.7737297281398,13
"71335.H2O.m7",85.9472954622588,51733.19312625,"SD",28.1929357748648,13,10.0063773603379,13
"71335.H2O.m8",87.7107986282609,15374.54691525,"PD",79.565017171253,13,23.5615219352644,13
"71335.H2O.m9",88.8650848986809,14933.247114,"PD",447.107808540515,13,198.369693233009,13
"71335.H2O.m10",80.8432359144703,15149.46768725,"SD",10.9602474058527,12,14.8094041258174,12
"71335.CX-5461.m1",79.0963028780712,10460.667279,"SD",31.2039038956749,14,3.23072571873105,14
"53522.H2O.m1",89.3913173386544,15810.06730075,"PD",635.359709426032,13,237.323616564639,13
"53522.H2O.m2",89.7090243719346,11374.98562475,NA,NA,NA,NA,NA
"53522.H2O.m3",88.8544737441251,21126.48776125,"PD",84.608475424802,13,44.7678486342334,13
"53522.H2O.m4",89.7939628037707,14518.2911055,NA,NA,NA,NA,NA
"53522.CFI-400945.m1",85.8980355635482,6061.1856785,"PD",75.4041444654217,13,44.53575968006,13
"53522.CFI-400945.m2",88.0792286316706,16642.33122,"PD",43.628565054255,13,38.0206303923536,13
"53522.CFI-400945.m3",89.5696941263562,12791.9648565,NA,NA,NA,NA,NA
"53522.CFI-400945.m4",-58.7336170239928,7617.0482665,"SD",-47.2085907634609,23,-8.54253793476268,34
"53522.CFI-400945.m5",79.4734026560461,18904.8190315,"SD",11.2612920957285,34,12.9329959679266,13
"53522.CFI-400945.m6",86.1559501969622,33468.4960205,"PD",58.1487440489373,26,33.4817815253645,12
"53522.CFI-400945.m7",-69.0068615419604,57475.094659,"SD",-18.2608250086063,33,-1.74272598096042,36
"53522.CFI-400945.m8",-86.1402063003088,34482.48908,"PR",-53.9306624961871,36,-26.9087476171115,41
"48342.H2O.m1",89.2201378733669,13938.90378325,NA,NA,NA,NA,NA
"48342.H2O.m2",89.2474636752494,23769.3168445,"PD",227.852063901445,12,117.82599521088,12
"48342.H2O.m3",89.4648779601805,28762.917502,"PD",227.75908139093,12,130.483282354643,12
"48342.H2O.m4",88.642062079426,12533.1592755,"PD",72.1879315009122,10,21.7653857558522,10
"48342.H2O.m5",85.1217787147529,10526.5026205,"PD",174.36966580404,10,69.3011715842149,10
"48342.H2O.m6",88.4338071122835,5313.7324905,"PD",281.338494051154,11,100.294678536797,11
"48342.H2O.m7",88.4003952153828,13982.1603665,"PD",247.722577219765,11,100.261852675183,11
"48342.H2O.m8",88.8031015570112,11299.49323925,"PD",199.27912053548,11,111.087768312828,11
"48342.H2O.m9",88.6649237581593,10139.304558,"PD",207.444940325519,11,86.7559970109988,11
"48342.H2O.m10",88.4477961377211,17663.7701675,"PD",200.920661767841,13,84.9716079916623,13
"48342.H2O.m11",87.6427512087117,15489.18962975,"PD",139.866406603708,13,63.8933907685716,13
"48342.H2O.m12",88.1278261938013,10268.9621465,"PD",194.885623739009,13,61.6110709578648,13
"48342.H2O.m13",88.9955248025535,15599.0361225,"PD",186.282667241805,11,76.3370499755472,11
"48342.H2O.m14",89.0864408345186,28271.1304665,"PD",214.849612742306,11,78.8628147690901,11
"48342.CFI-400945.m1",87.1582881144369,13605.641224,"PD",72.3179067892098,12,56.8237160704327,12
"48342.CFI-400945.m2",87.995584385578,18034.85476875,"PD",40.9254941222295,12,43.9503864658735,12
"48342.CFI-400945.m3",88.3005429222534,6829.21753,NA,NA,NA,NA,NA
"48342.CFI-400945.m4",41.1318649625956,11398.08830975,"SD",-26.1403624853244,32,13.2920882070014,35
"48342.CFI-400945.m5",87.9489635689354,33119.689805,"PD",62.9885481350085,11,35.171874453068,11
"48342.CFI-400945.m6",83.6724690582169,14009.2869415,"PD",37.1667123429776,14,24.8558765501714,11
"47904.CFI-402257.m1",81.3500077315012,29795.882443,"PD",102.209061137442,26,50.7613425011196,12
"47904.CFI-402257.m2",-14.4968358298074,5649.580033,"PR",-52.3011194984007,38,-37.259544237736,29
"47904.CFI-402257.m3",-31.8769877299794,2074.63873225,"SD",-38.270092599069,14,-20.8330839608931,14
"47904.CFI-402257.m4",72.8576075009852,10177.465019,"SD",12.7755810022121,21,5.46785560788748,12
"47904.CFI-402257.m5",86.6796356786242,8745.346194,"PD",60.7291491290449,13,64.8945705681401,13
"47904.CFI-402257.m6",84.0950157801136,12595.85625075,"PD",82.910004970642,20,40.4036462418874,13
"73471.CFI-402257-3ON4OFF.m1",80.0782156969227,11803.21527225,"PD",33.4801061555339,12,39.1300275929171,16
"73471.CFI-402257-3ON4OFF.m2",73.9883310138359,9910.32525,"SD",16.1649058438052,12,12.2714624315881,12
"73471.CFI-402257-3ON4OFF.m3",81.0493334141524,12180.590841,"SD",22.9626323300326,12,29.5820645571945,12
"47904_P1_945_160914_RES.H2O.m1",76.1333460390308,45963.681471,"PD",27.1772350517291,23,34.5606515692589,12
"47904_P1_945_160914_RES.H2O.m2",85.1420060564066,65444.4413925,"SD",19.8763409449179,12,5.12900072605491,12
"47904_P1_945_160914_RES.H2O.m3",76.1333460390308,45963.681471,"PD",27.1772350517291,23,34.5606515692589,12
"47904_P1_945_160914_RES.H2O.m4",85.1420060564066,65444.4413925,"SD",19.8763409449179,12,5.12900072605491,12
"47904_P1_945_160914_RES.CFI-400945.m1",-40.3058405801178,5482.62767375,"SD",-87.0874855137728,36,-13.7784039550235,64
"47904_P1_945_160914_RES.CFI-400945.m2",-35.7770408468147,23847.98074975,"PR",-80.8805721342768,52,-40.9596753047901,79
"47904_P1_945_160914_RES.CFI-400945.m3",-9.57149929039525,18102.446321,"PR",-62.3156620936666,59,-31.319814235712,75
"47904_P1_945_160914_RES.CFI-400945.m4",52.5679035901131,4558.201403,"SD",-1.16832536026678,17,19.2160393601871,17
"47904_P1_945_160914_RES.CFI-400945.m5",-40.3058405801178,5482.62767375,"SD",-87.0874855137728,36,-13.7784039550235,64
"47904_P1_945_160914_RES.CFI-400945.m6",-9.57149929039525,18102.446321,"PR",-62.3156620936666,59,-31.319814235712,75
"47904_P1_945_160914_RES.CFI-400945.m7",-35.7770408468147,23847.98074975,"PR",-80.8805721342768,52,-40.9596753047901,79
"REF001.PACLITAXEL.m1",76.5193003138599,12800.57439625,"PR",-90.0150835845489,18,-58.1959583878781,29
"REF001.PACLITAXEL.m2",65.0536765378948,14887.76108225,"SD",-0.91652333453819,47,9.74865189618475,12
"REF001.PACLITAXEL.m3",81.380281235043,10920.0293575,"SD",12.0812399945665,14,5.90157616190092,14
"REF001.CARBOPLATIN.m1",65.6522771384336,11884.3863945,"SD",12.6882033184085,24,10.4333252618355,12
"REF001.CARBOPLATIN.m2",81.1769726093277,24163.8802675,"SD",-9.55776176681441,11,-12.7279247829233,11
"REF001.CARBOPLATIN.m3",70.0707437040784,44517.4531615,"PR",-53.708938503181,30,-30.2674364052304,55
"67990.PACLITAXEL.m1",-72.3108959056149,4779.29892375,"CR",-99.7603651421768,35,-61.2372396645372,92
"67990.PACLITAXEL.m2",-58.614286595025,1992.4784675,"CR",-99.5814772161763,30,-72.6894470076753,108
"67990.CARBOPLATIN.m1",84.9128114657663,11146.81677175,"PD",49.9029930007633,12,28.2037319994687,12
"67990.CARBOPLATIN.m2",84.2247206291921,10352.92028125,"PD",57.6381345070983,12,34.1585536890234,12
"67990.CARBOPLATIN.m3",64.6271810328246,2144.46666575,"SD",10.8201979727149,16,21.0375751248436,16
"REF004.ABT-263.m1",87.0402236505926,3981.14988675,"PD",141.872468723151,12,49.1035083892579,12
"REF004.ABT-263.m2",87.9259369782778,5152.202584,"PD",268.968505830809,15,141.381504022494,12
"REF004.CX-5461.m1",85.487890372959,8101.97698425,"PD",141.416565380564,12,45.7938010967732,12
"REF004.CX-5461.m2",86.211044976576,9939.8864675,"PD",108.559489644807,12,46.6780580883376,12
"REF004.CX-5461.m3",87.4715820808235,7911.12866275,"PD",131.068273375758,13,42.0295050825892,13
"NOTCHB03.H2O.m1",87.6727307823995,71948.9063165,"PD",-22.5410974262721,10,32.2862879917087,21
"NOTCHB03.H2O.m2",87.8907667988556,61806.26680625,"PD",59.4338418636071,10,44.8761876628775,10
"NOTCHB03.H2O.m3",86.771623892691,54488.07339675,"PD",48.2370779591995,10,37.7669194315526,10
"NOTCHB03.H2O.m4",84.1520588049282,70280.87965625,"SD",9.51334034520779,14,10.8568984396039,14
"NOTCHB03.H2O.m5",85.0482668777039,47619.90679,"SD",-31.0599513437058,10,-4.97988949816124,14
"NOTCHB03.H2O.m6",87.114632496068,10753.76184475,"SD",32.1445457071284,14,18.6145699533123,11
"NOTCHB03.H2O.m7",74.2914804616868,14012.342494,"SD",6.24,11,4.62938367373918,11
"NOTCHB03.H2O.m8",84.5213592841201,3506.04684175,"PD",52.674365492865,11,25.7703498996306,11
"NOTCHB03.H2O.m9",78.0895844948042,956.5879095,NA,NA,NA,NA,NA
"NOTCHB03.H2O.m10",77.5892881329448,9258.079977,"SD",4.62036075907624,11,-4.65574273936868,11
"NOTCHB03.H2O.m11",77.8181065008249,17584.615282,"SD",-1.77250458373409,14,-1.07404644449213,14
"NOTCHB03.H2O.m12",77.7310180239467,9277.2812685,"SD",29.2409635061059,11,3.8352857803522,11
"NOTCHB03.H2O.m13",86.635812301862,15354.34352975,"PD",107.606922401597,14,96.6109521616062,10
"NOTCHB03.H2O.m14",89.2530423230384,53032.28273325,"PD",197.542456431719,10,140.189999098086,10
"NOTCHB03.H2O.m15",87.884246994168,25209.13490075,"PD",109.879460386069,10,66.1079512957502,10
"NOTCHB03.H2O.m16",88.1116952411431,30194.781854,"PD",177.145715921903,10,95.7666584736774,10
"NOTCHB03.H2O.m17",86.6767775320335,14749.75825925,"PD",298.103295445955,10,183.184819259568,10
"NOTCHB03.H2O.m18",84.7698676416847,58468.291329,"PD",52.8921707696532,19,32.5213899391035,19
"NOTCHB03.H2O.m19",85.8268839816155,54229.04019925,"PD",53.9607582152938,19,24.3339736673256,19
"NOTCHB03.H2O.m20",84.2890818671633,86990.50955375,"PD",61.8207681365576,19,52.4104301792319,19
"NOTCHB03.H2O.m21",13.2214586650238,6430.671929,"SD",-20.9567254485535,46,-16.626651494476,21
"NOTCHB03.H2O.m22",74.3462810414252,13724.281129,"SD",7.63232985260533,18,13.7820970770417,11
"NOTCHB03.H2O.m23",80.2659694908288,18328.60091225,"SD",4.77557642358554,14,5.68836777947985,14
"NOTCHB03.H2O.m24",63.1484151783452,7170.8693755,"SD",5.74166125780721,14,-5.14646963982901,11
"NOTCHB03.H2O.m25",77.1487579108955,12370.33729375,"PD",49.7979007857008,21,44.2512438734911,11
"NOTCHB03.H2O.m26",25.7743557223526,8585.21482475,"SD",-12.3179845746506,12,-8.57848436448784,12
"NOTCHB03.FROST.m1",71.2493353675128,16264.2039375,"SD",-69.5290708375782,17,-0.296130190938347,28
"NOTCHB03.FROST.m2",69.7813046795021,24478.2246385,"SD",-66.6255555555556,21,-16.8461281529353,28
"NOTCHB03.FROST.m3",-73.2644286376098,5034.0560955,"SD",-32.6699276992552,21,-15.2612555777904,25
"NOTCHB03.FROST.m4",-21.3037251626224,4899.41575375,"SD",-52.9678054424146,25,-16.0970454598045,39
"NOTCHB03.FROST.m5",-71.6764363092044,4949.24899075,"PR",-81.1310937278078,28,-41.758242573394,42
"NOTCHB03.FROST.m6",55.2862815456891,7874.796494,"PD",-2.72488218224178,35,46.6185933113577,39
"NOTCHB03.FROST.m7",-69.13841992774,7156.39801325,"PR",-66.9415486293577,46,-37.379907901236,53
"NOTCHB03.FROST.m8",-61.679894810817,2295.82781075,"SD",-29.2771055108088,18,-11.6919250340208,18
"NOTCHB03.FROST.m9",-55.67267532946,1823.59128975,"SD",-33.9224812542604,14,-0.0824253365712373,14
"NOTCHB03.FROST.m10",12.0744532949791,4922.00255575,"SD",-9.44673956377803,18,-0.979621958204648,11
"REF001_P1_CARBO_161109_RES.H2O.m1",84.1135655331323,13399.12347475,"PD",48.0429838039344,13,35.6731809862052,13
"REF001_P1_CARBO_161109_RES.H2O.m2",78.9421427553796,9017.89306325,"SD",4.09513093160401,13,-2.29693651036939,13
"REF001_P1_CARBO_161109_RES.CARBOPLATIN.m1",83.4094113397578,11350.93173075,"PD",59.4511826151997,13,47.0862456141829,13
"REF001_P1_CARBO_161109_RES.CARBOPLATIN.m2",70.4161905842048,5390.65807075,"PD",14.5730895950685,25,34.0978926795857,13
"NOTCH01_P1_945_150629_RES.CFI-400945.m1",89.5312470501813,15970.14,NA,NA,NA,NA,NA
"NOTCH01_P1_945_150629_RES.CFI-400945.m2",84.3862689790814,52197.94676975,"SD",5.08851253852334,19,14.6827662651798,19
"NOTCH01_P1_945_150629_RES.CFI-400945.m3",85.9993457266337,52403.5743345,"PD",38.9711625259601,12,19.48558126298,12
"NOTCH01_P1_945_150629_RES.CFI-400945.m4",60.64965100823,66074.80175175,"SD",-37.9122456822154,128,20.1522571212769,12
"NOTCH01_P1_945_150629_RES.CFI-400945.m5",NA,NA,NA,NA,NA,NA,NA
"NOTCH01_P1_945_150629_RES.CFI-400945.m6",-35.3145193453921,877.385542,"CR",-100,40,-92.8105841462125,154
"NOTCH01_P1_945_150629_RES.CFI-400945.m7",87.4982408262272,25124.91227,"SD",8.55770285429861,12,4.2788514271493,12
"NOTCH01_P1_945_150629_RES.CFI-400945.m8",88.2868097319135,35424.44760125,"SD",7.5542041184124,19,6.08167967084423,12
"NOTCH01_P1_945_150629_RES.CFI-400945.m9",89.3168613739745,29635.855,"PD",76.4964768915603,12,38.2482384457802,12
"71335.CFI-400945.m1",73.728238982176,7951.75171975,"PD",6.31098218603226,24,33.9019067299442,10
"71335.CFI-400945.m2",-30.2674114743424,7632.87685775,"PR",-71.1462331984516,62,-51.2751881047553,113
"71335.CFI-400945.m3",74.6628886600432,6439.972638,"PD",17.6945868654224,27,39.5215299313871,13
"71335.CFI-400945.m4",-30.2674114743424,7632.87685775,"PR",-71.1462331984516,62,-51.2751881047553,113
"71335.CFI-400945.m5",73.4440730735914,9028.414482,"SD",0.161816323711372,19,10.4565315313583,19
"71335.CFI-402257.m1",69.2136889374386,4721.3615125,"SD",-11.069352647505,13,-5.71918994562886,13
"71335.CFI-402257.m2",69.2136889374386,4721.3615125,"SD",-11.069352647505,13,-5.71918994562886,13
"71335.ERIBULIN.m1",82.8465855156744,9858.8748735,"SD",-0.288543059777092,13,-8.0242272398321,13
"71335.ERIBULIN.m2",-41.0473709334071,61010.73296575,"PR",-88.0781419402344,57,-45.972672343044,190
"71335.ERIBULIN.m3",82.8465855156744,9858.8748735,"SD",-0.288543059777092,13,-8.0242272398321,13
"REF007.CFI-400945.m1",82.5601035897594,11207.24549475,"PD",96.3431989932871,26,58.1082380677261,14
"REF007.CFI-400945.m2",62.3557450690424,7389.22214525,"SD",-13.8691518757201,13,-3.05440758208526,13
"66280.CFI-400945.m1",88.8489621232694,23625.569747,"PD",62.1486966496299,13,26.891892263669,13
"66280.CFI-400945.m2",88.1786925123493,13692.6305635,"PD",128.53719826058,19,71.6863298518193,13
"66280.CFI-400945.m3",87.9888925096139,25339.197064,"PD",42.1591435310189,19,25.3728732003629,13
"66280.CFI-400945.m4",87.9882804180956,18882.686545,"PD",51.7358920213001,13,42.0417456272361,13
"66280.CFI-400945.m5",86.5616104318939,5547.67898575,"PD",88.4863984947388,13,28.7518835119535,13
"NOTCH18.H2O.m1",87.4428565153617,12027.58048475,"PD",75.549282727945,12,15.0030974841389,12
"NOTCH18.H2O.m2",71.2166062679891,20990.13527075,"SD",-29.8856666464862,14,-18.5526098537593,14
"NOTCH18.H2O.m3",88.5987045251458,131869.619367,"SD",18.2536911451381,11,12.564335466543,11
"NOTCH18.H2O.m4",85.2745774428631,56641.37418125,"SD",-12.9220722520027,13,-6.47511346499603,13
"NOTCH18.H2O.m5",80.1265271892991,37332.912163,"SD",-32.8921670630202,13,-16.1940029518607,20
"NOTCH18.H2O.m6",83.2167949283699,75304.03114025,"SD",-20.7014294055195,44,18.5214893302551,13
"NOTCH18.H2O.m7",84.8176645061486,30451.509938,"PD",167.716845248608,20,75.5966148647011,12
"NOTCH18.CFI-402257.m1",75.1036700196802,3969.57570825,"SD",12.331523868262,12,1.22683212038978,12
"NOTCH18.CFI-402257.m2",4.82212584844354,2770.49481575,"PR",-55.3808277702118,20,-39.2818987087999,23
"NOTCH18.CFI-402257.m3",82.1109979348251,8673.03927775,"SD",31.241384906475,13,13.6854741229243,13
"NOTCH18.CX-5461.m1",70.0475448099601,4673.858105,"SD",21.2019840475142,16,6.89060246101492,12
"NOTCH18.CX-5461.m2",49.7275309003362,4758.84281425,"SD",-27.5766817948755,13,-22.2263010153335,13
"NOTCH18.CX-5461.m3",86.5163944266185,12937.99955075,"PD",90.730745133747,13,43.0061419389205,13
"NOTCH18.CX-5461.m4",71.2660508264581,10041.73673975,"SD",-39.9521472158738,13,-22.8833030378456,13
"NOTCH02_P4_945_160907_RES.H2O.m1",86.4976916164642,28546.0428625,"PD",58.7576400172925,13,46.9998355532863,13
"NOTCH02_P4_945_160907_RES.H2O.m2",85.3832246987625,45074.63418825,"SD",9.12426260442492,13,5.51791051626434,13
"NOTCH02_P4_945_160907_RES.H2O.m3",86.0770414532528,43071.1262825,"PD",75.7670649034808,13,25.5263991488068,13
"NOTCH02_P4_945_160907_RES.H2O.m4",86.0770414532528,43071.1262825,"PD",75.7670649034808,13,25.5263991488068,13
"NOTCH02_P4_945_160907_RES.H2O.m5",79.3263611140044,11844.41439375,"SD",-5.53186506769489,13,7.0281563752792,13
"NOTCH02_P4_945_160907_RES.CFI-400945.m1",-17.8286112692235,10459.3478655,"SD",-87.7494905852521,49,-17.8944458117122,69
"NOTCH02_P4_945_160907_RES.CFI-400945.m2",17.1666254189556,16951.69101575,"SD",-43.1875168669614,42,-8.51954892506572,69
"NOTCH02_P4_945_160907_RES.CFI-400945.m3",19.6776585536032,16145.2586565,"PR",-85.1667756276873,97,-22.1412756229049,106
"NOTCH02_P4_945_160907_RES.CFI-400945.m4",-32.3713524481592,18013.48806225,"PR",-93.0783019856552,49,-46.0917129301623,135
"NOTCH02_P4_945_160907_RES.CFI-400945.m5",-32.3713524481592,18013.48806225,"PR",-93.0783019856552,49,-46.0917129301623,135
"NOTCH02_P4_945_160907_RES.CFI-400945.m6",19.6776585536032,16145.2586565,"PR",-85.1667756276873,97,-22.1412756229049,106
"NOTCH02_P4_945_160907_RES.CFI-400945.m7",-43.6870508126074,12309.34761225,"PR",-79.8275456697362,100,-26.2892535482601,112
"NOTCH02_P4_945_160907_RES.CFI-400945.m8",-23.0953626871701,10390.69692625,"SD",-86.6491262557764,69,-13.7301027123466,117
"66292.H2O.m1",88.541102269001,19149.10919675,"PD",120.610622262519,13,52.221870642496,13
"66292.H2O.m2",87.8397453084201,15827.68466525,"SD",28.7166277014947,14,-10.6926787564558,14
"66292.H2O.m3",87.809697850532,15224.1298655,"PD",151.696533330071,14,40.8191809032096,14
"66292.H2O.m4",88.1724223356724,12100.75663375,"PD",208.29738147046,14,86.3754694345797,14
"66292.H2O.m5",88.0867693567222,19717.33844375,"SD",28.7166277014947,14,-10.6926787564558,14
"66292.H2O.m6",88.3887152753566,47857.6111625,"PD",151.696533330071,14,40.8191809032096,14
"66292.H2O.m7",85.4755328609677,8883.78265675,"SD",-19.7541926633922,10,-7.23963464761098,10
"66292.H2O.m8",88.1965736669972,23659.7813345,"PD",171.278581630969,11,72.3254043197667,11
"66292.H2O.m9",88.6776407854895,16040.163854,"PD",-15.2007377346748,11,34.2247516177238,17
"66292.CFI-400945.m1",85.983961307194,10749.543872,"PD",9.65134760410375,13,31.866060710108,13
"66292.CFI-400945.m2",83.6397702866445,10035.769952,"PD",48.1704941088057,27,51.8085786282699,13
"66292.CFI-400945.m3",81.911314029901,5618.5039355,"SD",-17.5069140007224,14,0.151884819762282,14
"66292.CFI-400945.m4",81.9758176366542,6129.50708775,"SD",-41.2739631484933,14,-32.7561758146051,14
"66292.CFI-400945.m5",87.1594951291814,23983.62423225,"SD",-17.5069140007224,14,0.151884819762282,14
"66292.CFI-400945.m6",81.9758176366542,6129.50708775,"SD",-41.2739631484933,14,-32.7561758146051,14
"REF001.H2O.m1",85.7503930965842,36272.49590275,"PD",54.4649921560839,10,28.6552305938158,10
"REF001.H2O.m2",85.939365019261,11814.25271375,"SD",8.55873706665108,11,8.87188249184819,11
"REF001.H2O.m3",71.3975784104382,8012.7026645,"SD",20.4376342682457,16,1.06282267028648,12
"REF001.H2O.m4",85.3573115166018,11881.33737075,"PD",35.4786789470282,13,7.01324616398853,13
"REF001.H2O.m5",79.4308037099001,6086.383864,"SD",-21.8467324276508,13,-20.4450670103194,13
"REF001.H2O.m6",86.5882538403338,100565.08536025,"PD",48.2799569455242,13,42.258108982281,10
"REF001.H2O.m7",83.9400763910118,43614.69798125,"SD",-16.8490048891051,13,-16.6734970991445,13
"REF001.H2O.m8",86.457893666441,31044.7823715,"SD",19.9956344029803,12,14.0359052516251,12
"REF001.H2O.m9",84.5930872753172,42582.35562125,"SD",14.7482469438917,13,2.68336888297726,13
"REF001.H2O.m10",71.3975784104382,8012.7026645,"SD",20.4376342682457,16,1.06282267028648,12
"REF001.H2O.m11",82.6413958356474,26707.8446495,"SD",14.4793419564283,19,15.5073128659495,12
"REF001.H2O.m12",88.3503401961451,51425.36775225,"PD",56.8499937995186,13,28.4249968997593,13
"REF001.H2O.m13",87.6915454280988,35591.1017555,"PD",56.8947892041876,10,28.4473946020938,10
"REF001.H2O.m14",88.9705982909781,15623.905266,"PD",279.459704969578,14,165.620721097407,14
"REF001.H2O.m15",88.1801957733018,25649.17823075,"PD",90.6618501096906,14,54.8816672427146,14
"REF001.H2O.m16",85.4793359952653,32050.31507275,"PD",56.644336777708,16,30.1165576335309,16
"REF001.H2O.m17",87.3472200828882,28646.05178975,"PD",75.5402864228439,15,36.4500491922026,11
"REF001.CFI-402257.m1",70.4873499054444,6818.55623675,"SD",-4.64049647778312,10,6.33202185361955,10
"REF001.CFI-402257.m2",46.4252230744929,5432.70699,"SD",-23.4499941274696,17,-13.1914874689972,20
"REF001.CFI-402257.m3",63.144381999961,7536.10391125,"PR",-71.9201998404278,16,-35.3566740822201,16
"REF001.CFI-402257.m4",34.4276878032906,4658.76763525,"SD",-47.7719000031462,16,-32.1997505128446,20
"REF001.CFI-402257.m5",66.1004311093488,7268.42378775,"SD",5.96699413004885,26,18.949950005807,29
"REF001.CFI-402257.m6",63.144381999961,7536.10391125,"PR",-71.9201998404278,16,-35.3566740822201,16
"REF001.CFI-402257.m7",84.1220306575658,4748.23537125,"PD",102.097066092707,16,107.98341063255,16
"REF001_P1_CARBO_161109_RES.CX-5461.m1",78.727970596235,5507.99022325,"SD",4.13930474755703,13,-10.0633730708913,10
"NOTCHB01.CX-5461.m1",-17.4941005696044,9832.2667545,"SD",-21.7455291045597,18,-10.3581429540507,25
"NOTCHB01.CX-5461.m2",79.7096576675016,12294.2637,"SD",16.6840738992692,21,24.1189446425846,11
"NOTCHB01.CX-5461.m3",43.2147433412257,7918.908287,"SD",-15.9448532283655,25,-7.84280610042364,28
"NOTCHB01.CX-5461.m4",85.7250610549487,15918.16722025,"PD",154.76979647508,13,70.4645510893178,13
"NOTCHB01.CARBOPLATIN.m1",-19.2924270563661,17443.6932485,"PR",-81.9663848341354,42,-40.523588347376,77
"NOTCHB01.CARBOPLATIN.m2",5.80607188721358,9628.31330975,"PR",-87.8585005369578,32,-51.6271854783349,98
"NOTCHB01.CARBOPLATIN.m3",77.0944935727677,6169.623008,"PD",42.3224884393576,14,24.2238273885029,14
"44441.CFI-402257-3ON4OFF+PACLITAXEL.m1",-75.2376639587911,1135.83561225,"CR",-99.5885202820657,31,-68.3109118259474,45
"44441.CFI-402257-3ON4OFF+PACLITAXEL.m2",-82.527494605694,2376.00516725,"CR",-99.7933592199678,29,-71.8329417445466,43
"44441.PACLITAXEL.m1",-65.0479544196195,577.81510375,"CR",-99.3529566400457,31,-76.0202410929284,52
"44441.PACLITAXEL.m2",86.1341130660485,8380.76068225,"SD",-27.8178406200602,14,-17.326057465671,16
"44441.PACLITAXEL.m3",69.8781486570402,10248.50474325,"SD",-14.8351037136858,17,-12.1381273786187,17
"71335_P2_TAX_161222_RES.PACLITAXEL.m1",89.5881975465391,17050.26564775,"PD",5857.36762190687,14,2032.02655220008,14
"71335_P2_TAX_161222_RES.PACLITAXEL.m2",89.828964724165,4543.002468,NA,NA,NA,NA,NA
"71335_P2_TAX_161222_RES.PACLITAXEL.m3",89.7900959103797,6759.07386,NA,NA,NA,NA,NA
"44441.CFI-400945.m1",81.216046460415,4345.86448,NA,NA,NA,NA,NA
"44441.CFI-400945.m2",-48.2702827024433,4348.7999745,"CR",-99.621054317608,85,-74.9606322029089,175
"44441.CFI-400945.m3",84.7277051093018,5976.2068115,"SD",-17.3731213070774,13,-3.90702618161802,13
"44441.H2O.m1",36.9039946328491,11927.109131,"SD",-23.7838840455068,15,-13.9688165908037,15
"44441.H2O.m2",63.9046694054916,20088.421584,"SD",-9.11568434182773,15,-1.33132780024738,15
"44441.H2O.m3",65.229815131869,76847.94776225,"SD",-47.7948815831998,48,-20.3662775800046,51
"44441.H2O.m4",75.387342814917,103808.01983865,"SD",-13.8999404280806,22,4.32455945396826,12
"44441.H2O.m5",28.4687349601541,4386.26690975,"SD",-15.3400203106894,19,-8.01516287984836,12
"44441.H2O.m6",79.3964611385981,112078.97732925,"SD",-29.0518042071197,12,-19.9735352990531,19
"44441.H2O.m7",88.7990926221432,24810.771971,"PD",168.49117539074,12,82.0960584039057,12
"44441.H2O.m8",52.8086949013841,2996.22833175,"SD",3.86468776825049,19,22.169189196476,22
"44441.H2O.m9",75.3071371818462,24339.317681,"SD",17.5545963038926,11,8.60763822875845,11
"44441.H2O.m10",87.360580815267,12176.75746325,"PD",60.4363966346809,14,24.0826904220602,14
"44441.CFI-402257-3ON4OFF.m1",62.950740020631,14999.06416925,"SD",-12.1676614215952,37,6.5123026420968,22
"44441.CFI-402257-3ON4OFF.m2",56.2492141395987,36079.698039,"SD",-44.906882018094,44,-18.9514600836885,58
"44441.CFI-402257-3ON4OFF.m3",49.4086875385812,32447.5044355,"SD",-43.948887038233,41,-27.6218922859339,58
"66280_P1_945_141022_RES.CFI-400945+CFI-402257.m1",61.5197817660996,6815.48298725,"SD",-49.2202533413147,18,-16.4970058524029,18
"66280_P1_945_141022_RES.CFI-400945+CFI-402257.m2",79.1336804279575,21200.97458975,"SD",-4.56649639618793,24,13.0835471659262,11
"66280_P1_945_141022_RES.CFI-400945+CFI-402257.m3",81.39910267829,16856.5629875,"SD",8.74666685686897,11,-2.48757302722146,11
"66280_P1_945_141022_RES.CFI-400945+CFI-402257.m4",77.9950021490272,19098.432797,"SD",-20.9583331194032,24,-19.3777815169992,18
"72642.H2O.m1",86.4459189422424,19483.885581,"PR",-55.5006197272007,10,-28.9033737792982,10
"72642.H2O.m2",88.2310278125605,4264.94520175,"PD",281.52050480381,10,91.6125149797859,10
"72642.H2O.m3",85.8779687472522,20963.433389,"PR",-60.8495100304688,10,-29.4491099881307,10
"72642.H2O.m4",88.2189156028548,12759.2448785,NA,NA,NA,NA,NA
"72642.H2O.m5",89.4473763863677,63593.369307,"PD",121.991595506938,10,62.7510394540062,10
"72642.H2O.m6",89.4949400746201,8237.04589175,NA,NA,NA,NA,NA
"72642.H2O.m7",89.0352624003216,8839.3825645,NA,NA,NA,NA,NA
"72642.H2O.m8",88.3618508298178,60807.934566,"SD",-3.40960524081629,10,1.03258803818707,10
"72642.CFI-400945.m1",65.2952144119169,10416.2715215,"SD",5.7374612340114,30,20.8162042302425,10
"72642.CFI-400945.m2",-61.9513309940569,737.925922,"PR",-93.9688111998392,30,-59.5737536726139,42
"72642.CFI-400945.m3",15.2943349095199,10648.8053795,"SD",-7.39389886005291,42,7.17299159901187,10
"72642.CFI-400945.m4",-81.0855286669248,13269.72566,"SD",-43.2247109536426,16,-3.54119624823933,16
"72642.CFI-400945.m5",62.1781906186596,18765.09219275,"PD",-9.74889142992021,48,39.5437421323419,55
"72642.CFI-400945.m6",83.4274601066327,37529.43470725,"PD",20.27155800772,20,90.0648868223095,30
"72642.CFI-400945.m7",30.4697481012103,14497.99204525,"SD",-49.9262157072487,42,12.1068139462923,13
"72642.CFI-400945.m8",84.5409526235849,6527.39573425,NA,NA,NA,NA,NA
"NOTCHB03.CARBOPLATIN.m1",-60.5401170985107,1695.97418925,"CR",-100,63,-76.2025577287253,87
"NOTCHB03.CARBOPLATIN.m2",-61.6378788373264,8137.287171,"CR",-99.8011737429727,80,-77.8087057108197,179
"NOTCHB03.CARBOPLATIN.m3",-64.0039119860011,2554.49632325,"CR",-99.6006149730645,45,-69.1444666901904,80
"NOTCH01.CFI-400945.m1",-72.7679050641365,8200.23369275,"PR",-94.2628564128739,55,-58.031628116497,86
"NOTCH01.CFI-400945.m2",73.412355071197,4851.22263725,"PD",-57.8240144743872,22,31.7549772867263,11
"NOTCH01.CFI-400945.m3",-32.1254297361874,2153.127559,"CR",-100,202,-90.4632252199434,275
"NOTCH01.CFI-400945.m4",-68.6397506288463,3784.5523125,"CR",-99.7360008288307,58,-78.5760890525112,100
"NOTCH01.CFI-400945.m5",-55.1058505438295,4912.7375215,"CR",-100,233,-89.9802980177079,262
"NOTCH01.CFI-400945.m6",80.5238215735685,49672.6254525,"PR",-90.7049375371803,36,-31.153639189085,56
"NOTCH01.CFI-400945.m7",57.8255457087455,21372.90313825,"CR",-97.419992633176,47,-54.6345872792511,71
"NOTCH01.CFI-400945.m8",82.7730942150535,85678.27067775,"SD",-53.617885712663,43,-11.2327078900568,56
"NOTCH01.CFI-400945.m9",-57.4371865810827,4013.7274405,"SD",-8.68389973487586,15,-4.67369877570841,15
"NOTCH01.CFI-400945.m10",74.7480747648505,3394.629212,"SD",7.60658827333079,10,12.3649541705694,10
"NOTCH01.CFI-400945.m11",-76.4501125444389,3406.735847,"SD",-29.4452630833875,15,-12.2610065458751,15
"NOTCH01.CFI-400945.m12",-72.1807485703833,880.031334,"PR",-81.4925869448105,15,-27.6704970065699,15
"NOTCH01.CFI-400945.m13",52.2513465807428,1389.50388175,"SD",12.5456678663216,15,13.9262227602398,15
"NOTCH01.CFI-400945.m14",-71.1674728845751,2050.16839225,"CR",-96.6133912470523,29,-58.2201333050968,48
"NOTCH01.CFI-400945.m15",81.4110858735359,6775.609674,"PD",65.3988340844765,12,31.9766404642863,12
"NOTCH01.CFI-400945.m16",0.45435940592508,34243.3196365,"PR",-91.1870346264674,43,-41.1747021996057,55
"NOTCH01.CFI-400945-2ON5OFF.m1",-27.513190790609,5018.91192925,"SD",-44.775390625,28,-17.3024778662463,11
"NOTCH01.CFI-400945-2ON5OFF.m2",-68.9777240143238,8730.14839375,"SD",-43.5405876398457,28,-24.4961841241361,32
"NOTCH01.CFI-400945-2ON5OFF.m3",44.969245651591,7840.17368725,"SD",-8.78667799595068,39,3.20351798511539,11
"NOTCH01.CFI-400945-2ON5OFF.m4",-0.0165093844178268,9748.70116275,"SD",-8.30513104309451,39,-8.17084872535897,11
"NOTCH01.CFI-400945-2ON5OFF.m5",-27.3701509540856,4768.9635345,"SD",-48.5657367268589,39,-2.20715567754155,39
"NOTCH01.CFI-400945+CFI-402257.m1",64.3596031611116,11047.4624715,"SD",9.73078025386443,22,17.2318713453496,22
"NOTCH01.CFI-400945+CFI-402257.m2",54.9987500482476,5722.8193515,"SD",0.145167336010716,32,9.18996820615797,11
"NOTCH01.CFI-400945+CFI-402257.m3",81.4873693335385,13163.1266475,"PD",52.9359950188486,25,44.6615607629051,11
"NOTCH01.CFI-400945+CFI-402257.m4",-71.2753814812347,8069.22769325,"PR",-58.1227676872278,35,-21.7396158041712,39
"NOTCH01.CFI-400945+CFI-402257.m5",40.3470179606063,2255.566077,"SD",-22.5536326426597,11,-4.89939086325956,11
"66280_P2_945_150205_RES.CFI-400945.m1",-79.8084986701955,875.56846525,"CR",-100,13,-64.5280995299578,27
"66280_P2_945_150205_RES.CFI-400945.m2",-1.21321067377511,4,"CR",-100,10,-66.6666666666667,31
"66280_P2_945_150205_RES.CFI-400945.m3",-87.6323667106777,8952.51730325,"SD",-46.6065322439791,10,-30.7626881087457,18
"66280_P2_945_150205_RES.CFI-400945.m4",-86.8957675183646,17644.878956,NA,NA,NA,NA,NA
"66280_P2_945_150205_RES.CFI-400945.m5",-79.1000977725116,439.58405425,"CR",-100,24,-81.6316140456677,31
"66280_P2_945_150205_RES.CFI-400945.m6",-82.5022717437163,875.56846525,"CR",-100,13,-52.7041327066105,18
"66280_P2_945_150205_RES.CFI-400945.m7",-1.21321067377511,4,"CR",-100,10,-66.6666666666667,31
"66280_P2_945_150205_RES.CFI-400945.m8",-87.6323667106777,8952.51730325,"SD",-46.6065322439791,10,-30.7626881087457,18
"66280_P2_945_150205_RES.CFI-400945.m9",-86.8957675183646,17644.878956,NA,NA,NA,NA,NA
"66280_P2_945_150205_RES.CFI-400945.m10",-76.770900820926,448.33405425,"CR",-100,24,-84.6628649814543,38
"66280_P2_945_150205_RES.CFI-400945.m11",86.9074787268159,42400.3251565,"PD",31.9028067795943,11,42.105175851578,11
"66280_P2_945_150205_RES.CFI-400945.m12",56.6364090316072,12114.02845975,"SD",16.9234031916218,67,17.9598272543662,11
"66280_P2_945_150205_RES.CFI-400945.m13",77.5771824596812,14169.34615825,"SD",-8.23423886788936,14,28.8144279908807,14
"66280_P2_945_150205_RES.CFI-400945.m14",-43.4816020284534,18474.838771,"SD",-55.2487432897535,67,-4.35128007001036,67
"66280_P2_945_150205_RES.CFI-400945.m15",-8.430725105809,1823.0440865,"PR",-64.6619060582581,11,-36.7550507297971,29
"66280_P2_945_150205_RES.CFI-400945.m16",52.9799981208446,24561.074265,"PD",-13.0724890987259,113,30.1205953947975,21
"66280_P2_945_150205_RES.CFI-400945.m17",83.7995438491705,100166.07685075,"PD",95.17310775818,57,49.5172066116115,13
"66280_P2_945_150205_RES.CFI-400945.m18",79.8442935103697,62415.42017375,"PD",37.3562861717969,13,0.834719402697883,13
"66280_P2_945_150205_RES.CFI-400945.m19",84.1993120655007,107196.71846,"PD",-35.8885574193924,64,70.9013627782062,13
"66280_P2_945_150205_RES.CFI-400945.m20",82.945914581486,130800.33961075,"SD",-73.8923845872778,64,18.9716963784919,13
"REF001_P1_945_161017_RES.H2O.m1",86.8072828909412,17819.8141095,"PD",131.737416952713,13,37.7105171212673,13
"REF001_P1_945_161017_RES.H2O.m2",86.6535435971417,20205.38641475,"SD",10.623416188317,13,5.28505607601725,13
"REF001_P1_945_161017_RES.H2O.m3",85.8815580155733,34543.64227425,"PD",55.4144920983582,10,29.0643504556494,10
"REF001_P1_945_161017_RES.H2O.m4",86.4770391557062,16992.457855,"PD",105.906768572204,13,56.8783212973412,10
"REF001_P1_945_161017_RES.H2O.m5",82.9710194239789,9764.933895,"PD",124.554787751637,16,69.35411644831,13
"REF001_P1_945_161017_RES.H2O.m6",80.3150340309301,8467.3715545,"PD",42.5169242700193,13,25.6247879928345,13
"REF001_P1_945_161017_RES.PACLITAXEL.m1",71.3879579914886,11719.55109075,"SD",19.4995683522232,13,16.3503144069142,13
"71732.H2O.m1",88.1416314047589,38401.4122535,"PD",124.40272318988,10,49.2051787422363,10
"71732.H2O.m2",88.065126626416,39446.768395,"PD",183.815649105785,10,70.2105143349386,10
"71732.H2O.m3",89.1018437656686,51280.41116775,"SD",23.8152271923276,10,5.05992816764221,10
"71732.H2O.m4",87.9577792676367,24535.635546,"PD",191.215217454351,13,117.794935363653,13
"71732.H2O.m5",88.1601238301175,15360.37169975,"PD",165.488263529412,13,54.791850399419,13
"71732.H2O.m6",88.9704225300415,20194.97653325,"PD",195.820295134669,13,92.2434372569726,13
"71732.H2O.m7",85.271745735485,9597.5625025,"SD",21.7111698646058,11,2.95866225137171,11
"71732.H2O.m8",89.3480573066745,15543.0659645,"PD",200.182034586571,11,76.6118057946056,11
"71732.H2O.m9",87.9542820584511,17243.21444625,"PD",35.2628020933789,11,11.2515588819163,11
"71732.H2O.m10",87.9239772933745,18377.10814425,"PD",78.5657385089518,11,60.9763697271488,11
"71732.H2O.m11",89.8497115449541,54659.89642475,"PD",-3.83621385882733,10,130.612484444621,10
"71732.H2O.m12",88.6901613440922,14893.9327995,"PD",56.2013569847881,17,41.3320662648858,10
"71732.H2O.m13",88.9437176319144,13922.9873385,"PD",45.5305499405222,10,39.4049279374987,10
"71732.H2O.m14",88.4423648483777,40863.36383625,"PD",36.3777248414264,10,32.1642645367528,10
"71732.CFI-400945.m1",56.2621200062673,4217.086895,"SD",1.98086103607056,27,29.5154359139297,10
"71732.CFI-400945.m2",-43.8328516482721,7283.63677925,"SD",-81.674084330269,31,7.71940117617511,31
"71732.CFI-400945.m3",-78.9890851989236,4460.19034175,"PR",-78.6238108072784,31,-33.876363385362,31
"71732.CFI-400945.m4",-81.966657096118,4920.65325325,"PR",-78.8125955223958,31,-42.1559646034576,31
"71732.CFI-400945.m5",75.2962544307441,10543.945363,"SD",0.453559493515651,11,23.1129313494184,11
"71732.CFI-400945.m6",-44.1484743229027,3914.8448325,"SD",-52.3205391850618,24,-2.67485883209963,36
"71732.CFI-400945.m7",76.8841075395174,6946.359282,"SD",17.4976520096513,11,0.147369490718341,11
"71732.CFI-400945.m8",84.6669103326553,11943.707955,"SD",16.5101187916934,11,29.4322290523764,11
"71732.CFI-400945.m9",81.7716300625368,6415.0369665,"SD",-3.4085380033009,10,7.30662040154354,10
"71732.CFI-400945.m10",80.2652131058199,7705.6467715,"SD",-15.045058490893,10,2.4869338863385,10
"71732.CFI-400945.m11",86.3704494888357,9953.288647,"SD",21.0623834613477,10,7.19265821567095,10
"71732.CFI-400945.m12",86.4775003543911,7727.86561525,"SD",-36.1855439350623,10,-14.6559959614839,10
"71732.CFI-400945.m13",73.4165228678519,5710.94239,"SD",-18.7562630795022,10,-4.27759284032722,10
"28077.H2O.m1",77.8125460096834,48558.75624725,"SD",-12.0073175686481,16,5.65905624590737,16
"28077.H2O.m2",85.8456985807464,133625.02213725,"PD",62.007174772471,10,28.5099046591074,10
"28077.H2O.m3",83.84512379886,66973.370633,"SD",33.1030912804293,13,18.0490107769783,10
"28077.H2O.m4",64.7498139751083,57477.8797085,"SD",-32.4547688184052,13,-10.7866796515524,13
"28077.H2O.m5",71.3389713847856,91665.86577625,"SD",13.2269261962693,24,21.2043026643838,10
"28077.H2O.m6",85.8712817185039,22383.727642,"PD",56.3791674399793,13,13.3903934960443,13
"28077.H2O.m7",83.288268500021,43111.24430325,"PD",43.8422550061552,13,22.2926407205611,13
"28077.CFI-400945.m1",-39.4780715636689,6545.85948325,"CR",-99.6451020699933,65,-61.1708705762256,98
"28077.CFI-400945.m2",-24.2826389022952,2831.31564525,"CR",-100,48,-82.499614746017,201
"28077.CFI-400945.m3",-48.1645677339744,2900.2456725,"CR",-100,32,-75.5651915917174,168
"28077.CFI-400945.m4",-45.636130695216,5178.85139525,"CR",-99.701716527722,97,-77.1594714366229,227
"28077.CFI-400945.m5",-70.2991423205113,5581.61282075,"CR",-100,59,-79.8858248378009,168
"28077.CFI-400945.m6",-38.9861347379107,2553.88311825,"CR",-100,84,-78.8212801584873,192
"NOTCH01_P1_945_150705_RES.CFI-400945.m1",89.5312470501813,15970.14,NA,NA,NA,NA,NA
"NOTCH01_P1_945_150705_RES.CFI-400945.m2",84.3862689790814,52197.94676975,"SD",5.08851253852334,19,14.6827662651798,19
"NOTCH01_P1_945_150705_RES.CFI-400945.m3",85.9993457266337,52403.5743345,"PD",38.9711625259601,12,19.48558126298,12
"NOTCH01_P1_945_150705_RES.CFI-400945.m4",62.6488673599502,62137.0088825,"SD",-37.9122456822154,128,20.1522571212769,12
"NOTCH01_P1_945_150705_RES.CFI-400945.m5",NA,NA,NA,NA,NA,NA,NA
"NOTCH01_P1_945_150705_RES.CFI-400945.m6",-23.1109007794961,916.885542,"CR",-100,40,-95.0415249331077,240
"NOTCH01_P1_945_150705_RES.CFI-400945.m7",87.4982408262272,25124.91227,"SD",8.55770285429861,12,4.2788514271493,12
"NOTCH01_P1_945_150705_RES.CFI-400945.m8",88.2868097319135,35424.44760125,"SD",7.5542041184124,19,6.08167967084423,12
"NOTCH01_P1_945_150705_RES.CFI-400945.m9",89.3168613739745,29635.855,"PD",76.4964768915603,12,38.2482384457802,12
"71208.H2O.m1",52.9181864657846,43121.975615,"SD",-19.0546282276612,22,-2.91913301022063,22
"71208.H2O.m2",55.4268934559371,65315.07802825,"SD",-35.679854484126,27,-21.484653370673,27
"71208.H2O.m3",59.7491247110933,41506.43713475,"SD",-3.52242293257788,12,9.09834397280305,33
"71208.H2O.m4",82.0982981539316,73638.89416725,"SD",6.60363853591638,43,24.2988564641878,22
"71208.H2O.m5",77.2358072476076,74059.72556225,"SD",-0.0674413184657034,19,11.6972976957957,19
"71208.H2O.m6",32.6470020140924,8285.81767125,"SD",-19.0546282276612,22,-2.91913301022063,22
"71208.H2O.m7",26.490981971305,12088.06019725,"SD",-35.679854484126,27,-21.484653370673,27
"71208.H2O.m8",50.7420605481537,10159.75779875,"SD",-3.52242293257788,12,9.09834397280305,33
"71208.H2O.m9",73.3567775271735,14300.64484525,"SD",6.60363853591638,43,24.2988564641878,22
"71208.H2O.m10",74.0522381062233,20302.078355,"SD",-0.0674413184657034,19,11.6972976957957,19
"71208.H2O.m11",71.0423454284175,7970.98634975,"SD",16.1371043537114,14,20.0012606775215,14
"71208.H2O.m12",77.510010216857,8313.7758485,"SD",31.8705227638576,10,7.74855427817333,10
"71208.H2O.m13",80.8402731089324,34529.85182775,"SD",11.8408794091247,15,7.9447430991703,12
"71208.CFI-400945.m1",-39.4750141285114,11496.6153115,"PR",-66.8576025722789,12,-30.420993182188,68
"71208.CFI-400945.m2",16.0740604991951,18922.759978,"PR",-86.4795503198588,36,-26.4181334723314,40
"71208.CFI-400945.m3",-25.9830999452975,9137.888236,"PR",-88.9212406897389,22,-22.7649174297333,90
"71208.CFI-400945.m4",-24.2266357709821,9488.164354,"CR",-99.5484060832392,43,-62.6904131290332,97
"71208.CFI-400945.m5",-34.5586393972914,19018.076151,"SD",-48.301991776356,30,-35.3056875350801,48
"71208.CFI-400945.m6",-55.1986830128841,7963.50054325,"PR",-60.3874763794407,40,-24.1122497881531,61
"71208.CFI-400945.m7",-24.4339302387848,5047.88612225,"PR",-86.4795503198588,36,-26.4181334723314,40
"71208.CFI-400945.m8",-36.7106477090504,6050.18506825,"SD",-88.9212406897389,22,-19.1289443802515,43
"71208.CFI-400945.m9",-65.5782279198849,1927.99383925,"CR",-99.5484060832392,43,-70.9389028867842,54
"71208.CFI-400945.m10",-63.8540196057448,10740.2021775,"SD",-48.301991776356,30,-34.2226621816404,43
"71208.CFI-400945.m11",34.8954897634831,11616.8669955,"SD",-22.9387721067006,30,8.17082498603711,55
"NOTCHB02.BMN-673.m1",53.3458373629078,6332.320883,"SD",-5.65073636180224,13,6.82296632415385,13
"NOTCHB02.BMN-673.m2",-29.6188778572321,5014.6842735,"SD",-50.161647375836,44,-7.44611127327371,44
"NOTCHB02.BMN-673.m3",-29.6188778572321,5014.6842735,"SD",-50.161647375836,44,-7.44611127327371,44
"NOTCHB02.ERIBULIN.m1",69.8565796708906,7516.4311005,"PD",20.6627164214287,13,35.6287189698466,13
"NOTCHB02.ERIBULIN.m2",80.3557147202669,12681.1980505,"SD",31.5215589869826,12,16.5752344595815,12
"73062.H2O.m1",-80.63000036594,1654.00048125,NA,NA,NA,NA,NA
"73062.H2O.m2",-83.0836897662232,4009.04806525,"PR",-56.9029670419988,17,-33.7232953640074,21
"73062.H2O.m3",83.9997553803178,6251.04110125,"PD",35.53321874647,14,9.25723323598668,10
"73062.H2O.m4",89.1535949654882,64324.4650365,"PD",53.6278189595893,10,25.8134100609773,10
"73062.H2O.m5",89.2879266119569,79037.84382325,"PD",64.281718285943,10,23.3883468068777,10
"73062.H2O.m6",89.4361594596364,100952.014666,"PD",54.0378548244586,10,22.3054650182982,10
"73062.H2O.m7",88.658227380899,45546.9475965,"SD",22.0269166577891,10,8.25865521331114,10
"73062.H2O.m8",88.8178961751425,58945.6912325,"SD",15.1655510525552,10,3.27781359780968,10
"73062.H2O.m9",73.5009570995552,19251.2623115,"SD",-33.6341480356089,16,-19.5323091691141,16
"73062.H2O.m10",86.407958800762,95038.21978975,"SD",31.8438094254925,16,24.2466293293985,16
"73062.H2O.m11",85.7839193823738,43305.06696275,"PD",96.9671961730459,23,70.9048074389471,16
"73062.H2O.m12",73.7268305094551,26863.69349275,"SD",7.63190984920475,34,18.9772554424539,16
"73062.H2O.m13",73.2872683751359,15797.478747,"PD",75.9338137704918,23,34.4729250819672,16
"73062.H2O.m14",86.3914165324766,16428.410885,"SD",18.5754269286803,10,2.95406994873902,10
"73062.H2O.m15",83.3157318774443,39878.581116,"PD",134.773875476825,20,78.7529129293597,13
"73062.H2O.m16",88.5852743586955,12682.447688,"PD",254.035225723549,16,106.943293580003,16
"73062.H2O.m17",87.7560603333505,33785.995367,"PD",185.824654305059,15,107.379580475068,15
"73062.H2O.m18",86.2279929012461,15457.2347905,"PD",39.1082967867195,12,5.99424627756547,12
"73062.H2O.m19",88.1863559660885,22385.570215,"PD",206.491943610315,14,84.1687368863419,14
"73062.H2O.m20",87.357789596723,11942.3757795,"PD",51.7223922570585,10,18.5325606525758,10
"73062.CFI-400945.m1",-86.6897087318653,2342.5491175,"PR",-60.0876275227658,10,-44.6567694601816,14
"73062.CFI-400945.m2",-76.4096431471471,2352.751052,NA,NA,NA,NA,NA
"73062.CFI-400945.m3",70.3563603788313,3193.77010825,"SD",9.69258318268011,10,10.9809609254263,10
"73062.CFI-400945.m4",-82.6053857385952,5775.77042625,NA,NA,NA,NA,NA
"73062.CFI-400945.m5",70.5194581595318,41576.37360075,"SD",-5.12238979473113,16,-5.79585550429296,10
"73062.CFI-400945.m6",71.8152354481247,35030.43642375,"SD",-27.8370741139374,30,-5.49150183837219,42
"73062.CFI-400945.m7",73.6481188424122,25630.57252225,"SD",-4.87960658929852,30,18.7576965284544,10
"73062.CFI-400945.m8",-50.3083758472676,19469.0360915,"SD",-44.8201496841342,56,-23.2320488390965,73
"73062.CFI-400945.m9",79.2141078900445,53946.35517325,"SD",-4.87925659406406,16,11.7191786305013,16
"73062.CFI-400945.m10",-58.7290715872043,2677.41624475,"PR",-72.8231613570696,44,-35.1512486810161,44
"73062.CFI-400945.m11",-43.6084031829935,4164.016925,"PR",-85.8163726820443,58,-47.7009721561418,97
"73062.CFI-400945.m12",-33.4626200348667,3304.09711575,"PR",-75.7453006235492,58,-30.9789771795343,77
"73062.CFI-400945.m13",-52.9551060560183,4558.09387125,NA,NA,NA,NA,NA
"73062.CFI-400945.m14",-54.5587190438414,3109.2699145,"PR",-65.7646262342341,34,-34.4660437081701,51
"73062.CFI-400945.m15",-83.8437257001365,8862.0457885,"SD",-21.1762297957074,14,-8.41536482162579,14
"73062.CFI-400945.m16",-67.4756118337226,4612.03142725,"SD",-18.3770984152414,10,-13.873305462731,10
"73062.CFI-400945.m17",64.3988334192469,4025.2532575,"SD",4.65502754412704,10,9.27177638462651,14
"REF004.CFI-400945.m1",88.0649742861981,13495.90932475,"PD",49.2639300004802,14,33.2429333267913,11
"REF004.CFI-400945.m2",88.6121576835921,11110.58936375,"PD",191.097857147145,11,103.560087258831,11
"REF004.CFI-400945.m3",87.6320927496095,9750.89334475,"PD",46.5274179035566,10,56.0633368796545,10
"REF004.CFI-400945.m4",87.7781390459024,5094.2878375,"PD",221.362615503152,10,81.4888460945025,10
"REF004.CFI-400945.m5",88.4173454437788,10574.608631,"PD",175.732250856164,13,108.318888937134,13
"18674.CFI-400945-6DAILY.m1",15.1639973074116,28807.67223025,"CR",-96.8704278907466,25,-82.9571197765486,76
"71732.CARBOPLATIN.m1",85.7621560327747,12222.0530065,"PD",94.9502915409051,17,57.2054848877952,10
"71732.CARBOPLATIN.m2",85.6773014772115,9347.13497875,"PD",172.210314174569,13,99.1303154417521,10
"28077.CFI-402257.m1",NA,NA,NA,NA,NA,NA,NA
"28077.CFI-402257.m2",NA,NA,NA,NA,NA,NA,NA
"28077.CFI-402257.m3",NA,NA,NA,NA,NA,NA,NA
"28077.CFI-402257.m4",7.52905881921261,7382.25059,"SD",-49.4982812877855,26,-15.9720585285185,40
"28077.CFI-402257.m5",59.624826959867,5918.66016375,"SD",-6.58036997307112,13,-7.84185179419836,13
"67790_P7_945_160810_RES.CFI-400945.m1",-60.6314647009462,2694.644723,"SD",-68.5710372247189,32,-18.9134056842461,32
"REF005_P1_TAX_170106_RES.PACLITAXEL.m1",84.1290759623856,6680.0631225,"PD",92.5832892908025,16,57.4874622163478,12
"71335.CFI-402257-3ON4OFF.m1",76.3407704291785,10622.11096775,"SD",10.0367407455683,13,-4.36322142813177,13
"71335.CFI-402257-3ON4OFF.m2",85.1602285605472,15628.59803875,"PD",46.5156551693874,13,28.0206157846235,13
"71335.CFI-402257+ABT263.m1",72.8565071729427,7528.9280845,"SD",1.14367873238444,13,-0.0247045872404854,13
"71335.CFI-402257+ABT263.m2",82.3004524137794,11573.8830515,"PD",103.469132254878,13,34.7318115310575,13
"71335.CFI-402257+ABT263.m3",-38.7648922002805,3334.16100975,"SD",-49.9606465816978,13,-16.7224172495599,19
"NOTCH06.CX-5461.m1",75.2747861852622,30534.91081525,"SD",-22.300035683149,13,-12.2902531523255,13
"NOTCH06.CX-5461.m2",79.2012797751771,11545.40816575,"SD",-0.132684670704857,11,-10.0321342459086,11
"NOTCH06.CX-5461.m3",79.7551168248582,11383.0675165,"SD",4.27907476856048,11,3.5181006899088,11
"NOTCH06.CX-5461.m4",56.3075534162029,10069.58687525,"SD",-0.0755427087715528,21,10.6060372704648,25
"NOTCH06.CX-5461.m5",87.1738683214687,17682.30526025,"PD",113.061644181317,11,62.0903012434291,11
"NOTCH06.CX-5461.m6",80.1485936066405,6769.04022675,"SD",28.5214484979782,11,10.9888821514039,11
"NOTCH06.CX-5461.m7",86.6315294364449,12253.1880215,"PD",112.809141363975,10,43.1224074065094,10
"NOTCH06.ERIBULIN.m1",-53.7000383788556,1006.47506675,"CR",-99.6667954335714,23,-93.1148711790855,178
"NOTCH06.ERIBULIN.m2",-28.8605243534514,6875.3138415,"CR",-100,76,-93.0712531689744,174
"NOTCH06.ERIBULIN.m3",-84.0421156143937,11485.3884655,"CR",-100,71,-68.9198508986849,71
"NOTCH06.CARBOPLATIN.m1",86.1979679559214,29137.963399,"SD",15.9326832337213,13,-10.1795549718424,13
"NOTCH06.CARBOPLATIN.m2",84.8360824771414,6410.356036,"PD",76.6444672131148,10,23.1861588114754,10
"REF005.CFI-400945.m1",47.2091416070072,5734.83400675,"SD",-17.5946451753796,19,-9.85819000303473,13
"REF005.CFI-400945.m2",72.8389675101413,30341.4642295,"SD",-41.418532051548,30,-18.3581016718113,41
"REF005.CFI-400945.m3",65.2048883581486,15196.90958025,"SD",11.2183740358555,18,23.2001736411719,10
"REF005.CFI-400945.m4",18.1572739977431,9583.90298525,"SD",-28.9988699062687,34,-2.79273300467232,21
"REF005.CFI-400945.m5",81.7976073747976,15477.7184565,"PD",39.7541920141263,14,13.8055017779308,14
"REF005.CFI-400945.m6",78.2224060467229,12005.389807,"SD",-13.306629459153,12,6.8225040115601,12
"REF005.CFI-400945.m7",62.653989146215,3354.5008815,"PD",12.3866729861538,13,34.7806038612078,20
"REF005.CFI-400945.m8",80.2395822729741,7784.00452325,"SD",-19.9238854116645,20,-13.022542718156,20
"NOTCH10.CFI-402257-LOW+PACLITAXEL.m1",NA,NA,NA,NA,NA,NA,NA
"NOTCH10.CFI-402257-LOW+PACLITAXEL.m2",-65.6209391016642,3665.99358825,"PR",-79.4997884314103,13,-66.1958367136184,71
"NOTCH10.CFI-402257-LOW+PACLITAXEL.m3",-74.9924090842999,329.490045,NA,NA,NA,NA,NA
"NOTCH10.PACLITAXEL.m1",-21.1562182640886,5340.054336,"PR",-71.8840299352666,23,-33.6951804645285,44
"NOTCH10.PACLITAXEL.m2",63.699443924908,17169.32017875,"PR",-73.3128945688538,20,-50.3079924227969,44
"NOTCH10.PACLITAXEL.m3",-64.4240689601828,1731.043595,"PR",-86.2574917283843,20,-62.269100581608,57
"NOTCH10.PACLITAXEL.m4",NA,NA,NA,NA,NA,NA,NA
"NOTCH10.PACLITAXEL.m5",-38.7972834399444,4362.11079075,"PR",-69.9689756995708,40,-32.6512812849134,50
"NOTCH10.PACLITAXEL.m6",-61.8110821954373,1696.66778925,"CR",-95.9897760744597,26,-64.9763276231036,64
"REF001.ERIBULIN.m1",-35.4035557091502,12232.28389275,"CR",-97.4102803776135,119,-58.4656376739462,43
"REF001.ERIBULIN.m2",-23.5092325836611,20466.59720825,"CR",-98.0316200554296,119,-70.1370779569719,51
"REF007.H2O.m1",79.9581244929639,10816.72184825,"PD",51.1891531799835,13,13.7504213515081,13
"REF007.H2O.m2",79.2308945644194,11864.16041625,"PD",58.4261090649081,16,23.4656886259118,13
"REF007.H2O.m3",86.749550347127,19740.20588775,"PD",146.755873148947,13,55.0209202015904,13
"REF007.H2O.m4",86.0692929174807,19353.019859,"PD",56.393797027037,13,26.1199211521007,10
"REF007.H2O.m5",84.9846487574043,23644.69521475,"PD",43.8043229197798,10,16.113076431394,10
"REF007.H2O.m6",86.9040661305372,78708.53535375,"PD",50.7005918526335,12,36.5000690297056,12
"REF007.H2O.m7",87.0584868797092,78453.2415305,"PD",136.913085918947,13,71.8077709475696,13
"REF007.CX-5461.m1",78.3537279394218,6314.4471745,"PD",43.8108464938752,13,22.6499132026425,13
"REF007.CX-5461.m2",88.5044404854673,14932.571962,"PD",59.125985990403,10,32.3057934542268,10
"NOTCHB01.CFI-400945.m1",81.8949262350638,6821.9303025,"PD",66.971755301076,14,34.6027503182614,14
"NOTCHB01.CFI-400945.m2",85.8164001244906,18605.18852275,"PD",94.6299448797593,14,61.3318317265322,14
"NOTCHB01.CFI-400945.m3",81.2249993416333,4610.15157,"PD",85.7801680663443,14,38.2134166579233,14
"NOTCHB01.CFI-400945.m4",81.6922251870083,9799.568038,"PD",90.5528756957328,28,86.0433526541635,14
"NOTCHB01.CFI-400945.m5",76.8893468835055,9278.63587675,"SD",8.05366277346639,12,3.6869714634042,12
"NOTCHB01.CFI-400945.m6",75.5777816503082,14409.18492975,"SD",-46.7138338777029,26,-25.7178766776833,30
"NOTCHB01.CFI-402257.m1",87.4150216368373,24195.62190225,"PD",223.035238614986,14,97.140034497896,14
"NOTCHB01.CFI-402257.m2",83.9835657962068,10903.06708275,"PD",109.454508868061,14,61.2382902641324,14
"NOTCHB01.CFI-402257.m3",85.5097978809754,15677.26623675,"PD",138.275745166671,14,87.5598646257673,14
"NOTCHB01.CFI-402257.m4",87.6406133892072,23136.16915675,"PD",278.544302967203,14,136.054692737513,14
"67990.H2O.m1",83.2231449166554,11906.584172,"SD",21.4865226382938,11,6.75843663322629,11
"67990.H2O.m2",87.6734396732195,65310.8214875,"PD",122.273242821186,15,70.2509405237859,12
"67990.H2O.m3",86.5830463119686,55130.31992925,"PD",75.3940439603812,21,50.4083943037945,11
"67990.H2O.m4",84.2886092676428,42946.92153475,"SD",-8.70017759282263,21,2.22226006797127,21
"67990.H2O.m5",84.0728621427877,48219.23920925,"SD",-5.75393892474086,21,-1.08301738719318,14
"67990.H2O.m6",88.5719586963846,95175.630208,"PD",72.8102337305392,11,13.6731461724032,11
"67990.H2O.m7",72.0701424278834,19094.95480275,"SD",-40.7113881935153,14,-32.2275468462944,14
"67990.H2O.m8",84.417282785232,54128.86930375,"SD",1.56782870103272,11,7.20344956640937,11
"67990.H2O.m9",84.6862841651748,25149.13966,"PD",81.4680446882478,11,54.5899219008717,11
"67990.H2O.m10",85.2937225461053,1333.389168,NA,NA,NA,NA,NA
"67990.H2O.m11",79.7796756840678,4716.283398,"SD",6.81085763206907,13,6.82372619415042,13
"67990.CX-5461.m1",76.978401092237,8724.5326705,"SD",21.4201183431953,14,8.02175779356834,11
"67990.CX-5461.m2",43.0505474691456,10683.77643125,"SD",-35.3536482783339,22,-12.3933281856582,26
"67990.CX-5461.m3",82.3765047168718,11585.827461,"SD",30.1298991749642,13,15.8564971955815,13
"72955.H2O.m1",89.2431886673149,14320.22546,"PD",561.464933030613,12,273.788587012004,12
"72955.H2O.m2",87.1662442020021,7190.385396,"PD",128.221295486569,12,65.0728244286943,12
"72955.H2O.m3",88.7036630352743,14314.21992375,"PD",166.58788556568,12,69.9590668043897,12
"72955.H2O.m4",87.9540834780002,1164.19775,NA,NA,NA,NA,NA
"72955.CFI-400945.m1",88.3106612877698,18078.90963775,"PD",298.783786992568,12,138.215247324736,12
"72955.CFI-400945.m2",87.6247434189124,9433.0043185,"PD",68.246514997554,12,50.3351679402317,12
"72955.CFI-402257.m1",88.9782588648786,8828.49773325,"PD",150.859817166454,12,76.5241717483287,12
"72955.PACLITAXEL.m1",84.5527413452473,6608.410923,"PD",110.717586587459,12,40.6376348878456,12
"72955.PACLITAXEL.m2",82.8801012374373,5069.012877,"SD",34.35598480308,12,6.7238917153316,12
"71732.CFI-402257-3ON4OFF.m1",87.9711429540832,14317.6242035,"PD",226.603173739531,13,137.912596175085,13
"71732.CFI-402257-3ON4OFF.m2",89.3150644605389,13483.182217,"PD",433.411714198229,13,179.340146069226,13
"71732.CFI-402257-3ON4OFF.m3",87.5449940279871,11532.1504575,"PD",246.724835282823,13,134.551942000336,13
"67870.H2O.m1",67.002742753732,263.21609375,"PD",700,12,233.333333333333,12
"67870.H2O.m2",87.7924559895097,3594.743768,"PD",4239.1085875,12,1817.743775,12
"67870.H2O.m3",80.2818529879757,635.14601575,"PD",700,12,466.666666666667,12
"NOTCHB01_P4_CARBO_160812_RES.H2O.m1",73.9920538696263,11522.43263125,"SD",-17.1116443115307,13,4.73597395106816,13
"NOTCHB01_P4_CARBO_160812_RES.H2O.m2",87.4934460436617,36591.11927625,"PD",48.4269333713259,13,44.5805241560464,13
"NOTCHB01_P4_CARBO_160812_RES.CX-5461.m1",8.03357603675228,5168.7237485,"SD",-14.7857254566841,34,11.3919378070048,41
"NOTCHB01_P4_CARBO_160812_RES.CARBOPLATIN.m1",83.3826215964195,29439.157602,"PD",259.333423391694,13,147.485185726272,13
"NOTCHB01_P4_CARBO_160812_RES.CARBOPLATIN.m2",83.5956331976793,33756.49901175,"PD",89.8541413132646,13,63.8403407402123,13
"71208_P1_945_160703_RES.H2O.m1",-27.857142650839,3036.16272025,"SD",-24.0192841371732,20,-14.5032499632446,13
"71208_P1_945_160703_RES.H2O.m2",74.2647108299353,6131.7803716,"SD",18.5604935081713,13,7.08299617058421,13
"71208_P1_945_160703_RES.CFI-400945.m1",11.0148283704832,3625.07605575,"SD",-10.153976337864,20,-6.48229570122185,13
"73471.H2O.m1",81.834245371061,8375.413548,"SD",33.5367757367648,14,13.0171851528483,11
"73471.H2O.m2",83.77734825615,4183.2375225,"PD",83.3258880257335,12,48.2081428888162,12
"73471.H2O.m3",89.0206810283837,20495.1484735,"PD",221.477866387546,12,90.1166087717424,12
"73471.H2O.m4",84.0403579322065,5543.818243,"PD",177.043611605095,12,84.4705168763123,12
"73471.H2O.m5",87.2801055772141,8422.9615095,"PD",129.856929305282,12,77.7309817049352,12
"73471.H2O.m6",84.9420679880868,13596.59593925,"PD",57.9737301036801,13,43.3159402905047,13
"73471.H2O.m7",86.1365394885534,13299.0045415,"PD",43.1671954827653,13,36.5681176212752,13
"73471.H2O.m8",88.9999683238613,78550.9425485,"PD",231.628947769923,10,113.870631155376,10
"73471.H2O.m9",84.0997673671921,12013.9101215,"PD",91.8270114894032,21,121.065683427578,10
"73471.H2O.m10",79.1444440084202,6992.84715275,"PD",140.703446296,10,65.0590204060514,10
"73471.H2O.m11",80.9248999611902,7974.770032,"PD",-11.4502171948769,10,53.1205813647883,10
"73471.H2O.m12",85.9204881322155,17115.4378235,"PD",39.2678805266218,11,19.7479015721537,11
"73471.H2O.m13",87.2636766382601,15824.42311775,"PD",105.828035120638,29,131.469099631026,12
"73471.H2O.m14",86.3184476860873,7064.91002325,"PD",142.026763622761,15,119.023633700005,12
"73471.H2O.m15",56.2546487020744,3249.22059125,"SD",-3.42721023053359,12,-1.68102971005865,12
"73471.H2O.m16",84.5972607364676,61092.80180025,"SD",34.2892309032884,10,18.4104313700268,10
"73471.H2O.m17",85.6846897283138,14703.22548225,"PD",80.3579858737104,16,41.9781913482275,13
"73471.H2O.m18",86.9503450412552,41583.2094255,"PD",62.2652382111842,12,30.42666027514,12
"73471.H2O.m19",85.9204881322155,17115.4378235,"PD",39.2678805266218,11,19.7479015721537,11
"73471.H2O.m20",83.200815752607,8793.38959775,"PD",97.2305592356176,13,44.6092932440751,13
"73471.H2O.m21",84.2354956588528,4964.9707075,"PD",67.6466330446239,12,39.4543563661279,12
"73471.H2O.m22",85.1227499075544,7440.34745325,"PD",48.7288767176879,12,25.9473044123915,12
"73471.H2O.m23",87.8085375560142,18941.41515225,"PD",167.99409361298,12,70.5012242828346,12
"73471.CFI-402257-3ON4OFF+PACLITAXEL.m1",83.3145568915035,9499.528209,"SD",-17.1387267739489,11,-9.63143123133621,11
"73471.CFI-402257-3ON4OFF+PACLITAXEL.m2",31.6107160302618,5013.83331825,"SD",-20.7648135632753,13,-9.82496494341975,13
"73471.CFI-402257-3ON4OFF+PACLITAXEL.m3",NA,NA,NA,NA,NA,NA,NA
"73471.CFI-402257-3ON4OFF+PACLITAXEL.m4",84.2130169467425,6297.5938925,"PD",57.1867564925584,13,21.006963418059,13
"73471.CFI-402257-3ON4OFF+PACLITAXEL.m5",-88.5904143893369,832.0617275,NA,NA,NA,NA,NA
"73471.CFI-402257-3ON4OFF+PACLITAXEL.m6",50.5159756252762,20623.06582,"CR",-97.1740189931923,12,-88.0110691038454,79
"73471.CFI-402257-3ON4OFF+PACLITAXEL.m7",-26.7260274450914,6605.7339015,"SD",-24.7471752604439,12,-14.8554821158017,12
"73471.CFI-402257-3ON4OFF+PACLITAXEL.m8",-79.4375188489126,2856.808424,"PR",-75.1765165839273,12,-65.3507485948962,41
"73471.CFI-402257-3ON4OFF+PACLITAXEL.m9",26.486973344165,9187.75258325,"SD",-35.6059750654956,10,-19.3306094564081,20
"73471.CFI-402257-3ON4OFF+PACLITAXEL.m10",34.5162294225073,23838.57842475,"PR",-63.6910492444572,28,-38.4060863371571,36
"73471.CFI-402257-3ON4OFF+PACLITAXEL.m11",-85.8292748634196,248.46,NA,NA,NA,NA,NA
"73471.CFI-402257-3ON4OFF+PACLITAXEL.m12",71.9118565504449,28639.3057445,"PR",-60.0963370701367,14,-33.3247111831502,23
"73471.PACLITAXEL.m1",76.8864788658222,7602.36396575,"SD",0.28896545399511,11,-2.22869182978769,11
"73471.PACLITAXEL.m2",85.0237243153917,12624.8789075,"SD",23.270140987483,12,19.3624260768641,12
"73471.PACLITAXEL.m3",-52.9025488002636,9005.69741625,"SD",-33.5716161974759,18,-22.2839678762641,18
"73471.PACLITAXEL.m4",56.2916914613149,6396.97364475,"SD",-25.15470500259,26,13.0205087846375,12
"73471.PACLITAXEL.m5",-9.91354855593194,2940.79678175,"SD",-10.4296200733458,13,-3.48619262601047,13
"73471.PACLITAXEL.m6",83.5653786501244,9859.217131,"SD",9.23178862590891,13,15.4760316314245,13
"73471.PACLITAXEL.m7",-26.5826453500297,2888.47351725,"SD",-36.0963533393579,13,-11.723109182368,20
"73471.PACLITAXEL.m8",65.0952715820494,28299.312713,"PR",-67.9020979020979,28,-40.1215142635845,28
"73471.PACLITAXEL.m9",79.9704459068156,8057.2816775,"SD",28.3350644856035,11,14.2886183096275,11
"73471.PACLITAXEL.m10",75.5113701113166,33294.117788,"PR",-55.6503445645093,14,-39.9933994160326,20
"69693_P5_945_151023_RES.H2O.m1",83.8990204502807,35003.55393325,"SD",26.0289217518494,13,29.9085686607699,13
"69693_P5_945_151023_RES.H2O.m2",86.4565950580278,55023.02193575,"PD",38.7888324662345,13,19.2300470039436,13
"69693_P5_945_151023_RES.H2O.m3",84.5226847132282,34848.49298925,"PD",73.9039289949988,20,41.5591807576777,13
"69693_P5_945_151023_RES.H2O.m4",80.8721182807613,24383.1477595,"PD",58.1500543947806,16,55.3174219826421,13
"69693_P5_945_151023_RES.H2O.m5",83.064982140174,36862.50152825,"SD",26.8086320847053,13,12.2321454420821,13
"69693_P5_945_151023_RES.H2O.m6",83.8621061609875,10501.083675,"PD",51.7299519107109,13,32.7218371704962,13
"69693_P5_945_151023_RES.H2O.m7",84.5360052794345,10120.8524262,"PD",108.87145336277,12,69.6279441981731,12
"69693_P5_945_151023_RES.CFI-400945.m1",77.3707036815033,25298.2022975,"SD",23.2490667511168,13,26.9407746764035,13
"69693_P5_945_151023_RES.CFI-400945.m2",76.3894380352644,27512.2219315,"PD",48.8144340321553,13,33.5430805862407,13
"69693_P5_945_151023_RES.CFI-400945.m3",79.4154905510657,11652.09784025,"PD",83.0703432348556,12,50.2317727652628,12
"69693_P5_945_151023_RES.CFI-400945.m4",80.0968079924587,23082.9185615,"SD",21.4394033938283,12,17.8106634181795,12
"68941.CFI-400945.m1",-25.7846502931812,5540.0009,"SD",-50.247140881762,39,-4.76322604796137,14
"68941.CFI-400945.m2",-32.5794250954544,3094.705055,"SD",-64.1571003566923,32,-9.26536909921126,45
"68941.CFI-400945.m3",79.7025812469242,69031.771212,"SD",-10.6070332212611,14,2.05448108860486,18
"68941.CFI-400945.m4",-57.6678602548695,4761.9094,"PR",-76.6705564212395,39,-23.4234749465584,45
"68941.CFI-400945.m5",35.2619122412325,58334.63062925,"PR",-66.3237464130403,59,-25.1254107746847,73
"68941.CFI-400945.m6",-55.8026833237798,20212.35369925,"CR",-98.505693656463,141,-57.1159117026519,223
"68941.CFI-400945.m7",-23.79260479698,14709.07837825,"PR",-89.7699264025772,86,-55.814947344654,187
"68941.CFI-400945-2ON5OFF.m1",73.1572007764871,7437.35005,"SD",27.1597385842605,11,27.646046965191,11
"68941.CFI-400945-2ON5OFF.m2",55.3513221379605,6997.29165,"SD",-36.6541718505438,18,-7.52579898596674,18
"68941.CFI-400945-2ON5OFF.m3",87.102401564728,29850.54385,"PD",60.8087937908056,14,74.4607495714808,14
"68941.CFI-400945-2ON5OFF.m4",29.4855867257779,4031.492595,"SD",-65.0318975515421,39,-16.9139774036052,11
"68941.CFI-400945-2ON5OFF.m5",79.4286693541945,11883.85445,"SD",22.2233490869016,18,14.9484290379506,11
"68941.CFI-400945-2ON5OFF.m6",-42.9627159338166,4897.66304,"PR",-51.0382472348436,45,-24.0767174966546,11
"68941.CFI-400945-2ON5OFF.m7",83.6144747382725,16224.9267,"PD",67.4656597973947,14,65.9967710234452,11
"68941.CFI-400945-2ON5OFF.m8",61.8400778347137,6199.9597,"SD",-13.6784231877116,32,15.0818387304411,11
"68941.CFI-400945-2ON5OFF.m9",-5.1639765939054,2416.767455,"SD",-45.9989261688442,39,-12.9848189752282,14
"68941.CFI-400945-2ON5OFF.m10",88.5899772887471,62885.6231,"SD",14.0274212417833,11,-0.567168575829249,11
"69196_P3_945_150528_RES.H2O.m1",88.2388491791249,56038.494586,"PD",129.274346683762,13,76.0717684421334,10
"69196_P3_945_150528_RES.H2O.m2",86.0134228549709,39533.93035175,"PD",182.000195424304,13,110.195767789619,10
"69196_P3_945_150528_RES.H2O.m3",84.3165928202148,50545.6977235,"PD",76.449662117886,12,52.3493652890405,12
"69196_P3_945_150528_RES.H2O.m4",84.4723061382833,52952.95287925,"PD",150.014692332674,20,63.2338421120116,12
"69196_P3_945_150528_RES.H2O.m5",84.6766209073809,41812.83645775,"PD",193.982873991895,12,115.36500941721,12
"69196_P3_945_150528_RES.H2O.m6",83.3057709864074,15843.30738825,"SD",12.2297155368421,12,7.77304463157894,12
"69196_P3_945_150528_RES.H2O.m7",84.3165928202148,50545.6977235,"PD",76.449662117886,12,52.3493652890405,12
"69196_P3_945_150528_RES.H2O.m8",84.4723061382833,52952.95287925,"PD",150.014692332674,20,63.2338421120116,12
"69196_P3_945_150528_RES.H2O.m9",84.6766209073809,41812.83645775,"PD",193.982873991895,12,115.36500941721,12
"69196_P3_945_150528_RES.H2O.m10",78.3512765390563,13914.25684725,"SD",20.0737998016106,16,19.8330583917512,13
"69196_P3_945_150528_RES.CFI-400945.m1",-33.4476946341725,3734.3653105,"CR",-95.6289744813028,16,-47.372155248489,45
"69196_P3_945_150528_RES.CFI-400945.m2",4.6618351622239,13555.11888325,"PR",-91.9568596216143,21,-38.5613406855567,37
"69196_P3_945_150528_RES.CFI-400945.m3",53.3016076725052,13218.80810225,"PR",-95.6433370852914,27,-21.1369051967931,27
"69196_P3_945_150528_RES.CFI-400945.m4",-19.3697812801371,19835.46178725,"CR",-98.1995163955053,56,-62.6908600307778,120
"69196_P3_945_150528_RES.CFI-400945.m5",-59.5756109778492,4222.1848505,"SD",-89.4318834986493,36,-11.7794255667658,36
"69196_P3_945_150528_RES.CFI-400945.m6",-22.0524109546328,5405.49017625,"CR",-99.3411576397884,90,-48.4574436233088,160
"69196_P3_945_150528_RES.CFI-400945.m7",-19.3697812801371,19835.46178725,"CR",-98.1995163955053,56,-62.6908600307778,120
"69196_P3_945_150528_RES.CFI-400945.m8",-59.5756109778492,4222.1848505,"SD",-89.4318834986493,36,-11.7794255667658,36
"69196_P3_945_150528_RES.CFI-400945.m9",-22.0524109546328,5405.49017625,"CR",-99.3411576397884,90,-48.4574436233088,160
"69196_P3_945_150528_RES.CFI-400945.m10",-34.8730707363019,9514.33262475,"SD",-61.9000095582688,66,-18.7679101091073,80
"69196_P3_945_150528_RES.CFI-400945.m11",-67.6488717233109,7757.7621935,"PR",-61.9226170088752,41,-26.0130173035897,49
"NOTCHB03.CFI-400945-6DAILY.m1",77.7879834805621,85467.52296125,"PD",-15.4967244830516,92,49.7165830120403,11
"NOTCHB03.CFI-400945-6DAILY.m2",-3.23748291283602,26048.026691,"CR",-97.2191351049248,95,-46.2739535122589,123
"NOTCHB03.CFI-400945-6DAILY.m3",-42.4581626481791,26475.6007445,"PR",-94.2419663915094,85,-49.5007638721872,246
"NOTCH02_P3_CARBO_160603_RES.H2O.m1",84.0473241811043,101976.072973,"SD",19.9162294232891,16,3.89295381358796,13
"NOTCH02_P3_CARBO_160603_RES.H2O.m2",87.5255058456709,13396.380213,"PD",80.9324326226237,21,63.3667712735111,13
"NOTCH02_P3_CARBO_160603_RES.CARBOPLATIN.m1",-63.0665765254569,4954.288441,"PR",-99.6216560447862,71,-34.3679382768425,80
"NOTCH02_P3_CARBO_160603_RES.CARBOPLATIN.m2",-76.3908154842878,12062.490465,"PR",-98.6825663691445,57,-37.2666758710631,85
"NOTCH02_P3_CARBO_160603_RES.CARBOPLATIN.m3",-71.8394784888459,5510.094811,"CR",-99.7367721919573,57,-48.5690069561113,80
"NOTCH06.CFI-402257+ABT263.m1",80.2462183088561,3899.77121625,"PD",41.7356214939341,13,21.0788622130004,13
"NOTCH06.CFI-402257+ABT263.m2",83.996861014534,3668.5845825,"PD",110.945418195198,13,37.6458491674438,13
"NOTCHB03.CFI-400945.m1",85.2211029617001,21360.084112,"SD",-17.9104685933849,14,10.0261352385182,14
"NOTCHB03.CFI-400945.m2",-88.9957136709064,14751.748279,"SD",-47.8953676052149,14,-31.5613865473057,14
"NOTCHB03.CFI-400945.m3",85.4433794437594,5849.5010995,"PD",56.2675378372642,13,59.114491237781,13
"NOTCHB03.CFI-400945.m4",-5.78574394585062,2211.04968975,"SD",-12.7168969406949,13,2.0059179971444,17
"NOTCHB03.CFI-400945.m5",-85.6555010646702,1323.041928,NA,NA,NA,NA,NA
"NOTCHB03.CFI-400945.m6",54.0099522233383,882.395604,NA,NA,NA,NA,NA
"NOTCHB03.CFI-400945.m7",-81.1092137664449,3390.12215525,"SD",-29.9350733115631,11,-19.662747524267,11
"NOTCHB03.CFI-400945.m8",85.3548748887008,1463.78247825,NA,NA,NA,NA,NA
"NOTCHB03.CFI-400945.m9",85.2680487283507,68012.26982875,"PD",15.5403042843058,35,45.9275091110593,11
"NOTCHB03.CFI-400945.m10",-73.0263571625615,46470.21048425,"SD",-61.5675973056063,63,-2.87930901911119,67
"NOTCHB03.CFI-400945.m11",-86.7299724815993,7779.59225925,"CR",-98.3726183269214,46,-81.9637236309391,67
"NOTCHB03.CFI-400945.m12",-55.4270938575166,2963.55568725,"CR",-99.6225234874851,35,-81.2590042591954,126
"NOTCHB03.CFI-400945.m13",70.561813981658,384.368889,NA,NA,NA,NA,NA
"NOTCHB03.CFI-400945.m14",-54.3948346774676,3279.1804665,"CR",-99.5534854147127,52,-71.339840976135,108
"NOTCHB03.CFI-400945.m15",-64.554654424754,3985.672555,"CR",-99.7056389856437,98,-76.8710664668215,108
"NOTCHB03.CFI-400945.m16",-48.3721412649343,4597.8701375,"CR",-99.5015273252601,74,-56.1652089960485,108
"NOTCHB03.CFI-400945.m17",9.37153446330113,15155.0022975,"CR",-99.5252168849626,92,-56.5158690898457,139
"NOTCHB03.CFI-400945.m18",58.1636453916433,59325.05353225,"PR",-92.337790209956,56,-38.7576822521444,98
"NOTCHB03.CFI-400945.m19",32.2062899828854,23747.8743585,"SD",-33.096147679481,93,-0.417977799305953,107
"NOTCH06.CFI-400945.m1",-29.1171235059585,48047.09966,"SD",-30.3142548067138,29,-7.1611788787067,29
"NOTCH06.CFI-400945.m2",-5.76793151074262,22564.83317925,"SD",-37.322587582712,18,-20.028756724887,29
"NOTCH06.CFI-400945.m3",-85.8069207373765,20101.27922625,"SD",-41.359490241702,26,-16.884036769375,26
"NOTCH06.CFI-400945.m4",79.5066938456738,21242.81803375,"SD",-5.21373521054134,15,22.386241358618,15
"NOTCH06.CFI-400945.m5",83.8111424496147,8030.0093725,"PD",67.0839694656488,14,34.533837269402,14
"NOTCH06.CFI-400945.m6",79.5612470285879,6987.87342275,"SD",28.8804872925856,14,18.7699153032982,14
"NOTCH06.CFI-400945.m7",86.6373153188934,24284.232894,"SD",4.27226054118162,13,2.16528321544811,13
"NOTCH06.CFI-400945.m8",85.2293822109411,15729.48031225,"PD",110.367753700846,10,40.8991921919014,10
"NOTCH06.CFI-400945.m9",81.1959505186569,6450.9812015,"PD",19.6781344065705,13,34.741575286023,13
"NOTCH06.CFI-400945.m10",7.17560482694223,17938.16075025,"PR",-92.6984915083456,76,-39.4143812269022,76
"NOTCH06.CFI-400945.m11",71.291602125392,35802.921233,"PD",17.3975482786594,64,68.329241562542,64
"71732.CFI-402257-LOW+PACLITAXEL.m1",86.3778134949323,12229.59788525,"PD",48.2219950932511,11,28.2501570189317,11
"71732.CFI-402257-LOW+PACLITAXEL.m2",84.9411644037085,22525.739006,"SD",31.6662871500162,11,14.9800362222738,11
"48342.PACLITAXEL.m1",85.4529665983312,5152.955504,"SD",23.963124847213,10,3.21998757175196,10
"48342.CX-5461.m1",86.6085961173751,10105.002804,"SD",27.3373372729822,10,8.65162193555657,10
"48342.CX-5461.m2",88.6447964111094,25171.9640226,"PD",76.4063459280412,10,39.8299706610622,10
"48342.ERIBULIN.m1",9.78338454020552,6854.4693315,"PR",-51.8330758125031,23,-21.511623924359,23
"48342.ERIBULIN.m2",80.6805305115288,5731.55577575,"SD",-26.8583662187506,10,-8.83064988780603,14
"NOTCH10.H2O.m1",68.5804623625856,9431.13620225,"SD",18.595421784269,35,27.8115501519757,14
"NOTCH10.H2O.m2",65.4487490084374,13953.9988095,"SD",10.0431137336123,35,7.67377675340647,14
"NOTCH10.H2O.m3",66.7257791434648,10848.9819865,"SD",15.8773987355007,14,7.93869936775037,14
"NOTCH10.H2O.m4",84.7231113087157,28024.195591,"PD",42.7179487179487,17,37.4483609228585,14
"NOTCH10.H2O.m5",80.3254669667701,25364.7258,"PD",58.2129599067592,15,21.8151249223614,12
"NOTCH10.H2O.m6",87.5294509510855,41073.02671025,"PD",97.0838590627687,12,55.9590803017585,12
"NOTCH10.H2O.m7",76.6562673450975,35798.41092035,"PR",-55.7419364650081,19,-32.1863833305791,19
"NOTCH10.H2O.m8",84.7734053345795,11213.3151695,"SD",11.7692465284179,11,6.68116117075332,11
"NOTCH10.H2O.m9",83.2894438166642,9659.39603925,"PD",87.0369722090334,14,33.5496661417917,11
"NOTCH10.H2O.m10",85.8190018700565,17510.474392,"SD",19.0195915497929,11,2.76937564711973,11
"NOTCH10.H2O.m11",81.7922784416208,13219.40226425,"PD",208.267784788863,11,161.395689828081,11
"NOTCH10.H2O.m12",87.3579104566616,19755.911326,"PD",74.243278337427,11,62.523453989095,11
"NOTCH10.H2O.m13",78.7685254882786,39028.936328,"SD",33.2120716915173,11,11.7498505256364,11
"NOTCH10.H2O.m14",86.5290603695617,29607.249429,"PD",40.3927612788896,15,30.464011895135,11
"NOTCH10.H2O.m15",82.152813656045,8721.813861,"PD",81.2888627737704,27,81.3201215087979,13
"NOTCH10.H2O.m16",84.9696415109545,52748.561158,"SD",19.6008667198039,12,17.9429178299015,12
"NOTCH10.H2O.m17",83.700537797228,22530.619336,"PD",40.6425281770998,15,32.7493535271722,12
"NOTCH10.H2O.m18",84.7971827592298,25884.4300855,"PD",14.4112238581052,12,44.5293412962566,12
"NOTCH10.H2O.m19",83.5343514699371,37503.9170465,"SD",-12.4785171735935,20,0.210202411805797,12
"NOTCH10.H2O.m20",85.4199456342283,39307.05258625,"PD",61.9026488176667,15,44.2478252885727,12
"NOTCH10.CX-5461.m1",61.0581974427491,9681.07620875,"SD",-1.94365124432876,14,-0.971825622164381,14
"NOTCH10.CX-5461.m2",63.6027100525117,9551.81337,"SD",24.1498138234728,35,18.5879209384975,14
"NOTCH10.CX-5461.m3",65.6867100076836,12449.4594865,"SD",13.0424791346093,45,24.7275721427123,14
"NOTCH10.CX-5461.m4",68.4596920469938,13485.3928255,"SD",-4.88740595827672,14,-2.44370297913836,14
"48342.CFI-402257-3ON4OFF.m1",86.3038870789254,11212.540232,"PD",64.6015654557371,10,35.6261979895815,10
"48342.CFI-402257-3ON4OFF+PACLITAXEL.m1",75.1726559287973,7904.39847975,"SD",6.92485442073546,16,14.7453514354134,16
"48342.BMN-673.m1",85.1116052149445,11617.2514445,"PD",55.6256500609893,10,25.4216662208765,10
"48342.CARBOPLATIN.m1",88.4469201497703,24120.744121,"PD",248.887410477467,10,78.842770970404,10
"NOTCH01_P1_945_150512_RES.CFI-400945.m1",89.531247124323,15970.109904,NA,NA,NA,NA,NA
"NOTCH01_P1_945_150512_RES.CFI-400945.m2",84.3862689790814,52197.94676975,"SD",5.08851253852334,19,14.6827662651798,19
"NOTCH01_P1_945_150512_RES.CFI-400945.m3",85.9993457266337,52403.5743345,"PD",38.9711625259601,12,19.48558126298,12
"NOTCH01_P1_945_150512_RES.CFI-400945.m4",77.1856058905028,52366.97119725,"SD",0.61369616313535,96,20.1522571212769,12
"NOTCH01_P1_945_150512_RES.CFI-400945.m5",NA,NA,NA,NA,NA,NA,NA
"NOTCH01_P1_945_150512_RES.CFI-400945.m6",-46.803171560222,862.635542,"CR",-100,40,-90.6926397747923,103
"NOTCH01_P1_945_150512_RES.CFI-400945.m7",87.4982408262272,25124.91227,"SD",8.55770285429861,12,4.2788514271493,12
"NOTCH01_P1_945_150512_RES.CFI-400945.m8",88.2868097319135,35424.44760125,"SD",7.5542041184124,19,6.08167967084423,12
"NOTCH01_P1_945_150512_RES.CFI-400945.m9",89.3168587082318,29635.850403,"PD",76.495063239327,12,38.2475316196635,12
"NOTCH01_P1_945_150512_RES.CFI-400945.m10",88.2236048654052,10233.10633525,"PD",140.394227272808,13,69.1078813345052,13
"NOTCH01_P1_945_150512_RES.CFI-400945.m11",89.1514503755224,20644.97163975,"PD",182.3329959628,13,69.2630173861967,13
"NOTCH01_P1_945_150512_RES.CFI-400945.m12",89.3266951453626,11864.3889565,NA,NA,NA,NA,NA
"NOTCH01_P1_945_150512_RES.CFI-400945.m13",88.8379769406743,9536.5842245,"PD",418.667935751687,14,129.916360564502,14
"NOTCH01_P1_945_150512_RES.CFI-400945.m14",89.6243711380797,8873.978256,NA,NA,NA,NA,NA
"NOTCH01_P1_945_150512_RES.CFI-400945.m15",89.1938718118557,23270.87996025,"PD",104.210924175821,14,25.8364913701398,14
"NOTCH01.CX-5461.m1",85.4096830208617,12050.52942995,"SD",26.3825515030302,16,17.2111903118568,13
"NOTCH01.CX-5461.m2",66.5997464503531,3563.097166,"SD",-17.4605551292369,16,-15.914320520899,16
"NOTCH01.CX-5461.m3",85.302834041672,17954.800886,"SD",-3.72010245734107,13,-1.97109046717919,13
"44205.BMN-673.m1",-81.9705506431532,897.5259295,NA,NA,NA,NA,NA
"44205.BMN-673.m2",75.4989692015245,26309.32955575,"SD",26.2454994982758,13,2.57269077578928,13
"44205.CFI-402257-3ON4OFF+PACLITAXEL.m1",-54.3130248151705,4958.48793625,"PR",-69.7560003030496,27,-45.3938063339183,44
"44205.CFI-402257-3ON4OFF+PACLITAXEL.m2",-64.6305413261687,17803.04277025,"SD",-47.3026914754556,48,-19.147924427374,70
"44205.CFI-402257-3ON4OFF+PACLITAXEL.m3",10.5893708956669,19413.8860965,"SD",-12.3707859446989,62,12.9899667048539,104
"51706.H2O.m1",84.5335757094803,3522.3150875,"PD",61.8202456508387,12,43.9430619696209,12
"51706.CFI-400945.m1",85.1910137681609,4232.279464,"PD",59.1783603780897,12,61.6896322225241,12
"17518.H2O.m1",89.4987329177844,17496.2091295,"PD",620.369701749595,13,334.752344910989,13
"17518.H2O.m2",87.9006818689963,12271.00899125,"PD",142.452704285419,13,70.8512055433536,13
"17518.H2O.m3",87.4876879064035,19866.2550335,"PD",58.7561720226843,13,35.8522713482228,13
"17518.CFI-400945.m1",79.9459699222897,8053.9352385,"PD",37.7073998590146,23,17.7809224784607,13
"17518.CFI-400945.m2",82.2660083246395,9857.3283725,"PD",-53.1098285353624,16,42.9976303516954,16
"17518.CFI-400945.m3",78.7424346065993,4515.64354575,"SD",6.47709320695103,16,22.3958408033268,16
"17518.CFI-400945.m4",85.1598904365532,19242.8703745,"SD",-2.81482563480596,13,7.81709592413768,13
"NOTCH06.CFI-400945-5DAILY.m1",38.3025682411912,29549.42965225,"CR",-97.622920885524,38,-75.6260918615211,126
"NOTCH06.CFI-400945-5DAILY.m2",77.7170785983676,13141.11532425,"SD",1.6037552278565,21,28.0355157160728,21
"NOTCH06.CFI-400945-5DAILY.m3",-53.7301131171533,9997.64739375,"SD",-48.1253265349169,49,-10.7571951484438,49
"NOTCH06.CFI-400945-5DAILY.m4",-62.651789587797,6181.1379165,"CR",-98.0439188771787,45,-79.6827347987323,143
"NOTCH06.CFI-400945-5DAILY.m5",79.890075874638,43807.55122375,"SD",21.9449052813349,13,19.8835008027905,13
"NOTCH06.CFI-400945-5DAILY.m6",-34.9086823663421,3359.2824555,"CR",-100,168,-77.9043106700274,214
"NOTCH06.CFI-400945-5DAILY.m7",89.3591745658833,37175.7515655,"PD",300.112771244461,14,158.748205952767,14
"72877.H2O.m1",79.0395614101394,16810.0302375,"SD",15.4332247810578,12,2.39551258509737,12
"72877.H2O.m2",51.3151884976492,18621.69758025,"SD",-4.26452930253054,47,22.4758336181004,15
"72877.H2O.m3",72.1861840495097,21907.331603,"SD",-0.955632240354181,33,21.5172585687245,12
"72877.CFI-400945.m1",-55.578891447646,8815.5523175,"PR",-69.4876207316835,82,-38.7069611296624,85
"72877.CFI-400945.m2",-53.6098156926996,1393.07337025,"SD",-40.8439935689071,19,-18.8578123927989,22
"72877.CFI-400945.m3",63.5963748184029,3853.53779975,"SD",7.21794012705029,19,19.5901738010535,19
"72877.CFI-400945.m4",-38.8220965984878,9705.0871925,"PR",-66.256257554558,64,-23.5692865258767,85
"72877.CFI-402257-LOW.m1",61.5925856500954,22564.09932975,"SD",-41.0872522459685,29,-3.53397981656701,15
"72877.CFI-402257-LOW.m2",62.5016241148633,11445.51657725,"SD",32.0148095718834,12,18.0704619301362,12
"72877.CFI-402257-LOW.m3",-11.8949541633628,8174.09767575,"SD",-46.2376535101869,36,-16.8335989575689,44
"72877.PACLITAXEL.m1",-72.600718926632,11166.7443325,"PR",-55.23464914493,44,-24.9850222156577,47
"72877.PACLITAXEL.m2",-41.6190047812524,3289.0699585,"PR",-94.8553054662379,61,-23.9125735476956,61
"72877.PACLITAXEL.m3",-59.5240505768942,2892.613593,"CR",-95.8801718526574,61,-44.0278004218124,61
"NOTCH01.CFI-400945-6DAILY.m1",72.7806439081982,9506.77921525,"SD",7.40496465106641,18,16.1694802681902,18
"NOTCH01.CFI-400945-6DAILY.m2",-44.1222349324278,6817.647341,"SD",-37.942572563993,11,-13.1854238833176,35
"NOTCH01.CFI-402257-3ON4OFF.m1",84.2712042566512,18510.01548975,"PD",46.7429136116099,11,18.4379855600101,11
"NOTCH01.CFI-402257-3ON4OFF.m2",72.2293407463017,4505.89003075,"SD",16.5394277371644,18,3.75140614062855,11
"NOTCH01.CFI-402257-3ON4OFF.m3",0.36403791692025,1443.669279,"SD",-11.2849880715304,14,0.924050524145036,14
"65465.ERIBULIN.m1",-11.6870244162669,8780.267444,"CR",-99.6557882489715,28,-81.8440605697853,99
"65465.ERIBULIN.m2",-11.6870244162669,8780.267444,"CR",-99.6557882489715,28,-81.8440605697853,99
"65465.CARBOPLATIN.m1",82.899257186409,6929.218031,"PD",166.908752993514,16,59.3963047026322,13
"65465.CARBOPLATIN.m2",82.899257186409,6929.218031,"PD",166.908752993514,16,59.3963047026322,13
"NOTCH01.FROST.m1",10.1551879170809,3715.931485,"SD",-41.7137092586053,21,-9.72750943165858,21
"NOTCH01.FROST.m2",-68.180252592269,6629.826816,"SD",-44.8066471437601,14,-27.6017475293629,17
"NOTCH01.FROST.m3",89.2698872174679,11095.639074,"PD",351.931955249144,11,146.169037659161,11
"NOTCH01.FROST.m4",88.8709825390034,6271.584138,"PD",572.107527286569,11,242.986318720347,11
"NOTCH01.FROST.m5",88.8577769827769,7701.30161025,"PD",153.681211786762,11,67.9679672852074,11
"NOTCH01.FROST.m6",89.5206087027453,16089.44257125,"PD",1480.08806235681,11,597.299492018548,11
"NOTCH01.FROST.m7",88.8873299620645,6744.30561675,"PD",362.298679405856,11,155.210267200974,11
"71208_P1_945_160512_RES.H2O.m1",72.2569041918308,16667.5163715,"SD",5.87045442798103,21,18.9905333353995,10
"71208_P1_945_160512_RES.H2O.m2",64.4907995325781,10530.5821375,"PD",57.7629844813492,16,37.3652887400566,10
"71208_P1_945_160512_RES.H2O.m3",52.492518404848,10743.0038625,"SD",-3.97843434256613,16,21.3919029942671,21
"71208_P1_945_160512_RES.H2O.m4",81.6593454758354,17759.8094575,"SD",5.41609580717129,18,11.8789209821591,11
"71208_P1_945_160512_RES.H2O.m5",77.4849782318294,9816.15489975,"PD",64.8013350975957,23,43.3767790752543,12
"71208_P1_945_160512_RES.CFI-400945.m1",67.2457718320285,13899.600439,"SD",12.071203242639,13,10.3774614673581,10
"71208_P1_945_160512_RES.CFI-400945.m2",47.142872018452,9333.694791,"SD",-16.3366801149779,35,10.1811587221858,10
"71208_P1_945_160512_RES.CFI-400945.m3",40.692238857007,10293.97456325,"SD",-19.4801235153752,24,-17.9443078425427,13
"71208_P1_945_160512_RES.CFI-400945.m4",72.9518351938107,4867.5347905,"SD",20.4054297526931,16,23.4585425681992,16
"71208_P1_945_160512_RES.CFI-400945.m5",72.8989521712011,14606.308305,"SD",-6.0673349132029,11,-1.71409472646738,11
"REF001.CX-5461.m1",36.7678905712621,7037.4575395,"SD",-4.58199586217172,35,16.4949972106895,35
"REF001.CX-5461.m2",-37.4684015248954,4507.701089,"PR",-58.8614768053233,22,-38.1705375534443,32
"REF001.CX-5461.m3",59.2935040512184,5094.35343075,"SD",-29.8539812233483,16,-18.5035743305419,16
"REF001.CX-5461.m4",78.7494198862565,7647.48860775,"SD",5.55078776118526,13,5.47037330568793,13
"REF001.CX-5461.m5",56.9052632760164,10766.6842575,"PD",21.8730655068967,41,32.17616325629,12
"REF001.CX-5461.m6",80.37047492844,7512.9362275,"PD",78.517263705075,14,28.6078657954522,14
"67725.CFI-400945.m1",89.0531511433428,35107.9953755,"PD",320.636371549141,11,163.199264020087,11
"67725.CFI-400945.m2",88.2873131598002,22172.4404385,"PD",108.00237352617,11,79.6470705072473,11
"67725.CFI-400945.m3",88.672752813613,716.043823,NA,NA,NA,NA,NA
"67725.CFI-400945.m4",89.0211486893094,34926.820144,"PD",233.182543264358,14,96.1344299729894,11
"67725.CFI-400945.m5",88.8432598002621,27611.08910625,"PD",432.247685168615,11,205.799353962656,11
"67725.CFI-400945.m6",84.0885625962515,7841.722539,"SD",-32.3761144116065,10,-3.64228228709744,10
"67725.CFI-400945.m7",76.272265232919,6710.7472315,"PD",22.1626339460955,20,33.9694906759348,13
"67725.CFI-400945.m8",35.9106096750645,26831.767395,"SD",-31.4270273838106,42,-19.8887225956851,48
"67725.CFI-400945-2ON5OFF.m1",88.6875399420845,26713.94909825,"PD",209.327616086902,14,147.00468387002,11
"67725.CFI-400945-2ON5OFF.m2",88.4782170285435,24697.7249985,"PD",179.09296127067,11,105.817821253586,11
"67725.CFI-400945-2ON5OFF.m3",88.2258588905681,19121.63145475,"PD",316.196717979983,11,138.788527864786,11
"67725.CFI-400945-2ON5OFF.m4",88.7713349071987,27078.446484,"PD",330.931394950196,14,207.676515917024,11
"67725.CFI-400945-2ON5OFF.m5",88.5654221962264,24397.92676175,"PD",255.41115577455,14,119.68607324624,11
"67725.CFI-400945+CFI-402257.m1",87.6925644905467,16420.888829,"PD",268.361701483069,11,161.287872184056,11
"67725.CFI-400945+CFI-402257.m2",89.185916361402,43447.2687955,"PD",221.045978622014,14,116.632705040114,11
"67725.CFI-400945+CFI-402257.m3",87.7955079308657,16486.80046375,"PD",304.487599907568,11,221.24077454985,11
"67725.CFI-400945+CFI-402257.m4",88.2146546963582,21691.7472135,"PD",162.576499314877,11,64.8408200374877,11
"67725.CFI-400945+CFI-402257.m5",86.5638353857668,10525.820179,"PD",215.037267977865,11,125.812177363435,11
"67725.CFI-402257.m1",88.909933591482,29899.5833395,"PD",194.784122265209,11,113.54097300734,11
"67725.CFI-402257.m2",88.8798809697183,30518.60399975,"PD",377.481301782841,11,201.045171215008,11
"67725.CFI-402257.m3",89.0491180126246,35402.96931075,"PD",335.864641803239,11,216.456703072917,11
"67725.CFI-402257.m4",88.8162408523498,28510.2722145,"PD",232.361732397221,11,158.521166841252,11
"67725.CFI-402257.m5",80.9154176801335,3807.427766,"PD",50.0520535120936,12,16.0078568100575,12
"69693_P5_945_151023_RES.PACLITAXEL.m1",54.5186673017504,925.424082,NA,NA,NA,NA,NA
"69693_P5_945_151023_RES.PACLITAXEL.m2",-65.1510483723064,6575.383977,"SD",-34.4750747398062,27,-18.0968705325745,33
"73471.CFI-400945.m1",85.8328222153701,4558.1482055,"SD",-12.2937785171565,12,28.3268032355386,12
"73471.CFI-400945.m2",88.0893699903578,11929.08185625,"PD",137.446033168516,12,75.550010206993,12
"73471.CFI-400945.m3",86.633707336549,8137.29086375,"PD",132.49280792163,12,63.7761621715219,12
"73471.CFI-400945.m4",44.8447486896044,1775.75419925,"SD",-46.7500567042807,12,-30.337445000745,12
"73471.CFI-400945.m5",81.7033895976648,3876.71937075,"SD",7.59166988517462,12,4.41069830151892,12
"73471.CFI-400945.m6",82.2156053363376,7170.00471,"SD",18.0822077221856,13,18.873762086017,13
"73471.CFI-400945.m7",83.7907716957657,11187.76287925,"PD",47.8008215939273,13,25.8190987842822,13
"73471.CFI-400945.m8",87.7213584865592,31279.05694375,"PD",112.596136386797,10,68.5264386149752,10
"73471.CFI-400945.m9",85.5423121485123,15831.470668,"PD",33.0697596034368,10,40.4075532243237,10
"73471.CFI-400945.m10",40.4652648875772,1959.3178065,"PD",8.89887341709537,17,54.1750964582509,10
"73471.CFI-400945.m11",80.909794406106,8827.2048335,"PD",306.194764750442,10,154.10506036716,10
"73471.CFI-400945.m12",88.1838680189727,40120.77636575,"PD",246.179064717079,10,214.628886446952,10
"73471.CFI-400945.m13",68.8107839096284,3639.13190525,"PD",71.030359497276,19,62.1737863059701,12
"73471.CFI-400945.m14",76.6294458610625,8270.33149975,"SD",21.0517465678923,12,26.2561347037115,12
"73471.CFI-400945.m15",66.1597335794985,3220.50995725,"PD",75.4602390360818,15,67.7997420670767,12
"73471.CFI-400945.m16",85.8529540017532,5882.80887,"PD",50.6652153244398,10,20.8863135420127,10
"REF001.BMN-673.m1",68.03161234979,12401.689558,"SD",-31.4537852823435,16,-20.6284398763428,20
"REF001.BMN-673.m2",72.0948065001245,6632.38537625,"SD",-11.390160641897,13,-8.64611906049263,13
"REF001.BMN-673.m3",79.9963948406022,2853.4652325,"SD",29.9808709175739,12,17.517534992224,12
"NOTCHB03.CFI-400945-5DAILY.m1",54.3594003887149,15890.106326,"SD",-9.24524516693375,50,21.9429356818015,19
"NOTCHB03.CFI-400945-5DAILY.m2",79.4839151824698,23190.38594725,"SD",9.90473212134155,43,11.1441445118828,19
"NOTCHB03.CFI-400945-5DAILY.m3",29.1034640072059,21745.444862,"SD",-25.9630322403365,36,4.71688530669144,50
"NOTCHB03.CFI-400945-5DAILY.m4",-84.1064180223855,975.752172,"CR",-99.881692111168,32,-93.616578353182,67
"NOTCHB03.CFI-400945-5DAILY.m5",-84.350209290979,2113.720702,"CR",-99.8893999579198,60,-89.7092152071386,67
"NOTCHB03.CFI-400945-5DAILY.m6",83.6372112886061,47723.4082945,"SD",15.2334239284299,11,11.1548178356046,11
"NOTCHB03.CFI-400945-5DAILY.m7",-84.1504572603171,15927.39480275,"PR",-78.1556274855033,18,-68.5112275233187,42
"NOTCHB03.CFI-400945-5DAILY.m8",50.0626110743737,29232.4717205,"SD",-11.9960469107379,42,-4.36915205702617,18
"NOTCHB03.CFI-400945-5DAILY.m9",84.1303765690826,34101.6767705,"SD",-6.27452364083782,11,-3.13726182041891,11
"NOTCHB03.CFI-400945-5DAILY.m10",82.2672731698336,22345.255808,"PD",57.3710510422649,11,28.6855255211324,11
"NOTCHB03.CFI-400945-5DAILY.m11",78.7050761995791,76187.07714325,"SD",-19.198175526594,11,-9.72514521260182,14
"REF005.BMN-673.m1",74.7855631761385,10891.28375625,"SD",-42.748211386718,12,-24.7689210424448,15
"REF005.BMN-673.m2",-7.73319531375787,21373.95862125,"SD",-86.7866566138245,228,-13.4034376401838,12
"REF005.BMN-673.m3",74.7855631761385,10891.28375625,"SD",-42.748211386718,12,-24.7689210424448,15
"REF005.BMN-673.m4",80.6925761355278,13130.1836845,"PD",52.449025808558,21,28.6463591110104,14
"REF005.BMN-673.m5",84.904492553718,7717.3547425,"PD",53.3529222520107,12,26.6764611260054,12
"REF005.CARBOPLATIN.m1",82.2624764489271,8728.0391115,"PD",54.6018775720452,17,9.22945719183881,14
"REF005.CARBOPLATIN.m2",73.043452672239,4337.39891125,"SD",26.9281325854559,12,9.49598207453081,12
"REF005.CARBOPLATIN.m3",86.6429808893859,11520.24787325,"PD",75.9657032791121,12,25.6979553972897,12
"REF005.CARBOPLATIN.m4",82.2624764489271,8728.0391115,"PD",54.6018775720452,17,9.22945719183881,14
"REF005.CARBOPLATIN.m5",87.6006658627901,4671.113508,NA,NA,NA,NA,NA
"REF005.CARBOPLATIN.m6",72.1087593720191,7660.58753225,"SD",20.7583102493075,16,4.6188176243578,13
"REF005.CARBOPLATIN.m7",87.7127452915626,7835.011548,"PD",88.7281929434245,15,35.0104053339596,15
"28992.H2O.m1",89.52578424438,16411.3655325,"PD",682.210178217401,12,328.711596037805,12
"28992.H2O.m2",89.1707403934883,12231.5141545,"PD",218.385291176088,12,94.7808499944467,12
"28992.H2O.m3",88.6352757515785,6682.0134895,"PD",346.486703490832,12,144.417616765661,12
"28992.H2O.m4",89.4961419325262,9138.13258425,NA,NA,NA,NA,NA
"28992.CFI-400945.m1",81.9538855147821,3289.6495645,"PD",44.1353442229605,12,38.7993140919158,12
"28992.CFI-400945.m2",89.4118887302779,17443.315398,"PD",251.939447926192,12,185.352277606225,12
"28992.CFI-400945.m3",88.7858858540533,10717.699642,"PD",117.948767128665,12,73.5351921005983,12
"28992.CFI-400945.m4",88.6076483129869,19258.8677295,"PD",135.054803923328,12,76.7213860161484,12
"28992.CFI-400945.m5",88.3401069562094,18226.22548625,"PD",213.154089430471,20,179.238046620142,12
"28992.CFI-402257.m1",88.6655492463811,12985.6082745,"PD",121.82172250006,12,58.8664938172697,12
"28992.CFI-402257.m2",88.415188784261,8087.63619725,"PD",411.004503969651,15,182.917560820668,12
"28992.CFI-402257.m3",88.9208025503899,10865.04266825,"PD",96.1209291635698,12,49.6350666394786,12
"46962.CFI-400945.m1",-73.031296044914,6388.372138,"PR",-71.0268858696137,51,-43.1793768171615,51
"46962.CFI-400945.m2",-55.3703373028955,6739.3031095,"SD",-99.5846291174158,51,-7.41909829871662,62
"46962.CFI-400945.m3",-78.6822361705312,11540.308689,"PR",-90.6944824096638,58,-43.3137947028341,58
"46962.H2O.m1",-15.9342020806483,3043.948884,"SD",-41.0955433765552,51,-17.0268222850021,16
"46962.H2O.m2",19.2874055943332,2932.56028637,"SD",-18.2420773036031,11,-8.95349288237599,11
"46962.H2O.m3",71.2172560418957,59758.196705,"PD",23.5334041997233,30,32.4550415931863,13
"46962.CX-5461.m1",-65.506021018244,2228.13673125,"PR",-55.7252006870372,16,-43.5927443622192,37
"71335.CFI-402257-3ON4OFF+PACLITAXEL.m1",-66.0234065490907,24503.14986925,"PR",-73.339975386667,91,-40.3599488024433,129
"71335.CFI-402257-3ON4OFF+PACLITAXEL.m2",-41.0227294056663,8898.8014715,"PR",-79.6433958057164,93,-52.3550671163734,136
"71335.PACLITAXEL.m1",36.8131549548047,23884.455194,"SD",-36.6145704792749,91,-3.89369106020695,105
"71335.PACLITAXEL.m2",NA,NA,NA,NA,NA,NA,NA
"66684.H2O.m1",72.1284011261751,37796.84285325,"SD",-3.88776968644835,13,4.91440445940449,13
"66684.H2O.m2",85.2309936629364,104236.76533725,"PD",43.3803183939361,16,27.9467305151312,13
"66684.H2O.m3",75.3184156228762,39573.584019,"SD",-9.86825787137369,10,-7.2816221288494,10
"66684.H2O.m4",79.3903647734703,40305.51485425,"SD",19.0571971624726,10,13.0041726630544,10
"66684.H2O.m5",85.8761381332867,59130.688529,"PD",56.1418622186239,10,37.6814694341047,10
"66684.H2O.m6",70.8218587621073,44584.93955075,"SD",2.48531848495793,10,-1.46628826847172,10
"66684.H2O.m7",77.0180453126818,22389.61595825,"SD",-4.17823292074891,10,-16.0210325041763,10
"66684.H2O.m8",80.4650465435078,32924.8145415,"SD",5.19931290075252,10,-14.7832308125419,10
"66684.H2O.m9",73.3695020041846,23220.1884395,"SD",-6.00426849048443,10,-14.6223766099577,10
"66684.H2O.m10",77.9029300052281,57050.232602,"SD",11.0367294931714,10,-2.27681958838854,10
"66684.H2O.m11",84.2558425666025,124149.12531925,"PD",35.2219666217789,15,17.8725389200219,10
"66684.H2O.m12",69.8738151701652,20151.2785575,"SD",-27.5502095333762,14,-24.5314403653885,14
"66684.CFI-400945-6DAILY.m1",13.2168657420388,17790.37898175,"PR",-89.8252227640291,54,-41.7484113055718,90
"NOTCHB02.CFI-402257-3ON4OFF+PACLITAXEL.m1",47.4250033562735,6835.7782195,"SD",-7.95391268954956,19,-5.63481041081891,19
"NOTCHB02.CFI-402257-3ON4OFF+PACLITAXEL.m2",60.6599726654084,10397.146106,"SD",0.0384311824190311,12,0.444616524835079,12
"NOTCHB01.CFI-400945-41.6WEEKLY.m1",81.2568967145845,12491.917859,"PD",43.9207465691864,12,17.0102738435656,12
"NOTCHB01.CFI-400945-41.6WEEKLY.m2",67.9288845350855,10769.2088925,"SD",-3.41791503755587,13,0.459761924287668,13
"46962.CFI-402257.m1",NA,NA,NA,NA,NA,NA,NA
"44441.BMN-673.m1",76.176516895621,4254.47590225,"PD",38.6901690928759,12,14.0209702336912,12
"44441.CX-5461.m1",76.0352760917881,4349.62082475,"SD",29.1484710178534,15,22.3400056465603,12
"44441.ERIBULIN.m1",-81.5043429789072,1391.72260225,"PR",-78.1844999017484,15,-54.3704216033942,22
"69693_P5_945_150703_RES.H2O.m1",87.0538850240974,33079.9019515,"SD",19.0422519099252,12,9.52112595496261,12
"69693_P5_945_150703_RES.H2O.m2",86.372970267531,23434.71856625,"PD",90.9215905629231,12,45.4607952814616,12
"69693_P5_945_150703_RES.H2O.m3",87.2820597640103,37681.82363375,"SD",16.14328583735,12,8.071642918675,12
"69693_P5_945_150703_RES.CFI-400945.m1",-48.7135218861413,4897.6105505,"SD",-46.2050023112899,29,-31.8486870193164,43
"69693_P5_945_150703_RES.CFI-400945.m2",62.6077983352607,12592.730306,"SD",-10.5610732091658,12,-5.28053660458291,12
"69693_P5_945_150703_RES.CFI-400945.m3",50.7558095537951,9264.6095285,"SD",-2.529057910553,19,0.826976473541264,19
"69693_P5_945_150703_RES.CFI-400945.m4",79.9525387986452,13164.737706,"PD",28.7727703128068,19,32.1303477138551,19
"71335.CARBOPLATIN.m1",85.1912657849096,7509.281309,"SD",11.00179852397,15,16.0194731264336,15
"NOTCH02_P4_945_160907_RES.PACLITAXEL.m1",73.781170536502,8661.5104,"SD",23.4201246713683,16,19.4575186004243,14
"69693.H2O.m1",85.8267725026933,36399.99425675,"SD",-32.5921630936406,10,-15.101282057123,10
"69693.H2O.m2",82.9283705416822,16918.43987325,"SD",-33.2399417227353,10,4.32538572360439,17
"69693.H2O.m3",86.6336432395595,34059.000819,"PD",16.1252905956257,17,50.4300723841395,17
"69693.H2O.m4",88.509425342209,77947.713005,"PD",421.129292244157,10,147.775281643525,10
"69693.H2O.m5",84.1393139667849,25025.012717,"SD",3.9614754302037,10,-0.252126233938802,10
"69693.H2O.m6",87.8473228237256,141066.7278625,"PD",143.883129407659,10,115.363589720308,10
"69693.H2O.m7",87.4525858694294,117928.52356025,"PD",200.564589066939,17,169.135478241275,10
"69693.H2O.m8",87.0696870849476,100316.8361525,"PD",322.384622094826,10,158.849486768741,10
"69693.H2O.m9",88.4062124868344,190775.8655545,"PD",215.829857881743,10,116.091614478324,10
"69693.H2O.m10",84.5191160421513,16743.13543225,"PD",94.9367117417177,14,51.407726699299,14
"69693.H2O.m11",88.2419828506816,4884.32982,NA,NA,NA,NA,NA
"69693.H2O.m12",87.2824347327876,7864.771557,"PD",286.447078565072,14,125.747000153806,14
"69693.H2O.m13",87.5798919859748,18864.4742445,"SD",24.1663182749656,16,13.0908981239555,13
"69693.H2O.m14",86.5280029862451,12531.165369,"PD",262.08186530901,13,95.1456904836459,13
"69693.H2O.m15",86.5292986929912,5828.2904275,"PD",139.702926905563,14,58.8449819134918,14
"69693.H2O.m16",86.5365482462257,18840.3248315,"PD",225.449398203832,13,107.634008394055,13
"69693.H2O.m17",88.2228220314795,31170.21713375,"PD",94.4174405859061,15,52.2045721900549,11
"69693.H2O.m18",86.5015190238666,28915.3624265,"PD",123.610719395401,21,97.3461978451332,15
"69693.CFI-400945.m1",84.5001823916992,32814.2630695,"PD",211.862825903635,53,88.9601751603722,10
"69693.CFI-400945.m2",84.8257728768122,23301.80882875,"PD",206.33117089361,10,57.2629491973242,10
"69693.CFI-400945.m3",78.5563274905276,18790.33252925,"SD",32.6434515761878,10,16.4274699571559,10
"69693.CFI-400945.m4",-48.3090413501764,15304.15701675,"SD",-37.327069606482,60,-15.5865754781717,10
"69693.CFI-400945.m5",81.721439036801,20661.96415025,"PD",148.211013534418,17,60.1155820992325,10
"69693.CFI-400945.m6",84.2331041951443,150761.6345605,"PD",38.2221630745403,21,83.5755672326402,24
"69693.CFI-400945.m7",70.5082975051493,47649.80711075,"SD",-49.5681951857656,104,28.4207451851594,10
"69693.CFI-400945.m8",-15.3667337081737,1038.296678,"SD",-35.7752422263608,17,-0.649094094450277,21
"69693.CFI-400945.m9",85.282557366174,182163.52359575,"PD",25.5058305458504,17,50.2371416418569,21
"28077.PACLITAXEL.m1",-54.7811083140489,10062.94857625,"CR",-100,146,-56.1125188278309,146
"28077.PACLITAXEL.m2",-40.206647455605,5272.098396,"CR",-100,92,-76.6121977046268,92
"67990.CFI-400945-6DAILY.m1",-45.0277559814549,4520.51181025,"PR",-100,53,-32.6493710369302,81
"67990.CFI-400945-6DAILY.m2",-76.5067496915917,19610.111035,"CR",-99.0218846128722,85,-48.7191783105639,148
"67990.CFI-400945-6DAILY.m3",-70.1825921664675,16501.844158,"PR",-100,74,-21.5536381005879,81
"67990.CFI-400945-6DAILY.m4",-68.8972936629407,8899.3628205,"CR",-100,53,-41.5679385676485,81
"67990.CFI-400945-6DAILY.m5",-29.735331965407,11889.087204,"SD",-100,74,-12.5759629701364,81
"66292.CX-5461.m1",83.5701296740124,4708.77716475,"PD",75.5815696571673,14,44.6318039337297,14
"NOTCHB03.PACLITAXEL.m1",83.0125502011351,91953.10381775,"SD",-7.91203929841738,28,16.6252850560716,11
"NOTCHB03.PACLITAXEL.m2",-85.9870548238308,1759.02723025,"CR",-96.5128601198414,28,-83.298352494306,35
"NOTCHB03.PACLITAXEL.m3",49.0611251947087,72621.2023885,"CR",-96.6091654128281,39,-82.7568760811326,63
"NOTCHB03.PACLITAXEL.m4",49.910564197202,17295.83296075,"SD",-3.70583564325638,42,13.5858918040739,42
"NOTCHB03.PACLITAXEL.m5",54.9230401863453,10757.95999925,"SD",-1.91211329169453,49,10.881974327373,11
"NOTCHB03.PACLITAXEL.m6",82.8344844672615,17467.6239285,"PD",94.5075256626595,14,52.4986375088172,11
"NOTCHB03.PACLITAXEL.m7",46.1493134905712,7184.165701,"PD",-4.0406806374192,42,36.4876883844698,46
"NOTCHB03.PACLITAXEL.m8",-61.3158384455464,5873.908628,"PR",-53.840649556496,42,-23.0519625984139,42
"NOTCHB03.PACLITAXEL.m9",68.637243344885,12264.49804125,"SD",21.1407593372672,19,14.253440244932,12
"23223.H2O.m1",20.0509779863482,6679.367032,"SD",16.7620055855715,35,22.0143846736095,14
"23223.H2O.m2",60.6263421175295,8621.74758025,"SD",-44.2150377978117,56,12.7225259773564,14
"23223.H2O.m3",2.40225995856663,8106.70366625,"SD",-40.2978090447339,35,-8.86693453046039,35
"23223.H2O.m4",52.8881248579432,7894.1400545,"SD",-18.928657878529,42,2.31023316431527,14
"23223.H2O.m5",78.8102617723008,55746.97247375,"SD",8.86401218827216,14,14.947318286221,14
"23223.H2O.m6",81.5516970116695,14273.464475,"SD",11.8480026073081,15,10.5877294992225,11
"23223.H2O.m7",-87.1392035812582,670.683159,NA,NA,NA,NA,NA
"23223.H2O.m8",86.4136352701239,29823.403952,"SD",-1.27261466748215,10,-2.99216046180425,10
"23223.H2O.m9",-85.9804439806969,2511.313692,NA,NA,NA,NA,NA
"23223.H2O.m10",-65.6628942091359,2055.23799025,"PR",-57.7410210376294,30,-31.2293954698798,30
"23223.CFI-400945.m1",-24.9007864741972,2746.98244525,"PR",-78.7322397621855,96,-42.2710190274253,96
"23223.CFI-400945.m2",-25.2996164229087,10025.388641,"PR",-63.6138822670752,63,-37.3838660690935,28
"23223.CFI-400945.m3",-12.569927630217,5283.932884,"PR",-96.7213986526777,116,-25.6857009440709,116
"23223.CFI-400945.m4",-18.4018678189509,4163.287869,"PR",-66.5547331871345,63,-29.1720407797075,96
"23223.CFI-400945.m5",-36.8749813814365,3353.88191925,"PR",-81.8414742543882,77,-44.7299666717849,83
"23223.CFI-400945.m6",69.5438199443226,3052.542411,NA,NA,NA,NA,NA
"23223.CFI-400945.m7",-83.0282508812951,2194.453106,NA,NA,NA,NA,NA
"23223.CFI-400945.m8",65.9380595438129,20585.886811,"SD",8.83789906186997,10,-6.02492004886412,10
"23223.CFI-400945.m9",-49.1688527141752,2984.937008,"SD",-26.4075380300841,10,5.07993393618753,16
"23223.CFI-400945.m10",48.9687565300393,10445.720509,"SD",2.05444225434369,30,25.4016150049615,42
"23223.CFI-400945.m11",37.4774421311671,18524.21693375,"SD",-31.5265231740208,30,-13.3401008697464,30
"NOTCHB01_P4_TAX_160810_RES.H2O.m1",86.5777500742555,5456.06278075,"PD",279.783783522298,17,132.8314365936,14
"NOTCHB01_P4_TAX_160810_RES.H2O.m2",86.8367610093027,6329.3219375,"PD",202.82285853035,14,103.427187369207,14
"NOTCHB01_P4_TAX_160810_RES.H2O.m3",86.2799619200297,30616.27923425,"PD",52.091777897909,15,22.4073180415097,13
"NOTCHB01_P4_TAX_160810_RES.H2O.m4",83.5060185526535,6786.774492,"PD",149.005392611517,14,53.0627244511849,14
"NOTCHB01_P4_TAX_160810_RES.H2O.m5",86.013632999059,10189.70998025,"PD",90.9676822966504,13,45.1451830723676,13
"NOTCHB01_P4_TAX_160810_RES.H2O.m6",87.9105441782514,13943.5582345,"PD",256.263849015237,16,109.752840826178,13
"NOTCHB01_P4_TAX_160810_RES.PACLITAXEL.m1",86.9533525823338,49368.27008025,"PD",112.141935345626,14,64.3239775787417,14
"NOTCHB01_P4_TAX_160810_RES.PACLITAXEL.m2",87.499734105733,9070.3547865,"PD",143.113584964361,14,83.7485803125697,14
"NOTCHB01_P4_TAX_160810_RES.PACLITAXEL.m3",83.8572211070321,4379.15121525,"PD",49.9700063025266,14,44.4535055496515,14
"NOTCHB01_P4_TAX_160810_RES.PACLITAXEL.m4",87.6801095266108,41503.05019775,"PD",102.497668492824,13,40.1386244286579,13
"NOTCHB01_P4_TAX_160810_RES.PACLITAXEL.m5",88.7821350123117,66492.7407295,"PD",110.585435522369,13,55.7161298743642,13
"NOTCHB01_P4_TAX_160810_RES.PACLITAXEL.m6",87.5713783055284,16802.83946175,"PD",79.6500893516777,10,35.3219501086682,10
"73263.CFI-402257.m1",80.3971149469136,9616.41901025,"SD",-1.41351569818521,11,0.416018269433776,11
"73263.CFI-402257.m2",75.2678499855751,11054.851626,"SD",-8.57604130814405,11,-3.60165684310845,11
"73263.CFI-402257.m3",82.5829202276944,9091.40969325,"PD",52.7103292009253,14,12.6069132354209,14
"73263.CFI-402257.m4",76.7885163764861,5748.7978365,"PD",44.00049036732,13,24.0911105447551,13
"73263.CFI-402257.m5",79.4719899866256,10277.77012475,"SD",2.99435090341583,16,-0.505846629962685,10
"73263.CFI-402257.m6",82.5829202276944,9091.40969325,"PD",52.7103292009253,14,12.6069132354209,14
"73263.CFI-402257.m7",89.3527442181576,10892.3358125,NA,NA,NA,NA,NA
"73263.CFI-402257.m8",86.0541592298608,13913.141708,"PD",161.239886364874,14,81.9054416648009,14
"72955.CFI-400945-41.6WEEKLY.m1",87.2068658872478,9401.874472,"PD",151.760500787122,15,79.5050075244778,12
"72955.CFI-400945-41.6WEEKLY.m2",85.4737631059836,7693.92793125,"PD",67.1185041370301,15,32.3994842601105,12
"72955.CARBOPLATIN.m1",89.3423451380348,18023.01725925,"PD",173.305337537942,12,89.3025885235655,12
"72955.CARBOPLATIN.m2",85.7697325101601,5174.92600875,"PD",98.8012848763332,13,27.7686112338737,13
"72955.CX-5461.m1",88.8009128373351,12306.36930975,"PD",355.306581491251,12,181.221848858848,12
"72955.CX-5461.m2",86.2779524337325,6775.97036925,"PD",68.4591708994089,12,49.9471991622343,12
"66292.ERIBULIN.m1",87.6308291356739,9239.470872,"PD",105.29244302041,13,71.0559229697701,13
"66292.CARBOPLATIN.m1",87.732100076641,9135.789399,"PD",292.798150802392,13,130.038713334473,13
"66292.CARBOPLATIN.m2",87.5169863953317,12845.1836145,"PD",85.1710805856649,13,63.9311195424423,13
"44441.CFI-402257.m1",73.7531388546697,11631.2538375,"SD",2.44075119586823,11,0.516147284675635,11
"44441.CFI-402257.m2",82.9866562782671,1093.638018,NA,NA,NA,NA,NA
"65465.CFI-400945.m1",87.3622876945376,28369.64954775,"SD",-5.07965235489764,12,-6.55518014495269,12
"65465.CFI-400945.m2",77.6537403148674,12130.015382,"SD",-19.1045544519302,25,-12.3957237644385,18
"65465.CFI-400945.m3",85.6289941877208,14414.71746675,"PD",72.5269048525673,12,37.5094957164172,12
"65465.CFI-400945.m4",81.8910609509847,15265.168177,"SD",-4.6270160384488,15,8.83919071887125,15
"65465.CFI-400945.m5",80.092745991256,11415.18435975,"SD",-1.81039880294777,15,1.23474131419892,15
"65465.CFI-400945.m6",84.3564199412521,11536.509768,"PD",67.4274531321445,13,42.1151534267113,13
"65465.CFI-400945.m7",63.3548347941479,6949.1212975,"SD",-16.3955755539261,14,-17.7906098794971,14
"65465.CFI-400945.m8",74.9975071418946,15545.38882875,"SD",-21.5816816539293,14,-9.06551346436026,14
"65465.CFI-400945.m9",77.5304933850608,16536.57097725,"SD",27.6874073163451,14,13.87597760582,14
"65465.CFI-400945.m10",66.5676206563513,9855.98864275,"SD",-16.5222819164866,14,-0.0790526362032686,14
"65465.CFI-400945.m11",79.4994127415889,16096.254098,"PD",114.30184014159,14,68.2709297947591,14
"65465.CFI-400945.m12",-35.9965613649283,3647.522494,"SD",-34.8324213764065,21,-12.2682016046239,35
"65465.CFI-400945.m13",74.1871529249221,6270.4754565,"SD",-3.65391960440189,16,19.0673375278313,16
"44441.CARBOPLATIN.m1",73.9926070100734,8015.76965875,"PD",25.0826598315671,15,30.2990955408605,20
"NOTCHB01.BMN-673.m1",57.985409542263,23391.5305915,"SD",-48.9588093336627,46,-1.69185761839481,50
"NOTCHB01.BMN-673.m2",79.5749896699424,52781.8297125,"SD",-28.3046229212843,24,16.1761617901146,46
"NOTCHB01.ERIBULIN.m1",79.1710373457502,35630.63707475,"PR",-85.0447990521992,24,-55.7961040713581,35
"NOTCHB01.ERIBULIN.m2",66.6806639498215,25995.73242275,"PR",-90.5063766821844,24,-61.9711298115779,35
"REF004.FROST-LOW.m1",82.7888469881206,6583.1568615,"SD",32.3084182908869,11,19.2843741172716,11
"REF004.FROST-LOW.m2",80.9820427296355,6653.81896825,"SD",20.4447572536627,17,25.220752014432,11
"REF004.CFI-402257+PACLITAXEL.m1",84.6020303042036,10363.96823,"SD",7.61904761904763,11,-2.26943801558226,11
"REF004.CFI-402257+PACLITAXEL.m2",82.4052185404761,8453.815337,"SD",-12.8123526764454,11,-8.06788376681608,11
"NOTCHB03.CFI-400945+CFI-402257.m1",85.0825791457382,15044.770557,"PD",24.661064666883,14,45.2502434068915,14
"NOTCHB03.CFI-400945+CFI-402257.m2",85.9719907060491,11114.675,"SD",29.1004504121696,14,24.3716537775134,10
"NOTCHB03.CFI-400945+CFI-402257.m3",87.7837034616802,28980.52842675,"PD",197.110133073397,25,130.976932308754,10
"NOTCHB03.CFI-400945+CFI-402257.m4",84.4649545022202,17060.16640425,"PD",47.9353541827504,31,55.334439119605,10
"NOTCHB03.CFI-400945+CFI-402257.m5",83.9767191824725,14227.97204775,"PD",68.2421190294765,31,76.4811638624366,10
"NOTCHB02.FROST.m1",40.9709231055035,29409.10815,"CR",-95.9684201715722,22,-54.5872825170491,30
"NOTCHB02.FROST.m2",-33.0753889254011,7069.487802,"CR",-96.6224859400211,109,-75.2009021356942,179
"NOTCHB02.FROST.m3",-81.5667001163681,3726.576256,"CR",-98.4537444414529,25,-65.4180648682555,43
"NOTCHB02.FROST.m4",-43.4145947460133,4474.03394275,"CR",-99.6843403205919,25,-86.0767119746045,242
"NOTCHB02.FROST.m5",-76.9024355928654,1032.468578,"CR",-97.2937537237949,12,-82.8997665542001,46
"NOTCHB02.FROST.m6",-79.1647939447574,4054.04732225,"PR",-94.2856833135132,46,-62.5215629841915,46
"NOTCHB02.FROST.m7",-71.5385883352093,1600.9734015,"CR",-96.7039467999874,18,-71.8949525384908,21
"NOTCHB02.FROST.m8",-67.086302966559,2021.4225555,"PR",-83.5284866039378,14,-51.7293201081035,39
"NOTCHB02.FROST.m9",-81.2605352797114,2746.253196,"CR",-98.2719298154663,21,-67.9981681709832,39
"NOTCHB02.FROST.m10",-82.1538150553553,1734.38346775,"CR",-99.7748273150679,21,-77.5583778813609,39
"NOTCHB02.FROST.m11",-66.3346755062067,581.888706,"PR",-94.4043209386058,11,-77.5191714069021,39
"NOTCHB02.FROST.m12",-63.2378488893724,3170.70634325,"PR",-75.6729027153298,11,-38.5671090251554,26
"66280.H2O.m1",82.9975238852671,4668.71288675,"PD",65.9543665978142,13,28.9697808950974,13
"67990.CFI-400945.m1",-35.6575682988375,5442.41032,"CR",-99.5951840766013,35,-83.4131508398813,154
"67990.CFI-400945.m2",-50.6278406611441,2172.696769,"CR",-100,90,-88.2296154993357,189
"67990.CFI-400945.m3",-59.6088776456455,3205.76257275,"CR",-99.5713382138106,53,-65.6778990657726,104
"67990.CFI-400945.m4",-63.1053902870201,4219.43054875,"CR",-100,84,-84.3920535784322,176
"67990.CFI-400945.m5",-23.3121592881092,950.258743,"CR",-100,104,-83.1670873479593,168
"67990.CFI-400945.m6",-62.752178361577,6678.975741,"CR",-99.771819187772,62,-70.7506468719463,99
"67990.CFI-400945.m7",-55.6272920692405,10608.03481475,"CR",-100,71,-76.4738600606916,99
"67990.CFI-400945.m8",-62.9107829612142,4876.57246525,"CR",-100,62,-77.639201670166,139
"67990.CFI-400945.m9",-57.5277462048246,2953.7316535,"CR",-100,78,-70.4682591232692,106
"NOTCH10.CFI-402257.m1",NA,NA,NA,NA,NA,NA,NA
"NOTCH10.CFI-402257.m2",25.44232513636,6678.02255625,"PR",-66.209114315279,40,-36.228126117664,40
"NOTCH10.CFI-402257.m3",71.4343126185164,16615.652569,"SD",-32.3017587036629,12,-20.8461836903105,19
"NOTCH10.CFI-402257.m4",84.2744621172593,14846.77915375,"SD",28.3904448806871,14,22.1885296743958,11
"NOTCH10.CFI-402257.m5",87.5430816771725,29986.44381125,"PD",75.7964121330254,14,83.4199684841542,14
"NOTCH10.CFI-402257.m6",82.6841305831782,10165.32292275,"PD",56.6016122901389,11,50.5543148610044,11
"NOTCH10.CARBOPLATIN.m1",37.8663095536137,12728.573736,"SD",-27.4114018811289,19,1.11334376921868,40
"NOTCH10.CARBOPLATIN.m2",-52.1062936122304,4838.775919,"PR",-88.4488544151366,61,-44.0665314612206,71
"NOTCH10.CARBOPLATIN.m3",-10.9943693020288,4537.032811,"PR",-69.40044713501,26,-42.3436054451614,47
"NOTCH10.CFI-402257+PACLITAXEL.m1",-72.9900120884517,3625.51861625,"CR",-97.9812411273024,61,-74.6545624926965,75
"NOTCH10.CFI-402257+PACLITAXEL.m2",NA,NA,NA,NA,NA,NA,NA
"47904.PACLITAXEL.m1",81.5347370221786,7893.38059475,"PD",52.4138511000278,23,37.6957743867654,14
"47904.PACLITAXEL.m2",2.70140159358624,6267.44948175,"PR",-87.8943173908219,34,-45.8447150696286,42
"47904.PACLITAXEL.m3",74.465300249451,8689.28360175,"PD",44.2674548297882,17,22.1337274148941,17
"REF001.CFI-402257+PACLITAXEL-40DAILY.m1",47.9654777339078,16478.2122575,"PR",-63.7073739852869,13,-39.8990798191129,26
"REF001.CFI-402257+PACLITAXEL-40DAILY.m2",59.7465962265024,16607.2502335,"SD",-49.3970945829402,13,-35.1109579507462,19
"REF001.PACLITAXEL-40DAILY.m1",59.7291630631378,22486.77639525,"SD",-44.3558085321017,22,-15.7194399581521,30
"REF001_P1_TAX_160928_RES.H2O.m1",85.5282018105519,38839.097272,"SD",1.27450608178282,12,-5.05766707158252,12
"REF001_P1_TAX_160928_RES.H2O.m2",81.2390158805753,21322.7753125,"SD",-20.2904497674859,12,-17.6785931492437,12
"REF001_P1_TAX_160928_RES.PACLITAXEL.m1",87.0916138056829,11432.44912175,"PD",44.0435283169388,12,-2.4982180503693,12
"REF001_P1_TAX_160928_RES.PACLITAXEL.m2",81.5943850541761,28911.4826395,"SD",23.2695587426781,12,-3.55692798593504,12
"20710.BMN-673.m1",16.9650118602467,7627.53477575,"SD",-10.8760169858885,41,10.5091048451848,41
"70620_P4_TAX_161103_RES.PACLITAXEL.m1",79.1912197554522,9497.54127625,"SD",31.077380952381,12,4.46119968820862,12
"70620_P4_TAX_161103_RES.PACLITAXEL.m2",65.0391949600835,44098.84263075,"SD",-7.84059332161687,50,-4.58366818980668,12
"70620_P4_TAX_161103_RES.PACLITAXEL.m3",79.1912197554522,9497.54127625,"SD",31.077380952381,12,4.46119968820862,12
"70620_P4_TAX_161103_RES.PACLITAXEL.m4",65.0391949600835,44098.84263075,"SD",-7.84059332161687,50,-4.58366818980668,12
"20710.CFI-402257-3ON4OFF+PACLITAXEL.m1",-74.065657402736,2124.186054,"PR",-56.0296902873648,27,-40.7026656877483,27
"20710.CFI-402257-3ON4OFF+PACLITAXEL.m2",-48.5876629021954,2428.288304,"SD",-36.0831074977416,12,-22.2255852571675,19
"20710.CFI-402257-3ON4OFF+PACLITAXEL.m3",-20.4494763444455,6787.44411825,"SD",-17.0079500334475,22,-5.61087199480462,22
"REF001_P1_CARBO_161103_RES.H2O.m1",88.4999006038941,7881.39857375,"PD",288.498945793375,14,133.671671148196,14
"REF001_P1_CARBO_161103_RES.H2O.m2",79.164770628795,7285.5973135,"PD",89.7680460041305,14,47.2962504506869,14
"REF001_P1_CARBO_161103_RES.H2O.m3",84.8015345571975,10224.84218125,"PD",104.386337414172,13,47.8160255544584,13
"REF001_P1_CARBO_161103_RES.H2O.m4",83.3065631242399,23585.1649015,"SD",11.7232355074506,11,2.09081090628934,11
"REF001_P1_CARBO_161103_RES.H2O.m5",85.2418720410214,7518.2139115,"PD",88.5945831832634,10,38.3587511137213,10
"REF001_P1_CARBO_161103_RES.CARBOPLATIN.m1",82.8203387016841,25883.67112775,"SD",9.92942045558456,14,10.3340280686461,14
"REF001_P1_CARBO_161103_RES.CARBOPLATIN.m2",75.9895601888723,7547.995551,"SD",16.0796411935863,21,-2.35289269320249,14
"REF001_P1_CARBO_161103_RES.CARBOPLATIN.m3",3.51485806466995,3554.690889,"SD",-35.7220784570428,13,-11.1442128337358,13
"18674.CFI-400945-5DAILY.m1",-29.9321246925275,5417.3276725,"PR",-88.6862801872044,11,-82.9865538535158,99
"18674.CFI-400945-5DAILY.m2",-20.7699008699261,6853.29019,"SD",-32.1043647317755,37,-6.76560027886779,44
"73471.CFI-400945-2ON5OFF.m1",82.1941984097712,11586.463931,"PD",63.7148530748315,29,52.9045161437816,10
"73471.CFI-400945-2ON5OFF.m2",83.6858770492492,11422.66591725,"PD",101.089943328678,10,60.2634348273926,10
"73471.CFI-400945-2ON5OFF.m3",60.5094107033343,4458.6528675,"PD",31.5243363622954,24,39.2807933928994,10
"73471.CFI-400945-2ON5OFF.m4",80.9860986250821,9189.77713775,"PD",181.60535969325,10,94.6061335039544,10
"65465.CFI-402257.m1",75.6154710961426,3077.18240825,"SD",-3.73608960981317,13,16.290028193153,13
"65465.CFI-402257.m2",-25.6880256505444,2657.78068925,"SD",-9.80903896695971,13,-9.88999220539522,13
"65465.CFI-402257.m3",76.5342843755051,7851.28675025,"SD",23.4096209029211,16,19.7765748614051,13
"44721.H2O.m1",-7.15272907422955,11389.81995375,"SD",-22.488255515725,107,-5.65511147369912,121
"44721.H2O.m2",66.5022799535873,11375.6001925,"PD",35.0828301361919,17,32.3620382963022,14
"44721.H2O.m3",12.5461740635343,10949.62114725,"SD",-15.5246576350996,20,-7.98667790453423,20
"44721.H2O.m4",80.032476709065,13325.5763055,"PD",52.3147685037819,16,24.3091417038372,13
"44721.CX-5461.m1",-3.75290515129607,11233.93690575,"SD",-32.008555085733,51,-9.76446424581731,87
"44721.ERIBULIN.m1",-51.8369094511805,5702.47594375,"PR",-90.2702702702703,23,-50.3937151093951,66
"44721.BMN-673.m1",66.7167020550159,7807.720694,"SD",11.2612537365922,27,25.0093454567414,27
"66292.CFI-402257-3ON4OFF+PACLITAXEL.m1",79.3449592484495,3323.50979825,"SD",7.20479666319081,10,4.78807000276648,10
"66292.CFI-402257-3ON4OFF+PACLITAXEL.m2",84.0236462331494,5993.25493175,"SD",-14.9014382825295,10,-10.1014615619384,10
"66292.CFI-402257-3ON4OFF+PACLITAXEL.m3",86.4607060800211,15149.31744625,"PD",72.9885224526406,13,34.2319786273147,10
"REF005.CFI-402257.m1",64.0594970309823,4722.41344025,"SD",3.9165307337536,13,-5.98026752056501,13
"REF005.CFI-402257.m2",82.0423080923704,7687.57704425,"PD",75.2397847636069,13,36.223448138214,13
"REF005.CFI-402257.m3",81.0873238164785,7312.744937,"PD",64.5251658945787,20,35.3838015571792,13
"REF005.CFI-402257.m4",74.4148908987399,4962.0726345,"SD",17.7437535089186,16,-8.24193976999311,13
"REF005.CFI-402257.m5",86.6827424124516,12864.5777415,"PD",85.6459979323376,12,42.8229989661688,12
"66684_P1_945_151023_RES.CFI-400945.m1",72.1271684464444,25548.64559925,"SD",-7.52062285899669,16,-2.47425938694384,16
"66684_P1_945_151023_RES.CFI-400945.m2",80.2165956514962,49661.375321,"SD",-33.8490354888956,19,-1.7034117358743,19
"66684_P1_945_151023_RES.CFI-400945.m3",39.4138620268134,1696.501234,NA,NA,NA,NA,NA
"66684_P1_945_151023_RES.CFI-400945.m4",-81.3519026464622,1457.18663,NA,NA,NA,NA,NA
"20710.ERIBULIN.m1",47.6913992730198,26754.55935925,"SD",-23.2603786367571,69,3.95000642057418,12
"20710.CX-5461.m1",52.6343983808369,16685.0008905,"SD",-26.1030935720162,40,7.66033038319929,54
"28992.CARBOPLATIN.m1",88.778906957745,14194.85345775,"PD",101.777631958599,13,28.9799728723181,13
"28992.CARBOPLATIN.m2",88.5698282218012,11570.71954075,"PD",172.851349291679,13,84.896770269927,13
"28992.PACLITAXEL.m1",88.5529729197666,13518.778904,"PD",221.251393231742,15,71.487405785573,13
"28992.PACLITAXEL.m2",76.8454474520006,4787.283814,"SD",0.701114888771959,18,23.7527050666398,18
"28992.PACLITAXEL.m3",88.8340625075715,1060.12798125,NA,NA,NA,NA,NA
"66684.PACLITAXEL.m1",-86.1219211635973,481.872658,NA,NA,NA,NA,NA
"66684.PACLITAXEL.m2",35.7260864654494,19842.2391665,"PR",-90.7647421497538,12,-78.5108099250936,57
"66684.PACLITAXEL.m3",-79.5525615727102,1392.196521,"CR",-99.7528795127861,36,-82.7694534476009,57
"66684.PACLITAXEL.m4",-12.2346185074227,5648.8672555,"SD",-42.9756634641302,35,-20.8956336468328,43
"67725.CARBOPLATIN.m1",86.7461819188651,12364.64935625,"PD",85.7018216974875,13,54.5534342600314,13
"67725.CARBOPLATIN.m2",86.1654929066837,10073.480772,"PD",122.653472258996,13,100.583456428494,13
"69196.CFI-400945.m1",-82.0781862679455,2041.9198,NA,NA,NA,NA,NA
"69196.CFI-400945.m2",-78.7098572915305,2416.26159925,NA,NA,NA,NA,NA
"69196.CFI-400945.m3",-86.569836545804,1311.23837,NA,NA,NA,NA,NA
"69196.CFI-400945.m4",-35.3382280429273,4898.01411275,"SD",-65.2491695154126,49,-2.6429445103337,49
"69196.CFI-400945.m5",-39.7172093696747,5032.35900175,"CR",-99.5605489499471,53,-72.5703898409815,189
"69196.CFI-400945.m6",-14.512140597679,13267.02037525,"CR",-99.5048001455095,63,-62.7496706707131,201
"69196.CFI-400945.m7",74.6996427398587,12878.24303525,"PD",50.1925616103882,25,42.3222888705341,11
"69196.CFI-400945.m8",-35.978117036523,1912.378223,"CR",-100,189,-85.0387316227877,189
"69196.CFI-400945.m9",-73.5052617506288,3321.0054085,"SD",-44.6479408327927,14,1.04455082260808,14
"69196.CFI-400945.m10",-84.9240224367868,3222.8940905,"PR",-53.6246494449868,14,-23.7876869839814,14
"69196.CFI-400945.m11",-86.8246701362158,2874.557454,"PR",-63.9658815022269,14,-39.3939543464967,14
"69196.CFI-400945.m12",77.3093986579309,9239.28517,"PD",77.6759765488963,28,57.2870158092976,10
"69196.CFI-400945.m13",-19.0508515027319,18776.9112475,"CR",-97.6474020260574,44,-65.4270464220514,99
"NOTCH06.CFI-402257.m1",83.8151738071239,18443.9825115,"SD",-1.7864625653942,15,25.7754744480413,15
"NOTCH06.CFI-402257.m2",86.2288273380152,32078.839741,"PD",91.0215440457806,12,64.9504218539655,12
"NOTCH06.CFI-402257.m3",82.3525919249225,20855.31052725,"SD",5.18991948995325,19,18.9242258172633,19
"NOTCH06.CFI-402257.m4",87.2283579290254,8046.467154,"PD",140.218936960765,14,70.1094684803823,14
"NOTCH06.CFI-402257.m5",86.2664043266857,14505.065389,"PD",101.614759921932,15,59.1690152020368,15
"NOTCH01_P3_945_160729_RES.H2O.m1",84.7719784500829,39090.21029425,"PD",19.1795631257672,21,44.6888505093649,13
"NOTCH01_P3_945_160729_RES.H2O.m2",85.6904176207147,51033.3576615,"PD",70.4426620500401,21,23.3111614065113,13
"NOTCH01_P3_945_160729_RES.H2O.m3",85.3248630318803,28276.07458275,"PD",35.1334662065013,10,29.5351568091871,10
"NOTCH01_P3_945_160729_RES.H2O.m4",84.7212015861376,9938.058357,"PD",95.0303957329873,13,39.9723346677026,13
"NOTCH01_P3_945_160729_RES.H2O.m5",84.7719784500829,39090.21029425,"PD",19.1795631257672,21,44.6888505093649,13
"NOTCH01_P3_945_160729_RES.H2O.m6",85.6904176207147,51033.3576615,"PD",70.4426620500401,21,23.3111614065113,13
"NOTCH01_P3_945_160729_RES.H2O.m7",86.1494849473499,49900.21722225,"PD",171.890398005374,27,60.1106908742552,27
"NOTCH01_P3_945_160729_RES.H2O.m8",85.0052522514885,35242.770808,"SD",34.2955084111637,13,20.1077474849065,13
"NOTCH02_P3_CX_160715_RES.CX-5461.m1",-60.9179236724382,4081.85783725,"PR",-84.2916439854642,78,-50.0457867866948,78
"NOTCH02_P3_CX_160715_RES.CX-5461.m2",-68.1401342400861,5510.444367,"PR",-92.8913744435101,61,-68.8371735650564,100
"69196.CFI-400945-2ON5OFF.m1",-28.5844422785048,5745.69437225,"SD",-48.5565442984605,43,-0.826826423118931,49
"69196.CFI-400945-2ON5OFF.m2",-67.675590772645,2671.70847325,"PR",-88.2950198118495,25,-50.7111719720226,49
"69196.CFI-400945-2ON5OFF.m3",29.7570806814274,7234.19647275,"PD",-37.8588221412897,49,36.5480312431673,49
"69196.CFI-400945-2ON5OFF.m4",59.9414872192634,13700.73777825,"SD",-7.21195339104293,18,13.5235177528868,18
"69196.CFI-400945+CFI-402257.m1",74.7984270943937,10954.56647625,"PD",54.8126955965051,14,63.2239075502241,14
"69196.CFI-400945+CFI-402257.m2",68.0693675610591,10368.57969575,"PD",-21.3064829535418,46,65.1774756226815,11
"69196.CFI-400945+CFI-402257.m3",79.8855801756179,13540.7681605,"PD",104.061874631573,14,108.224134011977,14
"69196.CFI-400945+CFI-402257.m4",73.1881479973927,5651.95716675,"SD",15.7582062122886,11,17.445683306599,11
"69196.CFI-400945+CFI-402257.m5",84.9837326005033,1801.434818,NA,NA,NA,NA,NA
"53522.CFI-402257.m1",89.0061269414232,11166.4510275,"PD",324.329495165272,10,160.680283819237,10
"44205.CFI-400945.m1",-36.9361244859539,7800.743468,"PR",-90.0274477878718,21,-52.7969696672348,37
"44205.CFI-400945.m2",60.1660538513372,7020.61024575,"SD",17.858701986755,12,0.366109654457809,12
"44205.CFI-400945.m3",-29.8334008546118,11565.11095025,"SD",-29.0915921288014,20,-16.7094803908078,20
"44205.CFI-400945.m4",60.7569222048767,21984.45484125,"SD",1.04705656892978,57,22.889181577933,14
"44205.CFI-400945.m5",10.8442352436227,36888.6156805,"PR",-85.9583299399297,62,-35.0819515744925,112
"73263.CFI-402257+PACLITAXEL.m1",NA,NA,NA,NA,NA,NA,NA
"44441.ERIBULIN-LOW.m1",85.3715178361321,10569.81477575,"SD",-12.5475563742306,14,-32.8308281862857,14
"67990.ERIBULIN.m1",-72.5607107431714,2983.18675375,"CR",-100,83,-82.8780016556376,111
"67990.ERIBULIN.m2",-71.3131798603307,3407.87155675,"CR",-100,77,-81.4979776177765,119
"73471.BMN-673.m1",80.5678029823744,5329.055786,"PD",50.8177390171708,11,22.1907647276971,11
"73471.BMN-673.m2",82.3658965144514,5535.597945,"PD",44.216273229573,11,18.5434375458846,11
"73471.BMN-673.m3",80.5678029823744,5329.055786,"PD",50.8177390171708,11,22.1907647276971,11
"73471.BMN-673.m4",82.3658965144514,5535.597945,"PD",44.216273229573,11,18.5434375458846,11
"73471.CX-5461.m1",81.9323589077034,5304.1354545,"PD",54.0938752396701,11,22.774417964089,11
"73471.CX-5461.m2",78.553922937537,4947.11316625,"SD",32.5782868022586,14,26.8058628117878,11
"73471.CX-5461.m3",81.9323589077034,5304.1354545,"PD",54.0938752396701,11,22.774417964089,11
"73471.CX-5461.m4",78.553922937537,4947.11316625,"SD",32.5782868022586,14,26.8058628117878,11
"73471.ERIBULIN.m1",-24.7192864681483,9282.77046775,"CR",-97.5110379632824,26,-85.4819238538499,97
"73471.ERIBULIN.m2",-24.7192864681483,9282.77046775,"CR",-97.5110379632824,26,-85.4819238538499,97
"73471.CARBOPLATIN.m1",-14.9484038542999,3229.489493,"SD",-15.5895063907916,22,-0.246261969264403,22
"73471.CARBOPLATIN.m2",12.8203988282258,4033.3530935,"SD",-11.3013775810231,11,-2.01608239493163,11
"73471.CARBOPLATIN.m3",70.4577430786793,8090.52208075,"SD",0.155913306232202,12,-3.85363252008064,12
"73471.CARBOPLATIN.m4",-14.9484038542999,3229.489493,"SD",-15.5895063907916,22,-0.246261969264403,22
"73471.CARBOPLATIN.m5",12.8203988282258,4033.3530935,"SD",-11.3013775810231,11,-2.01608239493163,11
"66292.CFI-402257+PACLITAXEL-40DAILY.m1",88.9573371204773,22801.18784125,"PD",362.789374291829,13,177.965698993896,13
"66292.CFI-402257+PACLITAXEL-40DAILY.m2",89.0767922820877,22703.62443675,"PD",339.617465711594,13,168.03941801141,13
"66292.PACLITAXEL.m1",88.1545517640798,13923.5371925,"PD",178.695249234026,11,52.8248091718969,11
"66292.PACLITAXEL.m2",89.1635820452636,24435.4686485,"PD",318.297335723238,11,104.86450054585,11
"NOTCH01_P1_945_150512_RES.H2O.m1",89.3465032511924,6022.265987,NA,NA,NA,NA,NA
"NOTCH01_P1_945_150512_RES.H2O.m2",89.7432890493408,8156.620044,NA,NA,NA,NA,NA
"NOTCH01_P1_945_150512_RES.H2O.m3",89.4055881227968,9814.654341,NA,NA,NA,NA,NA
"NOTCH01_P1_945_150512_RES.H2O.m4",89.1758473632348,10518.70560175,NA,NA,NA,NA,NA
"NOTCHB01_P4_TAX_160810_RES.ERIBULIN.m1",-0.596376838370455,8151.17846625,"PR",-73.205151434408,37,-37.3261130860309,41
"NOTCHB01_P4_TAX_160810_RES.ERIBULIN.m2",-86.6689019336692,1860.37105125,NA,NA,NA,NA,NA
"67990.CFI-402257.m1",75.4766661957539,12549.775267,"SD",9.03179730857107,11,7.02746359675836,11
"67990.CFI-402257.m2",78.0308080749491,21991.760283,"SD",-31.3769460293351,11,-15.6145930804357,11
"44721.CFI-400945.m1",-68.1776186787623,3896.59874625,"PR",-76.9780342568649,41,-33.9291989120323,48
"44721.CFI-400945.m2",-52.0406979588746,5630.70721825,"PR",-89.8968610961865,41,-52.0743463485001,113
"73062.CFI-400945-2ON5OFF.m1",-22.9983027790396,4602.27445175,"SD",-55.4805426685444,58,-14.5556907444659,77
"73062.CFI-400945-2ON5OFF.m2",69.7539131827806,12822.45570325,"SD",1.11137072591086,30,2.37081041643577,16
"73062.CFI-400945-2ON5OFF.m3",9.49996736656603,11819.0610695,"SD",-25.0832746333283,34,16.6834507470547,77
"73062.CFI-400945-2ON5OFF.m4",-46.1089642222371,4935.3865985,"PR",-74.0785059900361,51,-34.3527765469486,77
"73062.CFI-400945-2ON5OFF.m5",-19.2952919051949,5239.1344125,"SD",-62.277893218421,58,-11.5256271193753,77
"66292.CFI-402257.m1",87.911676317838,9706.785306,"PD",53.9566040433559,10,26.1204424632659,10
"66292.BMN-673.m1",88.0439273505975,8076.52010375,"PD",108.879135427999,10,34.0657197938347,10
"72955.CFI-402257-3ON4OFF+PACLITAXEL.m1",-82.9025826980241,186.6747375,NA,NA,NA,NA,NA
"72955.CFI-402257-3ON4OFF+PACLITAXEL.m2",82.9784892075046,8859.50152175,"PD",58.5601399699906,13,29.7983109376346,13
"72955.ERIBULIN.m1",82.0983656420675,4028.599642,"SD",30.9538245554914,13,6.73374731056956,13
"48342.DIPYRIDAMOLE.m1",87.7106987353885,10049.6812625,"PD",125.289849507225,11,50.3189929387197,11
"48342.DIPYRIDAMOLE.m2",88.5992616118069,8250.1415075,"PD",199.709040823866,11,72.8923174280708,11
"48342.DIPYRIDAMOLE.m3",87.9378531469988,8499.03942675,"PD",92.4923455992353,11,24.3448575988366,11
"48342.DIPYRIDAMOLE.m4",80.8487199345645,4488.44805475,"PD",55.5705132333877,16,18.6327542501566,13
"48342.DIPYRIDAMOLE.m5",88.4012008778328,11321.5705665,"PD",272.144270377443,13,93.9522771970901,13
"48342.DIPYRIDAMOLE.m6",87.2143460157595,14351.619117,"PD",107.426497760521,13,40.5159515058458,13
"48342.FLUVASTATIN.m1",88.1830308601723,12231.71253275,"PD",133.443312052376,11,49.521400937608,11
"48342.FLUVASTATIN.m2",88.6072798855148,8494.30272375,"PD",223.349453177105,11,91.943243482814,11
"48342.FLUVASTATIN.m3",88.7623496831295,10132.3660375,"PD",204.486781451085,11,115.095892696808,11
"48342.FLUVASTATIN.m4",88.2491606277102,8665.78011175,"PD",281.976590327787,13,113.13612646974,13
"48342.FLUVASTATIN.m5",88.2658321541024,11398.91034975,"PD",207.26570023726,13,112.178734232254,13
"48342.FLUVASTATIN.m6",88.388689822147,10587.9851925,"PD",248.124881889683,13,85.9718982938905,13
"48342.FLUVASTATIN+DIPYRIDAMOLE.m1",88.3017953775155,13886.51569525,"PD",159.586248178522,11,52.0732254261222,11
"48342.FLUVASTATIN+DIPYRIDAMOLE.m2",88.6020485041827,15406.673861,"PD",257.657680369158,11,113.6136516467,11
"48342.FLUVASTATIN+DIPYRIDAMOLE.m3",87.6624028029946,9892.00113225,"SD",33.9899009343766,11,8.63922116247262,11
"48342.FLUVASTATIN+DIPYRIDAMOLE.m4",87.8422667715778,9312.1542305,"PD",133.501311839037,11,40.9301541031564,11
"48342.FLUVASTATIN+DIPYRIDAMOLE.m5",87.7258651336976,12856.8089245,"PD",204.791698451227,13,76.326275032865,13
"48342.FLUVASTATIN+DIPYRIDAMOLE.m6",88.5488192416032,10107.63676375,"PD",257.405955181674,13,80.9198551674065,13
"REF001_P1_945_161017_RES.CFI-400945.m1",84.0170223664006,15977.3952045,"PD",95.9430798094963,20,46.0121495212761,13
"REF001_P1_945_161017_RES.CFI-400945.m2",73.5288351798518,13342.68364775,"SD",4.28585601476347,13,17.990993390644,13
"REF001_P1_945_161017_RES.CFI-400945.m3",78.0004405168925,19951.024065,"SD",-36.4356068687168,13,-18.5936778949669,21
"REF001_P1_945_161017_RES.CFI-400945.m4",62.3389032369007,9396.51493575,"SD",3.12214732544791,10,-10.0591583113765,10
"REF001_P1_945_161017_RES.CFI-400945.m5",85.5983334055777,8678.72000125,"PD",37.9428714883449,13,14.2340407215906,13
"REF001_P1_945_161017_RES.CFI-400945.m6",77.7645042579143,3637.733035,"SD",8.7466332696347,13,17.9803122039111,13
"NOTCH10.CFI-400945.m1",79.4628653971686,7805.66552275,"PD",34.4081163301589,25,112.956000694903,14
"NOTCH10.CFI-400945.m2",86.222970729993,18737.635728,"PD",93.7017283654176,14,50.2681937840088,11
"NOTCH10.CFI-400945.m3",72.3242321570572,8193.8276035,"SD",-5.03888136802988,14,17.4564841287178,14
"NOTCH10.CFI-400945.m4",83.1673525140393,12104.618113,"PD",130.640897849245,14,110.985986691235,11
"NOTCH10.CFI-400945.m5",79.5573989495919,12263.8930655,"SD",15.572189681896,14,12.0430135509633,11
"NOTCH10.CFI-400945.m6",-37.931471491347,7156.57992675,"SD",-24.9458103531208,11,-19.0331723831645,15
"NOTCH10.CFI-400945.m7",71.6026393483533,11067.7548685,"PD",25.449481669482,11,40.8057940914507,11
"NOTCH10.CFI-400945.m8",16.8825491529593,21809.53590375,"PR",-88.9167240120155,28,-64.0102030504188,48
"NOTCH10.CFI-400945.m9",78.6651020292873,16704.2667035,"PD",22.8288466383705,12,49.8817816965343,12
"NOTCH10.CFI-400945.m10",47.303066345598,10383.70353475,"SD",12.5773030019087,47,21.5460490049008,12
"NOTCH10.CFI-400945-13.5WEEKLY.m1",82.8625347483546,10165.20734525,"PD",69.7519542716428,11,70.4849699725578,11
"NOTCH10.CFI-400945-13.5WEEKLY.m2",81.9903969063874,10217.48787975,"PD",60.9529376328879,14,61.7200299627227,14
"NOTCH10.CFI-400945-13.5WEEKLY.m3",82.8305193205084,10283.383199,"PD",57.4437885052256,14,48.5668103359044,11
"NOTCH10.CFI-400945-13.5WEEKLY.m4",83.7870727620958,16569.74214525,"PD",47.8875580224945,11,32.417421535184,11
"NOTCH10.CFI-400945-13.5WEEKLY.m5",81.5031120860441,10281.64825325,"PD",35.6222949629821,11,16.9954701182412,11
"NOTCH10.CFI-400945+CFI-402257.m1",81.0990704559028,10018.8524385,"PD",89.3167786714321,14,64.0754858615865,11
"NOTCH10.CFI-400945+CFI-402257.m2",87.0187705986167,24033.45357475,"PD",102.304277771743,11,87.0255845648274,11
"NOTCH10.CFI-400945+CFI-402257.m3",83.8010276855041,11071.63738625,"PD",241.723036734694,32,184.482908794063,11
"NOTCH10.CFI-400945+CFI-402257.m4",77.1653501931874,7019.62207575,"PD",112.816394545516,25,149.11379253526,14
"NOTCH10.CFI-400945+CFI-402257.m5",83.2023508066271,12181.159877,"PD",52.1395834692349,14,43.8580145974247,11
"66280_P2_945_150205_RES.H2O.m1",78.3003588316889,19048.25591,"PD",80.0723957413084,29,36.6175576182947,13
"66280_P2_945_150205_RES.H2O.m2",86.3044650946643,52461.519843,"PD",65.5954668011868,13,33.6652034089364,13
"66280_P2_945_150205_RES.H2O.m3",85.9121933024836,47200.118412,"SD",-17.459230533916,13,-9.67391595612181,13
"66280_P2_945_150205_RES.H2O.m4",85.8277467833242,34853.361893,"PD",37.5713045634921,13,28.0404947749732,13
"66280_P2_945_150205_RES.H2O.m5",87.3780240077361,58151.19265625,"PD",60.2057098158804,21,64.0239136680807,21
"NOTCH06.BMN-673.m1",82.8288934689826,14303.4738135,"SD",18.4965282050623,14,9.02614026279234,14
"NOTCH06.BMN-673.m2",77.5904231292919,4609.9113875,"PD",44.5571824209043,13,29.8399479481327,10
"NOTCH06.BMN-673.m3",61.4206874106035,8063.369921,"SD",19.0515252757615,12,-5.01134950895693,12
"NOTCH06.BMN-673.m4",84.3721637923715,14377.037864,"SD",20.2740869695169,14,10.520496255659,14
"NOTCH06.BMN-673.m5",89.1975461938913,26966.02912,"PD",205.235330989562,14,96.9906012954333,14
"NOTCH01.PACLITAXEL.m1",89.0874823797372,19399.831808,"PD",135.003205383716,14,67.501602691858,14
"NOTCH01.PACLITAXEL.m2",89.1633152377568,13094.205338,"PD",145.934063888253,14,72.9670319441266,14
"NOTCH01.PACLITAXEL.m3",88.7336408802075,8394.973129,"PD",157.158512095118,14,78.5792560475589,14
"NOTCH01.PACLITAXEL.m4",89.4124034881858,20215.011542,"PD",198.182537626388,14,99.0912688131938,14
"NOTCH01.PACLITAXEL.m5",89.1389273904509,12346.8302205,"PD",171.014708637116,14,85.5073543185578,14
"NOTCH01.PACLITAXEL.m6",88.1878139642721,13373.17683225,"PD",66.5423643687405,11,13.2192451543303,11
"NOTCH01.PACLITAXEL.m7",88.9707817533425,37030.2983,"SD",25.8651948189565,11,12.2962042806183,11
"NOTCH01.PACLITAXEL.m8",88.4235161381238,26390.526675,"PD",119.44442585026,11,56.7768354791538,11
"NOTCH01.PACLITAXEL.m9",78.6573347568883,13081.51391325,"SD",34.2902308134194,16,14.9199888709827,13
"NOTCH01.PACLITAXEL.m10",16.0693593987586,33932.89064525,"SD",-47.1974918592988,30,-22.7207712989094,59
"NOTCH06.CFI-402257-LOW+PACLITAXEL.m1",-81.1153272539513,621.127605,NA,NA,NA,NA,NA
"NOTCH06.CFI-402257-LOW+PACLITAXEL.m2",-37.0244626928219,4997.44414425,"CR",-99.6054862782447,79,-74.2946936161958,246
"NOTCH06.CFI-402257-LOW+PACLITAXEL.m3",77.3215789102729,2740.14892775,"SD",9.52867626085609,12,29.1076374600251,12
"28077.BMN-673.m1",53.6505091506673,6676.60834125,"SD",5.66654331280902,13,5.75630618111813,13
"28077.CARBOPLATIN.m1",77.4165354422759,10598.8348775,"SD",26.237579339729,13,14.1730160069642,13
"28077.ERIBULIN.m1",-76.1077216014579,1391.1218985,"CR",-96.5722342334943,27,-61.0208584626217,38
"NOTCH01.CFI-402257+PACLITAXEL.m1",85.6649363329874,1001.870563,NA,NA,NA,NA,NA
"NOTCH01.CFI-402257+PACLITAXEL.m2",88.9730555812547,17727.037847,"PD",215.501435539745,11,82.116288248658,11
"NOTCH01.CFI-402257+PACLITAXEL.m3",86.7597902793914,34807.3697725,"PD",100.733158839318,42,50.5604388361656,11
"20710.CFI-402257+PACLITAXEL-40DAILY.m1",-48.1170410279057,5842.81259325,"SD",-40.1389833407607,18,-23.2903031669889,25
"20710.CFI-402257+PACLITAXEL-40DAILY.m2",-79.1146769105118,866.0981185,"PR",-72.4206516587912,12,-60.4719423387643,21
"20710.PACLITAXEL-40DAILY.m1",-80.7840433712344,7712.55657975,"PR",-83.1688936192159,46,-60.4208677416963,57
"20710.PACLITAXEL-40DAILY.m2",-33.6444554669992,7851.559398,"SD",-40.1353295327402,39,-20.2204038913108,46
"66292.PACLITAXEL-40DAILY.m1",88.4664210889972,9107.0802175,"PD",130.007068446756,10,53.7833864047542,10
"66292.PACLITAXEL-40DAILY.m2",86.6333999672276,10949.236525,"PD",93.794851474208,21,105.542860106681,10
"44721.CFI-402257.m1",-38.5549003127163,4105.17731575,"SD",-45.9652645437493,30,-15.9261098437162,30
"44721.CFI-402257.m2",5.21508084987413,8217.94754725,"PR",-69.4696208853468,23,-41.0970318818412,27
"65465.CFI-400945-2ON5OFF.m1",80.4018966846414,16289.6521965,"PD",72.371684225102,14,17.159367043464,14
"65465.CFI-400945-2ON5OFF.m2",87.1321472852898,50343.373149,"PD",159.333152367653,14,53.9973296054888,14
"65465.CFI-400945-2ON5OFF.m3",81.0156744785211,20663.60642975,"PD",43.5144193638124,14,28.5541850742127,14
"65465.CFI-400945-2ON5OFF.m4",68.9575069024778,8447.187692,"SD",-8.37354665765203,14,-7.79725680416335,14
"65465.CFI-400945-2ON5OFF.m5",85.0517253547858,34723.8881035,"PD",104.327280217705,29,31.3367199613253,14
"NOTCH01.BMN-673.m1",-20.7225038661799,4333.405984,"SD",-7.66947181375134,16,-6.39015332634475,16
"NOTCH01.CARBOPLATIN.m1",70.8464205833704,11758.287628,"SD",-17.9145777216727,20,8.39991977425494,20
"NOTCH01.CARBOPLATIN.m2",52.6235649188349,10828.596695,"SD",-15.1780334203873,20,2.50310303850983,20
"72955.BMN-673.m1",89.0894604890257,18670.6307365,"PD",374.150921269235,13,172.138353656456,13
"NOTCH02_P3_CX_160715_RES.H2O.m1",88.1662604662422,12097.8553505,"PD",170.384468211551,12,76.320130021398,12
"69693.CFI-400945-2ON5OFF.m1",74.7036137283409,11333.777063,"SD",-1.17121814304566,14,5.16364386431194,14
"69693.CFI-400945-2ON5OFF.m2",83.5478169854869,23179.63185275,"PD",68.6356462098667,17,65.663065496499,10
"69693.CFI-400945-2ON5OFF.m3",80.9982135201142,15899.44739975,"PD",292.518636389511,17,174.549746995356,10
"69693.CFI-400945-2ON5OFF.m4",82.433613524812,18923.7675115,"PD",105.824648284464,14,74.4975855381697,10
"18674.CFI-400945-2ON5OFF.m1",81.2857648714254,13077.00075325,"PD",-5.67748093479174,21,33.1740083172141,21
"18674.CFI-400945-2ON5OFF.m2",81.1649360119807,14482.96099775,"PD",78.8581165962016,49,239.429659216877,21
"18674.CFI-400945-2ON5OFF.m3",81.00621644093,15241.01026175,"PD",94.1440965825755,21,58.1446224057108,21
"18674.CFI-400945-2ON5OFF.m4",80.7719996441968,16147.35959725,"PD",38.4125294159896,21,20.1087115338845,21
"18674_P4_945_161216_RES.H2O.m1",37.928113590789,8672.32248375,"SD",0.770323374547443,11,6.81667528310997,11
"18674_P4_945_161216_RES.CFI-400945.m1",-56.4022918625493,6552.10950725,"PR",-79.4226576473603,33,-41.4186364917089,75
"70620_P6_ERIB_170713_RES.H2O.m1",88.4015253908073,6165.829086,NA,NA,NA,NA,NA
"70620_P6_ERIB_170713_RES.H2O.m2",83.8920543492792,3532.07635875,"PD",87.5792212833095,12,30.1647412843111,12
"70620_P6_ERIB_170713_RES.H2O.m3",87.17295355058,17343.5663385,"PD",84.0692632169594,13,36.9376026302512,13
"70620_P6_ERIB_170713_RES.H2O.m4",86.0028828231678,9880.34003525,"PD",49.5709977574879,12,24.5245722240034,12
"70620_P6_ERIB_170713_RES.H2O.m5",80.1916266227387,5758.8785025,"SD",23.8862319431249,19,9.65948160636424,13
"70620_P6_ERIB_170713_RES.ERIBULIN.m1",88.8979068106906,10575.0306835,"PD",289.481546546658,13,118.954565711694,13
"70620_P6_ERIB_170713_RES.ERIBULIN.m2",89.1233767431379,36149.323016,"PD",346.419902912621,12,159.010599608145,12
"70620_P6_ERIB_170713_RES.ERIBULIN.m3",89.0262849764139,18060.04635475,"PD",265.24889423443,13,91.7637053321737,13
"70620_P6_ERIB_170713_RES.ERIBULIN.m4",88.772966775162,11793.1265165,"PD",198.970906236056,12,81.5940347170348,12
"47904.UNC0642.m1",77.190899522777,7416.9019335,"SD",28.355152727122,13,28.3971716798031,13
"REF002.CFI-400945-5DAILY.m1",69.8518958372014,15467.02628325,"PD",18.3162223412831,23,30.7990746512001,16
"REF002.CFI-400945-5DAILY.m2",40.5523806166588,8535.08953475,"SD",-31.3518502484116,24,3.43783528375761,27
"REF002.CFI-400945-5DAILY.m3",-42.072487614477,6912.96797625,"SD",-46.5172991921963,44,-28.3686421059507,19
"REF002.CFI-400945-5DAILY.m4",70.9033666029742,5349.31952225,"SD",-3.75569211522925,13,-10.2564015519466,10
"REF002.CFI-400945-5DAILY.m5",79.6475110806076,8735.721965,"SD",31.2664279771693,13,29.9916322563526,13
"48602.CFI-400945-3.75DAILY.m1",69.8266581690039,8301.124887,"PD",-16.8621841130605,27,44.4182012856499,30
"48602.CFI-400945-5DAILY.m1",77.9097666144479,9699.06769925,"SD",20.6936911837728,13,27.9328446375957,13
"48602.CFI-400945-5DAILY.m2",79.4934415307976,9332.60933825,"PD",70.0051002710286,27,65.974999677544,13
"48602.CFI-400945-5DAILY.m3",-12.0655975148958,12355.797311,"CR",-99.6172237492698,57,-61.263835134982,83
"48602.EVEROLIMUS.m1",39.098548172279,5467.71857325,"SD",-20.1044359915644,23,-4.44343488067544,13
"48602.ERIBULIN-EXTRALOW.m1",76.8847137985202,7840.6868285,"SD",6.84032237167336,20,23.5737309686706,20
"INSB014.G9A.m1",87.6825774161634,14164.45682725,"PD",54.2516536928924,13,11.9007178641913,13
"REF007.EVEROLIMUS.m1",61.4433432217438,55956.8699,"SD",-49.9133594367496,49,-22.0193602105395,56
"REF007.EVEROLIMUS.m2",67.676059412305,42889.17626125,"PR",-65.7800115236643,35,-26.798277699718,44
"70620_P6_ERIB_170713_RES.CFI-402257-3ON4OFF+PACLITAXEL.m1",84.4850054960879,8225.153145,"PD",37.665361210155,20,20.9857261688664,13
"70620_P6_ERIB_170713_RES.PACLITAXEL-40DAILY.m1",86.1594683966634,9875.865166,"PD",66.3920139701686,16,48.8773376237354,13
"70620_P6_TTK_170718_RES.CFI-402257-3ON4OFF+PACLITAXEL.m1",-42.8268727175605,2893.55138475,"SD",-30.1955864427538,13,-17.1480740538108,13
"70620_P6_TTK_170718_RES.CFI-402257-3ON4OFF+PACLITAXEL.m2",82.8169415941411,15818.090878,"PD",39.7135629328112,19,28.4722763207754,11
"70620_P6_TTK_170718_RES.PACLITAXEL.m1",-78.2466164580731,1651.257353,"PR",-75.9630275909815,21,-48.0401312899862,23
"70620_P6_TTK_170718_RES.PACLITAXEL.m2",-2.62245915028827,7535.0265825,"SD",-30.4548833224236,19,-17.5562826921731,19
"66817.CX-5461.m1",-64.6338501370792,4650.9796155,"SD",-39.7836087983088,27,-21.5370607092969,33
"66817.CX-5461.m2",-70.2549000441712,6152.475333,"PR",-83.5970365996247,45,-30.1979442619981,45
"66817.CARBOPLATIN.m1",-77.2237135520957,2540.2949135,"SD",-49.9394716097868,19,-24.7884234352211,19
"66817.CARBOPLATIN.m2",-9.44067581662754,5225.1949835,"SD",-23.697150898991,26,-7.14481785439286,36
"48041.CFI-402257.m1",45.7920758312956,5346.268941,"SD",-6.81591996869161,18,6.0896368323487,25
"48041.CFI-402257.m2",13.9278734321631,22256.5908185,"SD",-32.9093114707893,21,-17.7088583065195,21
"NOTCH01_P3_945_160729_RES.CFI-400945-52WEEKLY.m1",32.4073941357067,35229.295197,"SD",-74.855403348554,118,-11.8913796099874,146
"NOTCH01_P3_945_160729_RES.CFI-400945-52WEEKLY.m2",-30.2777507531868,24037.5434395,"PR",-94.7315540232851,61,-31.5106917516674,61
"241417.CARBOPLATIN.m1",21.7631027512655,6411.60354825,"SD",-12.4476716609252,12,-2.22052679021649,25
"241417.CARBOPLATIN.m2",84.2863154932907,14972.1489705,"SD",24.7711120996466,19,18.6114591368002,13
"241417.ERIBULIN-EXTRALOW.m1",-30.2339982438558,8647.29334425,"PR",-70.927286678111,46,-36.2850157563671,131
"REF016.CFI-402257-2ON5OFF.m1",72.5918852381848,9081.9253555,"SD",-2.77029783105741,13,-10.2139312037808,13
"REF016.CFI-402257-2ON5OFF.m2",88.5307182933027,18594.789262,"PD",45.7365421723317,12,56.1642027967972,12
"REF016.CFI-402257-2ON5OFF.m3",88.3785513435712,17576.45289075,"PD",153.060963890744,12,61.9109147828173,12
"70620_P6_ERIB_170713_RES.PACLITAXEL.m1",82.547541055533,4173.91424425,"PD",49.1796233246754,13,36.6988689952557,13
"70620_P6_ERIB_170713_RES.PACLITAXEL.m2",86.6006851421157,9436.12993975,"PD",74.1777361559348,12,19.2948067230171,12
"70620_P6_ERIB_170713_RES.CFI-400945.m1",75.7827270664797,8260.54473325,"SD",19.3422602111072,19,-9.32440631522717,12
"70620_P6_ERIB_170713_RES.CFI-400945.m2",75.7810063629212,5041.18662275,"SD",32.5064996582182,12,18.0692990351628,12
"70620_P6_ERIB_170713_RES.CFI-402257-2ON5OFF.m1",2.35025799368746,3252.0933335,"SD",-16.9970878943605,12,-23.9630768984821,12
"70620_P6_ERIB_170713_RES.CX-5461.m1",88.7097616326008,22109.70998225,"PD",181.247875463175,12,50.0555013924939,12
"REF007_P2_TAX_171010_RES.ERIBULIN.m1",88.2387171869009,9329.067919,"PD",85.3231862737982,10,70.6276182720541,10
"48041.PACLITAXEL.m1",-14.0977089645366,21358.77328125,"PR",-91.2640611083973,78,-42.3617083522914,181
"73230_P1_945_170516_RES.CARBOPLATIN.m1",53.1912787824614,5905.97167975,"SD",14.7190489282287,41,27.537786253067,20
"73230_P1_945_170516_RES.CARBOPLATIN.m2",73.5699721845812,4248.664891,"PD",4.75560683731336,21,49.1600377355201,21
"73230_P1_945_170516_RES.ERIBULIN-EXTRALOW.m1",-61.2784307604762,3951.148736,"SD",-47.4408826974551,34,-19.6917254276692,34
"73230_P1_945_170516_RES.ERIBULIN-EXTRALOW.m2",78.8885295229023,9486.0644275,"SD",-4.23620391927247,13,-1.1325762891677,13
"70620_P6_TTK_170718_RES.H2O.m1",84.4638662079283,21526.597921,"SD",-1.04979130095531,11,-5.13119245269258,11
"70620_P6_TTK_170718_RES.H2O.m2",87.2579732415642,13268.38983025,"PD",73.9392753325728,13,30.8630303499281,13
"REF016.CFI-402257-3ON4OFF+PACLITAXEL.m1",-20.922634039064,11600.14169,"PR",-85.7879908099619,30,-31.8184019540114,38
"REF016.CFI-402257-3ON4OFF+PACLITAXEL.m2",86.496220806793,23874.742462,"PD",65.7867557297621,12,32.8933778648811,12
"REF016.CFI-402257-3ON4OFF+PACLITAXEL.m3",86.7387938422973,5701.238505,"PD",92.0216370869282,12,47.6558209146617,12
"REF016.CFI-402257-3ON4OFF+PACLITAXEL.m4",87.9619142114299,31880.32777,"PD",203.109872674133,12,101.554936337067,12
"REF016.ERIBULIN-EXTRALOW.m1",87.7284596269304,13113.58475675,"PD",126.053094386241,13,57.0443175295322,13
"NOTCH06_P4_TAX_161031_RES.CFI-402257-2ON5OFF+PACLITAXEL-15DAILY.m1",79.8668300490063,5913.901512,"SD",19.5808608978148,12,9.00016528285174,12
"NOTCH06_P4_TAX_161031_RES.CFI-402257-2ON5OFF+PACLITAXEL-15DAILY.m2",64.6940703689857,10479.95825875,"SD",-16.1202460208142,17,-6.15866817122939,17
"NOTCH06_P4_TAX_161031_RES.CFI-402257-2ON5OFF+PACLITAXEL-15DAILY.m3",88.0067396793755,33869.485451,"PD",96.0669406042274,14,48.0334703021137,14
"241417.PACLITAXEL-15DAILY.m1",57.7974933701169,35797.754932,"PR",-76.2490695944122,49,-35.6755310878748,77
"73230_P2_ERIBLD_171031_RES.H2O.m1",85.7079045745187,7054.83472,"PD",98.7072697723407,16,42.0896582823669,13
"73230_P2_ERIBLD_171031_RES.H2O.m2",85.7249051016575,8198.080866,"SD",22.05099467638,10,11.02549733819,10
"73230_P2_ERIBLD_171031_RES.ERIBULIN.m1",83.2305232024468,13931.4277035,"PD",60.3739865073447,13,17.9120501142597,13
"73230_P2_ERIBLD_171031_RES.PACLITAXEL-15DAILY.m1",87.8758738857817,19710.65244525,"PD",72.0061943603593,13,26.6363640963843,13
"18674.CX-5461.m1",-39.1466539904623,9730.454878,"SD",-67.1943725721171,56,-13.0360068672397,77
"18674.CARBOPLATIN.m1",-41.6091644408011,9243.4075755,"PR",-59.4013793838042,56,-35.9552123559424,119
"18674.ERIBULIN-LOW.m1",-67.4946559533119,2869.87838325,"CR",-97.1175025304004,44,-62.1041493354387,77
"REF005_P1_TAX_170628_RES.H2O.m1",88.852027246487,14474.942914,"PD",229.692343381396,10,112.567272044174,10
"REF005_P1_TAX_170628_RES.H2O.m2",86.8082366368625,29575.092552,"PD",72.0259791255851,13,27.4421673028588,13
"REF005_P1_TAX_170628_RES.PACLITAXEL.m1",84.2363857162837,11568.14324125,"PD",40.0313015574324,10,27.3600134849273,10
"REF005_P1_TAX_170628_RES.PACLITAXEL.m2",84.9596408230562,4310.72908675,"PD",66.0495253164557,11,57.233037681669,11
"REF005_P1_TAX_170628_RES.PACLITAXEL.m3",79.1597749197996,4539.39672275,"SD",26.6124275897444,11,7.47028683358671,11
"REF005_P1_TAX_170628_RES.PACLITAXEL.m4",81.6490127364054,17055.4898905,"PD",-25.9916208582962,26,30.2974245128986,29
"REF005_P1_TAX_170628_RES.PACLITAXEL.m5",80.7296026177911,23966.47605875,"SD",-1.74819136074918,26,17.2955996272749,26
"REF005_P1_TAX_170628_RES.PACLITAXEL.m6",-53.8936638782015,4813.64849125,"CR",-100,36,-79.5958439051322,223
"REF010.CARBOPLATIN.m1",64.258727165232,4473.551576,"SD",21.6909954058193,16,13.3596511825761,13
"REF010.CARBOPLATIN.m2",80.1692076628225,17913.6891385,"PD",36.632147584761,13,14.1359652987598,13
"73230.CFI-400945-5DAILY.m1",77.700050174961,6861.89360325,"PD",38.8083601451754,13,19.7644665597723,10
"73230.CFI-400945-5DAILY.m2",83.4224181829103,10779.70428025,"SD",31.5726145359844,14,19.8625284945575,11
"73230.CFI-400945-5DAILY.m3",87.2474068539741,28652.07682775,"PD",58.5855470903111,12,5.72473637586253,12
"73230.ERIBULIN-EXTRALOW.m1",70.6695537193197,25331.676281,"CR",-97.6250148117436,27,-41.3061772242566,35
"73230.ERIBULIN-EXTRALOW.m2",79.0954898484286,64241.4966175,"PR",-88.2236979750836,25,-48.9722662897017,41
"NOTCH10.CFI-402257-2ON5OFF+PACLITAXEL-15DAILY.m1",-54.0588805153726,5053.4951685,"PR",-90.3811707955544,40,-56.1418743942024,55
"NOTCH10.CFI-402257-2ON5OFF+PACLITAXEL-15DAILY.m2",-0.464709917816725,9970.96763475,"PR",-77.6844038997648,48,-26.5857646808722,63
"NOTCH10.CFI-402257-2ON5OFF+PACLITAXEL-15DAILY.m3",-71.5536328067045,2269.945232,"PR",-68.8218617619079,23,-22.7783078933002,23
"NOTCH10.CFI-402257-2ON5OFF+PACLITAXEL-15DAILY.m4",-32.8481254167136,5448.15938975,"CR",-96.5476455382746,44,-45.7489008880893,72
"NOTCH10.PACLITAXEL-15DAILY.m1",-3.93133870041424,18576.06243725,"PR",-92.3108673280141,48,-43.5902154089444,76
"NOTCH10.PACLITAXEL-15DAILY.m2",10.4646475302722,15639.96519025,"PR",-90.801033060341,48,-50.9703134760803,76
"NOTCH10.PACLITAXEL-15DAILY.m3",20.4048549406879,7473.80540375,"PR",-96.1095874742722,50,-37.9900025475718,63
"NOTCH10.PACLITAXEL-15DAILY.m4",-80.395051536151,1009.4653715,NA,NA,NA,NA,NA
"NOTCHB01.ERIBULIN-EXTRALOW.m1",86.1174452040641,9780.7520175,"PD",45.2543905146965,11,17.6371821087616,11
"48602.CFI-400945-52WEEKLY.m1",-42.7862236224434,7736.09393225,"CR",-99.6451878153948,43,-57.0776895307907,173
"48602.CFI-400945-52WEEKLY.m2",-28.1444974231737,2181.791248,"CR",-100,28,-91.8959603792297,419
"REF003.CFI-400945.m1",-39.5301361811489,2018.6655345,"CR",-100,106,-85.9675102765626,209
"REF003.CFI-400945.m2",-35.3501999962308,1768.6829015,"CR",-100,113,-88.2085361617668,174
"REF003.CFI-400945.m3",-64.2089226694607,508.73321,"CR",-100,47,-75.713700874839,54
"REF003.PACLITAXEL.m1",30.1585687347225,33401.3444205,"SD",-47.2490374537313,27,-32.3332317857151,27
"REF003.PACLITAXEL.m2",12.1362166480573,12557.7488285,"SD",-21.9874479740242,42,-5.39555142861629,12
"REF003.CARBOPLATIN.m1",27.2280784473143,13192.573015,"SD",-13.11599674748,16,-12.5189012043659,10
"66817.CFI-400945-5DAILY.m1",-55.3081397959452,6250.306194,"CR",-97.3018146429764,86,-57.9650841526238,126
"66817.CFI-400945-5DAILY.m2",-57.2602233004218,4067.5357835,"SD",-48.662935256905,18,-33.1270069236063,48
"66817.PACLITAXEL-15DAILY.m1",50.7447482611567,5948.789559,"SD",5.51370693377707,20,14.0103193617102,20
"66817.PACLITAXEL-15DAILY.m2",-43.1221608537162,4575.40309125,"PR",-86.5131395737703,31,-37.4421893470287,80
"INSB019.CFI-402257.m1",53.3138021517041,3968.08224275,"SD",-32.9232435463944,20,18.3225361093283,20
"INSB019.CFI-402257.m2",69.846724176018,5509.02049375,"SD",-16.6218706488272,12,-11.0243513618811,18
"INSB019.CFI-402257.m3",41.0092145870666,19352.5497775,"SD",-4.03463709197489,62,12.2053563607299,73
"INSB019.CFI-402257.m4",77.3987370062652,13497.80262775,"PD",67.8320945999849,19,37.718471404206,14
"INSB019.CFI-402257.m5",27.1169222724038,14045.8993755,"SD",-43.999182653344,25,-27.8548497742146,39
"INSB019.CFI-402257.m6",67.0488509566158,24282.232234,"SD",-12.9716046928683,10,-4.75899524774737,10
"241417_P1_945_170421_RES.CFI-400945.m1",18.107655247663,12890.66970525,"SD",-26.7087209674164,35,6.71359966272208,70
"241417_P1_945_170421_RES.CFI-400945.m2",-12.1550305596861,10772.770206,"SD",-39.3634208863166,37,-4.49469539936061,90
"241417_P1_945_170421_RES.CFI-400945.m3",84.8448570453865,31381.86121875,"PD",63.5587795826973,12,26.5593981485874,12
"241417_P1_945_170421_RES.CFI-400945.m4",75.6137099866188,20884.89818425,"SD",-13.6307000230722,14,-4.71113272031115,22
"241417_P1_945_170421_RES.CFI-400945.m5",79.8289021971453,48837.85947675,"SD",32.2358261491183,12,26.7276833956048,12
"241417_P1_945_170421_RES.CFI-400945.m6",70.9141603680978,21491.20514125,"SD",-31.6457571084323,13,-24.0281372990903,13
"241417_P1_945_170421_RES.CFI-400945.m7",80.318288268441,5374.778736,"SD",-16.8542469793853,10,-1.26166939281182,10
"241417_P1_945_170421_RES.CFI-400945.m8",76.9855182324783,6339.158808,"PD",26.4949240359655,13,47.268102442871,13
"241417_P1_945_170421_RES.CFI-400945.m9",-21.8644849146504,18533.388684,"SD",-54.1131263440138,141,-11.3271876944712,141
"73230_P1_BMN_170815_RES.CFI-400945.m1",-44.9430229931697,7534.03913925,"SD",-91.0763285641355,36,29.7642630411724,36
"73230_P1_BMN_170815_RES.CFI-400945.m2",80.4069037877108,27225.94329175,"SD",-74.2963600061758,41,25.5022151965957,54
"73230_P1_BMN_170815_RES.CARBOPLATIN.m1",85.6131291681266,9475.702258,"PD",69.2161588640591,16,45.5847803030051,12
"73230_P1_BMN_170815_RES.CARBOPLATIN.m2",88.614499286933,44698.8641535,"PD",158.962647311697,26,91.4711149416586,12
"66280_P1_945_141022_RES.CFI-400945-41.6WEEKLY.m1",-3.29628335684215,23007.32876,"CR",-99.6650183963857,106,-81.4563208290921,106
"66280_P1_945_141022_RES.CFI-400945-41.6WEEKLY.m2",85.0156757467911,26004.335469,"PD",52.8415029038692,37,169.424659002389,37
"73230_P1_TAX_170517_RES.H2O.m1",81.4842573037096,29466.70367975,"SD",10.9019750483306,19,7.11745684664152,12
"73230_P1_TAX_170517_RES.H2O.m2",79.1329439989721,4535.872443,"PD",23.2726161147432,13,32.728483620998,13
"73230_P1_TAX_170517_RES.CFI-402257-2ON5OFF+PACLITAXEL-15DAILY.m1",84.1438997204985,6343.34408075,"PD",63.1518585665133,12,24.7064486526205,12
"REF001.EVEROLIMUS.m1",71.875552205384,6265.1334011,"SD",26.2335165498389,13,17.4300787950504,13
"48602.ERIBULIN-LOW.m1",28.8451449425448,21842.146104,"CR",-96.7641694803932,38,-59.1760414411751,64
"REF007_P1_TAX_170921_RES.PACLITAXEL.m1",86.1918080095151,11251.59601425,"PD",64.0207070259533,10,27.7779621188239,10
"NOTCHB01_P5_ERIB_170309_RES.PACLITAXEL.m1",87.6828946389091,9094.977084,"PD",69.4781211067059,12,22.9143639144774,12
"NOTCHB01_P5_ERIB_170309_RES.PACLITAXEL.m2",84.7017313069573,14208.60343575,"SD",-12.1367088889057,12,5.92313358905747,12
"NOTCHB01_P5_ERIB_170309_RES.PACLITAXEL.m3",83.2982019790749,6600.48201875,"PD",39.4238423542598,13,47.7631084516558,13
"18674.PACLITAXEL.m1",27.1492630837034,26857.59922925,"CR",-100,76,-65.8643091947079,109
"73230_P2_ERIBLD_171031_RES.ERIBULIN-LOW.m1",86.7637559025996,14837.024582,"PD",82.4169408628664,13,40.4746482053697,13
"66817.CFI-400945.m1",-74.4771060146345,1869.734486,"CR",-96.5380808788172,33,-52.2725061839504,33
"66817.PACLITAXEL.m1",-41.296088164333,19903.49117925,"SD",-74.3518750092484,62,-12.797086707461,106
"66817.CFI-402257.m1",80.7501369766216,7312.012269,"PD",49.1152097050649,11,38.725987444963,11
"66817.CFI-402257.m2",-26.9162715653945,6791.9861045,"SD",-25.531356914175,42,-10.0292156255908,20
"REF005_P1_CX_170628_RES.H2O.m1",82.1963746365261,17309.4642865,"SD",6.93804458866655,13,1.158301657971,13
"REF005_P1_CX_170628_RES.H2O.m2",85.6461245862389,34748.840859,"PD",59.2320210405194,12,23.6969856403151,12
"66817.ERIBULIN-EXTRALOW.m1",-32.1195628583481,15154.02971075,"CR",-98.002429334041,75,-52.8033606327822,95
"66817.EVEROLIMUS.m1",60.672073594638,7525.9073825,"SD",-0.18680834157024,10,1.10183852743377,10
"47904.CFI-402257-2ON5OFF+PACLITAXEL-15DAILY.m1",-55.5124691575271,4664.57950125,"SD",-55.6632302943734,27,-14.613432007515,45
"47904.CFI-402257-2ON5OFF+PACLITAXEL-15DAILY.m2",64.4674121807274,31941.06537125,"SD",-45.771041232525,60,16.8089871633721,75
"70620_P6_945W_170901_RES.CFI-400945.m1",81.6503317851492,18372.2488725,"PD",43.7806056840825,31,68.4732415029076,13
"REF006.CX-5461.m1",81.6486469580286,8424.17122975,"SD",24.1144892195909,13,16.723392182672,10
"REF006.CX-5461.m2",72.6766253171042,7965.00467425,"SD",28.295516786237,12,17.0589443391906,12
"REF006.CX-5461.m3",49.1234400483534,6145.625486,"SD",1.8367400955029,19,6.4838938673132,19
"73471_P9_TTK/TAX_171019_RES.PACLITAXEL.m1",56.4591189324395,6447.2982235,"SD",-33.177391232698,10,-9.38530549481458,16
"REF003.ERIBULIN-LOW.m1",-12.8061593174419,14279.63234225,"PR",-92.2874492588202,163,-41.5396535359866,49
"NOTCHB01_P6_945_170516_RES.CX-5461.m1",16.4967067990465,4769.7994655,"SD",-29.7525371892343,27,-10.4251524895926,27
"73230.CFI-402257-3ON4OFF+PACLITAXEL.m1",0.354998188773161,20034.37690575,"CR",-97.1080390902886,31,-66.1380215606453,58
"73230.CFI-402257-3ON4OFF+PACLITAXEL.m2",-12.296609935309,7222.06081475,"CR",-95.6940388543021,20,-67.8028962432911,129
"73230.BMN-673.m1",59.2481394182307,29138.0128805,"CR",-99.469376384596,31,-66.4545905575528,73
"73230.BMN-673.m2",35.9545849814266,31451.054914,"PR",-91.550124338512,31,-54.3647093560895,72
"73230.BMN-673.m3",73.4276871693142,23941.84734775,"PR",-84.530729513107,34,-38.7659555898357,34
"73230.BMN-673.m4",82.975242654186,6940.26168,"PD",41.7532806774013,21,59.4649552811079,21
"73230.ERIBULIN.m1",-32.710020187168,5793.66812575,"CR",-100,281,-93.5446045083317,195
"REF005_P1_TAX_170628_RES.UNC1999.m1",87.5463234818545,7935.6589695,"PD",62.2666086794984,11,53.7330657598957,11
"REF005_P1_TAX_170628_RES.UNC1999.m2",88.076222670459,6919.38237075,"PD",220.567495875402,11,106.668295426836,11
"REF005_P1_TAX_170628_RES.UNC1999.m3",85.8401729246716,5583.72970175,"PD",62.7548150982774,11,37.5775236373978,11
"70620_P4_TAX_161103_RES.CFI-402257-3ON4OFF+PACLITAXEL.m1",-15.3275164243564,6490.0586955,"SD",-12.9610215053763,41,-7.76127292659551,41
"70620_P4_TAX_161103_RES.CFI-402257-3ON4OFF+PACLITAXEL.m2",-72.7976046309077,259.32,NA,NA,NA,NA,NA
"65465_P10_TAX_170921_RES.PACLITAXEL.m1",72.9096859638428,23477.55919725,"SD",-70.8029499502817,32,-18.2407039423447,56
"65465_P10_TAX_170921_RES.PACLITAXEL.m2",7.64020155201078,43523.86501905,"SD",-31.2708695548734,57,-4.24068887512313,57
"65465_P10_TAX_170921_RES.PACLITAXEL.m3",9.61238379609128,20554.29012975,"SD",-47.3781424695152,51,-10.7209774319745,57
"65465_P10_TAX_170921_RES.PACLITAXEL.m4",-84.2152096376145,62089.5012305,"PR",-90.5201656321347,125,-65.5859517527695,154
"65465_P10_TAX_170921_RES.PACLITAXEL.m5",35.5246504951184,36426.01296085,"CR",-98.4544899698572,34,-67.3524215551373,44
"65465_P10_TAX_170921_RES.PACLITAXEL.m6",61.8420158695147,27369.645908,"SD",17.0593559051761,13,5.47998268296642,13
"REF016.CFI-402257.m1",76.4007680906585,4719.13780425,"SD",-6.83386044268745,10,-7.25297918359604,10
"REF016.CFI-402257.m2",89.0582566138394,12103.148247,"PD",222.971960307477,14,84.5718929293255,14
"REF016.CFI-402257.m3",88.3657967705601,13775.9808515,"PD",226.195286472454,13,82.1638467074232,13
"REF016.CFI-402257.m4",17.2608417458203,8467.66612375,"SD",-6.87994921879386,11,-10.2838736614873,11
"REF016.CFI-402257.m5",83.0937583805239,5444.9801015,"SD",-9.20999085455384,12,6.56483215169695,12
"REF016.CFI-402257.m6",89.3893200102157,9362.2056,NA,NA,NA,NA,NA
"71335_P3_ERIB_171004_RES.H2O.m1",89.0284774107952,10344.55959575,"PD",186.518209173995,10,77.1066799993068,10
"71335_P3_ERIB_171004_RES.CFI-400945.m1",85.7147082756975,7726.17549375,"PD",63.1364232642963,17,44.2975098855509,10
"71335_P3_ERIB_171004_RES.CFI-400945.m2",84.2333340438336,4864.007853,"PD",108.692173617965,10,69.9230830352919,10
"71335_P3_ERIB_171004_RES.CFI-402257-3ON4OFF+PACLITAXEL.m1",76.5898549346822,4573.89199425,"SD",-0.541862479613677,17,27.0564151413237,10
"71335_P3_ERIB_171004_RES.ERIBULIN.m1",89.264257175899,24146.244301,"PD",221.978495462477,10,84.69751703005,10
"REF001.CFI-402257-2ON5OFF+PACLITAXEL-15DAILY.m1",75.0501634517114,6163.92208125,"SD",17.1413438593083,15,3.62966544106675,15
"REF001.CFI-402257-2ON5OFF+PACLITAXEL-15DAILY.m2",-10.7004316374168,5314.04978075,"SD",-34.9549806982776,20,-15.2033769686592,30
"REF001.CFI-402257-2ON5OFF+PACLITAXEL-15DAILY.m3",16.5987020562751,4944.98704125,"SD",-11.521589270445,22,9.49544798185192,33
"REF001.CFI-402257-2ON5OFF+PACLITAXEL-15DAILY.m4",-8.3671984112489,3806.63994475,"SD",-37.2145610890375,25,-10.6763072373135,15
"48602_P3_CARBO_170405_RES.BMN-673.m1",68.7901421575619,5839.51250825,"SD",4.8286495410119,14,-7.50129388872315,11
"48602_P3_CARBO_170405_RES.BMN-673.m2",72.8149803490998,10193.5248805,"PD",68.5702753539537,36,59.2154094570086,12
"REF007_P1_TTK/TAX_170824_RES.H2O.m1",86.1797380896848,24016.345958,"PD",139.898136156075,13,54.0833878126001,13
"REF007_P1_TTK/TAX_170824_RES.H2O.m2",86.5855058495808,47888.2765535,"PD",50.5348530398689,14,21.4028360402252,14
"REF007_P1_TTK/TAX_170824_RES.CFI-402257-3ON4OFF+PACLITAXEL.m1",76.6364778545831,38495.31132075,"SD",-60.2838583608595,41,10.2455693200091,48
"REF007_P1_TTK/TAX_170824_RES.CFI-402257-3ON4OFF+PACLITAXEL.m2",87.4895229552782,24105.444834,"PD",78.7096111819553,14,41.529389288671,14
"REF007_P1_TTK/TAX_170824_RES.CFI-402257-3ON4OFF+PACLITAXEL.m3",88.4664876042709,33453.077459,"PD",242.811293139711,14,111.726875036441,14
"NOTCH06_P4_TAX_161031_RES.PACLITAXEL-15DAILY.m1",83.1067999879355,30738.6809915,"SD",6.13264190039044,21,19.9542038292234,21
"NOTCH06_P4_TAX_161031_RES.PACLITAXEL-15DAILY.m2",78.8715466633469,10532.5572415,"SD",-0.13928169329794,11,8.85900137682753,11
"REF003.CFI-400945-5DAILY.m1",-34.0216570855377,8261.7721125,"CR",-99.6088034863433,51,-68.6926211802328,117
"REF003.CFI-400945-5DAILY.m2",-65.0189384495919,1650.8424915,"CR",-96.8575305828757,21,-79.0844286184622,76
"REF003.CFI-400945-41.6WEEKLY.m1",-65.6458934840102,2244.85010375,"PR",-65.7736440484706,33,-38.4283734214573,38
"REF005_P2_ERIB_171019_RES.PACLITAXEL.m1",73.3600343190212,12694.84116625,"SD",-19.2339163273143,21,-5.91718084030923,21
"67725_P10_945_170908_RES.PACLITAXEL.m1",42.9130293790762,10444.35599975,"SD",-21.5364043739159,19,-5.53369133163937,22
"65465.BMN-673.m1",87.4001503106033,6309.39915575,"PD",76.7071261235418,11,42.267112075475,11
"48602.CFI-402257-3ON4OFF+PACLITAXEL-15DAILY.m1",-45.2354197482476,4047.86108075,"CR",-99.6173342971407,51,-76.9778275544091,138
"48602.BMN-673.m1",62.8659423991373,6435.7299275,"SD",4.47878525374992,13,10.3009239558402,13
"48602.BMN-673.m2",78.7967086391868,4209.87734625,"PD",38.4910597546312,16,20.7387080159205,13
"48602.BMN-673.m3",41.9528654833704,12284.49770825,"PR",-69.1325201405496,34,-34.6165262176885,42
"48602.BMN-673.m4",28.0470679751254,41731.07711575,"CR",-96.4449517577287,34,-47.1777279111655,48
"70620_P6_TTK_170718_RES.CFI-402257.m1",86.4336164143794,13842.0943605,"PD",113.090568001003,16,71.6599706798253,13
"70620_P6_TTK_170718_RES.CFI-402257.m2",85.2049452691691,13131.50540225,"SD",13.9791946635457,10,4.13438338686481,10
"REF007.UNC0642.m1",88.7462722696445,23193.5192115,"PD",110.122882287575,10,69.0038301393687,10
"REF007.UNC0642.m2",83.3163043651506,6424.619564,"SD",25.4775447541764,10,26.8757955044536,10
"NOTCHB01.ERIBULIN-LOW.m1",-27.4625958860257,2584.48543975,"SD",-29.363843145893,16,-14.6198936179085,16
"70620_P6_TTK_170718_RES.CFI-402257-2ON5OFF+PACLITAXEL-15DAILY.m1",50.3585816840245,11207.82001475,"SD",-6.29505989586075,34,9.05367570779996,13
"REF002.CX-5461.m1",75.3574644502009,7293.57914575,"SD",17.0958556663774,13,7.81593088408647,10
"REF002.CARBOPLATIN.m1",-13.3568875819397,21230.711161,"PR",-56.0833911457517,151,-27.0647003920063,171
"REF002.CARBOPLATIN.m2",75.3686130368495,9445.33289375,"SD",-7.51301695915029,13,-2.90619181266783,13
"REF002.CARBOPLATIN.m3",84.0206644239061,19322.54966975,"SD",13.1273127311562,13,17.7355206747341,13
"65465_P10_TAX_170921_RES.H2O.m1",86.5236249086722,5569.7985545,"PD",66.092445811386,10,20.0072888468728,10
"65465_P10_TAX_170921_RES.H2O.m2",87.0770557592964,33221.59794275,"PD",81.1486397762806,15,58.5046721469159,15
"65465_P10_TAX_170921_RES.H2O.m3",71.9061669121825,19265.757986,"SD",1.58053743213461,14,-0.195689216591554,14
"73230_P1_TTK/TAX_170926_RES.CFI-402257-3ON4OFF+PACLITAXEL.m1",86.4291495458229,11361.15555,"PD",61.7881102300397,13,37.9367452333386,13
"85277.CFI-400945-3.75DAILY.m1",72.4667655500967,4844.931639,"SD",15.9842017853796,13,18.3171741308349,13
"85277.CX-5461.m1",50.8978615023792,9590.340148,"SD",-15.1063479053768,16,-2.5331097129226,19
"85277.CX-5461.m2",79.9659293778506,52035.59775775,"SD",-43.9628527376385,24,-26.3028895537562,24
"48602.CFI-402257-2ON5OFF.m1",32.846863627389,6476.22062975,"SD",4.89076323274761,19,5.40255324117511,19
"48602.CFI-402257-2ON5OFF+PACLITAXEL-15DAILY.m1",-60.8085647749892,3250.627517,"CR",-99.6725750756211,76,-71.8458037383696,126
"48602.CFI-402257-2ON5OFF+PACLITAXEL-15DAILY.m2",-77.8325882798244,2454.7802915,"PR",-91.1452184179457,30,-52.1910277777778,33
"48602.PACLITAXEL-15DAILY.m1",-79.2615707721494,780.881817,NA,NA,NA,NA,NA
"48602.PACLITAXEL-15DAILY.m2",NA,NA,NA,NA,NA,NA,NA
"48602.PACLITAXEL-15DAILY.m3",-63.5569485245706,5933.697125,"PR",-97.2559623941171,54,-32.7836543324913,73
"73471_P8_ERIB_170501_RES.ERIBULIN.m1",86.0236012139988,13502.623575,"PD",53.7915258760341,16,24.6198618019017,16
"73471_P8_ERIB_170501_RES.ERIBULIN.m2",81.1513792198371,27915.87838575,"PD",35.4228432823304,12,23.5208524706918,12
"REF005.CFI-402257-3ON4OFF+PACLITAXEL.m1",23.9919632846767,23421.132014,"PR",-68.951471105703,26,-48.1384759395829,29
"REF005.CFI-402257-3ON4OFF+PACLITAXEL.m2",85.1552527544125,23475.815917,"PD",55.7000779148273,11,19.9456500101378,11
"REF005.CFI-402257-3ON4OFF+PACLITAXEL.m3",-39.0957298965382,1896.657425,"CR",-100,59,-90.8712226146781,251
"71335_P4_BMN_171004_RES.ERIBULIN.m1",89.4379352132186,14834.50211925,"PD",611.135601758261,11,354.850015210832,11
"71335_P4_BMN_171004_RES.ERIBULIN.m2",89.6569886414478,25275.950636,"PD",550.310230192955,11,296.64335952186,11
"71335_P4_BMN_171004_RES.PACLITAXEL.m1",88.7963423581981,6459.85687,"PD",517.650710272238,11,273.504698368926,11
"71335_P4_BMN_171004_RES.PACLITAXEL.m2",88.7465741360255,5997.96102325,"PD",145.08596280904,11,65.8292047654741,11
"01-1104.CFI-402257.m1",82.62602443035,7380.33952025,"PD",74.0748254640569,16,49.5949339578203,13
"01-1104.CFI-402257.m2",82.4216182236699,8257.6623335,"PD",31.8008290422508,16,30.0967217688021,13
"01-1104.CFI-402257.m3",87.3901524514599,15692.1350565,"PD",154.530929232193,18,98.6657658248097,18
"01-1104.CFI-402257-2ON5OFF+PACLITAXEL-15DAILY.m1",77.4768381880086,7385.72672675,"SD",31.1749399052487,20,22.904800345399,13
"01-1104.CFI-402257-2ON5OFF+PACLITAXEL-15DAILY.m2",39.1676849776799,5102.16554575,"SD",-0.841936459374931,16,3.16062458605716,16
"01-1104.PACLITAXEL-15DAILY.m1",77.7699903906336,7335.10097375,"PD",54.3085215991806,16,36.596506405225,13
"01-1104.PACLITAXEL-15DAILY.m2",-34.8775116817221,5898.948439,"SD",-34.1703219288823,23,-9.14159181488,30
"01-1104.CX-5461.m1",80.120949116138,8481.16489125,"PD",43.7764430499321,23,33.9394829577153,13
"01-1104.CX-5461.m2",80.8244854944281,5996.3274395,"PD",63.0250848314395,13,36.7605815169051,13
"73471_P8_ERIB_170501_RES.H2O.m1",88.0966156237116,30533.672421,"PD",83.8465932144542,14,46.0854597545716,14
"73471_P8_ERIB_170501_RES.H2O.m2",86.2195003518613,10249.77594625,"PD",158.5591796875,13,91.4003612174036,13
"73471_P8_ERIB_170501_RES.CFI-402257-2ON5OFF.m1",84.9330018927317,10412.502075,"PD",47.9566450607396,14,14.8630873379418,14
"73471_P8_ERIB_170501_RES.CFI-402257-2ON5OFF+PACLITAXEL-15DAILY.m1",78.4864212827713,13686.739463,"SD",-4.78244035850796,14,-14.617198356618,14
"73471_P8_ERIB_170501_RES.PACLITAXEL-15DAILY.m1",83.516065138656,6269.07722,"PD",43.6992369290674,14,26.3194676691795,14
"69196.CFI-402257-3ON4OFF+PACLITAXEL-15DAILY.m1",0.426862941848505,29829.14158725,"PR",-100,170,-39.548837662193,111
"REF005.ERIBULIN-LOW.m1",66.3028146828351,29728.9073435,"PR",-53.8832699160025,13,-28.8715234075967,36
"REF005.ERIBULIN-LOW.m2",-9.6908618517979,21410.97322,"PR",-74.3707594840424,23,-33.9643928109922,36
"REF005.ERIBULIN-LOW.m3",-58.4656916736076,3994.70027975,"PR",-62.5183036618903,12,-24.4801091330149,12
"REF005.ERIBULIN-LOW.m4",7.96960952107915,9973.04831625,"PR",-67.3254735731354,29,-36.2894848220325,36
"REF007_P1_EVEROLIMUS_171012_RES.EVEROLIMUS.m1",89.3638473685627,11150.163647,"PD",314.111744071708,10,172.118367020813,10
"NOTCH18_P5_BMN_170608_RES.CX-5461.m1",75.9029027727881,14395.01522375,"SD",7.8661867918266,21,-1.37156323301983,13
"REF014.CX-5461.m1",31.203714503461,6382.618816,"SD",-34.235326767795,16,-21.1569586854343,16
"REF014.CX-5461.m2",66.4112893041238,8586.2963917,"SD",-0.654364688616556,14,-2.02419059963543,14
"REF014.CX-5461.m3",77.8026044131264,5240.722651,"SD",33.0015142085425,15,21.5837292030951,12
"69196.CFI-402257-2ON5OFF+PACLITAXEL-15DAILY.m1",-32.9369628816218,20181.8740855,"PR",-63.3130855519195,96,-35.9610085275072,112
"241417_P2_BMN_171018_RES.H2O.m1",85.7314664805852,8482.1669285,"PD",86.9929123260481,14,31.9617972258542,14
"241417_P2_BMN_171018_RES.H2O.m2",81.7310140852593,7087.771886,"SD",34.2807395651234,14,20.9327930421609,14
"241417_P2_BMN_171018_RES.H2O.m3",86.0906011698115,59965.647481,"PD",84.1916310516692,16,38.0238740592844,16
"INSB014.ERIBULIN-EXTRALOW.m1",88.0401220351313,17888.9273835,"PD",64.9609217973732,13,23.5986380360551,13
"71335_P4_BMN_171004_RES.BMN-673.m1",87.8685918634732,12490.5059275,"PD",133.978459811645,13,91.4048923315875,13
"71335_P4_BMN_171004_RES.BMN-673.m2",88.2037314129708,13197.26101825,"PD",87.371830481369,16,62.7495137054214,13
"73471.EVEROLIMUS.m1",75.7885712747358,10102.18096725,"SD",1.5655109359187,22,1.63882542355224,13
"73471.EVEROLIMUS.m2",46.8480112732082,5865.90365825,"SD",-23.0102003438511,13,-12.8060327445216,22
"73471.ERIBULIN-LOW.m1",82.7454179899981,8222.9618135,"SD",-31.6844625142207,13,-24.3793476702002,16
"73471.ERIBULIN-LOW.m2",83.1406636459555,6664.087322,"SD",-37.4780908418362,13,-26.5789166689409,13
"REF005.CFI-400945-52WEEKLY.m1",37.7691700181164,6247.0613355,"SD",-27.1569317256408,13,-7.60994585702101,16
"REF005.CFI-400945-52WEEKLY.m2",82.3771733031821,23471.762418,"SD",23.2437233579221,14,-25.4216896744837,14
"REF005.CFI-400945-52WEEKLY.m3",19.9440904104354,11268.6647955,"SD",-42.5413874682507,54,11.5714106804806,54
"REF005.CFI-400945-52WEEKLY.m4",61.8219434206259,28410.6503685,"SD",-74.9703065707247,91,26.3058717509796,20
"REF005.CFI-400945-52WEEKLY.m5",-48.2320737928741,12680.00874575,"SD",-22.2924632257735,19,3.45409334449528,24
"REF001.CFI-400945-41.6WEEKLY.m1",-42.4124243178555,19692.33562625,"SD",-23.4512404198567,33,-11.1826963163152,12
"71208_P1_945_160512_RES.PACLITAXEL.m1",-62.3430452433071,4530.381642,"PR",-76.8160556884713,39,-34.5452630399086,53
"INSB014.CFI-400945.m1",85.4168810217752,8055.74779475,"PD",181.213261121284,14,72.7881279267117,14
"INSB014.CFI-400945.m2",83.2012070719564,7575.92745625,"PD",90.0558580682766,17,57.1625702488451,14
"INSB014.CFI-400945.m3",89.2913045299925,30594.8866145,"PD",499.880919987365,12,259.531691603524,12
"INSB014.CFI-400945.m4",85.4279767390381,30826.46050525,"PD",121.633089238777,23,102.45446618388,13
"INSB014.CFI-400945.m5",84.6415440023862,7904.3968805,"PD",88.9622398805154,10,44.4811199402577,10
"INSB014.CFI-400945.m6",88.361143495175,50475.44204,"PD",257.182681709961,13,161.682823885691,13
"INSB014.CFI-400945.m7",89.2384787545175,13612.61295975,NA,NA,NA,NA,NA
"INSB014.CARBOPLATIN.m1",84.8391519386793,9247.28694725,"PD",99.2587298581245,14,46.5829288175498,14
"INSB014.CARBOPLATIN.m2",85.8039060871247,8246.17253345,"PD",160.080223658939,14,64.5299959271767,14
"INSB014.CARBOPLATIN.m3",88.1159983431651,25019.076793,"PD",209.927462082392,14,106.891543257929,14
"241417.CFI-402257-2ON5OFF.m1",78.1072060332937,6641.12897625,"PD",38.2431631572253,12,17.2363774133831,12
"NOTCH01.CFI-402257-3ON4OFF+PACLITAXEL.m1",-1.65489865333085,39220.90599725,"PR",-81.436326204403,95,-54.76216517661,95
"NOTCH01.CFI-402257-3ON4OFF+PACLITAXEL.m2",-27.8149280142769,15254.53083325,"CR",-97.6764673390482,53,-76.0808561890237,127
"NOTCH01.CFI-402257-3ON4OFF+PACLITAXEL.m3",-20.1914160126581,18976.48940375,"PR",-91.0785632426576,45,-64.8038132475929,84
"NOTCH01.CFI-402257-3ON4OFF+PACLITAXEL.m4",-34.8766151644472,7783.76077,"PR",-88.9742830665385,51,-61.3057335564701,94
"NOTCH01.ERIBULIN.m1",-40.1112394002019,8061.57788375,"CR",-97.7227022164996,25,-86.0832567900338,127
"NOTCH01.ERIBULIN.m2",-31.6541382161949,6092.5135905,"PR",-92.3041842435298,25,-68.9996612700946,32
"70620.CFI-402257.m1",65.8279271076318,16407.78555425,"PR",-60.983884294072,15,-33.6148637375894,22
"70620.CFI-402257.m2",79.1217590395771,7296.49417675,"SD",11.5712798212028,14,6.08001228688423,10
"70620.CFI-402257.m3",78.2312659079245,8037.27095505,"SD",8.22173010380622,10,0.427695789082978,10
"65465.CFI-400945-41.6WEEKLY.m1",-23.8253216845125,8706.32690975,"SD",-49.5442420621274,34,-11.9758955381721,55
"65465.CFI-400945-41.6WEEKLY.m2",60.4275210380741,24653.16199375,"SD",-42.946094623653,32,-11.4093964272515,42
"73230.CX-5461.m1",71.1626054461212,14862.9041015,"PR",-81.7895217219229,27,-41.04190190848,37
"73230.CX-5461.m2",43.4758819928154,6267.066174,"SD",-12.1358023009405,12,2.87976059942694,15
"73230.CX-5461.m3",48.8746427491591,14948.90392575,"SD",-50.3455995877614,50,12.53015110314,57
"73230.CX-5461.m4",69.0121914695575,25521.861616,"SD",-55.5395872182831,41,-12.5969459662651,44
"73230.CX-5461.m5",65.6551077186829,14110.96238025,"PR",-75.9950341830198,21,-50.4093623573506,25
"REF006.EVEROLIMUS.m1",65.3099931448743,9960.3300055,"SD",-2.91102627049986,22,15.4112382156338,22
"REF005.CFI-400945-41.6WEEKLY.m1",-47.9644546488522,4989.359094,"SD",-42.1156226157903,28,-19.3776466729227,31
"71208.PACLITAXEL.m1",-3.20367356577711,12578.361064,"PR",-63.5763156839296,35,-31.12130452079,40
"71208.CARBOPLATIN.m1",44.3027387231481,16068.61395975,"SD",25.239818769493,60,22.6297710381185,11
"REF005.ERIBULIN.m1",-24.1412667383325,371.962675,"CR",-100,68,-94.9007431797126,226
"REF005.ERIBULIN.m2",-39.0357102395804,807.45157775,"CR",-100,42,-90.4300809525064,148
"44721.PACLITAXEL.m1",-45.9288680648143,15379.5883145,"PR",-65.480811243858,120,-38.9434573693236,133
"NOTCH06.CFI-402257+PACLITAXEL.m1",-42.2790174043406,7617.43931275,"CR",-99.7191784260443,65,-87.0367501473398,135
"REF004.CFI-400945-41.6WEEKLY.m1",86.1898532295689,9365.3976745,"PD",161.850463412894,20,95.2189131209392,12
"REF004.CFI-400945-41.6WEEKLY.m2",87.8511860242221,20060.76012025,"PD",140.390739427568,12,74.5524346783125,12
"REF004.BMN-673.m1",88.1723405257447,24712.88529025,"PD",350.893770063669,20,181.148264198137,12
"REF002.ERIBULIN-LOW.m1",-48.2600572252006,5816.15831,"SD",-30.3795460163768,12,-15.5917458529297,20
"67725.CFI-402257-3ON4OFF+PACLITAXEL.m1",7.79910161375806,20658.299458,"SD",-42.6322215338733,37,-25.6203244053547,47
"67725.CFI-402257-3ON4OFF+PACLITAXEL.m2",48.6281879201782,8170.0812215,"SD",-19.779585917712,13,-13.6169436137687,13
"67725.BMN-673.m1",63.2550477499851,6594.92842475,"SD",23.3819091830864,19,22.190676190079,12
"67725.BMN-673.m2",63.4127824051469,12487.3190855,"SD",0.852871652433234,16,15.3569327442728,16
"67725.CFI-400945-41.6WEEKLY.m1",56.8766195624483,5622.99468775,"SD",-13.4332884785466,26,21.3626544505115,12
"67725.CFI-400945-41.6WEEKLY.m2",76.7340888163652,9497.789135,"PD",43.2266799205943,37,36.5950835047212,12
"NOTCHB03.CFI-402257-3ON4OFF+PACLITAXEL.m1",47.4250033562735,6835.7782195,"SD",-7.95391268954956,19,-5.63481041081891,19
"NOTCHB03.CFI-402257-3ON4OFF+PACLITAXEL.m2",60.6599726654084,10397.146106,"SD",0.0384311824190311,12,0.444616524835079,12
"REF002.EVEROLIMUS.m1",86.9021016197608,14653.66475975,"PD",112.726563245128,12,44.2100039673542,12
"70620.H2O.m1",86.3519845835494,56597.74276825,"SD",8.4288800447204,10,4.39385194799889,10
"70620.H2O.m2",86.4161315776739,33700.02493475,"PD",63.8530194061825,10,15.5981200190141,10
"70620.H2O.m3",83.6712844092192,15939.72666525,"PD",87.1275720164609,12,38.705576815373,12
"70620.H2O.m4",86.5407512499359,31492.02377275,"PD",54.0041733712145,12,17.8421042194264,12
"70620.H2O.m5",86.3528194849045,23967.944025,"PD",131.778218811283,19,47.0564205100156,13
"70620.H2O.m6",83.8202488237485,38426.727832,"SD",6.99178721807646,13,18.9189031388601,16
"70620.H2O.m7",73.626227789827,7526.75609975,"SD",-22.2846206911079,12,-21.1119259834449,12
"70620.EVEROLIMUS.m1",83.0061022185443,10993.77878925,"SD",17.1942868848009,14,8.86465140836786,10
"NOTCHB01_P5_BMN_170329_RES.CARBOPLATIN.m1",81.2978558433001,5838.556004,"PD",53.5222190747947,12,23.9435338603251,12
"NOTCHB01_P5_BMN_170329_RES.CARBOPLATIN.m2",84.289687661993,6261.18192675,"PD",69.1575038580247,13,29.645440018845,13
"47904.CFI-400945-5DAILY.m1",83.7100855141731,7552.1459065,"PD",73.8165125927361,14,35.4776636448702,14
"47904.CFI-400945-5DAILY.m2",88.9358781828118,24324.139787,"PD",134.346725143259,10,80.3957529070742,10
"70620.CFI-402257-2ON5OFF.m1",88.2613873395518,19096.3357425,"PD",159.894019384656,15,89.208158013389,12
"70620.PACLITAXEL-15DAILY.m1",87.7703402747431,12542.730263,"PD",65.731434527569,12,31.0430210241211,12
"28077.CFI-400945-5DAILY.m1",71.070756538928,8491.536565,"SD",10.4523447896546,21,10.7821469410099,11
"28077.CFI-400945-5DAILY.m2",-68.493797840822,4516.94603825,"SD",-42.7422010406115,36,-29.2173867232634,36
"48602.CFI-402257.m1",56.2937071088975,9080.704879,"SD",-16.906559031737,16,-9.57083198792529,20
"48602.PACLITAXEL.m1",-41.1731674038226,2372.69758675,"CR",-99.6929026711768,73,-89.7657053457346,273
"INSB014.CFI-402257-2ON5OFF.m1",87.4702429593436,13919.2693785,"PD",35.4934091149413,11,18.8048287644073,11
"INSB014.CFI-402257-2ON5OFF+PACLITAXEL-15DAILY.m1",87.384857937287,13313.92601775,"PD",62.4635503856129,11,25.5311847897837,11
"INSB014.CFI-402257-2ON5OFF+PACLITAXEL-15DAILY.m2",82.4098367566427,7288.4778655,"PD",64.7506980399179,13,42.8323730158109,10
"INSB014.PACLITAXEL-15DAILY.m1",87.8535647134018,19764.00199,"PD",73.7896817192601,11,40.8448001394178,11
"70620.CARBOPLATIN.m1",85.2025812643835,13212.99009,"PD",49.800357249799,12,22.4927242461568,12
"70620.CARBOPLATIN.m2",82.9309858976309,18404.916562,"PD",51.2512435382133,13,35.9724322410895,13
"70620.ERIBULIN.m1",74.7064639691913,7055.331047,"SD",-11.0632956786803,12,7.56650186680796,12
"REF005.EVEROLIMUS.m1",64.7814159871046,7714.141469,"SD",-6.91128369614456,14,-12.3472017773016,10
"REF005.EVEROLIMUS.m2",0.883251188219701,5481.97528775,"SD",-17.0420394781777,12,-5.80571655400429,15
"INSB014.EVEROLIMUS.m1",86.8175764558636,11954.2023695,"PD",81.312549402189,13,30.0517277886523,13
"67725.CFI-400945-52WEEKLY.m1",71.4436345829663,8396.77246375,"PD",-34.2289055334643,23,31.2255804387974,12
"67725.ERIBULIN.m1",7.97348792940971,20556.79126775,"PR",-56.9792037980555,30,-24.902809154747,73
"67455.CFI-400945.m1",-70.8995489314044,1820.4772145,"CR",-96.7053845753107,36,-62.313787567981,56
"44205.CFI-400945-41.6WEEKLY.m1",-62.2515496468215,2906.79562175,"PR",-63.5197135763176,37,-32.4952959722147,37
"44205.ERIBULIN.m1",-3.2768373602236,28387.42836025,"SD",-27.5665949044531,34,-9.0302573753954,62
"44205.PACLITAXEL.m1",-50.94575883487,5503.767137,"SD",-33.1900920562679,20,-17.8562422511135,37
"44205.PACLITAXEL.m2",10.1375834048727,32509.71566525,"SD",-74.5030224754582,178,27.5765062307601,13
"44205.PACLITAXEL.m3",9.4074499828135,40925.01214025,"SD",-28.8405879834451,188,5.73604899862042,16
"44441.CFI-400945-52WEEKLY.m1",-57.8401229703724,3618.2864225,"PR",-89.1667695422329,64,-59.001388563357,71
"NOTCH18_P5_BMN_170608_RES.BMN-673.m1",82.4581400852162,8882.45348275,"PD",38.48944196154,13,20.4415338983941,13
"73471.CFI-402257.m1",74.2033698111512,5249.87223825,"SD",28.3573495314231,12,-1.02812543335924,12
"48602.ERIBULIN.m1",-40.5426067002275,1116.878592,"CR",-99.6783672873698,22,-94.114346887725,266
"48602.CARBOPLATIN.m1",60.658087269878,23828.7758749,"SD",-14.2834513688239,10,-14.6517048867405,10
"48602.CARBOPLATIN.m2",62.5942433206335,17448.604206,"SD",-15.7368888973449,41,25.4349981112292,41
"70620.CFI-402257-2ON5OFF+PACLITAXEL-15DAILY.m1",88.7216746731439,22406.431871,"SD",-6.24362221928545,13,18.0643857915537,13
"NOTCH06.CFI-400945-52WEEKLY.m1",77.8068137007511,4131.50206475,"PD",18.0111584484809,11,31.7758282566933,11
"NOTCH06.CFI-400945-52WEEKLY.m2",41.9059068218283,29030.264864,"SD",-28.4303362088916,145,-6.82228785442387,33
"73230.PACLITAXEL.m1",71.0856040646098,16795.99531925,"CR",-100,22,-79.4711924244645,43
"73230.PACLITAXEL.m2",24.1351561221911,9013.30301225,"CR",-96.0935156109366,19,-68.3446486699916,64
"73230.CFI-400945.m1",65.133893802572,15223.0849705,"PR",-51.827539372923,22,-35.6135383290724,29
"73230.CFI-400945.m2",-16.7909693652417,9495.739733,"PR",-77.8235318356853,19,-44.266198771525,37
"73230.CFI-400945.m3",68.1998632392714,36842.9764745,"PR",-85.7376271062672,26,-40.5483943941149,36
"73230.CFI-402257.m1",74.7848571235648,6185.126103,"SD",-1.12178572815212,12,12.8401961401294,12
"73230.CFI-402257.m2",79.599340955099,964.102611,NA,NA,NA,NA,NA
"67990.PACLITAXEL-15DAILY.m1",-75.4679237160645,3265.623729,"PR",-97.3802334850533,36,-37.7026893220602,43
"73471.CFI-402257-2ON5OFF.m1",64.9105550931767,4703.44229425,"SD",-2.33641521471186,12,-9.81001157942969,12
"73471.PACLITAXEL-15DAILY.m1",87.0936773301137,12100.8261355,"PD",80.7477543989172,12,32.4705555555556,12
"73471.PACLITAXEL-15DAILY.m2",88.8104549095494,18294.08061,"PD",214.662573106772,13,92.9495758094863,13
"73471.PACLITAXEL-15DAILY.m3",88.6507813024174,14031.271328,"PD",104.547990134258,13,36.1677539974264,13
"NOTCH10.CFI-402257-3ON4OFF+PACLITAXEL.m1",-49.361179489591,4756.66763275,"PR",-76.1529769665363,19,-53.4921424394118,77
"REF006.CFI-400945.m1",59.8054605645047,4957.77546925,"SD",11.3213764379885,18,28.3006475973106,28
"REF006.CFI-400945.m2",83.8076854398224,8454.51527175,"PD",68.2709941083615,11,37.9421858420857,11
"REF006.CFI-400945.m3",58.3705636568655,53293.0784115,"PR",-58.5180942345179,43,-25.2346482313668,70
"REF006.CFI-400945.m4",88.2185315167877,18914.2829805,"PD",217.471117577095,12,129.265442249333,12
"73230.CFI-400945-41.6WEEKLY.m1",62.6938167804598,27843.43057875,"SD",-45.9436012234005,26,-20.8202453418201,29
"73230.CFI-400945-41.6WEEKLY.m2",-5.13523445111818,6272.6577505,"SD",-43.0327586519461,47,-20.9881536799349,54
"73230.CFI-400945-41.6WEEKLY.m3",44.7985525793188,8490.9569655,"SD",-28.6352290513488,19,-5.10544959241986,19
"28077.CFI-402257-3ON4OFF+PACLITAXEL.m1",-59.4061610716125,11795.66059175,"PR",-82.99023016977,122,-46.6228101848291,122
"28077.CFI-402257-3ON4OFF+PACLITAXEL.m2",-50.7036253063516,1663.51848325,"CR",-99.4669631431879,51,-73.4777284248428,107
"28077.CFI-400945-41.6WEEKLY.m1",-9.0431243607389,9767.237599,"CR",-100,37,-75.4300528648891,115
"28077.CX-5461.m1",46.7559128650265,26858.4190625,"SD",-33.6127774032093,20,-23.6015436133081,31
"28077.CX-5461.m2",60.6202428307056,3847.39596875,"SD",8.66176700243853,15,14.2055883642858,15
"REF007.PACLITAXEL.m1",27.6512957167439,29091.3030815,"CR",-100,44,-72.9395028819796,97
"REF007.PACLITAXEL.m2",2.25846861294203,24731.89976675,"CR",-100,30,-55.756012657069,91
"REF007.PACLITAXEL.m3",-38.6779225622373,1414.18047875,"CR",-100,30,-82.870617747213,204
"REF007.CARBOPLATIN.m1",77.360900055276,4991.437135,"PD",36.7966076836998,12,8.45065530841741,12
"71335.CFI-402257-2ON5OFF+PACLITAXEL-15DAILY.m1",87.7853142424731,17245.69640175,"PD",177.218704046731,16,73.0625342028894,13
"71335.CFI-402257-2ON5OFF+PACLITAXEL-15DAILY.m2",88.8664993234161,10161.69385025,"PD",213.752556453942,10,109.206993895514,10
"71335.CFI-402257-2ON5OFF+PACLITAXEL-15DAILY.m3",89.2093393365307,14159.5525915,"PD",160.430059427048,10,76.4459925822144,10
"48041.CFI-400945.m1",-25.6978284067977,4653.469382,"SD",-71.093044263776,38,11.3100933077386,38
"48041.CFI-400945.m2",-61.2109795965003,19670.03108775,"CR",-99.8213157383799,99,-60.8829052707545,195
"70620.CFI-400945.m1",52.2326190524457,7383.76584975,"SD",24.2478949852624,34,13.3826955939096,13
"70620.CFI-400945.m2",44.7068243152487,3890.2147895,"SD",-20.1278341216241,10,-24.7837926477346,10
"70620.CFI-402257-3ON4OFF+PACLITAXEL.m1",-32.673424384412,28992.9607875,"PR",-62.1998810204614,98,-31.1480918720966,136
"70620.PACLITAXEL.m1",-62.7578024068083,7022.17196275,"SD",-37.1047040780062,31,-23.6074774807519,37
"70620.PACLITAXEL.m2",-46.7478556283254,3920.77675425,"SD",-39.9726370995326,27,-16.5107270844261,27
"70620.CFI-400945-41.6WEEKLY.m1",58.1816146218653,20983.25173925,"SD",-14.4546563154286,62,9.25237009861937,16
"70620.CFI-400945-41.6WEEKLY.m2",44.9578157899839,23909.3211605,"SD",-88.8444151529086,42,-9.26672690981238,51
"REF001_P1_CARBO_161103_RES.CFI-400945.m1",78.4311641176915,4333.76412625,"PD",42.4302201699094,20,23.1392003604511,13
"REF001_P1_CARBO_161103_RES.CFI-400945.m2",79.0866999173409,10974.03629125,"PD",37.0021228560154,11,13.0533874748036,11
"REF005_P1_TAX_170628_RES.CFI-402257-2ON5OFF+PACLITAXEL-15DAILY.m1",70.9397992054228,10363.12743175,"PD",14.9883707606796,35,51.4990318093134,13
"REF005_P1_TAX_170628_RES.ERIBULIN-LOW.m1",-3.94482720223511,6618.74089175,"PR",-63.3097464425786,13,-20.8397667238217,27
"NOTCHB01_P5_BMN_170329_RES.CFI-400945.m1",83.5839064768287,8580.65801525,"SD",23.1340382620211,15,16.98457841723,12
"NOTCHB01_P4_TAX_160810_RES.CFI-402257-3ON4OFF+PACLITAXEL.m1",83.2046421418723,9569.33226025,"PD",87.6322984612226,13,37.8938272113578,10
"NOTCHB01_P4_TAX_160810_RES.CFI-402257-3ON4OFF+PACLITAXEL.m2",85.7950878995292,10609.18214675,"PD",131.467845557747,14,43.2801436337723,14
"NOTCHB01_P4_TAX_160810_RES.CFI-402257-3ON4OFF+PACLITAXEL.m3",78.8875323851216,6830.00490825,"PD",43.6677632579106,20,38.1115913938688,13
"NOTCHB01_P4_TAX_160810_RES.CFI-402257-3ON4OFF+PACLITAXEL.m4",84.5858164307912,10325.74342175,"PD",41.5244745310801,13,6.5711015025597,13
"NOTCH06.CFI-400945-41.6WEEKLY.m1",75.6593250825113,5801.477216,"PD",0.00577094749646297,28,41.9808083498264,14
"NOTCH06.CFI-400945-41.6WEEKLY.m2",74.8651602104474,8844.204582,"SD",0.152235672230522,28,9.3204385291295,14
"71208.CFI-400945-41.6WEEKLY.m1",-36.2583601888296,2412.9524525,"SD",-20.8123592892144,13,-4.0914496624548,13
"71208.BMN-673.m1",-25.7639415883721,7367.73920175,"SD",-57.7875054464682,34,-6.3087131082285,65
"71208.BMN-673.m2",-75.8923363353145,3312.83912375,"PR",-72.0051372226392,27,-28.2457688969874,27
"71335.CFI-400945-3.75DAILY.m1",79.9922500810808,8566.03282125,"SD",22.4632168082415,10,13.9954254227871,10
"71335.CFI-400945-3.75DAILY.m2",49.7183796662207,9074.76516475,"SD",2.84257630207319,36,15.1026026273204,12
"67455.CX-5461.m1",7.4481792546163,4458.57389275,"SD",-32.4623672720362,19,-2.28562010377334,19
"73230.EVEROLIMUS.m1",81.9910857499106,7890.89648025,"SD",27.3726197412979,12,25.1087355947865,12
"REF001_P1_CARBO_161103_RES.BMN-673.m1",86.3275067799814,17552.3583805,"PD",114.066665553358,14,46.7056857198943,11
"REF001_P1_CARBO_161103_RES.BMN-673.m2",78.2900762200639,9131.70818325,"SD",3.10283236839883,17,-10.3476963445678,11
"INSB014.CFI-402257-3ON4OFF+PACLITAXEL.m1",86.2115575486566,9642.3343,"PD",83.5126167204876,12,31.5782052226251,12
"INSB014.CFI-402257-3ON4OFF+PACLITAXEL.m2",86.4623362867152,8301.80783675,"PD",103.019151709011,12,42.8127483896511,12
"69196_P3_945_150528_RES.CFI-400945-52WEEKLY.m1",-77.8722941431166,1255.2779525,"PR",-87.4162481404011,21,-42.1155547290671,21
"NOTCHB01_P5_BMN_170329_RES.H2O.m1",87.6723883155575,18363.02008825,"PD",161.681748101031,10,93.3922889608206,10
"NOTCHB01_P5_BMN_170329_RES.H2O.m2",88.6912720931902,14263.50815825,"PD",265.371461936302,12,111.818572599008,12
"NOTCHB01_P5_BMN_170329_RES.H2O.m3",85.4912957581068,8152.258622,"PD",109.628604618756,13,52.198916672967,13
"69196.PACLITAXEL.m1",32.5421356433216,38423.9079975,"PR",-93.4114218127326,29,-52.7526943295974,111
"67990.CFI-400945-41.6WEEKLY.m1",-77.917865055559,4677.65818725,"CR",-100,57,-51.9326628163911,57
"67990.BMN-673.m1",68.9561490028594,6638.2488235,"SD",3.40090266071528,10,-17.3285580588975,10
"NOTCH10.CFI-400945-41.6WEEKLY.m1",15.6426696379901,14682.43907225,"SD",-71.5655826684833,63,-13.8057178206736,63
"NOTCH10.CFI-400945-41.6WEEKLY.m2",-55.5919341789809,6709.6434235,"CR",-99.6533748396165,118,-53.8713292626599,118
"NOTCH10.CFI-400945-41.6WEEKLY.m3",59.0873509011809,11500.69781275,"SD",10.8648098008203,58,28.7923300125548,12
"REF004.EVEROLIMUS.m1",82.9365749874073,6630.81422925,"PD",50.636987087769,14,22.4222172917259,10
"REF004.EVEROLIMUS.m2",80.8714933362595,4987.24003475,"SD",-0.866061266696152,10,14.6043893319869,10
"REF001_P1_CARBO_161103_RES.CX-5461.m1",84.513460766718,13466.653535,"PD",71.6595245113156,11,32.4226718846619,11
"70620.CX-5461.m1",24.4066411964234,6124.53281675,"SD",-37.0214228239832,21,-16.0066890178778,23
"71335_P3_ERIB_170713_RES.H2O.m1",82.7232356392041,6405.362286,"SD",-0.768711279861246,10,-18.9150476766233,10
"71335_P3_ERIB_170713_RES.PACLITAXEL.m1",86.7783630231053,7048.57966675,"PD",89.9155373822881,10,72.5612700133516,10
"71335_P3_ERIB_170713_RES.PACLITAXEL.m2",88.543581534384,13938.867412,"PD",87.976169683363,10,26.9926775735678,10
"69196.EVEROLIMUS.m1",54.6107887263192,9053.2885305,"SD",-26.2792257158401,20,-10.1913719353956,20
"71335_P3_ERIB_170713_RES.ERIBULIN.m1",86.6732563589318,10106.00783625,"PD",155.598903079984,13,51.332424906479,13
"71335_P3_ERIB_170713_RES.ERIBULIN.m2",88.0052253962265,14124.6211775,"PD",76.3418032057054,16,39.5727791815731,13
"REF001.PACLITAXEL-15DAILY.m1",-76.844728350408,541.57317525,NA,NA,NA,NA,NA
"REF001.PACLITAXEL-15DAILY.m2",74.2383754740162,5763.4500985,"SD",3.20517972732405,12,-3.47998886294106,12
"71335.CFI-402257-2ON5OFF.m1",88.2082847277984,9571.27441575,"PD",82.3055955024846,10,34.3126614091081,10
"71335.CFI-402257-2ON5OFF.m2",87.5083033710899,14609.42944175,"PD",183.804926682287,13,66.1511894117133,13
"71335.PACLITAXEL-15DAILY.m1",89.3081131735051,17913.1281745,"PD",203.600842540591,10,86.5284633973253,10
"71335.PACLITAXEL-15DAILY.m2",88.9887230467225,12805.5523815,"PD",117.377656112557,10,46.7567177331684,10
"REF001_P1_CARBO_161103_RES.CFI-402257.m1",86.7078064890804,12126.36937025,"SD",24.500488087489,10,5.44437972331395,10
"70620.BMN-673.m1",70.9533664034705,8598.76311125,"SD",22.3778632282731,13,16.9041317373543,13
"NOTCHB01.CFI-402257-3ON4OFF+PACLITAXEL.m1",-29.7502149329906,2351.30960575,"SD",-13.0135880235787,12,-17.7945918475977,12
"NOTCHB01.CFI-402257-3ON4OFF+PACLITAXEL.m2",39.2137254117131,5981.62378705,"SD",-10.1997279131532,12,-20.1397119995242,12
"73230_P1_TAX_170517_RES.PACLITAXEL.m1",-81.1310552462465,2192.36074325,"PR",-73.6984777351487,21,-36.6403560996288,21
"47904.PACLITAXEL-15DAILY.m1",47.9872738094261,8626.262287,"SD",-14.1541245295623,19,7.87707143865531,19
"69196.CFI-402257-2ON5OFF.m1",82.1866731914447,10022.3049575,"PD",48.0213344562825,16,15.6839448350364,13
"69196.CFI-402257-2ON5OFF.m2",66.9584443963771,4963.0407255,"SD",6.0510415610638,16,10.8232307849049,19
"NOTCHB01_P5_BMN_170329_RES.CFI-402257.m1",86.085531457592,1803.352139,NA,NA,NA,NA,NA
"NOTCHB01_P5_BMN_170329_RES.CFI-402257.m2",83.85364507135,6920.4375375,"PD",24.9565089799098,13,37.370824899275,13
"NOTCHB01_P5_BMN_170329_RES.CFI-402257-2ON5OFF.m1",86.5102289382288,7190.14079375,"PD",122.956118507751,15,54.6619826136857,12
"REF005.CFI-402257-2ON5OFF.m1",79.3826209008714,7174.288044,"SD",2.76802506595986,14,-2.34338409659642,10
"71335.ERIBULIN-EXTRALOW.m1",-41.0473709334071,61010.73296575,"PR",-88.0781419402344,57,-45.972672343044,190
"NOTCHB01_P5_ERIB_170309_RES.ERIBULIN-LOW.m1",87.0954404336796,6702.0273985,"PD",149.658410558101,10,59.2631855925108,10
"NOTCHB01_P5_ERIB_170309_RES.ERIBULIN-LOW.m2",88.7497477654311,12192.2016895,"PD",340.001565935809,10,150.052576455876,10
"28077.ERIBULIN-LOW.m1",-69.601481728982,1275.63582925,"CR",-99.5731913879429,64,-76.7064102655554,64
"REF004.CFI-402257-3ON4OFF+PACLITAXEL.m1",82.3932282130283,3564.74097525,NA,NA,NA,NA,NA
"REF004.CARBOPLATIN.m1",88.2462310924884,16559.39916525,"PD",205.615542372662,16,92.2580988832796,13
"REF004.ERIBULIN.m1",87.729475220796,11512.7059175,"PD",141.164263408246,13,57.133337847156,13
"NOTCHB01_P4_TAX_160810_RES.CARBOPLATIN.m1",82.5107828600733,7711.750149,"PD",66.4080361225423,17,32.7933792476206,14
"71208.CX-5461.m1",61.9313183476097,13588.56316725,"SD",20.9691685467258,38,19.468556225316,10
"71208.CX-5461.m2",-10.4745450992438,2111.693797,"SD",-8.73413380559778,17,1.1867539317141,17
"71208.ERIBULIN.m1",85.2667979456708,7255.55478775,"SD",5.0558941452141,10,7.78138128517985,10
"47904.CFI-400945-41.6WEEKLY.m1",46.8769156695164,21663.7208505,"SD",-43.7595231483079,83,4.10307153542904,106
"47904.BMN-673.m1",-33.7732391074131,12498.17858175,"PR",-69.9612203736436,64,-27.0876102553849,107
"47904.BMN-673.m2",-71.5303818848133,7230.14569825,"CR",-100,69,-44.5124032086356,69
"47904.BMN-673.m3",31.8042335126902,15707.0112295,"SD",-99.502587866212,90,-14.3724199130877,90
"47904.BMN-673.m4",40.5382090347385,35503.3752935,"CR",-99.6964966032325,57,-41.7395942527338,97
"70620.ERIBULIN-LOW.m1",-20.0874492986375,7962.2932735,"SD",-44.3664629835423,12,-13.0828773152594,25
"70620.ERIBULIN-LOW.m2",81.0491481548599,13417.154455,"SD",-8.10792803442311,12,-9.93703451315481,12
"INSB014.CX-5461.m1",87.9077785684382,21622.749173,"PD",270.977911799224,13,159.960573571581,13
"INSB014.CX-5461.m2",88.7956417471213,19141.75135375,"PD",319.393857409299,14,174.09977558915,14
"INSB014.CFI-400945-52WEEKLY.m1",82.9472970591785,7467.86691675,"PD",52.32892998679,16,36.1134266854572,13
"INSB014.CFI-400945-52WEEKLY.m2",-8.29152899609864,27347.99588,"SD",-44.2226699864192,42,19.1226949492337,50
"71208.CFI-402257.m1",73.0596665368181,8751.85861225,"SD",-9.68888688836842,12,-0.56286608562353,12
"71208.CFI-402257.m2",46.720645084103,10133.177067,"SD",-26.7707984965172,12,-11.7085390368368,26
"71208.CFI-402257-3ON4OFF+PACLITAXEL.m1",-48.3098342530349,5826.99228425,"PR",-90.1720310972661,44,-56.293134045517,64
"71208.CFI-402257-3ON4OFF+PACLITAXEL.m2",-25.5231770896266,8177.44496125,"PR",-88.9339821375127,26,-67.6062993888673,64
"66292.CFI-400945-52WEEKLY.m1",87.2708881327721,24371.63784875,"SD",2.31157450970377,11,2.95646803544445,11
"66292.CFI-400945-52WEEKLY.m2",85.7405654464091,16655.077414,"SD",28.2864694437122,21,20.001979260928,11
"NOTCH18.BMN-673.m1",71.2704495433223,30461.7049265,"PR",-60.8598073680852,13,-36.6411896371492,26
"73471.CFI-400945-52WEEKLY.m1",81.9074763021396,4863.75790275,"PD",46.0661893342786,15,53.6772150724149,15
"73471.CFI-400945-52WEEKLY.m2",85.1736322024532,6786.293943,"PD",80.8694577719753,15,54.0608792954275,12
"73471.CFI-402257-2ON5OFF+PACLITAXEL-15DAILY.m1",-47.439858671019,6502.72617425,"SD",-34.8611932005155,13,-19.8480744859705,20
"73471.CFI-402257-2ON5OFF+PACLITAXEL-15DAILY.m2",85.5989326494916,11851.1229555,"PD",28.8803215635873,15,30.7727219889609,15
"73471.CFI-402257-2ON5OFF+PACLITAXEL-15DAILY.m3",78.6626060096787,5689.62066675,"PD",49.0043332523672,12,29.4231065472568,12
"67455.H2O.m1",-62.2948284685392,1326.91752125,"SD",-28.3745288682433,10,-20.4032457738743,10
"67455.H2O.m2",-50.4071059417018,4727.89934825,"SD",-14.943829994725,15,-12.9368848550538,15
"108045.H2O.m1",88.7147726864299,30990.80819625,"PD",314.149624395914,14,162.680650916881,14
"REF044_P1_TTK/TAX_210707_RES.CFI-400945.m1",83.5191510672013,12457.853023,"PD",56.294047030577,10,56.7039224073673,10
"REF044_P1_TTK/TAX_210707_RES.BMN-673.m1",86.8880082016914,13773.594425,"PD",189.424860853432,10,96.97246014806,10
"REF035_P3_945_200603_RES.CX-5461.m1",84.887546989193,7695.10835825,"PD",78.2016898387008,14,45.055832277173,14
"REF035_P3_945_200603_RES.BMN-673.m1",82.8751915374897,17353.737128,"SD",-3.03687172918155,14,-0.294033163097594,14
"REF025_P3_945W_201106_RES.CX-5461.m1",81.2962195964597,15238.67060325,"PD",90.7256915089984,13,51.2160386772221,13
"REF005_P9_945_190926_RES.H2O.m1",87.2363294641131,22715.1297,"PD",70.3017877072704,13,31.1479425754677,13
"108099_P2_945_200925_RES.CX-5461.m1",76.6193211955687,31819.532345,"PR",-100,37,-35.0182091596361,37
"108099_P2_945_200925_RES.PACLITAXEL.m1",-29.3002872114947,9944.7292055,"PR",-52.2203767320631,26,-37.8193920665587,61
"108099_P2_945_200925_RES.ERIBULIN-LOW.m1",-48.0245257995671,13536.164671,"PR",-67.9247401701592,47,-36.5286321536483,75
"REF035.CFI-400945.m1",34.7134589492961,14322.20004675,"SD",-57.2141594682731,45,-19.2365089243484,45
"REF035.CFI-400945.m2",74.469568966304,23468.6650995,"SD",-12.1498409386011,13,2.70707550475813,20
"REF035.CFI-400945.m3",-69.8231294270483,6859.89191075,"PR",-77.3737608047986,26,-28.3418392547393,48
"REF035.CFI-400945.m4",-82.8355968187798,13504.75260325,"PR",-64.4809243375823,18,-33.9829786909822,34
"REF035.CFI-400945.m5",-82.8355968187798,13504.75260325,"PR",-64.4809243375823,18,-33.9829786909822,34
"REF035_P5_ERIBLD_210603_RES.CFI-400945.m1",88.2689376080052,10310.33822075,"PD",111.174173813281,11,72.0808544836661,11
"REF010_P3_945_210421_RES.CFI-402257.m1",79.0881089148624,9603.626099,"SD",28.0389613955548,11,18.7115375605363,11
"REF010_P3_945_210421_RES.CFI-402257.m2",84.0852569908411,10812.753481,"PD",90.2658069591078,19,74.4330601055218,11
"REF010_P3_945_210421_RES.BMN-673.m1",77.2805206452729,9752.73141925,"SD",18.8087985865272,11,17.9998093004365,11
"REF007.ERIBULIN-EXTRALOW.m1",58.0035293804513,48554.17334675,"CR",-100,30,-63.2230883331533,77
"REF006_P1_TAX_180307_RES.H2O.m1",83.600271953644,13243.47732075,"PD",90.8091382092415,14,36.4926110184902,14
"REF006_P1_TAX_180307_RES.PACLITAXEL-15DAILY.m1",65.8001930902978,20591.8731415,"SD",27.7899398892666,40,19.693699267208,14
"REF006_P1_TAX_180307_RES.CFI-402257-3ON4OFF+PACLITAXEL.m1",64.4327910972073,13150.49700725,"PD",47.4445426404437,33,29.6012416338567,14
"REF006_P1_TAX_180307_RES.CFI-402257-2ON5OFF+PACLITAXEL-15DAILY.m1",58.5475583781048,5608.0516825,"SD",24.8944228822486,33,28.5239968797431,14
"NOTCH06.ERIBULIN-EXTRALOW.m1",53.0046503424183,63961.973255,"CR",-97.58459349871,28,-58.740409637196,56
"52226.CFI-400945.m1",-47.8728731295984,9911.91046675,"PR",-91.1724137931034,111,-39.7235201376622,119
"52226.CFI-402257.m1",64.9248666012162,11060.053132,"SD",16.2278907084528,27,16.8269486220773,12
"INSB019.CFI-400945.m1",-76.7475516193084,2174.5842555,"CR",-97.1826640075523,34,-53.5495305674945,34
"INSB019.CFI-400945.m2",-44.1801548482489,24074.02665125,"CR",-100,111,-42.6210953267153,260
"INSB019.CFI-400945.m3",-14.9885958966053,13521.20395875,"CR",-100,253,-58.4946012979443,147
"INSB019.CFI-400945.m4",7.30080058802829,28431.31536875,"CR",-95.6007645189385,239,-64.0527713811519,42
"67725_P10_945_170908_RES.H2O.m1",82.4199549882429,13984.10566625,"PD",62.9885772320408,17,42.8777163103717,17
"67725_P10_945_170908_RES.CFI-400945.m1",67.2779472848311,52323.731362,"SD",28.207806658499,35,8.41015509925839,17
"67725_P10_945_170908_RES.CFI-400945-52WEEKLY.m1",-13.2900186386752,18957.18164975,"PR",-70.1813788455375,113,-37.9632235498876,133
"71335_P4_945_180301_RES.H2O.m1",84.1746256240586,9517.982257,"PD",52.4525030706437,21,20.9165943001457,13
"71335_P4_945_180301_RES.H2O.m2",88.9301101489812,21858.013672,NA,NA,NA,NA,NA
"71335_P4_945_180301_RES.H2O.m3",89.0746129436498,10856.738882,NA,NA,NA,NA,NA
"71335_P4_945_180301_RES.CFI-400945.m1",-21.6238282406997,8650.1031945,"PR",-77.7707074950305,13,-48.0230071031531,35
"71335_P4_945_180301_RES.CFI-400945.m2",88.9166479140519,66487.3932185,"PD",161.076050133083,12,105.205381338454,12
"71335_P4_945_180301_RES.CFI-400945.m3",83.1467273102443,28104.51268275,"SD",-67.3668057309845,20,-4.16609622313404,20
"71335_P4_945_180301_RES.CFI-400945.m4",84.3709756536059,8751.311802,"SD",6.95517440054599,14,-7.35357878039076,14
"71335_P4_945_180301_RES.CFI-402257.m1",84.7722109222424,4929.39095425,"PD",37.484030656078,13,10.2238944049232,13
"71335_P4_945_180301_RES.BMN-673.m1",87.8291451643236,15796.252974,"SD",-25.4523701952544,13,-18.9964998200197,13
"71335_P4_945_180301_RES.CFI-400945-5DAILY.m1",80.3414899476077,9453.88667225,"SD",27.6193157369191,21,9.3180855419606,13
"71335_P4_945_180301_RES.CFI-400945-5DAILY.m2",86.1363573156947,8046.524396,"PD",48.8050477109295,14,18.5417146216252,14
"REF003.EVEROLIMUS.m1",-7.77066026192011,25786.09924925,"PR",-77.368999416115,21,-65.1674622986688,104
"REF006.CFI-402257-3ON4OFF.m1",80.5009455978112,11655.255334,"SD",-5.46694612241187,12,-3.91016683262949,12
"REF006.ERIBULIN-EXTRALOW.m1",84.7590221583563,14825.99429225,"PD",52.3529508031994,15,25.9365844332454,12
"68941.CX-5461.m1",-6.51658337158635,8887.1879615,"PR",-50.4607258875409,13,-27.8508316149563,16
"REF016_P1_945_180420_RES.H2O.m1",89.2779294268004,9107.9880825,NA,NA,NA,NA,NA
"REF016_P1_945_180420_RES.CFI-400945.m1",88.4805336835287,22258.427651,"PD",134.757022656113,12,67.3785113280566,12
"REF016_P1_945_180420_RES.CFI-400945-52WEEKLY.m1",89.6682941272242,4656.507825,NA,NA,NA,NA,NA
"28077_P4_TAX_170906_RES.PACLITAXEL.m1",41.4490667637668,30792.466407625,"PR",-99.4093480237891,35,-37.4518930804637,90
"28077_P4_TAX_170906_RES.PACLITAXEL.m2",-49.5719107596861,2546.640659,"CR",-100,50,-78.1162049421689,196
"28077_P4_TAX_170906_RES.PACLITAXEL.m3",-29.6328688119114,16305.829215,"CR",-99.7363992365574,70,-85.6091721464,118
"01-1104.CFI-400945-52WEEKLY.m1",17.1258222579146,31411.0553435,"PR",-71.9960158808052,57,-32.2453169365837,72
"01-1104.CFI-400945-52WEEKLY.m2",10.7894479014696,26697.199539,"CR",-99.5856145081996,52,-56.4086429790935,84
"REF016.CFI-400945-3.75DAILY.m1",81.5393175060327,5534.11017475,"PD",42.1951497751107,12,17.7661416777646,12
"REF016.CFI-400945-3.75DAILY.m2",84.9475416539747,8966.1830445,"PD",61.6705466644621,12,26.0829366154016,12
"INSB019.CFI-400945-52WEEKLY.m1",53.5993787981642,33977.885188,"SD",-73.3577183476727,60,-6.44506615873822,96
"INSB019.CFI-400945-5DAILY.m1",45.0697443382365,41779.941147,"PR",-88.6382526703136,81,-21.5784260227326,110
"INSB019.CFI-400945-5DAILY.m2",57.9933173186874,83095.71124925,"PD",-48.1043418988163,125,60.9095384574756,177
"REF016_P1_945_180420_RES.PACLITAXEL.m1",89.4128219098516,7211.630765,NA,NA,NA,NA,NA
"REF016.ERIBULIN-LOW.m1",86.6852221254078,14189.50303075,"SD",17.7375945634056,14,8.86879728170279,14
"REF016.ERIBULIN-LOW.m2",87.1600875610213,22345.09959525,"PD",77.4891748862977,15,35.8762656117534,15
"REF006_P1_ERIB_180313_RES.H2O.m1",86.8843301560183,45513.1605005,"PD",87.452725448743,14,45.3589046137826,14
"REF006_P1_ERIB_180313_RES.ERIBULIN-LOW.m1",82.527797685551,30324.0427755,"PD",51.70276222191,19,23.4266619620662,14
"INSB019.CFI-400945-3.75DAILY.m1",73.2824350875031,6372.3546915,"SD",5.96752892322993,21,-8.27337130405826,21
"69196_P8_TAX_170824_RES.H2O.m1",81.7461663291033,4087.55338125,"PD",39.0562820516933,13,12.704461675959,10
"REF005_P1_945_170718_RES.PACLITAXEL.m1",-44.1724329431741,818.336553,"CR",-100,43,-92.0650593086795,223
"REF022.CX-5461.m1",78.0190060704128,14719.675535,"SD",-6.54154658372809,13,3.24671340575464,13
"REF022.CX-5461.m2",78.764118462967,6502.82075625,"PD",73.1994742389023,20,30.4649544363465,20
"REF022.CX-5461.m3",86.1605360954129,13057.651878,"PD",135.488286514373,20,51.019640498417,20
"REF022.CX-5461.m4",70.9098427514696,12742.6675535,"SD",-33.1241528888889,14,-2.20373688888889,14
"REF022.CX-5461.m5",80.6781858600119,19502.7060665,"SD",12.0789545430896,16,6.73027624787147,16
"REF010.CFI-402257-2ON5OFF.m1",54.2212637668278,8544.884339,"SD",5.0385900074737,30,10.3177294256239,11
"REF010.CFI-402257-2ON5OFF+PACLITAXEL-15DAILY.m1",-23.7135821274771,10430.11964025,"CR",-100,54,-75.0484307227792,104
"REF010.PACLITAXEL-15DAILY.m1",-21.2401493979005,14762.688851,"CR",-99.6837883991399,54,-74.2137650220302,173
"REF010.PACLITAXEL-15DAILY.m2",56.1532236846933,29407.7146395,"CR",-96.6439738329968,49,-70.9264608920341,77
"REF002_P2_TAX_171219_RES.H2O.m1",78.5456800142252,15897.7720245,"SD",12.3101772365707,13,6.15508861828534,13
"REF002_P2_TAX_171219_RES.H2O.m2",80.3184356059438,47513.608833,"SD",-8.26532279065524,19,-13.5624876097223,13
"REF002_P2_TAX_171219_RES.H2O.m3",76.7240931908755,47203.90191475,"SD",-15.2781523631158,40,6.17808875469761,13
"REF002_P2_TAX_171219_RES.H2O.m4",79.7735015679438,6798.03754825,"PD",103.806064506692,13,67.6457495307053,13
"REF002_P2_TAX_171219_RES.PACLITAXEL-15DAILY.m1",30.0645445116364,7064.72649125,"CR",-99.6906657413035,28,-65.0239701570393,28
"REF002_P2_TAX_171219_RES.PACLITAXEL-15DAILY.m2",83.1771080123815,69727.89473465,"SD",-14.8958693283333,19,-9.43892136789998,19
"REF002_P2_TAX_171219_RES.PACLITAXEL-15DAILY.m3",-23.851929298547,80897.85174375,"SD",-66.0499838646061,97,-9.86492495698789,202
"REF002_P2_TAX_171219_RES.PACLITAXEL-15DAILY.m4",79.4933585246307,20478.304088,"SD",12.9220328997964,14,6.07015460940143,14
"69196.ERIBULIN-LOW.m1",-7.34737953440802,17196.669229,"CR",-96.0425489896447,45,-70.1732816071589,111
"100534.CFI-402257+PACLITAXEL.m1",62.9607378982851,29756.48851725,"PR",-88.7482013062138,34,-52.4412105719274,56
"100534.ABT-263.m1",75.7667896378279,3451.122916,"SD",32.1629740469115,12,16.411990134515,12
"100534.CFI-400945+ABT-263.m1",-39.4544495711571,2767.91899775,"SD",-17.5259379390222,12,-5.28138802065582,12
"REF022_P4_TTK8/TAX20_190711_RES.H2O.m1",88.1606270906562,17791.942,"PD",43.4024168399168,12,14.9525727650728,12
"REF022_P4_TTK8/TAX20_190711_RES.CFI-402257-3ON4OFF+PACLITAXEL.m1",80.2639255176624,19145.93741375,"SD",-27.3111987563575,19,-14.9301884428457,19
"REF022_P4_TTK8/TAX20_190711_RES.CFI-402257-3ON4OFF+PACLITAXEL.m2",87.255007493751,29408.808475,"PD",87.6656760919014,14,56.093856455941,14
"REF016.CFI-400945+ABT-263-LOW.m1",86.2943169044927,17262.28652325,"SD",18.1355635156292,12,8.43187349162766,12
"REF035.CFI-400945-5DAILY.m1",88.2334650626814,12911.1184365,"PD",109.86086025471,15,45.0892175474007,15
"REF024.BMN-673.m1",-5.76773353024336,27098.6630955,"PR",-74.5306767810443,180,-26.481754949496,209
"REF024.CARBOPLATIN.m1",-12.5515622266295,8837.99523325,"PR",-84.9196788584175,53,-49.2019347519778,108
"REF020.BMN-673.m1",17.7421976657413,19413.78417,"CR",-100,40,-61.2564596980301,102
"REF020.CFI-402257.m1",81.9854235302255,35336.500434,"PD",39.3533520325842,10,19.3495190728789,10
"REF020.ABT-263.m1",71.5983737655769,17831.978496,"SD",-31.012638843598,10,-12.3594013536231,10
"REF019.CFI-400945.m1",-7.19953333653327,13900.18873375,"PR",-88.8450034799871,65,-44.7665430684789,98
"REF019.CFI-400945.m2",-29.5893675836754,18203.86894525,"PR",-73.4963920642645,62,-30.8414365010375,182
"REF019.CFI-400945.m3",42.4791602614312,9096.34072375,"SD",5.59544247830167,20,4.19562293087797,17
"REF019.CFI-400945.m4",-66.9843305850134,4015.6035185,"CR",-97.1804085623238,55,-56.4484824197913,68
"REF019.CFI-400945.m5",85.9738082091309,18032.27112,"PD",187.818810583534,12,93.9094052917671,12
"REF019.CFI-400945.m6",87.8538370133606,20337.8405995,"PD",103.532432444017,11,56.638887897013,11
"REF019.CFI-400945.m7",24.6607634879553,5682.4036173,"SD",0.620648457287384,20,1.94685471646052,20
"REF019.CFI-400945.m8",85.7564811522133,15241.744227,"SD",6.2512987202067,10,2.09387254127506,10
"241417.CFI-400945-52WEEKLY.m1",33.0645798342677,42988.2508055,"PR",-72.0878404383954,57,-27.3420487961246,57
"REF002_P4_945_190308_RES.CFI-400945-52WEEKLY.m1",-14.7660633991829,8679.68764925,"SD",-33.6970764760198,56,-4.30275046198361,63
"REF003_P1_CX_171024_RES.CFI-400945+ABT-263-LOW.m1",-59.2517627162351,809.41920125,"CR",-100,36,-85.076163017844,119
"REF019_P3_CARBO_190718_RES.CARBOPLATIN.m1",88.7599601123009,54897.8320905,"PD",148.273223394675,13,74.6648722470099,13
"REF019_P3_CARBO_190718_RES.CARBOPLATIN.m2",87.6406204837748,7512.40474525,"PD",169.476963547744,11,87.1443245037526,11
"REF002.CFI-400945-52WEEKLY.m1",-61.4656837974148,2467.6354975,"CR",-99.6466147862777,41,-80.5727609367971,111
"REF019_P1_945_180810_RES.ERIBULIN-EXTRALOW.m1",71.1642016103846,8312.397547,"SD",32.919085132281,28,20.2154488979569,20
"73263_P7_CX_171024_RES.H2O.m1",87.5315363839094,84641.6877775,"PD",54.2237051232247,13,28.7253977902528,13
"73263_P7_CX_171024_RES.H2O.m2",87.2497607113826,11571.94748925,"PD",149.87037974051,15,71.6604944018918,15
"73263_P7_CX_171024_RES.H2O.m3",89.1283194770031,27779.26737475,"PD",208.823607537954,14,116.946550796997,14
"73263_P7_CX_171024_RES.H2O.m4",84.6521143508956,75324.727958,"SD",-23.6855328476006,13,-8.70809533318156,13
"73263_P7_CX_171024_RES.H2O.m5",86.7266871476652,57075.683778,"PD",91.1910831708117,20,39.8598122576104,20
"73263_P7_CX_171024_RES.H2O.m6",84.8284094335438,24718.8464945,"PD",178.053206778221,12,67.7407122181089,12
"73263_P7_CX_171024_RES.H2O.m7",88.2303758223076,37356.1243705,"PD",96.9451256758211,13,46.9323446299853,13
"73263_P7_CX_171024_RES.CFI-400945.m1",69.1486856448225,9745.80781,"SD",3.38984638872732,21,10.7235004619948,21
"73263_P7_CX_171024_RES.CFI-400945.m2",85.9552739508528,10508.333392,"PD",107.402166766715,20,50.5232631456951,20
"73263_P7_CX_171024_RES.CFI-400945.m3",76.9083931651255,16220.08006925,"SD",-0.92542620840904,11,1.54811310255945,11
"73263_P7_CX_171024_RES.CFI-400945.m4",86.5804151828746,18387.096029,"PD",60.1319194140379,22,55.7223635251294,14
"73263_P7_CX_171024_RES.CFI-400945.m5",76.9322292720708,24486.53860225,"SD",-28.1996103960184,13,-14.0998051980092,13
"73263_P7_CX_171024_RES.CFI-400945.m6",80.7971449932421,11465.6876605,"PD",55.0109302016134,20,29.3431403366834,13
"REF006_P1_TAX_180315_RES.PACLITAXEL.m1",50.3430728463281,24790.26562725,"SD",2.87916178870441,21,-2.00336582412162,14
"REF006_P1_TAX_180315_RES.PACLITAXEL.m2",76.7566674323641,18772.217579,"SD",-30.0710631306516,19,-15.40415554986,19
"REF006_P1_TAX_180315_RES.PACLITAXEL.m3",83.970471911034,27476.7584535,"PD",69.9489297406195,11,44.7719186323065,11
"REF006_P1_TAX_180315_RES.PACLITAXEL.m4",0.346817342381852,7430.34753275,"SD",-31.2988188220725,21,-16.7024358593536,28
"REF006_P1_TAX_180315_RES.PACLITAXEL.m5",68.544316174147,2710.21964325,NA,NA,NA,NA,NA
"REF006_P1_TAX_180315_RES.PACLITAXEL.m6",85.7951528041219,10165.26789075,NA,NA,NA,NA,NA
"38807_P1_945_190502_RES.CFI-400945.m1",52.7269297916105,9853.1423195,"PR",-78.0667727220455,48,-28.798414334935,48
"100672.CFI-400945.m1",76.5739272073874,24763.92328025,"PD",41.8063321553033,26,24.8559350760069,12
"REF032.CFI-400945.m1",30.4470959284234,33928.07935425,"SD",-40.7826249346334,64,-13.2820290026682,79
"REF032.CFI-400945.m2",-52.101929137826,16194.9934465,"CR",-99.8041010351262,62,-59.5973907841862,96
"REF035.CFI-402257.m1",67.0400882657269,16349.608158,"SD",1.86334846902413,27,4.34336178683828,13
"REF035.CFI-402257.m2",85.553644907636,11130.68452,"PD",143.916228648294,11,71.5100187274942,11
"REF035.CFI-402257.m3",85.553644907636,11130.68452,"PD",143.916228648294,11,71.5100187274942,11
"REF013_P3_TAX_190522_RES.H2O.m1",89.485480270306,28205.401587,"PD",458.979469344317,13,204.86378860388,13
"REF013_P3_TAX_190522_RES.H2O.m2",89.6930425738605,41203.851668,"PD",259.294629426243,10,129.647314713121,10
"REF013_P3_TAX_190522_RES.CFI-402257-3ON4OFF+PACLITAXEL.m1",88.7904666382799,21593.7555915,"PD",97.0363355429869,13,46.2918885222684,13
"REF013_P3_TAX_190522_RES.ABT-263.m1",89.458037448478,13237.7533505,NA,NA,NA,NA,NA
"REF013_P3_TAX_190522_RES.PACLITAXEL.m1",85.6509103423018,24758.3746005,"PR",-68.9142386671596,13,-44.1187103469878,27
"REF013_P3_TAX_190522_RES.PACLITAXEL.m2",89.6990759388829,45573.841556,"PD",239.590684419612,10,119.795342209806,10
"REF013_P3_TAX_190522_RES.PACLITAXEL.m3",89.4428341169578,28068.905563,"PD",154.284261266932,10,77.1421306334662,10
"BXTO81.CARBOPLATIN.m1",76.7419564480206,13444.26567025,"SD",14.5720762852405,14,8.91955444997236,14
"BXTO64.H2O.m1",88.3040263533662,73397.2710175,"PD",341.404520356567,19,164.115295871848,19
"BXTO64.H2O.m2",78.8257048899641,57118.260126,"SD",28.0384023084152,48,15.845344155763,12
"BXTO64.H2O.m3",82.6435181967848,81543.64919975,"SD",16.7440320755491,12,8.37201603777455,12
"BXTO64.H2O.m4",87.182831317491,28410.23262675,"PD",49.0281794074835,14,19.5649115801238,14
"BXTO64.H2O.m5",87.3885212516752,48116.8412335,"PD",106.402989543758,14,74.2220035951515,14
"BXTO64.H2O.m6",85.3351783492048,13976.976025,"SD",17.395353494597,12,8.69767674729848,12
"BXTO64.H2O.m7",81.9376182386016,18823.87710675,"PD",66.8945243801133,13,41.9653392987149,13
"BXTO64.H2O.m8",88.5960387443288,59728.339081,"PD",199.250442458678,15,107.264533282996,15
"BXTO64.CX-5461.m1",83.0621250401066,48297.8896415,"PD",113.489003952589,43,101.762536589893,19
"BXTO64.CX-5461.m2",62.3796008829256,15422.9874475,"PD",50.8277149365522,35,38.9901285195935,14
"BXTO64.CFI-400945-52WEEKLY.m1",25.5535445600823,21542.364049,"SD",-25.3007131607955,69,22.9413379475406,88
"BXTO64.CFI-400945-52WEEKLY.m2",-15.5484427466125,40789.02877725,"PR",-93.8444850176475,183,-22.5448680464672,209
"BXTO64.CFI-400945-52WEEKLY.m3",-4.70473361209327,22896.2874645,"PR",-82.304366141068,100,-25.8622534459961,120
"47904_P5_945_180926_RES.CFI-400945.m1",87.7446903046281,9587.5432275,"PD",191.84940130667,14,87.3393488743142,14
"47904_P5_945_180926_RES.CFI-400945.m2",68.6049925110922,32384.724221,"PD",7.04106114892505,80,32.9286509340922,10
"47904_P5_945_180926_RES.CFI-400945.m3",34.0375399024897,15936.7300645,"PR",-91.319531656583,48,-46.3369381657286,69
"BXTO64.CARBOPLATIN.m1",70.2021711091054,27790.71649525,"SD",-25.0061861072347,19,0.179240856363916,19
"BXTO64.CARBOPLATIN.m2",86.9200061068676,18171.625003,"PD",131.10984161564,29,67.8963907346546,14
"REF002_P2_TAX_171219_RES.PACLITAXEL.m1",74.5078143399297,54089.83134775,"SD",8.47989208365296,13,4.39701793272865,13
"REF002_P2_TAX_171219_RES.PACLITAXEL.m2",81.4406195542313,12208.84980475,"SD",32.4908628617667,13,14.2606125289706,13
"REF025.CFI-400945.m1",76.8339612493301,20613.6783455,"SD",12.9686815219414,18,15.0020487266296,18
"REF025.CFI-400945.m2",53.4206121471423,5763.78739325,"SD",23.4251064732991,12,10.8529049424786,12
"REF025.CFI-400945.m3",82.6515531882237,32546.99790025,"PD",31.772979661361,26,46.9560887013066,12
"REF025.CFI-400945.m4",-6.33062944067383,10818.09435,"SD",-15.0239035254286,46,-9.4376714393081,14
"REF023_P2_945W_190531_RES.H2O.m1",87.2183884338389,25309.34975125,"PD",144.99642638348,13,54.2615363158199,13
"REF023_P2_945W_190531_RES.CFI-400945-52WEEKLY.m1",77.9939471582618,17166.2521265,"PD",35.3284079414918,13,9.28443188644867,13
"73263_P7_CX_171024_RES.BMN-673.m1",0.729099531471323,28347.70251125,"CR",-100,42,-68.4281153132524,90
"73263_P7_CX_171024_RES.BMN-673.m2",-21.6993444549883,16351.19009,"CR",-100,34,-71.9567618318236,127
"73263_P7_CX_171024_RES.BMN-673.m3",13.9161321468931,37272.175733,"CR",-100,49,-57.5291005161523,103
"73263_P7_CX_171024_RES.BMN-673.m4",86.704028670152,19862.703174,"PD",158.242725206785,12,89.0867600208347,12
"73263_P7_CX_171024_RES.BMN-673.m5",-63.8345507022665,4026.161791,"SD",-96.6104338202372,42,-9.89189964468477,42
"73263_P7_CX_171024_RES.BMN-673.m6",-15.2839279575264,34653.383811,"CR",-100,39,-81.0218724619257,115
"73263_P7_CX_171024_RES.CARBOPLATIN.m1",-38.2144194938011,2977.4243845,"CR",-99.604286769342,34,-83.7264076184083,245
"73263_P7_CX_171024_RES.CARBOPLATIN.m2",-13.0070188069741,14294.697656,"SD",-57.7446746525019,76,-6.46900031147197,13
"73263_P7_CX_171024_RES.CARBOPLATIN.m3",-48.8258436838223,21355.39822675,"CR",-99.8238973565878,35,-74.8370324971681,97
"73263_P7_CX_171024_RES.CARBOPLATIN.m4",87.9086607924942,21490.54013025,"PD",191.884963136389,20,162.718316166592,14
"73263_P7_CX_171024_RES.CARBOPLATIN.m5",76.6441669104056,12251.69237575,"SD",29.4874973973843,15,29.6224389263528,15
"73263_P7_CX_171024_RES.CARBOPLATIN.m6",-46.7150289531379,2578.1823045,"CR",-100,29,-84.7084155542246,197
"47904_P6_BMN_190111_RES.PACLITAXEL.m1",88.3441490781894,38840.16029475,"PD",59.3966141670238,15,29.6983070835119,15
"REF019_P1_945_180810_RES.CFI-400945.m1",73.1444800564259,14662.4178265,"SD",30.5662932611049,11,15.1607034633766,11
"REF019_P1_945_180810_RES.CFI-400945.m2",58.6525435021588,27823.4702915,"SD",-17.309762334851,12,-11.0980659227105,19
"241417_P2_TAX_180110_RES.PACLITAXEL.m1",-68.4467497005612,5611.539758,"PR",-91.8355278577686,50,-55.8416384208689,70
"241417_P2_TAX_180110_RES.PACLITAXEL.m2",-40.8430384943291,17587.42053975,"PR",-93.8323524854962,57,-61.4255122884575,71
"85277.ERIBULIN-LOW.m1",-1.48262199076347,29743.919079,"CR",-99.6505735850326,46,-44.8535738233945,138
"73230_P1_945_170516_RES.BMN-673.m1",-24.1350018057159,17396.053235,"SD",-28.5409367815857,32,9.64506345253515,45
"73230_P1_945_170516_RES.BMN-673.m2",84.3719053958202,5253.9519815,"PD",98.209052146708,19,63.9144174806131,14
"73230_P1_945_170516_RES.BMN-673.m3",69.0109155649388,32227.87846325,"CR",-100,43,-55.4393509028795,57
"73230_P1_945_170516_RES.BMN-673.m4",70.898576546836,36917.7966505,"PR",-97.0345383610264,47,-35.7994849672718,76
"73230_P1_945_170516_RES.BMN-673.m5",77.5189405634414,9769.1609335,"PD",41.9101134381888,21,42.5902847277931,21
"73230_P1_945_170516_RES.CFI-402257.m1",85.9507423552856,16466.9947965,"SD",21.4662974610728,10,11.667630557999,10
"73230_P1_945_170516_RES.CFI-402257.m2",82.334139616602,10829.166387,"PD",47.8656580286183,12,40.2788851559177,12
"73230_P1_945_170516_RES.CFI-402257.m3",82.2326238471811,6592.874106,"PD",81.1556727733583,14,40.5778363866791,14
"73230_P1_945_170516_RES.CFI-402257.m4",84.2124625420588,8131.5629885,NA,NA,NA,NA,NA
"73230_P1_945_170516_RES.CFI-402257+PACLITAXEL.m1",74.9756969888235,7160.7619605,"SD",-1.68822684664987,10,0.0996232257909832,10
"REF016_P2_945_180406_RES.PACLITAXEL.m1",85.6840665341175,18382.05380525,"SD",28.7686304186136,15,11.8157643441152,15
"REF016_P2_945_180406_RES.PACLITAXEL.m2",87.1089870665008,2205.66489425,NA,NA,NA,NA,NA
"REF016_P5_CARBO_190124_RES.ABT-263.m1",87.8585871169436,3609.9071285,NA,NA,NA,NA,NA
"REF016_P5_CARBO_190124_RES.CFI-400945+ABT-263-LOW.m1",62.3145264822103,17446.46915,"SD",18.1730044594966,53,11.3258558651301,10
"REF013.CFI-400945-52WEEKLY.m1",66.3964490394077,19760.89161275,"SD",-64.2183257320757,62,23.0460743064164,76
"01-1104_P1_945_180801_RES.CFI-400945-52WEEKLY.m1",86.3285834274364,14345.167898,"PD",69.4004315671051,27,37.0613263254353,12
"01-1104_P1_945_180801_RES.CFI-400945+ABT-263.m1",88.1336958086724,6412.9085545,"PD",300.410057860104,12,96.0932258508781,12
"REF022.CFI-402257-3ON4OFF+PACLITAXEL.m1",10.0655846010653,16888.426582,"CR",-97.0738121306771,36,-68.2297549790239,62
"REF022.CFI-402257-3ON4OFF+PACLITAXEL.m2",15.4124437850911,27933.93553175,"CR",-96.9471545507512,38,-54.6301255262123,65
"REF016.CFI-400945-52WEEKLY.m1",52.1616348259747,16971.16269225,"PR",-76.8064187892336,28,-38.2643696275548,43
"REF009.CX-5461.m1",42.3997128945707,29787.02469575,"PR",-97.1062403348427,97,-34.7082731024388,130
"REF009.CX-5461.m2",5.95724832835479,28090.3543695,"PR",-71.1145160432772,55,-51.5290873804685,89
"REF009.CX-5461.m3",-37.9322855289709,4782.91086775,"SD",-45.2703441721985,52,-20.1467290949511,56
"REF009.CX-5461.m4",3.46609426795817,20338.74215525,"SD",-70.8659384641369,119,-4.86461182340123,124
"REF009.CX-5461.m5",20.4230499124891,51008.747324,"PR",-88.8571019149516,97,-35.6797677149448,131
"REF009.BMN-673.m1",37.1306406706915,6195.18293875,"SD",6.11241969817567,39,5.16892256722751,11
"REF009.BMN-673.m2",-55.2540361825097,2899.25813325,"PR",-52.6413190458488,32,-28.415827878798,39
"REF009.BMN-673.m3",-31.7872670477135,6388.7342375,"PR",-99.4433741364026,105,-36.34257492234,147
"REF009.BMN-673.m4",27.220008152402,24717.606908,"PR",-96.0089877595655,71,-38.5848120698853,98
"REF009.BMN-673.m5",54.9509018464421,2916.30389625,"SD",-12.2051064160244,27,19.4515341781434,10
"01-1104.CFI-400945-41.6WEEKLY.m1",64.6495658317098,11781.703967,"SD",-21.1296116081267,21,6.2088926773913,21
"48041.CFI-400945-5DAILY.m1",-69.8993092101993,1101.474858,NA,NA,NA,NA,NA
"REF022.UNC0642.m1",72.1346746055509,8388.865754,"SD",8.35085316739668,15,4.17542658369834,15
"REF022.CFI-402257.m1",70.5810091734888,11177.011985,"SD",1.35227977957656,15,0.67613988978828,15
"REF022.CFI-402257.m2",81.3711859497097,13705.805344,"PD",37.6338742872077,21,35.4703869489763,14
"REF022.CFI-402257.m3",80.3785898062704,12504.22430425,"PD",41.0870960240474,26,14.9502826006508,14
"REF022.CFI-402257.m4",84.3361192414922,23005.05789525,"PD",38.2378305288602,12,19.1189152644301,12
"REF005_P1_945_170718_RES.CFI-400945+ABT-263.m1",80.9509674694199,4024.51650475,"PD",96.0780896412576,21,83.248535711309,14
"REF005_P1_945_170718_RES.ABT-263.m1",82.5851219978205,10354.454429,"SD",28.2906433228725,14,10.673121351209,14
"241417_P2_BMN_171018_RES.PACLITAXEL-15DAILY.m1",70.4979906206159,7769.54359475,"PD",23.3740419412451,27,30.4426468264453,14
"241417_P2_BMN_171018_RES.CFI-400945.m1",-25.2137949530949,7368.954252,"CR",-100,71,-83.2998586054918,154
"REF005.ABT-263.m1",86.1518997401373,15348.7571215,"PD",62.7663076637204,13,41.6568485871788,13
"65465_P10_TAX_170921_RES.CARBOPLATIN.m1",85.5458537768386,32022.21626425,"PD",36.6725642163732,15,22.0858929159987,15
"REF022.CFI-402257-2ON5OFF.m1",76.6270597233049,12306.384724,"SD",-1.32651868549305,20,-1.79855523552105,20
"53782.H2O.m1",79.5529339474092,63262.53989355,"PD",157.479386511492,12,93.4821611016942,12
"53782.H2O.m2",67.5511116817115,92030.3700625,"SD",-0.0860569222119581,13,22.4774763507303,13
"53782.H2O.m3",62.34944242256,124860.6901105,"SD",14.7226371426956,15,5.63305863469351,15
"53782.CX-5461.m1",58.0066650349435,28501.924901,"SD",-37.9680541859186,44,-11.2094524457376,19
"53782.CARBOPLATIN.m1",51.6930015401152,8453.971672,"SD",-3.04801427405592,26,29.655718989491,26
"53782.PACLITAXEL.m1",-23.4175351289384,20930.68661175,"CR",-99.6544158072532,222,-42.2748417733168,260
"66280_P1_945_141022_RES.CFI-400945-52WEEKLY.m1",-44.3974614819195,19117.3675535,"CR",-100,169,-40.7689611430554,211
"47904_P5_945_180926_RES.PACLITAXEL.m1",67.8485652122306,17146.48125925,"SD",-8.73965771754998,28,4.93425910827648,28
"47904_P5_945_180926_RES.ERIBULIN-LOW.m1",-62.677584022699,4032.358501,"CR",-97.6111186659483,28,-67.1885300968291,68
"INSB019_P1_945W_180607_RES.H2O.m1",80.4983867327056,56482.8416425,"SD",-11.05515595112,13,-2.73646507783441,13
"INSB019_P1_945W_180607_RES.H2O.m2",78.6783052051909,63405.6286595,"PD",67.0276308954085,15,25.3012889307552,15
"INSB019_P1_945W_180607_RES.CFI-400945-52WEEKLY.m1",40.012954379424,18694.41331275,"PR",-82.612022047956,21,-50.0683109128036,50
"INSB019_P1_945W_180607_RES.CFI-400945-52WEEKLY.m2",75.1212149451244,13194.83610125,"PD",84.0414550590756,14,36.4495810701059,14
"INSB019_P1_945W_180607_RES.CFI-400945-52WEEKLY.m3",-51.3231995697075,5058.16782025,"PR",-66.6299444568075,29,-37.3087360920654,43
"44205.CFI-402257-3ON4OFF.m1",78.7362451342173,21350.89574425,"SD",7.55407984067483,13,12.1904725503692,13
"REF022.CFI-400945+ABT-263.m1",55.0973617226005,9793.906647,"SD",-37.2456263706247,21,-26.0453444708294,28
"REF022.ABT-263.m1",83.1426484490561,4242.6433315,"PD",64.8362719968928,14,29.0452408928711,14
"REF022.ABT-263.m2",64.1587416635426,12623.68536025,"SD",-13.0984488239034,14,-7.41133714770078,14
"01-1104.EVEROLIMUS.m1",82.7105447834581,6265.653785,"PD",55.9782072799936,16,38.4988907062819,13
"01-1104.ERIBULIN-LOW.m1",-7.39623093383734,19150.9074305,"CR",-96.6251096164397,34,-54.8022906181081,97
"REF002.CFI-402257-3ON4OFF.m1",74.1331892726519,7200.31809975,"PD",47.7128405004206,21,26.8409210912197,21
"INSB014.UNC1999.m1",87.3671198009164,19733.53002975,"PD",151.229151887106,10,75.6145759435529,10
"REF025.CFI-400945+ABT-263.m1",67.6621785646482,19199.640135,"SD",-7.87926380385338,35,4.46414838438742,21
"REF006.BMN-673.m1",83.6198123487113,20143.72498275,"PD",59.024690964778,13,29.512345482389,13
"REF006.BMN-673.m2",76.5580798032869,33333.80004925,"SD",-8.03024923620108,26,7.6473997714041,33
"INSB019.CFI-402257-3ON4OFF+PACLITAXEL.m1",84.561575485208,16310.653561,"PD",44.0844094066129,12,23.3431454567448,12
"REF023_P1_BMN_190103_RES.CFI-400945.m1",69.6963142813236,10692.76223425,"SD",15.3260205614031,12,-4.824854938665,12
"85277_P2_CX_180703_RES.CFI-402257.m1",82.7700522877076,19744.1940965,"SD",23.4215897972649,21,25.5118830954187,21
"85277_P2_CX_180703_RES.CARBOPLATIN.m1",88.2873292534369,13722.1425995,"PD",88.2324252667569,13,51.7749670781081,13
"01-1104_P1_945W_180801_RES.H2O.m1",87.456070485449,47298.3995535,"PD",46.6067519732494,14,15.625673651156,14
"01-1104_P1_945W_180801_RES.CFI-400945-52WEEKLY.m1",71.1720609731914,22161.6823365,"SD",-44.6821144790467,27,-17.8677561184032,27
"01-1104_P1_945W_180801_RES.CARBOPLATIN.m1",85.476824363121,8090.5941585,"PD",55.3806396828048,14,7.39772484081315,14
"REF019.CX-5461.m1",48.4552669384246,47866.7969685,"PD",-34.3614403313612,127,47.3002300672971,127
"REF019.CX-5461.m2",59.3858376669205,12185.05305475,"SD",-1.3741871187074,21,6.40002668897865,28
"REF019.CX-5461.m3",37.31728768314,38806.3613165,"SD",5.26191905715943,119,5.9169681695686,12
"REF019.CX-5461.m4",22.3609325365927,30316.12865825,"SD",-16.3555799149308,55,0.814401228112112,55
"REF019.CX-5461.m5",-0.53512787542051,26788.570067,"PR",-75.4221716297866,118,-21.2999458264553,124
"REF019.BMN-673.m1",-55.359644861305,26619.9703275,"CR",-99.8300135966175,86,-59.5817155397416,133
"REF019.BMN-673.m2",-13.902661900242,33150.480187,"PR",-92.2282786447184,127,-36.1546325214936,208
"REF019.BMN-673.m3",-34.7850263317397,12609.43641775,"PR",-78.7837882178645,81,-36.1869813825487,111
"INSB019.BMN-673.m1",52.6156019033168,30354.587146,"SD",-20.0252860109931,44,-6.6497221471752,48
"INSB019.BMN-673.m2",66.8331525562749,20686.0648595,"SD",8.9885605596459,19,8.36518300528876,14
"INSB019.BMN-673.m3",87.1147967134177,8047.0261915,"PD",90.7715222540572,10,53.1516471591879,10
"INSB019.BMN-673.m4",85.5647663821514,18705.705465,"PD",62.7864570284121,17,25.0340981091806,10
"REF022.GLUT1.m1",-38.4763385840177,761.87952,NA,NA,NA,NA,NA
"REF022.GLUT1.m2",-61.5987078905479,1068.016428,NA,NA,NA,NA,NA
"REF022.GLUT1.m3",79.1743639298543,4552.82635825,"PD",143.075326452892,21,63.3352419605078,11
"REF022.GLUT1.m4",79.9409623829916,7749.164347,"PD",19.1481068582518,21,78.1860917983797,11
"REF014_P2_ERIBLD_180801_RES.H2O.m1",78.6510608355579,9748.81184025,"SD",23.047290358389,14,21.5547680383726,14
"REF014_P2_ERIBLD_180801_RES.PACLITAXEL.m1",81.0049715391977,10906.7475265,"PD",54.9408762646429,14,46.7964574979538,14
"REF014_P2_ERIBLD_180801_RES.CFI-402257-3ON4OFF+PACLITAXEL.m1",81.4221810639304,21073.7568795,"SD",33.0724149590498,14,18.8813689810078,14
"REF014_P2_ERIBLD_180801_RES.ERIBULIN-LOW.m1",78.6908882921918,12201.481754,"SD",-6.97838854382847,14,-0.781033385865342,14
"REF014_P2_ERIBLD_180801_RES.CFI-400945+ABT-263.m1",79.0500494671609,4995.8425685,"SD",23.8169589378154,14,17.687370685046,14
"87654.H2O.m1",83.4703211622023,53765.201143,"SD",25.8258131370681,12,14.866689421742,12
"87654.H2O.m2",-31.431996322958,8159.66084975,"PR",-72.1865926921585,82,-27.4359555306107,97
"87654.CFI-402257.m1",78.1623642211892,7995.5034525,"PD",42.4846080586308,12,16.0246112159521,12
"87654.CFI-400945.m1",81.1979026198363,8055.05913,"PD",58.577685597236,12,25.3857735175793,12
"87654.CFI-400945.m2",-46.1439405987167,5417.096653,"CR",-99.4798932557883,67,-43.8026076083616,97
"01-1104.CFI-400945-5DAILY.m1",85.3215877280055,7166.1761945,"PD",194.395379964236,18,97.1976899821179,18
"01-1104.CFI-400945-5DAILY.m2",82.5951628779667,8436.31715,"PD",79.654768035723,10,39.8273840178615,10
"01-1104.CFI-400945-5DAILY.m3",72.2960971564879,7848.97343675,"SD",11.631131515466,17,11.8944472942986,17
"01-1104.CFI-400945-5DAILY.m4",84.8529206624208,13540.02491675,"PD",71.2491505387299,17,27.7066868567804,10
"01-1104.BMN-673.m1",81.2803633070168,13474.12887725,"PD",91.6318331650397,28,48.9330529676926,18
"01-1104.BMN-673.m2",85.5643221755141,8691.63474125,"PD",40.0917271490223,10,42.4899480768897,10
"REF014.PACLITAXEL.m1",79.5574078676451,5095.3336905,"PD",45.9177019849013,14,26.14314891617,14
"REF006_P1_TAX_180315_RES.CFI-402257-3ON4OFF+PACLITAXEL.m1",42.399879747879,10332.024595,"SD",-9.9771370687166,31,10.4840434999296,31
"REF006_P1_TAX_180315_RES.CFI-402257-3ON4OFF+PACLITAXEL.m2",82.9196659459601,40779.79761925,"PD",-34.0926565637946,39,36.2618337466099,56
"REF006_P1_TAX_180315_RES.CFI-402257-3ON4OFF+PACLITAXEL.m3",87.7484503218517,35624.64287275,"PD",289.42900851341,34,171.99270331946,20
"REF006_P1_TAX_180315_RES.CFI-402257-3ON4OFF+PACLITAXEL.m4",43.2319061226934,5706.549788,"SD",1.2507741551245,28,23.3649685198733,36
"REF016_P2_945_180406_RES.BMN-673.m1",62.9541998160487,29074.39732175,"SD",-29.1787142160426,54,14.6826342313026,75
"REF016_P2_945_180406_RES.BMN-673.m2",68.3524189247529,31197.2412235,"SD",0.943559556786708,19,22.5735854941819,41
"REF016_P2_945_180406_RES.BMN-673.m3",38.6001850511158,32587.2476,"PR",-96.1554278810533,53,-23.6288812723027,95
"REF016_P2_945_180406_RES.CARBOPLATIN.m1",87.7415290412187,11179.68018975,"PD",83.2616499669283,11,40.8976228977752,11
"REF019.ABT-263.m1",84.254819404186,12332.3295545,"PD",179.797944366127,19,120.073030236826,12
"REF002.CFI-402257-3ON4OFF+PACLITAXEL.m1",85.0031917489708,16178.272754,"PD",28.6053247880317,19,35.5621819934987,19
"REF002.CFI-402257-3ON4OFF+PACLITAXEL.m2",-47.2288199109919,4365.04545875,"CR",-100,57,-66.7034226600137,165
"REF002.CFI-402257-3ON4OFF+PACLITAXEL.m3",-32.5109639817877,7514.467937,"CR",-99.6854912305237,21,-83.6562279025484,76
"85277_P1_945_180518_RES.CFI-400945+ABT-263.m1",87.758448576052,8902.47080825,"PD",106.85213821503,14,42.0163028960987,14
"REF019_P1_945_180810_RES.H2O.m1",58.7449916130691,11344.10354575,"SD",-18.3995671745152,14,-10.6845497332513,14
"REF019_P1_945_180810_RES.ABT-263.m1",69.361084143925,13014.84881875,"SD",11.9005864344844,14,1.67007137131629,14
"38807.CX-5461.m1",44.9063325492298,13265.34174225,"SD",-10.3837191307815,29,2.49710286544631,34
"38807.CX-5461.m2",17.2829454151157,21887.50492225,"PR",-85.4474569843402,46,-53.8581393475307,96
"38807.CFI-400945-52WEEKLY.m1",-16.9141899408396,11181.07499825,"CR",-99.6098122906819,34,-82.7643628067049,160
"REF005.CFI-400945-5DAILY.m1",88.5586081822359,14492.5865895,"PD",85.8762717178134,14,38.989363461084,14
"NOTCH18.ERIBULIN-EXTRALOW.m1",-47.4147754258037,1719.576557,"CR",-100,36,-87.5158702480474,232
"REF005_P3_TTK/TAX_180315_RES.H2O.m1",88.6212886517924,25985.629988,"PD",177.679675720274,13,79.3609351057967,13
"REF005_P3_TTK/TAX_180315_RES.CFI-402257-2ON5OFF.m1",88.7018397044611,16747.05427725,"PD",186.935183430334,13,93.7189028554106,13
"REF005_P3_TTK/TAX_180315_RES.CFI-402257-2ON5OFF+PACLITAXEL-15DAILY.m1",81.4823329004892,24341.0057465,"PD",67.443983935196,13,35.4715219989391,13
"REF030.CARBOPLATIN.m1",77.7410072300072,12222.52305525,"PD",40.5622489959839,27,20.1881882186434,13
"REF002_P2_TAX_171219_RES.CARBOPLATIN.m1",-16.6570227389893,5605.667933,"SD",-15.3974784867657,40,-1.5982276694845,40
"REF006_P1_TAX_180315_RES.H2O.m1",86.60851111601,44581.10416925,"PD",131.529942418208,12,73.7323194170411,12
"REF006_P1_TAX_180315_RES.H2O.m2",87.2481807338514,43899.9425225,"PD",66.4091286771596,11,40.238096837446,11
"REF006_P1_TAX_180315_RES.H2O.m3",81.5272731762057,20000.126461,"PD",153.278364983992,14,90.1259176405839,14
"REF006_P1_TAX_180315_RES.H2O.m4",80.4473645801188,76993.15631925,"PD",71.2723288450811,15,49.1522045817129,10
"REF006_P1_TAX_180315_RES.H2O.m5",86.6314856551583,7243.900839,NA,NA,NA,NA,NA
"REF006_P1_TAX_180315_RES.H2O.m6",84.5237445542468,6722.96526825,NA,NA,NA,NA,NA
"REF006_P1_TAX_180315_RES.CFI-400945.m1",53.2297483846392,18754.088177,"SD",-9.51507430177755,26,3.66963453830715,26
"REF019.CFI-400945-52WEEKLY.m1",-17.5405735699337,9797.6627775,"PR",-65.5417992498719,28,-47.8926182146955,43
"REF019.CFI-400945-52WEEKLY.m2",64.8428994370116,51506.959359,"SD",2.69883375880456,70,19.5692244109047,14
"REF019.CFI-400945-52WEEKLY.m3",11.9637984570968,7702.6502545,"PR",-94.798613057974,44,-72.5787539372978,91
"REF019.CFI-400945-52WEEKLY.m4",-60.7567374606726,3141.082004,"PR",-55.1720777580458,26,-35.6159073016204,33
"REF019.CFI-400945-52WEEKLY.m5",-52.5760091540551,12818.033841,"SD",-35.5284051147483,67,-18.0260725804398,67
"REF019.CFI-400945-52WEEKLY.m6",31.1245165387239,17118.2988165,"SD",-26.4224930847917,60,14.398475160559,15
"REF019_P1_BMN_190124_RES.BMN-673.m1",84.7199556085746,23617.0951705,"SD",-18.7416163514854,13,-4.61310007952553,13
"REF019.PACLITAXEL.m1",45.1321768374964,17735.99829425,"SD",-1.21229487391656,56,11.0215788246981,35
"REF019.PACLITAXEL.m2",65.4082405830188,15587.92898,"SD",-2.91433039886449,41,4.94227445420961,14
"REF019.CFI-400945+ABT-263.m1",61.6872363451316,22642.1647165,"PD",7.84041638681563,45,33.6828139105611,63
"73263_P7_ERIB_180323_RES.ERIBULIN.m1",88.0735346102998,16566.64023125,"PD",104.76445380117,14,48.0254633765987,14
"REF002_P3_945_180913_RES.CFI-400945+ABT-263.m1",85.7914348017883,8308.9000395,"PD",76.7293997313358,14,32.2794796061863,14
"NOTCH10_P9_ERIBLD_180110_RES.H2O.m1",83.4356619515541,40936.722388,"PD",66.1811848668918,29,49.4440951069116,13
"NOTCH10_P9_ERIBLD_180110_RES.PACLITAXEL.m1",9.91683668565221,29914.394071,"CR",-98.7287570819314,56,-50.626332142737,75
"NOTCH06_P4_TAX_161031_RES.ERIBULIN-EXTRALOW.m1",-65.2476894379674,17162.46270675,"PR",-53.6834038096857,65,-25.2583930772928,70
"NOTCH06_P4_TAX_161031_RES.ERIBULIN-EXTRALOW.m2",-77.404023885364,4182.810983,"PR",-58.5646356532607,27,-25.8105289688333,27
"53782.CFI-400945.m1",5.76274022922954,15962.025278,"SD",-66.2788964566539,92,-15.5349020850854,21
"53782.CFI-402257.m1",-13.142898921189,12853.77221675,"SD",-38.266524649404,76,-3.74128834046181,104
"53782.BMN-673.m1",38.3297917333835,19300.202197,"SD",-34.350040527058,27,-7.53499474799371,27
"73263.CFI-400945+ABT-263.m1",15.7494376286872,3758.10944,"PR",-88.5844748858447,13,-57.2503207621625,38
"REF002.CFI-400945+ABT-263-LOW.m1",-71.2737660140793,19436.26553825,"CR",-97.0612084963728,28,-80.6495984781916,82
"REF003_P1_CX_171024_RES.CX-5461.m1",43.048236006042,15496.3833,"SD",-29.9714233985604,19,-6.53091251841086,41
"REF003_P1_CX_171024_RES.CX-5461.m2",34.2624650911762,32983.3588555,"PR",-60.6834113774465,78,-38.5628297964232,64
"REF003_P1_CX_171024_RES.CX-5461.m3",-40.4212373796916,15979.978495,"SD",-34.025140669073,14,-30.9773180019302,30
"REF003_P1_CX_171024_RES.CX-5461.m4",50.5306997512524,35656.11690625,"SD",-39.0115207926177,20,-13.1970543765484,27
"REF003_P1_CX_171024_RES.CARBOPLATIN.m1",60.621536389154,18234.79309075,"PD",48.7753141332147,48,53.3263732532711,13
"REF001.CFI-402257-3ON4OFF+PACLITAXEL.m1",49.3948902646568,10686.83563375,"PR",-60.7886422579075,13,-40.976335026764,30
"73263_P7_CX_171024_RES.PACLITAXEL.m1",-62.8850550239042,23522.594869,"CR",-99.8750683975537,26,-76.2167575370836,61
"REF016_P2_945_180406_RES.CFI-400945-52WEEKLY.m1",88.9505652372731,27328.781191,"PD",107.896360974972,12,63.8549399279977,12
"REF016_P2_945_180406_RES.CFI-400945-52WEEKLY.m2",84.4855776274586,24379.619498,"PD",43.6656118844141,13,37.9155509454753,13
"REF016_P5_CARBO_190124_RES.H2O.m1",75.8267001088004,3383.8264975,"SD",12.8969985029438,13,6.89883868118819,13
"REF016_P5_CARBO_190124_RES.CARBOPLATIN.m1",86.9009125832834,8709.4630325,"PD",148.917033252504,13,64.7243799294472,13
"REF020.CFI-400945+ABT-263-LOW.m1",NA,NA,NA,NA,NA,NA,NA
"REF020.CFI-400945+ABT-263-LOW.m2",-84.5749547130618,644.689338,NA,NA,NA,NA,NA
"REF013.H2O.m1",88.6268831460231,46279.816091,"PD",248.093422107217,14,114.939981243615,14
"REF013.H2O.m2",88.6672251759064,57077.92891,"PD",71.0889658447337,11,33.5830715572532,11
"REF013.H2O.m3",89.0506478859752,163305.041668,"PD",93.9641722552285,14,37.4145461248748,14
"REF013.H2O.m4",88.7327236269814,57532.888507,"PD",91.2565452278058,12,49.0035220970735,12
"REF013.H2O.m5",88.9055937160299,11453.4653715,"PD",399.494345131247,13,157.799999933226,13
"REF013.H2O.m6",88.5485951236319,39875.4903365,"PD",276.926946871677,12,135.169970462519,12
"REF013.H2O.m7",89.5709206909867,8992.757712,NA,NA,NA,NA,NA
"REF013.BMN-673.m1",85.8331180770789,11765.42755025,"PD",87.7803432617269,14,49.8492584056693,14
"REF013.CFI-402257.m1",82.0338671478514,8341.385975,"PD",57.1686433799509,20,58.3940658873215,20
"REF013.CFI-402257.m2",87.2150767055768,24117.76797075,"PD",126.787681142793,20,122.708280007652,14
"REF013.CARBOPLATIN.m1",86.2666127743645,17787.58652775,"PD",274.289150592975,14,159.722339694206,14
"REF013.CARBOPLATIN.m2",89.3458039149099,17947.332468,NA,NA,NA,NA,NA
"REF013.CFI-400945.m1",65.5355605371908,41291.39363825,"PD",27.8389617010945,83,95.0241494743671,101
"REF013.CFI-400945.m2",-60.8977774433027,48685.50261725,"CR",-99.2766994512827,42,-75.0607286104226,118
"REF013.CFI-400945.m3",-75.3361969341986,6643.20189725,"PR",-75.7199709499022,48,-38.953686283835,48
"REF013.PACLITAXEL.m1",83.1082349379435,72519.31856775,"CR",-99.662408018085,35,-57.5509618896935,49
"REF013.PACLITAXEL.m2",-76.6266188079734,35340.22235025,"CR",-100,35,-68.0200058192451,49
"REF013.PACLITAXEL.m3",82.3903727060554,33549.49887275,"PR",-88.7392459799108,27,-34.9104946890948,27
"85277_P2_CX_180703_RES.H2O.m1",87.8388070952199,18684.03456825,"PD",176.392400490177,12,86.867970291479,12
"85277_P2_CX_180703_RES.H2O.m2",87.785625337454,27347.54390625,"PD",66.8052846502353,12,30.9087358499858,12
"85277_P2_CX_180703_RES.PACLITAXEL.m1",-82.7652534393361,2787.8801445,"CR",-99.7831928232037,27,-59.9356317776164,35
"85277_P2_CX_180703_RES.CX-5461.m1",88.365952524234,56680.64116525,"PD",65.0815484317768,12,25.8391255871036,12
"85277_P2_CX_180703_RES.CX-5461.m2",86.3628800943663,15844.245582,"PD",130.61004592118,13,54.0024955907711,13
"85277_P2_CX_180703_RES.CFI-400945.m1",21.1028415742032,4275.673379,"SD",-3.76573122600541,40,17.1709567064114,40
"85277_P2_CX_180703_RES.BMN-673.m1",80.9059159724472,7914.3318535,"SD",22.1749981448238,12,15.5275270277375,12
"REF024.H2O.m1",30.1398260498721,13106.91914875,"SD",-26.9347889706708,12,-10.1982163331249,12
"REF024.H2O.m2",64.6855164927694,33586.91608075,"SD",15.4014469253997,12,8.09925983214602,12
"REF024.H2O.m3",-47.406327299987,2262.645,"SD",-29.6799176606869,13,-16.9379872264488,27
"REF024.H2O.m4",37.8119166361047,70911.20550675,"PD",26.484853846136,98,35.1512465574039,14
"REF024.CFI-400945.m1",25.9289723371347,11009.267034,"SD",-29.7278471455852,12,-21.9634923705002,29
"REF009_P2_CX_181107_RES.H2O.m1",76.6335743520525,36757.31268075,"SD",-11.8553241578131,26,-1.8428760816584,26
"REF009_P2_CX_181107_RES.H2O.m2",85.02106709673,16290.95660275,"PD",80.2560416903691,16,47.1780907474262,16
"REF009.PACLITAXEL.m1",2.08653475608139,43643.1525546,"CR",-96.7501431399454,55,-67.2280405183363,131
"REF009.PACLITAXEL.m2",25.7458080720112,32725.5423275,"CR",-99.6318645431745,63,-74.451622488655,153
"REF014_P1_TTK/TAX_180328_RES.CFI-402257.m1",83.1620601425504,11760.65300925,"PD",140.442367662668,16,86.8776087654211,16
"REF014_P1_TTK/TAX_180328_RES.CFI-402257-2ON5OFF.m1",81.4327280886108,10478.14651125,"PD",112.052716637192,16,100.190232478521,16
"REF005.CFI-400945+ABT-263.m1",87.9382915375127,10392.233817,"PD",166.130865970644,14,84.2853084713614,14
"REF005.CFI-400945+ABT-263.m2",65.2485473860105,15136.082199,"SD",-15.0012431312065,21,0.668655204726231,29
"REF007_P2_TAX_171010_RES.ABT-263.m1",62.2887215752949,9747.181323,"SD",-37.941344850681,13,-20.6062546070543,13
"REF007_P2_TAX_171010_RES.CFI-402257-2ON5OFF+PACLITAXEL-15DAILY.m1",55.437231959517,43796.62800825,"PR",-70.2620226353894,35,-47.7545951395236,41
"91142.H2O.m1",89.5062759101193,14679.86905175,NA,NA,NA,NA,NA
"91142.CFI-400945.m1",88.865494394806,21548.503067,"PD",201.940122117348,21,149.909418292339,14
"91142.CFI-402257.m1",86.5431079145978,4571.4055485,NA,NA,NA,NA,NA
"91142.PALBOCICLIB.m1",76.1074476332258,4268.07151575,"SD",1.67709791881333,14,13.7790234379856,14
"REF002_P2_TAX_171219_RES.CFI-400945.m1",77.5096337232877,7581.1602235,"SD",20.8488341629552,13,2.47748303046181,13
"73263_P7_ERIB_180323_RES.H2O.m1",87.2862145559755,19603.51520725,"PD",95.6266877385752,10,47.8133438692876,10
"73263_P7_ERIB_180323_RES.H2O.m2",85.7248402016356,39578.44295,"PD",69.4422246869051,13,37.7202611337783,13
"REF001.CFI-400945+ABT-263.m1",39.7323408842186,14920.38995675,"SD",-50.328056862972,12,-18.5904353195106,20
"73263_P7_ERIB_180323_RES.ERIBULIN-LOW.m1",83.4358643863798,41542.9640215,"SD",23.575961975154,13,9.54896091394403,13
"73263_P7_ERIB_180323_RES.PACLITAXEL.m1",64.0353012815564,9447.0497265,"PD",38.4654117026421,47,50.5158966994427,47
"73263_P7_ERIB_180323_RES.CFI-402257.m1",82.362241843701,11614.134226,"PD",56.164197445782,20,30.3688875341438,20
"73263_P7_ERIB_180323_RES.CFI-402257-3ON4OFF+PACLITAXEL.m1",-7.7566981855135,5471.09051175,"SD",-8.54807696486559,26,2.47644266297733,37
"REF016_P1_BMN_180426_RES.H2O.m1",89.3015068437877,38896.493702,"PD",195.917463446509,13,109.875132417385,13
"REF016_P1_BMN_180426_RES.H2O.m2",88.9052652470526,14580.45815825,"PD",126.341298768112,12,49.9578807549608,12
"REF016_P1_BMN_180426_RES.CARBOPLATIN.m1",89.4936098908224,35266.237669,"PD",646.154494150805,13,398.625785235547,13
"REF016_P1_BMN_180426_RES.BMN-673.m1",77.0368745444168,32011.944997,"SD",23.5192519469735,13,9.33652861536096,13
"REF016_P1_BMN_180426_RES.BMN-673.m2",86.5843376265518,32184.79740075,"PD",108.495708220127,10,55.5310129850994,10
"REF016_P1_BMN_180426_RES.BMN-673.m3",88.8252205209955,18676.29458,"PD",156.550365998782,12,68.8763083981663,12
"73263_P9_ERIBLD_180412_RES.H2O.m1",88.4645942241249,20704.1649105,"PD",67.4861715590891,13,25.7564378583104,13
"73263_P9_ERIBLD_180412_RES.ERIBULIN-LOW.m1",85.2091031777956,16694.690439,"SD",13.6457846798981,28,5.82071613887781,13
"73263_P9_ERIBLD_180412_RES.CX-5461.m1",-62.6889705832105,2589.76420825,"PR",-99.476343912162,42,-30.0325175419073,42
"73263_P9_ERIBLD_180412_RES.PACLITAXEL.m1",71.5072699452383,13398.7528005,"PD",6.58966252144686,42,77.3918211171382,42
"73263_P9_ERIBLD_180412_RES.CFI-400945-52WEEKLY.m1",61.262410187214,18032.42003825,"SD",-7.64583255314633,13,12.0000795598096,20
"REF020.CFI-400945.m1",72.1234797934186,20345.30410025,"SD",-33.5761958773218,13,-17.8819325341005,13
"REF006_P2_945_180720_RES.CFI-400945.m1",73.8231071082093,22139.588691,"PD",-78.9634536287201,56,36.7689265132455,14
"REF006_P2_945_180720_RES.CFI-400945.m2",68.8665507413802,17523.8774995,"SD",-23.1891770536241,21,-2.97704201185919,21
"REF006_P2_945_180720_RES.CFI-400945+ABT-263.m1",20.9274428263453,36992.95437275,"PR",-91.4331594476228,41,-55.2288359218412,56
"REF016_P3_CARBO_180720_RES.H2O.m1",86.940532669943,30502.0867825,"PD",315.354575116786,14,113.523264976478,14
"REF016_P3_CARBO_180720_RES.CARBOPLATIN.m1",87.4843121506914,19170.0326445,"PD",78.9591393855351,14,32.8772590792226,14
"REF016_P3_CARBO_180720_RES.CARBOPLATIN.m2",86.4942267497357,14355.5634625,"PD",386.455357714307,24,193.227678857154,24
"REF016_P3_CARBO_180720_RES.CFI-400945.m1",-73.169140410028,696.639096,NA,NA,NA,NA,NA
"REF016_P1_BMN_180426_RES.CX-5461.m1",85.7511615989819,28867.32072725,"PD",99.1319444444444,26,56.2170428051097,12
"REF006_P2_945_180720_RES.ABT-263-LOW.m1",86.8460540208724,6573.7803975,"PD",186.467265850322,14,107.200324019469,14
"REF006_P2_945_180720_RES.CFI-400945+ABT-263-LOW.m1",80.5279847455013,3326.67973575,"PD",119.455839865683,14,53.3675377676991,14
"NOTCH06_P7_ERIBLD_180523_RES.PACLITAXEL.m1",89.297155352999,28356.008949,"PD",46.5908623958014,16,31.4635622145867,16
"NOTCH06_P7_ERIBLD_180523_RES.PACLITAXEL.m2",88.5829244547706,11172.640731,NA,NA,NA,NA,NA
"48041_P2_CX_180620_RES.CX-5461.m1",77.3191628044145,42298.23194825,"PD",41.023997220514,17,16.2749857247875,17
"REF009_P2_CX_181107_RES.CARBOPLATIN.m1",81.2973105663703,17702.5045345,"SD",2.4394377942247,13,2.65921726608952,13
"REF009_P2_CX_181107_RES.CARBOPLATIN.m2",76.1463891725643,9033.310039,"SD",30.1281749722985,14,19.7079673687973,14
"REF005_P1_945_170718_RES.CFI-400945-41.6WEEKLY.m1",44.3323392318346,33347.16179975,"PR",-81.0348451708763,48,-32.2023399539918,69
"REF013.ERIBULIN-EXTRALOW.m1",-57.3566245742372,1515.861469,"CR",-100,26,-92.8361816289743,248
"REF013.ERIBULIN-EXTRALOW.m2",-31.1288146596009,1455.10545725,"CR",-100,35,-93.2258475866276,358
"REF022.CFI-400945+ABT-263-LOW.m1",43.3512070170397,9732.3042565,"SD",-48.9962128130091,14,-27.2866168670725,14
"REF010.CFI-402257.m1",82.0286238264966,12084.4830325,"PD",61.673456630695,13,38.6593851323061,13
"REF010.CFI-402257.m2",59.6156397645955,4685.346721,"SD",-11.6128455757939,13,-7.56369422328531,13
"REF010.CFI-402257.m3",84.99829078841,23140.120378,"SD",23.4675916520543,12,9.62412147369742,12
"REF010.CFI-402257.m4",78.2067811099253,4663.55596225,"PD",88.4228477162891,22,44.9745907622393,14
"241417.PALBOCICLIB-45DAILY.m1",82.630893881963,12684.5897395,"PD",49.8691080044538,21,39.3067549929819,14
"REF010_P1_945_180801_RES.CFI-400945.m1",-36.9434454312348,33344.16915825,"PR",-74.5305516978102,112,-42.9446710049793,127
"REF010_P1_945_180801_RES.CFI-400945.m2",-85.0581458669208,2475.5427385,NA,NA,NA,NA,NA
"REF010_P1_945_180801_RES.CFI-400945.m3",50.8424532268903,18907.52748075,"SD",-35.123587816288,27,-6.84251859337147,34
"REF010_P1_945_180801_RES.CFI-400945.m4",33.5517733444192,14813.44851375,"SD",-23.1855237076812,47,0.0115170034072771,61
"NOTCH06_P7_ERIBLD_180523_RES.H2O.m1",88.1398061901452,6691.4361255,NA,NA,NA,NA,NA
"NOTCH06_P7_ERIBLD_180523_RES.H2O.m2",89.5165618158875,4422.7079225,NA,NA,NA,NA,NA
"NOTCH06_P7_ERIBLD_180523_RES.ERIBULIN-EXTRALOW.m1",88.4592652943393,17533.126061,"PD",124.724235912516,14,62.3621179562578,14
"NOTCH06_P7_ERIBLD_180523_RES.ERIBULIN-EXTRALOW.m2",88.624895670425,30321.9196655,"PD",150.929703167433,12,101.698965784944,12
"NOTCH06_P7_ERIBLD_180523_RES.CFI-402257.m1",87.9449645519119,15596.610597,"PD",67.5611971507401,14,33.7805985753701,14
"NOTCH06_P7_ERIBLD_180523_RES.CFI-400945.m1",85.4339826241011,7808.37782275,"PD",106.672667620425,14,57.2662849967734,14
"73263_P7_CX_170420_RES.H2O.m1",87.3871525161282,19878.992756,"PD",59.9458926090686,12,40.413940153714,12
"73263_P7_CX_170420_RES.H2O.m2",86.915644699772,21623.6861325,"PD",159.074394440888,10,60.6567484980125,10
"73263_P7_CX_170420_RES.BMN-673.m1",13.2002839276889,17021.451251,"CR",-99.6320985833345,30,-75.6604208053671,118
"73263_P7_CX_170420_RES.BMN-673.m2",-64.8855237608824,4049.7759395,"PR",-92.0249730113272,28,-66.9719653699044,62
"NOTCH01_P6_ERIBLD_180822_RES.H2O.m1",85.8985481837367,29032.34389225,"PD",75.5183824818542,13,42.770519422688,13
"NOTCH01_P6_ERIBLD_180822_RES.ERIBULIN-EXTRALOW.m1",70.380440013329,10237.228197,"SD",-15.8413968062717,19,-1.47788448749345,19
"NOTCH01_P6_ERIBLD_180822_RES.PACLITAXEL.m1",70.0549882297333,10789.784662,"SD",-17.7987204535066,13,-10.6282907003335,13
"REF022_P1_TAX_180822_RES.ERIBULIN.m1",-53.7112063234243,1498.24753025,"CR",-99.4970602872023,38,-82.4051079670405,106
"INSB019.ERIBULIN-LOW.m1",-7.52958190127406,25753.18552025,"CR",-99.5984304348353,28,-69.4586562702234,56
"INSB019.CARBOPLATIN.m1",54.2581835273374,12856.17077225,"SD",-0.549914350891027,10,2.01992257315585,10
"REF007_P1_TAX_170921_RES.CFI-402257.m1",83.4696041859425,10260.92581725,"PD",60.7074333525221,14,24.4805285997153,14
"REF002_P3_945_180913_RES.CFI-400945.m1",84.4097613211628,6954.92885775,"PD",102.659024610391,13,60.0841503719606,10
"REF002_P3_945_180913_RES.CFI-400945.m2",86.4061000869757,22062.0739905,"PD",68.3006565734209,15,29.1219291192555,15
"47904_P5_945_180926_RES.H2O.m1",82.1392224784621,20824.7744435,"SD",32.984985205373,10,16.4924926026865,10
"47904_P5_945_180926_RES.H2O.m2",86.1732132907566,29730.604756,"PD",39.8272127300092,10,19.9136063650046,10
"NOTCH06.CFI-400945+ABT-263.m1",77.1429716843174,29974.24743975,"SD",-33.0745522698875,14,-13.2414862812314,14
"28077_P4_TAX_170906_RES.H2O.m1",69.4134075378834,20603.274292,"SD",-0.0955363220117231,12,5.11301227938424,12
"28077_P4_TAX_170906_RES.H2O.m2",81.0371628353783,47712.24406475,"SD",22.3785797657749,14,11.1892898828875,14
"28077_P4_TAX_170906_RES.CFI-402257-3ON4OFF+PACLITAXEL.m1",-28.6317028881121,3689.03956975,"CR",-100,42,-73.7956762961595,153
"28077_P4_TAX_170906_RES.CFI-402257-3ON4OFF+PACLITAXEL.m2",-41.7834201697716,11887.24566125,"CR",-97.5080769456001,51,-59.4715986932356,204
"28077_P4_TAX_170906_RES.CFI-402257-2ON5OFF+PACLITAXEL-15DAILY.m1",41.3303705124183,13112.9641105,"CR",-99.2747837486725,34,-59.0463312534943,97
"REF006_P1_TAX_180315_RES.CFI-400945+ABT-263.m1",-65.2317764857404,923.827182,"PR",-93.637022551601,21,-35.3993926410766,21
"241417_P1_945_170421_RES.CFI-402257.m1",-0.222289181838661,14614.57362775,"SD",-14.8149718166983,35,-2.10570979393982,35
"241417_P1_945_170421_RES.CFI-402257.m2",37.9841596499989,16188.077156,"SD",-22.9237212475659,21,-1.65668150220807,21
"REF006_P1_TAX_180315_RES.PACLITAXEL-15DAILY.m1",75.9434018687132,23865.19782825,"PD",10.5698621584289,34,51.0616558501933,39
"REF023.CFI-400945+ABT-263.m1",79.4773146202162,14683.947578,"PD",73.382346308972,19,85.7482068677571,19
"REF013_P1_945_190313_RES.H2O.m1",89.304295883231,19068.9766865,"PD",436.59892671258,13,190.463374271469,13
"REF013_P1_945_190313_RES.CFI-400945-52WEEKLY.m1",87.8072931691029,14089.630306,"PD",106.825906487961,20,51.4367805898952,13
"REF014_P1_TTK/TAX_180328_RES.H2O.m1",83.484877567532,13618.1840735,"SD",13.9180770168141,13,-4.82268878518264,13
"REF014_P1_TTK/TAX_180328_RES.PACLITAXEL.m1",82.5363392757457,8661.15505425,"PD",63.729585904702,13,35.2384293655826,13
"REF014_P1_TTK/TAX_180328_RES.CFI-402257-3ON4OFF+PACLITAXEL.m1",68.8857769715282,19893.625633,"SD",3.94069199372056,13,2.59339989534275,13
"73230_P1_945_170516_RES.PACLITAXEL.m1",-76.414603785108,3206.459295,"CR",-100,36,-69.800776791627,56
"73230_P1_945_170516_RES.PACLITAXEL.m2",21.6026813818033,31206.100972,"CR",-100,38,-71.4222712448466,57
"73230_P1_945_170516_RES.PACLITAXEL.m3",-78.8637241207714,5216.618083,"PR",-94.0533659397997,34,-36.0421721250556,37
"73230_P1_945_170516_RES.ERIBULIN-LOW.m1",-80.0391274729969,5953.534697,"CR",-98.5351517724854,42,-58.4480610603169,56
"NOTCH18_P5_BMN_170608_RES.CARBOPLATIN.m1",67.9071416998623,7497.688571,"SD",4.16804932831086,35,3.78905979640268,13
"REF002_P2_TAX_171219_RES.CFI-400945+ABT-263.m1",-57.4515608399222,25002.95710725,"CR",-95.6891690890663,36,-51.7669109275193,149
"REF002_P2_TAX_171219_RES.CFI-402257-3ON4OFF+PACLITAXEL.m1",-49.1197385414273,25743.9650945,"PR",-75.034949192766,21,-60.0554907655647,69
"241417_P2_TAX_180110_RES.H2O.m1",81.5482113483218,27435.55547675,"SD",29.674517000399,13,14.8372585001995,13
"85277_P2_CX_180703_RES.ERIBULIN-LOW.m1",-71.3141203272164,508.856592,"CR",-100,21,-83.6075556020232,48
"REF010_P1_945_180801_RES.H2O.m1",64.8635960699328,8023.213927,"SD",-6.68447722417693,10,-7.33368771127491,10
"REF010_P1_945_180801_RES.PACLITAXEL.m1",-81.1089189291586,8961.8994335,"PR",-60.7920590207939,31,-31.6972287458246,38
"REF010_P1_945_180801_RES.ABT-263.m1",77.7070569005364,5856.825687,"SD",3.9022065753086,17,0.1717923523099,10
"REF010_P1_945_180801_RES.CFI-400945+ABT-263.m1",-75.8983438454678,1302.4149235,NA,NA,NA,NA,NA
"71335_P4_945_180301_RES.PACLITAXEL.m1",86.6471974256329,12591.995539,NA,NA,NA,NA,NA
"71335_P4_945_180301_RES.PACLITAXEL.m2",88.9514658288098,13094.597716,"PD",58.5868004218752,14,29.2934002109376,14
"01-1104_P1_945W_180613_RES.H2O.m1",88.3784980057315,24763.628242,"PD",98.334997382605,12,33.865899087349,12
"01-1104_P1_945W_180613_RES.CX-5461.m1",86.3400265205579,24893.348178,"PD",35.7558495478848,12,20.1807282144495,12
"01-1104_P1_945W_180613_RES.CFI-400945-52WEEKLY.m1",87.330532441897,28869.048021,"PD",196.807172926576,12,94.2128775101041,12
"01-1104_P1_945W_180613_RES.PACLITAXEL.m1",86.6925019994397,13116.0314115,"PD",117.396664473461,12,54.2396216565192,12
"NOTCH06.ERIBULIN-LOW.m1",-39.3436117980425,3164.7977885,"CR",-100,33,-88.4836895278931,361
"REF023.ABT-263.m1",84.3030886088436,6693.6653065,"PD",50.58001189768,12,19.7864726984299,12
"NOTCH01_P4_TAX_170804_RES.H2O.m1",-69.6146948749496,1115.21262825,NA,NA,NA,NA,NA
"NOTCH01_P4_TAX_170804_RES.PACLITAXEL-15DAILY.m1",-39.3407912934887,2047.74309,NA,NA,NA,NA,NA
"NOTCH01_P4_TAX_170804_RES.PACLITAXEL-15DAILY.m2",-27.6117680372153,27015.34554075,"PR",-93.4780340185746,99,-47.0978899880927,126
"48602_P6_BMN_181010_RES.CX-5461.m1",85.0929975541018,13263.272565,"PD",121.842373167059,24,58.8605118848732,18
"48602_P6_BMN_181010_RES.CX-5461.m2",-33.9201268899402,980.652864,NA,NA,NA,NA,NA
"REF005.CFI-402257-3ON4OFF.m1",87.0127758608708,17962.088614,"PD",59.1965839380939,12,17.5666530344947,12
"REF019.CFI-400945+ABT-263-LOW.m1",-17.0353788907013,11523.1602195,"PR",-88.5867503940403,98,-28.8787551328057,120
"REF019.CFI-400945+ABT-263-LOW.m2",88.8578972408545,15008.2687095,NA,NA,NA,NA,NA
"REF007_P2_TAX_171010_RES.ERIBULIN-EXTRALOW.m1",53.2588805519027,13068.37267275,"PD",57.446579600337,21,32.3749581284568,12
"71335_P4_945_180301_RES.CARBOPLATIN.m1",89.7262315000381,7939.293678,NA,NA,NA,NA,NA
"NOTCH06_P7_ERIBLD_180523_RES.ERIBULIN.m1",84.8370242052401,17081.391391,"PD",44.7126769750114,12,40.3513351259011,12
"52226.BMN-673.m1",20.8473170766653,11980.68567025,"SD",-34.9729422214425,35,-25.1857221352256,35
"REF007_P1_TTK/TAX_170824_RES.CFI-402257-2ON5OFF+PACLITAXEL-15DAILY.m1",-45.7560922435439,29916.06303975,"PR",-66.556766482715,86,-37.3191549919265,117
"87654.BMN-673.m1",85.5917222115644,22774.814058,"PD",21.1680542473986,20,30.378665525767,20
"REF022_P1_TAX_180822_RES.H2O.m1",77.7436475602913,15001.04241425,"SD",-18.3843323494283,11,-14.3813332130362,11
"REF022_P1_TAX_180822_RES.PACLITAXEL.m1",32.6751233323899,29946.09187375,"SD",-27.6572026258536,27,-15.7164626387118,27
"REF019.CFI-400945-5DAILY.m1",72.5469119104001,10652.493977,"PD",45.0787550085168,21,15.5123847053881,14
"REF019.CFI-400945-5DAILY.m2",77.5762343471185,5047.965225,"SD",23.0610842771513,10,8.21073352273334,10
"REF019.ABT-263-LOW.m1",75.5418692301086,6774.5003495,"PD",52.0628425932375,14,30.7576187122555,14
"38807.CFI-400945.m1",11.24154375107,15835.0629435,"CR",-96.1563352963249,21,-80.3353024507687,92
"38807.CFI-400945.m2",-7.54803799602557,29789.67566875,"PR",-97.7489685710682,41,-27.7173544774689,82
"38807.CFI-400945.m3",75.1232668035384,1841.7525835,NA,NA,NA,NA,NA
"38807.CFI-402257.m1",78.8694438932515,8857.005951,"SD",-4.38739553993341,11,-2.19369776996671,11
"38807.CFI-402257.m2",-22.3468565095324,3607.531185,"SD",-22.7108490610443,35,-9.13113744183975,15
"38807.CFI-402257.m3",-29.3280535953468,5396.846231,"CR",-99.569755303707,11,-62.0801363015198,27
"241417_P2_BMN_171018_RES.ERIBULIN-LOW.m1",40.4040675263277,20516.8176515,"SD",-46.9305336801578,28,-22.8474463621877,34
"241417_P1_945_170421_RES.ERIBULIN-LOW.m1",7.05616015144924,6865.72153275,"PR",-95.7373490915012,42,-34.4686225334171,58
"241417_P1_945_170421_RES.PACLITAXEL.m1",-65.9708797362785,9870.6016605,"CR",-98.2890829701365,51,-46.616553507648,77
"REF013.ERIBULIN-LOW.m1",-50.386755714833,2017.9349855,"CR",-100,28,-92.1236443109669,265
"REF013.ERIBULIN-LOW.m2",-52.6312742699541,3936.08332,"CR",-100,488,-95.6152184222136,504
"REF013.CX-5461.m1",88.5461791879993,12494.8402115,"PD",140.644484727477,14,61.6511927302894,14
"REF030.H2O.m1",83.8666766053106,52555.15660175,"PD",68.0882795532386,13,42.6793848054659,13
"REF030.BMN-673.m1",69.244758649669,12922.3225305,"PD",51.4721604281523,13,23.7026290242269,13
"REF030.CFI-400945.m1",-43.3923779150725,5528.53049775,"PR",-72.6915855948114,62,-25.3597011008705,62
"REF005_P1_945_170718_RES.H2O.m1",83.9652567076512,23351.7660605,"PD",55.90818272827,11,25.357796370977,11
"REF005_P1_945_170718_RES.H2O.m2",87.3719939055594,11651.01485775,"PD",248.464459650783,12,118.454593575209,12
"REF009_P1_CARBO_180523_RES.H2O.m1",82.0487591589177,59878.9355905,"SD",-9.64663658886068,14,-7.57230796191367,14
"REF022.BMN-673.m1",67.6998858187439,9362.2232775,"SD",-4.02626107595683,13,0.13047917140385,13
"REF022.BMN-673.m2",77.6972500010805,11495.478141,"SD",1.8553154434851,19,14.1596786880389,19
"REF022.CFI-402257-3ON4OFF+PACLITAXEL-15DAILY.m1",5.45060484701597,13805.65593275,"CR",-100,44,-81.1378967634271,148
"REF022.ERIBULIN-LOW.m1",6.12088254554704,8246.2177805,"SD",-32.2313847810635,42,-19.1587717381323,42
"REF022.ERIBULIN-LOW.m2",49.1566379878148,8567.09795675,"SD",-31.2113812188303,18,-15.0008746522864,18
"REF022.ERIBULIN-LOW.m3",57.6945446903708,20202.32298975,"SD",-35.22055518335,26,-3.44023536039597,68
"REF016_P2_945_180406_RES.CFI-402257.m1",87.2151104013225,31130.8031145,"PD",136.974086914658,12,68.4870434573289,12
"REF016_P2_945_180406_RES.CFI-402257.m2",81.3678482205723,12569.94985875,"PD",41.5613342240066,17,11.7635222639743,10
"REF023_P1_BMN_190103_RES.H2O.m1",86.464229180545,30272.23014175,"SD",29.1445608363059,14,10.3216373495269,14
"REF023_P1_BMN_190103_RES.H2O.m2",-32.9471992377387,3344.025024,"SD",-29.1645440768133,13,-20.3199895428489,13
"REF023_P1_BMN_190103_RES.BMN-673.m1",85.4599222703329,34303.0865545,"SD",27.9824622403478,22,8.12269406734994,14
"REF023_P1_BMN_190103_RES.BMN-673.m2",85.3523472097314,21315.2732095,"SD",14.5901639344262,14,22.9258554089264,14
"REF009.ABT-263.m1",56.5698868149555,10712.40832325,"SD",-12.7525651351103,14,-18.2930825809139,14
"REF022_P2_TAX_181219_RES.CFI-400945.m1",81.6145595251858,10796.96693225,"SD",34.124200086804,12,18.6335555156139,12
"NOTCH01.CFI-400945-3.75DAILY.m1",65.3583796837339,9071.90244675,"SD",-14.0833246563932,12,2.03782299986591,19
"NOTCH01.CFI-400945-5DAILY.m1",69.2955764367757,11339.4377935,"SD",-10.6859555212489,12,-15.3366588613823,12
"NOTCH01.CFI-402257-2ON5OFF.m1",84.9920640067874,17643.26952525,"SD",10.3220258801615,12,23.8713253345106,12
"REF009.CFI-400945+ABT-263-LOW.m1",7.43294909955662,11065.321459,"SD",-49.1894983019288,27,-9.03605813377908,27
"REF007.CFI-402257.m1",68.5846612015402,7390.285945,"SD",-23.6847314705919,13,-7.73053612005625,19
"REF007.ERIBULIN.m1",-43.2998676783386,1268.70392925,"CR",-100,29,-93.4435441958141,279
"48041.CARBOPLATIN.m1",48.4420643812491,8868.2536515,"SD",-21.746948117781,27,7.73481847274646,16
"REF001_P1_TAX_160928_RES.ERIBULIN.m1",-25.5614265750336,13371.4032975,"CR",-100,65,-44.8677830223226,335
"INSB014.ERIBULIN.m1",-69.3232709100999,5221.01494,"CR",-100,89,-73.9665480636467,138
"REF005_P1_TAX_170628_RES.PACLITAXEL-40DAILY.m1",69.2411289306404,9369.583367,"PR",-76.8153293709403,13,-39.283550286807,27
"REF006.PACLITAXEL.m1",41.9014512674164,14863.45286575,"SD",-31.8024347972937,25,0.373104644494411,39
"NOTCH01_P3_945_160729_RES.ERIBULIN.m1",-34.1356779538197,11542.76069925,"PR",-92.1194673801347,50,-51.9211583574227,84
"NOTCH01_P3_945_160729_RES.ERIBULIN.m2",-42.1230623741737,2141.18460175,"CR",-99.4556578918719,49,-78.0340223192361,154
"NOTCH06_P4_TAX_161031_RES.CFI-402257-3ON4OFF+PACLITAXEL.m1",-19.5724798629154,7593.0617245,"PR",-87.3954838775004,28,-56.1531563389973,66
"NOTCH10.BMN-673.m1",46.2483249216691,11965.94029575,"SD",-16.3585658765837,12,6.1703970793555,12
"NOTCH10.BMN-673.m2",48.0833415853582,7921.7070605,"SD",-14.4634521012436,20,6.00584780264962,20
"NOTCH10.ERIBULIN.m1",-55.2944174636436,2060.37471375,"CR",-100,75,-81.1868883662979,132
"NOTCH10.ERIBULIN.m2",-33.8877874489934,2250.047996,"CR",-99.5066551334477,47,-86.531511156833,180
"48602.CFI-402257-3ON4OFF+PACLITAXEL.m1",-31.9889082523776,1768.2581925,"CR",-100,66,-87.3706685030245,259
"48602.CFI-402257-3ON4OFF+PACLITAXEL.m2",-31.4430081501025,1129.255424,"CR",-99.565292992523,39,-93.7207759809889,278
"48602.CX-5461.m1",59.8939571831554,6324.72077075,"SD",-23.0835130800053,16,0.0415316113524481,16
"48602.CX-5461.m2",55.4778071480027,8518.5587825,"SD",-25.1371085294579,12,-22.6685420311145,12
"NOTCHB01.CFI-402257-2ON5OFF+PACLITAXEL-15DAILY.m1",84.5967580253725,6402.361556,"SD",5.08105402181322,13,18.8111926069284,13
"NOTCHB01.CFI-402257-2ON5OFF+PACLITAXEL-15DAILY.m2",82.4258803660327,7221.8640315,"SD",-22.3398548553273,10,-6.66999954479427,10
"NOTCHB01.PACLITAXEL-15DAILY.m1",84.9981942900212,8516.45653275,"PD",46.3303827803084,10,24.4980821488575,10
"73230_P1_945W_170718_RES.CFI-400945-52WEEKLY.m1",-47.640425268926,3180.60917925,"PR",-71.5587287204572,19,-42.4047423950186,29
"73230_P1_945W_170718_RES.CFI-400945-52WEEKLY.m2",-80.5984133304124,1173.46636575,"CR",-96.9285774274436,20,-57.9025384507713,27
"73230_P1_945W_170718_RES.BMN-673.m1",-68.8462899509878,4218.1138105,"PR",-70.2029189683511,33,-25.7632549689051,41
"REF007.CFI-400945-52WEEKLY.m1",65.6898775274511,15396.579223,"SD",-28.016763936049,50,12.7487190466477,13
"REF007.ERIBULIN-LOW.m1",59.2388984495064,27166.86066075,"PR",-94.0064437788455,16,-57.1840604888518,36
"73230.ERIBULIN-LOW.m1",68.3397371610997,15923.11942175,"CR",-99.6682133234381,36,-49.4327445302191,48
"NOTCH18.PACLITAXEL.m1",-49.342127705451,1467.64930025,"CR",-100,106,-90.3728143051685,191
"NOTCH18.ERIBULIN.m1",-39.3442365882009,1420.9545915,"CR",-100,106,-94.56377574925,300
"67455.PACLITAXEL.m1",-44.5969240362982,1784.08009225,"CR",-99.5374758760715,44,-79.7907377889669,159
"48602_P3_CARBO_170405_RES.PACLITAXEL.m1",-69.1332754860327,3321.709043,"CR",-99.7502967292635,63,-76.6569480001492,111
"48602_P3_CARBO_170405_RES.ERIBULIN-LOW.m1",-46.6515687609124,6283.2203355,"CR",-97.0437990729354,63,-54.0719449967516,83
"67990.CFI-400945-5DAILY.m1",-17.970406215709,8903.63320025,"PR",-87.1920764074803,45,-27.3698953027739,59
"67990.ERIBULIN-LOW.m1",-71.9169734118812,1513.397455,"CR",-99.6071428115434,45,-69.6403660338062,59
"NOTCH01.EVEROLIMUS.m1",80.3613528133652,6850.9441645,"PD",49.8573841674101,13,11.8791929755549,10
"85277.CFI-400945-5DAILY.m1",77.1246584530471,5101.70154375,"PD",44.3235491554638,16,27.7215663806474,13
"70620_P4_TAX_161103_RES.PACLITAXEL-40DAILY.m1",82.1229548355927,21084.1925575,"SD",-50.34569392949,20,-7.13189593508968,20
"69196.CARBOPLATIN.m1",79.6213298667792,9410.5665725,"SD",-36.6852259946816,15,-17.4519062667405,19
"69196.ERIBULIN.m1",-42.0243528742406,1674.69823625,"CR",-100,187,-88.0125565573812,219
"47904.CFI-402257-2ON5OFF.m1",77.3254247542608,6117.64427925,"PD",41.1692561379299,13,14.8504519702878,13
"69196.CFI-400945-41.6WEEKLY.m1",-73.9410899049278,1519.12822125,"CR",-99.6038599380576,44,-67.9498258712117,51
"NOTCH10.ERIBULIN-EXTRALOW.m1",13.6715989754424,9589.713911,"SD",-23.7688719628899,62,17.6132806254884,65
"67455.CARBOPLATIN.m1",20.2234508603858,8235.1096525,"SD",-17.036682685545,54,6.97678880765678,13
"01-1104.CARBOPLATIN.m1",84.1593462869741,7439.08619,"PD",39.6454144944573,10,39.4702274052265,10
"01-1104.CARBOPLATIN.m2",86.5238579587755,11390.04872525,"PD",52.6938000806805,10,32.5935588694437,10
"70620_P6_ERIB_170713_RES.CFI-400945-52WEEKLY.m1",75.5813916172045,6821.09232825,"SD",12.2730027972355,19,15.9416936594365,13
"65465.ERIBULIN-LOW.m1",-59.3786473577852,3226.8908375,"CR",-99.7055069392504,23,-81.6012810055485,72
"REF007.CFI-402257-2ON5OFF.m1",73.3514209970581,6479.7657935,"SD",23.2539709898748,13,17.6182304526843,13
"REF003.CX-5461.m1",59.9150280475045,36830.219189,"SD",-42.981186830125,17,-31.0118933907976,27
"REF003.CX-5461.m2",18.9646746487439,17564.132608,"SD",-74.6454146380935,84,-10.7084486463507,13
"REF006.CFI-402257.m1",73.8335029718535,5380.11514725,"PD",37.1685213860264,13,22.5124269966371,13
"18674.BMN-673.m1",-27.5489733638994,12262.40511125,"SD",-73.6346666826177,80,-18.0586301379148,126
"44721.EVEROLIMUS.m1",-41.6799866458557,5088.014374,"SD",-19.6714592429707,37,-14.5777558579881,40
"REF002.PACLITAXEL.m1",-57.2898819048977,12098.90397975,"CR",-100,209,-74.0889557444034,240
"REF010.CFI-400945-52WEEKLY.m1",-81.0217994734353,16681.0800535,"PR",-88.3379181657406,95,-61.7209326254293,95
"REF010.CFI-400945-52WEEKLY.m2",-17.2611330132488,6006.408774,"CR",-96.1614305764779,21,-77.7633539430653,102
"100534.PACLITAXEL.m1",79.4313329054482,13296.37457725,"SD",32.5190977198782,12,11.2757481834686,12
"38807.BMN-673.m1",21.2657354899662,23685.59718,"PR",-85.0127174586005,41,-55.7282193657535,77
"38807.BMN-673.m2",25.4246632290527,29546.900266,"CR",-99.4359063098144,26,-78.8259486176569,118
"38807.CFI-402257-3ON4OFF+PACLITAXEL.m1",-7.40676102688127,8536.38535775,"CR",-100,63,-75.2609420802962,202
"38807.CFI-400945+ABT-263.m1",-10.3231084131816,19470.65460475,"CR",-97.3606284731593,27,-77.2777231552771,69
"REF022.PACLITAXEL-10DAILY.m1",83.4120731564924,11575.025691,"PD",54.3704448506683,12,32.8831787736626,12
"108099.BMN-673.m1",-66.5459488691858,6307.093049,"SD",-37.7054615866774,14,-18.1586088111839,33
"108099.BMN-673.m2",-55.5206344387883,15576.429302,"PR",-53.9360744399389,67,-26.3173724107102,80
"108099.CFI-402257.m1",74.9580205920697,4923.440134,"SD",-39.5863667018612,14,-23.1330052695832,14
"108099.CFI-402257.m2",82.8293248382333,11431.16712975,"SD",0.702254301398,11,-5.402894541776,11
"108099.ERIBULIN-EXTRALOW.m1",83.6576115929365,10755.76688575,"PD",61.9151478920877,14,46.5790788139498,14
"108099.CFI-402257+PACLITAXEL.m1",66.2097197927066,6999.99426675,"SD",-19.9107509138332,14,-17.5449336989433,14
"REF010_P1_945_180801_RES.CX-5461.m1",79.6905169588005,6922.75378575,"PD",52.868735643747,16,26.0186192782956,16
"REF009_P4_BMN_191017_RES.CFI-402257.m1",78.1759208534596,1508.86,NA,NA,NA,NA,NA
"REF006_P1_TAX_180315_RES.ERIBULIN.m1",-61.2730881194748,2960.510575,"PR",-87.1179646338319,41,-50.2009555940183,57
"REF036.CX-5461.m1",80.7754208295001,8765.9850875,"PD",118.325731258269,10,58.8933860423762,10
"241417_P5_TAX_191009_RES.H2O.m1",86.5504354359188,3882.7928205,NA,NA,NA,NA,NA
"241417_P5_TAX_191009_RES.H2O.m2",88.9743795049984,19495.881393,"PD",124.731835660797,13,57.0072503188468,13
"241417_P5_TAX_191009_RES.PACLITAXEL.m1",87.4167229971762,4577.371014,NA,NA,NA,NA,NA
"241417_P5_TAX_191009_RES.PACLITAXEL.m2",85.5348310084715,19701.163489,"PD",128.532183877628,13,67.3288610977893,13
"100534_P1_ERIBLD_191224_RES.PACLITAXEL.m1",83.8515316524164,7187.582883,"PD",57.8043154244405,10,25.1352272101569,10
"48602_P6_BMN_181010_RES.H2O.m1",82.7819538693371,21342.930851,"SD",23.1961812075501,14,9.21131717576371,14
"48602_P6_BMN_181010_RES.H2O.m2",87.2108227630778,53188.165455,"SD",25.7387564736262,12,12.7383955690391,12
"REF013.ERIBULIN.m1",-45.354020905224,594.20010225,"CR",-100,42,-95.6760865296286,243
"38807_P1_945LD_190502_RES.H2O.m1",55.9951836266181,18485.1652455,"SD",13.42438778238,16,15.1146316732196,16
"38807_P1_945LD_190502_RES.CFI-400945-5DAILY.m1",68.9673629859486,19023.814088,"PR",-80.2910616022579,16,-58.8311402394621,31
"REF024_P1_BMN_190905_RES.H2O.m1",-10.8056437624937,2553.245787,"SD",-19.3591691649113,12,-15.1961524824664,12
"REF024_P1_BMN_190905_RES.H2O.m2",75.8883325701402,968.87822,NA,NA,NA,NA,NA
"REF019_P4_ERIBLD_190808_RES.H2O.m1",86.79214102687,21736.0734355,"PD",86.9336477668506,13,38.0801071236734,13
"REF019_P4_ERIBLD_190808_RES.H2O.m2",89.4192865632746,55820.1896615,"PD",696.79400130656,15,311.284940708612,15
"REF019_P4_ERIBLD_190808_RES.ERIBULIN-LOW.m1",86.053337365332,23883.087814,"PD",110.037484381508,13,43.7795125061803,13
"REF019_P4_ERIBLD_190808_RES.ERIBULIN-LOW.m2",89.2717825157363,44666.101725,"PD",450.117355045625,15,195.125083966558,15
"100672.ERIBULIN-EXTRALOW.m1",16.2670392979679,13095.14650625,"SD",-26.8137555153242,25,-7.65569548102429,36
"38807_P1_945_190502_RES.BMN-673.m1",3.5210951044328,15970.0320275,"CR",-96.6151299039099,43,-57.3135382875431,84
"REF002_P4_945_190308_RES.H2O.m1",51.1811565140594,5298.518259,"SD",-5.79711760865336,12,-13.8879492504385,12
"REF002_P4_945_190308_RES.H2O.m2",85.6093269561463,47673.254659,"PD",63.4348725367373,15,39.4560671724117,15
"REF002_P4_945_190308_RES.H2O.m3",84.4127019297328,37186.2122185,"SD",12.4433323253312,11,6.92220602785287,11
"REF002_P4_945_190308_RES.CFI-400945.m1",76.0240732998179,6910.313795,"PD",130.901071827681,12,90.4686692943823,12
"REF002_P4_945_190308_RES.CFI-400945.m2",68.7012476109077,26241.664333,"SD",-16.4798243336541,34,-0.0514308369221575,13
"REF002_P4_945_190308_RES.CFI-400945.m3",71.5735072267976,44872.116251,"SD",-15.0570133013943,20,-5.39816989766169,20
"REF023_P1_BMN_190103_RES.CFI-402257.m1",87.6961881057834,18122.006078,"PD",101.011372007744,14,49.4651420735264,14
"REF019_P3_945W_190718_RES.H2O.m1",88.5399637180636,22854.76912025,"PD",153.344009682818,11,66.4055439868568,11
"REF019_P3_945W_190718_RES.CFI-400945-52WEEKLY.m1",85.4722409373106,16728.33243825,"PD",82.8193782684685,11,50.380890208392,11
"REF036_P1_945LD_191119_RES.H2O.m1",82.4073723288023,5642.8612365,"PD",46.4760004526738,13,23.0537373157023,13
"REF036_P1_945LD_191119_RES.CFI-400945-5DAILY.m1",28.6053968775562,2956.9029825,"SD",11.2924206821056,27,-4.5212160818879,13
"REF009_P4_TAX_191022_RES.H2O.m1",83.0795855672068,11116.0849035,"SD",27.3535904575758,12,22.8891816882647,12
"REF009_P4_TAX_191022_RES.CARBOPLATIN.m1",75.3537059965926,6731.70959725,"SD",15.7027717790292,12,14.4489653927188,12
"REF009_P4_TAX_191022_RES.PACLITAXEL-15DAILY.m1",80.2170046057818,11872.57205,"PD",59.4916738498462,12,30.3349790853421,12
"85277_P4_TAX_191030_RES.H2O.m1",83.7513252818128,25848.1588455,"PD",58.2455610884764,13,26.9338474971051,13
"85277_P4_TAX_191030_RES.CFI-400945.m1",80.9855103389716,5818.75452,"PD",53.4019514324012,13,34.5873520579403,13
"85277_P4_TAX_191030_RES.PACLITAXEL.m1",74.7806912703946,17809.051109,"SD",33.9304553050265,20,29.4008255395686,13
"85277_P4_TAX_191030_RES.CFI-402257.m1",85.6295064237375,11928.9178285,"PD",155.9493932519,13,55.8873878040031,13
"REF009_P4_BMN_191017_RES.H2O.m1",77.6431040655045,13840.03554,"SD",4.61591205707164,11,-6.05661493649438,11
"REF009_P4_BMN_191017_RES.BMN-673.m1",71.8878629124493,15159.98525,"SD",-21.1946089029885,18,7.22904753244829,18
"REF019.CFI-402257-3ON4OFF+PACLITAXEL.m1",-83.5951000087006,11464.13941,"PR",-66.9699039816505,40,-49.1276364758846,47
"REF019.CFI-402257-3ON4OFF+PACLITAXEL.m2",88.1029179890931,12607.356125,"PD",97.4599682190441,12,46.5456998374735,12
"REF005_P9_945_190926_RES.CFI-400945-52WEEKLY.m1",86.8316353218485,26713.52281815,"PD",47.6641321736519,14,17.3004563454249,14
"38807_P1_945LD_190502_RES.CX-5461.m1",-57.2234869127242,2451.6913715,"SD",-28.9133368922414,21,-11.3697844912011,21
"BPTO51.ERIBULIN-EXTRALOW.m1",81.1103294012422,10595.1908755,"PD",35.108000655569,11,17.5540003277845,11
"BPTO51.CFI-400945-5DAILY.m1",-14.1814743560605,13555.2636875,"CR",-97.3203974986661,18,-78.8717293269509,40
"BPTO51.CFI-400945-5DAILY.m2",33.3658698603808,13384.748635,"PD",12.3598391256515,61,47.4577157933268,82
"BPTO51.CFI-402257-3ON4OFF+PACLITAXEL.m1",15.3915142171751,10653.7002125,"CR",-95.6133941719007,47,-58.7111937316134,104
"REF035.CX-5461.m1",71.7703492189372,5790.785479,"PD",37.5912198407041,21,16.5529423523858,12
"REF035.CX-5461.m2",83.1040589572667,21213.8410595,"SD",1.01275292106014,20,-2.39765469238582,20
"REF024.PACLITAXEL.m1",5.29551960810989,25301.34911575,"PR",-53.4107319309613,65,-33.3246264538856,78
"BXTO64.PACLITAXEL.m1",68.1910930047055,36346.993021,"SD",5.04317780102585,21,7.59964124449345,28
"BXTO64.PACLITAXEL.m2",68.4861995272996,41452.21320825,"SD",-27.3305356625281,48,26.8678781600899,55
"REF010.CFI-400945+ABT-263-LOW.m1",-38.1495746072786,7901.5749345,"CR",-96.9964539797786,49,-69.9473471931857,69
"REF010.CFI-400945+ABT-263-LOW.m2",-48.5392283409752,3972.32758475,"CR",-99.5820451616921,31,-76.2958691254432,91
"INSB019_P1_ERIBLD_190301_RES.H2O.m1",83.2898440783377,54005.86129725,"PD",37.7720999355405,24,45.3650386501845,24
"INSB019_P1_ERIBLD_190301_RES.ERIBULIN-LOW.m1",-32.980676841252,9656.94964825,"CR",-96.5909386296511,82,-59.8385254440071,200
"REF036.ERIBULIN-LOW.m1",28.0863663403885,22298.960627,"CR",-99.6872517286942,42,-84.9211468721801,78
"REF036.ABT-263.m1",81.3811295694123,4846.6093365,"PD",88.5364224883289,17,32.6406259774175,17
"REF019_P3_CARBO_190718_RES.H2O.m1",88.9858757189595,62939.75171225,"PD",391.827050267124,11,165.829383182822,11
"REF019_P3_CARBO_190718_RES.H2O.m2",86.5365392164578,22425.733983,"PD",44.3005376101585,13,28.1804826399423,13
"REF019_P3_CARBO_190718_RES.ERIBULIN.m1",-71.2364176409545,742.514677,"CR",-99.5857552841056,18,-76.5145953799642,55
"47904_P6_BMN_190111_RES.CX-5461.m1",83.7028043470884,21563.108741,"PD",99.3495561380258,12,52.956720087315,12
"REF036.CFI-402257.m1",66.3390916257837,8101.398025,"SD",-13.1698468153722,14,-12.0550280191506,14
"85277_P4_TAX_191030_RES.CFI-402257-3ON4OFF+PACLITAXEL.m1",87.0771102983808,6591.54515,"PD",46.0520310360566,13,28.0058096681658,13
"REF019_P3_CARBO_190718_RES.ERIBULIN-LOW.m1",-74.3973916068584,3891.2214785,"CR",-97.7449635586252,47,-58.589363033294,56
"BXTO64.ABT-263.m1",86.6588722536153,10937.28294575,"PD",86.2974611467551,14,34.8117443388655,14
"BXTO64.CFI-400945+ABT-263-LOW.m1",-22.8973180588352,9601.237408,"CR",-100,45,-48.3004654316044,71
"BXTO64.ERIBULIN-EXTRALOW.m1",71.5317014859446,18844.8007725,"PD",68.0419141113136,56,50.4716794403204,14
"BXTO64.ERIBULIN-EXTRALOW.m2",62.541103487025,13560.7498985,"SD",-8.54611640855799,12,-4.273058204279,12
"100534_P1_ERIBLD_191224_RES.H2O.m1",85.6609070177441,11282.785972,"PD",73.0088346449925,14,46.484922689108,14
"100534_P1_ERIBLD_191224_RES.ERIBULIN-LOW.m1",83.875472881861,7730.701726,"PD",85.4814565442625,14,37.9388953220464,14
"REF022_P4_TTK8/TAX20_190711_RES.CFI-402257-3ON4OFF.m1",84.1728977958475,15422.147,"PD",54.1475667189953,21,29.817896389325,21
"REF032.CFI-400945-5DAILY.m1",45.5356094791986,12225.3290775,"SD",-5.11445077883396,27,-2.81248474367648,12
"241417.CFI-400945-41.6WEEKLY.m1",60.110960703192,14601.87699,"PD",-18.5711348111803,59,43.840806403385,10
"38807_P1_ERIBLD_190725_RES.ERIBULIN-LOW.m1",56.9459179965317,2645.664612,NA,NA,NA,NA,NA
"38807_P1_ERIBLD_190725_RES.ERIBULIN-LOW.m2",82.2146884611313,18956.8619415,"PD",47.716124165659,21,26.4109952548749,14
"REF036_P1_ERIBLD_191212_RES.H2O.m1",88.8390975406128,36655.935439,"PD",216.846236998557,13,108.423118499278,13
"REF036_P1_ERIBLD_191212_RES.ERIBULIN-LOW.m1",88.4265916546146,23415.717899,"PD",80.6353359750185,13,40.3176679875093,13
"REF013_P1_945_190313_RES.ERIBULIN-LOW.m1",-54.699832447819,2183.754732,"CR",-100,15,-93.1434540512333,281
"REF016_P5_CARBO_190124_RES.CFI-402257.m1",77.6217575811104,11297.663511,"SD",-0.785686519740399,13,-10.7409982033604,13
"REF019_P3_CARBO_190718_RES.PACLITAXEL.m1",80.6415648358612,7234.79429625,"SD",26.7063468400836,13,7.89213826133819,13
"REF009_P2_CX_181107_RES.BMN-673.m1",83.9378992179784,35801.131474,"SD",18.8495350152015,13,21.5278948917559,13
"REF009_P2_CX_181107_RES.BMN-673.m2",73.6260266216208,5750.196053,"SD",27.3454961276574,14,9.78721372456063,14
"REF009_P4_CX_190226_RES.PACLITAXEL.m1",59.4454795878239,34053.79080875,"CR",-96.3445290174211,30,-60.7130752529391,76
"REF009_P2_CX_181107_RES.CX-5461.m1",84.0395629683366,33726.90484775,"PD",86.3720268191159,16,49.1713186388345,16
"REF009_P2_CX_181107_RES.CX-5461.m2",78.5239717256286,15626.4118705,"PD",46.4903369194099,11,31.143256107084,11
"REF009_P2_CX_181107_RES.CX-5461.m3",77.2092780236631,5252.5913985,"SD",19.6233147046859,12,2.44345573920539,12
"INSB019_P1_945LD_180720_RES.H2O.m1",84.094641341076,20202.699063,"PD",129.962856793527,16,74.4036116871245,16
"INSB019_P1_945LD_180720_RES.CFI-400945-5DAILY.m1",34.6186507608498,81491.665321,"SD",-78.5585008789943,56,-11.8988131969425,63
"INSB019_P1_945LD_180720_RES.BMN-673.m1",73.0495964062909,10576.94587,"PD",38.8411005050594,35,26.3713367212689,16
"INSB019_P1_945LD_180720_RES.ERIBULIN-LOW.m1",-68.4089231318324,539.73366,"CR",-99.5189227641563,16,-86.3231436310556,56
"INSB019_P1_945LD_180720_RES.PACLITAXEL.m1",25.1098446393595,47873.53048975,"SD",-38.6703091518284,28,-23.9796150052275,35
"REF009_P4_CX_190226_RES.CFI-402257.m1",68.6798926144011,17419.31412625,"PD",42.8658528968398,21,21.8841501145142,13
"REF009_P4_CX_190226_RES.CARBOPLATIN.m1",77.9255541937486,13709.896157,"SD",-4.46311488662894,13,-16.7912487063821,13
"47904_P6_BMN_190111_RES.H2O.m1",88.3436953478658,24553.9097065,"PD",241.141373751901,15,117.219264517677,15
"47904_P6_BMN_190111_RES.H2O.m2",88.1470261507933,9309.627598,"PD",99.2621190257739,11,49.1469164510914,11
"47904_P6_BMN_190111_RES.H2O.m3",86.2562554320953,10916.415448,"SD",11.5447689931395,10,5.77238449656977,10
"47904_P6_BMN_190111_RES.BMN-673.m1",88.4744944209165,28985.94919125,"PD",210.211237187314,15,102.43138371529,15
"47904_P6_BMN_190111_RES.BMN-673.m2",88.8801827546736,33587.13526,"PD",186.15050392295,11,70.9188708799241,11
"47904_P6_BMN_190111_RES.BMN-673.m3",85.5822830246522,36775.502015,"PD",35.6938955470056,17,35.792569032378,17
"REF019.ERIBULIN-EXTRALOW.m1",35.4520754639696,10953.039156,"SD",-16.4618165868041,20,-12.1944702756887,20
"REF009_P4_BMN_191017_RES.CX-5461.m1",73.8063691983815,3969.000696,"PD",46.7878398992201,18,26.9076505623452,11
"REF009_P4_BMN_191017_RES.CFI-400945.m1",72.558628762736,4430.94316375,"SD",-0.760602491474331,11,-3.07956069233451,11
"REF022_P4_TTK8/TAX20_190711_RES.ERIBULIN.m1",-38.8264042076665,18578.1689335,"PR",-77.6603989609691,61,-53.6964375627988,68
"REF020.PACLITAXEL-15DAILY.m1",79.6098777560799,5156.1438055,"SD",6.53296910543752,14,11.9885274283639,14
"108099.H2O.m1",77.7785670760312,14485.765045,"SD",17.4576847429946,12,1.98405283527149,12
"REF036.CFI-402257-3ON4OFF+PACLITAXEL.m1",45.1286451405303,14236.062666,"PR",-96.1221552130643,34,-25.4573069647644,48
"REF036_P1_ERIBLD_191212_RES.CARBOPLATIN.m1",83.9738117390938,11195.678179,"PD",56.8699996956987,12,18.1344600088924,12
"REF036_P1_ERIBLD_191212_RES.PACLITAXEL.m1",88.495555386335,17281.3885425,"PD",76.062799574244,12,37.5881929025416,12
"REF002_P4_945_190308_RES.BMN-673.m1",70.1385082630273,11730.8263625,"SD",-1.82543334867311,13,-1.98186580730664,13
"REF013.PACLITAXEL-15DAILY.m1",82.5913812094337,69362.8080775,"PR",-87.2392476080942,35,-36.1900446491748,35
"REF013.PACLITAXEL-15DAILY.m2",49.8288477919745,10224.4328685,"SD",-8.57680776014109,35,14.386532361916,35
"REF013.CFI-400945-5DAILY.m1",78.129099743239,8593.97737225,"SD",29.7847668431101,20,24.4960125572853,13
"108099.CFI-400945.m1",81.1169075358915,6850.51249125,"SD",-10.8331538522037,11,0.591069027229577,11
"108099.CX-5461.m1",39.8793258852747,29931.8956365,"SD",-13.5877726951583,67,8.29336843084,11
"REF023_P1_TAX_190508_RES.H2O.m1",82.8069656240007,34987.46507475,"SD",0,14,0,14
"REF023_P1_TAX_190508_RES.PACLITAXEL.m1",-33.0553968357934,36039.789464,"SD",-71.9222222222222,75,-0.929028405404647,85
"REF019_P3_CARBO_190718_RES.CFI-400945.m1",73.4131927448281,6965.43837675,"SD",24.79498816,13,3.91883967999999,13
"241417_P5_TAX_191009_RES.CFI-402257-3ON4OFF+PACLITAXEL.m1",77.0898152200462,27430.2088565,"SD",-10.752722641126,13,-7.45062895046859,13
"REF009.PACLITAXEL-15DAILY.m1",70.5128029650851,48711.452148,"CR",-96.1134545765469,53,-47.0088219612517,77
"REF032.CFI-402257.m1",77.3647078129334,15124.4486,"PD",73.77152,12,24.4347733333333,12
"REF032.BMN-673.m1",-75.563494538299,5701.4354645,"CR",-99.8485038185612,60,-80.7368835095354,130
"REF025.CARBOPLATIN.m1",-49.9385219577285,3430.500376,"PR",-85.521465339246,34,-46.9656895192998,75
"BXTO64.CFI-402257-3ON4OFF+PACLITAXEL.m1",71.3713383845611,41222.646526,"SD",-15.1756433356015,54,8.97678576517579,12
"INSB019_P1_945W_180607_RES.CFI-402257.m1",48.2975230739528,20433.9030925,"SD",1.06952932922105,29,-3.7967540282305,15
"241417_P4_945W_191113_RES.H2O.m1",79.1100139047167,3249.769873,NA,NA,NA,NA,NA
"241417_P4_945W_191113_RES.BMN-673.m1",70.4728842656232,2670.13250525,NA,NA,NA,NA,NA
"48602_P6_BMN_181010_RES.CARBOPLATIN.m1",44.5360658019789,31909.18581025,"SD",-36.5403557581881,34,-17.6153567283384,48
"REF023_P2_ERIB_191212_RES.H2O.m1",87.953615491298,24141.125938,"PD",67.6752838514552,14,31.7952567471532,14
"REF023_P2_ERIB_191212_RES.ERIBULIN.m1",84.6821036543471,11089.3473495,"PD",53.8261845044749,14,21.4132181151177,14
"REF002_P4_945_190308_RES.CX-5461.m1",85.8568714161349,42195.6143165,"PD",46.4682291983227,11,17.9666411865193,11
"REF023.BMN-673.m1",19.7006589014286,18688.46394375,"PR",-60.8784510219806,15,-35.0889288093748,64
"REF023.BMN-673.m2",-2.06248073900063,14032.966868,"CR",-97.2782230198541,56,-61.0982184693832,75
"REF009_P1_CARBO_180523_RES.BMN-673.m1",8.32800157443077,17553.2980645,"PR",-67.737962407437,69,-24.4177566802659,146
"BXTO64.CFI-400945-3.75DAILY.m1",65.1438868320196,12176.358833,"SD",24.526276400009,13,27.3700231478536,13
"REF013_P3_TAX_190522_RES.BMN-673.m1",88.7811089821883,17673.91148875,"PD",173.189541468447,12,94.5357281069639,12
"38807_P1_ERIBLD_190725_RES.H2O.m1",84.050265085246,32421.77547,"PD",99.4620245910846,14,64.0922360398408,14
"38807_P1_ERIBLD_190725_RES.CFI-400945.m1",47.0177650368359,30510.48973475,"SD",-12.0946310932581,28,7.9679026409611,28
"REF022_P4_TTK8/TAX20_190711_RES.ERIBULIN-EXTRALOW.m1",72.0655320598298,18281.78344,"SD",-19.0244483087547,21,8.05226604737856,21
"REF025.ERIBULIN.m1",-76.2431379879494,7749.0057745,"PR",-94.2780642089356,46,-39.7609799679085,55
"241417_P5_TAX_191009_RES.ERIBULIN-LOW.m1",-66.0774990460326,6552.3594115,"CR",-99.7744705324754,29,-68.6621404007629,56
"241417_P5_TAX_191009_RES.CARBOPLATIN.m1",78.8094207241859,12783.81645,"SD",-9.44333958873365,22,-2.72337438359097,22
"100534.CFI-400945-52WEEKLY.m1",76.6119928880817,15742.0842805,"SD",6.89972744025056,35,16.1009900435115,14
"100534.CFI-400945-52WEEKLY.m2",76.6119928880817,15742.0842805,"SD",6.89972744025056,35,16.1009900435115,14
"100534.ERIBULIN-EXTRALOW.m1",77.8550307763168,21731.308283,"SD",16.0325468544013,14,11.4234995517547,14
"100534.ERIBULIN-EXTRALOW.m2",77.8550307763168,21731.308283,"SD",16.0325468544013,14,11.4234995517547,14
"BXTO81.CFI-400945-5DAILY.m1",78.9158418336192,11743.622501,"PD",57.8465608807339,12,28.8036121834862,12
"BXTO81.PACLITAXEL-15DAILY.m1",57.2354405560198,19729.13215875,"CR",-95.6589169126844,26,-62.155448086135,69
"BPTO51.H2O.m1",86.5042491804125,34526.80887625,"PD",112.815442673988,11,59.9377326982318,11
"BPTO51.CX-5461.m1",74.4647666712927,8687.005932,"SD",2.77650859993947,11,27.1696144426373,11
"BPTO51.CFI-402257+PACLITAXEL.m1",NA,NA,NA,NA,NA,NA,NA
"REF016_P2_945_180406_RES.ABT-263.m1",85.02302408869,9278.3714365,"PD",37.0020031525845,12,4.40493927487853,12
"REF030.CX-5461.m1",81.0211269872923,9396.74478225,"SD",32.1321459350761,13,9.60645138625159,13
"REF006_P1_TAX_180315_RES.CFI-402257.m1",75.6077946387372,16244.2774425,"SD",-7.95469487874209,13,-11.0729564779513,13
"REF016_P1_BMN_180426_RES.ABT-263.m1",88.4432087655378,12889.3331525,"PD",132.619935387369,12,63.0480758296135,12
"REF016_P1_BMN_180426_RES.CFI-400945+ABT-263.m1",81.7046180826345,11455.4869235,"SD",-13.6300974360388,19,-5.57308438578498,19
"REF016_P1_BMN_180426_RES.CFI-400945.m1",87.5110799302002,8011.31260725,"SD",11.4916685948756,12,5.22417991131953,12
"REF013.CFI-400945+ABT-263-LOW.m1",-72.532299025274,26151.96439175,"PR",-92.910479519369,27,-42.7391584876106,105
"REF003.CFI-400945+ABT-263.m1",-67.8467209710929,352.4968125,"CR",-100,47,-84.6737553106453,61
"28077_P4_TAX_170906_RES.CARBOPLATIN.m1",78.2189728612201,19098.151044,"SD",-9.40465855226657,14,9.41823053693538,21
"NOTCH01_P3_945_160729_RES.ERIBULIN-LOW.m1",33.4000963160459,32099.99608125,"CR",-96.0915935061826,43,-52.0898176646946,85
"REF009_P1_CARBO_180523_RES.CFI-400945-52WEEKLY.m1",-85.8189902109306,1234.280052,NA,NA,NA,NA,NA
"REF009_P1_CARBO_180523_RES.CARBOPLATIN.m1",9.73971078610964,19761.7690495,"PR",-90.4398821264376,39,-47.4026134542712,94
"REF022.PACLITAXEL.m1",15.7912478683764,23360.03693,"CR",-100,41,-68.2565900489218,84
"REF022.PACLITAXEL.m2",25.6544594505048,68120.123487,"CR",-99.5120834176148,26,-61.5494678105988,84
"REF009_P2_CX_181107_RES.CFI-402257-3ON4OFF+PACLITAXEL.m1",-26.141071826816,11233.95775525,"PR",-88.8091541119364,84,-21.3893142842706,112
"REF013.CFI-400945+ABT-263.m1",76.1094344996786,9644.378883,"PR",-92.3445171431779,19,-33.683788862917,19
"REF013.CFI-400945+ABT-263.m2",-22.8976584776739,10096.50254325,"CR",-98.5204911969226,28,-84.8587069093061,62
"73263_P7_CX_171024_RES.CFI-402257.m1",86.6504666036226,19998.26163625,"PD",75.9110279596176,16,33.5888598870766,16
"47904_P5_945_180926_RES.BMN-673.m1",-59.0390735732271,9270.256356,"CR",-99.7338132361262,57,-52.6221710545349,97
"REF010.CFI-402257-2ON5OFF+PACLITAXEL.m1",-49.7688044075291,2970.0838865,"CR",-99.7080362587668,64,-91.1476920530546,223
"REF016.CFI-400945+ABT-263.m1",76.99455171359,32343.54411025,"SD",-28.29648861752,19,-10.4647345626217,26
"REF009.CFI-402257-3ON4OFF+PACLITAXEL.m1",-9.85656240424896,18451.9192115,"CR",-99.5925018016922,49,-64.8106307254794,91
"REF009.CFI-400945-5DAILY.m1",83.679942073503,8984.8492015,"PD",44.9822488829038,12,44.5088857603395,12
"REF001.ABT-263.m1",83.1125015807199,6287.86004,"PD",57.2897137550412,10,28.6448568775206,10
"REF002_P2_TAX_171219_RES.ABT-263.m1",-9.41554325425919,4088.641005,"SD",-16.2994748511909,27,3.45502228045608,35
"REF010.CFI-400945+ABT-263.m1",72.646930778303,1994.26030425,NA,NA,NA,NA,NA
"REF010.ABT-263.m1",72.0247252149157,18610.43988925,"SD",13.7547190077753,24,9.53204758240851,11
"REF013_P1_945_190313_RES.CFI-400945.m1",88.4378297016046,22372.128099,"PD",95.6904230904773,13,55.5384890464736,13
"REF025.CFI-402257.m1",75.9510387718466,20885.173925,"SD",-23.8347038174674,26,9.95806514976294,26
"REF022_P1_TAX_180822_RES.CFI-402257-3ON4OFF+PACLITAXEL.m1",8.48542947203005,4409.116794,"SD",-18.3724068461866,26,6.13436639776309,34
"REF002_P2_TAX_171219_RES.ERIBULIN-LOW.m1",43.3837431389673,5656.293637,"SD",-11.3218906149465,13,-9.45519057291192,13
"65465_P10_TAX_170921_RES.CFI-402257.m1",75.3529557223666,6026.463362,"SD",23.4112423363287,11,11.4661296002634,11
"REF002_P3_945_180913_RES.BMN-673.m1",85.038968194455,13573.6423935,"PD",83.7244662526065,13,50.1712744960285,13
"REF023.ERIBULIN-LOW.m1",41.1391902048342,13506.87592475,"CR",-100,36,-77.6086607528072,77
"REF024.ABT-263.m1",-55.0130553421219,6844.07671225,"SD",-43.2452917922171,41,-21.5754503895537,41
"INSB014.CFI-400945+ABT-263.m1",88.5819393214569,6800.44780625,NA,NA,NA,NA,NA
"REF023.CFI-400945.m1",-4.18487806932964,9101.81695925,"CR",-96.81318950753,77,-67.6813806553712,77
"REF023.CFI-400945.m2",81.5619727996257,14964.26247625,"PD",35.3337280462933,13,23.2011428580167,13
"REF023.PACLITAXEL.m1",-62.2204881275791,27387.4922665,"CR",-99.8953067700087,20,-87.1663130129358,62
"REF022.GLUT1-2TIMESDAILY.m1",-56.6991453616728,2126.9122535,"SD",-41.564980243548,26,-27.7215334825678,12
"REF016_P3_CARBO_180720_RES.BMN-673.m1",46.3401461415813,4589.77230475,"SD",1.82505478250452,20,4.98592930108377,20
"REF006_P2_945_180720_RES.PACLITAXEL.m1",56.4955823908311,10321.035066,"SD",12.3257268769025,21,11.8737935584123,13
"REF006_P2_945_180720_RES.ERIBULIN-LOW.m1",51.2583852970319,18639.829716,"SD",-46.812850895286,35,-25.7626350656182,35
"108099_P3_TTK/TAX_210518_RES.H2O.m1",86.3493117202543,51028.4683375,"PD",225.756545419285,20,140.150155870482,14
"108099_P3_TTK/TAX_210518_RES.CFI-400945-52WEEKLY.m1",79.5494668404848,26126.0344775,"SD",27.4408786566867,14,13.2433833364961,14
"108099_P3_TTK/TAX_210518_RES.CFI-402257-3ON4OFF+PACLITAXEL.m1",82.5809655313441,22907.30170975,"PD",51.4823713696576,14,15.0937565386791,14
"108099_P3_TTK/TAX_210518_RES.CFI-402257-3ON4OFF+PACLITAXEL.m2",82.8370398935958,28046.6419075,"SD",-8.74833127735437,14,3.2724384659514,20
"108099_P3_TTK/TAX_210518_RES.CDX-011.m1",26.0520997360092,21047.81795325,"SD",-49.6086196569034,20,-18.7541015456099,35
"REF041.CFI-402257.m1",47.4226814247878,12916.145998,"SD",-19.8075358222382,11,-11.9098707288734,25
"REF041.CARBOPLATIN.m1",69.8878189964103,27809.281514,"SD",-0.527967619067059,25,3.87209516368685,11
"REF041.ERIBULIN-LOW.m1",-18.6356209219059,18150.500485,"CR",-100,25,-61.8522878039349,38
"REF041.CDX-011.m1",56.8515989186569,9559.87623625,"PD",32.1426507614959,32,35.0423736660265,11
"REF036_P7_945W_220208_RES.CFI-400945-52WEEKLY.m1",60.4673802584553,22432.48054625,"PD",-26.3249840804445,61,47.4323607742271,61
"REF036_P7_945W_220208_RES.CFI-400945-52WEEKLY.m2",67.517434589953,17723.66984725,"SD",-8.70448798988622,29,-0.184590092196022,35
"REF036_P7_945W_220208_RES.CFI-400945-52WEEKLY.m3",64.1158399231523,39505.2925075,"SD",-2.94154582101585,27,15.1640421630983,13
"REFOV042.CFI-400945.m1",82.5259909401251,9008.5185645,"PD",38.4811524414608,17,7.33066583169962,17
"REFOV042.CFI-400945.m2",80.4936078710818,14035.24684425,"SD",3.05339451232917,26,8.10630892142471,26
"REFOV042.CFI-400945.m3",85.0498240234638,16974.53265425,"SD",28.0934195547025,10,11.9554668391782,10
"REFOV042.BMN-673.m1",83.8606192733019,8559.50700225,"PD",50.0015063759039,17,35.5362974866614,17
"REFOV042.BMN-673.m2",84.3064869396326,8165.83958575,"PD",79.3100285235306,12,36.4191156562396,12
"REF020_P3_CDX_210608_RES.ERIBULIN-LOW.m1",77.5690030111329,1934.9847625,NA,NA,NA,NA,NA
"108099_P2_BMN_210408_RES.CFI-400945.m1",85.5616872712366,24051.0077415,"PD",98.9797648916193,13,59.5716465226935,13
"108099_P2_BMN_210408_RES.PACLITAXEL.m1",61.3590326312378,38989.56378,"SD",-20.1073121856779,34,-3.54710827469354,47
"108099_P2_BMN_210408_RES.CDX-011.m1",29.5968570931009,14519.429402,"SD",-23.6982372539805,55,6.22787250973676,69
"108099_P2_BMN_210408_RES.ERIBULIN-LOW.m1",81.0367575829772,8412.75505,"PD",81.4168726314055,19,38.167951003931,13
"REF020_P3_CDX_210608_RES.CFI-402257-3ON4OFF.m1",88.0687570356798,10329.404543,"PD",190.436453427082,13,69.4485367969623,13
"REFOV042.CFI-402257.m1",83.8280545125366,7068.6157555,"SD",26.6872778513892,12,7.0054093405823,12
"REFOV042.CFI-402257.m2",79.8086437241113,13688.3047565,"PD",63.1375458338166,34,37.1456947128682,13
"100672_P1_TAX_200103_RES.CFI-402257.m1",76.2724825051202,13472.30982175,"SD",1.52283281947117,14,-4.52575684229395,14
"REF020_P3_CDX_210608_RES.CFI-402257-3ON4OFF+PACLITAXEL.m1",88.3505283481182,20086.823694,"PD",236.129398301874,14,119.985021163491,14
"REF020_P3_CDX_210608_RES.CFI-402257-3ON4OFF+PACLITAXEL.m2",85.4651724014231,15306.787173,"PD",42.2720703125,13,15.3771484375,13
"REF043_P3_TTK/TAX_220413_RES.H2O.m1",75.4826338048378,9007.65346775,"SD",8.09099014961942,13,9.05068756497231,13
"REF043_P3_TTK/TAX_220413_RES.CFI-402257-3ON4OFF+PACLITAXEL.m1",68.8341822641818,6297.9791235,"SD",10.9930414428511,20,18.4324753692449,20
"108099_P2_BMN_210408_RES.CARBOPLATIN.m1",77.2266238795568,16260.05093475,"SD",-30.4346341860844,13,-23.9565361740264,20
"108099_P2_BMN_210408_RES.CFI-402257-3ON4OFF+PACLITAXEL.m1",77.6693064174884,8868.4831665,"PD",68.3663716128424,20,41.6553218531154,13
"108099_P2_BMN_210408_RES.CFI-402257-3ON4OFF+PACLITAXEL.m2",52.7010573306496,9593.88415375,"SD",-22.8220990507083,14,-8.58138297643455,20
"REFOV042.CDX-011.m1",86.5003358793536,9174.74760175,"PD",99.2919724581263,13,50.5797321404428,13
"REFOV042.CDX-011.m2",69.5893483172809,21903.10047475,"PR",-79.1388518024032,63,-27.8735021125172,63
"100804_P2_945_220504_RES.CFI-400945-52WEEKLY.m1",-9.36754430030433,6418.8763895,"SD",-32.1231235854909,62,-13.682234973032,20
"100804_P2_945_220504_RES.CFI-400945.m1",89.2408686555201,17031.670533,"PD",818.012744385631,14,385.761687750697,14
"REF020_P1_BMN_190918_RES.CARBOPLATIN.m1",-11.4739827984879,42134.363695,"CR",-100,47,-51.4246088387883,93
"REF020_P1_BMN_190918_RES.PACLITAXEL.m1",83.8295337968167,956.46172475,NA,NA,NA,NA,NA
"100672_P5_ERIB_220413_RES.ERIBULIN-LOW.m1",75.882283768571,26655.22223,"SD",23.099185792443,14,5.19767070729333,14
"REF007_P2_TAX_211006_RES.H2O.m1",89.3020374401982,10583.220571,NA,NA,NA,NA,NA
"REF007_P2_TAX_211006_RES.H2O.m2",89.1664031315561,20524.13877225,"PD",179.58370396785,13,87.147825376451,13
"REF007_P2_TAX_211006_RES.H2O.m3",88.3463155522593,9161.09565275,"PD",380.871950834218,13,171.836972550959,13
"REF047_P1_ERIBLD_210107_RES.ERIBULIN-LOW.m1",80.1710556136377,6895.0891445,"PD",62.0189460705572,15,46.1772623504592,15
"REF047_P1_ERIBLD_210107_RES.ERIBULIN-LOW.m2",87.8190161136077,37780.6645385,"PD",134.83174170323,12,74.3183022150426,12
"REF047_P1_ERIBLD_210107_RES.ERIBULIN-LOW.m3",85.6965183463759,16184.02975425,"PD",141.885644710598,12,70.9428223552992,12
"REF047_P1_ERIBLD_210107_RES.ERIBULIN-LOW.m4",83.3424589727484,37188.92058825,"PD",42.9848003988545,16,44.4509816380087,16
"95412_P2_BMN_210901_RES.ERIBULIN-LOW.m1",-42.0099926039018,1548.629678,"CR",-100,21,-83.0776553183386,173
"REF048.CFI-402257-3ON4OFF.m1",88.5479400944318,14278.389185,"PD",218.325170899981,10,109.162585449991,10
"REF048.CDX-011.m1",88.8659218205206,17355.0758825,"PD",252.786446577268,10,126.393223288634,10
"REF048.CDX-011.m2",88.2957951931998,17673.83466075,"PD",167.079893421252,14,83.1212786345884,14
"REF047_P1_ERIBLD_210107_RES.CDX-011.m1",88.6996507678846,23204.312942,"PD",150.414789933912,12,80.8649726375688,12
"REF047_P1_ERIBLD_210107_RES.CFI-402257-3ON4OFF.m1",86.6386103362738,9179.30790425,"PD",116.225654701,12,62.425912138186,12
"108099_P3_TTK/TAX_210518_RES.BMN-673.m1",27.1946961086311,11217.351556,"PR",-90.6013482929793,26,-26.9143376273986,49
"108099_P3_TTK/TAX_210518_RES.CFI-402257-3ON4OFF.m1",85.6961651253014,7784.344055,"PD",59.4351580773053,14,22.8584480673445,14
"108099_P3_TTK/TAX_210518_RES.PACLITAXEL.m1",83.1854520296917,11245.9894345,"PD",54.9984865735957,14,38.2909792457959,14
"108099_P3_TTK/TAX_210518_RES.ERIBULIN-LOW.m1",61.702025746479,16916.2850125,"SD",-50.0818226190359,20,-14.4539850818557,20
"REFOV042.CFI-400945-52WEEKLY.m1",-46.8732701503098,4453.492743,"SD",-35.7106956005961,41,-17.8332635503031,41
"REFOV042.CFI-400945-52WEEKLY.m2",44.3901210355891,3451.78093,"SD",2.41416861382172,18,10.2735740387842,18
"REFOV042.CFI-400945-52WEEKLY.m3",87.781218532293,22771.197197,"PD",75.7154147068579,14,46.1278263414428,14
"100672_P5_ERIB_220413_RES.BMN-673.m1",18.1269749033464,9219.375687,"PR",-96.5323230834583,27,-29.222309794825,62
"100672_P5_ERIB_220413_RES.ERIBULIN.m1",73.3171796871969,10983.55127975,"SD",20.268844574867,12,12.0848524595023,12
"REF047_P1_ERIBLD_210107_RES.CFI-402257.m1",83.6196517591874,8693.1210495,"PD",44.0860895227298,13,29.0563508409303,13
"REF025_P6_TTK/TAX_210825_RES.CFI-400945.m1",59.3490496380795,11756.3680195,"SD",15.4897144524618,15,7.74485722623092,15
"REF047_P1_ERIBLD_210107_RES.CARBOPLATIN.m1",73.5011191646567,5614.905133,NA,NA,NA,NA,NA
"REF047_P1_ERIBLD_210107_RES.CARBOPLATIN.m2",87.6441667169102,13498.64125725,"PD",237.915130703448,16,113.960515089655,16
"REF047_P1_TTK/TAX_220217_RES.CFI-400945.m1",70.3175233509498,24194.6895695,"SD",24.4550227589811,12,19.5481566160693,12
"REF047_P1_TTK/TAX_220217_RES.BMN-673.m1",83.8464605396653,6135.58035075,"SD",18.7600996526339,12,18.6894883060899,12
"REF047_P1_TTK/TAX_220217_RES.CFI-402257+PACLITAXEL.m1",83.1675411571786,5958.01536925,"PD",71.8805050340015,12,27.6481144001234,12
"REF020_P3_CDX_210608_RES.CARBOPLATIN.m1",67.9036131383882,16017.732395,"SD",-72.3055996761971,43,22.9532939823599,82
"REF048.H2O.m1",89.2426473120751,8643.9089,NA,NA,NA,NA,NA
"REF048.H2O.m2",88.9472084450861,11807.340503,"PD",446.949788851742,13,183.714095318064,13
"REF048.H2O.m3",89.1710831871594,20614.28322475,"PD",240.463667171924,12,75.9565774856072,12
"REF048.H2O.m4",88.4285950673887,23079.547199,"PD",202.782079739092,10,69.9795330496891,10
"REF048.H2O.m5",88.4015682085918,32411.22975375,"PD",101.972868626477,11,60.614069823535,11
"REF048.H2O.m6",87.4536408949684,5159.01022525,"PD",114.773936449781,10,40.5645576021084,10
"REF048.H2O.m7",88.240292844966,4820.38342375,"PD",246.738216763927,10,130.683431777441,10
"REF048.H2O.m8",88.7164028936618,17333.4208635,"PD",225.142421948545,10,85.012568540678,10
"REF048.H2O.m9",89.3196415867911,11912.7823125,"PD",258.91027059727,10,129.92735955231,10
"REF048.H2O.m10",88.5874035775886,5637.06170925,NA,NA,NA,NA,NA
"REF048.H2O.m11",89.2969137048321,20466.3000235,"PD",328.856105587429,11,173.860403866492,11
"REF048.H2O.m12",89.1465791035972,12440.797542,NA,NA,NA,NA,NA
"REF048.H2O.m13",88.5023913330852,6085.9771495,"PD",300.736499034584,11,138.025084341464,11
"REF048.CARBOPLATIN.m1",63.264259467339,23875.19209475,"SD",-37.9814305455325,43,2.93058815722238,78
"REF048.CARBOPLATIN.m2",-22.9302817561538,15279.9338195,"CR",-98.0185588760252,36,-77.5328719410627,59
"REF036_P7_945W_220208_RES.CARBOPLATIN.m1",81.0448110385159,26521.9066435,"PD",46.6367799203566,15,28.9454918532498,15
"REF044_P3_TAX_210519_RES.ERIBULIN.m1",-29.2351419334689,5172.98500675,"CR",-100,329,-84.5045420673157,329
"REF047.PACLITAXEL.m1",86.3627250577848,11491.25405975,"PD",51.6741173239294,20,42.1217495903848,13
"REF047.PACLITAXEL.m2",87.547203544909,8033.9211625,"PD",281.498474846411,14,176.110363872324,14
"REF047.PACLITAXEL.m3",43.9822020543083,28912.13005,"CR",-95.6265496774537,65,-41.0420777117732,65
"REF047.ERIBULIN.m1",-10.6326495392098,28131.3846495,"PR",-97.6410892808078,42,-34.8227878937305,68
"108099_P2_BMN_210408_RES.H2O.m1",86.2860933945599,34015.6429085,"PD",188.089170457523,18,95.9313939556655,11
"108099_P2_BMN_210408_RES.BMN-673.m1",82.9150979965392,19608.352919,"PD",113.020502193864,11,63.6070388828886,11
"108099_P2_BMN_210408_RES.CFI-400945-52WEEKLY.m1",84.6616828268084,734.76056,NA,NA,NA,NA,NA
"REF047_P1_ERIBLD_210107_RES.CFI-400945.m1",81.7851139533499,14318.6309205,"PD",54.3257504572953,14,27.4750278336912,14
"REF047_P1_ERIBLD_210107_RES.BMN-673.m1",85.689145827355,8036.34526975,"PD",142.346052488648,14,91.4647355275225,14
"REF025_P6_TTK/TAX_210825_RES.BMN-673.m1",62.0211220683277,3287.96846425,"SD",-27.6443977637352,12,-16.5345654905016,19
"REF047_P1_TTK/TAX_220217_RES.CARBOPLATIN.m1",85.4246608427895,16003.2126855,"PD",109.187932812782,12,52.7633956485843,12
"100672_P5_ERIB_220413_RES.CFI-402257.m1",78.5416299896491,15495.322833,"SD",24.6911265636724,14,15.8275831152606,14
"REFOV042.H2O.m1",87.1081253632972,46008.87071725,"SD",-20.7145788646636,14,-16.9476940676607,14
"REFOV042.H2O.m2",59.2520355614795,22508.34001525,"SD",-14.796917419375,12,-6.89949598821537,12
"REFOV042.H2O.m3",87.7463960970319,15854.21176,"PD",132.121094639886,15,67.2290100223106,15
"REFOV042.H2O.m4",84.7733748280037,29477.5801995,"PD",67.0137195121951,21,64.4926914762236,13
"REFOV042.CX-5461.m1",88.960030949231,17687.051851,"PD",535.775373294994,14,300.673201902692,14
"REF041.CFI-402257-3ON4OFF+PACLITAXEL.m1",10.4696454173036,10366.75678375,"PR",-85.7963835193607,58,-34.5174496717758,114
"REF041.CX-5461.m1",68.4446198859697,7388.5908945,"PD",51.4323390586391,24,21.8354809756832,18
"95412.CARBOPLATIN.m1",78.9645615915856,32761.78985225,"SD",13.3581092784767,14,6.71313381224398,14
"95412.CFI-400945-52WEEKLY.m1",-11.2805930215683,17225.884604,"CR",-100,34,-53.2419697442707,34
"100672_P1_TAX_200103_RES.PACLITAXEL.m1",60.1035875472688,26360.6868855,"SD",28.991785657162,35,16.7014207507078,14
"REF020_P3_CDX_210608_RES.CFI-400945-52WEEKLY.m1",88.435688721883,24739.743156,"PD",195.206317313924,16,100.28792685796,16
"100672_P1_TAX_200103_RES.CFI-400945.m1",67.2580939506084,20881.413804,"SD",31.7315750244534,19,17.3999279776452,12
"100672_P1_TAX_200103_RES.BMN-673.m1",-57.063979178358,2244.559501,"CR",-100,69,-75.0755602111096,139
"REF044.CFI-402257-3ON4OFF+PACLITAXEL-15DAILY.m1",81.2876673798656,7454.311928,"PD",48.9988727066306,14,18.5429023749958,14
"REF043_P1_945_210625_RES.BMN-673.m1",9.13509394616866,10508.98294975,"CR",-95.9382992110273,49,-62.8705667670919,148
"REF048.PACLITAXEL.m1",88.7850806291607,24132.006642,"PD",719.403942441137,15,329.662847654256,15
"REF048.PACLITAXEL.m2",88.5738525364742,19947.9774665,"PD",206.748538502053,10,106.186515824922,10
"REF043.CFI-400945-52WEEKLY.m1",60.9108374869711,38630.44818275,"PD",-100,86,34.6751457282365,158
"REF043.CFI-402257-3ON4OFF.m1",86.7896618439609,5579.696356,"PD",155.707213560973,11,65.763105474297,11
"REF043.CFI-402257-3ON4OFF+PACLITAXEL.m1",30.1600929845684,33940.347083,"CR",-100,41,-52.2536894666002,59
"95412_P2_BMN_210901_RES.CFI-400945.m1",-20.8037626834077,6529.31215375,"CR",-100,17,-86.5583566900286,159
"95412_P2_BMN_210901_RES.BMN-673.m1",-17.7274433616752,20526.665307,"SD",-39.9499732960913,80,-4.67490696657405,129
"95412_P2_BMN_210901_RES.CFI-402257.m1",24.291253009981,15890.574071,"SD",-28.9271974554271,10,-16.6392243493176,17
"REF047_P1_ERIBLD_210107_RES.CFI-400945-52WEEKLY.m1",81.7259103609631,20832.971927,"PD",97.6945623285322,21,67.3293073624528,16
"REF010_P3_945_210421_RES.CDX-011.m1",13.6819299142115,27675.8905425,"PR",-70.113632389815,44,-41.9358491206091,83
"REF023_P2_SG_260225_RES.SACITUZAMAB-GOVITECAN.m1",80.4135849474655,48990.43131875,"SD",18.7214014493132,15,11.0058287968625,15
"INSB019.TRASTUZUMAB-DERUXTECAN.m1",35.995535898122,46155.9390585,"PR",-81.3223029218642,21,-62.4834951416819,51
"INSB019.TRASTUZUMAB-DERUXTECAN.m2",-50.235251879775,9685.60322225,"PR",-82.859285446462,30,-55.6841321620512,43
"INSB019.DATOPOTAMAB-DERUXTECAN.m1",-26.607067690481,3930.5919885,"CR",-99.6544673890537,365,-57.8967713222058,365
"INSB019.SACITUZAMAB-GOVITECAN.m1",11.6063345281895,47084.0330285,"PR",-79.2557306736067,219,-35.1098292023382,137
"INSB019.SACITUZAMAB-GOVITECAN.m2",2.45943676614062,60599.459809,"PR",-78.3215092833001,64,-42.8651301218857,64
"INSB019.SACITUZAMAB-GOVITECAN.m3",-9.75137636769546,36966.45681925,"PR",-88.4626377650786,318,-27.317975060946,106
"REF006_P3_DATO_170724_RES.DATOPOTAMAB-DERUXTECAN.m1",81.0201168952998,21457.2849035,"SD",-13.2253733550666,14,-8.46363736812667,14
"REF006_P3_DATO_170724_RES.DATOPOTAMAB-DERUXTECAN.m2",88.8569181574639,25859.68429325,"PD",202.355127191903,15,109.840779719041,15
"241417.TRASTUZUMAB-DERUXTECAN.m1",63.9329230374309,12238.41363975,"PR",-82.2152692268353,43,-31.3169594407866,43
"REF057.H2O.m1",72.5645610504795,7217.07237125,"PD",25.449316814672,35,101.653946391428,35
"REF057.H2O.m2",83.1449386948179,35402.408635,"PD",63.8916458935916,18,89.1007289267577,18
"REF057.H2O.m3",81.3536997671619,51633.02307425,"PD",105.635647999631,12,35.3379602327408,12
"73230_P2_8205CONT_011123_RES.H2O.m1",82.3344313881093,16671.8352335,"SD",13.32597130625,15,-5.47895946469744,15
"73230_P2_8205CONT_011123_RES.ADC-CONTROL.m1",84.4804654787849,29170.80361275,"PD",60.5990594589157,15,45.5486424619988,15
"73230_P2_8205CONT_011123_RES.AZD-8205.m1",21.4145200984242,30585.0663065,"CR",-100,21,-80.4249928572696,64
"241417_P4_SG_111124_RES.H2O.m1",86.6651473489345,33962.38647175,"SD",33.7289631760291,16,23.9232459215792,16
"241417_P4_SG_111124_RES.SACITUZAMAB-GOVITECAN.m1",83.7867859933159,33048.48419875,"PD",61.4138252945993,16,28.5516473486228,16
"REF047_P5_TRAZ_311024_RES.BMN-673.m1",87.0436658958231,7940.307777,"PD",165.244562654317,15,100.275917969652,15
"REF048_P8_CARBO_250424_RES.SACITUZAMAB-GOVITECAN.m1",-23.5373864077841,47720.1451395,"PR",-90.9430139407336,43,-57.4476327759666,162
"REF047.DATOPOTAMAB-DERUXTECAN.m1",86.5988592003482,6552.26997725,"PD",157.277992529464,15,104.539490108263,15
"REF047.DATOPOTAMAB-DERUXTECAN.m2",-52.2966394372635,2929.3984095,"PR",-100,100,-37.1670698729085,100
"REF047.DATOPOTAMAB-DERUXTECAN.m3",52.4763215205039,17244.5709775,"PR",-99.2869425272112,43,-32.2034507295877,43
"REF047.DATOPOTAMAB-DERUXTECAN.m4",49.1467885464287,18558.46394925,"PR",-58.2776663962416,16,-41.6332665044116,16
"REF047.DATOPOTAMAB-DERUXTECAN.m5",33.7101292893472,11510.04085025,"PR",-74.4156813452644,52,-34.2571221706222,91
"REF047.DATOPOTAMAB-DERUXTECAN.m6",9.92077151502635,5242.36084025,"CR",-99.5685665268215,28,-78.3687133085425,134
"REF047.DATOPOTAMAB-DERUXTECAN.m7",66.9663599908056,31144.27097775,"SD",-83.2203389830509,41,-17.6225775944138,92
"REF047.DATOPOTAMAB-DERUXTECAN.m8",35.6375954290074,17221.91181825,"SD",-80.6709135764021,65,-8.42731066640074,86
"REF047.DATOPOTAMAB-DERUXTECAN.m9",51.4480987320654,10308.55532025,"CR",-96.5010532507636,74,-48.9110163364318,108
"REF047.SACITUZAMAB-GOVITECAN.m1",78.5097890931058,14643.5559525,"PR",-70.779181312141,24,-32.0846734487797,36
"REF047.SACITUZAMAB-GOVITECAN.m2",20.6479438851407,4826.8490455,"PR",-68.1882399761218,22,-21.3578746453692,29
"REF047.SACITUZAMAB-GOVITECAN.m3",76.4748402052577,18439.5810525,"PD",8.97128663830778,22,37.0387867284901,22
"REF047.SACITUZAMAB-GOVITECAN.m4",84.6188818558432,16707.88426125,"PD",162.120909226141,21,139.055297070069,15
"REF047.SACITUZAMAB-GOVITECAN.m5",74.5174241088907,25840.28188275,"PR",-64.9771246721715,20,-29.8961504984174,37
"73230_P2_5305_061223_RES.TRASTUZUMAB-CONTROL.m1",65.7958110193416,13081.434433,"PR",-66.5965650963036,13,-41.1285528750434,21
"73230_P2_5305_061223_RES.TRASTUZUMAB-DERUXTECAN.m1",-28.239324891055,858.760171,"CR",-100,388,-84.8090756614266,388
"REF006.TRASTUZUMAB-DERUXTECAN.m1",86.0569717190382,17812.95232825,"PD",198.515197122692,21,87.3533563631112,14
"REF006.TRASTUZUMAB-DERUXTECAN.m2",70.8057317587287,75908.22084725,"SD",-70.6054420906901,43,-7.96926640285685,67
"REF006.TRASTUZUMAB-DERUXTECAN.m3",88.4652999204996,9159.3952265,"PD",158.698658160129,13,93.3909460006944,13
"REF006.TRASTUZUMAB-DERUXTECAN.m4",77.4636347718983,26918.52590975,"PD",22.6002036178184,70,64.8716829672546,11
"REF001_P2_8205_240124_RES.SACITUZAMAB-GOVITECAN.m1",78.8452209063647,9933.6712255,"PD",107.456467131975,15,39.9556329656452,15
"REF001_P2_8205_240124_RES.SACITUZAMAB-GOVITECAN.m2",81.5481642152783,10262.7156775,"SD",-48.4047546173866,14,-7.32198938884927,14
"REF001_P2_8205_240124_RES.SACITUZAMAB-GOVITECAN.m3",85.4996127773733,5196.82455775,"PD",181.410964548815,13,82.2324972947333,13
"REF047_P3_DATO_150424_RES.H2O.m1",84.0885851540432,4324.50822825,"PD",100.812955642586,14,51.1476915152422,14
"REF047_P3_DATO_150424_RES.H2O.m2",83.0287676365082,3486.75297075,"PD",108.67061446346,15,38.9824481779113,15
"REF047_P3_DATO_150424_RES.BMN-673.m1",86.4261458849253,6352.233856,"PD",166.758013248968,14,93.4380035171166,14
"REF063.SACITUZAMAB-GOVITECAN.m1",28.3448525562292,39093.183291,"PR",-99.7232912610701,143,-23.373451756151,88
"REF063.SACITUZAMAB-GOVITECAN.m2",83.1172157975819,15453.11938625,"PR",-85.9751668450251,29,-51.1305042764023,29
"REF063.SACITUZAMAB-GOVITECAN.m3",82.0369877220361,21754.6430385,"PR",-85.2304163204226,29,-57.7857368979854,29
"38807.TRASTUZUMAB-DERUXTECAN.m1",-47.7742308296231,2302.19032875,"CR",-100,172,-69.772504493793,172
"73062.TRASTUZUMAB-DERUXTECAN.m1",4.07002933745411,37117.15280525,"CR",-99.2680502897467,46,-63.2712767094305,46
"73062.TRASTUZUMAB-DERUXTECAN.m2",-34.4549089311024,3017.633274,"CR",-100,352,-78.6279134186892,352
"73230_P2_DATOCONT_180424_RES.CARBOPLATIN.m1",88.2175737497828,5949.305762,NA,NA,NA,NA,NA
"73230_P2_DATOCONT_180424_RES.DATOPOTAMAB-DERUXTECAN.m1",-49.4009243501549,1598.839968,"CR",-100,21,-81.2505396975509,361
"73230_P2_DATOCONT_180424_RES.SACITUZAMAB-GOVITECAN.m1",50.4637619734454,124116.5559555,"CR",-100,29,-63.8379559152065,29
"73230_P2_DATOCONT_180424_RES.SACITUZAMAB-GOVITECAN.m2",-25.1244298647172,1017.456387,"CR",-100,431,-75.1559628795482,431
"85277.TRASTUZUMAB-DERUXTECAN.m1",-31.5308701079852,1392.2043515,"CR",-100,123,-83.7800687238417,613
"85277.TRASTUZUMAB-DERUXTECAN.m2",-27.7371967451258,1620.82977125,"CR",-100,361,-64.7822447360839,361
"85277.TRASTUZUMAB-DERUXTECAN.m3",-39.5296223248499,920.146741,"CR",-99.6892137028364,14,-92.0508888355793,394
"69693_P7_5305_240228_RES.BMN-673.m1",83.1957495771944,3763.547838,"PD",158.778945241463,15,65.9890690599672,15
"69693_P7_5305_240228_RES.BMN-673.m2",82.5980020315666,8739.7456795,"PD",54.4109154222119,13,15.0970506613434,13
"69693_P7_5305_240228_RES.BMN-673.m3",83.4847405697762,12190.6162785,"SD",29.18714602582,14,8.80910227051868,14
"69693_P7_5305_240228_RES.CARBOPLATIN.m1",86.2955798254364,5783.8117545,"PD",166.697589837531,15,88.96150894086,15
"69693_P7_5305_240228_RES.CARBOPLATIN.m2",87.2209660048646,4122.9635895,NA,NA,NA,NA,NA
"REF065.H2O.m1",85.563320443174,37142.3029815,"PD",188.129631745731,11,112.818412460415,11
"REF063_P3_TAX_071124_RES.H2O.m1",89.3496181580861,12205.539776,NA,NA,NA,NA,NA
"REF035.AZD-5305.m1",87.8610926608535,7589.69714,"PD",474.634180494294,15,210.211206498282,15
"REF035.AZD-5305.m2",56.9624151014367,8961.56831225,"PR",-63.4582273996154,11,-48.3986502360379,11
"REF035.AZD-5305.m3",87.2083955593892,9249.224061,"PD",101.094771206529,11,70.8833680649323,11
"REF035.AZD-5305.m4",86.8656909306478,15932.77344725,"PD",41.2249848965896,11,38.7871493882623,11
"REF035.DATOPOTAMAB-DERUXTECAN.m1",-37.2371321786647,2666.9946795,"CR",-100,389,-70.0253011302104,389
"REF035.DATOPOTAMAB-DERUXTECAN.m2",-19.1598053812811,577.41281225,"CR",-100,30,-81.8415282369213,422
"REF035.DATOPOTAMAB-DERUXTECAN.m3",-24.2705491853487,3899.6407615,"CR",-99.5433209408904,263,-45.397124091026,263
"REF035.DATOPOTAMAB-DERUXTECAN.m4",-22.1196451474522,4927.1343905,"PR",-99.5346989574609,317,-32.1711541764907,317
"BPTO200.TRASTUZUMAB-DERUXTECAN.m1",-3.3609403649939,10943.0733405,"PR",-79.4415226584162,15,-52.4314599096489,21
"BPTO200.TRASTUZUMAB-DERUXTECAN.m2",-14.6419937315693,5720.4156,"CR",-95.9951421073762,20,-60.6075419483834,20
"BPTO200.TRASTUZUMAB-DERUXTECAN.m3",-74.3123226156771,1241.447795,"CR",-100,43,-73.7701408373661,43
"BPTO200.DATOPOTAMAB-DERUXTECAN.m1",-12.2613870057637,9799.38582,"CR",-95.0709949246035,15,-58.2168800432964,21
"BPTO200.DATOPOTAMAB-DERUXTECAN.m2",-23.7570088532026,1619.5180655,"CR",-100,284,-68.4726662733132,284
"REF047_P5_TRAZ_311024_RES.DATOPOTAMAB-DERUXTECAN.m1",87.8142898669258,8705.5191625,"PD",135.547972927469,16,62.6758947947327,16
"REF063.ADC-CONTROL.m1",88.3371522514534,17756.99391225,"PD",142.062212480433,13,168.515717800713,13
"REF063.ADC-CONTROL.m2",88.3067986579154,9095.453566,"PD",265.896013185414,13,118.610655221145,13
"REF063.ADC-CONTROL.m3",89.0657992310151,8571.269456,NA,NA,NA,NA,NA
"REF063.AZD-8205.m1",83.2663790569072,7281.51323025,"PD",31.5880030774881,20,54.8750012633002,20
"REF063.AZD-8205.m2",88.7615279894779,6011.745101,NA,NA,NA,NA,NA
"REF063.AZD-8205.m3",87.3750179321577,6875.6312055,NA,NA,NA,NA,NA
"REF023.ADC-CONTROL.m1",51.3362447028483,58683.65700425,"PR",-72.9581879618305,43,-28.1694144329847,43
"73263.AZD-5305.m1",-10.6769490283575,47371.60548825,"CR",-97.4006390035131,43,-45.5858765431983,197
"REF061.H2O.m1",87.4958779449917,20967.92074775,"PD",98.1557009538684,10,45.229355354737,10
"REF061.CARBOPLATIN.m1",88.9125732063354,21462.15468625,"PD",104.272110109168,10,59.2387007922754,10
"REF065.BMN-673.m1",85.1542695375204,14580.054342,"PD",75.4414055337072,21,32.9436922843025,14
"REF009.TRASTUZUMAB-CONTROL.m1",87.335336237858,1263.219168,NA,NA,NA,NA,NA
"REF009.TRASTUZUMAB-DERUXTECAN.m1",-34.9474151753086,4792.76908875,"CR",-99.7407991762225,338,-61.8135541954621,338
"16720_P6_5305_051024_RES.H2O.m1",87.0627773594677,10716.900204,"PD",88.3634400946267,16,51.399647693446,16
"16720_P6_5305_051024_RES.H2O.m2",83.6479884387924,15012.445177,"PD",112.179309626368,14,55.9141160355544,14
"16720_P6_5305_051024_RES.SACITUZAMAB-GOVITECAN.m1",70.6022105609736,11048.81243075,"PR",-57.6200634505689,29,-33.6198887332056,29
"69693.CX-5461.m1",55.3276784463599,16089.6575035,"PD",-25.8750482981287,48,38.5599231170484,56
"REF048_P8_CARBO_250424_RES.H2O.m1",88.2367421647156,9224.031198,"PD",205.877050658013,15,88.8510891649684,15
"REF048_P8_CARBO_250424_RES.H2O.m2",86.9696684941046,5410.1642105,"PD",247.861919891512,12,110.332042573021,12
"REF063_P3_TRAZCONT_180924_RES.DATOPOTAMAB-CONTROL.m1",88.9467464443233,7428.19519375,NA,NA,NA,NA,NA
"REF063_P3_TRAZCONT_180924_RES.DATOPOTAMAB-DERUXTECAN.m1",59.2436978988491,11057.31101,"CR",-99.5042220204846,23,-67.8112192970275,23
"73230_P2_DATOCONT_180424_RES.H2O.m1",81.8874090518878,8824.60089425,"SD",10.482938411156,15,7.13653381894075,15
"REF052.H2O.m1",84.5746462896252,2976.238546,NA,NA,NA,NA,NA
"REF052.H2O.m2",84.2665601262794,18456.9677305,"SD",8.28517783996858,14,-6.41595588625916,14
"REF052.H2O.m3",86.1714779194706,9609.49822325,"PD",119.612449835506,13,79.5719739777774,13
"REF052.H2O.m4",75.0690727174947,2235.412488,NA,NA,NA,NA,NA
"REF052.H2O.m5",83.4328008800934,11157.16325625,"PD",126.650389941606,13,109.858928329901,13
"REF052.H2O.m6",86.3050428726459,16859.2025715,"PD",180.968269451002,13,103.594714812293,13
"REF052.H2O.m7",85.7853538374887,21300.2345825,"PD",77.7797335020146,11,36.4725274221568,11
"REF052.H2O.m8",83.7480249328319,14143.137893,"SD",15.488426833567,12,11.5002296331942,12
"REF061.CX-5461.m1",-28.1564556322208,3709.743093,"PR",-50.9150064926968,21,-36.9957574843851,21
"73062_P7_DATOCONT_150824_RES.TRASTUZUMAB-DERUXTECAN.m1",41.5168669538226,12362.5212375,"SD",-48.0711266200823,28,-12.0110951135443,35
"73062_P7_DATOCONT_150824_RES.DATOPOTAMAB-DERUXTECAN.m1",-16.4644562849781,1883.0890975,"CR",-100,382,-67.3757100140864,382
"73062_P7_DATOCONT_150824_RES.DATOPOTAMAB-DERUXTECAN.m2",-30.9815415796256,1005.068256,"CR",-99.5088660290255,72,-87.8054791556905,343
"BPTO200.SACITUZAMAB-GOVITECAN.m1",45.3841423483201,9093.846613,"PR",-68.8158021767158,44,-38.1274450615657,44
"BPTO200.SACITUZAMAB-GOVITECAN.m2",42.8392567791196,15991.563155,"PR",-77.9541289917114,13,-45.837212518879,13
"BPTO200.SACITUZAMAB-GOVITECAN.m3",64.4396459223271,8504.232301,"SD",-35.8505040080585,37,-2.72088455189357,10
"73230_P2_DATOCONT_180424_RES.TRASTUZUMAB-DERUXTECAN.m1",-28.0341548425617,2610.7246,"CR",-99.1036699784567,21,-55.1389692473651,213
"73230_P2_DATOCONT_180424_RES.TRASTUZUMAB-DERUXTECAN.m2",-16.9070381021147,5626.5333965,"CR",-99.1393695930464,21,-63.1663319043885,21
"73230_P2_DATOCONT_180424_RES.TRASTUZUMAB-DERUXTECAN.m3",-25.1465905552515,1221.8215395,"CR",-100,438,-78.1657099158819,438
"REF048_P8_CARBO_250424_RES.CARBOPLATIN.m1",88.7698800637213,18279.9882685,"PD",296.51971494226,15,158.301664637685,15
"REF001_P4_TRAZ_250725_RES.H2O.m1",87.5853924698532,7512.47283,"PD",191.083940185392,15,113.098676111211,15
"REF001_P4_TRAZ_250725_RES.TRASTUZUMAB-DERUXTECAN.m1",87.38339017085,30341.910238,"PD",68.7406880514543,15,51.4297249877362,15
"85277_P3_TRAZCONT_080524_RES.H2O.m1",83.3881634070693,9240.409148,"PD",49.7188712699973,21,52.6561401271339,21
"85277_P3_TRAZCONT_080524_RES.DATOPOTAMAB-DERUXTECAN.m1",58.3599635593643,19005.6047315,"CR",-99.5847248287257,53,-69.7726591543859,53
"85277_P3_TRAZCONT_080524_RES.DATOPOTAMAB-DERUXTECAN.m2",-16.7362021251271,1249.7979165,"CR",-100,102,-66.3930911846237,459
"48602_P3_SG_080824_RES.SACITUZAMAB-GOVITECAN.m1",85.1347208827741,28458.68657225,"PR",-56.0634484101241,13,-35.0980043047267,13
"48602_P3_SG_080824_RES.SACITUZAMAB-GOVITECAN.m2",87.7362183737076,22908.028065,"PD",51.3502183783997,15,50.1853828230379,15
"241417_P5_TRAZCONT_240225_RES.H2O.m1",87.7357727796612,10541.212119,"PD",147.95918228999,14,56.8343738169618,14
"73263.SACITUZAMAB-GOVITECAN.m1",22.9425147338871,41374.40400175,"SD",25,15,8.33333333333333,15
"73263.SACITUZAMAB-GOVITECAN.m2",26.1703571661252,81329.11816375,"SD",-56.2870245851566,57,-12.0620138867868,102
"73263.SACITUZAMAB-GOVITECAN.m3",-51.106569401261,14682.5476275,"PR",-93.0502332998071,67,-64.4793341192323,134
"73263.SACITUZAMAB-GOVITECAN.m4",-10.5507248734498,13727.875692,"CR",-100,333,-69.4969449767028,198
"REF001.SACITUZAMAB-GOVITECAN.m1",73.9028359020471,9201.8411055,"PR",-86.8101719953572,21,-38.1681158990187,21
"REF001.SACITUZAMAB-GOVITECAN.m2",48.6753312180418,6578.00748975,"SD",-49.2205219231011,30,-5.71284011118432,30
"REF001.SACITUZAMAB-GOVITECAN.m3",88.7863575040311,2535.122451,NA,NA,NA,NA,NA
"REF001.SACITUZAMAB-GOVITECAN.m4",79.261691182731,17150.35291175,"PR",-50.7930259731442,21,-34.7063027301209,14
"73230_P2_DATOCONT_180424_RES.BMN-673.m1",72.8719729573191,9024.83401575,"SD",-20.9341660973595,29,14.777329731256,29
"241417.TRASTUZUMAB-CONTROL.m1",-58.4595433661053,17157.379604,"PR",-72.3886598063764,56,-40.8211733563219,77
"REF035.PQ-1-6-VEHICLE.m1",-31.2102733328375,2673.28843,"SD",-47.8771518106509,13,2.39237566863905,20
"REF035.PQ-1-6.m1",-80.3333456348176,714.9307045,"PR",-83.1354702378995,13,-59.8881945253373,20
"REF035.PQ-1-6.m2",-85.411515535092,914.6819805,"PR",-91.0500715382698,13,-69.4095170408208,20
"REF035.PQ-1-6.m3",-80.3846898234877,900.19274375,"PR",-64.3303930162905,11,-44.1616978012398,15
"REF035.PQ-1-6.m4",-81.8329014588619,905.444507,"PR",-89.992646930543,23,-63.8547342561662,23
"REF035.PQ-1-6.m5",-78.8206769732295,3911.01109825,"PR",-78.9720969583467,25,-30.7447875460784,29
"73230_P8_BMN_170725_RES.BMN-673.m1",86.3312367327062,6788.92198925,"PD",140.487350777608,14,76.3110690121131,14
"REF009_P4_DATOCONT_280824_RES.DATOPOTAMAB-CONTROL.m1",29.2197847245326,33543.48371975,"PR",-71.1293420969319,44,-33.7737861214366,88
"REF009_P4_DATOCONT_280824_RES.DATOPOTAMAB-CONTROL.m2",-4.75416166949444,17180.982381,"SD",-76.0631595557016,212,-7.36834348855857,88
"REF023_P2_SG_260225_RES.TRASTUZUMAB-DERUXTECAN.m1",-80.2842686084433,1063.695582,"PR",-94.6957661180816,20,-51.3726680996585,20
"REF023_P2_SG_260225_RES.DATOPOTAMAB-DERUXTECAN.m1",-67.7691311903921,1113.223878,"CR",-100,80,-72.6761144385636,80
"REF057.CFI-402257-3ON4OFF+PACLITAXEL.m1",86.6682783575058,8736.842061,"PD",228.685520990413,11,116.720511781213,11
"REF052.TRASTUZUMAB-DERUXTECAN.m1",-47.3109070915005,2056.33285,"PR",-94.2464807640674,52,-69.6310692778511,94
"REF052.TRASTUZUMAB-DERUXTECAN.m2",53.9845043924577,16698.6375375,"PR",-67.3683557893432,115,-49.1863588229644,115
"48602_P3_SG_080824_RES.H2O.m1",86.0478751900395,8700.30751475,"PD",157.07223195662,15,100.878316212887,15
"48602_P3_SG_080824_RES.H2O.m2",89.4412207375788,6766.8744735,NA,NA,NA,NA,NA
"85277.SACITUZAMAB-GOVITECAN.m1",85.4474756211481,11098.05334875,"SD",32.8484726561527,14,18.8893957098448,14
"85277.SACITUZAMAB-GOVITECAN.m2",58.8049583615685,18251.9854985,"PR",-88.1897203325775,49,-45.4164436246142,49
"REF001.DATOPOTAMAB-DERUXTECAN.m1",74.8013393522119,26336.654712,"CR",-99.3702324153492,31,-67.6852533458639,31
"REF001.DATOPOTAMAB-DERUXTECAN.m2",73.1517219122852,17485.77184625,"CR",-98.5951670177134,53,-71.9816069817156,67
"REF001_P2_8205_240124_RES.H2O.m1",87.5150251507903,28898.59041675,"PD",292.777703349279,12,139.817389290131,12
"REF001_P2_8205_240124_RES.H2O.m2",87.9961447401671,12532.711569,"PD",406.686969110889,13,179.877452156522,13
"REF047_P5_TRAZ_311024_RES.H2O.m1",86.0131338087742,8986.3638585,"PD",362.362437645979,22,166.391442768504,14
"REF047_P5_TRAZ_311024_RES.H2O.m2",86.9369556310809,4145.5743245,NA,NA,NA,NA,NA
"REF047_P5_TRAZ_311024_RES.SACITUZAMAB-GOVITECAN.m1",83.3988661411553,6759.76451025,"PD",89.8624850963803,14,54.0115981161335,14
"REF047_P5_TRAZ_311024_RES.SACITUZAMAB-GOVITECAN.m2",83.4821251769863,6643.25598675,"PD",107.157407536004,15,52.5760942278287,15
"48602.DATOPOTAMAB-DERUXTECAN.m1",-18.4118445981498,2059.493945,"CR",-100,367,-70.5402610188956,367
"48602_P2_8205_150224_RES.H2O.m1",88.6386471261572,12098.33061475,"PD",371.390332605964,14,160.0669499999,14
"48602_P2_8205_150224_RES.H2O.m2",88.8534203963264,14205.335109,"PD",334.347964275671,14,133.28502976845,14
"48602_P2_8205_150224_RES.TRASTUZUMAB-CONTROL.m1",75.1874518733311,14626.44641375,"PD",-17.3748904432535,29,47.7342838954368,29
"48602_P2_8205_150224_RES.TRASTUZUMAB-DERUXTECAN.m1",-20.25465084987,3292.146574,"CR",-100,389,-64.2587749956585,389
"48602_P2_8205_150224_RES.DATOPOTAMAB-DERUXTECAN.m1",-13.4418969772574,2417.716028,"CR",-100,578,-67.8898918829956,578
"69693_P9_DATOCONT_310724_RES.H2O.m1",85.9868192177916,5372.6053305,"PD",163.983047258285,14,76.0092480686665,14
"69693_P9_DATOCONT_310724_RES.TRASTUZUMAB-DERUXTECAN.m1",61.3719899190159,11785.0351775,"PR",-78.8863131950461,43,-41.4389682687688,43
"16720_P6_5305_051024_RES.BMN-673.m1",73.7024132180605,10706.40717725,"SD",19.021507731966,21,27.1366853989904,21
"16720_P6_5305_051024_RES.BMN-673.m2",80.1982409394075,3457.245221,NA,NA,NA,NA,NA
"REF023_P2_TRAZCONT_040924_RES.H2O.m1",86.4478819317026,8113.98490975,"PD",203.136456397272,14,95.9737521791748,14
"REF023_P2_TRAZCONT_040924_RES.TRASTUZUMAB-CONTROL.m1",13.5453811182487,30992.3737165,"SD",-61.9554952432492,98,-18.7411754994215,21
"REF023_P2_TRAZCONT_040924_RES.TRASTUZUMAB-DERUXTECAN.m1",29.5765878643114,33084.88323725,"PR",-94.8109407785125,42,-78.2116202383298,71
"REF022.DATOPOTAMAB-CONTROL.m1",87.9282775398161,7712.8944285,"PD",271.764556148992,14,128.064283894741,14
"REF022.DATOPOTAMAB-DERUXTECAN.m1",-31.2808386508689,4365.76764,"CR",-99.5581261595681,109,-69.4470381039611,109
"REF022.DATOPOTAMAB-DERUXTECAN.m2",-35.780816301488,2013.026012,"CR",-100,227,-67.1996709315966,227
"REF047_P2_SG_110124_RES.H2O.m1",-3.42302776899852,1497.31575,NA,NA,NA,NA,NA
"REF047_P2_SG_110124_RES.SACITUZAMAB-GOVITECAN.m1",80.5200950648452,18695.4137525,"SD",8.16918676470588,21,2.43280122549019,15
"241417.DATOPOTAMAB-DERUXTECAN.m1",-23.2871881431335,2136.7520215,"CR",-100,368,-70.7843566988418,368
"REF023_P2_DATOCONT_200624_RES.H2O.m1",87.4413304885538,18490.797154,"PD",154.934281318177,15,149.058206867743,15
"REF023_P2_DATOCONT_200624_RES.TRASTUZUMAB-DERUXTECAN.m1",63.2865521837048,36004.269018,"PR",-99.5005056655869,35,-20.5010752173317,35
"REF047_P5_TRAZ_311024_RES.TRASTUZUMAB-DERUXTECAN.m1",84.9985022862411,11889.04500075,"SD",14.6874359683077,15,14.5824168007303,15
"REF047_P5_TRAZ_311024_RES.TRASTUZUMAB-DERUXTECAN.m2",87.9849742600437,23245.803362,"PD",133.799313396709,16,67.161809168514,16
"REF063_P3_TAX_071124_RES.CARBOPLATIN.m1",88.334391765686,10902.12677525,"PD",504.375584284913,14,244.25068648267,14
"REF035.ADC-CONTROL.m1",88.5211969933632,17081.53077275,"PD",251.822746272355,13,100.93060060628,13
"REF035.ADC-CONTROL.m2",88.3067812248163,18045.07346725,"PD",127.216112213838,12,61.7609268228136,12
"REF035.ADC-CONTROL.m3",87.1717240817212,47472.06166525,"PD",62.5763676122834,10,35.288632251244,10
"REF035.ADC-CONTROL.m4",55.2033338492068,9330.86626825,"SD",-13.4319465235691,21,20.3634847473445,42
"REF035.AZD-8205.m1",87.5841422588867,12113.37468325,"PD",57.4113277462048,13,22.1375376942042,13
"REF035.AZD-8205.m2",86.65469993519,41014.853562,"PD",32.4051655040149,17,69.6432483734522,17
"REF035.AZD-8205.m3",58.2055645594533,14166.886575,"SD",-20.7932732668541,21,5.58731996214461,31
"REF035.AZD-8205.m4",81.0508650957346,24855.054702,"SD",-1.68422112601511,25,27.0575992495616,11
"BPTO200_PDX_P1_SG_290525_RES.H2O.m1",84.7810690659307,9218.554968,"PD",87.4970323832701,24,57.7901076588201,16
"BPTO200_PDX_P1_SG_290525_RES.SACITUZAMAB-GOVITECAN.m1",77.2773475403335,38384.2681795,"SD",-18.0331429082635,16,-14.5878385992589,16
"69693.SACITUZAMAB-GOVITECAN.m1",-15.0109828657244,14931.0702425,"CR",-95.2068297690893,28,-58.0096164628739,108
"69693.SACITUZAMAB-GOVITECAN.m2",-5.27016748013521,30956.255295,"CR",-97.513955712594,43,-62.9151249261733,51
"241417_P3_8205_240124_RES.H2O.m1",88.8265841141234,8388.906752,NA,NA,NA,NA,NA
"241417_P3_8205_240124_RES.H2O.m2",86.0793681688896,8244.447002,"PD",237.859378118719,14,95.3964653567168,14
"241417_P3_8205_240124_RES.H2O.m3",86.9007404787309,5754.891286,"PD",226.682269625644,15,132.46914497097,15
"241417_P3_8205_240124_RES.H2O.m4",89.4085071968076,5113.600184,NA,NA,NA,NA,NA
"241417_P3_8205_240124_RES.CARBOPLATIN.m1",89.0985765639797,5543.74602,NA,NA,NA,NA,NA
"241417_P3_8205_240124_RES.CARBOPLATIN.m2",75.5495273958511,12575.84352675,"SD",-12.6188389563415,28,19.0589773853705,36
"241417_P3_8205_240124_RES.AZD-8205.m1",87.4656423243906,20915.7448195,"PD",154.220043316358,14,71.4091614431963,14
"241417_P3_8205_240124_RES.AZD-8205.m2",87.5864171234376,8515.574658,"PD",193.186292821004,13,98.429508773787,13
"241417_P3_8205_240124_RES.AZD-8205.m3",88.7989071879533,2439.889248,NA,NA,NA,NA,NA
"241417_P3_8205_240124_RES.AZD-8205.m4",88.0570943341997,16405.75219225,"PD",171.810339375743,14,67.3026638721203,14
"241417_P3_8205_240124_RES.AZD-8205.m5",85.2648277300138,27560.3137615,"PD",78.7948413817474,15,61.485739284659,15
"73263.PQ-1-6-VEHICLE.m1",-73.1123844360978,1285.276455,"PR",-61.326089709936,20,-35.2352676918292,20
"73263.PQ-1-6-VEHICLE.m2",75.4546387428886,5977.1896245,"PD",51.6780261659764,30,7.05166324912111,16
"73263.PQ-1-6-VEHICLE.m3",83.5800533862821,8548.9785775,"PD",83.895590899206,23,148.109162618636,23
"73263.DATOPOTAMAB-DERUXTECAN.m1",-42.7263094856973,3741.250508,"CR",-100,93,-65.9500276147404,413
"85277_P3_TRAZCONT_080524_RES.DATOPOTAMAB-CONTROL.m1",85.5351220811908,5041.57413675,"PD",122.127815471449,15,71.8914274887962,15
"69693.DATOPOTAMAB-CONTROL.m1",87.0328925168002,6221.27120525,"PD",182.316042260101,14,111.97562677146,14
"69693.DATOPOTAMAB-CONTROL.m2",83.8556562695529,6134.307515,"PD",132.207544412008,14,49.6277930744789,14
"69693.DATOPOTAMAB-DERUXTECAN.m1",-18.3873135678968,1307.531686,"CR",-100,439,-71.069227983974,439
"69693.DATOPOTAMAB-DERUXTECAN.m2",-27.8782740547731,1650.620104,"CR",-100,51,-74.8286786542903,413
"69693.DATOPOTAMAB-DERUXTECAN.m3",-22.93214269485,1723.724136,"CR",-100,334,-66.2892200808643,334
"85277_P3_SG_060624_RES.DATOPOTAMAB-DERUXTECAN.m1",63.0499171690456,3379.14216725,"PR",-51.39696034691,15,-36.9387126514513,21
"REF006_P3_DATO_170724_RES.TRASTUZUMAB-DERUXTECAN.m1",88.6782372656644,11761.56063525,"PD",376.202865180626,14,189.749147729405,14
"73062.DATOPOTAMAB-CONTROL.m1",13.0026482570557,22170.8768615,"PR",-87.2509575035564,29,-34.201380624268,29
"73062.DATOPOTAMAB-CONTROL.m2",39.3036774731493,22997.88745025,"SD",-87.0983939693765,22,-19.4979669720893,109
"REF001_P4_TRAZ_250725_RES.SACITUZAMAB-GOVITECAN.m1",87.6776004604514,9191.384284,"PD",132.570018965055,14,66.5971587278249,14
"REF022_P4_8205_120625_RES.SACITUZAMAB-GOVITECAN.m1",13.2713771754961,6520.412712,"PR",-66.3668214141826,43,-24.3382089088096,43
"REF047_P3_DATO_150424_RES.ADC-CONTROL.m1",85.937409571862,5371.29695725,"PD",80.9398309939251,14,60.427732034339,14
"REF047_P3_DATO_150424_RES.AZD-8205.m1",33.1931736737393,6982.18192325,"PR",-90.3843465024528,21,-39.2502091084114,21
"REF047_P3_DATO_150424_RES.DATOPOTAMAB-CONTROL.m1",86.543674898423,8599.21153625,"PD",108.284345091987,14,70.9834917812636,14
"REF047_P3_DATO_150424_RES.DATOPOTAMAB-DERUXTECAN.m1",79.7968099995086,25767.200277,"SD",-47.6701172856229,21,-28.924785515861,29
"REF047_P3_DATO_150424_RES.DATOPOTAMAB-DERUXTECAN.m2",87.6737317078277,9180.84871925,"PD",212.806571076624,15,175.681134278661,15
"REF047_P3_DATO_150424_RES.DATOPOTAMAB-DERUXTECAN.m3",87.565854889033,15956.94007675,"PD",94.7940054511131,13,62.3859530910652,13
"73062_P5_8205CONT_300524_RES.ADC-CONTROL.m1",72.535379295546,44642.30819025,"SD",-49.6588557879501,21,-21.4217840398803,34
"73062_P5_8205CONT_300524_RES.ADC-CONTROL.m2",84.8393238859195,29422.41148025,"PR",-54.6960615978508,21,-31.8969424450259,21
"73062_P5_8205CONT_300524_RES.AZD-8205.m1",-3.69264011050413,27380.21298975,"CR",-95.4742156789371,28,-87.7054074357701,118
"73062_P5_8205CONT_300524_RES.AZD-8205.m2",50.4573009142209,53535.96718175,"CR",-96.4452916499345,21,-75.1146948866076,84
"73062_P5_8205CONT_300524_RES.SACITUZAMAB-GOVITECAN.m1",7.70080679518526,19570.9951125,"CR",-99.2678313380956,62,-67.8357633230242,168
"73062_P5_8205CONT_300524_RES.SACITUZAMAB-GOVITECAN.m2",59.4004209507493,14347.1016835,"CR",-96.6211006889525,44,-64.7194398816633,44
"REF022_P2_8205CONT_061223_RES.TRASTUZUMAB-DERUXTECAN.m1",49.087456198148,25440.71905025,"PR",-68.2471439099768,14,-51.307811234351,74
"REF022_P2_8205CONT_061223_RES.DATOPOTAMAB-DERUXTECAN.m1",22.5005313791439,20819.623708,"PR",-94.5833433202941,74,-41.5394100367127,74
"48602_P2_8205CONT_281123_RES.SACITUZAMAB-GOVITECAN.m1",-43.6768902126908,18414.397656,"PR",-80.3484619506854,55,-37.4339012940337,20
"48602_P2_8205CONT_281123_RES.DATOPOTAMAB-DERUXTECAN.m1",-33.9274931909418,1193.436016,"CR",-100,317,-80.9745051381402,379
"48602_P2_8205CONT_281123_RES.DATOPOTAMAB-CONTROL.m1",84.5124615745875,3945.99328975,"PD",82.9008882598285,13,51.4921126713722,13
"241417_P5_TRAZ_090625_RES.H2O.m1",83.2856316309928,28361.69330425,"PD",158.208053792166,13,76.1784711680756,13
"241417_P5_TRAZ_090625_RES.TRASTUZUMAB-DERUXTECAN.m1",85.0130185124194,9437.23736675,"PD",107.445208106951,13,76.5575889397109,13
"REF023_P2_8205CONT_130225_RES.H2O.m1",86.3700395541889,25488.835603,"PD",73.0107974791817,16,40.6539614268385,16
"REF023_P2_8205CONT_130225_RES.SACITUZAMAB-GOVITECAN.m1",6.90471437995066,13671.30990575,"SD",-31.9762996282857,29,-10.5229644859689,29
"REF048_P8_CARBO_250424_RES.TRASTUZUMAB-DERUXTECAN.m1",86.0920282942091,3974.548699,NA,NA,NA,NA,NA
"REF048_P8_CARBO_250424_RES.TRASTUZUMAB-DERUXTECAN.m2",-48.2954060205014,3309.6479275,"CR",-100,273,-66.3690967973658,273
"REF063.DATOPOTAMAB-CONTROL.m1",87.3329388951203,11669.84054075,"SD",-29.4995394295171,14,19.5755143509273,14
"73230_P2_5305_061223_RES.AZD-5305.m1",81.1282258514205,33031.78874325,"SD",34.4226011781543,28,24.0648252210435,15
"73230_P2_5305_061223_RES.BMN-673.m1",81.1227231517586,4908.38213025,"PD",96.6727387985813,15,44.3491597118997,15
"73230_P2_5305_061223_RES.SACITUZAMAB-GOVITECAN.m1",6.50233992286069,28623.6012915,"CR",-95.2659147519067,15,-53.2191917764521,15
"73230_P2_5305_061223_RES.CARBOPLATIN.m1",86.0488331504902,6628.31504325,"PD",89.1746185778209,15,77.9240254384406,15
"REF006_P3_DATO_170724_RES.SACITUZAMAB-GOVITECAN.m1",88.4422903081742,6743.72640875,NA,NA,NA,NA,NA
"BPTO200.H2O.m1",82.9070446825745,24372.0723695,"SD",18.5606129336624,14,7.2107724155448,14
"REF023_P2_DATOCONT_200624_RES.DATOPOTAMAB-CONTROL.m1",86.0629467152382,19230.63914925,"PD",200.174696498998,23,136.578129322395,15
"REF023_P2_DATOCONT_200624_RES.DATOPOTAMAB-CONTROL.m2",77.3338305977375,33472.115709,"SD",-16.8544997721611,21,21.891726368605,21
"REF023_P2_DATOCONT_200624_RES.DATOPOTAMAB-DERUXTECAN.m1",73.1101740391691,22042.17390575,"PR",-89.0127260466807,42,-56.3026948132791,102
"REF023_P2_DATOCONT_200624_RES.DATOPOTAMAB-DERUXTECAN.m2",34.1626211215589,38665.89677525,"PR",-91.4627905155473,43,-70.9385598832649,91
"85277.DATOPOTAMAB-CONTROL.m1",86.3177049250538,7249.553864,"PD",111.839773699824,13,31.527011353954,13
"85277.DATOPOTAMAB-CONTROL.m2",86.4542613950406,6136.96399425,"PD",231.447626142448,15,123.317093479197,15
"85277.DATOPOTAMAB-DERUXTECAN.m1",-15.1904613364349,627.692913,"CR",-100,21,-76.8463866749287,479
"85277.DATOPOTAMAB-DERUXTECAN.m2",-36.2009165252923,4091.702698,"CR",-99.7247351820324,278,-65.2522945194378,278
"REF001.TRASTUZUMAB-DERUXTECAN.m1",77.2242638064157,18931.40102975,"PR",-91.9682251086372,20,-34.2767657410889,20
"REF022.ADC-CONTROL.m1",84.1925605246569,9244.81929,"PD",123.443206354858,20,55.7250062791454,13
"REF022.ADC-CONTROL.m2",67.5569364315967,15697.28359375,"PR",-54.4527094339623,10,-33.8423011823899,28
"REF022.AZD-8205.m1",53.7181659314291,25788.8620015,"PR",-91.055138101087,41,-40.996888297861,41
"REF022.AZD-8205.m2",-44.5939994159065,8164.65506075,"PR",-78.4588014155516,27,-37.2642411917279,37
"85277_P3_SG_060624_RES.SACITUZAMAB-GOVITECAN.m1",87.1048631628447,10537.0149745,"PD",122.509877421074,13,44.958752156716,13
"REF052_P5_TRAZ_020125_RES.SACITUZAMAB-GOVITECAN.m1",35.2384828457702,11150.67915125,"SD",-31.4846675688345,29,14.0567944737797,29
"REF047_P3_DATO_150424_RES.TRASTUZUMAB-DERUXTECAN.m1",87.3512125501535,7844.29900875,"PD",67.4281579627967,13,21.9314886455575,13
"REF047_P3_DATO_150424_RES.SACITUZAMAB-GOVITECAN.m1",87.2489550794115,5380.85776925,"PD",191.653749102693,13,74.4494147147275,13
"48602_P3_TRAZCONT_230524_RES.H2O.m1",87.0700347883131,8374.19807925,"PD",167.435123943715,15,62.0313670137132,15
"48602_P3_TRAZCONT_230524_RES.TRASTUZUMAB-CONTROL.m1",83.9471508580148,24953.86838975,"PD",33.3471898666698,21,37.2762999826098,21
"48602_P3_TRAZCONT_230524_RES.TRASTUZUMAB-DERUXTECAN.m1",-39.3139136671122,4362.26788,"CR",-99.3849426424417,50,-68.288049952051,323
"69693.BMN-673.m1",57.9843159290067,13842.32523,"SD",-73.1844073942256,41,-12.2467390088362,41
"69693.BMN-673.m2",64.4929372918052,10101.47139425,"PR",-72.2087327598603,42,-37.5989811828979,42
"REF023_P2_TRAZCONT_040924_RES.DATOPOTAMAB-DERUXTECAN.m1",-8.66746753864063,15210.54151725,"CR",-99.2230498605887,15,-71.9893182097813,21
"85277.TRASTUZUMAB-CONTROL.m1",68.9308743045862,21069.6583865,"PR",-61.9733016093869,14,-35.5922803430838,14
"85277.TRASTUZUMAB-CONTROL.m2",78.9444159297665,8837.2908425,"PD",87.3229219863088,16,37.9052871929247,16
"85277.TRASTUZUMAB-CONTROL.m3",64.0308894207594,13319.6783295,"PR",-66.1971904530023,34,-44.7029508993907,34
"REF043.TRASTUZUMAB-DERUXTECAN.m1",-29.3858230762373,2820.002517,"CR",-100,382,-76.9801798397377,382
"REF043.TRASTUZUMAB-CONTROL.m1",36.8263608850503,36526.8179105,"CR",-99.1152371730624,127,-49.3684731783559,127
"73230.TRASTUZUMAB-DERUXTECAN.m1",33.5633747553995,30727.41421775,"CR",-100,21,-72.7400248156694,21
"73230.TRASTUZUMAB-DERUXTECAN.m2",-16.6063267192981,791.687264,"CR",-100,136,-77.7740628546743,493
"73230.TRASTUZUMAB-DERUXTECAN.m3",-24.1353459764584,1282.7676065,"CR",-100,457,-80.6423641250858,457
"REF001_P4_SG_260625_RES.SACITUZAMAB-GOVITECAN.m1",88.7369977952335,23885.81692575,"PD",166.586099670478,17,130.399741756144,17
"REF063.TRASTUZUMAB-CONTROL.m1",82.314205482577,35547.7175139,"PR",-75.8784526687714,16,-55.8105927445868,21
"REF063.TRASTUZUMAB-DERUXTECAN.m1",-27.1799926328182,886.50309375,"CR",-99.6270669233068,21,-91.3920486272766,509
"48602_P3_TRAZCONT_230524_RES.DATOPOTAMAB-CONTROL.m1",71.5953759008963,20967.01003575,"PR",-78.9757742989976,21,-36.6902981490559,21
"48602_P3_TRAZCONT_230524_RES.DATOPOTAMAB-DERUXTECAN.m1",-30.7913076014824,2141.70397225,"CR",-100,367,-78.1533136476813,367
"REF047.TRASTUZUMAB-DERUXTECAN.m1",88.1195677983897,33810.77438125,"PD",290.216460987261,15,139.8101287777,15
"REF047.TRASTUZUMAB-DERUXTECAN.m2",72.6762447401049,41452.1286285,"PR",-55.5255133778165,37,-31.0412305435023,66
"REF047.TRASTUZUMAB-DERUXTECAN.m3",-17.4807001233138,20238.14880675,"SD",-50.7801862061414,55,3.83611220181866,83
"REF047.TRASTUZUMAB-DERUXTECAN.m4",14.2210478928109,16045.276365,"SD",-25.8109307961397,63,20.5215269848433,63
"REF047.TRASTUZUMAB-DERUXTECAN.m5",37.4229128452997,20939.36517075,"SD",-38.4480970493427,35,15.2599451229062,35
"REF006.SACITUZAMAB-GOVITECAN.m1",88.629869368057,7003.2513085,NA,NA,NA,NA,NA
"REF006.SACITUZAMAB-GOVITECAN.m2",59.7423679343338,32114.90656175,"SD",-25.072162528165,62,-10.001241687686,13
"REF006.SACITUZAMAB-GOVITECAN.m3",86.5392306872828,14495.25421425,"PD",52.5727477101252,13,42.7836809319453,13
"66684.CARBOPLATIN.m1",-49.085943094947,3883.989695,"CR",-99.6822088983218,185,-56.9043624118379,185
"73062_P5_8205CONT_300524_RES.H2O.m1",85.7769321179738,15395.597362,"PD",143.626046747795,15,83.5101364208775,15
"REF036.TRASTUZUMAB-CONTROL.m1",-22.1011733517382,12473.3856095,"PR",-65.1001251894958,56,-35.5880044120604,77
"REF036.TRASTUZUMAB-DERUXTECAN.m1",-62.4221407912081,3948.28119575,"CR",-100,185,-80.9352224016562,185
"REF062.H2O.m1",89.1134059574663,19688.809007,"PD",253.859108149356,14,126.42368633825,14
"REF062.H2O.m2",88.1544072603637,23894.8610145,"PD",174.595015057515,15,101.588916659553,15
"REF062.H2O.m3",89.3351127495988,12413.850946,NA,NA,NA,NA,NA
"REF062.H2O.m4",88.6027385364578,13954.469499,"PD",231.404767139284,13,113.56816358897,13
"REF062.H2O.m5",88.3411494919797,12058.100702,"PD",340.985234599418,15,171.88472800317,15
"REF062.H2O.m6",89.17278109567,16277.7590345,NA,NA,NA,NA,NA
"REF062.H2O.m7",89.0098518062856,12822.1034625,"PD",526.902967356827,14,352.823302355663,14
"REF062.H2O.m8",89.1436764934265,18617.419323,"PD",204.849702656209,12,96.6843521370392,12
"REF062.H2O.m9",82.5404966386567,712326.3742435,"PD",202.800665407425,12,75.6551201067405,12
"REF062.TRASTUZUMAB-DERUXTECAN.m1",83.293338821288,13518.2981685,"PD",28.2260675612476,21,72.3277312379554,28
"REF062.TRASTUZUMAB-DERUXTECAN.m2",84.315591148521,16875.04491,"PD",-17.5657289396647,15,36.6774779460911,21
"REF062.TRASTUZUMAB-DERUXTECAN.m3",86.4973447882774,13201.091495,"PD",189.567594936709,15,94.7837974683544,15
"REF062.TRASTUZUMAB-DERUXTECAN.m4",89.4033133079396,17609.398257,NA,NA,NA,NA,NA
"REF006.DATOPOTAMAB-CONTROL.m1",86.6540224432506,11423.6370135,"PD",188.667092121974,21,90.0899238503269,13
"REF006.DATOPOTAMAB-DERUXTECAN.m1",-23.7552524194611,10318.3972695,"PR",-77.0396213931681,34,-47.1166764289002,84
"REF006.DATOPOTAMAB-DERUXTECAN.m2",88.3503534823363,10742.24281575,"PD",166.025325595087,13,77.5483848678328,13
"REF006.DATOPOTAMAB-DERUXTECAN.m3",46.2454572153124,38176.32873675,"CR",-96.2860762659438,78,-52.5005926648545,88
"69693.TRASTUZUMAB-DERUXTECAN.m1",25.1686848223023,20200.8528305,"CR",-96.1891684582656,51,-74.6785592652137,51
"REF022_P2_8205CONT_061223_RES.CARBOPLATIN.m1",84.9981349139008,6336.65813625,"PD",116.42608528614,13,52.8847139280126,13
"73062.SACITUZAMAB-GOVITECAN.m1",35.8187136141939,15320.80925125,"PR",-94.8779910665695,15,-44.5953069061451,15
"73062.SACITUZAMAB-GOVITECAN.m2",13.3636380774357,10970.85966,"CR",-99.4998812217902,249,-71.0070876833248,249
"REF052_P1_SG_300524_RES.SACITUZAMAB-GOVITECAN.m1",81.5974745162758,43902.66026275,"PD",103.68995927408,15,69.2034302517478,15
"REF023.DATOPOTAMAB-DERUXTECAN.m1",-25.6342782463537,2098.855818,"CR",-99.5777788825897,312,-67.8918951685886,312
"REF023.SACITUZAMAB-GOVITECAN.m1",51.8937975813722,32015.7159615,"PR",-85.0118032049761,15,-45.8771028925832,15
"85277_P3_SG_060624_RES.H2O.m1",88.3175524388497,6062.606016,NA,NA,NA,NA,NA
"16720_P6_5305_051024_RES.CARBOPLATIN.m1",87.4825017351315,7830.5867045,"PD",151.243705777808,14,134.705900321535,14
"16720_P6_5305_051024_RES.CARBOPLATIN.m2",82.136976940889,8125.8374905,"PD",107.574710973526,21,32.0113900881023,15
"73062.AZD-8205.m1",-25.9626523858511,2347.980201,"CR",-99.5499088358351,249,-49.2696937793962,249
"73062.AZD-8205.m2",-18.4639091867441,775.489892,"CR",-100,21,-86.5128664543935,479
"73062.AZD-8205.m3",-18.9031760640476,7594.741155,"CR",-100,38,-89.7430344029644,262
"73230_P2_DATOCONT_180424_RES.DATOPOTAMAB-CONTROL.m1",87.1057974105902,25138.63188775,"PD",295.181704324266,20,177.778632342534,13
"73230.PQ-1-6.m1",-81.1484932023674,1046.835968,"CR",-99.2867789820499,21,-69.9435836469033,27
"73230.PQ-1-6.m2",-79.6542420632813,1289.717374,"CR",-96.8983234445681,28,-61.7547920523688,28
"73230.PQ-1-6.m3",-80.6613947996677,1562.236159,"CR",-99.6654663901827,29,-63.4823304066077,29
"73230.PQ-1-6.m4",-76.6960382791344,985.1743145,"CR",-99.0076674755632,28,-62.5679678315963,28
"73230.TRASTUZUMAB-CONTROL.m1",-24.5811784791309,1815.433952,"CR",-99.722582076423,493,-75.7968130761582,493
"73230.TRASTUZUMAB-CONTROL.m2",7.65278617967923,23203.052879,"CR",-95.5361615995207,59,-70.5065621970759,86
"REF022_P4_8205_120625_RES.H2O.m1",69.6680474076756,10325.5067365,"PD",35.8163433829353,36,53.5601819194903,36
"REF022_P4_8205_120625_RES.TRASTUZUMAB-DERUXTECAN.m1",79.9507182431767,26257.46070225,"PR",-91.7568952334906,36,-52.6894057849417,43
"REF063.H2O.m1",88.6898678255471,16180.065201,"SD",-4.10677618069814,13,-8.09139433921396,13
"REF063.H2O.m2",87.9515502203666,37151.2145115,"PD",87.3765818982812,13,40.1351742386133,13
"REF063.H2O.m3",89.1922875632113,25235.207061,"PD",317.196346501961,14,187.780907283127,14
"REF063.H2O.m4",89.0043221863255,14305.967803,"PD",96.0039513900712,12,137.463416810335,12
"REF063.H2O.m5",89.3420796198122,17102.97974,"PD",52.9947105895623,11,39.8250651598826,11
"REF063.H2O.m6",88.9983171930355,9203.928479,NA,NA,NA,NA,NA
"REF063.H2O.m7",89.493660327771,15077.910438,NA,NA,NA,NA,NA
"48602_P2_8205CONT_281123_RES.ADC-CONTROL.m1",86.1911666774833,19047.4731135,"PD",189.695499364232,20,123.141313271322,13
"REF023_P2_TRAZ_050325_RES.H2O.m1",82.3890292927562,39823.62810325,"SD",-29.3926545934552,14,-13.0311572161004,14
"REF023_P2_TRAZ_050325_RES.TRASTUZUMAB-DERUXTECAN.m1",65.0082730028597,29518.26541525,"PR",-56.2049303361103,20,-37.6472421717897,20
"REF047_P2_SG_110124_RES.TRASTUZUMAB-DERUXTECAN.m1",66.2185377665586,16749.41416125,"SD",-51.625897967107,43,-17.883262805486,15
"REF022.TRASTUZUMAB-CONTROL.m1",87.9242103419895,16692.07164025,"PD",336.970458206953,21,201.33778933718,15
"REF022.TRASTUZUMAB-CONTROL.m2",87.1881054002249,10902.227033,"PD",133.86604257312,13,69.873580663395,13
"REF009.DATOPOTAMAB-CONTROL.m1",-5.94813092255591,28858.43081375,"SD",-99.2075206292286,330,-6.02031781064365,330
"REF009.DATOPOTAMAB-DERUXTECAN.m1",-30.7692789062301,5991.41398425,"CR",-100,330,-78.3307921855574,330
"73230.DATOPOTAMAB-DERUXTECAN.m1",-16.8980642193164,880.93677,"CR",-100,67,-76.0338014934295,424
"REF063_P5_SG_191224_RES.H2O.m1",88.4020546499189,13777.573082,"PD",447.24334814988,23,224.46052546564,15
"REF063_P5_SG_191224_RES.H2O.m2",88.872933962802,15816.9376985,"PD",369.186048490703,14,272.648215538618,14
"REF063_P5_SG_191224_RES.SACITUZAMAB-GOVITECAN.m1",81.0660398391004,52752.03216425,"SD",-62.5123347113459,43,16.6267602779924,43
"REF063_P5_SG_191224_RES.SACITUZAMAB-GOVITECAN.m2",85.7295998183459,27992.47335075,"PD",113.327328308714,14,76.5187597279347,14
"REF047.AZD-5305.m1",84.7104983151781,9615.003762,"PD",53.2049710008157,14,20.059352233327,14
"REF047.AZD-5305.m2",88.3686697206486,12353.37228075,"PD",387.762460144603,21,244.953157860386,15
"REF047.AZD-5305.m3",85.1296974237081,10095.63684875,"PD",67.8796966815272,15,42.5419681901787,15
"REF047.AZD-5305.m4",79.750278399117,12956.79794075,"SD",-41.7822808034576,17,-26.3822613618122,17
"73062_P7_DATOCONT_150824_RES.H2O.m1",88.7578889344147,10575.94272575,"PD",303.91580188553,13,107.180425236375,13
"69693.ADC-CONTROL.m1",79.2844420361089,8390.06182725,"SD",26.6129002501871,14,1.79227025410503,14
"69693.ADC-CONTROL.m2",86.4077510215542,28518.7816225,"SD",34.2608114380166,11,1.23428576479452,11
"69693.ADC-CONTROL.m3",83.7742867621693,3825.02866725,"PD",51.9016531721382,15,42.1324287867329,15
"69693.AZD-8205.m1",12.9500036100926,16410.690565,"PR",-93.6873304469564,42,-66.4730515052633,42
"69693.AZD-8205.m2",-8.89736679976802,17110.6815375,"CR",-96.752387730805,43,-69.9438943722228,109
"69693.AZD-8205.m3",3.51221327720262,16962.74683375,"CR",-95.9197022912784,44,-68.4566520009716,86
"16720_P6_5305_051024_RES.AZD-5305.m1",78.6239081947419,22087.10667525,"SD",7.67997461700943,14,18.5038413227601,14
"16720_P6_5305_051024_RES.AZD-8205.m1",27.4599121524169,10776.5627825,"PR",-76.1303004403818,35,-20.1790318054209,42
"73062.PQ-1-6-VEHICLE.m1",-82.1176953186205,2797.941207,"PR",-79.6001585689874,20,-27.8681100505015,20
"73062.PQ-1-6-VEHICLE.m2",73.772105483193,4717.5873755,"SD",20.5417281629011,21,26.9190101383358,21
"73062.PQ-1-6-VEHICLE.m3",70.2822139903345,5732.22769775,"SD",17.4240775740873,14,10.7587789655877,14
"73062.PQ-1-6-VEHICLE.m4",-77.366023701482,2242.797669,"PR",-95.4019955584503,27,-38.8079343961631,27
"73062.DATOPOTAMAB-DERUXTECAN.m1",-33.6540266945291,1432.78904275,"CR",-100,413,-84.9224714938712,413
"REF065.CX-5461.m1",88.7938939185476,9070.56124925,"PD",273.214085207296,10,105.523414977208,10
"BPTO180.H2O.m1",88.2156806393216,17625.3484095,"PD",254.368900530167,13,125.932072690709,13
"48602_P3_SG_080824_RES.BMN-673.m1",88.5303687717502,5882.41797975,NA,NA,NA,NA,NA
"REF006_P3_DATO_170724_RES.H2O.m1",89.3567887855133,6584.070906,NA,NA,NA,NA,NA
"REF022_P2_SG_150224_RES.H2O.m1",87.0425990059918,16987.5291175,"PD",175.067525719664,17,69.4483832270063,17
"REF022_P2_SG_150224_RES.SACITUZAMAB-GOVITECAN.m1",83.4123048238613,46975.08862025,"PD",55.4538607065078,17,38.3843656861445,17
"73062_P7_DATOCONT_150824_RES.CARBOPLATIN.m1",NA,NA,NA,NA,NA,NA,NA
"73062_P7_DATOCONT_150824_RES.DATOPOTAMAB-CONTROL.m1",71.8371809898412,19390.73839425,"SD",-47.4877137934302,23,-20.6254675804747,23
"REF052_P5_TRAZ_020125_RES.TRASTUZUMAB-DERUXTECAN.m1",70.4599243237843,17693.62982625,"SD",31.4756469651317,15,10.8902273314845,15
"48602_P3_SG_080824_RES.CARBOPLATIN.m1",86.8730639371126,5527.572071,"PD",143.718377497642,13,53.1136043787771,13
"48602_P3_SG_080824_RES.PACLITAXEL.m1",81.6814887352567,20151.93137175,"PR",-61.4884063719532,20,-40.3947165959383,29
"73263_P5_5305_130225_RES.H2O.m1",83.2877610915206,11369.185838,"PD",72.1220128676471,15,40.9666261426982,15
"69693_P9_DATOCONT_310724_RES.DATOPOTAMAB-CONTROL.m1",83.5070354457051,4234.6479475,"PD",131.780776998299,15,76.0742074121315,15
"69693_P9_DATOCONT_310724_RES.DATOPOTAMAB-DERUXTECAN.m1",-21.7839314178398,1536.15234075,"CR",-98.909644098184,259,-70.0139955357667,259
"REF023_P2_DATOCONT_240620_RES.TRASTUZUMAB-DERUXTECAN.m1",50.6966029093802,15315.0622595,"PR",-80.6417586789492,21,-36.2793537744588,21
"REF063.CFI-400945.m1",89.6484752209514,3706.34334875,NA,NA,NA,NA,NA
"REF063.BMN-673.m1",86.1508098962651,12779.896884,"PD",165.282974851268,20,86.9995933003406,13
"REF063.CX-5461.m1",89.1270361333761,7352.91153875,NA,NA,NA,NA,NA
"REF057.BMN-673.m1",NA,NA,NA,NA,NA,NA,NA
"REF057.BMN-673.m2",87.4853643978184,6287.28397025,"PD",149.861691784142,12,80.7239040748872,12
"REF057.CX-5461.m1",86.0671494881273,12069.011001,"PD",131.198601973684,12,64.9235755766732,12
"REF057.PACLITAXEL.m1",87.9620053067809,21351.3562635,"PD",171.110517644558,12,72.8099401218821,12
"REF006.ADC-CONTROL.m1",82.7592214963268,20897.88773425,"PD",102.737603305785,15,43.9068180049329,15
"REF006.ADC-CONTROL.m2",77.146704820774,14056.44225875,"SD",8.41344691255743,21,6.1521990086862,10
"73230.PQ-1-6-VEHICLE.m1",80.9422735954055,3995.71296175,"SD",-9.45061715822062,11,-21.140309238957,11
"REF049_P1_945_231123_RES.CFI-402257.m1",88.6328644928204,4588.599077,NA,NA,NA,NA,NA
"REF049_P1_945_231123_RES.CFI-402257-3ON4OFF+PACLITAXEL.m1",89.2474512840179,7002.498724,NA,NA,NA,NA,NA
"REF049_P1_945_231123_RES.CDX-011.m1",89.1024199630776,12253.7357585,"PD",164.714693081124,10,94.1606526101059,10
"REF049_P1_945_231123_RES.BMN-673.m1",88.8567399083883,6389.996412,NA,NA,NA,NA,NA
"REF049_P1_945_231123_RES.PACLITAXEL.m1",89.4353079143716,17209.4083035,"PD",269.009102272078,10,111.815324420983,10
"REF054.BMN-673.m1",83.0762608851581,3613.81500875,"PD",47.1998729895892,11,8.27754062243509,11
"38807.PQ-1-6-VEHICLE.m1",-19.8152450411545,2915.8121385,"SD",-34.2430848503723,27,0.753199229919882,27
"38807.PQ-1-6-VEHICLE.m2",82.7776127146067,6195.961317,"PD",75.6495403597369,21,79.3472361883432,21
"38807.PQ-1-6-VEHICLE.m3",-71.417180051585,2881.67187,"PR",-68.495787521915,21,-27.227706383434,28
"REF047_P2_SG_240111_RES.H2O.m1",83.4195037174854,9676.528558,"PD",122.818518931924,28,55.2786116175334,13
"REF047_P2_SG_240111_RES.H2O.m2",82.7213625691617,9405.09027775,"PD",105.805236048223,22,47.4976143148324,15
"REF047_P2_SG_240111_RES.H2O.m3",88.0202227296241,7415.774019,"PD",114.725070574167,10,72.1668020209859,10
"REF047_P2_SG_240111_RES.PQ-1-6-VEHICLE.m1",82.9280565439499,6322.7084325,"PD",75.6529156366239,13,46.621513472729,13
"REF047_P2_SG_240111_RES.PQ-1-6-VEHICLE.m2",87.1106019114115,15932.9122735,"PD",163.34172462715,10,73.0471996456338,10
"REF047_P2_SG_240111_RES.PQ-1-6-VEHICLE.m3",87.5502349821086,16383.8729635,"PD",93.4221394453394,10,54.5144238413781,10
"REF047_P2_SG_240111_RES.PQ-1-6.m1",-73.4899531278428,1650.0852915,"PR",-81.3362665025337,28,-45.095642874607,28
"REF047_P2_SG_240111_RES.PQ-1-6.m2",65.9261845725278,6057.55150375,"PD",14.0303464637561,26,30.3249591904468,26
"REF047_P2_SG_240111_RES.PQ-1-6.m3",78.4690395937979,8296.2212635,"PD",7.37607006943293,29,70.9401005614047,29
"REF010_P3_945_210421_RES.PACLITAXEL.m1",-54.999511971755,18742.4554255,"PR",-91.0153173076923,75,-65.429923452524,162
"73230_P2_5305_230612_RES.AZD-5305.m1",82.1982777408989,36531.7780745,"SD",31.662572436382,12,12.5660792437688,12
"73230_P2_5305_230612_RES.AZD-5305.m2",86.411843528909,17551.57734125,"PD",92.0858094874122,14,89.8605533527604,14
"73230_P2_5305_230612_RES.AZD-5305.m3",83.5524589277319,34152.72386575,"PD",80.6293070468413,14,79.5613939685287,14
"16720_P6_5305_231005_RES.AZD-5305.m1",84.4560737907029,7782.2387055,"PD",144.374408373789,20,82.9462905877437,13
"16720_P6_5305_231005_RES.AZD-5305.m2",83.2117193398876,11941.92688675,"PD",113.545235306527,29,79.2765006631333,15
"16720_P6_5305_231005_RES.AZD-5305.m3",86.4231169487523,10826.1745125,"PD",210.532407461582,22,132.971438415003,14
"16720_P6_5305_231005_RES.AZD-5305.m4",81.9987026672703,27586.73628575,"PD",79.0507185651814,28,55.9448308454984,13
"16720_P6_5305_231005_RES.AZD-5305.m5",85.2870925917295,16491.690819,"PD",131.084445912532,13,76.0566699433957,13
"16720_P6_5305_231005_RES.AZD-8205.m1",52.228402983769,17716.0700845,"PR",-75.4988380641891,41,-46.1424445286245,41
"16720_P6_5305_231005_RES.AZD-8205.m2",65.277025430514,22261.803446,"PR",-94.3794028947424,37,-33.4988742037675,86
"16720_P6_5305_231005_RES.H2O.m1",85.67264995536,15363.55679925,"PD",177.763071792328,15,105.345722897956,15
"16720_P6_5305_231005_RES.H2O.m2",87.2977135738893,11389.708356,"PD",294.304830413428,14,139.377684959585,14
"16720_P6_5305_231005_RES.H2O.m3",85.2391312552831,11818.79059425,"PD",122.904854197177,15,77.8791544306711,15
"73230_P3_DATOCONT_240418_RES.DATOPOTAMAB-CONTROL.m1",80.5127818432814,11664.509313,"PD",-4.29379410455313,34,35.8946934232442,14
"INSB019.PQ-1-6.m1",-72.2525520997894,2851.187635,"PR",-70.1761837471564,28,-28.2454399123991,28
"INSB019.PQ-1-6.m2",-84.2953748593927,540.471144,"CR",-99.6900377692698,15,-77.6287059890208,23
"REF057.CFI-400945-52WEEKLY.m1",45.9053972832364,9344.4791495,"SD",-10.6451052893978,11,-12.0087958302259,11
"REF006.PQ-1-6-VEHICLE.m1",72.3600654602186,4619.79635325,"PD",42.3468926461776,15,4.11797257561768,15
"REF006.PQ-1-6-VEHICLE.m2",71.4194598499024,3760.3548205,"SD",15.2692212315596,22,15.9810817935971,22
"REF006.PQ-1-6-VEHICLE.m3",83.0753576216901,5710.799175,"PD",70.7543841967345,22,97.4955349036534,22
"REF006.PQ-1-6.m1",-69.3799612795377,2070.994206,"PR",-70.5885141355484,29,-35.2061187949307,29
"REF006.PQ-1-6.m2",84.9921040623588,4805.3072625,"PD",67.9789691567135,11,47.5711147220922,11
"REF006.PQ-1-6.m3",-30.1980416389928,2049.66259275,"SD",-33.1217725522552,15,-14.8371431059773,15
"REF006.PQ-1-6.m4",-65.100533695588,2444.44274,"SD",-46.8353693342994,20,-14.0808972929098,20
"REF042_P2_CDX_230104_RES.H2O.m1",85.7934971300354,9036.42849775,"PD",109.325210419783,12,41.1870372388258,12
"REF062.PQ-1-6-VEHICLE.m1",88.8101489402965,22364.9737,"PD",237.95676530874,15,126.996870670709,15
"REF062.PQ-1-6-VEHICLE.m2",88.8325558504886,15111.11263825,"PD",302.544412880001,15,190.367947207349,15
"REF062.PQ-1-6-VEHICLE.m3",89.2015332925129,15537.416812,"PD",477.680889062421,14,199.588541756067,14
"REF062.PQ-1-6.m1",87.5472340288975,11209.700479,"PD",168.883500159294,15,93.1410747653413,15
"REF062.PQ-1-6.m2",86.3154324770453,5840.0839855,"PD",141.417831901235,15,60.6845354403292,15
"REF062.PQ-1-6.m3",89.2407239326526,16040.018352,"PD",426.835131608241,14,214.130433186528,14
"REF057.CFI-400945.m1",78.9650883699121,29837.13077725,"PD",113.851257379458,25,101.136271999189,11
"REF014.TRASTUZUMAB-CONTROL.m1",81.6946537305709,8587.6736835,"SD",9.12375994680522,13,-4.61595918542812,13
"REF014.TRASTUZUMAB-CONTROL.m2",78.2582647940901,10587.67165325,"PD",35.2206097831189,13,18.1820621017791,13
"REF014.DATOPOTAMAB-CONTROL.m1",84.7112928492201,5274.666119,"PD",129.792747494267,20,74.6337661249651,13
"REF048.ADC-CONTROL.m1",80.0655630792446,20841.57978675,"SD",1.47235582912428,10,1.44775250723076,10
"REF048.ADC-CONTROL.m2",81.1910836079342,28684.78801475,"PD",-36.5405741795038,15,33.0170298114883,15
"REF048.ADC-CONTROL.m3",81.279344996485,30462.19713375,"SD",-44.8920621330724,10,2.40723736638887,17
"REF048.ADC-CONTROL.m4",88.2810582514698,12400.48916125,"PD",59.2225289858874,11,42.9749310688799,11
"REF048.ADC-CONTROL.m5",86.069237034334,7674.9775675,"PD",13.1007367215821,11,41.087947516682,11
"REF048.AZD-8205.m1",-50.680610284476,1509.069477,"CR",-100,35,-93.0989388416614,421
"REF048.AZD-8205.m2",-51.7871542875831,2041.000635,"CR",-100,33,-92.0696625941876,413
"REF048.AZD-8205.m3",-51.7718383624811,1608.20324625,"CR",-100,25,-82.4512626997165,164
"REF048.AZD-8205.m4",-31.2686160659677,1268.13651225,"CR",-100,64,-87.2765174517212,465
"REF048.AZD-8205.m5",-28.9041795059627,679.49577075,"CR",-100,22,-93.8890970175415,451
"REF048.AZD-8205.m6",75.6012556076288,12832.972011,"PR",-89.5344007213542,18,-63.7696794789673,29
"48602_P3_TRAZCONT_240523_RES.H2O.m1",88.4630239773547,14738.939596,"PD",168.868844426192,15,70.4749248454194,15
"73230_P2_5305_230612_RES.H2O.m1",83.3486229642415,8551.16659575,"PD",124.083144165247,14,60.0523399346962,14
"73230_P2_5305_230612_RES.CARBOPLATIN.m1",86.4013455031612,20332.8315215,"PD",76.1710585532511,14,80.395092669346,14
"73230_P2_5305_230612_RES.CARBOPLATIN.m2",84.9256657592766,9824.90279,"SD",-5.71433940282241,15,-5.84098283130078,15
"73230_P2_5305_230612_RES.CARBOPLATIN.m3",87.5754987031067,6737.503088,"PD",183.568723746843,14,62.7858025796581,14
"85277_P3_TRAZCONT_240508_RES.AZD-8205.m1",85.3724210433694,4107.30517875,"PD",129.934445121757,14,50.5191151510805,14
"241417_P3_8205_240124_RES.SACITUZAMAB-GOVITECAN.m1",80.7573204989379,5999.8248175,"SD",-3.6649796202794,13,-3.38659393844734,13
"241417_P3_8205_240124_RES.SACITUZAMAB-GOVITECAN.m2",84.3502155210797,11720.98132775,"PD",142.49756394219,29,65.3755933302487,14
"241417_P3_8205_240124_RES.SACITUZAMAB-GOVITECAN.m3",61.8360211868729,26199.79830975,"PR",-87.0542330979281,49,-50.2551444519993,63
"INSB019.PQ-1-6-VEHICLE.m1",-78.625035860496,2709.2076205,"PR",-74.2436340247593,21,-27.4408577939126,21
"INSB019.PQ-1-6-VEHICLE.m2",-80.6546875439059,1108.066076,"PR",-89.246785772666,23,-55.7848758585492,23
"241417.AZD-8205.m1",66.4884040860847,31554.4851455,"PR",-70.8530475463715,49,-46.1358475386954,70
"241417.AZD-8205.m2",72.5480817594301,25553.2534885,"PR",-60.2794831925953,28,-41.5491056748043,28
"241417.AZD-8205.m3",34.0964914877884,9970.97359825,"SD",-20.04684955039,50,-0.348367844707956,11
"69693.AZD-5305.m1",13.3668582846681,5945.85852825,"SD",-61.5589409923422,32,-10.3848920729362,43
"69693.AZD-5305.m2",59.0440007231961,14515.7521035,"PR",-74.9257022959341,59,-31.5407235198126,25
"REF048_P8_945_231129_RES.CFI-400945.m1",86.6689126717223,8612.55448,"PD",144.532645760474,21,142.466249909433,14
"REF048_P8_945_231129_RES.CFI-400945.m2",85.7969754043054,21101.0371085,"PD",121.61647053609,13,75.0970197431352,13
"REF048_P8_945_231129_RES.CFI-400945.m3",76.7172930744949,13333.5032025,"PD",55.3733926168449,27,53.4878250621452,13
"REF048_P8_945_231129_RES.CFI-400945.m4",87.9705505020903,7937.02492,NA,NA,NA,NA,NA
"REF048_P8_945_231129_RES.PACLITAXEL.m1",83.8376385786469,5886.1769185,"PD",64.5226757447747,14,38.1394201667367,14
"REF048_P8_945_231129_RES.PACLITAXEL.m2",87.6117758215868,6918.04047675,"PD",324.380253780281,13,168.313952844767,13
"REF048_P8_945_231129_RES.CARBOPLATIN.m1",87.5199255868946,6961.3493335,"PD",195.57582115036,14,129.37172451822,14
"REF048_P8_945_231129_RES.CARBOPLATIN.m2",84.9214921278342,7381.08877625,"PD",129.473674541548,14,69.2929750241929,14
"REF048_P8_945_231129_RES.CARBOPLATIN.m3",88.544533082527,6008.448996,NA,NA,NA,NA,NA
"REF048_P8_945_231129_RES.CARBOPLATIN.m4",84.7147180870315,12152.2951365,"PD",107.837882404776,15,71.5327953270281,15
"85277_P3_SG_240606_RES.SACITUZAMAB-GOVITECAN.m1",86.1637538809741,5359.253802,"PD",179.009963368596,15,67.8538898303463,15
"85277_P3_SG_240606_RES.SACITUZAMAB-GOVITECAN.m2",88.1006315579324,21476.4860645,"PD",319.766242997844,14,152.470637006261,14
"85277_P3_SG_240606_RES.SACITUZAMAB-GOVITECAN.m3",87.3488960467663,8596.8771845,"PD",138.193989105312,14,67.0951611061617,14
"REF035.TRASTUZUMAB-CONTROL.m1",89.4553760355365,15069.4517015,NA,NA,NA,NA,NA
"REF035.TRASTUZUMAB-CONTROL.m2",83.8096975115796,12870.41907775,"PD",70.6038520105645,21,52.6991084757929,13
"REF035.TRASTUZUMAB-CONTROL.m3",84.7481310284807,17547.15623375,"PD",92.4934387488735,13,74.4976004658349,13
"REF035.TRASTUZUMAB-CONTROL.m4",85.3984733608307,43535.56493625,"PD",173.332902951028,57,69.383952239464,18
"INSB019.AZD-5305.m1",18.9162020420502,22213.7004865,"SD",-52.6465965536032,116,-14.7930252014516,43
"INSB019.AZD-5305.m2",71.3015105323334,24622.7709355,"PR",-69.4392141681134,25,-50.1190610783727,11
"INSB019.AZD-5305.m3",75.6454768782926,32059.2237255,"SD",-17.8728506035764,10,-15.0321099521136,10
"INSB019.ADC-CONTROL.m1",79.4882573717259,34961.07493625,"SD",-45.259338997308,18,-23.2536186635647,22
"INSB019.ADC-CONTROL.m2",50.6477378052735,11324.4824375,"SD",-2.54666009126332,64,21.0324958801273,11
"INSB019.ADC-CONTROL.m3",70.4421532938339,25963.1323225,"SD",-48.2767584453972,10,-33.4759705449324,10
"INSB019.AZD-8205.m1",-0.173074448072392,9530.7788115,"CR",-100,30,-93.8298758620197,116
"INSB019.AZD-8205.m2",52.4222154048538,29621.4845715,"CR",-97.5647393644649,36,-81.4431392630847,57
"INSB019.AZD-8205.m3",42.5803006222063,42852.05221825,"PR",-83.2526670127782,29,-62.5438789719091,53
"73230_P2_8205CONT_231111_RES.H2O.m1",86.107865096961,8370.56808025,"PD",95.0287816183526,14,98.6002731254697,14
"REF014.DATOPOTAMAB-DERUXTECAN.m1",-27.109377060451,7649.81573775,"PR",-74.1702264262323,13,-48.0143690564871,27
"REF014.TRASTUZUMAB-DERUXTECAN.m1",77.0856245213315,8180.7478105,"PD",28.8641767285929,27,43.6268439169925,13
"REF014.TRASTUZUMAB-DERUXTECAN.m2",86.4497335962292,14348.8272335,"PD",139.032960439164,16,105.464723037763,13
"REF014.TRASTUZUMAB-DERUXTECAN.m3",84.1740962923567,10291.51707775,"PD",41.6201086131442,13,-2.4972257551041,13
"16720.AZD-5305.m1",0.522594319425636,11458.978639,"PR",-86.7589842057633,66,-47.1507935625202,114
"16720.AZD-5305.m2",-33.8467238821165,1199.5868045,"CR",-100,52,-90.4129185639327,414
"16720.AZD-5305.m3",-37.2317252250621,1506.01167725,"CR",-100,99,-90.2347577441022,366
"16720.AZD-5305.m4",20.3852666136559,18555.527253,"CR",-99.5197591080951,92,-80.3125799513769,163
"16720.ADC-CONTROL.m1",-30.6483766442996,15981.66293875,"PR",-83.1423360477302,52,-61.588362583286,66
"16720.ADC-CONTROL.m2",-23.2509748138427,9603.359699,"PR",-74.8314092457916,32,-51.5026348375133,116
"16720.ADC-CONTROL.m3",-64.3366200351662,7687.46318625,"PR",-94.5759224764805,46,-80.1463516139338,151
"16720.AZD-8205.m1",-41.4398884208051,652.7892785,"CR",-100,28,-93.7703442104739,297
"16720.AZD-8205.m2",-54.4538714338927,1683.07907825,"CR",-100,31,-90.8782062965484,297
"16720.AZD-8205.m3",-39.3688808614432,735.46405625,"CR",-100,17,-94.4481062443438,414
"16720.AZD-8205.m4",-46.9095397156136,6695.30113475,"CR",-100,36,-89.0987549913086,99
"16720.AZD-8205.m5",-43.9948308502977,1127.31798,"CR",-100,58,-92.4356875650122,352
"73230.SACITUZAMAB-GOVITECAN.m1",-68.9593116620742,2583.868649,"CR",-100,22,-75.0768711094602,207
"73230.SACITUZAMAB-GOVITECAN.m2",-19.6076509121875,932.957715,"CR",-100,396,-82.9225466292137,421
"73230.SACITUZAMAB-GOVITECAN.m3",-16.6093520687717,983.050774,"CR",-100,396,-76.9837864047679,421
"85277_P3_SG_240606_RES.DATOPOTAMAB-DERUXTECAN.m1",74.7709408258505,12133.34927525,"PR",-67.6900816829139,14,-38.6732593587782,22
"REF047_P3_DATO_240415_RES.SACITUZAMAB-GOVITECAN.m1",87.2279197258985,11267.27944875,"PD",113.652016741759,14,58.7269001071509,14
"REF047_P3_DATO_240415_RES.SACITUZAMAB-GOVITECAN.m2",88.1788168984628,9867.5223145,"PD",359.272375028103,13,176.349475759427,13
"73263.PQ-1-6.m1",-75.858401405998,726.784262,"CR",-99.4627761084351,28,-69.2555221687024,28
"73263.PQ-1-6.m2",-83.3554075756224,1749.81696125,"CR",-97.9721289401535,25,-68.2642661574006,29
"73263.PQ-1-6.m3",-74.3457599851257,1665.35751675,"CR",-98.9980601091094,29,-41.7524772325066,29
"REF047_P2_SG_240111_RES.TRASTUZUMAB-DERUXTECAN.m1",56.6940399142932,8714.59841675,"PR",-58.6008220081196,15,-24.4856503408918,35
"REF047_P2_SG_240111_RES.DATOPOTAMAB-CONTROL.m1",84.1562925793321,9485.3894225,"PD",56.1639112458021,15,21.6804704662428,15
"REF047_P2_SG_240111_RES.DATOPOTAMAB-DERUXTECAN.m1",56.9405484892216,14313.23921875,"PR",-86.7971321258518,42,-56.067612190783,71
"REF047_P2_SG_240111_RES.SACITUZAMAB-GOVITECAN.m1",77.4715427556594,23058.940487,"PD",-55.4881304868582,28,39.7383479103275,28
"REF047_P2_SG_240111_RES.SACITUZAMAB-GOVITECAN.m2",82.9910862750749,15239.490847,"PD",112.752535937583,23,48.6769397354063,14
"REF047_P2_SG_240111_RES.SACITUZAMAB-GOVITECAN.m3",84.7951631672499,27002.598524,"PD",66.4336027711097,21,66.5690792964499,21
"REF006_P3_DATO_240717_RES.TRASTUZUMAB-DERUXTECAN.m1",84.3371981112302,6734.93484825,"PD",71.8588290649314,14,26.9458428592753,14
"REF006_P3_DATO_240717_RES.TRASTUZUMAB-DERUXTECAN.m2",77.8212231641723,1970.898588,NA,NA,NA,NA,NA
"REF016.TRASTUZUMAB-CONTROL.m1",88.2611372755959,11050.36292575,"PD",398.2753456599,15,222.856698537813,15
"REF016.TRASTUZUMAB-CONTROL.m2",84.1115912094038,15062.477875,"PD",29.3974342028447,15,33.8189918565735,15
"REF016.TRASTUZUMAB-DERUXTECAN.m1",75.8379336566019,5599.26493425,"SD",-38.7917895995668,15,-22.3608336218859,29
"73263.AZD-8205.m1",-38.19404106619,2126.75620275,"CR",-100,340,-74.1523874930641,340
"REF062.TRASTUZUMAB-CONTROL.m1",87.784519065505,10293.915654,"PD",175.612988582047,15,107.442383773452,15
"REF062.TRASTUZUMAB-CONTROL.m2",89.1757593813783,10371.097752,NA,NA,NA,NA,NA
"REF062.DATOPOTAMAB-CONTROL.m1",88.7550738313782,7078.588456,NA,NA,NA,NA,NA
"REF062.DATOPOTAMAB-CONTROL.m2",88.9852459125111,14851.00393875,"PD",683.942301980267,14,321.860230749819,14
"REF062.DATOPOTAMAB-CONTROL.m3",89.3633983651599,14883.5551875,"PD",375.256778537349,10,187.628389268674,10
"REF035.SACITUZAMAB-GOVITECAN.m1",-22.5571240660875,2560.8331665,"CR",-100,331,-41.554895030137,331
"REF035.SACITUZAMAB-GOVITECAN.m2",-17.6247347991091,1783.5321665,"CR",-100,38,-65.9972932916669,414
"REF035.SACITUZAMAB-GOVITECAN.m3",-23.3712748890242,4042.5432515,"SD",-100,29,-11.9121744133663,331
"85277_P3_TRAZCONT_240508_RES.TRASTUZUMAB-CONTROL.m1",88.3836234436159,22203.171587,"PD",204.184716357736,15,144.387487100622,15
"73230_P2_5305_230612_RES.BMN-673.m1",85.5686711942927,12617.8485955,"PD",238.014005909262,15,158.757030514422,15
"73230_P2_5305_230612_RES.BMN-673.m2",79.3642964549796,10576.170698,"SD",6.73543914284655,14,10.4228356386602,14
"48602.AZD-5305.m1",57.8215704975796,34240.2941945,"PR",-58.3590082960113,46,-36.8614775308122,11
"48602.AZD-5305.m2",60.8865622257892,20683.937794,"SD",-11.0588192054082,36,18.3516890573349,11
"48602.ADC-CONTROL.m1",45.838920097699,30945.33610175,"PR",-68.4137256482599,39,-36.0258968488106,99
"48602.ADC-CONTROL.m2",41.0251249672427,13931.79728125,"SD",-63.4513103107289,60,-17.2199450332682,81
"48602.AZD-8205.m1",17.0778934862766,31065.89732075,"PR",-86.121276505031,67,-57.3396404492848,106
"48602.AZD-8205.m2",54.9113520911463,41461.95322575,"PR",-70.7618459151429,50,-30.1904784752126,88
"48602.AZD-8205.m3",-67.9691412484975,5126.03745425,"PR",-81.8482619988257,17,-68.1908918173544,59
"48602.AZD-8205.m4",-25.1689856267155,20849.43439375,"PR",-50.7802573138298,55,-25.7132166629728,55
"69693_P7_5305_240228_RES.SACITUZAMAB-GOVITECAN.m1",73.45750783025,14323.3536645,"SD",-50.7552017230107,34,-11.6316672115175,64
"69693_P7_5305_240228_RES.SACITUZAMAB-GOVITECAN.m2",64.288371089382,9284.8696045,"PR",-83.346448005529,29,-23.9667791244025,29
"69693_P7_5305_240228_RES.ADC-CONTROL.m1",86.4256150933343,8255.77430175,"PD",200.430646143826,19,93.8868994209553,12
"REF022.AZD-5305.m1",79.9502860483852,11345.37970025,"SD",4.10587888508259,22,6.75801725748503,11
"REF022.AZD-5305.m2",-75.0751581486636,285.508227,NA,NA,NA,NA,NA
"REF022.PQ-1-6.m1",-59.6493297004833,2753.8992995,"SD",-43.0220701303714,15,-24.7562305060007,15
"REF022.PQ-1-6.m2",-75.7905891288706,1097.8499325,"PR",-83.5492589064518,16,-57.7962393071719,27
"REF022.PQ-1-6.m3",-58.7902822179528,3034.8817505,"PR",-54.3264275407133,10,-25.6478022581582,10
"REF022.SACITUZAMAB-GOVITECAN.m1",15.6273544546878,19414.68973725,"CR",-95.8536690709627,64,-70.5543809991244,79
"REF022.SACITUZAMAB-GOVITECAN.m2",71.1733805008115,39448.6061545,"PR",-81.871249614764,23,-59.4737706011624,55
"REF048.DATOPOTAMAB-DERUXTECAN.m1",-60.5078785738863,2826.16786375,"CR",-100,93,-75.57158492239,337
"REF016.PQ-1-6.m1",-74.5376695757095,1307.819048,"PR",-79.1556484968647,27,-51.6908410911789,27
"REF016.PQ-1-6.m2",7.48441636540409,3240.7861315,"SD",-11.4030652232911,22,7.95916523202156,22
"REF016.PQ-1-6.m3",63.6562973658305,4042.355607,"SD",-37.333188673104,16,-20.3597878520406,16
"REF016.PQ-1-6.m4",-71.637098147545,4185.06500475,"SD",-66.044053315861,25,-17.3851170319412,29
"REF016.SACITUZAMAB-GOVITECAN.m1",80.5717119523633,42293.29695175,"SD",-46.0246245921439,16,-22.3996100322727,37
"REF016.SACITUZAMAB-GOVITECAN.m2",87.3659599552315,9852.49023975,"PD",134.072527703837,15,55.0432940960698,11
"REF016.SACITUZAMAB-GOVITECAN.m3",86.8280706156528,12130.06588,"PD",65.1422146816509,22,67.4672602344245,11
"REF016.SACITUZAMAB-GOVITECAN.m4",68.5325992439047,13274.4777955,"PR",-58.863949466966,18,-32.300950914168,22
"REF035.DATOPOTAMAB-CONTROL.m1",87.125405095902,8672.790398,"PD",245.350571722074,22,140.48459291609,15
"REF035.DATOPOTAMAB-CONTROL.m2",88.6018785334623,15139.324718,"PD",287.370956371004,13,106.107014761654,13
"REF035.DATOPOTAMAB-CONTROL.m3",75.0843576536087,7583.9648275,"SD",12.3049607915106,20,5.55911873718928,14
"REF035.DATOPOTAMAB-CONTROL.m4",86.8434022657302,6508.808088,"PD",84.2748875210786,12,15.491373942205,12
"REF006_P3_DATO_240717_RES.DATOPOTAMAB-DERUXTECAN.m1",80.7798764041834,6575.605876,"PD",46.6694628659648,28,22.5961984308325,15
"16720_P6_5305_231005_RES.ADC-CONTROL.m1",56.6489270067492,9091.2180845,"SD",-35.7639254119432,49,-17.0278363988146,35
"69693_P7_5305_240228_RES.AZD-5305.m1",80.4874220232344,11844.66967,"PD",56.4723129491866,21,65.7742387802162,21
"69693_P7_5305_240228_RES.AZD-5305.m2",85.125482294467,11059.235256,"SD",2.05540197661849,15,23.9117759781207,15
"69693_P7_5305_240228_RES.AZD-5305.m3",88.5173301775389,11877.22577725,"PD",203.489821996835,13,99.5473211613855,13
"REF062.DATOPOTAMAB-DERUXTECAN.m1",89.2034215437988,19112.94652225,"PD",480.193818388211,14,331.317027489143,14
"REF062.DATOPOTAMAB-DERUXTECAN.m2",89.3698599764151,12734.79675,NA,NA,NA,NA,NA
"REF062.DATOPOTAMAB-DERUXTECAN.m3",82.8630515762937,17991.336279,"PD",18.4607374294828,29,78.8501854633901,35
"REF001.PQ-1-6-VEHICLE.m1",78.6107812459183,6600.180184,"PD",13.5927518306141,22,45.1617659635533,22
"REF036.AZD-8205.m1",86.2638641395128,8912.581813,"PD",114.185333061318,15,115.54036649335,15
"REF036.AZD-8205.m2",64.4744221799398,3756.089241,"SD",-22.7032971655561,18,18.0389659323337,11
"REF047.PQ-1-6-VEHICLE.m1",84.5331157901791,6929.51476275,"PD",100.675318569596,22,60.2396666895208,16
"REF047.PQ-1-6-VEHICLE.m2",88.9147576661633,15089.33942925,"PD",542.230463320653,15,285.218760262075,15
"REF047.PQ-1-6-VEHICLE.m3",81.508673048036,6676.512126,"PD",52.9559795510283,14,51.3504295454158,14
"REF022_P2_8205CONT_231206_RES.ADC-CONTROL.m1",72.8331921777065,19990.034133,"SD",11.255139909011,42,24.6642684791109,13
"REF022_P2_8205CONT_231206_RES.ADC-CONTROL.m2",86.7191276204145,29235.80437625,"PD",221.256745284082,19,114.108880495343,12
"REF022_P2_8205CONT_231206_RES.ADC-CONTROL.m3",83.0896581755403,20401.667042,"SD",28.0681979375966,20,27.0493525329853,13
"REF022_P2_8205CONT_231206_RES.ADC-CONTROL.m4",84.9695753941872,11662.78395975,"PD",88.9765885485744,21,29.9553886984108,13
"REF022_P2_8205CONT_231206_RES.ADC-CONTROL.m5",81.5463451259081,14133.41354875,"PD",89.8226651705048,16,55.77711312842,16
"REF047.TRASTUZUMAB-CONTROL.m1",88.1242219170432,7653.4430365,"PD",112.264307659067,14,61.41984953737,14
"REF047.TRASTUZUMAB-CONTROL.m2",83.9780304102842,16530.2004235,"PD",108.480412687426,21,60.190633893488,15
"REF047.TRASTUZUMAB-CONTROL.m3",83.5437878251108,25066.31689075,"PD",106.503135394218,13,43.0604224219887,13
"REF047.TRASTUZUMAB-CONTROL.m4",88.0647290118089,14998.409029,"PD",366.746247919315,15,233.522968308261,15
"REF006_P3_DATO_240717_RES.DATOPOTAMAB-CONTROL.m1",86.7307509537815,7478.000667,"PD",136.669723329646,15,67.5572784547691,15
"REF006_P3_DATO_240717_RES.SACITUZAMAB-GOVITECAN.m1",88.7780300762573,6302.270644,NA,NA,NA,NA,NA
"REF062.SACITUZAMAB-GOVITECAN.m1",88.8075327031599,16746.614179,"PD",921.205693183498,23,429.26949091574,17
"REF062.SACITUZAMAB-GOVITECAN.m2",89.1978690568942,14002.9823655,NA,NA,NA,NA,NA
"REF062.SACITUZAMAB-GOVITECAN.m3",88.8690104678748,16032.892428,NA,NA,NA,NA,NA
"REF048_P7_8205_230803_RES.TRASTUZUMAB-DERUXTECAN.m1",88.2245048170932,35634.0267025,"PD",10.3198792200233,16,51.2375491123399,16
"85277.ADC-CONTROL.m1",88.0595953636323,12255.27985525,"PD",183.049405205979,15,99.2470452221046,15
"85277.AZD-8205.m1",88.701020137205,14040.2333735,"PD",357.033327421242,15,200.481013628551,15
"REF047.PQ-1-6.m1",2.01749497079221,2947.4637855,"SD",-27.5857883519692,15,3.92890586083206,21
"REF047.PQ-1-6.m2",86.8310850829499,7525.945188,"PD",186.6305213978,15,108.977562794712,15
"REF047.PQ-1-6.m3",-58.2985536597593,2245.266094,"PR",-52.8260462398136,14,-28.4500625327533,14
"INSB019.TRASTUZUMAB-CONTROL.m1",77.5380571216386,7971.52476975,"SD",-38.5413344190885,12,-22.6788296771713,12
"REF047.DATOPOTAMAB-CONTROL.m1",88.7040540765478,13253.4198125,"PD",658.071416962525,15,363.186800282865,15
"REF047.DATOPOTAMAB-CONTROL.m2",86.8729322142337,25693.10143125,"PD",115.129372963842,14,76.3560772520592,14
"REF047.DATOPOTAMAB-CONTROL.m3",89.0474131396695,17181.697285,"PD",838.239992269808,15,471.323000240562,15
"REF047.DATOPOTAMAB-CONTROL.m4",84.589513747757,11956.14327475,"PD",49.3693657244362,15,-1.26303406446132,15
"REF047.DATOPOTAMAB-CONTROL.m5",86.0543083331184,9025.97513025,"PD",136.699640400055,15,85.076133104951,15
"REF047_P2_SG_240111_RES.TRASTUZUMAB-CONTROL.m1",81.0294272658974,7290.56787675,"SD",16.4556962025316,14,10.2035112550287,14
"REF042_P2_CDX_230104_RES.CFI-402257.m1",86.4347561261513,6589.175275,"PD",115.532834073578,13,63.7498474993489,13
"REF042_P2_CDX_230104_RES.CDX-011.m1",75.1899222392033,63432.49289875,"PD",146.4273544762,47,151.783314874388,13
"REF042_P2_CDX_230104_RES.CDX-011.m2",48.0476122244479,40068.862745,"SD",-18.3417378796711,10,-8.95001290737741,10
"REF047_P3_DATO_240415_RES.TRASTUZUMAB-CONTROL.m1",88.1004678811827,4137.704742,NA,NA,NA,NA,NA
"69693_P9_DATOCONT_240731_RES.H2O.m1",86.6904458619017,7850.214783,"PD",126.716117419651,14,69.7238407366247,14
"69693_P9_DATOCONT_240731_RES.TRASTUZUMAB-DERUXTECAN.m1",44.3337138337028,7463.7866965,"PR",-94.3090229019146,28,-44.3371428892111,66
"73062.AZD-5305.m1",-71.22009436008,2283.5948405,"CR",-100,91,-61.8021843344866,91
"73062.AZD-5305.m2",-41.3703894889471,2023.17652325,"CR",-100,262,-81.8447321312223,262
"73263.TRASTUZUMAB-DERUXTECAN.m1",-41.8169140568293,4322.38192725,"CR",-97.0677172292989,193,-53.5507848052959,198
"73263.DATOPOTAMAB-CONTROL.m1",81.6572860341263,16011.09214275,"PD",48.6959752425861,11,30.9398976030485,11
"REF038.AZD-8205.m1",-18.0914976385502,1344.25228975,"CR",-100,31,-70.5775902111072,465
"38807.PQ-1-6.m1",-78.2626817566186,1961.346884,"CR",-100,23,-42.3493022578537,30
"38807.PQ-1-6.m2",-82.7689933296216,1281.18467625,"CR",-99.670455600109,21,-63.5909189343504,21
"38807.DATOPOTAMAB-CONTROL.m1",57.4826751355413,21637.13161625,"SD",-25.7483093235867,50,-13.8944278582776,16
"38807.SACITUZAMAB-GOVITECAN.m1",9.49795153362012,14151.674632,"CR",-99.5237805696682,36,-55.8133666074516,71
"REF022_P2_SG_210214_RES.PQ-1-6-VEHICLE.m1",84.39248506595,7562.9987765,"PD",109.423672191863,15,62.7550250065854,15
"REF022_P2_SG_210214_RES.PQ-1-6-VEHICLE.m2",78.4010384098521,6171.98831825,"SD",19.7977513766936,13,9.55073578111194,13
"REF022_P2_SG_210214_RES.PQ-1-6-VEHICLE.m3",76.105234469768,4505.9072965,"SD",-15.0413999580759,13,-7.10908293304179,13
"REF001_P2_8205_240124_RES.CARBOPLATIN.m1",88.1196812411997,4332.2963525,NA,NA,NA,NA,NA
"REF037.CARBOPLATIN.m1",88.4442487967048,9867.639665,"PD",403.139373638726,14,239.705127656349,14
"INSB019_P2_8205_240104_RES.AZD-8205.m1",-0.632353144266895,52688.3022485,"SD",-76.8907303412859,162,-4.78741874973051,63
"73230.AZD-5305.m1",-27.4475198335948,20434.1508115,"CR",-100,66,-83.3300460952945,157
"73230.AZD-5305.m2",-0.341809943461098,9391.243067,"CR",-99.5573593653241,53,-79.0737898575187,164
"73230.AZD-5305.m3",35.0664999493178,12864.4138785,"CR",-95.9731260391684,73,-68.0962025797686,108
"73230.AZD-5305.m4",-0.70560061052815,10560.73763925,"CR",-100,56,-89.5934366774636,157
"73230.AZD-5305.m5",-33.9371958698837,10469.08194175,"CR",-97.3887952752653,36,-80.3315537051959,94
"73230.ADC-CONTROL.m1",-36.2992729692189,4578.19892,"CR",-99.5590443962921,49,-85.5075646846138,115
"73230.ADC-CONTROL.m2",43.0138281578274,25896.01511425,"PR",-87.245416114154,43,-69.9886028581336,144
"73230.ADC-CONTROL.m3",-21.7572718449288,13667.4734665,"PR",-93.1846112373987,126,-65.1111888273244,63
"73230.ADC-CONTROL.m4",-45.7229433272952,6510.31120675,"PR",-83.3866047390175,32,-59.6174258646635,74
"73230.ADC-CONTROL.m5",-55.9742623019741,5692.417637,"PR",-86.0094352757127,36,-51.5707997385708,94
"73230.AZD-8205.m1",-32.690556576071,602.19935225,"CR",-100,24,-95.207064176861,527
"73230.AZD-8205.m2",-29.3646038720847,665.198415,"CR",-100,15,-92.9201207993254,459
"73230.AZD-8205.m3",-41.5511577306819,938.286654,"CR",-100,14,-91.6075979684187,387
"73230.AZD-8205.m4",-31.1534862411018,861.28275075,"CR",-100,25,-93.8938224043567,437
"REF047_P3_DATO_240415_RES.DATOPOTAMAB-DERUXTECAN.m1",88.0643925918705,22272.743026,"PD",312.858209006781,14,147.141675960402,14
"REF047_P3_DATO_240415_RES.DATOPOTAMAB-DERUXTECAN.m2",85.3046140337662,13748.242145,"PD",109.483782903263,28,61.6558599628382,15
"REF022_P2_8205CONT_231206_RES.H2O.m1",83.2543602504597,10356.08625625,"PD",127.940037088152,12,59.9240944089995,12
"REF022_P2_8205CONT_231206_RES.AZD-8205.m1",78.4967761861063,14384.74050325,"SD",-0.386390695620925,12,19.0199583235611,12
"REF022_P2_8205CONT_231206_RES.AZD-8205.m2",54.6736913648399,12381.9853675,"PD",-72.4710906721666,50,36.5582147757463,50
"REF022_P2_8205CONT_231206_RES.AZD-8205.m3",43.4662336960811,13223.7188475,"SD",-44.2569077395789,42,-8.93906216650192,63
"REF022_P2_8205CONT_231206_RES.SACITUZAMAB-GOVITECAN.m1",80.2539029015035,9704.41910025,"PD",15.2955940964249,28,52.390403834542,12
"REF022_P2_8205CONT_231206_RES.SACITUZAMAB-GOVITECAN.m2",76.8314813065159,14474.7195545,"SD",7.10267658089381,21,19.1503338730454,21
"REF023_P2_DATOCONT_240620_RES.H2O.m1",81.4888883557789,5296.7928375,"PD",60.7305348872037,14,45.077290976471,14
"REF023_P2_DATOCONT_240620_RES.DATOPOTAMAB-CONTROL.m1",87.9922230446846,13033.7913665,"PD",142.151332898443,14,51.0638395100858,14
"REF057.CDX-011.m1",84.9945241981313,16692.54082525,"PD",97.120773155211,12,61.3211820328724,12
"73230.DATOPOTAMAB-CONTROL.m1",68.8233273276198,32653.2932705,"PR",-90.1022172889107,28,-52.4587257118394,70
"73230.DATOPOTAMAB-CONTROL.m2",80.28820834974,37303.1182195,"PR",-88.5638615236982,21,-38.5693065606089,80
"REF047_P1_TTK/TAX_220217_RES.PACLITAXEL.m1",81.3893944693711,29136.98515325,"PD",84.0253375463645,11,70.5613223574334,11
"85277_P3_SG_240606_RES.AZD-5305.m1",83.5346192555236,4909.9419215,"PD",50.429383693776,14,23.0741393603077,14
"REF047_P3_DATO_240415_RES.DATOPOTAMAB-CONTROL.m1",85.1652587169576,8985.906569,"PD",43.4885572730876,13,24.7246449332805,13
"85277.AZD-5305.m1",87.8146170652671,7438.54413525,"PD",355.468655470997,15,164.576754711131,15
"REF057.CARBOPLATIN.m1",76.9268937350976,6616.44900975,"PD",41.2755546717309,10,19.9417730808672,10
"REF048.PQ-1-6.m1",-83.0027567110876,1936.40761625,"PR",-90.5295949919741,20,-57.39253267486,27
"REF048.PQ-1-6.m2",-81.9119441673613,4931.8541,"PR",-68.1590613523199,28,-33.9814996648726,28
"REF048.PQ-1-6.m3",-80.8923156896836,4967.3214235,"PR",-76.0674148705317,17,-24.9896015896113,28
"REF048.SACITUZAMAB-GOVITECAN.m1",-28.796742850901,1260.175488,"CR",-100,36,-82.3854818261178,450
"REF048.SACITUZAMAB-GOVITECAN.m2",-17.8227478484835,740.5206005,"CR",-100,36,-82.4536324915063,450
"REF048.SACITUZAMAB-GOVITECAN.m3",-17.8723694721922,1546.491266,"CR",-100,428,-70.3107044236028,450
"REF048.SACITUZAMAB-GOVITECAN.m4",-40.8109703291957,3592.69376025,"CR",-100,389,-78.4495165181569,414
"REF048.SACITUZAMAB-GOVITECAN.m5",-37.1019406992088,4369.71537375,"CR",-100,389,-64.0306342576966,414
"REF036.PQ-1-6-VEHICLE.m1",35.1976315593194,3502.35040825,"SD",3.57114887618452,28,19.2710073777861,28
"REF036.PQ-1-6-VEHICLE.m2",80.2252302808915,6152.19887975,"SD",24.2809420043117,14,19.2900468482365,14
"REF036.PQ-1-6-VEHICLE.m3",69.0151761331488,6110.83355875,"PD",-5.36379597815694,27,63.344277454838,27
"REF036.PQ-1-6-VEHICLE.m4",62.2817893389601,2966.35259225,"SD",-21.2577981339665,11,1.63796184799778,11
"38807.AZD-8205.m1",-28.9982028683032,1019.65640075,"CR",-100,239,-73.690188158263,239
"REF014.ADC-CONTROL.m1",86.0876402052556,2778.0100525,NA,NA,NA,NA,NA
"REF014.AZD-8205.m1",83.4444232503253,3063.6775085,NA,NA,NA,NA,NA
"REF014.AZD-8205.m2",81.9065329910695,4982.05510125,"PR",-68.4461607169265,11,-26.8749145118981,15
"REF014.SACITUZAMAB-GOVITECAN.m1",81.1504121884008,5630.8773845,"PD",96.4746123437336,14,37.1919153513442,14
"REF014.SACITUZAMAB-GOVITECAN.m2",51.9065998267148,2791.00893925,"SD",-7.54660863943757,11,-8.61120549920871,11
"241417.PEG400.m1",63.3095519122896,2803.966124,"SD",-18.6698839289429,14,0.12751226213329,14
"241417.PEG400.m2",73.353658536516,3178.4287225,"SD",16.6604505016259,14,16.6713722521616,14
"241417.FLUVASTATIN+TERBINIFINE.m1",85.8446000146346,7343.14879925,"PD",97.6733830945846,14,86.4159634302239,14
"241417.FLUVASTATIN+TERBINIFINE.m2",88.5166106345551,15556.531697,"PD",130.79433654526,14,68.9999055274534,14
"73230_P3_DATOCONT_240418_RES.H2O.m1",87.7580092325119,6350.63596675,NA,NA,NA,NA,NA
"REF035.TRASTUZUMAB-DERUXTECAN.m1",87.1535114036489,6156.9813485,"PD",351.387149360848,15,139.53397374031,15
"REF035.TRASTUZUMAB-DERUXTECAN.m2",66.5414120942848,14316.43725225,"SD",-39.943485506125,57,20.8098861909344,18
"REF048.AZD-5305.m1",-65.8163421822639,4300.548026,"CR",-100,29,-89.9093652501442,422
"REF048.AZD-5305.m2",-58.8035271562844,1756.863302,"CR",-100,33,-93.6975431576156,422
"REF048.AZD-5305.m3",-45.1347204740131,1929.1394105,"CR",-100,49,-88.3220181046811,472
"REF048.AZD-5305.m4",-29.2378265674451,764.250788,"CR",-100,31,-91.0128594920545,472
"REF048.AZD-5305.m5",-72.2580373642533,5352.60048975,"CR",-100,53,-84.7659527224791,317
"REF048.AZD-5305.m6",-61.1931964549564,2417.229978,"CR",-100,38,-89.7820166576084,367
"REF048.AZD-5305.m7",76.6018311916493,7485.39675575,"PR",-92.1557681301073,17,-67.4592377831943,24
"REF048.AZD-5305.m8",-39.6197641862398,1289.648254,"CR",-100,35,-88.3301683217484,367
"REF006.AZD-8205.m1",89.578068291344,18439.957071,NA,NA,NA,NA,NA
"REF006.AZD-8205.m2",-41.9045532844438,12554.204174,"SD",-61.5699059659445,57,-9.28055285019893,71
"REF024_P1_BMN_190905_RES.CARBOPLATIN.m1",84.0421434054085,1878.06818325,NA,NA,NA,NA,NA
"REF047_P1_TTK/TAX_220217_RES.CX-5461.m1",79.8650270833599,9651.955428,"PD",15.0660554753723,11,33.8281658279539,11
"REF047_P1_TTK/TAX_220217_RES.CFI-402257-3ON4OFF+PACLITAXEL.m1",81.6328612957004,16067.48132275,"PD",57.5303503567303,32,77.1647856969753,11
"REF047_P1_TTK/TAX_220217_RES.CFI-402257-3ON4OFF+PACLITAXEL.m2",81.3067898949262,61637.4966545,"PD",142.725095958064,24,98.5335731686981,10
"REF047_P1_TTK/TAX_220217_RES.CFI-402257-3ON4OFF+PACLITAXEL.m3",45.1232646246755,37110.00948175,"PD",-3.86861181587532,60,36.6310816047356,26
"REF047_P1_TTK/TAX_220217_RES.CFI-402257-3ON4OFF+PACLITAXEL.m4",68.5699683216857,25667.31564775,"SD",9.92872583768018,25,21.2396306572928,25
"REF047_P1_TTK/TAX_220217_RES.CDX-011.m1",82.7641344451814,21982.884852,"PD",51.7490967121453,17,18.9432240125094,10
"REF047_P1_TTK/TAX_220217_RES.CDX-011.m2",87.4561412444444,24078.0012985,"PD",125.37637157442,10,62.6881857872099,10
"REF052.CFI-402257.m1",81.6221877669878,13005.3633425,"PD",38.9572572877631,12,22.1774993313496,12
"REF023.AZD-8205.m1",-43.8577879738031,3276.3764525,"CR",-100,347,-83.9598103660563,389
"REF048.TRASTUZUMAB-DERUXTECAN.m1",-26.7208292306536,1662.948835,"CR",-100,29,-56.263591879539,346
"REF047_P2_SG_240111_RES.CARBOPLATIN.m1",87.4894686014553,4371.99942375,NA,NA,NA,NA,NA
"48602.SACITUZAMAB-GOVITECAN.m1",54.0080026125141,46534.948897,"PR",-82.857954676011,27,-59.1329431152344,27
"48602.TRASTUZUMAB-DERUXTECAN.m1",-41.1078619045762,4153.2304885,"CR",-100,296,-76.729751534729,296
"48602.TRASTUZUMAB-CONTROL.m1",34.5929843457408,39737.18431225,"PR",-86.2582836380467,27,-51.3870658181312,61
"REF052.PQ-1-6.m1",-75.8581166327414,2120.2949615,"PR",-83.3055849896642,28,-42.912845801476,28
"REF052.PQ-1-6.m2",-54.7115067124095,2788.1511455,"SD",-58.6683712583518,27,-9.38185675256165,27
"REF052.SACITUZAMAB-GOVITECAN.m1",25.7942526901284,27166.67276775,"PR",-71.821260351344,31,-47.0256631573668,45
"REF052.SACITUZAMAB-GOVITECAN.m2",-42.5437421583623,2880.5277335,"PR",-64.9482364318567,23,-38.8915349775561,37
"REF022_P2_SG_210214_RES.SACITUZAMAB-GOVITECAN.m1",74.133402980082,15618.95683825,"SD",-33.2115558510926,19,-10.8962356870652,48
"REF022_P2_SG_210214_RES.SACITUZAMAB-GOVITECAN.m2",82.2357398576294,33035.10578775,"PD",61.9946841434039,13,43.7763310124093,13
"REF022_P2_SG_210214_RES.PQ-1-6.m1",24.555499945188,3435.028519,"SD",-10.9130707221244,27,21.9690140766032,27
"REF022_P2_SG_210214_RES.PQ-1-6.m2",28.2971904858081,3692.3546015,"SD",-28.647283556654,13,-26.8891998629737,13
"REF022_P2_SG_210214_RES.PQ-1-6.m3",-65.4519380826257,2526.85432475,"SD",-41.327967806841,14,-26.6042971526987,28
"REF022_P2_SG_210214_RES.AZD-8205.m1",84.7137834121416,9925.175502,"PD",78.0096299982687,15,36.9780270651468,15
"REF022_P2_SG_210214_RES.TRASTUZUMAB-DERUXTECAN.m1",72.7440620110097,9043.6684855,"SD",-15.5984492379181,15,-13.4084036315074,15
"REF022_P2_SG_210214_RES.DATOPOTAMAB-CONTROL.m1",79.0885405380997,14034.767344,"SD",-3.59228509718244,15,8.97185803284514,15
"REF022_P2_SG_210214_RES.DATOPOTAMAB-DERUXTECAN.m1",-4.93122367092254,11548.266115,"SD",-67.5756381858085,21,-15.41620004972,36
"REF049.CFI-400945.m1",-53.5635491503495,2218.133263,"CR",-100,204,-80.3411344937151,204
"REF049.CFI-400945.m2",12.9856007230166,16281.436286,"PR",-88.4869813471445,64,-62.9954673997593,147
"241417.PQ-1-6-VEHICLE.m1",-45.5471092710762,2456.1068175,"SD",-57.4387397508033,22,-3.22961808944346,22
"241417.PQ-1-6-VEHICLE.m2",84.4854183107184,7697.43894225,"PD",91.5037943708811,21,52.2066534971906,15
"241417.PQ-1-6-VEHICLE.m3",85.4551099490582,8801.10289225,"PD",109.325676838633,21,56.5974991858174,15
"178200.BMN-673.m1",-85.0536571772817,369.143223,NA,NA,NA,NA,NA
"178200.BMN-673.m2",86.6989574765483,17384.27168025,"PD",87.4205958409539,12,40.0201603544452,12
"178200.CARBOPLATIN.m1",87.6105908804736,9423.94946675,"PD",123.696110535378,11,47.0510399997468,11
"16720_P6_5305_231005_RES.SACITUZAMAB-GOVITECAN.m1",84.0567892488367,9525.91382375,"PD",140.236152197577,21,97.1570503542503,13
"16720_P6_5305_231005_RES.SACITUZAMAB-GOVITECAN.m2",86.6296394962474,8879.88251625,"PD",159.576628459603,22,78.0048002812582,15
"REF001_P2_8205_240124_RES.AZD-5305.m1",88.1755290013845,9298.79130825,"PD",180.646912485542,13,117.335054697315,13
"REF001_P2_8205_240124_RES.AZD-8205.m1",88.2899842385508,30897.80728875,"PD",100.386162042135,13,61.499274401902,13
"REF001_P2_8205_240124_RES.AZD-8205.m2",84.4966611585817,28774.738368,"PD",111.197751207679,15,57.0093564280573,15
"REF001_P2_8205_240124_RES.AZD-8205.m3",75.6717867911428,26457.77165,"PD",52.5888994652224,29,64.812949174796,15
"REF063.DATOPOTAMAB-DERUXTECAN.m1",68.8362781200003,48986.25556375,"PR",-90.4178879719084,22,-63.5622573241406,22
"241417.PQ-1-6.m1",-74.4181798125014,1577.30870025,"PR",-72.3729126354142,24,-48.7757237057508,28
"241417.PQ-1-6.m2",-78.412091606331,1468.943469,"PR",-85.9670813924248,24,-56.6270671216742,28
"241417.PQ-1-6.m3",-81.500552803016,996.042518,"PR",-85.7839452849959,16,-55.0620534398737,20
"REF037.CFI-402257-3ON4OFF+PACLITAXEL.m1",83.9642487942245,8169.351802,"PD",121.288263907552,12,79.1004958344531,12
"REF001.AZD-5305.m1",85.9984889116767,33046.69844475,"SD",14.4452198875995,18,-3.52990217403306,11
"REF001.AZD-5305.m2",84.8030896934543,8879.915934,"SD",12.6483443671105,10,-19.5642859049849,10
"REF016.PQ-1-6-VEHICLE.m1",87.9952088741044,14325.7457715,"PD",179.721745780271,22,167.856087160098,15
"REF016.PQ-1-6-VEHICLE.m2",-68.6911451857252,3421.063662,"PR",-64.1666226990374,22,-23.0435368343706,29
"REF016.PQ-1-6-VEHICLE.m3",79.961407896276,9078.787698,"PD",40.8867727729275,15,40.4609372987973,15
"REF016.DATOPOTAMAB-CONTROL.m1",87.8964075613275,23059.37196525,"PD",480.782286915511,22,216.85997744349,15
"REF016.DATOPOTAMAB-DERUXTECAN.m1",83.8860212970033,12752.1670495,"PD",44.1073846417581,15,15.6784554414928,15
"REF048_P7_5305_230720_RES.DATOPOTAMAB-CONTROL.m1",89.1747196200781,9371.910448,"PD",224.735876082947,11,109.962420116732,11
"REF048_P7_5305_230720_RES.DATOPOTAMAB-DERUXTECAN.m1",-47.1845321358133,1426.287817,"CR",-100,46,-79.0616761560258,291
"REF048_P7_5305_230720_RES.PQ-1-6-VEHICLE.m1",83.8389532641568,1534.56812125,NA,NA,NA,NA,NA
"241417.ADC-CONTROL.m1",73.0366328843064,15917.96127125,"PD",16.768387010604,43,51.0511397684818,12
"241417.ADC-CONTROL.m2",64.9497423346496,17080.7589805,"SD",-6.04936981265214,49,18.3054458736429,14
"REF010_P3_945_210421_RES.CARBOPLATIN.m1",-9.10537247439379,5551.1540845,"SD",-9.47078334330759,20,-11.1138800668609,13
"REF001_P2_8205_240124_RES.ADC-CONTROL.m1",87.3546524485261,17987.49739,"PD",140.416083842928,15,65.4425651229331,15
"REF001_P2_8205_240124_RES.ADC-CONTROL.m2",85.503372865682,9601.09419925,"PD",145.126951261902,13,90.576658888178,13
"REF001_P2_8205_240124_RES.ADC-CONTROL.m3",88.467432141913,5638.1373615,NA,NA,NA,NA,NA
"REF023_P2_DATOCONT_240620_RES.TRASTUZUMAB-CONTROL.m1",74.9609933566017,4820.93570325,"SD",19.7289683422032,21,16.5488481911043,14
"16720_P6_5305_231005_RES.BMN-673.m1",72.9263155987317,16970.29709575,"PD",52.8706918131746,21,59.8761368790819,21
"REF052.AZD-5305.m1",76.7641274112994,8141.6452765,"PD",78.3501355741294,15,32.6006595951797,15
"REF052.AZD-5305.m2",71.9329199552052,14132.5764785,"PD",23.2585969746009,27,47.9366493651849,27
"241417.SACITUZAMAB-GOVITECAN.m1",54.3463540711608,58507.9863605,"PR",-67.8884659097499,28,-29.4122767843714,67
"REF036.PQ-1-6.m1",-79.6884851879161,1433.62294075,"PR",-90.4790627095653,28,-60.1602150180267,28
"REF036.PQ-1-6.m2",-84.6574048867809,1183.0870875,"PR",-79.9208757008085,16,-63.4306358135384,20
"REF048_P8_CARBO_240425_RES.CARBOPLATIN.m1",88.0134923676572,10889.90260075,"PD",257.524630411522,15,153.607427260245,15
"REF063.CFI-402257.m1",89.0230088859963,7130.095931,NA,NA,NA,NA,NA
"REF063.CARBOPLATIN.m1",89.2275173329428,5667.44103,NA,NA,NA,NA,NA
"REF052.PACLITAXEL.m1",-29.868568499,24774.7910505,"SD",-49.1642335469334,74,-6.5759050784621,109
"REF052.AZD-8205.m1",86.8165648927711,5717.119883,"PD",154.487359980413,14,107.96619132616,14
"69693_P7_5305_240228_RES.H2O.m1",87.310242898906,12830.343009,"PD",313.953972694178,14,168.089442472625,14
"REF022_P2_SG_210214_RES.H2O.m1",82.6527114011025,12163.5755225,"PD",123.331530548683,13,54.3925119010242,13
"REF049_P1_945_231123_RES.CX-5461.m1",34.5551155140709,7584.7471945,"PD",-38.7901125749086,39,48.4908195295635,47
"REF001_P2_8205_240124_RES.PACLITAXEL.m1",86.0698714095805,5463.24993725,"PD",61.3229852703252,14,40.0322829590789,14
"REF049_P1_945_231123_RES.CARBOPLATIN.m1",88.7547348635873,14755.833392,"PD",207.92390003642,14,78.7885201823152,14
"REF001.AZD-8205.m1",75.1327772577924,36010.83905175,"PR",-66.8248209586966,38,-24.4473984678064,49
"REF001.AZD-8205.m2",84.0047391528747,25056.52146175,"PD",29.1846821970128,15,82.6187634497103,15
"REF001.PQ-1-6.m1",-81.2117732525616,1047.496066,"PR",-76.8383016551509,21,-56.7241285861307,21
"REF052.CARBOPLATIN.m1",87.1334708079899,11888.621952,"PD",79.9517546630841,19,20.4558371825184,12
"REF023_P2_DATOCONT_240620_RES.DATOPOTAMAB-DERUXTECAN.m1",53.2273759373117,15328.78820725,"PR",-83.1565866635725,44,-56.2237083207398,44
"REF009.ADC-CONTROL.m1",82.9127439800794,17129.606842,"PD",57.3740458015267,21,42.7427982231542,15
"REF009.ADC-CONTROL.m2",70.787647934207,15781.944396,"PD",63.1052178277216,53,49.2080799927396,11
"REF009.AZD-8205.m1",77.896886121642,11120.14129175,"PD",68.3920360100468,15,34.6235266711606,15
"REF009.AZD-8205.m2",-41.3487237558076,12160.04552775,"SD",-51.262099132803,39,-14.2963942150955,61
"REF048_P8_945_231129_RES.PQ-1-6-VEHICLE.m1",88.5705238521604,17027.86297425,"PD",212.175525837351,13,94.4966977222697,13
"REF048_P8_945_231129_RES.PQ-1-6-VEHICLE.m2",88.6302777129372,19809.32901775,"PD",144.904037882799,13,60.7274801609573,13
"REF022.TRASTUZUMAB-DERUXTECAN.m1",46.299953965339,15338.28674175,"PR",-59.5124857549139,33,-30.1627519133575,40
"REF047.AZD-8205.m1",-36.5651404653661,15231.6136205,"CR",-98.031104609381,79,-80.8217972939689,122
"REF047.AZD-8205.m2",-60.4049375144306,3809.10117375,"CR",-99.1565822011855,91,-55.4029435070324,98
"REF047.AZD-8205.m3",-45.0376787079694,1164.9713455,"CR",-100,70,-82.3678438818464,231
"REF063.PACLITAXEL.m1",74.4958539967485,47830.90357175,"SD",-89.8176628522274,25,17.8897227443624,49
"16720_P6_5305_231005_RES.CARBOPLATIN.m1",74.5531356467205,11879.184908,"PR",-59.0307328442104,13,-37.6083099879252,26
"REF047.ADC-CONTROL.m1",88.5502922038779,7193.957883,NA,NA,NA,NA,NA
"REF047.ADC-CONTROL.m2",76.0007718285593,10333.9054205,"SD",-4.46322781939555,12,5.94384912950042,12
"REF047.ADC-CONTROL.m3",74.7182604623049,14932.1302505,"PR",-62.4339885324461,10,-34.7112483650932,10
"REF047.ADC-CONTROL.m4",81.5392168525812,15643.3036495,"SD",-0.0603202456679127,10,0.428730067613637,10
"38807.AZD-5305.m1",55.6015455822335,16349.37418525,"PD",2.2571868267159,55,56.9554267113824,63
"REF022_P2_8205CONT_231206_RES.PQ-1-6-VEHICLE.m1",82.6695181617083,5075.203704,"PD",76.8186046511628,20,14.6874478897502,14
"REF063.AZD-5305.m1",89.2948363721307,11318.77024125,NA,NA,NA,NA,NA
"REF047_P3_DATO_240415_RES.TRASTUZUMAB-DERUXTECAN.m1",88.2334638538352,8261.48995125,"PD",181.699151899248,13,84.7779759084483,13
"69693.TRASTUZUMAB-CONTROL.m1",84.7350857963681,6100.237782,"PD",22.792687708497,14,30.6621534961806,14
"69693.TRASTUZUMAB-CONTROL.m2",62.706778853293,20003.88963075,"SD",-22.5685779205646,15,-9.29871829951393,21
"INSB019_P2_8205_240104_RES.H2O.m1",87.0813621355171,11300.35991875,"PD",88.1742603236725,16,44.6879161340292,16
"REF048_P8_945_231129_RES.BMN-673.m1",56.8214075988095,19188.3283815,"PD",-9.65123173111837,49,55.7831647602395,77
"48602_P2_8205CONT_231129_RES.ADC-CONTROL.m1",77.7467105667646,52494.539754,"PD",66.3886030488278,29,39.2120340657611,14
"48602_P2_8205CONT_231129_RES.ADC-CONTROL.m2",75.4490276296123,29081.7255085,"PD",35.5886550926629,28,129.957245118003,28
"48602_P2_8205CONT_231129_RES.AZD-8205.m1",7.00548578061784,21010.556475,"SD",-39.578011785208,56,-15.6555742045959,78
"48602_P2_8205CONT_231129_RES.AZD-8205.m2",78.9646294462589,10743.12871875,"SD",-0.434056955735335,13,0.817129949649518,13
"REF037.PACLITAXEL.m1",87.1505894220706,16226.04231425,"PD",317.538511403503,26,158.769255701751,26
"REF025_P6_TTK/TAX_210825_RES.CDX-011.m1",84.3144548462652,6514.3392075,"PD",106.296018834855,13,81.08882474588,13
"48602_P2_8205CONT_231129_RES.SACITUZAMAB-GOVITECAN.m1",57.4671403887694,13689.31839,"PR",-80.9220165291932,20,-45.9574527915611,20
"85277_P3_SG_240606_RES.H2O.m1",83.7743799799204,3576.889274,"PD",84.0211328271926,14,27.3602844256391,14
"85277_P3_SG_240606_RES.H2O.m2",88.3129717733602,10623.16484825,"PD",241.374873849315,13,119.750512544558,13
"85277_P3_SG_240606_RES.DATOPOTAMAB-CONTROL.m1",35.8051588905325,52419.97721625,"PD",91.064788622436,292,58.258239235356,286
"REF042_P2_CDX_230104_RES.CARBOPLATIN.m1",86.3405409096943,14059.66830475,"PD",128.786386321062,19,68.416297317677,11
"241417_P3_8205_240124_RES.AZD-5305.m1",88.159255774599,11486.23337,"PD",379.101546321885,22,170.684221880296,14
"241417_P3_8205_240124_RES.ADC-CONTROL.m1",87.3543684172375,12353.944671,"PD",415.395171131747,14,202.398549765403,14
"241417_P3_8205_240124_RES.ADC-CONTROL.m2",88.433934216847,11194.95104275,"PD",218.905878451351,15,130.880746970301,15
"REF062.AZD-8205.m1",89.5011751657601,15910.5305295,NA,NA,NA,NA,NA
"REF062.AZD-8205.m2",87.2321515676579,15993.1730625,"PD",174.946965472262,14,110.425499891513,14
"REF049_P1_945_231123_RES.CFI-400945.m1",87.7437391201082,12626.065347,"PD",189.047145865062,13,86.1034351706212,13
"REF049_P1_945_231123_RES.CFI-400945.m2",88.2954006812517,8435.79805075,"PD",297.667131136475,15,115.143143750762,15
"73062_P7_DATOCONT_240815_RES.DATOPOTAMAB-CONTROL.m1",86.0126675327515,16661.0081375,"PD",170.41368010175,15,74.3040100580384,15
"48602_P2_8205CONT_231129_RES.H2O.m1",87.753617880157,15157.550961,"PD",294.726543624568,15,139.335363651208,15
"INSB019_P2_8205_240104_RES.ADC-CONTROL.m1",61.0162788199434,1476.976044,NA,NA,NA,NA,NA
"REF048_P8_945_231129_RES.H2O.m1",88.8885887007426,11360.067375,"PD",326.388789231682,15,128.657890406877,15
"REF052.TRASTUZUMAB-CONTROL.m1",85.2780969613646,16301.59627425,"SD",12.4511470954762,13,3.29950727945188,13
"REF052.DATOPOTAMAB-CONTROL.m1",88.1840454164279,9320.00012875,"PD",317.192999414102,13,164.106277183891,13
"REF052.PQ-1-6-VEHICLE.m1",77.8190156075273,5078.17261425,"PD",93.5438129872747,28,63.2208875612954,13
"REF052.PQ-1-6-VEHICLE.m2",75.3416786790978,5637.33037325,"SD",25.5005327154944,30,16.7186375426921,16
"REF037.CFI-400945-52WEEKLY.m1",77.2236282675145,19392.608862,"PR",-56.5155150389309,12,-42.101901644113,19
"REF006.TRASTUZUMAB-CONTROL.m1",82.9353789232886,15289.2105545,"PD",109.261107770214,14,54.8571323928211,14
"REF036.ADC-CONTROL.m1",85.5345623751631,6485.74307675,"PD",84.7977705018692,14,31.6316703009116,14
"REF062.ADC-CONTROL.m1",88.6131825233038,10585.69991825,"PD",301.394072262458,14,134.27534292407,14
"69693_P7_5305_240228_RES.AZD-8205.m1",-61.8994565108411,2273.4922465,"CR",-100,52,-54.4749591916931,52
"73062.PQ-1-6.m1",-77.9051979366247,693.901938,"CR",-96.0889560493356,17,-71.739575362086,28
"73062.PQ-1-6.m2",-76.3468088693912,901.85841275,"CR",-95.8728439736918,28,-63.9137038157483,28
"73062.PQ-1-6.m3",-79.64715158398,639.287328,"CR",-96.4604986159311,20,-72.6657848667541,27
"73062.ADC-CONTROL.m1",12.4729257371996,28827.211614,"CR",-99.5954625150085,84,-70.763358209031,98
"73230_P2_8205CONT_231111_RES.AZD-5305.m1",74.2150886337797,9809.05767475,"SD",17.4005000533836,15,-3.10025501978914,15
"178200.ADC-CONTROL.m1",89.3044273347644,12636.84355475,NA,NA,NA,NA,NA
"178200.SACITUZAMAB-GOVITECAN.m1",85.1619914073868,10588.810038,"PD",-15.9022724355308,13,30.0412620430875,13
"178200.TRASTUZUMAB-CONTROL.m1",88.7899767102497,13371.6712435,"PD",212.357719976205,13,88.866891532826,13
"178200.TRASTUZUMAB-DERUXTECAN.m1",88.6132723395844,20177.88163925,"SD",16.200664840817,13,17.750043176767,13
"178200.DATOPOTAMAB-DERUXTECAN.m1",77.5718871456132,14286.377098,"PR",-83.0703722102113,20,-45.7186876702785,34
"REF022.PQ-1-6-VEHICLE.m1",76.8309614119745,4329.7407065,"PD",40.9868410942088,14,36.7835799044745,14
"REF022.PQ-1-6-VEHICLE.m2",86.2290166624931,9622.6814,"PD",105.579342506857,14,49.6060571112363,14
"REF022.PQ-1-6-VEHICLE.m3",87.4474260019678,14143.218776,"PD",238.840893337741,14,129.27980572354,14
"REF037.H2O.m1",88.620149950608,25140.600438,"SD",-6.47102475306641,12,-4.66154538915141,12
"REF037.CFI-400945.m1",72.4691468384195,19934.5019265,"SD",-32.5929752066116,12,-12.731867768595,12
"REF037.BMN-673.m1",85.6752810540374,17343.352913,"SD",-33.1418324388598,12,-35.3570240275948,12
"REF037.CFI-402257.m1",84.446941782477,12959.728016,"PR",-71.0818936877076,12,-46.4141285002373,12
"REF037.CX-5461.m1",84.9809365000145,14817.61230475,"PR",-68.2124978917187,12,-36.1809167074937,12
"178200.H2O.m1",86.7148593325292,13306.14430925,"PD",66.1143009166157,10,61.7252986866087,10
"178200.H2O.m2",87.7102790964881,17434.721395,"PD",65.318328991229,10,16.7194449086644,10
"178200.H2O.m3",88.8888740484006,14969.28843475,"PD",167.200824543056,13,75.3085359133297,13
"178200.AZD-5305.m1",86.1211021114087,13132.73479375,"PD",35.6574507291968,10,20.1034857324832,10
"178200.AZD-5305.m2",79.1343116559081,5897.759342,"SD",-24.5369606008473,10,-18.4618263132966,17
"178200.AZD-5305.m3",85.5391591621181,4566.26281525,"SD",30.6091516163577,11,7.2494845854776,11
"178200.AZD-8205.m1",83.3988848751568,9103.9268335,"SD",-33.0790386062212,10,-17.9794774204938,14
"178200.AZD-8205.m2",86.8591391934005,7023.0261595,"PD",138.981186694021,15,52.5268991152133,11
"REF036.PEG400.m1",85.692200302869,4795.450773,"PD",110.816689732568,10,72.2109132355166,10
"REF036.PEG400.m2",81.4635561536441,4002.284898,"PD",57.6133206901567,10,53.3781611928473,10
"REF036.PEG400.m3",44.6159369637313,2321.84463575,"SD",-20.7486887297319,11,4.93885487934245,11
"REF036.PEG400.m4",-69.0882342483596,1923.9595095,"PR",-71.0670928929278,11,-33.9327671748002,18
"REF036.PEG400.m5",42.9375000302598,2369.32901725,"SD",-29.0843800237812,16,1.0037548156956,16
"REF016.FLUVASTATIN+TERBINIFINE.m1",85.7959691165232,4940.85723675,"PD",135.111375,10,57.2475333161157,10
"REF016.FLUVASTATIN+TERBINIFINE.m2",84.3289662178515,5117.905747,"SD",31.897324056415,10,-4.20199216818534,10
"REF016.FLUVASTATIN+TERBINIFINE.m3",68.3311009691506,2191.3344695,"SD",-2.98250617805581,13,-14.4889588116548,13
"REF016.FLUVASTATIN+TERBINIFINE.m4",79.6527213429845,3692.79126725,"PD",51.6493603722481,13,31.2652222145056,13
"REF016.FLUVASTATIN+TERBINIFINE.m5",87.4666651923798,7292.88601425,"PD",255.539764413082,14,121.230942397649,10
"REF016.FLUVASTATIN+TERBINIFINE.m6",84.1876777675175,4953.9584335,"PD",40.812885100225,10,5.38936270741238,10
"REF016.TOPOTECAN-LOW.m1",63.1440529843076,3294.26478275,"SD",-45.0657037939436,10,-1.70943630351549,10
"REF016.TOPOTECAN-LOW.m2",88.3978689029239,12577.26157125,"PD",246.771504459282,13,173.26609270676,10
"REF016.TOPOTECAN-LOW.m3",-75.1293088481757,2668.458789,"PR",-58.1433882567137,17,-22.3531812211457,21
"REF016.TOPOTECAN-LOW.m4",-69.49050355557,2299.660203,"SD",-54.0451127819549,21,-15.3766561538686,21
"REF016.TOPOTECAN-LOW.m5",-80.6095022437095,1585.38522975,"PR",-74.7081201626656,14,-47.4090396075786,21
"REF016.ADC-CONTROL.m1",84.078672796108,10968.171671,"SD",23.1039687530222,15,10.310038978432,11
"REF016.ADC-CONTROL.m2",86.4725320413272,15400.107079,"PD",47.0623573230806,15,37.4875675548875,11
"REF016.ADC-CONTROL.m3",87.535869113195,22225.79873,"PD",143.965476686747,10,66.5126873420524,10
"REF016.AZD-8205.m1",88.5284834777,28386.95585075,"PD",256.821862510627,15,146.317059863749,11
"REF016.AZD-8205.m2",87.5618628775418,27499.44992175,"PD",77.4011935937862,11,8.57180068765254,11
"REF016.AZD-8205.m3",86.4510290101771,14537.929618,"PD",36.655451926619,14,5.59365515359293,10
"REF016.AZD-8205.m4",84.5556626304489,13197.402643,"PD",58.0191450980392,17,32.6183160130719,10
"REF016.AZD-8205.m5",87.5283959948032,25284.541005,"PD",209.407199701891,15,120.718478277013,11
"REF016.AZD-8205.m6",85.5550846096144,16449.079039,"PD",57.5750168142905,15,26.291071231794,11
"INSB014.TOPOTECAN-LOW.m1",-7.4903267098173,3959.71142775,"SD",-13.352013489387,16,-2.01165231766184,16
"REF036.FLUVASTATIN+TERBINIFINE.m1",-76.8596768005125,2423.00884125,"PR",-54.0552613979404,18,-35.3474382490319,23
"REF036.FLUVASTATIN+TERBINIFINE.m2",25.5316759459034,2874.0145505,"SD",-36.2152411009481,18,-12.4016548579608,18
"REF036.FLUVASTATIN+TERBINIFINE.m3",82.1930980305358,4136.64590875,"PD",73.0153187687358,17,49.6218717752399,10
"REF036.FLUVASTATIN+TERBINIFINE.m4",75.7471584772384,3724.881687,"PD",9.87225651577504,17,48.8947876975055,17
"REF036.FLUVASTATIN+TERBINIFINE.m5",-18.2910127523559,1764.25630275,"SD",-17.9271743807308,14,-30.6244734967868,14
"REF036.FLUVASTATIN+TERBINIFINE.m6",-53.9296322681537,1657.13823,"SD",-44.5607366945532,14,-39.9290405838377,14
"REF036.FLUVASTATIN+TERBINIFINE.m7",-69.38631500868,1211.2261055,"PR",-50.9850114882656,14,-42.3432754884297,16
"REF023_P5_TTK/TAX_210610_RES.CFI-400945-52WEEKLY.m1",46.7728630632587,5432.00279325,"SD",-18.4585210393405,18,-5.30862079896783,18
"REF048.ERIBULIN-LOW.m1",22.7692656514922,6107.516172,"CR",-96.6370313885576,22,-42.1066090643951,49
"REFOV042.PACLITAXEL.m1",-13.1649384450005,20635.1845245,"PR",-90.2726359652035,149,-64.6904904025306,182
"REFOV042.PACLITAXEL.m2",-8.33247941710269,27185.14027975,"CR",-97.1906659877443,62,-57.8746484820817,133
"REF006.PEG400.m1",81.4652020938738,3644.3617115,"PD",31.7248871068203,14,32.1883832918094,14
"REF006.PEG400.m2",52.9585978916679,3090.896024,"SD",-15.7073258433202,10,-7.85366292166008,10
"REF006.PEG400.m3",74.8931982972338,3529.17252775,"SD",13.8215687134465,10,6.91078435672326,10
"REF006.PEG400.m4",31.1682947877683,2919.517872,"SD",5.78886754424643,10,4.18743073041829,10
"REF006.FLUVASTATIN+TERBINIFINE.m1",48.6721902976798,2048.54125975,"SD",13.4044496487119,14,7.38944088250726,14
"REF006.FLUVASTATIN+TERBINIFINE.m2",85.2582958686378,7653.10922225,"SD",6.60162168242997,15,17.8127887864693,15
"REF006.FLUVASTATIN+TERBINIFINE.m3",84.9867838314631,8025.4891435,"PD",69.1036530364717,17,40.7386904887635,10
"REF006.FLUVASTATIN+TERBINIFINE.m4",75.1568062442332,3640.07124475,"SD",-21.3245752613561,14,9.80049122090632,14
"REF006.FLUVASTATIN+TERBINIFINE.m5",14.2669598388651,2142.63050375,"SD",-27.7096286565399,14,-10.3076868395141,14
"REF006.FLUVASTATIN+TERBINIFINE.m6",-78.6029409713396,2160.241644,"PR",-72.882788671024,21,-32.5679980634229,21
"REF006.FLUVASTATIN+TERBINIFINE.m7",-62.6723308841651,2298.51942725,"SD",-41.4383625842761,14,-14.3812459603078,16
"REF016.AZD-5305.m1",85.5656238180486,30512.190133,"PD",174.395903433418,14,161.144248857834,10
"REF016.AZD-5305.m2",7.6957304895269,13594.92767325,"SD",-49.6261227984507,24,-9.11336186917224,24
"REF016.AZD-5305.m3",37.2044713221936,14402.87015925,"SD",-39.0041956648658,29,-27.2713137621446,11
"REF016.AZD-5305.m4",27.0717444692511,14093.95791425,"SD",-46.5760604437704,25,-34.1457898235763,18
"REF016.AZD-5305.m5",65.8964920730304,41573.92189625,"SD",-55.3364689693824,21,-19.2961372235565,28
"REF016.AZD-5305.m6",48.615081753015,13550.406397,"SD",-44.5210151896769,18,-21.2386656185539,18
"REF016.AZD-5305.m7",43.9203966596061,13447.26611275,"SD",-32.1115368783373,53,15.6620570563496,36
"REFOV042.ERIBULIN-LOW.m1",-20.1831321390936,7145.8963445,"CR",-99.5703729163086,47,-77.2196486641902,160
"REFOV042.ERIBULIN-LOW.m2",-30.7315242201036,28161.809865,"CR",-99.7845769365699,92,-58.2135987686048,202
"REF036.AZD-5305.m1",77.9577467432036,12984.2516055,"SD",-43.5446866415673,11,-27.4255446327198,11
"REF048_P7_8205_230803_RES.CARBOPLATIN.m1",88.114166224337,8055.11199075,"PD",336.968211685851,14,145.35170037017,14
"REF048_P7_8205_230803_RES.CARBOPLATIN.m2",88.7562840093521,17762.77231225,"PD",300.618035529326,11,134.92022989134,11
"REF052.CDX-011.m1",67.8247876242801,12100.2680995,"SD",11.5709281009911,11,-0.625169747500802,11
"REF052.CDX-011.m2",65.5333969814646,18566.212119,"SD",-34.5108359352554,19,-14.2822142859512,19
"REF048_P7_8205_230803_RES.AZD-5305.m1",89.2915940417863,10167.139291,"PD",580.658048022411,11,227.453253372273,11
"REF048_P7_8205_230803_RES.AZD-5305.m2",89.4216210790722,7821.359177,NA,NA,NA,NA,NA
"REF048_P7_8205_230803_RES.AZD-8205.m1",87.6414889416646,1686.896889,NA,NA,NA,NA,NA
"REF048_P7_8205_230803_RES.AZD-8205.m2",88.2407973053373,13801.62365925,"PD",1.36417497608605,10,32.1778339943787,10
"REF048_P7_8205_230803_RES.AZD-8205.m3",88.1006402307954,18526.2629085,"PD",165.770752259493,11,144.824329031005,11
"REF048_P7_8205_230803_RES.BMN-673.m1",89.4752127363994,5452.774884,NA,NA,NA,NA,NA
"REF048_P7_8205_230803_RES.BMN-673.m2",89.0740349340555,1211.800223,NA,NA,NA,NA,NA
"REF048_P7_8205_230803_RES.CX-5461.m1",88.9904432247541,5637.832547,NA,NA,NA,NA,NA
"REF048_P7_8205_230803_RES.CX-5461.m2",87.3442419371665,5314.90653475,"PD",140.385694567303,11,65.8015918547292,11
"REF048_P7_8205_230803_RES.SACITUZAMAB-GOVITECAN.m1",80.6365201838503,27170.52352275,"PD",-8.73667999274327,29,34.2438054800052,32
"REF048_P7_8205_230803_RES.SACITUZAMAB-GOVITECAN.m2",84.7168431304086,18090.92111725,"PD",-9.36843125404993,15,55.1171068599955,22
"72955.FLUVASTATIN+TERBINIFINE.m1",86.9899682776071,6362.882858,"PD",60.3642204971567,10,25.2708495725082,10
"72955.FLUVASTATIN+TERBINIFINE.m2",82.4029899416111,3914.96904925,"SD",33.9619610703728,10,11.9795369908243,10
"72955.FLUVASTATIN+TERBINIFINE.m3",88.401524358449,12557.864132,"PD",127.18803776167,10,69.3024313243103,10
"72955.FLUVASTATIN+TERBINIFINE.m4",86.615275543336,3309.739319,"PD",117.747443650162,10,76.4112405669092,10
"72955.FLUVASTATIN+TERBINIFINE.m5",88.8541555115683,13086.933166,"PD",482.519500396825,16,160.649341190476,13
"72955.FLUVASTATIN+TERBINIFINE.m6",85.3608908741674,5364.0428845,"PD",66.2547158001278,10,15.2250225291214,10
"REF041.PACLITAXEL.m1",17.6189072406517,26322.33432225,"PR",-75.7078701801215,93,-22.2495391119082,134
"REF041.PACLITAXEL.m2",-17.1008588278163,21630.652361,"CR",-100,47,-55.416873348319,272
"REF041.PACLITAXEL.m3",-22.749545716701,12669.05688625,"CR",-97.7031453194031,56,-59.7007974688064,65
"REF010_P3_945_210421_RES.ERIBULIN-LOW.m1",1.03457827043816,21222.3504435,"CR",-100,60,-67.3189812930801,102
"REF049.BMN-673.m1",85.9798778499208,19860.550471,"SD",13.8184303766524,11,6.90921518832618,11
"REF043_P3_TTK/TAX_220413_RES.CARBOPLATIN.m1",-40.2632720912364,1541.15695775,"CR",-100,68,-71.0077850878262,225
"REF016.PEG400.m1",84.9402737725725,5061.2765545,"PD",92.217896546694,13,49.9947406996271,13
"REF016.PEG400.m2",69.9648880472296,2940.071039,"SD",13.2077097482819,13,18.0845734496866,13
"REF016.PEG400.m3",86.7461209737566,5049.92456,"PD",44.3101952502989,10,27.0671226516886,10
"REF048_P7_5305_230720_RES.BMN-673.m1",87.6572706781379,8399.59918525,"PD",105.741435525445,11,54.2257076622753,11
"REF048_P7_5305_230720_RES.BMN-673.m2",86.0316565801953,9755.3710875,"PD",54.9837473254115,21,67.7041831548821,21
"REF048_P7_5305_230720_RES.BMN-673.m3",85.7193121592458,6086.81081675,"PR",-55.8470050104529,10,-46.5798856405989,10
"REF048_P7_5305_230720_RES.CARBOPLATIN.m1",78.7581129494243,718.0875,NA,NA,NA,NA,NA
"REF048_P7_5305_230720_RES.CARBOPLATIN.m2",89.3939040758418,26445.0998735,"PD",345.295522265321,15,138.515517250432,15
"REF048_P7_5305_230720_RES.CARBOPLATIN.m3",87.2528933177508,5454.7598155,"PD",83.0550167868971,10,20.426145148159,10
"REF048_P7_5305_230720_RES.CARBOPLATIN.m4",88.4497280709462,9344.8012755,"PD",299.405579485227,14,159.965529664175,14
"REF037.CDX-011.m1",88.8307311853715,18897.7960665,"PD",341.466215936652,13,160.463896721476,13
"REF022_P9_TAX_221026_RES.H2O.m1",78.2824339575112,21835.078567,"SD",-35.0918446168087,19,-19.2746642772785,26
"REF022_P9_TAX_221026_RES.PACLITAXEL.m1",73.8726191691624,19000.568571,"SD",-36.7910924287896,19,-15.3427847497,19
"REF022_P9_TAX_221026_RES.PACLITAXEL.m2",69.9087912108612,19529.11431775,"SD",-32.8127606599923,27,3.14403827780816,27
"241417.AZD-5305.m1",64.8628997024851,16323.99994925,"SD",-41.8020450600139,10,-30.367718451081,14
"REF023_P5_TTK/TAX_210610_RES.CDX-011.m1",-57.4697402573075,1329.6218395,NA,NA,NA,NA,NA
"REF020_P3_CDX_210608_RES.H2O.m1",87.6579603224382,17293.811976,"PD",118.325547969817,12,59.196540725658,12
"INSB019.PEG400.m1",83.8168514870535,4505.603202,"PD",35.4196451748244,10,14.9642371195899,10
"INSB019.PEG400.m2",63.7994732918214,3130.78684375,"SD",-0.0553698948406812,15,18.9972604636149,15
"INSB019.PEG400.m3",80.4750740785093,3992.93040225,"PD",53.660452614784,10,15.8649634919904,10
"INSB019.FLUVASTATIN+TERBINIFINE.m1",NA,NA,NA,NA,NA,NA,NA
"INSB019.FLUVASTATIN+TERBINIFINE.m2",82.5059239082867,6113.112531,"SD",15.6023962412941,10,-1.16590703962147,10
"INSB019.FLUVASTATIN+TERBINIFINE.m3",81.592485097217,5267.477069,"PD",12.3136641626095,17,30.7856907911058,10
"INSB019.FLUVASTATIN+TERBINIFINE.m4",76.0434574659997,4824.72269675,"SD",13.8628316081061,17,7.48216763618803,10
"INSB019.FLUVASTATIN+TERBINIFINE.m5",-83.2916397434171,1377.124292,"PR",-71.927622451462,14,-57.5205914486007,21
"INSB019.FLUVASTATIN+TERBINIFINE.m6",-76.6823396590037,1210.7438835,"PR",-62.1895592371993,16,-47.8993528694296,16
"95412_P2_BMN_210901_RES.CDX-011.m1",-27.3622116105727,25470.32917425,"CR",-100,29,-82.3554863057386,105
"REF016.DMSO.m1",-79.5333615808905,286.25476275,NA,NA,NA,NA,NA
"REF016.DMSO.m2",85.97724882108,3916.757788,"PD",85.4823187954015,10,55.1386747060349,10
"REF016.DMSO.m3",86.6348142387964,5525.0789995,"PD",210.904439058113,15,85.7660924013319,10
"REF016.TOPOTECAN.m1",-76.3224081612107,1485.23912275,"PR",-95.9733460676264,17,-32.2778492598732,21
"REF016.TOPOTECAN.m2",NA,NA,NA,NA,NA,NA,NA
"REF048_P7_5305_230720_RES.AZD-5305.m1",88.733230022863,14741.203059,"PD",84.6209896477594,11,20.2821348997825,11
"REF048_P7_5305_230720_RES.AZD-5305.m2",89.4988095846706,13662.406367,NA,NA,NA,NA,NA
"REF048_P7_5305_230720_RES.AZD-5305.m3",88.9352743648617,14405.1259035,"PD",96.3449803534311,10,52.3863534304308,10
"REF048_P7_5305_230720_RES.AZD-5305.m4",88.6805764623394,13673.51187325,"PD",199.085813318838,11,73.5206901053926,11
"REF048_P7_5305_230720_RES.CX-5461.m1",89.0676117182652,10205.115474,NA,NA,NA,NA,NA
"REF048_P7_5305_230720_RES.CX-5461.m2",87.1028338876463,3920.495672,"PD",140.932212287969,10,55.8954051477813,10
"REF048_P7_5305_230720_RES.CX-5461.m3",89.2810894505321,9472.396964,NA,NA,NA,NA,NA
"REF048_P7_5305_230720_RES.CX-5461.m4",88.5459830222997,9627.71646625,"PD",271.927530018184,10,113.335472127467,10
"100672_P5_ERIB_220413_RES.CFI-400945.m1",74.1061781045394,10066.71331525,"SD",17.6837126253216,13,-0.63649215908083,13
"100672_P5_ERIB_220413_RES.CFI-400945-52WEEKLY.m1",78.6223100178828,12083.09372375,"SD",22.1230999305667,13,8.5343841798857,13
"100672_P5_ERIB_220413_RES.CARBOPLATIN.m1",-64.4605511330983,9865.68820925,"CR",-97.4601927544379,76,-61.2526350897018,115
"100672_P5_ERIB_220413_RES.PACLITAXEL.m1",68.083336915798,20438.4309685,"SD",-31.4172839506173,21,-8.38259767962792,27
"REF047_P1_ERIBLD_210107_RES.H2O.m1",84.4763154616925,23408.325557,"PD",90.1064001278504,13,65.8599777429712,13
"REF047_P1_ERIBLD_210107_RES.PACLITAXEL-15DAILY.m1",79.0625487994913,21644.430416,"SD",15.072379868282,21,22.7983518081868,21
"REF047_P1_ERIBLD_210107_RES.PACLITAXEL.m1",71.0103282591245,23636.9324885,"SD",-21.9657361164226,28,1.45202960374372,41
"REF047_P1_TTK/TAX_220217_RES.CFI-400945-52WEEKLY.m1",85.719284080588,13751.920409,"PD",72.1162230600148,12,46.3020083489542,12
"REF047_P1_TTK/TAX_220217_RES.CFI-402257-3ON4OFF.m1",86.5281829346782,9804.2055405,"PD",151.106635081733,12,77.2251986932473,12
"REF047_P2_ERIB_221026_RES.CFI-400945.m1",77.0765502139244,12653.15582075,"SD",27.4019223068213,13,4.05883301557093,13
"REFOV042.PACLITAXEL-15DAILY.m1",86.047916116382,9522.948064,"PD",88.6268969011105,21,42.6037636594233,15
"REFOV042.PACLITAXEL-15DAILY.m2",80.8750036847734,63140.19371175,"SD",33.4448235206006,36,16.7224117603003,36
"REF048.CFI-400945-52WEEKLY.m1",81.1088393880316,6175.673656,"SD",-27.624631795247,13,-10.783413972062,13
"REF048.CFI-400945-52WEEKLY.m2",-48.7580879923198,8432.5263795,"PR",-81.3645602303866,12,-27.2472167392229,12
"REF036_P7_945W_220208_RES.CDX-011.m1",77.9279154605028,16982.283263,"PR",-82.9533347538888,39,-39.0197213343751,46
"REF052.CFI-400945-52WEEKLY.m1",79.9728267001561,17883.2432325,"PD",188.059156263421,17,85.9845838867071,17
"95412.PACLITAXEL.m1",-5.59718271567953,20856.53953275,"CR",-100,28,-78.0903508080622,250
"72955.TOPOTECAN.m1",-62.9751335382678,1653.15777475,"SD",-39.664505684065,12,-18.4298919646599,19
"72955.TOPOTECAN.m2",NA,NA,NA,NA,NA,NA,NA
"72955.TOPOTECAN.m3",NA,NA,NA,NA,NA,NA,NA
"72955.TOPOTECAN.m4",63.743094952195,14578.9897855,"SD",-16.8289875562114,14,-1.77854246784633,14
"REF052.BMN-673.m1",76.476190993027,8097.83061725,"SD",28.4975183727781,11,13.446430754854,11
"REF052.BMN-673.m2",86.3577085373593,3684.111498,NA,NA,NA,NA,NA
"REF047_P2_ERIB_221026_RES.PACLITAXEL.m1",82.4430829157566,8553.424179,"PD",56.8726413070924,18,68.9829690834298,18
"REF052.CFI-400945.m1",-42.5552889085315,9463.6387665,"PR",-89.6031742132936,110,-73.8328661025219,203
"REF052.CFI-400945.m2",-67.8329837556014,2273.497959,"SD",-26.3098548297751,12,-17.5734977336201,12
"REF023_P5_TTK/TAX_210610_RES.CFI-402257.m1",46.0742886476431,5286.366344,"SD",-4.40767519466074,12,-5.64672636378747,12
"REFOV042.CARBOPLATIN.m1",77.5773505350143,19047.53329275,"PD",56.1182560816735,21,43.7062077177918,13
"REF023_P5_TTK/TAX_210610_RES.PACLITAXEL.m1",68.9304414784477,15155.5134055,"SD",-4.78847506327018,48,6.53907274521576,19
"178200.CFI-400945.m1",88.2802137805681,11057.0964905,"PD",110.069769458367,13,61.8429972231232,13
"REF048_P7_5305_230720_RES.AZD-8205.m1",85.0577246479476,14081.59206725,"PD",90.6634830471856,10,37.4148912256569,10
"REF048_P7_5305_230720_RES.AZD-8205.m2",87.0684022192877,9014.83777025,"SD",16.0065033818096,10,13.8077716962824,10
"REF048_P7_5305_230720_RES.AZD-8205.m3",-60.8649093698176,25660.964384,"PR",-69.3745449942846,53,-20.2077160091053,78
"REF010_P3_945_210421_RES.CFI-400945-52WEEKLY.m1",-2.1551843002109,862.38825,NA,NA,NA,NA,NA
"REF048_P7_8205_230803_RES.CFI-400945.m1",-58.2539782023995,3384.319912,"PR",-79.0886314612947,42,-40.814237569496,49
"178200.CX-5461.m1",86.3179187249583,18173.8007135,"SD",23.8123820103098,11,23.8824896148377,11
"REF022_P9_TAX_221026_RES.CARBOPLATIN.m1",84.5242327414993,9333.969988,"PD",228.753771637664,15,90.4966701669236,15
"REF036_P7_945W_220208_RES.CFI-400945.m1",75.3101758656606,20744.98627975,"PD",52.8592355279051,11,28.9112693529624,11
"REF044_P1_TTK+TAX_210707_RES.CFI-400945-52WEEKLY.m1",85.6651925157314,15727.6295025,"PD",96.8381664004274,14,60.074529358581,14
"REF044_P1_TTK+TAX_210707_RES.CFI-402257.m1",83.6704700410213,9034.917047,"PD",70.2145110410094,14,44.103443743428,14
"REF044_P1_TTK+TAX_210707_RES.CFI-402257-3ON4OFF+PACLITAXEL.m1",21.2628630025472,59106.0534635,"SD",-75.0214296618993,134,4.77135342652203,14
"INSB014.FLUVASTATIN+TERBINIFINE.m1",87.8947581957502,6758.8057415,"PD",119.633138269639,14,41.6280724743454,10
"REF042_P2_CDX_230104_RES.CFI-400945.m1",-57.1502003623062,5793.09750275,"PR",-65.6371561583505,46,-32.3250561109581,60
"REF042_P2_CDX_230104_RES.BMN-673.m1",55.1137707105983,8406.2183305,"SD",-38.8114115703912,11,-16.0702559158021,11
"REF048_P7_5305_230720_RES.H2O.m1",89.2563327606161,10538.42755425,"PD",251.021721843715,10,81.9732124505345,10
"REF048_P7_5305_230720_RES.H2O.m2",88.1214102432609,8135.777336,"PD",227.546313488001,11,92.9880523477763,11
"178200.CDX-011.m1",86.909006249122,23163.7937255,"PD",106.667698564159,12,71.9573190290139,12
"72955.PEG400.m1",88.8077392111169,14726.98781625,"PD",6.71343376623377,10,34.5124233766234,10
"72955.PEG400.m2",88.8545200409443,13656.42503,"PD",237.638888888889,10,114.669914384487,10
"72955.PEG400.m3",89.5112139748837,29510.8233965,"PD",1134.84671604334,16,532.379720190365,13
"72955.DMSO.m1",87.8100395710366,8131.620043,"PD",64.9938750144525,10,46.423222699156,10
"72955.DMSO.m2",88.9488579519378,16559.89244325,"PD",145.659503537658,10,92.6436813462937,10
"72955.DMSO.m3",86.4764522351804,385.933425,NA,NA,NA,NA,NA
"REF022_P9_TAX_221026_RES.PACLITAXEL-15DAILY.m1",82.2235256700553,9417.4765565,"SD",-19.0950199046156,12,-7.41559461703691,12
"REF047_P1_TTK/TAX_220217_RES.ERIBULIN-LOW.m1",66.4020817250733,30829.86748975,"PR",-96.5786342706898,64,-26.4781875382621,64
"REFOV042.ERIBULIN-EXTRALOW.m1",-13.4677836186973,11156.352205,"CR",-95.754661911888,78,-47.7772280444002,161
"REF048.ERIBULIN.m1",-62.6105145597857,2682.433302,"CR",-100,33,-88.2270742043951,366
"REF048.CFI-402257-3ON4OFF+PACLITAXEL.m1",86.5384744839711,16720.144675,"SD",-15.6278032772306,12,-0.286167170818801,12
"REF062.CX-5461.m1",87.4964409472894,8036.6729615,"PD",55.249612552073,12,31.4421235452622,12
"REF062.CX-5461.m2",88.8974099701269,11009.9831055,NA,NA,NA,NA,NA
"REF062.CFI-400945.m1",73.3096928260137,415147.435893,"SD",-42.5018811629611,19,-17.6776623079197,19
"REF062.BMN-673.m1",86.4840706219901,4723.0606,"PD",157.699687426574,12,65.0664307532379,12
"REF062.CARBOPLATIN.m1",88.1793597062638,12282.14732325,"PD",166.658913363949,12,72.4184746923593,12
"REF062.CDX-011.m1",88.067184195889,7606.698061,"PD",77.7725254742296,12,36.885418094254,12
"REF010_P6_CDX_201106_RES.CFI-400945-52WEEKLY.m1",46.2196457558378,33453.52911425,"PR",-93.0646736545714,54,-37.5165407818743,77
"REF010_P6_CDX_201106_RES.CFI-402257-3ON4OFF.m1",86.4153507600917,13822.365701,"PD",102.982518270816,13,45.7646617191341,13
"REF010_P6_CDX_201106_RES.ERIBULIN.m1",-27.4193050494168,7939.254806,"CR",-100,34,-85.3827108037452,273
"REF010_P6_CDX_201106_RES.ERIBULIN-EXTRALOW.m1",84.7907481343161,19537.9210965,"PD",124.793729675238,13,78.8587345421022,13
"REF010_P6_CDX_201106_RES.PACLITAXEL-15DAILY.m1",-2.60186856937034,32248.708069,"CR",-100,54,-80.2552324524459,153
"INSB014.PEG400.m1",82.5765100291074,3682.39464175,"PD",38.0729406640658,10,14.4111115873266,10
"REF006.AZD-5305.m1",59.392794513899,20384.00082675,"SD",-13.8952983280294,11,-5.07586041445217,11
"72955.TOPOTECAN-LOW.m1",81.4219458441094,3741.831288,"PD",34.8947573612393,15,46.8794963485268,15
"REF006.DMSO.m1",NA,NA,NA,NA,NA,NA,NA
"REF006.DMSO.m2",NA,NA,NA,NA,NA,NA,NA
"REF006.TOPOTECAN.m1",-61.4407902375373,419.789067,NA,NA,NA,NA,NA
"REF006.TOPOTECAN.m2",NA,NA,NA,NA,NA,NA,NA
"REF048_P7_8205_230803_RES.ADC-CONTROL.m1",87.8728430044473,16616.0924635,"SD",-2.30458250197752,19,-1.55661883604084,11
"REF044_P1_TTK/TAX_210707_RES.H2O.m1",84.0473592331663,6108.910534,"PD",83.8918386297215,14,45.9816276934735,14
"REF044_P1_TTK/TAX_210707_RES.PACLITAXEL.m1",81.3883977155112,6437.74785375,"PD",89.1622362010739,14,40.9023015626265,14
"REF044_P1_TTK/TAX_210707_RES.ERIBULIN-LOW.m1",58.7566613704009,24502.163462,"CR",-100,49,-66.9093277131179,75
"REF044_P1_TTK/TAX_210707_RES.CDX-011.m1",-25.1887629980915,1276.2016,"CR",-100,14,-93.3803048577163,520
"REF052.CX-5461.m1",79.5047668187162,12215.638434,"PD",64.013791590056,33,54.4678660825446,12
