"batch.name","model.id","arm"
"X-007.BGJ398","X.007.BG98","treatment"
"X-007.binimetinib","X.007.biib","treatment"
"X-007.BKM120","X.007.BK20","treatment"
"X-007.BYL719","X.007.BY19","treatment"
"X-007.BYL719 + HSP990","X.007.BY19.HS90","treatment"
"X-007.BYL719 + LJM716","X.007.BY19.LJ16","treatment"
"X-007.CLR457","X.007.CL57","treatment"
"X-007.everolimus","X.007.evus","treatment"
"X-007.figitumumab","X.007.fiab","treatment"
"X-007.HDM201","X.007.HD01","treatment"
"X-007.HSP990","X.007.HS90","treatment"
"X-007.INC280","X.007.IN80","treatment"
"X-007.INC280 + trastuzumab","X.007.IN80.trab","treatment"
"X-007.LEE011","X.007.LE11","treatment"
"X-007.LEE011 + everolimus","X.007.LE11.evus","treatment"
"X-007.LJM716","X.007.LJ16","treatment"
"X-007.LJM716 + trastuzumab","X.007.LJ16.trab","treatment"
"X-007.LLM871","X.007.LL71","treatment"
"X-007.trastuzumab","X.007.trab","treatment"
"X-010.BGJ398","X.010.uned","control"
"X-010.BGJ398","X.010.BG98","treatment"
"X-010.binimetinib","X.010.uned","control"
"X-010.binimetinib","X.010.biib","treatment"
"X-010.BKM120","X.010.uned","control"
"X-010.BKM120","X.010.BK20","treatment"
"X-010.BYL719","X.010.uned","control"
"X-010.BYL719","X.010.BY19","treatment"
"X-010.BYL719 + HSP990","X.010.uned","control"
"X-010.BYL719 + HSP990","X.010.BY19.HS90","treatment"
"X-010.BYL719 + LJM716","X.010.uned","control"
"X-010.BYL719 + LJM716","X.010.BY19.LJ16","treatment"
"X-010.CLR457","X.010.uned","control"
"X-010.CLR457","X.010.CL57","treatment"
"X-010.everolimus","X.010.uned","control"
"X-010.everolimus","X.010.evus","treatment"
"X-010.figitumumab","X.010.uned","control"
"X-010.figitumumab","X.010.fiab","treatment"
"X-010.HDM201","X.010.uned","control"
"X-010.HDM201","X.010.HD01","treatment"
"X-010.HSP990","X.010.uned","control"
"X-010.HSP990","X.010.HS90","treatment"
"X-010.INC280","X.010.uned","control"
"X-010.INC280","X.010.IN80","treatment"
"X-010.INC280 + trastuzumab","X.010.uned","control"
"X-010.INC280 + trastuzumab","X.010.IN80.trab","treatment"
"X-010.LEE011","X.010.uned","control"
"X-010.LEE011","X.010.LE11","treatment"
"X-010.LEE011 + everolimus","X.010.uned","control"
"X-010.LEE011 + everolimus","X.010.LE11.evus","treatment"
"X-010.LJM716","X.010.uned","control"
"X-010.LJM716","X.010.LJ16","treatment"
"X-010.LJM716 + trastuzumab","X.010.uned","control"
"X-010.LJM716 + trastuzumab","X.010.LJ16.trab","treatment"
"X-010.LLM871","X.010.uned","control"
"X-010.LLM871","X.010.LL71","treatment"
"X-010.trastuzumab","X.010.uned","control"
"X-010.trastuzumab","X.010.trab","treatment"
"X-010.5FU","X.010.uned","control"
"X-010.BKM120 + LJC049","X.010.uned","control"
"X-010.BYL719 + binimetinib","X.010.uned","control"
"X-010.BYL719 + cetuximab","X.010.uned","control"
"X-010.BYL719 + cetuximab + encorafenib","X.010.uned","control"
"X-010.BYL719 + encorafenib","X.010.uned","control"
"X-010.cetuximab","X.010.uned","control"
"X-010.cetuximab + encorafenib","X.010.uned","control"
"X-010.CGM097","X.010.uned","control"
"X-010.CKX620","X.010.uned","control"
"X-010.encorafenib","X.010.uned","control"
"X-010.LFW527 + binimetinib","X.010.uned","control"
"X-010.LJC049","X.010.uned","control"
"X-010.LKA136","X.010.uned","control"
"X-010.abraxane","X.010.uned","control"
"X-010.binimetinib-3.5mpk","X.010.uned","control"
"X-010.BKM120 + binimetinib","X.010.uned","control"
"X-010.BKM120 + LDE225","X.010.uned","control"
"X-010.figitumumab + binimetinib","X.010.uned","control"
"X-010.gemcitabine-50mpk","X.010.uned","control"
"X-010.INC424","X.010.uned","control"
"X-010.INC424 + binimetinib","X.010.uned","control"
"X-010.trametinib","X.010.uned","control"
"X-010.BYL719 + LEE011","X.010.uned","control"
"X-010.LFA102","X.010.uned","control"
"X-010.LFW527 + everolimus","X.010.uned","control"
"X-010.paclitaxel","X.010.uned","control"
"X-010.tamoxifen","X.010.uned","control"
"X-010.BYL719 + LGH447","X.010.uned","control"
"X-010.erlotinib","X.010.uned","control"
"X-010.LCL161 + paclitaxel","X.010.uned","control"
"X-010.LGH447","X.010.uned","control"
"X-010.WNT974","X.010.uned","control"
"X-010.BKM120 + encorafenib","X.010.uned","control"
"X-010.dacarbazine","X.010.uned","control"
"X-010.encorafenib + binimetinib","X.010.uned","control"
"X-010.LDE225","X.010.uned","control"
"X-010.LDK378","X.010.uned","control"
"X-010.LEE011 + binimetinib","X.010.uned","control"
"X-010.LEE011 + encorafenib","X.010.uned","control"
"X-010.LGW813","X.010.uned","control"
"X-010.TAS266","X.010.uned","control"
"X-011.BGJ398","X.011.BG98","treatment"
"X-011.binimetinib","X.011.biib","treatment"
"X-011.BKM120","X.011.BK20","treatment"
"X-011.BYL719","X.011.BY19","treatment"
"X-011.BYL719 + HSP990","X.011.BY19.HS90","treatment"
"X-011.BYL719 + LJM716","X.011.BY19.LJ16","treatment"
"X-011.CLR457","X.011.CL57","treatment"
"X-011.everolimus","X.011.evus","treatment"
"X-011.figitumumab","X.011.fiab","treatment"
"X-011.HDM201","X.011.HD01","treatment"
"X-011.HSP990","X.011.HS90","treatment"
"X-011.INC280","X.011.IN80","treatment"
"X-011.INC280 + trastuzumab","X.011.IN80.trab","treatment"
"X-011.LEE011","X.011.LE11","treatment"
"X-011.LEE011 + everolimus","X.011.LE11.evus","treatment"
"X-011.LJM716","X.011.LJ16","treatment"
"X-011.LJM716 + trastuzumab","X.011.LJ16.trab","treatment"
"X-011.LLM871","X.011.LL71","treatment"
"X-011.trastuzumab","X.011.trab","treatment"
"X-015.BGJ398","X.015.uned","control"
"X-015.BGJ398","X.015.BG98","treatment"
"X-015.binimetinib","X.015.uned","control"
"X-015.binimetinib","X.015.biib","treatment"
"X-015.BKM120","X.015.uned","control"
"X-015.BKM120","X.015.BK20","treatment"
"X-015.BYL719","X.015.uned","control"
"X-015.BYL719","X.015.BY19","treatment"
"X-015.BYL719 + HSP990","X.015.uned","control"
"X-015.BYL719 + HSP990","X.015.BY19.HS90","treatment"
"X-015.BYL719 + LJM716","X.015.uned","control"
"X-015.BYL719 + LJM716","X.015.BY19.LJ16","treatment"
"X-015.CLR457","X.015.uned","control"
"X-015.CLR457","X.015.CL57","treatment"
"X-015.everolimus","X.015.uned","control"
"X-015.everolimus","X.015.evus","treatment"
"X-015.figitumumab","X.015.uned","control"
"X-015.figitumumab","X.015.fiab","treatment"
"X-015.HDM201","X.015.uned","control"
"X-015.HDM201","X.015.HD01","treatment"
"X-015.HSP990","X.015.uned","control"
"X-015.HSP990","X.015.HS90","treatment"
"X-015.INC280","X.015.uned","control"
"X-015.INC280","X.015.IN80","treatment"
"X-015.INC280 + trastuzumab","X.015.uned","control"
"X-015.INC280 + trastuzumab","X.015.IN80.trab","treatment"
"X-015.LEE011","X.015.uned","control"
"X-015.LEE011","X.015.LE11","treatment"
"X-015.LEE011 + everolimus","X.015.uned","control"
"X-015.LEE011 + everolimus","X.015.LE11.evus","treatment"
"X-015.LJM716","X.015.uned","control"
"X-015.LJM716","X.015.LJ16","treatment"
"X-015.LJM716 + trastuzumab","X.015.uned","control"
"X-015.LJM716 + trastuzumab","X.015.LJ16.trab","treatment"
"X-015.LLM871","X.015.uned","control"
"X-015.LLM871","X.015.LL71","treatment"
"X-015.trastuzumab","X.015.uned","control"
"X-015.trastuzumab","X.015.trab","treatment"
"X-015.5FU","X.015.uned","control"
"X-015.BKM120 + LJC049","X.015.uned","control"
"X-015.BYL719 + binimetinib","X.015.uned","control"
"X-015.BYL719 + cetuximab","X.015.uned","control"
"X-015.BYL719 + cetuximab + encorafenib","X.015.uned","control"
"X-015.BYL719 + encorafenib","X.015.uned","control"
"X-015.cetuximab","X.015.uned","control"
"X-015.cetuximab + encorafenib","X.015.uned","control"
"X-015.CGM097","X.015.uned","control"
"X-015.CKX620","X.015.uned","control"
"X-015.encorafenib","X.015.uned","control"
"X-015.LFW527 + binimetinib","X.015.uned","control"
"X-015.LJC049","X.015.uned","control"
"X-015.LKA136","X.015.uned","control"
"X-015.abraxane","X.015.uned","control"
"X-015.binimetinib-3.5mpk","X.015.uned","control"
"X-015.BKM120 + binimetinib","X.015.uned","control"
"X-015.BKM120 + LDE225","X.015.uned","control"
"X-015.figitumumab + binimetinib","X.015.uned","control"
"X-015.gemcitabine-50mpk","X.015.uned","control"
"X-015.INC424","X.015.uned","control"
"X-015.INC424 + binimetinib","X.015.uned","control"
"X-015.trametinib","X.015.uned","control"
"X-015.BYL719 + LEE011","X.015.uned","control"
"X-015.LFA102","X.015.uned","control"
"X-015.LFW527 + everolimus","X.015.uned","control"
"X-015.paclitaxel","X.015.uned","control"
"X-015.tamoxifen","X.015.uned","control"
"X-015.BYL719 + LGH447","X.015.uned","control"
"X-015.erlotinib","X.015.uned","control"
"X-015.LCL161 + paclitaxel","X.015.uned","control"
"X-015.LGH447","X.015.uned","control"
"X-015.WNT974","X.015.uned","control"
"X-015.BKM120 + encorafenib","X.015.uned","control"
"X-015.dacarbazine","X.015.uned","control"
"X-015.encorafenib + binimetinib","X.015.uned","control"
"X-015.LDE225","X.015.uned","control"
"X-015.LDK378","X.015.uned","control"
"X-015.LEE011 + binimetinib","X.015.uned","control"
"X-015.LEE011 + encorafenib","X.015.uned","control"
"X-015.LGW813","X.015.uned","control"
"X-015.TAS266","X.015.uned","control"
"X-017.BGJ398","X.017.uned","control"
"X-017.BGJ398","X.017.BG98","treatment"
"X-017.binimetinib","X.017.uned","control"
"X-017.binimetinib","X.017.biib","treatment"
"X-017.BKM120","X.017.uned","control"
"X-017.BKM120","X.017.BK20","treatment"
"X-017.BYL719","X.017.uned","control"
"X-017.BYL719","X.017.BY19","treatment"
"X-017.BYL719 + HSP990","X.017.uned","control"
"X-017.BYL719 + HSP990","X.017.BY19.HS90","treatment"
"X-017.BYL719 + LJM716","X.017.uned","control"
"X-017.BYL719 + LJM716","X.017.BY19.LJ16","treatment"
"X-017.CLR457","X.017.uned","control"
"X-017.CLR457","X.017.CL57","treatment"
"X-017.everolimus","X.017.uned","control"
"X-017.everolimus","X.017.evus","treatment"
"X-017.figitumumab","X.017.uned","control"
"X-017.figitumumab","X.017.fiab","treatment"
"X-017.HDM201","X.017.uned","control"
"X-017.HDM201","X.017.HD01","treatment"
"X-017.HSP990","X.017.uned","control"
"X-017.HSP990","X.017.HS90","treatment"
"X-017.INC280","X.017.uned","control"
"X-017.INC280","X.017.IN80","treatment"
"X-017.INC280 + trastuzumab","X.017.uned","control"
"X-017.INC280 + trastuzumab","X.017.IN80.trab","treatment"
"X-017.LEE011","X.017.uned","control"
"X-017.LEE011","X.017.LE11","treatment"
"X-017.LEE011 + everolimus","X.017.uned","control"
"X-017.LJM716","X.017.uned","control"
"X-017.LJM716","X.017.LJ16","treatment"
"X-017.LJM716 + trastuzumab","X.017.uned","control"
"X-017.LJM716 + trastuzumab","X.017.LJ16.trab","treatment"
"X-017.LLM871","X.017.uned","control"
"X-017.LLM871","X.017.LL71","treatment"
"X-017.trastuzumab","X.017.uned","control"
"X-017.trastuzumab","X.017.trab","treatment"
"X-017.5FU","X.017.uned","control"
"X-017.BKM120 + LJC049","X.017.uned","control"
"X-017.BYL719 + binimetinib","X.017.uned","control"
"X-017.BYL719 + cetuximab","X.017.uned","control"
"X-017.BYL719 + cetuximab + encorafenib","X.017.uned","control"
"X-017.BYL719 + encorafenib","X.017.uned","control"
"X-017.cetuximab","X.017.uned","control"
"X-017.cetuximab + encorafenib","X.017.uned","control"
"X-017.CGM097","X.017.uned","control"
"X-017.CKX620","X.017.uned","control"
"X-017.encorafenib","X.017.uned","control"
"X-017.LFW527 + binimetinib","X.017.uned","control"
"X-017.LJC049","X.017.uned","control"
"X-017.LKA136","X.017.uned","control"
"X-017.abraxane","X.017.uned","control"
"X-017.binimetinib-3.5mpk","X.017.uned","control"
"X-017.BKM120 + binimetinib","X.017.uned","control"
"X-017.BKM120 + LDE225","X.017.uned","control"
"X-017.figitumumab + binimetinib","X.017.uned","control"
"X-017.gemcitabine-50mpk","X.017.uned","control"
"X-017.INC424","X.017.uned","control"
"X-017.INC424 + binimetinib","X.017.uned","control"
"X-017.trametinib","X.017.uned","control"
"X-017.BYL719 + LEE011","X.017.uned","control"
"X-017.LFA102","X.017.uned","control"
"X-017.LFW527 + everolimus","X.017.uned","control"
"X-017.paclitaxel","X.017.uned","control"
"X-017.tamoxifen","X.017.uned","control"
"X-017.BYL719 + LGH447","X.017.uned","control"
"X-017.erlotinib","X.017.uned","control"
"X-017.LCL161 + paclitaxel","X.017.uned","control"
"X-017.LGH447","X.017.uned","control"
"X-017.WNT974","X.017.uned","control"
"X-017.BKM120 + encorafenib","X.017.uned","control"
"X-017.dacarbazine","X.017.uned","control"
"X-017.encorafenib + binimetinib","X.017.uned","control"
"X-017.LDE225","X.017.uned","control"
"X-017.LDK378","X.017.uned","control"
"X-017.LEE011 + binimetinib","X.017.uned","control"
"X-017.LEE011 + encorafenib","X.017.uned","control"
"X-017.LGW813","X.017.uned","control"
"X-017.TAS266","X.017.uned","control"
"X-020.BGJ398","X.020.uned","control"
"X-020.BGJ398","X.020.BG98","treatment"
"X-020.binimetinib","X.020.uned","control"
"X-020.binimetinib","X.020.biib","treatment"
"X-020.BKM120","X.020.uned","control"
"X-020.BKM120","X.020.BK20","treatment"
"X-020.BYL719","X.020.uned","control"
"X-020.BYL719","X.020.BY19","treatment"
"X-020.BYL719 + HSP990","X.020.uned","control"
"X-020.BYL719 + HSP990","X.020.BY19.HS90","treatment"
"X-020.BYL719 + LJM716","X.020.uned","control"
"X-020.BYL719 + LJM716","X.020.BY19.LJ16","treatment"
"X-020.CLR457","X.020.uned","control"
"X-020.CLR457","X.020.CL57","treatment"
"X-020.everolimus","X.020.uned","control"
"X-020.everolimus","X.020.evus","treatment"
"X-020.figitumumab","X.020.uned","control"
"X-020.figitumumab","X.020.fiab","treatment"
"X-020.HDM201","X.020.uned","control"
"X-020.HDM201","X.020.HD01","treatment"
"X-020.HSP990","X.020.uned","control"
"X-020.HSP990","X.020.HS90","treatment"
"X-020.INC280","X.020.uned","control"
"X-020.INC280","X.020.IN80","treatment"
"X-020.INC280 + trastuzumab","X.020.uned","control"
"X-020.INC280 + trastuzumab","X.020.IN80.trab","treatment"
"X-020.LEE011","X.020.uned","control"
"X-020.LEE011","X.020.LE11","treatment"
"X-020.LEE011 + everolimus","X.020.uned","control"
"X-020.LEE011 + everolimus","X.020.LE11.evus","treatment"
"X-020.LJM716","X.020.uned","control"
"X-020.LJM716","X.020.LJ16","treatment"
"X-020.LJM716 + trastuzumab","X.020.uned","control"
"X-020.LJM716 + trastuzumab","X.020.LJ16.trab","treatment"
"X-020.LLM871","X.020.uned","control"
"X-020.LLM871","X.020.LL71","treatment"
"X-020.trastuzumab","X.020.uned","control"
"X-020.trastuzumab","X.020.trab","treatment"
"X-020.5FU","X.020.uned","control"
"X-020.BKM120 + LJC049","X.020.uned","control"
"X-020.BYL719 + binimetinib","X.020.uned","control"
"X-020.BYL719 + cetuximab","X.020.uned","control"
"X-020.BYL719 + cetuximab + encorafenib","X.020.uned","control"
"X-020.BYL719 + encorafenib","X.020.uned","control"
"X-020.cetuximab","X.020.uned","control"
"X-020.cetuximab + encorafenib","X.020.uned","control"
"X-020.CGM097","X.020.uned","control"
"X-020.CKX620","X.020.uned","control"
"X-020.encorafenib","X.020.uned","control"
"X-020.LFW527 + binimetinib","X.020.uned","control"
"X-020.LJC049","X.020.uned","control"
"X-020.LKA136","X.020.uned","control"
"X-020.abraxane","X.020.uned","control"
"X-020.binimetinib-3.5mpk","X.020.uned","control"
"X-020.BKM120 + binimetinib","X.020.uned","control"
"X-020.BKM120 + LDE225","X.020.uned","control"
"X-020.figitumumab + binimetinib","X.020.uned","control"
"X-020.gemcitabine-50mpk","X.020.uned","control"
"X-020.INC424","X.020.uned","control"
"X-020.INC424 + binimetinib","X.020.uned","control"
"X-020.trametinib","X.020.uned","control"
"X-020.BYL719 + LEE011","X.020.uned","control"
"X-020.LFA102","X.020.uned","control"
"X-020.LFW527 + everolimus","X.020.uned","control"
"X-020.paclitaxel","X.020.uned","control"
"X-020.tamoxifen","X.020.uned","control"
"X-020.BYL719 + LGH447","X.020.uned","control"
"X-020.erlotinib","X.020.uned","control"
"X-020.LCL161 + paclitaxel","X.020.uned","control"
"X-020.LGH447","X.020.uned","control"
"X-020.WNT974","X.020.uned","control"
"X-020.BKM120 + encorafenib","X.020.uned","control"
"X-020.dacarbazine","X.020.uned","control"
"X-020.encorafenib + binimetinib","X.020.uned","control"
"X-020.LDE225","X.020.uned","control"
"X-020.LDK378","X.020.uned","control"
"X-020.LEE011 + binimetinib","X.020.uned","control"
"X-020.LEE011 + encorafenib","X.020.uned","control"
"X-020.LGW813","X.020.uned","control"
"X-020.TAS266","X.020.uned","control"
"X-023.BGJ398","X.023.uned","control"
"X-023.binimetinib","X.023.uned","control"
"X-023.BKM120","X.023.uned","control"
"X-023.BYL719","X.023.uned","control"
"X-023.BYL719","X.023.BY19","treatment"
"X-023.BYL719 + HSP990","X.023.uned","control"
"X-023.BYL719 + HSP990","X.023.BY19.HS90","treatment"
"X-023.BYL719 + LJM716","X.023.uned","control"
"X-023.BYL719 + LJM716","X.023.BY19.LJ16","treatment"
"X-023.CLR457","X.023.uned","control"
"X-023.everolimus","X.023.uned","control"
"X-023.everolimus","X.023.evus","treatment"
"X-023.figitumumab","X.023.uned","control"
"X-023.HDM201","X.023.uned","control"
"X-023.HSP990","X.023.uned","control"
"X-023.HSP990","X.023.HS90","treatment"
"X-023.INC280","X.023.uned","control"
"X-023.INC280 + trastuzumab","X.023.uned","control"
"X-023.LEE011","X.023.uned","control"
"X-023.LEE011","X.023.LE11","treatment"
"X-023.LEE011 + everolimus","X.023.uned","control"
"X-023.LEE011 + everolimus","X.023.LE11.evus","treatment"
"X-023.LJM716","X.023.uned","control"
"X-023.LJM716","X.023.LJ16","treatment"
"X-023.LJM716 + trastuzumab","X.023.uned","control"
"X-023.LLM871","X.023.uned","control"
"X-023.trastuzumab","X.023.uned","control"
"X-023.5FU","X.023.uned","control"
"X-023.BKM120 + LJC049","X.023.uned","control"
"X-023.BYL719 + binimetinib","X.023.uned","control"
"X-023.BYL719 + cetuximab","X.023.uned","control"
"X-023.BYL719 + cetuximab + encorafenib","X.023.uned","control"
"X-023.BYL719 + encorafenib","X.023.uned","control"
"X-023.cetuximab","X.023.uned","control"
"X-023.cetuximab + encorafenib","X.023.uned","control"
"X-023.CGM097","X.023.uned","control"
"X-023.CKX620","X.023.uned","control"
"X-023.encorafenib","X.023.uned","control"
"X-023.LFW527 + binimetinib","X.023.uned","control"
"X-023.LJC049","X.023.uned","control"
"X-023.LKA136","X.023.uned","control"
"X-023.abraxane","X.023.uned","control"
"X-023.binimetinib-3.5mpk","X.023.uned","control"
"X-023.BKM120 + binimetinib","X.023.uned","control"
"X-023.BKM120 + LDE225","X.023.uned","control"
"X-023.figitumumab + binimetinib","X.023.uned","control"
"X-023.gemcitabine-50mpk","X.023.uned","control"
"X-023.INC424","X.023.uned","control"
"X-023.INC424 + binimetinib","X.023.uned","control"
"X-023.trametinib","X.023.uned","control"
"X-023.BYL719 + LEE011","X.023.uned","control"
"X-023.LFA102","X.023.uned","control"
"X-023.LFW527 + everolimus","X.023.uned","control"
"X-023.paclitaxel","X.023.uned","control"
"X-023.tamoxifen","X.023.uned","control"
"X-023.BYL719 + LGH447","X.023.uned","control"
"X-023.erlotinib","X.023.uned","control"
"X-023.LCL161 + paclitaxel","X.023.uned","control"
"X-023.LGH447","X.023.uned","control"
"X-023.WNT974","X.023.uned","control"
"X-023.BKM120 + encorafenib","X.023.uned","control"
"X-023.dacarbazine","X.023.uned","control"
"X-023.encorafenib + binimetinib","X.023.uned","control"
"X-023.LDE225","X.023.uned","control"
"X-023.LDK378","X.023.uned","control"
"X-023.LEE011 + binimetinib","X.023.uned","control"
"X-023.LEE011 + encorafenib","X.023.uned","control"
"X-023.LGW813","X.023.uned","control"
"X-023.TAS266","X.023.uned","control"
"X-024.BGJ398","X.024.uned","control"
"X-024.binimetinib","X.024.uned","control"
"X-024.BKM120","X.024.uned","control"
"X-024.BYL719","X.024.uned","control"
"X-024.BYL719","X.024.BY19","treatment"
"X-024.BYL719 + HSP990","X.024.uned","control"
"X-024.BYL719 + HSP990","X.024.BY19.HS90","treatment"
"X-024.BYL719 + LJM716","X.024.uned","control"
"X-024.BYL719 + LJM716","X.024.BY19.LJ16","treatment"
"X-024.CLR457","X.024.uned","control"
"X-024.everolimus","X.024.uned","control"
"X-024.everolimus","X.024.evus","treatment"
"X-024.figitumumab","X.024.uned","control"
"X-024.HDM201","X.024.uned","control"
"X-024.HSP990","X.024.uned","control"
"X-024.HSP990","X.024.HS90","treatment"
"X-024.INC280","X.024.uned","control"
"X-024.INC280 + trastuzumab","X.024.uned","control"
"X-024.LEE011","X.024.uned","control"
"X-024.LEE011","X.024.LE11","treatment"
"X-024.LEE011 + everolimus","X.024.uned","control"
"X-024.LEE011 + everolimus","X.024.LE11.evus","treatment"
"X-024.LJM716","X.024.uned","control"
"X-024.LJM716","X.024.LJ16","treatment"
"X-024.LJM716 + trastuzumab","X.024.uned","control"
"X-024.LLM871","X.024.uned","control"
"X-024.trastuzumab","X.024.uned","control"
"X-024.5FU","X.024.uned","control"
"X-024.BKM120 + LJC049","X.024.uned","control"
"X-024.BYL719 + binimetinib","X.024.uned","control"
"X-024.BYL719 + cetuximab","X.024.uned","control"
"X-024.BYL719 + cetuximab + encorafenib","X.024.uned","control"
"X-024.BYL719 + encorafenib","X.024.uned","control"
"X-024.cetuximab","X.024.uned","control"
"X-024.cetuximab + encorafenib","X.024.uned","control"
"X-024.CGM097","X.024.uned","control"
"X-024.CKX620","X.024.uned","control"
"X-024.encorafenib","X.024.uned","control"
"X-024.LFW527 + binimetinib","X.024.uned","control"
"X-024.LJC049","X.024.uned","control"
"X-024.LKA136","X.024.uned","control"
"X-024.abraxane","X.024.uned","control"
"X-024.binimetinib-3.5mpk","X.024.uned","control"
"X-024.BKM120 + binimetinib","X.024.uned","control"
"X-024.BKM120 + LDE225","X.024.uned","control"
"X-024.figitumumab + binimetinib","X.024.uned","control"
"X-024.gemcitabine-50mpk","X.024.uned","control"
"X-024.INC424","X.024.uned","control"
"X-024.INC424 + binimetinib","X.024.uned","control"
"X-024.trametinib","X.024.uned","control"
"X-024.BYL719 + LEE011","X.024.uned","control"
"X-024.LFA102","X.024.uned","control"
"X-024.LFW527 + everolimus","X.024.uned","control"
"X-024.paclitaxel","X.024.uned","control"
"X-024.tamoxifen","X.024.uned","control"
"X-024.BYL719 + LGH447","X.024.uned","control"
"X-024.erlotinib","X.024.uned","control"
"X-024.LCL161 + paclitaxel","X.024.uned","control"
"X-024.LGH447","X.024.uned","control"
"X-024.WNT974","X.024.uned","control"
"X-024.BKM120 + encorafenib","X.024.uned","control"
"X-024.dacarbazine","X.024.uned","control"
"X-024.encorafenib + binimetinib","X.024.uned","control"
"X-024.LDE225","X.024.uned","control"
"X-024.LDK378","X.024.uned","control"
"X-024.LEE011 + binimetinib","X.024.uned","control"
"X-024.LEE011 + encorafenib","X.024.uned","control"
"X-024.LGW813","X.024.uned","control"
"X-024.TAS266","X.024.uned","control"
"X-025.BGJ398","X.025.uned","control"
"X-025.BGJ398","X.025.BG98","treatment"
"X-025.binimetinib","X.025.uned","control"
"X-025.binimetinib","X.025.biib","treatment"
"X-025.BKM120","X.025.uned","control"
"X-025.BKM120","X.025.BK20","treatment"
"X-025.BYL719","X.025.uned","control"
"X-025.BYL719","X.025.BY19","treatment"
"X-025.BYL719 + HSP990","X.025.uned","control"
"X-025.BYL719 + HSP990","X.025.BY19.HS90","treatment"
"X-025.BYL719 + LJM716","X.025.uned","control"
"X-025.BYL719 + LJM716","X.025.BY19.LJ16","treatment"
"X-025.CLR457","X.025.uned","control"
"X-025.CLR457","X.025.CL57","treatment"
"X-025.everolimus","X.025.uned","control"
"X-025.everolimus","X.025.evus","treatment"
"X-025.figitumumab","X.025.uned","control"
"X-025.figitumumab","X.025.fiab","treatment"
"X-025.HDM201","X.025.uned","control"
"X-025.HDM201","X.025.HD01","treatment"
"X-025.HSP990","X.025.uned","control"
"X-025.HSP990","X.025.HS90","treatment"
"X-025.INC280","X.025.uned","control"
"X-025.INC280","X.025.IN80","treatment"
"X-025.INC280 + trastuzumab","X.025.uned","control"
"X-025.INC280 + trastuzumab","X.025.IN80.trab","treatment"
"X-025.LEE011","X.025.uned","control"
"X-025.LEE011","X.025.LE11","treatment"
"X-025.LEE011 + everolimus","X.025.uned","control"
"X-025.LEE011 + everolimus","X.025.LE11.evus","treatment"
"X-025.LJM716","X.025.uned","control"
"X-025.LJM716","X.025.LJ16","treatment"
"X-025.LJM716 + trastuzumab","X.025.uned","control"
"X-025.LJM716 + trastuzumab","X.025.LJ16.trab","treatment"
"X-025.LLM871","X.025.uned","control"
"X-025.trastuzumab","X.025.uned","control"
"X-025.trastuzumab","X.025.trab","treatment"
"X-025.5FU","X.025.uned","control"
"X-025.BKM120 + LJC049","X.025.uned","control"
"X-025.BYL719 + binimetinib","X.025.uned","control"
"X-025.BYL719 + cetuximab","X.025.uned","control"
"X-025.BYL719 + cetuximab + encorafenib","X.025.uned","control"
"X-025.BYL719 + encorafenib","X.025.uned","control"
"X-025.cetuximab","X.025.uned","control"
"X-025.cetuximab + encorafenib","X.025.uned","control"
"X-025.CGM097","X.025.uned","control"
"X-025.CKX620","X.025.uned","control"
"X-025.encorafenib","X.025.uned","control"
"X-025.LFW527 + binimetinib","X.025.uned","control"
"X-025.LJC049","X.025.uned","control"
"X-025.LKA136","X.025.uned","control"
"X-025.abraxane","X.025.uned","control"
"X-025.binimetinib-3.5mpk","X.025.uned","control"
"X-025.BKM120 + binimetinib","X.025.uned","control"
"X-025.BKM120 + LDE225","X.025.uned","control"
"X-025.figitumumab + binimetinib","X.025.uned","control"
"X-025.gemcitabine-50mpk","X.025.uned","control"
"X-025.INC424","X.025.uned","control"
"X-025.INC424 + binimetinib","X.025.uned","control"
"X-025.trametinib","X.025.uned","control"
"X-025.BYL719 + LEE011","X.025.uned","control"
"X-025.LFA102","X.025.uned","control"
"X-025.LFW527 + everolimus","X.025.uned","control"
"X-025.paclitaxel","X.025.uned","control"
"X-025.tamoxifen","X.025.uned","control"
"X-025.BYL719 + LGH447","X.025.uned","control"
"X-025.erlotinib","X.025.uned","control"
"X-025.LCL161 + paclitaxel","X.025.uned","control"
"X-025.LGH447","X.025.uned","control"
"X-025.WNT974","X.025.uned","control"
"X-025.BKM120 + encorafenib","X.025.uned","control"
"X-025.dacarbazine","X.025.uned","control"
"X-025.encorafenib + binimetinib","X.025.uned","control"
"X-025.LDE225","X.025.uned","control"
"X-025.LDK378","X.025.uned","control"
"X-025.LEE011 + binimetinib","X.025.uned","control"
"X-025.LEE011 + encorafenib","X.025.uned","control"
"X-025.LGW813","X.025.uned","control"
"X-025.TAS266","X.025.uned","control"
"X-027.BKM120","X.027.BK20","treatment"
"X-027.BYL719","X.027.BY19","treatment"
"X-027.BYL719 + HSP990","X.027.BY19.HS90","treatment"
"X-027.CLR457","X.027.CL57","treatment"
"X-027.figitumumab","X.027.fiab","treatment"
"X-027.HDM201","X.027.HD01","treatment"
"X-027.LEE011","X.027.LE11","treatment"
"X-027.LJM716","X.027.LJ16","treatment"
"X-027.LLM871","X.027.LL71","treatment"
"X-027.trastuzumab","X.027.trab","treatment"
"X-028.BGJ398","X.028.BG98","treatment"
"X-028.binimetinib","X.028.biib","treatment"
"X-028.BKM120","X.028.BK20","treatment"
"X-028.BYL719","X.028.BY19","treatment"
"X-028.BYL719 + HSP990","X.028.BY19.HS90","treatment"
"X-028.BYL719 + LJM716","X.028.BY19.LJ16","treatment"
"X-028.CLR457","X.028.CL57","treatment"
"X-028.everolimus","X.028.evus","treatment"
"X-028.figitumumab","X.028.fiab","treatment"
"X-028.HDM201","X.028.HD01","treatment"
"X-028.HSP990","X.028.HS90","treatment"
"X-028.INC280","X.028.IN80","treatment"
"X-028.INC280 + trastuzumab","X.028.IN80.trab","treatment"
"X-028.LEE011","X.028.LE11","treatment"
"X-028.LEE011 + everolimus","X.028.LE11.evus","treatment"
"X-028.LJM716","X.028.LJ16","treatment"
"X-028.LJM716 + trastuzumab","X.028.LJ16.trab","treatment"
"X-028.LLM871","X.028.LL71","treatment"
"X-028.trastuzumab","X.028.trab","treatment"
"X-029.BGJ398","X.029.BG98","treatment"
"X-029.binimetinib","X.029.biib","treatment"
"X-029.BKM120","X.029.BK20","treatment"
"X-029.BYL719","X.029.BY19","treatment"
"X-029.BYL719 + HSP990","X.029.BY19.HS90","treatment"
"X-029.BYL719 + LJM716","X.029.BY19.LJ16","treatment"
"X-029.CLR457","X.029.CL57","treatment"
"X-029.everolimus","X.029.evus","treatment"
"X-029.figitumumab","X.029.fiab","treatment"
"X-029.HDM201","X.029.HD01","treatment"
"X-029.HSP990","X.029.HS90","treatment"
"X-029.INC280","X.029.IN80","treatment"
"X-029.INC280 + trastuzumab","X.029.IN80.trab","treatment"
"X-029.LEE011","X.029.LE11","treatment"
"X-029.LJM716 + trastuzumab","X.029.LJ16.trab","treatment"
"X-029.LLM871","X.029.LL71","treatment"
"X-029.trastuzumab","X.029.trab","treatment"
"X-031.BGJ398","X.031.uned","control"
"X-031.BGJ398","X.031.BG98","treatment"
"X-031.binimetinib","X.031.uned","control"
"X-031.binimetinib","X.031.biib","treatment"
"X-031.BKM120","X.031.uned","control"
"X-031.BKM120","X.031.BK20","treatment"
"X-031.BYL719","X.031.uned","control"
"X-031.BYL719","X.031.BY19","treatment"
"X-031.BYL719 + HSP990","X.031.uned","control"
"X-031.BYL719 + HSP990","X.031.BY19.HS90","treatment"
"X-031.BYL719 + LJM716","X.031.uned","control"
"X-031.CLR457","X.031.uned","control"
"X-031.CLR457","X.031.CL57","treatment"
"X-031.everolimus","X.031.uned","control"
"X-031.everolimus","X.031.evus","treatment"
"X-031.figitumumab","X.031.uned","control"
"X-031.figitumumab","X.031.fiab","treatment"
"X-031.HDM201","X.031.uned","control"
"X-031.HDM201","X.031.HD01","treatment"
"X-031.HSP990","X.031.uned","control"
"X-031.HSP990","X.031.HS90","treatment"
"X-031.INC280","X.031.uned","control"
"X-031.INC280","X.031.IN80","treatment"
"X-031.INC280 + trastuzumab","X.031.uned","control"
"X-031.INC280 + trastuzumab","X.031.IN80.trab","treatment"
"X-031.LEE011","X.031.uned","control"
"X-031.LEE011","X.031.LE11","treatment"
"X-031.LEE011 + everolimus","X.031.uned","control"
"X-031.LEE011 + everolimus","X.031.LE11.evus","treatment"
"X-031.LJM716","X.031.uned","control"
"X-031.LJM716","X.031.LJ16","treatment"
"X-031.LJM716 + trastuzumab","X.031.uned","control"
"X-031.LJM716 + trastuzumab","X.031.LJ16.trab","treatment"
"X-031.LLM871","X.031.uned","control"
"X-031.LLM871","X.031.LL71","treatment"
"X-031.trastuzumab","X.031.uned","control"
"X-031.trastuzumab","X.031.trab","treatment"
"X-031.5FU","X.031.uned","control"
"X-031.BKM120 + LJC049","X.031.uned","control"
"X-031.BYL719 + binimetinib","X.031.uned","control"
"X-031.BYL719 + cetuximab","X.031.uned","control"
"X-031.BYL719 + cetuximab + encorafenib","X.031.uned","control"
"X-031.BYL719 + encorafenib","X.031.uned","control"
"X-031.cetuximab","X.031.uned","control"
"X-031.cetuximab + encorafenib","X.031.uned","control"
"X-031.CGM097","X.031.uned","control"
"X-031.CKX620","X.031.uned","control"
"X-031.encorafenib","X.031.uned","control"
"X-031.LFW527 + binimetinib","X.031.uned","control"
"X-031.LJC049","X.031.uned","control"
"X-031.LKA136","X.031.uned","control"
"X-031.abraxane","X.031.uned","control"
"X-031.binimetinib-3.5mpk","X.031.uned","control"
"X-031.BKM120 + binimetinib","X.031.uned","control"
"X-031.BKM120 + LDE225","X.031.uned","control"
"X-031.figitumumab + binimetinib","X.031.uned","control"
"X-031.gemcitabine-50mpk","X.031.uned","control"
"X-031.INC424","X.031.uned","control"
"X-031.INC424 + binimetinib","X.031.uned","control"
"X-031.trametinib","X.031.uned","control"
"X-031.BYL719 + LEE011","X.031.uned","control"
"X-031.LFA102","X.031.uned","control"
"X-031.LFW527 + everolimus","X.031.uned","control"
"X-031.paclitaxel","X.031.uned","control"
"X-031.tamoxifen","X.031.uned","control"
"X-031.BYL719 + LGH447","X.031.uned","control"
"X-031.erlotinib","X.031.uned","control"
"X-031.LCL161 + paclitaxel","X.031.uned","control"
"X-031.LGH447","X.031.uned","control"
"X-031.WNT974","X.031.uned","control"
"X-031.BKM120 + encorafenib","X.031.uned","control"
"X-031.dacarbazine","X.031.uned","control"
"X-031.encorafenib + binimetinib","X.031.uned","control"
"X-031.LDE225","X.031.uned","control"
"X-031.LDK378","X.031.uned","control"
"X-031.LEE011 + binimetinib","X.031.uned","control"
"X-031.LEE011 + encorafenib","X.031.uned","control"
"X-031.LGW813","X.031.uned","control"
"X-031.TAS266","X.031.uned","control"
"X-034.BGJ398","X.034.BG98","treatment"
"X-034.binimetinib","X.034.biib","treatment"
"X-034.BKM120","X.034.BK20","treatment"
"X-034.BYL719","X.034.BY19","treatment"
"X-034.BYL719 + HSP990","X.034.BY19.HS90","treatment"
"X-034.BYL719 + LJM716","X.034.BY19.LJ16","treatment"
"X-034.CLR457","X.034.CL57","treatment"
"X-034.everolimus","X.034.evus","treatment"
"X-034.figitumumab","X.034.fiab","treatment"
"X-034.HDM201","X.034.HD01","treatment"
"X-034.HSP990","X.034.HS90","treatment"
"X-034.INC280","X.034.IN80","treatment"
"X-034.INC280 + trastuzumab","X.034.IN80.trab","treatment"
"X-034.LEE011","X.034.LE11","treatment"
"X-034.LEE011 + everolimus","X.034.LE11.evus","treatment"
"X-034.LJM716","X.034.LJ16","treatment"
"X-034.LJM716 + trastuzumab","X.034.LJ16.trab","treatment"
"X-034.LLM871","X.034.LL71","treatment"
"X-034.trastuzumab","X.034.trab","treatment"
"X-035.BGJ398","X.035.BG98","treatment"
"X-035.binimetinib","X.035.biib","treatment"
"X-035.BKM120","X.035.BK20","treatment"
"X-035.BYL719","X.035.BY19","treatment"
"X-035.BYL719 + HSP990","X.035.BY19.HS90","treatment"
"X-035.BYL719 + LJM716","X.035.BY19.LJ16","treatment"
"X-035.everolimus","X.035.evus","treatment"
"X-035.figitumumab","X.035.fiab","treatment"
"X-035.HDM201","X.035.HD01","treatment"
"X-035.HSP990","X.035.HS90","treatment"
"X-035.INC280 + trastuzumab","X.035.IN80.trab","treatment"
"X-035.LEE011","X.035.LE11","treatment"
"X-035.LEE011 + everolimus","X.035.LE11.evus","treatment"
"X-035.LJM716","X.035.LJ16","treatment"
"X-035.LJM716 + trastuzumab","X.035.LJ16.trab","treatment"
"X-035.LLM871","X.035.LL71","treatment"
"X-035.trastuzumab","X.035.trab","treatment"
"X-037.BGJ398","X.037.uned","control"
"X-037.BGJ398","X.037.BG98","treatment"
"X-037.binimetinib","X.037.uned","control"
"X-037.binimetinib","X.037.biib","treatment"
"X-037.BKM120","X.037.uned","control"
"X-037.BKM120","X.037.BK20","treatment"
"X-037.BYL719","X.037.uned","control"
"X-037.BYL719","X.037.BY19","treatment"
"X-037.BYL719 + HSP990","X.037.uned","control"
"X-037.BYL719 + HSP990","X.037.BY19.HS90","treatment"
"X-037.BYL719 + LJM716","X.037.uned","control"
"X-037.CLR457","X.037.uned","control"
"X-037.CLR457","X.037.CL57","treatment"
"X-037.everolimus","X.037.uned","control"
"X-037.everolimus","X.037.evus","treatment"
"X-037.figitumumab","X.037.uned","control"
"X-037.figitumumab","X.037.fiab","treatment"
"X-037.HDM201","X.037.uned","control"
"X-037.HDM201","X.037.HD01","treatment"
"X-037.HSP990","X.037.uned","control"
"X-037.HSP990","X.037.HS90","treatment"
"X-037.INC280","X.037.uned","control"
"X-037.INC280","X.037.IN80","treatment"
"X-037.INC280 + trastuzumab","X.037.uned","control"
"X-037.INC280 + trastuzumab","X.037.IN80.trab","treatment"
"X-037.LEE011","X.037.uned","control"
"X-037.LEE011","X.037.LE11","treatment"
"X-037.LEE011 + everolimus","X.037.uned","control"
"X-037.LEE011 + everolimus","X.037.LE11.evus","treatment"
"X-037.LJM716","X.037.uned","control"
"X-037.LJM716","X.037.LJ16","treatment"
"X-037.LJM716 + trastuzumab","X.037.uned","control"
"X-037.LJM716 + trastuzumab","X.037.LJ16.trab","treatment"
"X-037.LLM871","X.037.uned","control"
"X-037.LLM871","X.037.LL71","treatment"
"X-037.trastuzumab","X.037.uned","control"
"X-037.trastuzumab","X.037.trab","treatment"
"X-037.5FU","X.037.uned","control"
"X-037.BKM120 + LJC049","X.037.uned","control"
"X-037.BYL719 + binimetinib","X.037.uned","control"
"X-037.BYL719 + cetuximab","X.037.uned","control"
"X-037.BYL719 + cetuximab + encorafenib","X.037.uned","control"
"X-037.BYL719 + encorafenib","X.037.uned","control"
"X-037.cetuximab","X.037.uned","control"
"X-037.cetuximab + encorafenib","X.037.uned","control"
"X-037.CGM097","X.037.uned","control"
"X-037.CKX620","X.037.uned","control"
"X-037.encorafenib","X.037.uned","control"
"X-037.LFW527 + binimetinib","X.037.uned","control"
"X-037.LJC049","X.037.uned","control"
"X-037.LKA136","X.037.uned","control"
"X-037.abraxane","X.037.uned","control"
"X-037.binimetinib-3.5mpk","X.037.uned","control"
"X-037.BKM120 + binimetinib","X.037.uned","control"
"X-037.BKM120 + LDE225","X.037.uned","control"
"X-037.figitumumab + binimetinib","X.037.uned","control"
"X-037.gemcitabine-50mpk","X.037.uned","control"
"X-037.INC424","X.037.uned","control"
"X-037.INC424 + binimetinib","X.037.uned","control"
"X-037.trametinib","X.037.uned","control"
"X-037.BYL719 + LEE011","X.037.uned","control"
"X-037.LFA102","X.037.uned","control"
"X-037.LFW527 + everolimus","X.037.uned","control"
"X-037.paclitaxel","X.037.uned","control"
"X-037.tamoxifen","X.037.uned","control"
"X-037.BYL719 + LGH447","X.037.uned","control"
"X-037.erlotinib","X.037.uned","control"
"X-037.LCL161 + paclitaxel","X.037.uned","control"
"X-037.LGH447","X.037.uned","control"
"X-037.WNT974","X.037.uned","control"
"X-037.BKM120 + encorafenib","X.037.uned","control"
"X-037.dacarbazine","X.037.uned","control"
"X-037.encorafenib + binimetinib","X.037.uned","control"
"X-037.LDE225","X.037.uned","control"
"X-037.LDK378","X.037.uned","control"
"X-037.LEE011 + binimetinib","X.037.uned","control"
"X-037.LEE011 + encorafenib","X.037.uned","control"
"X-037.LGW813","X.037.uned","control"
"X-037.TAS266","X.037.uned","control"
"X-038.BGJ398","X.038.uned","control"
"X-038.BGJ398","X.038.BG98","treatment"
"X-038.binimetinib","X.038.uned","control"
"X-038.binimetinib","X.038.biib","treatment"
"X-038.BKM120","X.038.uned","control"
"X-038.BKM120","X.038.BK20","treatment"
"X-038.BYL719","X.038.uned","control"
"X-038.BYL719","X.038.BY19","treatment"
"X-038.BYL719 + HSP990","X.038.uned","control"
"X-038.BYL719 + HSP990","X.038.BY19.HS90","treatment"
"X-038.BYL719 + LJM716","X.038.uned","control"
"X-038.BYL719 + LJM716","X.038.BY19.LJ16","treatment"
"X-038.CLR457","X.038.uned","control"
"X-038.CLR457","X.038.CL57","treatment"
"X-038.everolimus","X.038.uned","control"
"X-038.everolimus","X.038.evus","treatment"
"X-038.figitumumab","X.038.uned","control"
"X-038.figitumumab","X.038.fiab","treatment"
"X-038.HDM201","X.038.uned","control"
"X-038.HDM201","X.038.HD01","treatment"
"X-038.HSP990","X.038.uned","control"
"X-038.HSP990","X.038.HS90","treatment"
"X-038.INC280","X.038.uned","control"
"X-038.INC280","X.038.IN80","treatment"
"X-038.INC280 + trastuzumab","X.038.uned","control"
"X-038.INC280 + trastuzumab","X.038.IN80.trab","treatment"
"X-038.LEE011","X.038.uned","control"
"X-038.LEE011","X.038.LE11","treatment"
"X-038.LEE011 + everolimus","X.038.uned","control"
"X-038.LEE011 + everolimus","X.038.LE11.evus","treatment"
"X-038.LJM716","X.038.uned","control"
"X-038.LJM716","X.038.LJ16","treatment"
"X-038.LJM716 + trastuzumab","X.038.uned","control"
"X-038.LJM716 + trastuzumab","X.038.LJ16.trab","treatment"
"X-038.LLM871","X.038.uned","control"
"X-038.LLM871","X.038.LL71","treatment"
"X-038.trastuzumab","X.038.uned","control"
"X-038.trastuzumab","X.038.trab","treatment"
"X-038.5FU","X.038.uned","control"
"X-038.BKM120 + LJC049","X.038.uned","control"
"X-038.BYL719 + binimetinib","X.038.uned","control"
"X-038.BYL719 + cetuximab","X.038.uned","control"
"X-038.BYL719 + cetuximab + encorafenib","X.038.uned","control"
"X-038.BYL719 + encorafenib","X.038.uned","control"
"X-038.cetuximab","X.038.uned","control"
"X-038.cetuximab + encorafenib","X.038.uned","control"
"X-038.CGM097","X.038.uned","control"
"X-038.CKX620","X.038.uned","control"
"X-038.encorafenib","X.038.uned","control"
"X-038.LFW527 + binimetinib","X.038.uned","control"
"X-038.LJC049","X.038.uned","control"
"X-038.LKA136","X.038.uned","control"
"X-038.abraxane","X.038.uned","control"
"X-038.binimetinib-3.5mpk","X.038.uned","control"
"X-038.BKM120 + binimetinib","X.038.uned","control"
"X-038.BKM120 + LDE225","X.038.uned","control"
"X-038.figitumumab + binimetinib","X.038.uned","control"
"X-038.gemcitabine-50mpk","X.038.uned","control"
"X-038.INC424","X.038.uned","control"
"X-038.INC424 + binimetinib","X.038.uned","control"
"X-038.trametinib","X.038.uned","control"
"X-038.BYL719 + LEE011","X.038.uned","control"
"X-038.LFA102","X.038.uned","control"
"X-038.LFW527 + everolimus","X.038.uned","control"
"X-038.paclitaxel","X.038.uned","control"
"X-038.tamoxifen","X.038.uned","control"
"X-038.BYL719 + LGH447","X.038.uned","control"
"X-038.erlotinib","X.038.uned","control"
"X-038.LCL161 + paclitaxel","X.038.uned","control"
"X-038.LGH447","X.038.uned","control"
"X-038.WNT974","X.038.uned","control"
"X-038.BKM120 + encorafenib","X.038.uned","control"
"X-038.dacarbazine","X.038.uned","control"
"X-038.encorafenib + binimetinib","X.038.uned","control"
"X-038.LDE225","X.038.uned","control"
"X-038.LDK378","X.038.uned","control"
"X-038.LEE011 + binimetinib","X.038.uned","control"
"X-038.LEE011 + encorafenib","X.038.uned","control"
"X-038.LGW813","X.038.uned","control"
"X-038.TAS266","X.038.uned","control"
"X-039.BGJ398","X.039.uned","control"
"X-039.binimetinib","X.039.uned","control"
"X-039.BKM120","X.039.uned","control"
"X-039.BYL719","X.039.uned","control"
"X-039.BYL719","X.039.BY19","treatment"
"X-039.BYL719 + HSP990","X.039.uned","control"
"X-039.BYL719 + HSP990","X.039.BY19.HS90","treatment"
"X-039.BYL719 + LJM716","X.039.uned","control"
"X-039.BYL719 + LJM716","X.039.BY19.LJ16","treatment"
"X-039.CLR457","X.039.uned","control"
"X-039.everolimus","X.039.uned","control"
"X-039.everolimus","X.039.evus","treatment"
"X-039.figitumumab","X.039.uned","control"
"X-039.HDM201","X.039.uned","control"
"X-039.HSP990","X.039.uned","control"
"X-039.HSP990","X.039.HS90","treatment"
"X-039.INC280","X.039.uned","control"
"X-039.INC280 + trastuzumab","X.039.uned","control"
"X-039.LEE011","X.039.uned","control"
"X-039.LEE011","X.039.LE11","treatment"
"X-039.LEE011 + everolimus","X.039.uned","control"
"X-039.LEE011 + everolimus","X.039.LE11.evus","treatment"
"X-039.LJM716","X.039.uned","control"
"X-039.LJM716","X.039.LJ16","treatment"
"X-039.LJM716 + trastuzumab","X.039.uned","control"
"X-039.LLM871","X.039.uned","control"
"X-039.trastuzumab","X.039.uned","control"
"X-039.5FU","X.039.uned","control"
"X-039.BKM120 + LJC049","X.039.uned","control"
"X-039.BYL719 + binimetinib","X.039.uned","control"
"X-039.BYL719 + cetuximab","X.039.uned","control"
"X-039.BYL719 + cetuximab + encorafenib","X.039.uned","control"
"X-039.BYL719 + encorafenib","X.039.uned","control"
"X-039.cetuximab","X.039.uned","control"
"X-039.cetuximab + encorafenib","X.039.uned","control"
"X-039.CGM097","X.039.uned","control"
"X-039.CKX620","X.039.uned","control"
"X-039.encorafenib","X.039.uned","control"
"X-039.LFW527 + binimetinib","X.039.uned","control"
"X-039.LJC049","X.039.uned","control"
"X-039.LKA136","X.039.uned","control"
"X-039.abraxane","X.039.uned","control"
"X-039.binimetinib-3.5mpk","X.039.uned","control"
"X-039.BKM120 + binimetinib","X.039.uned","control"
"X-039.BKM120 + LDE225","X.039.uned","control"
"X-039.figitumumab + binimetinib","X.039.uned","control"
"X-039.gemcitabine-50mpk","X.039.uned","control"
"X-039.INC424","X.039.uned","control"
"X-039.INC424 + binimetinib","X.039.uned","control"
"X-039.trametinib","X.039.uned","control"
"X-039.BYL719 + LEE011","X.039.uned","control"
"X-039.LFA102","X.039.uned","control"
"X-039.LFW527 + everolimus","X.039.uned","control"
"X-039.paclitaxel","X.039.uned","control"
"X-039.tamoxifen","X.039.uned","control"
"X-039.BYL719 + LGH447","X.039.uned","control"
"X-039.erlotinib","X.039.uned","control"
"X-039.LCL161 + paclitaxel","X.039.uned","control"
"X-039.LGH447","X.039.uned","control"
"X-039.WNT974","X.039.uned","control"
"X-039.BKM120 + encorafenib","X.039.uned","control"
"X-039.dacarbazine","X.039.uned","control"
"X-039.encorafenib + binimetinib","X.039.uned","control"
"X-039.LDE225","X.039.uned","control"
"X-039.LDK378","X.039.uned","control"
"X-039.LEE011 + binimetinib","X.039.uned","control"
"X-039.LEE011 + encorafenib","X.039.uned","control"
"X-039.LGW813","X.039.uned","control"
"X-039.TAS266","X.039.uned","control"
"X-050.BGJ398","X.050.uned","control"
"X-050.binimetinib","X.050.uned","control"
"X-050.BKM120","X.050.uned","control"
"X-050.BYL719","X.050.uned","control"
"X-050.BYL719","X.050.BY19","treatment"
"X-050.BYL719 + HSP990","X.050.uned","control"
"X-050.BYL719 + HSP990","X.050.BY19.HS90","treatment"
"X-050.BYL719 + LJM716","X.050.uned","control"
"X-050.BYL719 + LJM716","X.050.BY19.LJ16","treatment"
"X-050.CLR457","X.050.uned","control"
"X-050.everolimus","X.050.uned","control"
"X-050.everolimus","X.050.evus","treatment"
"X-050.figitumumab","X.050.uned","control"
"X-050.HDM201","X.050.uned","control"
"X-050.HSP990","X.050.uned","control"
"X-050.HSP990","X.050.HS90","treatment"
"X-050.INC280","X.050.uned","control"
"X-050.INC280 + trastuzumab","X.050.uned","control"
"X-050.LEE011","X.050.uned","control"
"X-050.LEE011","X.050.LE11","treatment"
"X-050.LEE011 + everolimus","X.050.uned","control"
"X-050.LEE011 + everolimus","X.050.LE11.evus","treatment"
"X-050.LJM716","X.050.uned","control"
"X-050.LJM716","X.050.LJ16","treatment"
"X-050.LJM716 + trastuzumab","X.050.uned","control"
"X-050.LLM871","X.050.uned","control"
"X-050.trastuzumab","X.050.uned","control"
"X-050.5FU","X.050.uned","control"
"X-050.BKM120 + LJC049","X.050.uned","control"
"X-050.BYL719 + binimetinib","X.050.uned","control"
"X-050.BYL719 + cetuximab","X.050.uned","control"
"X-050.BYL719 + cetuximab + encorafenib","X.050.uned","control"
"X-050.BYL719 + encorafenib","X.050.uned","control"
"X-050.cetuximab","X.050.uned","control"
"X-050.cetuximab + encorafenib","X.050.uned","control"
"X-050.CGM097","X.050.uned","control"
"X-050.CKX620","X.050.uned","control"
"X-050.encorafenib","X.050.uned","control"
"X-050.LFW527 + binimetinib","X.050.uned","control"
"X-050.LJC049","X.050.uned","control"
"X-050.LKA136","X.050.uned","control"
"X-050.abraxane","X.050.uned","control"
"X-050.binimetinib-3.5mpk","X.050.uned","control"
"X-050.BKM120 + binimetinib","X.050.uned","control"
"X-050.BKM120 + LDE225","X.050.uned","control"
"X-050.figitumumab + binimetinib","X.050.uned","control"
"X-050.gemcitabine-50mpk","X.050.uned","control"
"X-050.INC424","X.050.uned","control"
"X-050.INC424 + binimetinib","X.050.uned","control"
"X-050.trametinib","X.050.uned","control"
"X-050.BYL719 + LEE011","X.050.uned","control"
"X-050.LFA102","X.050.uned","control"
"X-050.LFW527 + everolimus","X.050.uned","control"
"X-050.paclitaxel","X.050.uned","control"
"X-050.tamoxifen","X.050.uned","control"
"X-050.BYL719 + LGH447","X.050.uned","control"
"X-050.erlotinib","X.050.uned","control"
"X-050.LCL161 + paclitaxel","X.050.uned","control"
"X-050.LGH447","X.050.uned","control"
"X-050.WNT974","X.050.uned","control"
"X-050.BKM120 + encorafenib","X.050.uned","control"
"X-050.dacarbazine","X.050.uned","control"
"X-050.encorafenib + binimetinib","X.050.uned","control"
"X-050.LDE225","X.050.uned","control"
"X-050.LDK378","X.050.uned","control"
"X-050.LEE011 + binimetinib","X.050.uned","control"
"X-050.LEE011 + encorafenib","X.050.uned","control"
"X-050.LGW813","X.050.uned","control"
"X-050.TAS266","X.050.uned","control"
"X-056.BGJ398","X.056.uned","control"
"X-056.BGJ398","X.056.BG98","treatment"
"X-056.binimetinib","X.056.uned","control"
"X-056.binimetinib","X.056.biib","treatment"
"X-056.BKM120","X.056.uned","control"
"X-056.BKM120","X.056.BK20","treatment"
"X-056.BYL719","X.056.uned","control"
"X-056.BYL719","X.056.BY19","treatment"
"X-056.BYL719 + HSP990","X.056.uned","control"
"X-056.BYL719 + HSP990","X.056.BY19.HS90","treatment"
"X-056.BYL719 + LJM716","X.056.uned","control"
"X-056.BYL719 + LJM716","X.056.BY19.LJ16","treatment"
"X-056.CLR457","X.056.uned","control"
"X-056.CLR457","X.056.CL57","treatment"
"X-056.everolimus","X.056.uned","control"
"X-056.everolimus","X.056.evus","treatment"
"X-056.figitumumab","X.056.uned","control"
"X-056.figitumumab","X.056.fiab","treatment"
"X-056.HDM201","X.056.uned","control"
"X-056.HDM201","X.056.HD01","treatment"
"X-056.HSP990","X.056.uned","control"
"X-056.HSP990","X.056.HS90","treatment"
"X-056.INC280","X.056.uned","control"
"X-056.INC280","X.056.IN80","treatment"
"X-056.INC280 + trastuzumab","X.056.uned","control"
"X-056.INC280 + trastuzumab","X.056.IN80.trab","treatment"
"X-056.LEE011","X.056.uned","control"
"X-056.LEE011","X.056.LE11","treatment"
"X-056.LEE011 + everolimus","X.056.uned","control"
"X-056.LEE011 + everolimus","X.056.LE11.evus","treatment"
"X-056.LJM716","X.056.uned","control"
"X-056.LJM716","X.056.LJ16","treatment"
"X-056.LJM716 + trastuzumab","X.056.uned","control"
"X-056.LJM716 + trastuzumab","X.056.LJ16.trab","treatment"
"X-056.LLM871","X.056.uned","control"
"X-056.LLM871","X.056.LL71","treatment"
"X-056.trastuzumab","X.056.uned","control"
"X-056.trastuzumab","X.056.trab","treatment"
"X-056.5FU","X.056.uned","control"
"X-056.BKM120 + LJC049","X.056.uned","control"
"X-056.BYL719 + binimetinib","X.056.uned","control"
"X-056.BYL719 + cetuximab","X.056.uned","control"
"X-056.BYL719 + cetuximab + encorafenib","X.056.uned","control"
"X-056.BYL719 + encorafenib","X.056.uned","control"
"X-056.cetuximab","X.056.uned","control"
"X-056.cetuximab + encorafenib","X.056.uned","control"
"X-056.CGM097","X.056.uned","control"
"X-056.CKX620","X.056.uned","control"
"X-056.encorafenib","X.056.uned","control"
"X-056.LFW527 + binimetinib","X.056.uned","control"
"X-056.LJC049","X.056.uned","control"
"X-056.LKA136","X.056.uned","control"
"X-056.abraxane","X.056.uned","control"
"X-056.binimetinib-3.5mpk","X.056.uned","control"
"X-056.BKM120 + binimetinib","X.056.uned","control"
"X-056.BKM120 + LDE225","X.056.uned","control"
"X-056.figitumumab + binimetinib","X.056.uned","control"
"X-056.gemcitabine-50mpk","X.056.uned","control"
"X-056.INC424","X.056.uned","control"
"X-056.INC424 + binimetinib","X.056.uned","control"
"X-056.trametinib","X.056.uned","control"
"X-056.BYL719 + LEE011","X.056.uned","control"
"X-056.LFA102","X.056.uned","control"
"X-056.LFW527 + everolimus","X.056.uned","control"
"X-056.paclitaxel","X.056.uned","control"
"X-056.tamoxifen","X.056.uned","control"
"X-056.BYL719 + LGH447","X.056.uned","control"
"X-056.erlotinib","X.056.uned","control"
"X-056.LCL161 + paclitaxel","X.056.uned","control"
"X-056.LGH447","X.056.uned","control"
"X-056.WNT974","X.056.uned","control"
"X-056.BKM120 + encorafenib","X.056.uned","control"
"X-056.dacarbazine","X.056.uned","control"
"X-056.encorafenib + binimetinib","X.056.uned","control"
"X-056.LDE225","X.056.uned","control"
"X-056.LDK378","X.056.uned","control"
"X-056.LEE011 + binimetinib","X.056.uned","control"
"X-056.LEE011 + encorafenib","X.056.uned","control"
"X-056.LGW813","X.056.uned","control"
"X-056.TAS266","X.056.uned","control"
"X-057.BGJ398","X.057.BG98","treatment"
"X-057.binimetinib","X.057.biib","treatment"
"X-057.BKM120","X.057.BK20","treatment"
"X-057.BYL719","X.057.BY19","treatment"
"X-057.BYL719 + HSP990","X.057.BY19.HS90","treatment"
"X-057.BYL719 + LJM716","X.057.BY19.LJ16","treatment"
"X-057.CLR457","X.057.CL57","treatment"
"X-057.everolimus","X.057.evus","treatment"
"X-057.figitumumab","X.057.fiab","treatment"
"X-057.HDM201","X.057.HD01","treatment"
"X-057.HSP990","X.057.HS90","treatment"
"X-057.INC280","X.057.IN80","treatment"
"X-057.INC280 + trastuzumab","X.057.IN80.trab","treatment"
"X-057.LEE011","X.057.LE11","treatment"
"X-057.LEE011 + everolimus","X.057.LE11.evus","treatment"
"X-057.LJM716","X.057.LJ16","treatment"
"X-057.LJM716 + trastuzumab","X.057.LJ16.trab","treatment"
"X-057.LLM871","X.057.LL71","treatment"
"X-057.trastuzumab","X.057.trab","treatment"
"X-064.BGJ398","X.064.BG98","treatment"
"X-064.binimetinib","X.064.biib","treatment"
"X-064.BKM120","X.064.BK20","treatment"
"X-064.BYL719","X.064.BY19","treatment"
"X-064.BYL719 + HSP990","X.064.BY19.HS90","treatment"
"X-064.BYL719 + LJM716","X.064.BY19.LJ16","treatment"
"X-064.CLR457","X.064.CL57","treatment"
"X-064.everolimus","X.064.evus","treatment"
"X-064.figitumumab","X.064.fiab","treatment"
"X-064.HDM201","X.064.HD01","treatment"
"X-064.HSP990","X.064.HS90","treatment"
"X-064.INC280","X.064.IN80","treatment"
"X-064.INC280 + trastuzumab","X.064.IN80.trab","treatment"
"X-064.LEE011","X.064.LE11","treatment"
"X-064.LEE011 + everolimus","X.064.LE11.evus","treatment"
"X-064.LJM716","X.064.LJ16","treatment"
"X-064.LJM716 + trastuzumab","X.064.LJ16.trab","treatment"
"X-064.LLM871","X.064.LL71","treatment"
"X-064.trastuzumab","X.064.trab","treatment"
"X-065.BGJ398","X.065.uned","control"
"X-065.BGJ398","X.065.BG98","treatment"
"X-065.binimetinib","X.065.uned","control"
"X-065.binimetinib","X.065.biib","treatment"
"X-065.BKM120","X.065.uned","control"
"X-065.BKM120","X.065.BK20","treatment"
"X-065.BYL719","X.065.uned","control"
"X-065.BYL719","X.065.BY19","treatment"
"X-065.BYL719 + HSP990","X.065.uned","control"
"X-065.BYL719 + HSP990","X.065.BY19.HS90","treatment"
"X-065.BYL719 + LJM716","X.065.uned","control"
"X-065.BYL719 + LJM716","X.065.BY19.LJ16","treatment"
"X-065.CLR457","X.065.uned","control"
"X-065.CLR457","X.065.CL57","treatment"
"X-065.everolimus","X.065.uned","control"
"X-065.everolimus","X.065.evus","treatment"
"X-065.figitumumab","X.065.uned","control"
"X-065.figitumumab","X.065.fiab","treatment"
"X-065.HDM201","X.065.uned","control"
"X-065.HDM201","X.065.HD01","treatment"
"X-065.HSP990","X.065.uned","control"
"X-065.HSP990","X.065.HS90","treatment"
"X-065.INC280","X.065.uned","control"
"X-065.INC280","X.065.IN80","treatment"
"X-065.INC280 + trastuzumab","X.065.uned","control"
"X-065.INC280 + trastuzumab","X.065.IN80.trab","treatment"
"X-065.LEE011","X.065.uned","control"
"X-065.LEE011","X.065.LE11","treatment"
"X-065.LEE011 + everolimus","X.065.uned","control"
"X-065.LEE011 + everolimus","X.065.LE11.evus","treatment"
"X-065.LJM716","X.065.uned","control"
"X-065.LJM716","X.065.LJ16","treatment"
"X-065.LJM716 + trastuzumab","X.065.uned","control"
"X-065.LJM716 + trastuzumab","X.065.LJ16.trab","treatment"
"X-065.LLM871","X.065.uned","control"
"X-065.LLM871","X.065.LL71","treatment"
"X-065.trastuzumab","X.065.uned","control"
"X-065.trastuzumab","X.065.trab","treatment"
"X-065.5FU","X.065.uned","control"
"X-065.BKM120 + LJC049","X.065.uned","control"
"X-065.BYL719 + binimetinib","X.065.uned","control"
"X-065.BYL719 + cetuximab","X.065.uned","control"
"X-065.BYL719 + cetuximab + encorafenib","X.065.uned","control"
"X-065.BYL719 + encorafenib","X.065.uned","control"
"X-065.cetuximab","X.065.uned","control"
"X-065.cetuximab + encorafenib","X.065.uned","control"
"X-065.CGM097","X.065.uned","control"
"X-065.CKX620","X.065.uned","control"
"X-065.encorafenib","X.065.uned","control"
"X-065.LFW527 + binimetinib","X.065.uned","control"
"X-065.LJC049","X.065.uned","control"
"X-065.LKA136","X.065.uned","control"
"X-065.abraxane","X.065.uned","control"
"X-065.binimetinib-3.5mpk","X.065.uned","control"
"X-065.BKM120 + binimetinib","X.065.uned","control"
"X-065.BKM120 + LDE225","X.065.uned","control"
"X-065.figitumumab + binimetinib","X.065.uned","control"
"X-065.gemcitabine-50mpk","X.065.uned","control"
"X-065.INC424","X.065.uned","control"
"X-065.INC424 + binimetinib","X.065.uned","control"
"X-065.trametinib","X.065.uned","control"
"X-065.BYL719 + LEE011","X.065.uned","control"
"X-065.LFA102","X.065.uned","control"
"X-065.LFW527 + everolimus","X.065.uned","control"
"X-065.paclitaxel","X.065.uned","control"
"X-065.tamoxifen","X.065.uned","control"
"X-065.BYL719 + LGH447","X.065.uned","control"
"X-065.erlotinib","X.065.uned","control"
"X-065.LCL161 + paclitaxel","X.065.uned","control"
"X-065.LGH447","X.065.uned","control"
"X-065.WNT974","X.065.uned","control"
"X-065.BKM120 + encorafenib","X.065.uned","control"
"X-065.dacarbazine","X.065.uned","control"
"X-065.encorafenib + binimetinib","X.065.uned","control"
"X-065.LDE225","X.065.uned","control"
"X-065.LDK378","X.065.uned","control"
"X-065.LEE011 + binimetinib","X.065.uned","control"
"X-065.LEE011 + encorafenib","X.065.uned","control"
"X-065.LGW813","X.065.uned","control"
"X-065.TAS266","X.065.uned","control"
"X-067.BGJ398","X.067.BG98","treatment"
"X-067.binimetinib","X.067.biib","treatment"
"X-067.BKM120","X.067.BK20","treatment"
"X-067.BYL719","X.067.BY19","treatment"
"X-067.BYL719 + HSP990","X.067.BY19.HS90","treatment"
"X-067.BYL719 + LJM716","X.067.BY19.LJ16","treatment"
"X-067.CLR457","X.067.CL57","treatment"
"X-067.everolimus","X.067.evus","treatment"
"X-067.figitumumab","X.067.fiab","treatment"
"X-067.HDM201","X.067.HD01","treatment"
"X-067.HSP990","X.067.HS90","treatment"
"X-067.INC280","X.067.IN80","treatment"
"X-067.INC280 + trastuzumab","X.067.IN80.trab","treatment"
"X-067.LEE011","X.067.LE11","treatment"
"X-067.LEE011 + everolimus","X.067.LE11.evus","treatment"
"X-067.LJM716","X.067.LJ16","treatment"
"X-067.LJM716 + trastuzumab","X.067.LJ16.trab","treatment"
"X-067.LLM871","X.067.LL71","treatment"
"X-067.trastuzumab","X.067.trab","treatment"
"X-074.BGJ398","X.074.uned","control"
"X-074.binimetinib","X.074.uned","control"
"X-074.BKM120","X.074.uned","control"
"X-074.BYL719","X.074.uned","control"
"X-074.BYL719","X.074.BY19","treatment"
"X-074.BYL719 + HSP990","X.074.uned","control"
"X-074.BYL719 + HSP990","X.074.BY19.HS90","treatment"
"X-074.BYL719 + LJM716","X.074.uned","control"
"X-074.BYL719 + LJM716","X.074.BY19.LJ16","treatment"
"X-074.CLR457","X.074.uned","control"
"X-074.everolimus","X.074.uned","control"
"X-074.everolimus","X.074.evus","treatment"
"X-074.figitumumab","X.074.uned","control"
"X-074.HDM201","X.074.uned","control"
"X-074.HSP990","X.074.uned","control"
"X-074.HSP990","X.074.HS90","treatment"
"X-074.INC280","X.074.uned","control"
"X-074.INC280 + trastuzumab","X.074.uned","control"
"X-074.LEE011","X.074.uned","control"
"X-074.LEE011","X.074.LE11","treatment"
"X-074.LEE011 + everolimus","X.074.uned","control"
"X-074.LEE011 + everolimus","X.074.LE11.evus","treatment"
"X-074.LJM716","X.074.uned","control"
"X-074.LJM716","X.074.LJ16","treatment"
"X-074.LJM716 + trastuzumab","X.074.uned","control"
"X-074.LLM871","X.074.uned","control"
"X-074.trastuzumab","X.074.uned","control"
"X-074.5FU","X.074.uned","control"
"X-074.BKM120 + LJC049","X.074.uned","control"
"X-074.BYL719 + binimetinib","X.074.uned","control"
"X-074.BYL719 + cetuximab","X.074.uned","control"
"X-074.BYL719 + cetuximab + encorafenib","X.074.uned","control"
"X-074.BYL719 + encorafenib","X.074.uned","control"
"X-074.cetuximab","X.074.uned","control"
"X-074.cetuximab + encorafenib","X.074.uned","control"
"X-074.CGM097","X.074.uned","control"
"X-074.CKX620","X.074.uned","control"
"X-074.encorafenib","X.074.uned","control"
"X-074.LFW527 + binimetinib","X.074.uned","control"
"X-074.LJC049","X.074.uned","control"
"X-074.LKA136","X.074.uned","control"
"X-074.abraxane","X.074.uned","control"
"X-074.binimetinib-3.5mpk","X.074.uned","control"
"X-074.BKM120 + binimetinib","X.074.uned","control"
"X-074.BKM120 + LDE225","X.074.uned","control"
"X-074.figitumumab + binimetinib","X.074.uned","control"
"X-074.gemcitabine-50mpk","X.074.uned","control"
"X-074.INC424","X.074.uned","control"
"X-074.INC424 + binimetinib","X.074.uned","control"
"X-074.trametinib","X.074.uned","control"
"X-074.BYL719 + LEE011","X.074.uned","control"
"X-074.LFA102","X.074.uned","control"
"X-074.LFW527 + everolimus","X.074.uned","control"
"X-074.paclitaxel","X.074.uned","control"
"X-074.tamoxifen","X.074.uned","control"
"X-074.BYL719 + LGH447","X.074.uned","control"
"X-074.erlotinib","X.074.uned","control"
"X-074.LCL161 + paclitaxel","X.074.uned","control"
"X-074.LGH447","X.074.uned","control"
"X-074.WNT974","X.074.uned","control"
"X-074.BKM120 + encorafenib","X.074.uned","control"
"X-074.dacarbazine","X.074.uned","control"
"X-074.encorafenib + binimetinib","X.074.uned","control"
"X-074.LDE225","X.074.uned","control"
"X-074.LDK378","X.074.uned","control"
"X-074.LEE011 + binimetinib","X.074.uned","control"
"X-074.LEE011 + encorafenib","X.074.uned","control"
"X-074.LGW813","X.074.uned","control"
"X-074.TAS266","X.074.uned","control"
"X-075.BGJ398","X.075.BG98","treatment"
"X-075.binimetinib","X.075.biib","treatment"
"X-075.BKM120","X.075.BK20","treatment"
"X-075.BYL719","X.075.BY19","treatment"
"X-075.BYL719 + HSP990","X.075.BY19.HS90","treatment"
"X-075.BYL719 + LJM716","X.075.BY19.LJ16","treatment"
"X-075.CLR457","X.075.CL57","treatment"
"X-075.everolimus","X.075.evus","treatment"
"X-075.figitumumab","X.075.fiab","treatment"
"X-075.HDM201","X.075.HD01","treatment"
"X-075.HSP990","X.075.HS90","treatment"
"X-075.INC280","X.075.IN80","treatment"
"X-075.INC280 + trastuzumab","X.075.IN80.trab","treatment"
"X-075.LEE011","X.075.LE11","treatment"
"X-075.LEE011 + everolimus","X.075.LE11.evus","treatment"
"X-075.LJM716","X.075.LJ16","treatment"
"X-075.LJM716 + trastuzumab","X.075.LJ16.trab","treatment"
"X-075.LLM871","X.075.LL71","treatment"
"X-075.trastuzumab","X.075.trab","treatment"
"X-077.BGJ398","X.077.uned","control"
"X-077.BGJ398","X.077.BG98","treatment"
"X-077.binimetinib","X.077.uned","control"
"X-077.binimetinib","X.077.biib","treatment"
"X-077.BKM120","X.077.uned","control"
"X-077.BKM120","X.077.BK20","treatment"
"X-077.BYL719","X.077.uned","control"
"X-077.BYL719","X.077.BY19","treatment"
"X-077.BYL719 + HSP990","X.077.uned","control"
"X-077.BYL719 + HSP990","X.077.BY19.HS90","treatment"
"X-077.BYL719 + LJM716","X.077.uned","control"
"X-077.BYL719 + LJM716","X.077.BY19.LJ16","treatment"
"X-077.CLR457","X.077.uned","control"
"X-077.CLR457","X.077.CL57","treatment"
"X-077.everolimus","X.077.uned","control"
"X-077.everolimus","X.077.evus","treatment"
"X-077.figitumumab","X.077.uned","control"
"X-077.figitumumab","X.077.fiab","treatment"
"X-077.HDM201","X.077.uned","control"
"X-077.HDM201","X.077.HD01","treatment"
"X-077.HSP990","X.077.uned","control"
"X-077.HSP990","X.077.HS90","treatment"
"X-077.INC280","X.077.uned","control"
"X-077.INC280","X.077.IN80","treatment"
"X-077.INC280 + trastuzumab","X.077.uned","control"
"X-077.INC280 + trastuzumab","X.077.IN80.trab","treatment"
"X-077.LEE011","X.077.uned","control"
"X-077.LEE011","X.077.LE11","treatment"
"X-077.LEE011 + everolimus","X.077.uned","control"
"X-077.LEE011 + everolimus","X.077.LE11.evus","treatment"
"X-077.LJM716","X.077.uned","control"
"X-077.LJM716","X.077.LJ16","treatment"
"X-077.LJM716 + trastuzumab","X.077.uned","control"
"X-077.LJM716 + trastuzumab","X.077.LJ16.trab","treatment"
"X-077.LLM871","X.077.uned","control"
"X-077.trastuzumab","X.077.uned","control"
"X-077.trastuzumab","X.077.trab","treatment"
"X-077.5FU","X.077.uned","control"
"X-077.BKM120 + LJC049","X.077.uned","control"
"X-077.BYL719 + binimetinib","X.077.uned","control"
"X-077.BYL719 + cetuximab","X.077.uned","control"
"X-077.BYL719 + cetuximab + encorafenib","X.077.uned","control"
"X-077.BYL719 + encorafenib","X.077.uned","control"
"X-077.cetuximab","X.077.uned","control"
"X-077.cetuximab + encorafenib","X.077.uned","control"
"X-077.CGM097","X.077.uned","control"
"X-077.CKX620","X.077.uned","control"
"X-077.encorafenib","X.077.uned","control"
"X-077.LFW527 + binimetinib","X.077.uned","control"
"X-077.LJC049","X.077.uned","control"
"X-077.LKA136","X.077.uned","control"
"X-077.abraxane","X.077.uned","control"
"X-077.binimetinib-3.5mpk","X.077.uned","control"
"X-077.BKM120 + binimetinib","X.077.uned","control"
"X-077.BKM120 + LDE225","X.077.uned","control"
"X-077.figitumumab + binimetinib","X.077.uned","control"
"X-077.gemcitabine-50mpk","X.077.uned","control"
"X-077.INC424","X.077.uned","control"
"X-077.INC424 + binimetinib","X.077.uned","control"
"X-077.trametinib","X.077.uned","control"
"X-077.BYL719 + LEE011","X.077.uned","control"
"X-077.LFA102","X.077.uned","control"
"X-077.LFW527 + everolimus","X.077.uned","control"
"X-077.paclitaxel","X.077.uned","control"
"X-077.tamoxifen","X.077.uned","control"
"X-077.BYL719 + LGH447","X.077.uned","control"
"X-077.erlotinib","X.077.uned","control"
"X-077.LCL161 + paclitaxel","X.077.uned","control"
"X-077.LGH447","X.077.uned","control"
"X-077.WNT974","X.077.uned","control"
"X-077.BKM120 + encorafenib","X.077.uned","control"
"X-077.dacarbazine","X.077.uned","control"
"X-077.encorafenib + binimetinib","X.077.uned","control"
"X-077.LDE225","X.077.uned","control"
"X-077.LDK378","X.077.uned","control"
"X-077.LEE011 + binimetinib","X.077.uned","control"
"X-077.LEE011 + encorafenib","X.077.uned","control"
"X-077.LGW813","X.077.uned","control"
"X-077.TAS266","X.077.uned","control"
"X-078.BGJ398","X.078.uned","control"
"X-078.binimetinib","X.078.uned","control"
"X-078.BKM120","X.078.uned","control"
"X-078.BYL719","X.078.uned","control"
"X-078.BYL719","X.078.BY19","treatment"
"X-078.BYL719 + HSP990","X.078.uned","control"
"X-078.BYL719 + HSP990","X.078.BY19.HS90","treatment"
"X-078.BYL719 + LJM716","X.078.uned","control"
"X-078.BYL719 + LJM716","X.078.BY19.LJ16","treatment"
"X-078.CLR457","X.078.uned","control"
"X-078.everolimus","X.078.uned","control"
"X-078.everolimus","X.078.evus","treatment"
"X-078.figitumumab","X.078.uned","control"
"X-078.HDM201","X.078.uned","control"
"X-078.HSP990","X.078.uned","control"
"X-078.HSP990","X.078.HS90","treatment"
"X-078.INC280","X.078.uned","control"
"X-078.INC280 + trastuzumab","X.078.uned","control"
"X-078.LEE011","X.078.uned","control"
"X-078.LEE011","X.078.LE11","treatment"
"X-078.LEE011 + everolimus","X.078.uned","control"
"X-078.LEE011 + everolimus","X.078.LE11.evus","treatment"
"X-078.LJM716","X.078.uned","control"
"X-078.LJM716","X.078.LJ16","treatment"
"X-078.LJM716 + trastuzumab","X.078.uned","control"
"X-078.LLM871","X.078.uned","control"
"X-078.trastuzumab","X.078.uned","control"
"X-078.5FU","X.078.uned","control"
"X-078.BKM120 + LJC049","X.078.uned","control"
"X-078.BYL719 + binimetinib","X.078.uned","control"
"X-078.BYL719 + cetuximab","X.078.uned","control"
"X-078.BYL719 + cetuximab + encorafenib","X.078.uned","control"
"X-078.BYL719 + encorafenib","X.078.uned","control"
"X-078.cetuximab","X.078.uned","control"
"X-078.cetuximab + encorafenib","X.078.uned","control"
"X-078.CGM097","X.078.uned","control"
"X-078.CKX620","X.078.uned","control"
"X-078.encorafenib","X.078.uned","control"
"X-078.LFW527 + binimetinib","X.078.uned","control"
"X-078.LJC049","X.078.uned","control"
"X-078.LKA136","X.078.uned","control"
"X-078.abraxane","X.078.uned","control"
"X-078.binimetinib-3.5mpk","X.078.uned","control"
"X-078.BKM120 + binimetinib","X.078.uned","control"
"X-078.BKM120 + LDE225","X.078.uned","control"
"X-078.figitumumab + binimetinib","X.078.uned","control"
"X-078.gemcitabine-50mpk","X.078.uned","control"
"X-078.INC424","X.078.uned","control"
"X-078.INC424 + binimetinib","X.078.uned","control"
"X-078.trametinib","X.078.uned","control"
"X-078.BYL719 + LEE011","X.078.uned","control"
"X-078.LFA102","X.078.uned","control"
"X-078.LFW527 + everolimus","X.078.uned","control"
"X-078.paclitaxel","X.078.uned","control"
"X-078.tamoxifen","X.078.uned","control"
"X-078.BYL719 + LGH447","X.078.uned","control"
"X-078.erlotinib","X.078.uned","control"
"X-078.LCL161 + paclitaxel","X.078.uned","control"
"X-078.LGH447","X.078.uned","control"
"X-078.WNT974","X.078.uned","control"
"X-078.BKM120 + encorafenib","X.078.uned","control"
"X-078.dacarbazine","X.078.uned","control"
"X-078.encorafenib + binimetinib","X.078.uned","control"
"X-078.LDE225","X.078.uned","control"
"X-078.LDK378","X.078.uned","control"
"X-078.LEE011 + binimetinib","X.078.uned","control"
"X-078.LEE011 + encorafenib","X.078.uned","control"
"X-078.LGW813","X.078.uned","control"
"X-078.TAS266","X.078.uned","control"
"X-084.BGJ398","X.084.BG98","treatment"
"X-084.binimetinib","X.084.biib","treatment"
"X-084.BKM120","X.084.BK20","treatment"
"X-084.BYL719","X.084.BY19","treatment"
"X-084.BYL719 + HSP990","X.084.BY19.HS90","treatment"
"X-084.BYL719 + LJM716","X.084.BY19.LJ16","treatment"
"X-084.CLR457","X.084.CL57","treatment"
"X-084.everolimus","X.084.evus","treatment"
"X-084.figitumumab","X.084.fiab","treatment"
"X-084.HDM201","X.084.HD01","treatment"
"X-084.HSP990","X.084.HS90","treatment"
"X-084.INC280","X.084.IN80","treatment"
"X-084.INC280 + trastuzumab","X.084.IN80.trab","treatment"
"X-084.LEE011","X.084.LE11","treatment"
"X-084.LEE011 + everolimus","X.084.LE11.evus","treatment"
"X-084.LJM716","X.084.LJ16","treatment"
"X-084.LJM716 + trastuzumab","X.084.LJ16.trab","treatment"
"X-084.LLM871","X.084.LL71","treatment"
"X-084.trastuzumab","X.084.trab","treatment"
"X-089.BGJ398","X.089.BG98","treatment"
"X-089.binimetinib","X.089.biib","treatment"
"X-089.BKM120","X.089.BK20","treatment"
"X-089.BYL719","X.089.BY19","treatment"
"X-089.BYL719 + HSP990","X.089.BY19.HS90","treatment"
"X-089.everolimus","X.089.evus","treatment"
"X-089.figitumumab","X.089.fiab","treatment"
"X-089.HDM201","X.089.HD01","treatment"
"X-089.HSP990","X.089.HS90","treatment"
"X-089.LEE011","X.089.LE11","treatment"
"X-089.LEE011 + everolimus","X.089.LE11.evus","treatment"
"X-089.LJM716","X.089.LJ16","treatment"
"X-089.LJM716 + trastuzumab","X.089.LJ16.trab","treatment"
"X-089.LLM871","X.089.LL71","treatment"
"X-089.trastuzumab","X.089.trab","treatment"
"X-090.BGJ398","X.090.BG98","treatment"
"X-090.binimetinib","X.090.biib","treatment"
"X-090.BKM120","X.090.BK20","treatment"
"X-090.BYL719","X.090.BY19","treatment"
"X-090.BYL719 + HSP990","X.090.BY19.HS90","treatment"
"X-090.BYL719 + LJM716","X.090.BY19.LJ16","treatment"
"X-090.CLR457","X.090.CL57","treatment"
"X-090.everolimus","X.090.evus","treatment"
"X-090.figitumumab","X.090.fiab","treatment"
"X-090.HDM201","X.090.HD01","treatment"
"X-090.HSP990","X.090.HS90","treatment"
"X-090.INC280","X.090.IN80","treatment"
"X-090.INC280 + trastuzumab","X.090.IN80.trab","treatment"
"X-090.LEE011","X.090.LE11","treatment"
"X-090.LEE011 + everolimus","X.090.LE11.evus","treatment"
"X-090.LJM716","X.090.LJ16","treatment"
"X-090.LJM716 + trastuzumab","X.090.LJ16.trab","treatment"
"X-090.LLM871","X.090.LL71","treatment"
"X-090.trastuzumab","X.090.trab","treatment"
"X-091.BGJ398","X.091.uned","control"
"X-091.BGJ398","X.091.BG98","treatment"
"X-091.binimetinib","X.091.uned","control"
"X-091.binimetinib","X.091.biib","treatment"
"X-091.BKM120","X.091.uned","control"
"X-091.BKM120","X.091.BK20","treatment"
"X-091.BYL719","X.091.uned","control"
"X-091.BYL719","X.091.BY19","treatment"
"X-091.BYL719 + HSP990","X.091.uned","control"
"X-091.BYL719 + HSP990","X.091.BY19.HS90","treatment"
"X-091.BYL719 + LJM716","X.091.uned","control"
"X-091.BYL719 + LJM716","X.091.BY19.LJ16","treatment"
"X-091.CLR457","X.091.uned","control"
"X-091.CLR457","X.091.CL57","treatment"
"X-091.everolimus","X.091.uned","control"
"X-091.everolimus","X.091.evus","treatment"
"X-091.figitumumab","X.091.uned","control"
"X-091.figitumumab","X.091.fiab","treatment"
"X-091.HDM201","X.091.uned","control"
"X-091.HDM201","X.091.HD01","treatment"
"X-091.HSP990","X.091.uned","control"
"X-091.HSP990","X.091.HS90","treatment"
"X-091.INC280","X.091.uned","control"
"X-091.INC280","X.091.IN80","treatment"
"X-091.INC280 + trastuzumab","X.091.uned","control"
"X-091.INC280 + trastuzumab","X.091.IN80.trab","treatment"
"X-091.LEE011","X.091.uned","control"
"X-091.LEE011","X.091.LE11","treatment"
"X-091.LEE011 + everolimus","X.091.uned","control"
"X-091.LEE011 + everolimus","X.091.LE11.evus","treatment"
"X-091.LJM716","X.091.uned","control"
"X-091.LJM716","X.091.LJ16","treatment"
"X-091.LJM716 + trastuzumab","X.091.uned","control"
"X-091.LJM716 + trastuzumab","X.091.LJ16.trab","treatment"
"X-091.LLM871","X.091.uned","control"
"X-091.LLM871","X.091.LL71","treatment"
"X-091.trastuzumab","X.091.uned","control"
"X-091.trastuzumab","X.091.trab","treatment"
"X-091.5FU","X.091.uned","control"
"X-091.BKM120 + LJC049","X.091.uned","control"
"X-091.BYL719 + binimetinib","X.091.uned","control"
"X-091.BYL719 + cetuximab","X.091.uned","control"
"X-091.BYL719 + cetuximab + encorafenib","X.091.uned","control"
"X-091.BYL719 + encorafenib","X.091.uned","control"
"X-091.cetuximab","X.091.uned","control"
"X-091.cetuximab + encorafenib","X.091.uned","control"
"X-091.CGM097","X.091.uned","control"
"X-091.CKX620","X.091.uned","control"
"X-091.encorafenib","X.091.uned","control"
"X-091.LFW527 + binimetinib","X.091.uned","control"
"X-091.LJC049","X.091.uned","control"
"X-091.LKA136","X.091.uned","control"
"X-091.abraxane","X.091.uned","control"
"X-091.binimetinib-3.5mpk","X.091.uned","control"
"X-091.BKM120 + binimetinib","X.091.uned","control"
"X-091.BKM120 + LDE225","X.091.uned","control"
"X-091.figitumumab + binimetinib","X.091.uned","control"
"X-091.gemcitabine-50mpk","X.091.uned","control"
"X-091.INC424","X.091.uned","control"
"X-091.INC424 + binimetinib","X.091.uned","control"
"X-091.trametinib","X.091.uned","control"
"X-091.BYL719 + LEE011","X.091.uned","control"
"X-091.LFA102","X.091.uned","control"
"X-091.LFW527 + everolimus","X.091.uned","control"
"X-091.paclitaxel","X.091.uned","control"
"X-091.tamoxifen","X.091.uned","control"
"X-091.BYL719 + LGH447","X.091.uned","control"
"X-091.erlotinib","X.091.uned","control"
"X-091.LCL161 + paclitaxel","X.091.uned","control"
"X-091.LGH447","X.091.uned","control"
"X-091.WNT974","X.091.uned","control"
"X-091.BKM120 + encorafenib","X.091.uned","control"
"X-091.dacarbazine","X.091.uned","control"
"X-091.encorafenib + binimetinib","X.091.uned","control"
"X-091.LDE225","X.091.uned","control"
"X-091.LDK378","X.091.uned","control"
"X-091.LEE011 + binimetinib","X.091.uned","control"
"X-091.LEE011 + encorafenib","X.091.uned","control"
"X-091.LGW813","X.091.uned","control"
"X-091.TAS266","X.091.uned","control"
"X-0933.BGJ398","X.0933.uned","control"
"X-0933.binimetinib","X.0933.uned","control"
"X-0933.binimetinib","X.0933.biib","treatment"
"X-0933.BKM120","X.0933.uned","control"
"X-0933.BKM120","X.0933.BK20","treatment"
"X-0933.BYL719","X.0933.uned","control"
"X-0933.BYL719","X.0933.BY19","treatment"
"X-0933.BYL719 + HSP990","X.0933.uned","control"
"X-0933.BYL719 + LJM716","X.0933.uned","control"
"X-0933.BYL719 + LJM716","X.0933.BY19.LJ16","treatment"
"X-0933.CLR457","X.0933.uned","control"
"X-0933.CLR457","X.0933.CL57","treatment"
"X-0933.everolimus","X.0933.uned","control"
"X-0933.figitumumab","X.0933.uned","control"
"X-0933.HDM201","X.0933.uned","control"
"X-0933.HDM201","X.0933.HD01","treatment"
"X-0933.HSP990","X.0933.uned","control"
"X-0933.INC280","X.0933.uned","control"
"X-0933.INC280 + trastuzumab","X.0933.uned","control"
"X-0933.LEE011","X.0933.uned","control"
"X-0933.LEE011","X.0933.LE11","treatment"
"X-0933.LEE011 + everolimus","X.0933.uned","control"
"X-0933.LJM716","X.0933.uned","control"
"X-0933.LJM716 + trastuzumab","X.0933.uned","control"
"X-0933.LLM871","X.0933.uned","control"
"X-0933.trastuzumab","X.0933.uned","control"
"X-0933.5FU","X.0933.uned","control"
"X-0933.5FU","X.0933.5FFU","treatment"
"X-0933.BKM120 + LJC049","X.0933.uned","control"
"X-0933.BKM120 + LJC049","X.0933.BK20.LJ49","treatment"
"X-0933.BYL719 + binimetinib","X.0933.uned","control"
"X-0933.BYL719 + binimetinib","X.0933.BY19.biib","treatment"
"X-0933.BYL719 + cetuximab","X.0933.uned","control"
"X-0933.BYL719 + cetuximab","X.0933.BY19.ceab","treatment"
"X-0933.BYL719 + cetuximab + encorafenib","X.0933.uned","control"
"X-0933.BYL719 + cetuximab + encorafenib","X.0933.BY19.ceab.enib","treatment"
"X-0933.BYL719 + encorafenib","X.0933.uned","control"
"X-0933.BYL719 + encorafenib","X.0933.BY19.enib","treatment"
"X-0933.cetuximab","X.0933.uned","control"
"X-0933.cetuximab","X.0933.ceab","treatment"
"X-0933.cetuximab + encorafenib","X.0933.uned","control"
"X-0933.cetuximab + encorafenib","X.0933.ceab.enib","treatment"
"X-0933.CGM097","X.0933.uned","control"
"X-0933.CGM097","X.0933.CG97","treatment"
"X-0933.CKX620","X.0933.uned","control"
"X-0933.CKX620","X.0933.CK20","treatment"
"X-0933.encorafenib","X.0933.uned","control"
"X-0933.encorafenib","X.0933.enib","treatment"
"X-0933.LFW527 + binimetinib","X.0933.uned","control"
"X-0933.LFW527 + binimetinib","X.0933.LF27.biib","treatment"
"X-0933.LJC049","X.0933.uned","control"
"X-0933.LJC049","X.0933.LJ49","treatment"
"X-0933.LKA136","X.0933.uned","control"
"X-0933.LKA136","X.0933.LK36","treatment"
"X-0933.abraxane","X.0933.uned","control"
"X-0933.binimetinib-3.5mpk","X.0933.uned","control"
"X-0933.BKM120 + binimetinib","X.0933.uned","control"
"X-0933.BKM120 + LDE225","X.0933.uned","control"
"X-0933.figitumumab + binimetinib","X.0933.uned","control"
"X-0933.gemcitabine-50mpk","X.0933.uned","control"
"X-0933.INC424","X.0933.uned","control"
"X-0933.INC424 + binimetinib","X.0933.uned","control"
"X-0933.trametinib","X.0933.uned","control"
"X-0933.BYL719 + LEE011","X.0933.uned","control"
"X-0933.LFA102","X.0933.uned","control"
"X-0933.LFW527 + everolimus","X.0933.uned","control"
"X-0933.paclitaxel","X.0933.uned","control"
"X-0933.tamoxifen","X.0933.uned","control"
"X-0933.BYL719 + LGH447","X.0933.uned","control"
"X-0933.erlotinib","X.0933.uned","control"
"X-0933.LCL161 + paclitaxel","X.0933.uned","control"
"X-0933.LGH447","X.0933.uned","control"
"X-0933.WNT974","X.0933.uned","control"
"X-0933.BKM120 + encorafenib","X.0933.uned","control"
"X-0933.dacarbazine","X.0933.uned","control"
"X-0933.encorafenib + binimetinib","X.0933.uned","control"
"X-0933.LDE225","X.0933.uned","control"
"X-0933.LDK378","X.0933.uned","control"
"X-0933.LEE011 + binimetinib","X.0933.uned","control"
"X-0933.LEE011 + encorafenib","X.0933.uned","control"
"X-0933.LGW813","X.0933.uned","control"
"X-0933.TAS266","X.0933.uned","control"
"X-096.BGJ398","X.096.uned","control"
"X-096.BGJ398","X.096.BG98","treatment"
"X-096.binimetinib","X.096.uned","control"
"X-096.binimetinib","X.096.biib","treatment"
"X-096.BKM120","X.096.uned","control"
"X-096.BYL719","X.096.uned","control"
"X-096.BYL719","X.096.BY19","treatment"
"X-096.BYL719 + HSP990","X.096.uned","control"
"X-096.BYL719 + HSP990","X.096.BY19.HS90","treatment"
"X-096.BYL719 + LJM716","X.096.uned","control"
"X-096.BYL719 + LJM716","X.096.BY19.LJ16","treatment"
"X-096.CLR457","X.096.uned","control"
"X-096.CLR457","X.096.CL57","treatment"
"X-096.everolimus","X.096.uned","control"
"X-096.everolimus","X.096.evus","treatment"
"X-096.figitumumab","X.096.uned","control"
"X-096.figitumumab","X.096.fiab","treatment"
"X-096.HDM201","X.096.uned","control"
"X-096.HDM201","X.096.HD01","treatment"
"X-096.HSP990","X.096.uned","control"
"X-096.HSP990","X.096.HS90","treatment"
"X-096.INC280","X.096.uned","control"
"X-096.INC280","X.096.IN80","treatment"
"X-096.INC280 + trastuzumab","X.096.uned","control"
"X-096.INC280 + trastuzumab","X.096.IN80.trab","treatment"
"X-096.LEE011","X.096.uned","control"
"X-096.LEE011","X.096.LE11","treatment"
"X-096.LEE011 + everolimus","X.096.uned","control"
"X-096.LEE011 + everolimus","X.096.LE11.evus","treatment"
"X-096.LJM716","X.096.uned","control"
"X-096.LJM716","X.096.LJ16","treatment"
"X-096.LJM716 + trastuzumab","X.096.uned","control"
"X-096.LJM716 + trastuzumab","X.096.LJ16.trab","treatment"
"X-096.LLM871","X.096.uned","control"
"X-096.LLM871","X.096.LL71","treatment"
"X-096.trastuzumab","X.096.uned","control"
"X-096.trastuzumab","X.096.trab","treatment"
"X-096.5FU","X.096.uned","control"
"X-096.BKM120 + LJC049","X.096.uned","control"
"X-096.BYL719 + binimetinib","X.096.uned","control"
"X-096.BYL719 + cetuximab","X.096.uned","control"
"X-096.BYL719 + cetuximab + encorafenib","X.096.uned","control"
"X-096.BYL719 + encorafenib","X.096.uned","control"
"X-096.cetuximab","X.096.uned","control"
"X-096.cetuximab + encorafenib","X.096.uned","control"
"X-096.CGM097","X.096.uned","control"
"X-096.CKX620","X.096.uned","control"
"X-096.encorafenib","X.096.uned","control"
"X-096.LFW527 + binimetinib","X.096.uned","control"
"X-096.LJC049","X.096.uned","control"
"X-096.LKA136","X.096.uned","control"
"X-096.abraxane","X.096.uned","control"
"X-096.binimetinib-3.5mpk","X.096.uned","control"
"X-096.BKM120 + binimetinib","X.096.uned","control"
"X-096.BKM120 + LDE225","X.096.uned","control"
"X-096.figitumumab + binimetinib","X.096.uned","control"
"X-096.gemcitabine-50mpk","X.096.uned","control"
"X-096.INC424","X.096.uned","control"
"X-096.INC424 + binimetinib","X.096.uned","control"
"X-096.trametinib","X.096.uned","control"
"X-096.BYL719 + LEE011","X.096.uned","control"
"X-096.LFA102","X.096.uned","control"
"X-096.LFW527 + everolimus","X.096.uned","control"
"X-096.paclitaxel","X.096.uned","control"
"X-096.tamoxifen","X.096.uned","control"
"X-096.BYL719 + LGH447","X.096.uned","control"
"X-096.erlotinib","X.096.uned","control"
"X-096.LCL161 + paclitaxel","X.096.uned","control"
"X-096.LGH447","X.096.uned","control"
"X-096.WNT974","X.096.uned","control"
"X-096.BKM120 + encorafenib","X.096.uned","control"
"X-096.dacarbazine","X.096.uned","control"
"X-096.encorafenib + binimetinib","X.096.uned","control"
"X-096.LDE225","X.096.uned","control"
"X-096.LDK378","X.096.uned","control"
"X-096.LEE011 + binimetinib","X.096.uned","control"
"X-096.LEE011 + encorafenib","X.096.uned","control"
"X-096.LGW813","X.096.uned","control"
"X-096.TAS266","X.096.uned","control"
"X-097.BGJ398","X.097.BG98","treatment"
"X-097.binimetinib","X.097.biib","treatment"
"X-097.BKM120","X.097.BK20","treatment"
"X-097.BYL719","X.097.BY19","treatment"
"X-097.BYL719 + HSP990","X.097.BY19.HS90","treatment"
"X-097.BYL719 + LJM716","X.097.BY19.LJ16","treatment"
"X-097.CLR457","X.097.CL57","treatment"
"X-097.everolimus","X.097.evus","treatment"
"X-097.figitumumab","X.097.fiab","treatment"
"X-097.HDM201","X.097.HD01","treatment"
"X-097.HSP990","X.097.HS90","treatment"
"X-097.INC280","X.097.IN80","treatment"
"X-097.INC280 + trastuzumab","X.097.IN80.trab","treatment"
"X-097.LEE011","X.097.LE11","treatment"
"X-097.LEE011 + everolimus","X.097.LE11.evus","treatment"
"X-097.LJM716","X.097.LJ16","treatment"
"X-097.LJM716 + trastuzumab","X.097.LJ16.trab","treatment"
"X-097.LLM871","X.097.LL71","treatment"
"X-097.trastuzumab","X.097.trab","treatment"
"X-0988.LFW527 + binimetinib","X.0988.LF27.biib","treatment"
"X-098.BGJ398","X.098.uned","control"
"X-098.BGJ398","X.098.BG98","treatment"
"X-098.binimetinib","X.098.uned","control"
"X-098.binimetinib","X.098.biib","treatment"
"X-098.BKM120","X.098.uned","control"
"X-098.BKM120","X.098.BK20","treatment"
"X-098.BYL719","X.098.uned","control"
"X-098.BYL719","X.098.BY19","treatment"
"X-098.BYL719 + HSP990","X.098.uned","control"
"X-098.BYL719 + HSP990","X.098.BY19.HS90","treatment"
"X-098.BYL719 + LJM716","X.098.uned","control"
"X-098.BYL719 + LJM716","X.098.BY19.LJ16","treatment"
"X-098.CLR457","X.098.uned","control"
"X-098.CLR457","X.098.CL57","treatment"
"X-098.everolimus","X.098.uned","control"
"X-098.everolimus","X.098.evus","treatment"
"X-098.figitumumab","X.098.uned","control"
"X-098.figitumumab","X.098.fiab","treatment"
"X-098.HDM201","X.098.uned","control"
"X-098.HDM201","X.098.HD01","treatment"
"X-098.HSP990","X.098.uned","control"
"X-098.HSP990","X.098.HS90","treatment"
"X-098.INC280","X.098.uned","control"
"X-098.INC280","X.098.IN80","treatment"
"X-098.INC280 + trastuzumab","X.098.uned","control"
"X-098.INC280 + trastuzumab","X.098.IN80.trab","treatment"
"X-098.LEE011","X.098.uned","control"
"X-098.LEE011","X.098.LE11","treatment"
"X-098.LEE011 + everolimus","X.098.uned","control"
"X-098.LEE011 + everolimus","X.098.LE11.evus","treatment"
"X-098.LJM716","X.098.uned","control"
"X-098.LJM716","X.098.LJ16","treatment"
"X-098.LJM716 + trastuzumab","X.098.uned","control"
"X-098.LJM716 + trastuzumab","X.098.LJ16.trab","treatment"
"X-098.LLM871","X.098.uned","control"
"X-098.LLM871","X.098.LL71","treatment"
"X-098.trastuzumab","X.098.uned","control"
"X-098.trastuzumab","X.098.trab","treatment"
"X-098.5FU","X.098.uned","control"
"X-098.BKM120 + LJC049","X.098.uned","control"
"X-098.BYL719 + binimetinib","X.098.uned","control"
"X-098.BYL719 + cetuximab","X.098.uned","control"
"X-098.BYL719 + cetuximab + encorafenib","X.098.uned","control"
"X-098.BYL719 + encorafenib","X.098.uned","control"
"X-098.cetuximab","X.098.uned","control"
"X-098.cetuximab + encorafenib","X.098.uned","control"
"X-098.CGM097","X.098.uned","control"
"X-098.CKX620","X.098.uned","control"
"X-098.encorafenib","X.098.uned","control"
"X-098.LFW527 + binimetinib","X.098.uned","control"
"X-098.LJC049","X.098.uned","control"
"X-098.LKA136","X.098.uned","control"
"X-098.abraxane","X.098.uned","control"
"X-098.binimetinib-3.5mpk","X.098.uned","control"
"X-098.BKM120 + binimetinib","X.098.uned","control"
"X-098.BKM120 + LDE225","X.098.uned","control"
"X-098.figitumumab + binimetinib","X.098.uned","control"
"X-098.gemcitabine-50mpk","X.098.uned","control"
"X-098.INC424","X.098.uned","control"
"X-098.INC424 + binimetinib","X.098.uned","control"
"X-098.trametinib","X.098.uned","control"
"X-098.BYL719 + LEE011","X.098.uned","control"
"X-098.LFA102","X.098.uned","control"
"X-098.LFW527 + everolimus","X.098.uned","control"
"X-098.paclitaxel","X.098.uned","control"
"X-098.tamoxifen","X.098.uned","control"
"X-098.BYL719 + LGH447","X.098.uned","control"
"X-098.erlotinib","X.098.uned","control"
"X-098.LCL161 + paclitaxel","X.098.uned","control"
"X-098.LGH447","X.098.uned","control"
"X-098.WNT974","X.098.uned","control"
"X-098.BKM120 + encorafenib","X.098.uned","control"
"X-098.dacarbazine","X.098.uned","control"
"X-098.encorafenib + binimetinib","X.098.uned","control"
"X-098.LDE225","X.098.uned","control"
"X-098.LDK378","X.098.uned","control"
"X-098.LEE011 + binimetinib","X.098.uned","control"
"X-098.LEE011 + encorafenib","X.098.uned","control"
"X-098.LGW813","X.098.uned","control"
"X-098.TAS266","X.098.uned","control"
"X-0991.BGJ398","X.0991.uned","control"
"X-0991.binimetinib","X.0991.uned","control"
"X-0991.binimetinib","X.0991.biib","treatment"
"X-0991.BKM120","X.0991.uned","control"
"X-0991.BYL719","X.0991.uned","control"
"X-0991.BYL719","X.0991.BY19","treatment"
"X-0991.BYL719 + HSP990","X.0991.uned","control"
"X-0991.BYL719 + LJM716","X.0991.uned","control"
"X-0991.BYL719 + LJM716","X.0991.BY19.LJ16","treatment"
"X-0991.CLR457","X.0991.uned","control"
"X-0991.CLR457","X.0991.CL57","treatment"
"X-0991.everolimus","X.0991.uned","control"
"X-0991.figitumumab","X.0991.uned","control"
"X-0991.figitumumab","X.0991.fiab","treatment"
"X-0991.HDM201","X.0991.uned","control"
"X-0991.HDM201","X.0991.HD01","treatment"
"X-0991.HSP990","X.0991.uned","control"
"X-0991.INC280","X.0991.uned","control"
"X-0991.INC280 + trastuzumab","X.0991.uned","control"
"X-0991.LEE011","X.0991.uned","control"
"X-0991.LEE011","X.0991.LE11","treatment"
"X-0991.LEE011 + everolimus","X.0991.uned","control"
"X-0991.LJM716","X.0991.uned","control"
"X-0991.LJM716 + trastuzumab","X.0991.uned","control"
"X-0991.LLM871","X.0991.uned","control"
"X-0991.trastuzumab","X.0991.uned","control"
"X-0991.5FU","X.0991.uned","control"
"X-0991.BKM120 + LJC049","X.0991.uned","control"
"X-0991.BYL719 + binimetinib","X.0991.uned","control"
"X-0991.BYL719 + cetuximab","X.0991.uned","control"
"X-0991.BYL719 + cetuximab + encorafenib","X.0991.uned","control"
"X-0991.BYL719 + encorafenib","X.0991.uned","control"
"X-0991.cetuximab","X.0991.uned","control"
"X-0991.cetuximab + encorafenib","X.0991.uned","control"
"X-0991.CGM097","X.0991.uned","control"
"X-0991.CKX620","X.0991.uned","control"
"X-0991.encorafenib","X.0991.uned","control"
"X-0991.LFW527 + binimetinib","X.0991.uned","control"
"X-0991.LJC049","X.0991.uned","control"
"X-0991.LKA136","X.0991.uned","control"
"X-0991.LKA136","X.0991.LK36","treatment"
"X-0991.abraxane","X.0991.uned","control"
"X-0991.abraxane","X.0991.abne","treatment"
"X-0991.binimetinib-3.5mpk","X.0991.uned","control"
"X-0991.binimetinib-3.5mpk","X.0991.bipk","treatment"
"X-0991.BKM120 + binimetinib","X.0991.uned","control"
"X-0991.BKM120 + binimetinib","X.0991.BK20.biib","treatment"
"X-0991.BKM120 + LDE225","X.0991.uned","control"
"X-0991.BKM120 + LDE225","X.0991.BK20.LD25","treatment"
"X-0991.figitumumab + binimetinib","X.0991.uned","control"
"X-0991.figitumumab + binimetinib","X.0991.fiab.biib","treatment"
"X-0991.gemcitabine-50mpk","X.0991.uned","control"
"X-0991.gemcitabine-50mpk","X.0991.gepk","treatment"
"X-0991.INC424","X.0991.uned","control"
"X-0991.INC424","X.0991.IN24","treatment"
"X-0991.INC424 + binimetinib","X.0991.uned","control"
"X-0991.INC424 + binimetinib","X.0991.IN24.biib","treatment"
"X-0991.trametinib","X.0991.uned","control"
"X-0991.trametinib","X.0991.trib","treatment"
"X-0991.BYL719 + LEE011","X.0991.uned","control"
"X-0991.LFA102","X.0991.uned","control"
"X-0991.LFW527 + everolimus","X.0991.uned","control"
"X-0991.paclitaxel","X.0991.uned","control"
"X-0991.tamoxifen","X.0991.uned","control"
"X-0991.BYL719 + LGH447","X.0991.uned","control"
"X-0991.erlotinib","X.0991.uned","control"
"X-0991.LCL161 + paclitaxel","X.0991.uned","control"
"X-0991.LGH447","X.0991.uned","control"
"X-0991.WNT974","X.0991.uned","control"
"X-0991.BKM120 + encorafenib","X.0991.uned","control"
"X-0991.dacarbazine","X.0991.uned","control"
"X-0991.encorafenib + binimetinib","X.0991.uned","control"
"X-0991.LDE225","X.0991.uned","control"
"X-0991.LDK378","X.0991.uned","control"
"X-0991.LEE011 + binimetinib","X.0991.uned","control"
"X-0991.LEE011 + encorafenib","X.0991.uned","control"
"X-0991.LGW813","X.0991.uned","control"
"X-0991.TAS266","X.0991.uned","control"
"X-0992.LFW527 + binimetinib","X.0992.LF27.biib","treatment"
"X-099.BGJ398","X.099.BG98","treatment"
"X-099.binimetinib","X.099.biib","treatment"
"X-099.BYL719 + HSP990","X.099.BY19.HS90","treatment"
"X-099.BYL719 + LJM716","X.099.BY19.LJ16","treatment"
"X-099.CLR457","X.099.CL57","treatment"
"X-099.figitumumab","X.099.fiab","treatment"
"X-099.HDM201","X.099.HD01","treatment"
"X-099.HSP990","X.099.HS90","treatment"
"X-099.INC280","X.099.IN80","treatment"
"X-099.INC280 + trastuzumab","X.099.IN80.trab","treatment"
"X-099.LEE011","X.099.LE11","treatment"
"X-099.LEE011 + everolimus","X.099.LE11.evus","treatment"
"X-099.LJM716","X.099.LJ16","treatment"
"X-099.LJM716 + trastuzumab","X.099.LJ16.trab","treatment"
"X-099.LLM871","X.099.LL71","treatment"
"X-099.trastuzumab","X.099.trab","treatment"
"X-1004.BGJ398","X.1004.uned","control"
"X-1004.BGJ398","X.1004.BG98","treatment"
"X-1004.binimetinib","X.1004.uned","control"
"X-1004.binimetinib","X.1004.biib","treatment"
"X-1004.BKM120","X.1004.uned","control"
"X-1004.BKM120","X.1004.BK20","treatment"
"X-1004.BYL719","X.1004.uned","control"
"X-1004.BYL719","X.1004.BY19","treatment"
"X-1004.BYL719 + HSP990","X.1004.uned","control"
"X-1004.BYL719 + LJM716","X.1004.uned","control"
"X-1004.BYL719 + LJM716","X.1004.BY19.LJ16","treatment"
"X-1004.CLR457","X.1004.uned","control"
"X-1004.CLR457","X.1004.CL57","treatment"
"X-1004.everolimus","X.1004.uned","control"
"X-1004.figitumumab","X.1004.uned","control"
"X-1004.HDM201","X.1004.uned","control"
"X-1004.HDM201","X.1004.HD01","treatment"
"X-1004.HSP990","X.1004.uned","control"
"X-1004.INC280","X.1004.uned","control"
"X-1004.INC280 + trastuzumab","X.1004.uned","control"
"X-1004.LEE011","X.1004.uned","control"
"X-1004.LEE011","X.1004.LE11","treatment"
"X-1004.LEE011 + everolimus","X.1004.uned","control"
"X-1004.LEE011 + everolimus","X.1004.LE11.evus","treatment"
"X-1004.LJM716","X.1004.uned","control"
"X-1004.LJM716","X.1004.LJ16","treatment"
"X-1004.LJM716 + trastuzumab","X.1004.uned","control"
"X-1004.LJM716 + trastuzumab","X.1004.LJ16.trab","treatment"
"X-1004.LLM871","X.1004.uned","control"
"X-1004.LLM871","X.1004.LL71","treatment"
"X-1004.trastuzumab","X.1004.uned","control"
"X-1004.trastuzumab","X.1004.trab","treatment"
"X-1004.5FU","X.1004.uned","control"
"X-1004.BKM120 + LJC049","X.1004.uned","control"
"X-1004.BYL719 + binimetinib","X.1004.uned","control"
"X-1004.BYL719 + cetuximab","X.1004.uned","control"
"X-1004.BYL719 + cetuximab + encorafenib","X.1004.uned","control"
"X-1004.BYL719 + encorafenib","X.1004.uned","control"
"X-1004.cetuximab","X.1004.uned","control"
"X-1004.cetuximab + encorafenib","X.1004.uned","control"
"X-1004.CGM097","X.1004.uned","control"
"X-1004.CGM097","X.1004.CG97","treatment"
"X-1004.CKX620","X.1004.uned","control"
"X-1004.encorafenib","X.1004.uned","control"
"X-1004.LFW527 + binimetinib","X.1004.uned","control"
"X-1004.LJC049","X.1004.uned","control"
"X-1004.LKA136","X.1004.uned","control"
"X-1004.LKA136","X.1004.LK36","treatment"
"X-1004.abraxane","X.1004.uned","control"
"X-1004.binimetinib-3.5mpk","X.1004.uned","control"
"X-1004.BKM120 + binimetinib","X.1004.uned","control"
"X-1004.BKM120 + LDE225","X.1004.uned","control"
"X-1004.figitumumab + binimetinib","X.1004.uned","control"
"X-1004.gemcitabine-50mpk","X.1004.uned","control"
"X-1004.INC424","X.1004.uned","control"
"X-1004.INC424","X.1004.IN24","treatment"
"X-1004.INC424 + binimetinib","X.1004.uned","control"
"X-1004.trametinib","X.1004.uned","control"
"X-1004.BYL719 + LEE011","X.1004.uned","control"
"X-1004.BYL719 + LEE011","X.1004.BY19.LE11","treatment"
"X-1004.LFA102","X.1004.uned","control"
"X-1004.LFA102","X.1004.LF02","treatment"
"X-1004.LFW527 + everolimus","X.1004.uned","control"
"X-1004.LFW527 + everolimus","X.1004.LF27.evus","treatment"
"X-1004.paclitaxel","X.1004.uned","control"
"X-1004.paclitaxel","X.1004.pael","treatment"
"X-1004.tamoxifen","X.1004.uned","control"
"X-1004.tamoxifen","X.1004.taen","treatment"
"X-1004.BYL719 + LGH447","X.1004.uned","control"
"X-1004.erlotinib","X.1004.uned","control"
"X-1004.LCL161 + paclitaxel","X.1004.uned","control"
"X-1004.LGH447","X.1004.uned","control"
"X-1004.WNT974","X.1004.uned","control"
"X-1004.BKM120 + encorafenib","X.1004.uned","control"
"X-1004.dacarbazine","X.1004.uned","control"
"X-1004.encorafenib + binimetinib","X.1004.uned","control"
"X-1004.LDE225","X.1004.uned","control"
"X-1004.LDK378","X.1004.uned","control"
"X-1004.LEE011 + binimetinib","X.1004.uned","control"
"X-1004.LEE011 + encorafenib","X.1004.uned","control"
"X-1004.LGW813","X.1004.uned","control"
"X-1004.TAS266","X.1004.uned","control"
"X-1008.BGJ398","X.1008.uned","control"
"X-1008.BGJ398","X.1008.BG98","treatment"
"X-1008.binimetinib","X.1008.uned","control"
"X-1008.binimetinib","X.1008.biib","treatment"
"X-1008.BKM120","X.1008.uned","control"
"X-1008.BKM120","X.1008.BK20","treatment"
"X-1008.BYL719","X.1008.uned","control"
"X-1008.BYL719","X.1008.BY19","treatment"
"X-1008.BYL719 + HSP990","X.1008.uned","control"
"X-1008.BYL719 + LJM716","X.1008.uned","control"
"X-1008.BYL719 + LJM716","X.1008.BY19.LJ16","treatment"
"X-1008.CLR457","X.1008.uned","control"
"X-1008.CLR457","X.1008.CL57","treatment"
"X-1008.everolimus","X.1008.uned","control"
"X-1008.figitumumab","X.1008.uned","control"
"X-1008.HDM201","X.1008.uned","control"
"X-1008.HDM201","X.1008.HD01","treatment"
"X-1008.HSP990","X.1008.uned","control"
"X-1008.INC280","X.1008.uned","control"
"X-1008.INC280 + trastuzumab","X.1008.uned","control"
"X-1008.LEE011","X.1008.uned","control"
"X-1008.LEE011","X.1008.LE11","treatment"
"X-1008.LEE011 + everolimus","X.1008.uned","control"
"X-1008.LEE011 + everolimus","X.1008.LE11.evus","treatment"
"X-1008.LJM716","X.1008.uned","control"
"X-1008.LJM716","X.1008.LJ16","treatment"
"X-1008.LJM716 + trastuzumab","X.1008.uned","control"
"X-1008.LJM716 + trastuzumab","X.1008.LJ16.trab","treatment"
"X-1008.LLM871","X.1008.uned","control"
"X-1008.LLM871","X.1008.LL71","treatment"
"X-1008.trastuzumab","X.1008.uned","control"
"X-1008.trastuzumab","X.1008.trab","treatment"
"X-1008.5FU","X.1008.uned","control"
"X-1008.BKM120 + LJC049","X.1008.uned","control"
"X-1008.BYL719 + binimetinib","X.1008.uned","control"
"X-1008.BYL719 + cetuximab","X.1008.uned","control"
"X-1008.BYL719 + cetuximab + encorafenib","X.1008.uned","control"
"X-1008.BYL719 + encorafenib","X.1008.uned","control"
"X-1008.cetuximab","X.1008.uned","control"
"X-1008.cetuximab + encorafenib","X.1008.uned","control"
"X-1008.CGM097","X.1008.uned","control"
"X-1008.CGM097","X.1008.CG97","treatment"
"X-1008.CKX620","X.1008.uned","control"
"X-1008.encorafenib","X.1008.uned","control"
"X-1008.LFW527 + binimetinib","X.1008.uned","control"
"X-1008.LJC049","X.1008.uned","control"
"X-1008.LKA136","X.1008.uned","control"
"X-1008.LKA136","X.1008.LK36","treatment"
"X-1008.abraxane","X.1008.uned","control"
"X-1008.binimetinib-3.5mpk","X.1008.uned","control"
"X-1008.BKM120 + binimetinib","X.1008.uned","control"
"X-1008.BKM120 + LDE225","X.1008.uned","control"
"X-1008.figitumumab + binimetinib","X.1008.uned","control"
"X-1008.gemcitabine-50mpk","X.1008.uned","control"
"X-1008.INC424","X.1008.uned","control"
"X-1008.INC424","X.1008.IN24","treatment"
"X-1008.INC424 + binimetinib","X.1008.uned","control"
"X-1008.trametinib","X.1008.uned","control"
"X-1008.BYL719 + LEE011","X.1008.uned","control"
"X-1008.BYL719 + LEE011","X.1008.BY19.LE11","treatment"
"X-1008.LFA102","X.1008.uned","control"
"X-1008.LFA102","X.1008.LF02","treatment"
"X-1008.LFW527 + everolimus","X.1008.uned","control"
"X-1008.LFW527 + everolimus","X.1008.LF27.evus","treatment"
"X-1008.paclitaxel","X.1008.uned","control"
"X-1008.paclitaxel","X.1008.pael","treatment"
"X-1008.tamoxifen","X.1008.uned","control"
"X-1008.tamoxifen","X.1008.taen","treatment"
"X-1008.BYL719 + LGH447","X.1008.uned","control"
"X-1008.erlotinib","X.1008.uned","control"
"X-1008.LCL161 + paclitaxel","X.1008.uned","control"
"X-1008.LGH447","X.1008.uned","control"
"X-1008.WNT974","X.1008.uned","control"
"X-1008.BKM120 + encorafenib","X.1008.uned","control"
"X-1008.dacarbazine","X.1008.uned","control"
"X-1008.encorafenib + binimetinib","X.1008.uned","control"
"X-1008.LDE225","X.1008.uned","control"
"X-1008.LDK378","X.1008.uned","control"
"X-1008.LEE011 + binimetinib","X.1008.uned","control"
"X-1008.LEE011 + encorafenib","X.1008.uned","control"
"X-1008.LGW813","X.1008.uned","control"
"X-1008.TAS266","X.1008.uned","control"
"X-101.BGJ398","X.101.uned","control"
"X-101.binimetinib","X.101.uned","control"
"X-101.BKM120","X.101.uned","control"
"X-101.BYL719","X.101.uned","control"
"X-101.BYL719","X.101.BY19","treatment"
"X-101.BYL719 + HSP990","X.101.uned","control"
"X-101.BYL719 + HSP990","X.101.BY19.HS90","treatment"
"X-101.BYL719 + LJM716","X.101.uned","control"
"X-101.BYL719 + LJM716","X.101.BY19.LJ16","treatment"
"X-101.CLR457","X.101.uned","control"
"X-101.everolimus","X.101.uned","control"
"X-101.everolimus","X.101.evus","treatment"
"X-101.figitumumab","X.101.uned","control"
"X-101.HDM201","X.101.uned","control"
"X-101.HSP990","X.101.uned","control"
"X-101.HSP990","X.101.HS90","treatment"
"X-101.INC280","X.101.uned","control"
"X-101.INC280 + trastuzumab","X.101.uned","control"
"X-101.LEE011","X.101.uned","control"
"X-101.LEE011","X.101.LE11","treatment"
"X-101.LEE011 + everolimus","X.101.uned","control"
"X-101.LEE011 + everolimus","X.101.LE11.evus","treatment"
"X-101.LJM716","X.101.uned","control"
"X-101.LJM716","X.101.LJ16","treatment"
"X-101.LJM716 + trastuzumab","X.101.uned","control"
"X-101.LLM871","X.101.uned","control"
"X-101.trastuzumab","X.101.uned","control"
"X-101.5FU","X.101.uned","control"
"X-101.BKM120 + LJC049","X.101.uned","control"
"X-101.BYL719 + binimetinib","X.101.uned","control"
"X-101.BYL719 + cetuximab","X.101.uned","control"
"X-101.BYL719 + cetuximab + encorafenib","X.101.uned","control"
"X-101.BYL719 + encorafenib","X.101.uned","control"
"X-101.cetuximab","X.101.uned","control"
"X-101.cetuximab + encorafenib","X.101.uned","control"
"X-101.CGM097","X.101.uned","control"
"X-101.CKX620","X.101.uned","control"
"X-101.encorafenib","X.101.uned","control"
"X-101.LFW527 + binimetinib","X.101.uned","control"
"X-101.LJC049","X.101.uned","control"
"X-101.LKA136","X.101.uned","control"
"X-101.abraxane","X.101.uned","control"
"X-101.binimetinib-3.5mpk","X.101.uned","control"
"X-101.BKM120 + binimetinib","X.101.uned","control"
"X-101.BKM120 + LDE225","X.101.uned","control"
"X-101.figitumumab + binimetinib","X.101.uned","control"
"X-101.gemcitabine-50mpk","X.101.uned","control"
"X-101.INC424","X.101.uned","control"
"X-101.INC424 + binimetinib","X.101.uned","control"
"X-101.trametinib","X.101.uned","control"
"X-101.BYL719 + LEE011","X.101.uned","control"
"X-101.LFA102","X.101.uned","control"
"X-101.LFW527 + everolimus","X.101.uned","control"
"X-101.paclitaxel","X.101.uned","control"
"X-101.tamoxifen","X.101.uned","control"
"X-101.BYL719 + LGH447","X.101.uned","control"
"X-101.erlotinib","X.101.uned","control"
"X-101.LCL161 + paclitaxel","X.101.uned","control"
"X-101.LGH447","X.101.uned","control"
"X-101.WNT974","X.101.uned","control"
"X-101.BKM120 + encorafenib","X.101.uned","control"
"X-101.dacarbazine","X.101.uned","control"
"X-101.encorafenib + binimetinib","X.101.uned","control"
"X-101.LDE225","X.101.uned","control"
"X-101.LDK378","X.101.uned","control"
"X-101.LEE011 + binimetinib","X.101.uned","control"
"X-101.LEE011 + encorafenib","X.101.uned","control"
"X-101.LGW813","X.101.uned","control"
"X-101.TAS266","X.101.uned","control"
"X-1027.BGJ398","X.1027.uned","control"
"X-1027.binimetinib","X.1027.uned","control"
"X-1027.binimetinib","X.1027.biib","treatment"
"X-1027.BKM120","X.1027.uned","control"
"X-1027.BKM120","X.1027.BK20","treatment"
"X-1027.BYL719","X.1027.uned","control"
"X-1027.BYL719","X.1027.BY19","treatment"
"X-1027.BYL719 + HSP990","X.1027.uned","control"
"X-1027.BYL719 + LJM716","X.1027.uned","control"
"X-1027.BYL719 + LJM716","X.1027.BY19.LJ16","treatment"
"X-1027.CLR457","X.1027.uned","control"
"X-1027.CLR457","X.1027.CL57","treatment"
"X-1027.everolimus","X.1027.uned","control"
"X-1027.figitumumab","X.1027.uned","control"
"X-1027.HDM201","X.1027.uned","control"
"X-1027.HDM201","X.1027.HD01","treatment"
"X-1027.HSP990","X.1027.uned","control"
"X-1027.INC280","X.1027.uned","control"
"X-1027.INC280 + trastuzumab","X.1027.uned","control"
"X-1027.LEE011","X.1027.uned","control"
"X-1027.LEE011","X.1027.LE11","treatment"
"X-1027.LEE011 + everolimus","X.1027.uned","control"
"X-1027.LJM716","X.1027.uned","control"
"X-1027.LJM716 + trastuzumab","X.1027.uned","control"
"X-1027.LLM871","X.1027.uned","control"
"X-1027.trastuzumab","X.1027.uned","control"
"X-1027.5FU","X.1027.uned","control"
"X-1027.5FU","X.1027.5FFU","treatment"
"X-1027.BKM120 + LJC049","X.1027.uned","control"
"X-1027.BKM120 + LJC049","X.1027.BK20.LJ49","treatment"
"X-1027.BYL719 + binimetinib","X.1027.uned","control"
"X-1027.BYL719 + binimetinib","X.1027.BY19.biib","treatment"
"X-1027.BYL719 + cetuximab","X.1027.uned","control"
"X-1027.BYL719 + cetuximab","X.1027.BY19.ceab","treatment"
"X-1027.BYL719 + cetuximab + encorafenib","X.1027.uned","control"
"X-1027.BYL719 + cetuximab + encorafenib","X.1027.BY19.ceab.enib","treatment"
"X-1027.BYL719 + encorafenib","X.1027.uned","control"
"X-1027.BYL719 + encorafenib","X.1027.BY19.enib","treatment"
"X-1027.cetuximab","X.1027.uned","control"
"X-1027.cetuximab","X.1027.ceab","treatment"
"X-1027.cetuximab + encorafenib","X.1027.uned","control"
"X-1027.cetuximab + encorafenib","X.1027.ceab.enib","treatment"
"X-1027.CGM097","X.1027.uned","control"
"X-1027.CGM097","X.1027.CG97","treatment"
"X-1027.CKX620","X.1027.uned","control"
"X-1027.CKX620","X.1027.CK20","treatment"
"X-1027.encorafenib","X.1027.uned","control"
"X-1027.encorafenib","X.1027.enib","treatment"
"X-1027.LFW527 + binimetinib","X.1027.uned","control"
"X-1027.LJC049","X.1027.uned","control"
"X-1027.LJC049","X.1027.LJ49","treatment"
"X-1027.LKA136","X.1027.uned","control"
"X-1027.LKA136","X.1027.LK36","treatment"
"X-1027.abraxane","X.1027.uned","control"
"X-1027.binimetinib-3.5mpk","X.1027.uned","control"
"X-1027.BKM120 + binimetinib","X.1027.uned","control"
"X-1027.BKM120 + LDE225","X.1027.uned","control"
"X-1027.figitumumab + binimetinib","X.1027.uned","control"
"X-1027.gemcitabine-50mpk","X.1027.uned","control"
"X-1027.INC424","X.1027.uned","control"
"X-1027.INC424 + binimetinib","X.1027.uned","control"
"X-1027.trametinib","X.1027.uned","control"
"X-1027.BYL719 + LEE011","X.1027.uned","control"
"X-1027.LFA102","X.1027.uned","control"
"X-1027.LFW527 + everolimus","X.1027.uned","control"
"X-1027.paclitaxel","X.1027.uned","control"
"X-1027.tamoxifen","X.1027.uned","control"
"X-1027.BYL719 + LGH447","X.1027.uned","control"
"X-1027.erlotinib","X.1027.uned","control"
"X-1027.LCL161 + paclitaxel","X.1027.uned","control"
"X-1027.LGH447","X.1027.uned","control"
"X-1027.WNT974","X.1027.uned","control"
"X-1027.BKM120 + encorafenib","X.1027.uned","control"
"X-1027.dacarbazine","X.1027.uned","control"
"X-1027.encorafenib + binimetinib","X.1027.uned","control"
"X-1027.LDE225","X.1027.uned","control"
"X-1027.LDK378","X.1027.uned","control"
"X-1027.LEE011 + binimetinib","X.1027.uned","control"
"X-1027.LEE011 + encorafenib","X.1027.uned","control"
"X-1027.LGW813","X.1027.uned","control"
"X-1027.TAS266","X.1027.uned","control"
"X-102.BGJ398","X.102.BG98","treatment"
"X-102.BKM120","X.102.BK20","treatment"
"X-102.BYL719","X.102.BY19","treatment"
"X-102.BYL719 + HSP990","X.102.BY19.HS90","treatment"
"X-102.BYL719 + LJM716","X.102.BY19.LJ16","treatment"
"X-102.CLR457","X.102.CL57","treatment"
"X-102.HSP990","X.102.HS90","treatment"
"X-102.INC280","X.102.IN80","treatment"
"X-102.INC280 + trastuzumab","X.102.IN80.trab","treatment"
"X-102.LEE011","X.102.LE11","treatment"
"X-102.LJM716","X.102.LJ16","treatment"
"X-102.LJM716 + trastuzumab","X.102.LJ16.trab","treatment"
"X-102.LLM871","X.102.LL71","treatment"
"X-1055.BGJ398","X.1055.uned","control"
"X-1055.binimetinib","X.1055.uned","control"
"X-1055.binimetinib","X.1055.biib","treatment"
"X-1055.BKM120","X.1055.uned","control"
"X-1055.BKM120","X.1055.BK20","treatment"
"X-1055.BYL719","X.1055.uned","control"
"X-1055.BYL719","X.1055.BY19","treatment"
"X-1055.BYL719 + HSP990","X.1055.uned","control"
"X-1055.BYL719 + LJM716","X.1055.uned","control"
"X-1055.BYL719 + LJM716","X.1055.BY19.LJ16","treatment"
"X-1055.CLR457","X.1055.uned","control"
"X-1055.CLR457","X.1055.CL57","treatment"
"X-1055.everolimus","X.1055.uned","control"
"X-1055.figitumumab","X.1055.uned","control"
"X-1055.HDM201","X.1055.uned","control"
"X-1055.HDM201","X.1055.HD01","treatment"
"X-1055.HSP990","X.1055.uned","control"
"X-1055.INC280","X.1055.uned","control"
"X-1055.INC280 + trastuzumab","X.1055.uned","control"
"X-1055.LEE011","X.1055.uned","control"
"X-1055.LEE011","X.1055.LE11","treatment"
"X-1055.LEE011 + everolimus","X.1055.uned","control"
"X-1055.LJM716","X.1055.uned","control"
"X-1055.LJM716 + trastuzumab","X.1055.uned","control"
"X-1055.LLM871","X.1055.uned","control"
"X-1055.trastuzumab","X.1055.uned","control"
"X-1055.5FU","X.1055.uned","control"
"X-1055.5FU","X.1055.5FFU","treatment"
"X-1055.BKM120 + LJC049","X.1055.uned","control"
"X-1055.BKM120 + LJC049","X.1055.BK20.LJ49","treatment"
"X-1055.BYL719 + binimetinib","X.1055.uned","control"
"X-1055.BYL719 + binimetinib","X.1055.BY19.biib","treatment"
"X-1055.BYL719 + cetuximab","X.1055.uned","control"
"X-1055.BYL719 + cetuximab","X.1055.BY19.ceab","treatment"
"X-1055.BYL719 + cetuximab + encorafenib","X.1055.uned","control"
"X-1055.BYL719 + cetuximab + encorafenib","X.1055.BY19.ceab.enib","treatment"
"X-1055.BYL719 + encorafenib","X.1055.uned","control"
"X-1055.BYL719 + encorafenib","X.1055.BY19.enib","treatment"
"X-1055.cetuximab","X.1055.uned","control"
"X-1055.cetuximab","X.1055.ceab","treatment"
"X-1055.cetuximab + encorafenib","X.1055.uned","control"
"X-1055.cetuximab + encorafenib","X.1055.ceab.enib","treatment"
"X-1055.CGM097","X.1055.uned","control"
"X-1055.CGM097","X.1055.CG97","treatment"
"X-1055.CKX620","X.1055.uned","control"
"X-1055.CKX620","X.1055.CK20","treatment"
"X-1055.encorafenib","X.1055.uned","control"
"X-1055.encorafenib","X.1055.enib","treatment"
"X-1055.LFW527 + binimetinib","X.1055.uned","control"
"X-1055.LFW527 + binimetinib","X.1055.LF27.biib","treatment"
"X-1055.LJC049","X.1055.uned","control"
"X-1055.LJC049","X.1055.LJ49","treatment"
"X-1055.LKA136","X.1055.uned","control"
"X-1055.LKA136","X.1055.LK36","treatment"
"X-1055.abraxane","X.1055.uned","control"
"X-1055.binimetinib-3.5mpk","X.1055.uned","control"
"X-1055.BKM120 + binimetinib","X.1055.uned","control"
"X-1055.BKM120 + LDE225","X.1055.uned","control"
"X-1055.figitumumab + binimetinib","X.1055.uned","control"
"X-1055.gemcitabine-50mpk","X.1055.uned","control"
"X-1055.INC424","X.1055.uned","control"
"X-1055.INC424 + binimetinib","X.1055.uned","control"
"X-1055.trametinib","X.1055.uned","control"
"X-1055.BYL719 + LEE011","X.1055.uned","control"
"X-1055.LFA102","X.1055.uned","control"
"X-1055.LFW527 + everolimus","X.1055.uned","control"
"X-1055.paclitaxel","X.1055.uned","control"
"X-1055.tamoxifen","X.1055.uned","control"
"X-1055.BYL719 + LGH447","X.1055.uned","control"
"X-1055.erlotinib","X.1055.uned","control"
"X-1055.LCL161 + paclitaxel","X.1055.uned","control"
"X-1055.LGH447","X.1055.uned","control"
"X-1055.WNT974","X.1055.uned","control"
"X-1055.BKM120 + encorafenib","X.1055.uned","control"
"X-1055.dacarbazine","X.1055.uned","control"
"X-1055.encorafenib + binimetinib","X.1055.uned","control"
"X-1055.LDE225","X.1055.uned","control"
"X-1055.LDK378","X.1055.uned","control"
"X-1055.LEE011 + binimetinib","X.1055.uned","control"
"X-1055.LEE011 + encorafenib","X.1055.uned","control"
"X-1055.LGW813","X.1055.uned","control"
"X-1055.TAS266","X.1055.uned","control"
"X-105.BGJ398","X.105.uned","control"
"X-105.binimetinib","X.105.uned","control"
"X-105.BKM120","X.105.uned","control"
"X-105.BYL719","X.105.uned","control"
"X-105.BYL719","X.105.BY19","treatment"
"X-105.BYL719 + HSP990","X.105.uned","control"
"X-105.BYL719 + HSP990","X.105.BY19.HS90","treatment"
"X-105.BYL719 + LJM716","X.105.uned","control"
"X-105.BYL719 + LJM716","X.105.BY19.LJ16","treatment"
"X-105.CLR457","X.105.uned","control"
"X-105.everolimus","X.105.uned","control"
"X-105.everolimus","X.105.evus","treatment"
"X-105.figitumumab","X.105.uned","control"
"X-105.HDM201","X.105.uned","control"
"X-105.HSP990","X.105.uned","control"
"X-105.HSP990","X.105.HS90","treatment"
"X-105.INC280","X.105.uned","control"
"X-105.INC280 + trastuzumab","X.105.uned","control"
"X-105.LEE011","X.105.uned","control"
"X-105.LEE011","X.105.LE11","treatment"
"X-105.LEE011 + everolimus","X.105.uned","control"
"X-105.LEE011 + everolimus","X.105.LE11.evus","treatment"
"X-105.LJM716","X.105.uned","control"
"X-105.LJM716","X.105.LJ16","treatment"
"X-105.LJM716 + trastuzumab","X.105.uned","control"
"X-105.LLM871","X.105.uned","control"
"X-105.trastuzumab","X.105.uned","control"
"X-105.5FU","X.105.uned","control"
"X-105.BKM120 + LJC049","X.105.uned","control"
"X-105.BYL719 + binimetinib","X.105.uned","control"
"X-105.BYL719 + cetuximab","X.105.uned","control"
"X-105.BYL719 + cetuximab + encorafenib","X.105.uned","control"
"X-105.BYL719 + encorafenib","X.105.uned","control"
"X-105.cetuximab","X.105.uned","control"
"X-105.cetuximab + encorafenib","X.105.uned","control"
"X-105.CGM097","X.105.uned","control"
"X-105.CKX620","X.105.uned","control"
"X-105.encorafenib","X.105.uned","control"
"X-105.LFW527 + binimetinib","X.105.uned","control"
"X-105.LJC049","X.105.uned","control"
"X-105.LKA136","X.105.uned","control"
"X-105.abraxane","X.105.uned","control"
"X-105.binimetinib-3.5mpk","X.105.uned","control"
"X-105.BKM120 + binimetinib","X.105.uned","control"
"X-105.BKM120 + LDE225","X.105.uned","control"
"X-105.figitumumab + binimetinib","X.105.uned","control"
"X-105.gemcitabine-50mpk","X.105.uned","control"
"X-105.INC424","X.105.uned","control"
"X-105.INC424 + binimetinib","X.105.uned","control"
"X-105.trametinib","X.105.uned","control"
"X-105.BYL719 + LEE011","X.105.uned","control"
"X-105.LFA102","X.105.uned","control"
"X-105.LFW527 + everolimus","X.105.uned","control"
"X-105.paclitaxel","X.105.uned","control"
"X-105.tamoxifen","X.105.uned","control"
"X-105.BYL719 + LGH447","X.105.uned","control"
"X-105.erlotinib","X.105.uned","control"
"X-105.LCL161 + paclitaxel","X.105.uned","control"
"X-105.LGH447","X.105.uned","control"
"X-105.WNT974","X.105.uned","control"
"X-105.BKM120 + encorafenib","X.105.uned","control"
"X-105.dacarbazine","X.105.uned","control"
"X-105.encorafenib + binimetinib","X.105.uned","control"
"X-105.LDE225","X.105.uned","control"
"X-105.LDK378","X.105.uned","control"
"X-105.LEE011 + binimetinib","X.105.uned","control"
"X-105.LEE011 + encorafenib","X.105.uned","control"
"X-105.LGW813","X.105.uned","control"
"X-105.TAS266","X.105.uned","control"
"X-1119.BGJ398","X.1119.uned","control"
"X-1119.binimetinib","X.1119.uned","control"
"X-1119.binimetinib","X.1119.biib","treatment"
"X-1119.BKM120","X.1119.uned","control"
"X-1119.BKM120","X.1119.BK20","treatment"
"X-1119.BYL719","X.1119.uned","control"
"X-1119.BYL719","X.1119.BY19","treatment"
"X-1119.BYL719 + HSP990","X.1119.uned","control"
"X-1119.BYL719 + LJM716","X.1119.uned","control"
"X-1119.BYL719 + LJM716","X.1119.BY19.LJ16","treatment"
"X-1119.CLR457","X.1119.uned","control"
"X-1119.CLR457","X.1119.CL57","treatment"
"X-1119.everolimus","X.1119.uned","control"
"X-1119.figitumumab","X.1119.uned","control"
"X-1119.HDM201","X.1119.uned","control"
"X-1119.HDM201","X.1119.HD01","treatment"
"X-1119.HSP990","X.1119.uned","control"
"X-1119.INC280","X.1119.uned","control"
"X-1119.INC280 + trastuzumab","X.1119.uned","control"
"X-1119.LEE011","X.1119.uned","control"
"X-1119.LEE011","X.1119.LE11","treatment"
"X-1119.LEE011 + everolimus","X.1119.uned","control"
"X-1119.LJM716","X.1119.uned","control"
"X-1119.LJM716 + trastuzumab","X.1119.uned","control"
"X-1119.LLM871","X.1119.uned","control"
"X-1119.trastuzumab","X.1119.uned","control"
"X-1119.5FU","X.1119.uned","control"
"X-1119.5FU","X.1119.5FFU","treatment"
"X-1119.BKM120 + LJC049","X.1119.uned","control"
"X-1119.BKM120 + LJC049","X.1119.BK20.LJ49","treatment"
"X-1119.BYL719 + binimetinib","X.1119.uned","control"
"X-1119.BYL719 + binimetinib","X.1119.BY19.biib","treatment"
"X-1119.BYL719 + cetuximab","X.1119.uned","control"
"X-1119.BYL719 + cetuximab","X.1119.BY19.ceab","treatment"
"X-1119.BYL719 + cetuximab + encorafenib","X.1119.uned","control"
"X-1119.BYL719 + cetuximab + encorafenib","X.1119.BY19.ceab.enib","treatment"
"X-1119.BYL719 + encorafenib","X.1119.uned","control"
"X-1119.BYL719 + encorafenib","X.1119.BY19.enib","treatment"
"X-1119.cetuximab","X.1119.uned","control"
"X-1119.cetuximab","X.1119.ceab","treatment"
"X-1119.cetuximab + encorafenib","X.1119.uned","control"
"X-1119.cetuximab + encorafenib","X.1119.ceab.enib","treatment"
"X-1119.CGM097","X.1119.uned","control"
"X-1119.CGM097","X.1119.CG97","treatment"
"X-1119.CKX620","X.1119.uned","control"
"X-1119.CKX620","X.1119.CK20","treatment"
"X-1119.encorafenib","X.1119.uned","control"
"X-1119.encorafenib","X.1119.enib","treatment"
"X-1119.LFW527 + binimetinib","X.1119.uned","control"
"X-1119.LFW527 + binimetinib","X.1119.LF27.biib","treatment"
"X-1119.LJC049","X.1119.uned","control"
"X-1119.LJC049","X.1119.LJ49","treatment"
"X-1119.LKA136","X.1119.uned","control"
"X-1119.LKA136","X.1119.LK36","treatment"
"X-1119.abraxane","X.1119.uned","control"
"X-1119.binimetinib-3.5mpk","X.1119.uned","control"
"X-1119.BKM120 + binimetinib","X.1119.uned","control"
"X-1119.BKM120 + LDE225","X.1119.uned","control"
"X-1119.figitumumab + binimetinib","X.1119.uned","control"
"X-1119.gemcitabine-50mpk","X.1119.uned","control"
"X-1119.INC424","X.1119.uned","control"
"X-1119.INC424 + binimetinib","X.1119.uned","control"
"X-1119.trametinib","X.1119.uned","control"
"X-1119.BYL719 + LEE011","X.1119.uned","control"
"X-1119.LFA102","X.1119.uned","control"
"X-1119.LFW527 + everolimus","X.1119.uned","control"
"X-1119.paclitaxel","X.1119.uned","control"
"X-1119.tamoxifen","X.1119.uned","control"
"X-1119.BYL719 + LGH447","X.1119.uned","control"
"X-1119.erlotinib","X.1119.uned","control"
"X-1119.LCL161 + paclitaxel","X.1119.uned","control"
"X-1119.LGH447","X.1119.uned","control"
"X-1119.WNT974","X.1119.uned","control"
"X-1119.BKM120 + encorafenib","X.1119.uned","control"
"X-1119.dacarbazine","X.1119.uned","control"
"X-1119.encorafenib + binimetinib","X.1119.uned","control"
"X-1119.LDE225","X.1119.uned","control"
"X-1119.LDK378","X.1119.uned","control"
"X-1119.LEE011 + binimetinib","X.1119.uned","control"
"X-1119.LEE011 + encorafenib","X.1119.uned","control"
"X-1119.LGW813","X.1119.uned","control"
"X-1119.TAS266","X.1119.uned","control"
"X-114.BGJ398","X.114.uned","control"
"X-114.binimetinib","X.114.uned","control"
"X-114.binimetinib","X.114.biib","treatment"
"X-114.BKM120","X.114.uned","control"
"X-114.BKM120","X.114.BK20","treatment"
"X-114.BYL719","X.114.uned","control"
"X-114.BYL719","X.114.BY19","treatment"
"X-114.BYL719 + HSP990","X.114.uned","control"
"X-114.BYL719 + HSP990","X.114.BY19.HS90","treatment"
"X-114.BYL719 + LJM716","X.114.uned","control"
"X-114.BYL719 + LJM716","X.114.BY19.LJ16","treatment"
"X-114.CLR457","X.114.uned","control"
"X-114.CLR457","X.114.CL57","treatment"
"X-114.everolimus","X.114.uned","control"
"X-114.everolimus","X.114.evus","treatment"
"X-114.figitumumab","X.114.uned","control"
"X-114.HDM201","X.114.uned","control"
"X-114.HDM201","X.114.HD01","treatment"
"X-114.HSP990","X.114.uned","control"
"X-114.HSP990","X.114.HS90","treatment"
"X-114.INC280","X.114.uned","control"
"X-114.INC280","X.114.IN80","treatment"
"X-114.INC280 + trastuzumab","X.114.uned","control"
"X-114.INC280 + trastuzumab","X.114.IN80.trab","treatment"
"X-114.LEE011","X.114.uned","control"
"X-114.LEE011","X.114.LE11","treatment"
"X-114.LEE011 + everolimus","X.114.uned","control"
"X-114.LEE011 + everolimus","X.114.LE11.evus","treatment"
"X-114.LJM716","X.114.uned","control"
"X-114.LJM716","X.114.LJ16","treatment"
"X-114.LJM716 + trastuzumab","X.114.uned","control"
"X-114.LJM716 + trastuzumab","X.114.LJ16.trab","treatment"
"X-114.LLM871","X.114.uned","control"
"X-114.LLM871","X.114.LL71","treatment"
"X-114.trastuzumab","X.114.uned","control"
"X-114.5FU","X.114.uned","control"
"X-114.BKM120 + LJC049","X.114.uned","control"
"X-114.BYL719 + binimetinib","X.114.uned","control"
"X-114.BYL719 + cetuximab","X.114.uned","control"
"X-114.BYL719 + cetuximab + encorafenib","X.114.uned","control"
"X-114.BYL719 + encorafenib","X.114.uned","control"
"X-114.cetuximab","X.114.uned","control"
"X-114.cetuximab + encorafenib","X.114.uned","control"
"X-114.CGM097","X.114.uned","control"
"X-114.CKX620","X.114.uned","control"
"X-114.encorafenib","X.114.uned","control"
"X-114.LFW527 + binimetinib","X.114.uned","control"
"X-114.LJC049","X.114.uned","control"
"X-114.LKA136","X.114.uned","control"
"X-114.abraxane","X.114.uned","control"
"X-114.binimetinib-3.5mpk","X.114.uned","control"
"X-114.BKM120 + binimetinib","X.114.uned","control"
"X-114.BKM120 + LDE225","X.114.uned","control"
"X-114.figitumumab + binimetinib","X.114.uned","control"
"X-114.gemcitabine-50mpk","X.114.uned","control"
"X-114.INC424","X.114.uned","control"
"X-114.INC424 + binimetinib","X.114.uned","control"
"X-114.trametinib","X.114.uned","control"
"X-114.BYL719 + LEE011","X.114.uned","control"
"X-114.LFA102","X.114.uned","control"
"X-114.LFW527 + everolimus","X.114.uned","control"
"X-114.paclitaxel","X.114.uned","control"
"X-114.tamoxifen","X.114.uned","control"
"X-114.BYL719 + LGH447","X.114.uned","control"
"X-114.erlotinib","X.114.uned","control"
"X-114.LCL161 + paclitaxel","X.114.uned","control"
"X-114.LGH447","X.114.uned","control"
"X-114.WNT974","X.114.uned","control"
"X-114.BKM120 + encorafenib","X.114.uned","control"
"X-114.dacarbazine","X.114.uned","control"
"X-114.encorafenib + binimetinib","X.114.uned","control"
"X-114.LDE225","X.114.uned","control"
"X-114.LDK378","X.114.uned","control"
"X-114.LEE011 + binimetinib","X.114.uned","control"
"X-114.LEE011 + encorafenib","X.114.uned","control"
"X-114.LGW813","X.114.uned","control"
"X-114.TAS266","X.114.uned","control"
"X-1156.BGJ398","X.1156.uned","control"
"X-1156.BGJ398","X.1156.BG98","treatment"
"X-1156.binimetinib","X.1156.uned","control"
"X-1156.binimetinib","X.1156.biib","treatment"
"X-1156.BKM120","X.1156.uned","control"
"X-1156.BKM120","X.1156.BK20","treatment"
"X-1156.BYL719","X.1156.uned","control"
"X-1156.BYL719","X.1156.BY19","treatment"
"X-1156.BYL719 + HSP990","X.1156.uned","control"
"X-1156.BYL719 + LJM716","X.1156.uned","control"
"X-1156.BYL719 + LJM716","X.1156.BY19.LJ16","treatment"
"X-1156.CLR457","X.1156.uned","control"
"X-1156.CLR457","X.1156.CL57","treatment"
"X-1156.everolimus","X.1156.uned","control"
"X-1156.figitumumab","X.1156.uned","control"
"X-1156.HDM201","X.1156.uned","control"
"X-1156.HDM201","X.1156.HD01","treatment"
"X-1156.HSP990","X.1156.uned","control"
"X-1156.HSP990","X.1156.HS90","treatment"
"X-1156.INC280","X.1156.uned","control"
"X-1156.INC280","X.1156.IN80","treatment"
"X-1156.INC280 + trastuzumab","X.1156.uned","control"
"X-1156.LEE011","X.1156.uned","control"
"X-1156.LEE011","X.1156.LE11","treatment"
"X-1156.LEE011 + everolimus","X.1156.uned","control"
"X-1156.LJM716","X.1156.uned","control"
"X-1156.LJM716 + trastuzumab","X.1156.uned","control"
"X-1156.LLM871","X.1156.uned","control"
"X-1156.LLM871","X.1156.LL71","treatment"
"X-1156.trastuzumab","X.1156.uned","control"
"X-1156.5FU","X.1156.uned","control"
"X-1156.BKM120 + LJC049","X.1156.uned","control"
"X-1156.BYL719 + binimetinib","X.1156.uned","control"
"X-1156.BYL719 + cetuximab","X.1156.uned","control"
"X-1156.BYL719 + cetuximab + encorafenib","X.1156.uned","control"
"X-1156.BYL719 + encorafenib","X.1156.uned","control"
"X-1156.cetuximab","X.1156.uned","control"
"X-1156.cetuximab","X.1156.ceab","treatment"
"X-1156.cetuximab + encorafenib","X.1156.uned","control"
"X-1156.CGM097","X.1156.uned","control"
"X-1156.CGM097","X.1156.CG97","treatment"
"X-1156.CKX620","X.1156.uned","control"
"X-1156.CKX620","X.1156.CK20","treatment"
"X-1156.encorafenib","X.1156.uned","control"
"X-1156.LFW527 + binimetinib","X.1156.uned","control"
"X-1156.LFW527 + binimetinib","X.1156.LF27.biib","treatment"
"X-1156.LJC049","X.1156.uned","control"
"X-1156.LKA136","X.1156.uned","control"
"X-1156.abraxane","X.1156.uned","control"
"X-1156.binimetinib-3.5mpk","X.1156.uned","control"
"X-1156.BKM120 + binimetinib","X.1156.uned","control"
"X-1156.BKM120 + binimetinib","X.1156.BK20.biib","treatment"
"X-1156.BKM120 + LDE225","X.1156.uned","control"
"X-1156.figitumumab + binimetinib","X.1156.uned","control"
"X-1156.gemcitabine-50mpk","X.1156.uned","control"
"X-1156.INC424","X.1156.uned","control"
"X-1156.INC424 + binimetinib","X.1156.uned","control"
"X-1156.trametinib","X.1156.uned","control"
"X-1156.BYL719 + LEE011","X.1156.uned","control"
"X-1156.LFA102","X.1156.uned","control"
"X-1156.LFW527 + everolimus","X.1156.uned","control"
"X-1156.paclitaxel","X.1156.uned","control"
"X-1156.paclitaxel","X.1156.pael","treatment"
"X-1156.tamoxifen","X.1156.uned","control"
"X-1156.BYL719 + LGH447","X.1156.uned","control"
"X-1156.BYL719 + LGH447","X.1156.BY19.LG47","treatment"
"X-1156.erlotinib","X.1156.uned","control"
"X-1156.erlotinib","X.1156.erib","treatment"
"X-1156.LCL161 + paclitaxel","X.1156.uned","control"
"X-1156.LCL161 + paclitaxel","X.1156.LC61.pael","treatment"
"X-1156.LGH447","X.1156.uned","control"
"X-1156.LGH447","X.1156.LG47","treatment"
"X-1156.WNT974","X.1156.uned","control"
"X-1156.BKM120 + encorafenib","X.1156.uned","control"
"X-1156.dacarbazine","X.1156.uned","control"
"X-1156.encorafenib + binimetinib","X.1156.uned","control"
"X-1156.LDE225","X.1156.uned","control"
"X-1156.LDK378","X.1156.uned","control"
"X-1156.LEE011 + binimetinib","X.1156.uned","control"
"X-1156.LEE011 + encorafenib","X.1156.uned","control"
"X-1156.LGW813","X.1156.uned","control"
"X-1156.TAS266","X.1156.uned","control"
"X-1167.BGJ398","X.1167.uned","control"
"X-1167.binimetinib","X.1167.uned","control"
"X-1167.binimetinib","X.1167.biib","treatment"
"X-1167.BKM120","X.1167.uned","control"
"X-1167.BKM120","X.1167.BK20","treatment"
"X-1167.BYL719","X.1167.uned","control"
"X-1167.BYL719","X.1167.BY19","treatment"
"X-1167.BYL719 + HSP990","X.1167.uned","control"
"X-1167.BYL719 + LJM716","X.1167.uned","control"
"X-1167.BYL719 + LJM716","X.1167.BY19.LJ16","treatment"
"X-1167.CLR457","X.1167.uned","control"
"X-1167.CLR457","X.1167.CL57","treatment"
"X-1167.everolimus","X.1167.uned","control"
"X-1167.figitumumab","X.1167.uned","control"
"X-1167.HDM201","X.1167.uned","control"
"X-1167.HDM201","X.1167.HD01","treatment"
"X-1167.HSP990","X.1167.uned","control"
"X-1167.INC280","X.1167.uned","control"
"X-1167.INC280 + trastuzumab","X.1167.uned","control"
"X-1167.LEE011","X.1167.uned","control"
"X-1167.LEE011","X.1167.LE11","treatment"
"X-1167.LEE011 + everolimus","X.1167.uned","control"
"X-1167.LJM716","X.1167.uned","control"
"X-1167.LJM716 + trastuzumab","X.1167.uned","control"
"X-1167.LLM871","X.1167.uned","control"
"X-1167.trastuzumab","X.1167.uned","control"
"X-1167.5FU","X.1167.uned","control"
"X-1167.5FU","X.1167.5FFU","treatment"
"X-1167.BKM120 + LJC049","X.1167.uned","control"
"X-1167.BKM120 + LJC049","X.1167.BK20.LJ49","treatment"
"X-1167.BYL719 + binimetinib","X.1167.uned","control"
"X-1167.BYL719 + binimetinib","X.1167.BY19.biib","treatment"
"X-1167.BYL719 + cetuximab","X.1167.uned","control"
"X-1167.BYL719 + cetuximab","X.1167.BY19.ceab","treatment"
"X-1167.BYL719 + cetuximab + encorafenib","X.1167.uned","control"
"X-1167.BYL719 + cetuximab + encorafenib","X.1167.BY19.ceab.enib","treatment"
"X-1167.BYL719 + encorafenib","X.1167.uned","control"
"X-1167.BYL719 + encorafenib","X.1167.BY19.enib","treatment"
"X-1167.cetuximab","X.1167.uned","control"
"X-1167.cetuximab","X.1167.ceab","treatment"
"X-1167.cetuximab + encorafenib","X.1167.uned","control"
"X-1167.cetuximab + encorafenib","X.1167.ceab.enib","treatment"
"X-1167.CGM097","X.1167.uned","control"
"X-1167.CGM097","X.1167.CG97","treatment"
"X-1167.CKX620","X.1167.uned","control"
"X-1167.CKX620","X.1167.CK20","treatment"
"X-1167.encorafenib","X.1167.uned","control"
"X-1167.encorafenib","X.1167.enib","treatment"
"X-1167.LFW527 + binimetinib","X.1167.uned","control"
"X-1167.LFW527 + binimetinib","X.1167.LF27.biib","treatment"
"X-1167.LJC049","X.1167.uned","control"
"X-1167.LJC049","X.1167.LJ49","treatment"
"X-1167.LKA136","X.1167.uned","control"
"X-1167.LKA136","X.1167.LK36","treatment"
"X-1167.abraxane","X.1167.uned","control"
"X-1167.binimetinib-3.5mpk","X.1167.uned","control"
"X-1167.BKM120 + binimetinib","X.1167.uned","control"
"X-1167.BKM120 + LDE225","X.1167.uned","control"
"X-1167.figitumumab + binimetinib","X.1167.uned","control"
"X-1167.gemcitabine-50mpk","X.1167.uned","control"
"X-1167.INC424","X.1167.uned","control"
"X-1167.INC424 + binimetinib","X.1167.uned","control"
"X-1167.trametinib","X.1167.uned","control"
"X-1167.BYL719 + LEE011","X.1167.uned","control"
"X-1167.LFA102","X.1167.uned","control"
"X-1167.LFW527 + everolimus","X.1167.uned","control"
"X-1167.paclitaxel","X.1167.uned","control"
"X-1167.tamoxifen","X.1167.uned","control"
"X-1167.BYL719 + LGH447","X.1167.uned","control"
"X-1167.erlotinib","X.1167.uned","control"
"X-1167.LCL161 + paclitaxel","X.1167.uned","control"
"X-1167.LGH447","X.1167.uned","control"
"X-1167.WNT974","X.1167.uned","control"
"X-1167.BKM120 + encorafenib","X.1167.uned","control"
"X-1167.dacarbazine","X.1167.uned","control"
"X-1167.encorafenib + binimetinib","X.1167.uned","control"
"X-1167.LDE225","X.1167.uned","control"
"X-1167.LDK378","X.1167.uned","control"
"X-1167.LEE011 + binimetinib","X.1167.uned","control"
"X-1167.LEE011 + encorafenib","X.1167.uned","control"
"X-1167.LGW813","X.1167.uned","control"
"X-1167.TAS266","X.1167.uned","control"
"X-1172.BGJ398","X.1172.uned","control"
"X-1172.BGJ398","X.1172.BG98","treatment"
"X-1172.binimetinib","X.1172.uned","control"
"X-1172.binimetinib","X.1172.biib","treatment"
"X-1172.BKM120","X.1172.uned","control"
"X-1172.BKM120","X.1172.BK20","treatment"
"X-1172.BYL719","X.1172.uned","control"
"X-1172.BYL719","X.1172.BY19","treatment"
"X-1172.BYL719 + HSP990","X.1172.uned","control"
"X-1172.BYL719 + LJM716","X.1172.uned","control"
"X-1172.BYL719 + LJM716","X.1172.BY19.LJ16","treatment"
"X-1172.CLR457","X.1172.uned","control"
"X-1172.CLR457","X.1172.CL57","treatment"
"X-1172.everolimus","X.1172.uned","control"
"X-1172.figitumumab","X.1172.uned","control"
"X-1172.HDM201","X.1172.uned","control"
"X-1172.HDM201","X.1172.HD01","treatment"
"X-1172.HSP990","X.1172.uned","control"
"X-1172.HSP990","X.1172.HS90","treatment"
"X-1172.INC280","X.1172.uned","control"
"X-1172.INC280","X.1172.IN80","treatment"
"X-1172.INC280 + trastuzumab","X.1172.uned","control"
"X-1172.LEE011","X.1172.uned","control"
"X-1172.LEE011","X.1172.LE11","treatment"
"X-1172.LEE011 + everolimus","X.1172.uned","control"
"X-1172.LJM716","X.1172.uned","control"
"X-1172.LJM716 + trastuzumab","X.1172.uned","control"
"X-1172.LLM871","X.1172.uned","control"
"X-1172.LLM871","X.1172.LL71","treatment"
"X-1172.trastuzumab","X.1172.uned","control"
"X-1172.5FU","X.1172.uned","control"
"X-1172.BKM120 + LJC049","X.1172.uned","control"
"X-1172.BYL719 + binimetinib","X.1172.uned","control"
"X-1172.BYL719 + cetuximab","X.1172.uned","control"
"X-1172.BYL719 + cetuximab + encorafenib","X.1172.uned","control"
"X-1172.BYL719 + encorafenib","X.1172.uned","control"
"X-1172.cetuximab","X.1172.uned","control"
"X-1172.cetuximab","X.1172.ceab","treatment"
"X-1172.cetuximab + encorafenib","X.1172.uned","control"
"X-1172.CGM097","X.1172.uned","control"
"X-1172.CGM097","X.1172.CG97","treatment"
"X-1172.CKX620","X.1172.uned","control"
"X-1172.CKX620","X.1172.CK20","treatment"
"X-1172.encorafenib","X.1172.uned","control"
"X-1172.LFW527 + binimetinib","X.1172.uned","control"
"X-1172.LFW527 + binimetinib","X.1172.LF27.biib","treatment"
"X-1172.LJC049","X.1172.uned","control"
"X-1172.LKA136","X.1172.uned","control"
"X-1172.abraxane","X.1172.uned","control"
"X-1172.binimetinib-3.5mpk","X.1172.uned","control"
"X-1172.BKM120 + binimetinib","X.1172.uned","control"
"X-1172.BKM120 + binimetinib","X.1172.BK20.biib","treatment"
"X-1172.BKM120 + LDE225","X.1172.uned","control"
"X-1172.figitumumab + binimetinib","X.1172.uned","control"
"X-1172.gemcitabine-50mpk","X.1172.uned","control"
"X-1172.INC424","X.1172.uned","control"
"X-1172.INC424 + binimetinib","X.1172.uned","control"
"X-1172.trametinib","X.1172.uned","control"
"X-1172.BYL719 + LEE011","X.1172.uned","control"
"X-1172.LFA102","X.1172.uned","control"
"X-1172.LFW527 + everolimus","X.1172.uned","control"
"X-1172.paclitaxel","X.1172.uned","control"
"X-1172.paclitaxel","X.1172.pael","treatment"
"X-1172.tamoxifen","X.1172.uned","control"
"X-1172.BYL719 + LGH447","X.1172.uned","control"
"X-1172.BYL719 + LGH447","X.1172.BY19.LG47","treatment"
"X-1172.erlotinib","X.1172.uned","control"
"X-1172.erlotinib","X.1172.erib","treatment"
"X-1172.LCL161 + paclitaxel","X.1172.uned","control"
"X-1172.LCL161 + paclitaxel","X.1172.LC61.pael","treatment"
"X-1172.LGH447","X.1172.uned","control"
"X-1172.LGH447","X.1172.LG47","treatment"
"X-1172.WNT974","X.1172.uned","control"
"X-1172.BKM120 + encorafenib","X.1172.uned","control"
"X-1172.dacarbazine","X.1172.uned","control"
"X-1172.encorafenib + binimetinib","X.1172.uned","control"
"X-1172.LDE225","X.1172.uned","control"
"X-1172.LDK378","X.1172.uned","control"
"X-1172.LEE011 + binimetinib","X.1172.uned","control"
"X-1172.LEE011 + encorafenib","X.1172.uned","control"
"X-1172.LGW813","X.1172.uned","control"
"X-1172.TAS266","X.1172.uned","control"
"X-1173.BGJ398","X.1173.uned","control"
"X-1173.binimetinib","X.1173.uned","control"
"X-1173.binimetinib","X.1173.biib","treatment"
"X-1173.BKM120","X.1173.uned","control"
"X-1173.BKM120","X.1173.BK20","treatment"
"X-1173.BYL719","X.1173.uned","control"
"X-1173.BYL719","X.1173.BY19","treatment"
"X-1173.BYL719 + HSP990","X.1173.uned","control"
"X-1173.BYL719 + LJM716","X.1173.uned","control"
"X-1173.BYL719 + LJM716","X.1173.BY19.LJ16","treatment"
"X-1173.CLR457","X.1173.uned","control"
"X-1173.CLR457","X.1173.CL57","treatment"
"X-1173.everolimus","X.1173.uned","control"
"X-1173.figitumumab","X.1173.uned","control"
"X-1173.HDM201","X.1173.uned","control"
"X-1173.HDM201","X.1173.HD01","treatment"
"X-1173.HSP990","X.1173.uned","control"
"X-1173.INC280","X.1173.uned","control"
"X-1173.INC280 + trastuzumab","X.1173.uned","control"
"X-1173.LEE011","X.1173.uned","control"
"X-1173.LEE011","X.1173.LE11","treatment"
"X-1173.LEE011 + everolimus","X.1173.uned","control"
"X-1173.LJM716","X.1173.uned","control"
"X-1173.LJM716 + trastuzumab","X.1173.uned","control"
"X-1173.LLM871","X.1173.uned","control"
"X-1173.trastuzumab","X.1173.uned","control"
"X-1173.5FU","X.1173.uned","control"
"X-1173.5FU","X.1173.5FFU","treatment"
"X-1173.BKM120 + LJC049","X.1173.uned","control"
"X-1173.BKM120 + LJC049","X.1173.BK20.LJ49","treatment"
"X-1173.BYL719 + binimetinib","X.1173.uned","control"
"X-1173.BYL719 + binimetinib","X.1173.BY19.biib","treatment"
"X-1173.BYL719 + cetuximab","X.1173.uned","control"
"X-1173.BYL719 + cetuximab","X.1173.BY19.ceab","treatment"
"X-1173.BYL719 + cetuximab + encorafenib","X.1173.uned","control"
"X-1173.BYL719 + cetuximab + encorafenib","X.1173.BY19.ceab.enib","treatment"
"X-1173.BYL719 + encorafenib","X.1173.uned","control"
"X-1173.BYL719 + encorafenib","X.1173.BY19.enib","treatment"
"X-1173.cetuximab","X.1173.uned","control"
"X-1173.cetuximab","X.1173.ceab","treatment"
"X-1173.cetuximab + encorafenib","X.1173.uned","control"
"X-1173.cetuximab + encorafenib","X.1173.ceab.enib","treatment"
"X-1173.CGM097","X.1173.uned","control"
"X-1173.CGM097","X.1173.CG97","treatment"
"X-1173.CKX620","X.1173.uned","control"
"X-1173.CKX620","X.1173.CK20","treatment"
"X-1173.encorafenib","X.1173.uned","control"
"X-1173.encorafenib","X.1173.enib","treatment"
"X-1173.LFW527 + binimetinib","X.1173.uned","control"
"X-1173.LJC049","X.1173.uned","control"
"X-1173.LJC049","X.1173.LJ49","treatment"
"X-1173.LKA136","X.1173.uned","control"
"X-1173.LKA136","X.1173.LK36","treatment"
"X-1173.abraxane","X.1173.uned","control"
"X-1173.binimetinib-3.5mpk","X.1173.uned","control"
"X-1173.BKM120 + binimetinib","X.1173.uned","control"
"X-1173.BKM120 + LDE225","X.1173.uned","control"
"X-1173.figitumumab + binimetinib","X.1173.uned","control"
"X-1173.gemcitabine-50mpk","X.1173.uned","control"
"X-1173.INC424","X.1173.uned","control"
"X-1173.INC424 + binimetinib","X.1173.uned","control"
"X-1173.trametinib","X.1173.uned","control"
"X-1173.BYL719 + LEE011","X.1173.uned","control"
"X-1173.LFA102","X.1173.uned","control"
"X-1173.LFW527 + everolimus","X.1173.uned","control"
"X-1173.paclitaxel","X.1173.uned","control"
"X-1173.tamoxifen","X.1173.uned","control"
"X-1173.BYL719 + LGH447","X.1173.uned","control"
"X-1173.erlotinib","X.1173.uned","control"
"X-1173.LCL161 + paclitaxel","X.1173.uned","control"
"X-1173.LGH447","X.1173.uned","control"
"X-1173.WNT974","X.1173.uned","control"
"X-1173.BKM120 + encorafenib","X.1173.uned","control"
"X-1173.dacarbazine","X.1173.uned","control"
"X-1173.encorafenib + binimetinib","X.1173.uned","control"
"X-1173.LDE225","X.1173.uned","control"
"X-1173.LDK378","X.1173.uned","control"
"X-1173.LEE011 + binimetinib","X.1173.uned","control"
"X-1173.LEE011 + encorafenib","X.1173.uned","control"
"X-1173.LGW813","X.1173.uned","control"
"X-1173.TAS266","X.1173.uned","control"
"X-1189.BGJ398","X.1189.uned","control"
"X-1189.BGJ398","X.1189.BG98","treatment"
"X-1189.binimetinib","X.1189.uned","control"
"X-1189.binimetinib","X.1189.biib","treatment"
"X-1189.BKM120","X.1189.uned","control"
"X-1189.BKM120","X.1189.BK20","treatment"
"X-1189.BYL719","X.1189.uned","control"
"X-1189.BYL719","X.1189.BY19","treatment"
"X-1189.BYL719 + HSP990","X.1189.uned","control"
"X-1189.BYL719 + LJM716","X.1189.uned","control"
"X-1189.BYL719 + LJM716","X.1189.BY19.LJ16","treatment"
"X-1189.CLR457","X.1189.uned","control"
"X-1189.CLR457","X.1189.CL57","treatment"
"X-1189.everolimus","X.1189.uned","control"
"X-1189.figitumumab","X.1189.uned","control"
"X-1189.HDM201","X.1189.uned","control"
"X-1189.HDM201","X.1189.HD01","treatment"
"X-1189.HSP990","X.1189.uned","control"
"X-1189.HSP990","X.1189.HS90","treatment"
"X-1189.INC280","X.1189.uned","control"
"X-1189.INC280","X.1189.IN80","treatment"
"X-1189.INC280 + trastuzumab","X.1189.uned","control"
"X-1189.LEE011","X.1189.uned","control"
"X-1189.LEE011","X.1189.LE11","treatment"
"X-1189.LEE011 + everolimus","X.1189.uned","control"
"X-1189.LJM716","X.1189.uned","control"
"X-1189.LJM716 + trastuzumab","X.1189.uned","control"
"X-1189.LLM871","X.1189.uned","control"
"X-1189.LLM871","X.1189.LL71","treatment"
"X-1189.trastuzumab","X.1189.uned","control"
"X-1189.5FU","X.1189.uned","control"
"X-1189.BKM120 + LJC049","X.1189.uned","control"
"X-1189.BYL719 + binimetinib","X.1189.uned","control"
"X-1189.BYL719 + cetuximab","X.1189.uned","control"
"X-1189.BYL719 + cetuximab + encorafenib","X.1189.uned","control"
"X-1189.BYL719 + encorafenib","X.1189.uned","control"
"X-1189.cetuximab","X.1189.uned","control"
"X-1189.cetuximab","X.1189.ceab","treatment"
"X-1189.cetuximab + encorafenib","X.1189.uned","control"
"X-1189.CGM097","X.1189.uned","control"
"X-1189.CGM097","X.1189.CG97","treatment"
"X-1189.CKX620","X.1189.uned","control"
"X-1189.CKX620","X.1189.CK20","treatment"
"X-1189.encorafenib","X.1189.uned","control"
"X-1189.LFW527 + binimetinib","X.1189.uned","control"
"X-1189.LJC049","X.1189.uned","control"
"X-1189.LKA136","X.1189.uned","control"
"X-1189.abraxane","X.1189.uned","control"
"X-1189.binimetinib-3.5mpk","X.1189.uned","control"
"X-1189.BKM120 + binimetinib","X.1189.uned","control"
"X-1189.BKM120 + binimetinib","X.1189.BK20.biib","treatment"
"X-1189.BKM120 + LDE225","X.1189.uned","control"
"X-1189.figitumumab + binimetinib","X.1189.uned","control"
"X-1189.gemcitabine-50mpk","X.1189.uned","control"
"X-1189.INC424","X.1189.uned","control"
"X-1189.INC424 + binimetinib","X.1189.uned","control"
"X-1189.trametinib","X.1189.uned","control"
"X-1189.BYL719 + LEE011","X.1189.uned","control"
"X-1189.LFA102","X.1189.uned","control"
"X-1189.LFW527 + everolimus","X.1189.uned","control"
"X-1189.paclitaxel","X.1189.uned","control"
"X-1189.paclitaxel","X.1189.pael","treatment"
"X-1189.tamoxifen","X.1189.uned","control"
"X-1189.BYL719 + LGH447","X.1189.uned","control"
"X-1189.BYL719 + LGH447","X.1189.BY19.LG47","treatment"
"X-1189.erlotinib","X.1189.uned","control"
"X-1189.erlotinib","X.1189.erib","treatment"
"X-1189.LCL161 + paclitaxel","X.1189.uned","control"
"X-1189.LCL161 + paclitaxel","X.1189.LC61.pael","treatment"
"X-1189.LGH447","X.1189.uned","control"
"X-1189.LGH447","X.1189.LG47","treatment"
"X-1189.WNT974","X.1189.uned","control"
"X-1189.BKM120 + encorafenib","X.1189.uned","control"
"X-1189.dacarbazine","X.1189.uned","control"
"X-1189.encorafenib + binimetinib","X.1189.uned","control"
"X-1189.LDE225","X.1189.uned","control"
"X-1189.LDK378","X.1189.uned","control"
"X-1189.LEE011 + binimetinib","X.1189.uned","control"
"X-1189.LEE011 + encorafenib","X.1189.uned","control"
"X-1189.LGW813","X.1189.uned","control"
"X-1189.TAS266","X.1189.uned","control"
"X-118.BGJ398","X.118.BG98","treatment"
"X-118.binimetinib","X.118.biib","treatment"
"X-118.BKM120","X.118.BK20","treatment"
"X-118.BYL719","X.118.BY19","treatment"
"X-118.BYL719 + HSP990","X.118.BY19.HS90","treatment"
"X-118.BYL719 + LJM716","X.118.BY19.LJ16","treatment"
"X-118.CLR457","X.118.CL57","treatment"
"X-118.everolimus","X.118.evus","treatment"
"X-118.figitumumab","X.118.fiab","treatment"
"X-118.HDM201","X.118.HD01","treatment"
"X-118.HSP990","X.118.HS90","treatment"
"X-118.INC280","X.118.IN80","treatment"
"X-118.INC280 + trastuzumab","X.118.IN80.trab","treatment"
"X-118.LEE011","X.118.LE11","treatment"
"X-118.LEE011 + everolimus","X.118.LE11.evus","treatment"
"X-118.LJM716","X.118.LJ16","treatment"
"X-118.LJM716 + trastuzumab","X.118.LJ16.trab","treatment"
"X-118.LLM871","X.118.LL71","treatment"
"X-118.trastuzumab","X.118.trab","treatment"
"X-1199.BGJ398","X.1199.uned","control"
"X-1199.binimetinib","X.1199.uned","control"
"X-1199.binimetinib","X.1199.biib","treatment"
"X-1199.BKM120","X.1199.uned","control"
"X-1199.BKM120","X.1199.BK20","treatment"
"X-1199.BYL719","X.1199.uned","control"
"X-1199.BYL719","X.1199.BY19","treatment"
"X-1199.BYL719 + HSP990","X.1199.uned","control"
"X-1199.BYL719 + LJM716","X.1199.uned","control"
"X-1199.BYL719 + LJM716","X.1199.BY19.LJ16","treatment"
"X-1199.CLR457","X.1199.uned","control"
"X-1199.CLR457","X.1199.CL57","treatment"
"X-1199.everolimus","X.1199.uned","control"
"X-1199.figitumumab","X.1199.uned","control"
"X-1199.figitumumab","X.1199.fiab","treatment"
"X-1199.HDM201","X.1199.uned","control"
"X-1199.HSP990","X.1199.uned","control"
"X-1199.INC280","X.1199.uned","control"
"X-1199.INC280 + trastuzumab","X.1199.uned","control"
"X-1199.LEE011","X.1199.uned","control"
"X-1199.LEE011","X.1199.LE11","treatment"
"X-1199.LEE011 + everolimus","X.1199.uned","control"
"X-1199.LJM716","X.1199.uned","control"
"X-1199.LJM716 + trastuzumab","X.1199.uned","control"
"X-1199.LLM871","X.1199.uned","control"
"X-1199.trastuzumab","X.1199.uned","control"
"X-1199.5FU","X.1199.uned","control"
"X-1199.BKM120 + LJC049","X.1199.uned","control"
"X-1199.BYL719 + binimetinib","X.1199.uned","control"
"X-1199.BYL719 + cetuximab","X.1199.uned","control"
"X-1199.BYL719 + cetuximab + encorafenib","X.1199.uned","control"
"X-1199.BYL719 + encorafenib","X.1199.uned","control"
"X-1199.cetuximab","X.1199.uned","control"
"X-1199.cetuximab + encorafenib","X.1199.uned","control"
"X-1199.CGM097","X.1199.uned","control"
"X-1199.CKX620","X.1199.uned","control"
"X-1199.encorafenib","X.1199.uned","control"
"X-1199.LFW527 + binimetinib","X.1199.uned","control"
"X-1199.LJC049","X.1199.uned","control"
"X-1199.LKA136","X.1199.uned","control"
"X-1199.LKA136","X.1199.LK36","treatment"
"X-1199.abraxane","X.1199.uned","control"
"X-1199.abraxane","X.1199.abne","treatment"
"X-1199.binimetinib-3.5mpk","X.1199.uned","control"
"X-1199.binimetinib-3.5mpk","X.1199.bipk","treatment"
"X-1199.BKM120 + binimetinib","X.1199.uned","control"
"X-1199.BKM120 + binimetinib","X.1199.BK20.biib","treatment"
"X-1199.BKM120 + LDE225","X.1199.uned","control"
"X-1199.BKM120 + LDE225","X.1199.BK20.LD25","treatment"
"X-1199.figitumumab + binimetinib","X.1199.uned","control"
"X-1199.figitumumab + binimetinib","X.1199.fiab.biib","treatment"
"X-1199.gemcitabine-50mpk","X.1199.uned","control"
"X-1199.gemcitabine-50mpk","X.1199.gepk","treatment"
"X-1199.INC424","X.1199.uned","control"
"X-1199.INC424","X.1199.IN24","treatment"
"X-1199.INC424 + binimetinib","X.1199.uned","control"
"X-1199.INC424 + binimetinib","X.1199.IN24.biib","treatment"
"X-1199.trametinib","X.1199.uned","control"
"X-1199.trametinib","X.1199.trib","treatment"
"X-1199.BYL719 + LEE011","X.1199.uned","control"
"X-1199.LFA102","X.1199.uned","control"
"X-1199.LFW527 + everolimus","X.1199.uned","control"
"X-1199.paclitaxel","X.1199.uned","control"
"X-1199.tamoxifen","X.1199.uned","control"
"X-1199.BYL719 + LGH447","X.1199.uned","control"
"X-1199.erlotinib","X.1199.uned","control"
"X-1199.LCL161 + paclitaxel","X.1199.uned","control"
"X-1199.LGH447","X.1199.uned","control"
"X-1199.WNT974","X.1199.uned","control"
"X-1199.WNT974","X.1199.WN74","treatment"
"X-1199.BKM120 + encorafenib","X.1199.uned","control"
"X-1199.dacarbazine","X.1199.uned","control"
"X-1199.encorafenib + binimetinib","X.1199.uned","control"
"X-1199.LDE225","X.1199.uned","control"
"X-1199.LDK378","X.1199.uned","control"
"X-1199.LEE011 + binimetinib","X.1199.uned","control"
"X-1199.LEE011 + encorafenib","X.1199.uned","control"
"X-1199.LGW813","X.1199.uned","control"
"X-1199.TAS266","X.1199.uned","control"
"X-119.BGJ398","X.119.BG98","treatment"
"X-119.binimetinib","X.119.biib","treatment"
"X-119.BKM120","X.119.BK20","treatment"
"X-119.BYL719","X.119.BY19","treatment"
"X-119.BYL719 + HSP990","X.119.BY19.HS90","treatment"
"X-119.BYL719 + LJM716","X.119.BY19.LJ16","treatment"
"X-119.CLR457","X.119.CL57","treatment"
"X-119.everolimus","X.119.evus","treatment"
"X-119.figitumumab","X.119.fiab","treatment"
"X-119.HDM201","X.119.HD01","treatment"
"X-119.HSP990","X.119.HS90","treatment"
"X-119.INC280","X.119.IN80","treatment"
"X-119.INC280 + trastuzumab","X.119.IN80.trab","treatment"
"X-119.LEE011","X.119.LE11","treatment"
"X-119.LEE011 + everolimus","X.119.LE11.evus","treatment"
"X-119.LJM716","X.119.LJ16","treatment"
"X-119.LJM716 + trastuzumab","X.119.LJ16.trab","treatment"
"X-119.LLM871","X.119.LL71","treatment"
"X-119.trastuzumab","X.119.trab","treatment"
"X-1210.LFW527 + binimetinib","X.1210.LF27.biib","treatment"
"X-1228.BGJ398","X.1228.uned","control"
"X-1228.BGJ398","X.1228.BG98","treatment"
"X-1228.binimetinib","X.1228.uned","control"
"X-1228.binimetinib","X.1228.biib","treatment"
"X-1228.BKM120","X.1228.uned","control"
"X-1228.BKM120","X.1228.BK20","treatment"
"X-1228.BYL719","X.1228.uned","control"
"X-1228.BYL719","X.1228.BY19","treatment"
"X-1228.BYL719 + HSP990","X.1228.uned","control"
"X-1228.BYL719 + LJM716","X.1228.uned","control"
"X-1228.BYL719 + LJM716","X.1228.BY19.LJ16","treatment"
"X-1228.CLR457","X.1228.uned","control"
"X-1228.CLR457","X.1228.CL57","treatment"
"X-1228.everolimus","X.1228.uned","control"
"X-1228.figitumumab","X.1228.uned","control"
"X-1228.HDM201","X.1228.uned","control"
"X-1228.HDM201","X.1228.HD01","treatment"
"X-1228.HSP990","X.1228.uned","control"
"X-1228.HSP990","X.1228.HS90","treatment"
"X-1228.INC280","X.1228.uned","control"
"X-1228.INC280","X.1228.IN80","treatment"
"X-1228.INC280 + trastuzumab","X.1228.uned","control"
"X-1228.LEE011","X.1228.uned","control"
"X-1228.LEE011","X.1228.LE11","treatment"
"X-1228.LEE011 + everolimus","X.1228.uned","control"
"X-1228.LJM716","X.1228.uned","control"
"X-1228.LJM716 + trastuzumab","X.1228.uned","control"
"X-1228.LLM871","X.1228.uned","control"
"X-1228.LLM871","X.1228.LL71","treatment"
"X-1228.trastuzumab","X.1228.uned","control"
"X-1228.5FU","X.1228.uned","control"
"X-1228.BKM120 + LJC049","X.1228.uned","control"
"X-1228.BYL719 + binimetinib","X.1228.uned","control"
"X-1228.BYL719 + cetuximab","X.1228.uned","control"
"X-1228.BYL719 + cetuximab + encorafenib","X.1228.uned","control"
"X-1228.BYL719 + encorafenib","X.1228.uned","control"
"X-1228.cetuximab","X.1228.uned","control"
"X-1228.cetuximab","X.1228.ceab","treatment"
"X-1228.cetuximab + encorafenib","X.1228.uned","control"
"X-1228.CGM097","X.1228.uned","control"
"X-1228.CGM097","X.1228.CG97","treatment"
"X-1228.CKX620","X.1228.uned","control"
"X-1228.CKX620","X.1228.CK20","treatment"
"X-1228.encorafenib","X.1228.uned","control"
"X-1228.LFW527 + binimetinib","X.1228.uned","control"
"X-1228.LFW527 + binimetinib","X.1228.LF27.biib","treatment"
"X-1228.LJC049","X.1228.uned","control"
"X-1228.LKA136","X.1228.uned","control"
"X-1228.abraxane","X.1228.uned","control"
"X-1228.binimetinib-3.5mpk","X.1228.uned","control"
"X-1228.BKM120 + binimetinib","X.1228.uned","control"
"X-1228.BKM120 + binimetinib","X.1228.BK20.biib","treatment"
"X-1228.BKM120 + LDE225","X.1228.uned","control"
"X-1228.figitumumab + binimetinib","X.1228.uned","control"
"X-1228.gemcitabine-50mpk","X.1228.uned","control"
"X-1228.INC424","X.1228.uned","control"
"X-1228.INC424 + binimetinib","X.1228.uned","control"
"X-1228.trametinib","X.1228.uned","control"
"X-1228.BYL719 + LEE011","X.1228.uned","control"
"X-1228.LFA102","X.1228.uned","control"
"X-1228.LFW527 + everolimus","X.1228.uned","control"
"X-1228.paclitaxel","X.1228.uned","control"
"X-1228.paclitaxel","X.1228.pael","treatment"
"X-1228.tamoxifen","X.1228.uned","control"
"X-1228.BYL719 + LGH447","X.1228.uned","control"
"X-1228.BYL719 + LGH447","X.1228.BY19.LG47","treatment"
"X-1228.erlotinib","X.1228.uned","control"
"X-1228.erlotinib","X.1228.erib","treatment"
"X-1228.LCL161 + paclitaxel","X.1228.uned","control"
"X-1228.LCL161 + paclitaxel","X.1228.LC61.pael","treatment"
"X-1228.LGH447","X.1228.uned","control"
"X-1228.LGH447","X.1228.LG47","treatment"
"X-1228.WNT974","X.1228.uned","control"
"X-1228.BKM120 + encorafenib","X.1228.uned","control"
"X-1228.dacarbazine","X.1228.uned","control"
"X-1228.encorafenib + binimetinib","X.1228.uned","control"
"X-1228.LDE225","X.1228.uned","control"
"X-1228.LDK378","X.1228.uned","control"
"X-1228.LEE011 + binimetinib","X.1228.uned","control"
"X-1228.LEE011 + encorafenib","X.1228.uned","control"
"X-1228.LGW813","X.1228.uned","control"
"X-1228.TAS266","X.1228.uned","control"
"X-1234.LFW527 + binimetinib","X.1234.LF27.biib","treatment"
"X-1256.LFW527 + binimetinib","X.1256.LF27.biib","treatment"
"X-1270.BGJ398","X.1270.uned","control"
"X-1270.binimetinib","X.1270.uned","control"
"X-1270.binimetinib","X.1270.biib","treatment"
"X-1270.BKM120","X.1270.uned","control"
"X-1270.BKM120","X.1270.BK20","treatment"
"X-1270.BYL719","X.1270.uned","control"
"X-1270.BYL719","X.1270.BY19","treatment"
"X-1270.BYL719 + HSP990","X.1270.uned","control"
"X-1270.BYL719 + LJM716","X.1270.uned","control"
"X-1270.BYL719 + LJM716","X.1270.BY19.LJ16","treatment"
"X-1270.CLR457","X.1270.uned","control"
"X-1270.CLR457","X.1270.CL57","treatment"
"X-1270.everolimus","X.1270.uned","control"
"X-1270.figitumumab","X.1270.uned","control"
"X-1270.HDM201","X.1270.uned","control"
"X-1270.HDM201","X.1270.HD01","treatment"
"X-1270.HSP990","X.1270.uned","control"
"X-1270.INC280","X.1270.uned","control"
"X-1270.INC280 + trastuzumab","X.1270.uned","control"
"X-1270.LEE011","X.1270.uned","control"
"X-1270.LEE011","X.1270.LE11","treatment"
"X-1270.LEE011 + everolimus","X.1270.uned","control"
"X-1270.LJM716","X.1270.uned","control"
"X-1270.LJM716 + trastuzumab","X.1270.uned","control"
"X-1270.LLM871","X.1270.uned","control"
"X-1270.trastuzumab","X.1270.uned","control"
"X-1270.5FU","X.1270.uned","control"
"X-1270.5FU","X.1270.5FFU","treatment"
"X-1270.BKM120 + LJC049","X.1270.uned","control"
"X-1270.BKM120 + LJC049","X.1270.BK20.LJ49","treatment"
"X-1270.BYL719 + binimetinib","X.1270.uned","control"
"X-1270.BYL719 + binimetinib","X.1270.BY19.biib","treatment"
"X-1270.BYL719 + cetuximab","X.1270.uned","control"
"X-1270.BYL719 + cetuximab","X.1270.BY19.ceab","treatment"
"X-1270.BYL719 + cetuximab + encorafenib","X.1270.uned","control"
"X-1270.BYL719 + cetuximab + encorafenib","X.1270.BY19.ceab.enib","treatment"
"X-1270.BYL719 + encorafenib","X.1270.uned","control"
"X-1270.BYL719 + encorafenib","X.1270.BY19.enib","treatment"
"X-1270.cetuximab","X.1270.uned","control"
"X-1270.cetuximab","X.1270.ceab","treatment"
"X-1270.cetuximab + encorafenib","X.1270.uned","control"
"X-1270.cetuximab + encorafenib","X.1270.ceab.enib","treatment"
"X-1270.CGM097","X.1270.uned","control"
"X-1270.CGM097","X.1270.CG97","treatment"
"X-1270.CKX620","X.1270.uned","control"
"X-1270.CKX620","X.1270.CK20","treatment"
"X-1270.encorafenib","X.1270.uned","control"
"X-1270.encorafenib","X.1270.enib","treatment"
"X-1270.LFW527 + binimetinib","X.1270.uned","control"
"X-1270.LJC049","X.1270.uned","control"
"X-1270.LJC049","X.1270.LJ49","treatment"
"X-1270.LKA136","X.1270.uned","control"
"X-1270.LKA136","X.1270.LK36","treatment"
"X-1270.abraxane","X.1270.uned","control"
"X-1270.binimetinib-3.5mpk","X.1270.uned","control"
"X-1270.BKM120 + binimetinib","X.1270.uned","control"
"X-1270.BKM120 + LDE225","X.1270.uned","control"
"X-1270.figitumumab + binimetinib","X.1270.uned","control"
"X-1270.gemcitabine-50mpk","X.1270.uned","control"
"X-1270.INC424","X.1270.uned","control"
"X-1270.INC424 + binimetinib","X.1270.uned","control"
"X-1270.trametinib","X.1270.uned","control"
"X-1270.BYL719 + LEE011","X.1270.uned","control"
"X-1270.LFA102","X.1270.uned","control"
"X-1270.LFW527 + everolimus","X.1270.uned","control"
"X-1270.paclitaxel","X.1270.uned","control"
"X-1270.tamoxifen","X.1270.uned","control"
"X-1270.BYL719 + LGH447","X.1270.uned","control"
"X-1270.erlotinib","X.1270.uned","control"
"X-1270.LCL161 + paclitaxel","X.1270.uned","control"
"X-1270.LGH447","X.1270.uned","control"
"X-1270.WNT974","X.1270.uned","control"
"X-1270.BKM120 + encorafenib","X.1270.uned","control"
"X-1270.dacarbazine","X.1270.uned","control"
"X-1270.encorafenib + binimetinib","X.1270.uned","control"
"X-1270.LDE225","X.1270.uned","control"
"X-1270.LDK378","X.1270.uned","control"
"X-1270.LEE011 + binimetinib","X.1270.uned","control"
"X-1270.LEE011 + encorafenib","X.1270.uned","control"
"X-1270.LGW813","X.1270.uned","control"
"X-1270.TAS266","X.1270.uned","control"
"X-127.BGJ398","X.127.BG98","treatment"
"X-127.binimetinib","X.127.biib","treatment"
"X-127.BKM120","X.127.BK20","treatment"
"X-127.BYL719","X.127.BY19","treatment"
"X-127.BYL719 + HSP990","X.127.BY19.HS90","treatment"
"X-127.BYL719 + LJM716","X.127.BY19.LJ16","treatment"
"X-127.CLR457","X.127.CL57","treatment"
"X-127.everolimus","X.127.evus","treatment"
"X-127.figitumumab","X.127.fiab","treatment"
"X-127.HDM201","X.127.HD01","treatment"
"X-127.HSP990","X.127.HS90","treatment"
"X-127.INC280","X.127.IN80","treatment"
"X-127.INC280 + trastuzumab","X.127.IN80.trab","treatment"
"X-127.LEE011","X.127.LE11","treatment"
"X-127.LEE011 + everolimus","X.127.LE11.evus","treatment"
"X-127.LJM716","X.127.LJ16","treatment"
"X-127.LJM716 + trastuzumab","X.127.LJ16.trab","treatment"
"X-127.LLM871","X.127.LL71","treatment"
"X-127.trastuzumab","X.127.trab","treatment"
"X-1286.BGJ398","X.1286.uned","control"
"X-1286.BGJ398","X.1286.BG98","treatment"
"X-1286.binimetinib","X.1286.uned","control"
"X-1286.binimetinib","X.1286.biib","treatment"
"X-1286.BKM120","X.1286.uned","control"
"X-1286.BKM120","X.1286.BK20","treatment"
"X-1286.BYL719","X.1286.uned","control"
"X-1286.BYL719","X.1286.BY19","treatment"
"X-1286.BYL719 + HSP990","X.1286.uned","control"
"X-1286.BYL719 + LJM716","X.1286.uned","control"
"X-1286.BYL719 + LJM716","X.1286.BY19.LJ16","treatment"
"X-1286.CLR457","X.1286.uned","control"
"X-1286.CLR457","X.1286.CL57","treatment"
"X-1286.everolimus","X.1286.uned","control"
"X-1286.figitumumab","X.1286.uned","control"
"X-1286.HDM201","X.1286.uned","control"
"X-1286.HDM201","X.1286.HD01","treatment"
"X-1286.HSP990","X.1286.uned","control"
"X-1286.INC280","X.1286.uned","control"
"X-1286.INC280 + trastuzumab","X.1286.uned","control"
"X-1286.LEE011","X.1286.uned","control"
"X-1286.LEE011","X.1286.LE11","treatment"
"X-1286.LEE011 + everolimus","X.1286.uned","control"
"X-1286.LEE011 + everolimus","X.1286.LE11.evus","treatment"
"X-1286.LJM716","X.1286.uned","control"
"X-1286.LJM716","X.1286.LJ16","treatment"
"X-1286.LJM716 + trastuzumab","X.1286.uned","control"
"X-1286.LJM716 + trastuzumab","X.1286.LJ16.trab","treatment"
"X-1286.LLM871","X.1286.uned","control"
"X-1286.LLM871","X.1286.LL71","treatment"
"X-1286.trastuzumab","X.1286.uned","control"
"X-1286.trastuzumab","X.1286.trab","treatment"
"X-1286.5FU","X.1286.uned","control"
"X-1286.BKM120 + LJC049","X.1286.uned","control"
"X-1286.BYL719 + binimetinib","X.1286.uned","control"
"X-1286.BYL719 + cetuximab","X.1286.uned","control"
"X-1286.BYL719 + cetuximab + encorafenib","X.1286.uned","control"
"X-1286.BYL719 + encorafenib","X.1286.uned","control"
"X-1286.cetuximab","X.1286.uned","control"
"X-1286.cetuximab + encorafenib","X.1286.uned","control"
"X-1286.CGM097","X.1286.uned","control"
"X-1286.CGM097","X.1286.CG97","treatment"
"X-1286.CKX620","X.1286.uned","control"
"X-1286.encorafenib","X.1286.uned","control"
"X-1286.LFW527 + binimetinib","X.1286.uned","control"
"X-1286.LJC049","X.1286.uned","control"
"X-1286.LKA136","X.1286.uned","control"
"X-1286.LKA136","X.1286.LK36","treatment"
"X-1286.abraxane","X.1286.uned","control"
"X-1286.binimetinib-3.5mpk","X.1286.uned","control"
"X-1286.BKM120 + binimetinib","X.1286.uned","control"
"X-1286.BKM120 + LDE225","X.1286.uned","control"
"X-1286.figitumumab + binimetinib","X.1286.uned","control"
"X-1286.gemcitabine-50mpk","X.1286.uned","control"
"X-1286.INC424","X.1286.uned","control"
"X-1286.INC424","X.1286.IN24","treatment"
"X-1286.INC424 + binimetinib","X.1286.uned","control"
"X-1286.trametinib","X.1286.uned","control"
"X-1286.BYL719 + LEE011","X.1286.uned","control"
"X-1286.BYL719 + LEE011","X.1286.BY19.LE11","treatment"
"X-1286.LFA102","X.1286.uned","control"
"X-1286.LFA102","X.1286.LF02","treatment"
"X-1286.LFW527 + everolimus","X.1286.uned","control"
"X-1286.LFW527 + everolimus","X.1286.LF27.evus","treatment"
"X-1286.paclitaxel","X.1286.uned","control"
"X-1286.paclitaxel","X.1286.pael","treatment"
"X-1286.tamoxifen","X.1286.uned","control"
"X-1286.tamoxifen","X.1286.taen","treatment"
"X-1286.BYL719 + LGH447","X.1286.uned","control"
"X-1286.erlotinib","X.1286.uned","control"
"X-1286.LCL161 + paclitaxel","X.1286.uned","control"
"X-1286.LGH447","X.1286.uned","control"
"X-1286.WNT974","X.1286.uned","control"
"X-1286.BKM120 + encorafenib","X.1286.uned","control"
"X-1286.dacarbazine","X.1286.uned","control"
"X-1286.encorafenib + binimetinib","X.1286.uned","control"
"X-1286.LDE225","X.1286.uned","control"
"X-1286.LDK378","X.1286.uned","control"
"X-1286.LEE011 + binimetinib","X.1286.uned","control"
"X-1286.LEE011 + encorafenib","X.1286.uned","control"
"X-1286.LGW813","X.1286.uned","control"
"X-1286.TAS266","X.1286.uned","control"
"X-1289.BGJ398","X.1289.uned","control"
"X-1289.binimetinib","X.1289.uned","control"
"X-1289.BKM120","X.1289.uned","control"
"X-1289.BKM120","X.1289.BK20","treatment"
"X-1289.BYL719","X.1289.uned","control"
"X-1289.BYL719","X.1289.BY19","treatment"
"X-1289.BYL719 + HSP990","X.1289.uned","control"
"X-1289.BYL719 + LJM716","X.1289.uned","control"
"X-1289.BYL719 + LJM716","X.1289.BY19.LJ16","treatment"
"X-1289.CLR457","X.1289.uned","control"
"X-1289.CLR457","X.1289.CL57","treatment"
"X-1289.everolimus","X.1289.uned","control"
"X-1289.figitumumab","X.1289.uned","control"
"X-1289.figitumumab","X.1289.fiab","treatment"
"X-1289.HDM201","X.1289.uned","control"
"X-1289.HDM201","X.1289.HD01","treatment"
"X-1289.HSP990","X.1289.uned","control"
"X-1289.INC280","X.1289.uned","control"
"X-1289.INC280 + trastuzumab","X.1289.uned","control"
"X-1289.LEE011","X.1289.uned","control"
"X-1289.LEE011","X.1289.LE11","treatment"
"X-1289.LEE011 + everolimus","X.1289.uned","control"
"X-1289.LJM716","X.1289.uned","control"
"X-1289.LJM716 + trastuzumab","X.1289.uned","control"
"X-1289.LLM871","X.1289.uned","control"
"X-1289.trastuzumab","X.1289.uned","control"
"X-1289.5FU","X.1289.uned","control"
"X-1289.BKM120 + LJC049","X.1289.uned","control"
"X-1289.BYL719 + binimetinib","X.1289.uned","control"
"X-1289.BYL719 + cetuximab","X.1289.uned","control"
"X-1289.BYL719 + cetuximab + encorafenib","X.1289.uned","control"
"X-1289.BYL719 + encorafenib","X.1289.uned","control"
"X-1289.cetuximab","X.1289.uned","control"
"X-1289.cetuximab + encorafenib","X.1289.uned","control"
"X-1289.CGM097","X.1289.uned","control"
"X-1289.CKX620","X.1289.uned","control"
"X-1289.encorafenib","X.1289.uned","control"
"X-1289.LFW527 + binimetinib","X.1289.uned","control"
"X-1289.LJC049","X.1289.uned","control"
"X-1289.LKA136","X.1289.uned","control"
"X-1289.LKA136","X.1289.LK36","treatment"
"X-1289.abraxane","X.1289.uned","control"
"X-1289.abraxane","X.1289.abne","treatment"
"X-1289.binimetinib-3.5mpk","X.1289.uned","control"
"X-1289.binimetinib-3.5mpk","X.1289.bipk","treatment"
"X-1289.BKM120 + binimetinib","X.1289.uned","control"
"X-1289.BKM120 + LDE225","X.1289.uned","control"
"X-1289.figitumumab + binimetinib","X.1289.uned","control"
"X-1289.figitumumab + binimetinib","X.1289.fiab.biib","treatment"
"X-1289.gemcitabine-50mpk","X.1289.uned","control"
"X-1289.gemcitabine-50mpk","X.1289.gepk","treatment"
"X-1289.INC424","X.1289.uned","control"
"X-1289.INC424","X.1289.IN24","treatment"
"X-1289.INC424 + binimetinib","X.1289.uned","control"
"X-1289.trametinib","X.1289.uned","control"
"X-1289.trametinib","X.1289.trib","treatment"
"X-1289.BYL719 + LEE011","X.1289.uned","control"
"X-1289.LFA102","X.1289.uned","control"
"X-1289.LFW527 + everolimus","X.1289.uned","control"
"X-1289.paclitaxel","X.1289.uned","control"
"X-1289.tamoxifen","X.1289.uned","control"
"X-1289.BYL719 + LGH447","X.1289.uned","control"
"X-1289.erlotinib","X.1289.uned","control"
"X-1289.LCL161 + paclitaxel","X.1289.uned","control"
"X-1289.LGH447","X.1289.uned","control"
"X-1289.WNT974","X.1289.uned","control"
"X-1289.WNT974","X.1289.WN74","treatment"
"X-1289.BKM120 + encorafenib","X.1289.uned","control"
"X-1289.dacarbazine","X.1289.uned","control"
"X-1289.encorafenib + binimetinib","X.1289.uned","control"
"X-1289.LDE225","X.1289.uned","control"
"X-1289.LDK378","X.1289.uned","control"
"X-1289.LEE011 + binimetinib","X.1289.uned","control"
"X-1289.LEE011 + encorafenib","X.1289.uned","control"
"X-1289.LGW813","X.1289.uned","control"
"X-1289.TAS266","X.1289.uned","control"
"X-128.BGJ398","X.128.BG98","treatment"
"X-128.binimetinib","X.128.biib","treatment"
"X-128.BKM120","X.128.BK20","treatment"
"X-128.BYL719","X.128.BY19","treatment"
"X-128.BYL719 + HSP990","X.128.BY19.HS90","treatment"
"X-128.BYL719 + LJM716","X.128.BY19.LJ16","treatment"
"X-128.CLR457","X.128.CL57","treatment"
"X-128.everolimus","X.128.evus","treatment"
"X-128.figitumumab","X.128.fiab","treatment"
"X-128.HDM201","X.128.HD01","treatment"
"X-128.HSP990","X.128.HS90","treatment"
"X-128.INC280","X.128.IN80","treatment"
"X-128.INC280 + trastuzumab","X.128.IN80.trab","treatment"
"X-128.LEE011","X.128.LE11","treatment"
"X-128.LEE011 + everolimus","X.128.LE11.evus","treatment"
"X-128.LJM716","X.128.LJ16","treatment"
"X-128.LJM716 + trastuzumab","X.128.LJ16.trab","treatment"
"X-128.LLM871","X.128.LL71","treatment"
"X-128.trastuzumab","X.128.trab","treatment"
"X-1290.BGJ398","X.1290.uned","control"
"X-1290.binimetinib","X.1290.uned","control"
"X-1290.binimetinib","X.1290.biib","treatment"
"X-1290.BKM120","X.1290.uned","control"
"X-1290.BKM120","X.1290.BK20","treatment"
"X-1290.BYL719","X.1290.uned","control"
"X-1290.BYL719","X.1290.BY19","treatment"
"X-1290.BYL719 + HSP990","X.1290.uned","control"
"X-1290.BYL719 + LJM716","X.1290.uned","control"
"X-1290.BYL719 + LJM716","X.1290.BY19.LJ16","treatment"
"X-1290.CLR457","X.1290.uned","control"
"X-1290.CLR457","X.1290.CL57","treatment"
"X-1290.everolimus","X.1290.uned","control"
"X-1290.figitumumab","X.1290.uned","control"
"X-1290.HDM201","X.1290.uned","control"
"X-1290.HDM201","X.1290.HD01","treatment"
"X-1290.HSP990","X.1290.uned","control"
"X-1290.INC280","X.1290.uned","control"
"X-1290.INC280 + trastuzumab","X.1290.uned","control"
"X-1290.LEE011","X.1290.uned","control"
"X-1290.LEE011","X.1290.LE11","treatment"
"X-1290.LEE011 + everolimus","X.1290.uned","control"
"X-1290.LJM716","X.1290.uned","control"
"X-1290.LJM716 + trastuzumab","X.1290.uned","control"
"X-1290.LLM871","X.1290.uned","control"
"X-1290.trastuzumab","X.1290.uned","control"
"X-1290.5FU","X.1290.uned","control"
"X-1290.5FU","X.1290.5FFU","treatment"
"X-1290.BKM120 + LJC049","X.1290.uned","control"
"X-1290.BKM120 + LJC049","X.1290.BK20.LJ49","treatment"
"X-1290.BYL719 + binimetinib","X.1290.uned","control"
"X-1290.BYL719 + binimetinib","X.1290.BY19.biib","treatment"
"X-1290.BYL719 + cetuximab","X.1290.uned","control"
"X-1290.BYL719 + cetuximab","X.1290.BY19.ceab","treatment"
"X-1290.BYL719 + cetuximab + encorafenib","X.1290.uned","control"
"X-1290.BYL719 + cetuximab + encorafenib","X.1290.BY19.ceab.enib","treatment"
"X-1290.BYL719 + encorafenib","X.1290.uned","control"
"X-1290.BYL719 + encorafenib","X.1290.BY19.enib","treatment"
"X-1290.cetuximab","X.1290.uned","control"
"X-1290.cetuximab","X.1290.ceab","treatment"
"X-1290.cetuximab + encorafenib","X.1290.uned","control"
"X-1290.cetuximab + encorafenib","X.1290.ceab.enib","treatment"
"X-1290.CGM097","X.1290.uned","control"
"X-1290.CGM097","X.1290.CG97","treatment"
"X-1290.CKX620","X.1290.uned","control"
"X-1290.CKX620","X.1290.CK20","treatment"
"X-1290.encorafenib","X.1290.uned","control"
"X-1290.encorafenib","X.1290.enib","treatment"
"X-1290.LFW527 + binimetinib","X.1290.uned","control"
"X-1290.LFW527 + binimetinib","X.1290.LF27.biib","treatment"
"X-1290.LJC049","X.1290.uned","control"
"X-1290.LJC049","X.1290.LJ49","treatment"
"X-1290.LKA136","X.1290.uned","control"
"X-1290.LKA136","X.1290.LK36","treatment"
"X-1290.abraxane","X.1290.uned","control"
"X-1290.binimetinib-3.5mpk","X.1290.uned","control"
"X-1290.BKM120 + binimetinib","X.1290.uned","control"
"X-1290.BKM120 + LDE225","X.1290.uned","control"
"X-1290.figitumumab + binimetinib","X.1290.uned","control"
"X-1290.gemcitabine-50mpk","X.1290.uned","control"
"X-1290.INC424","X.1290.uned","control"
"X-1290.INC424 + binimetinib","X.1290.uned","control"
"X-1290.trametinib","X.1290.uned","control"
"X-1290.BYL719 + LEE011","X.1290.uned","control"
"X-1290.LFA102","X.1290.uned","control"
"X-1290.LFW527 + everolimus","X.1290.uned","control"
"X-1290.paclitaxel","X.1290.uned","control"
"X-1290.tamoxifen","X.1290.uned","control"
"X-1290.BYL719 + LGH447","X.1290.uned","control"
"X-1290.erlotinib","X.1290.uned","control"
"X-1290.LCL161 + paclitaxel","X.1290.uned","control"
"X-1290.LGH447","X.1290.uned","control"
"X-1290.WNT974","X.1290.uned","control"
"X-1290.BKM120 + encorafenib","X.1290.uned","control"
"X-1290.dacarbazine","X.1290.uned","control"
"X-1290.encorafenib + binimetinib","X.1290.uned","control"
"X-1290.LDE225","X.1290.uned","control"
"X-1290.LDK378","X.1290.uned","control"
"X-1290.LEE011 + binimetinib","X.1290.uned","control"
"X-1290.LEE011 + encorafenib","X.1290.uned","control"
"X-1290.LGW813","X.1290.uned","control"
"X-1290.TAS266","X.1290.uned","control"
"X-1298.BGJ398","X.1298.uned","control"
"X-1298.BGJ398","X.1298.BG98","treatment"
"X-1298.binimetinib","X.1298.uned","control"
"X-1298.binimetinib","X.1298.biib","treatment"
"X-1298.BKM120","X.1298.uned","control"
"X-1298.BKM120","X.1298.BK20","treatment"
"X-1298.BYL719","X.1298.uned","control"
"X-1298.BYL719","X.1298.BY19","treatment"
"X-1298.BYL719 + HSP990","X.1298.uned","control"
"X-1298.BYL719 + LJM716","X.1298.uned","control"
"X-1298.BYL719 + LJM716","X.1298.BY19.LJ16","treatment"
"X-1298.CLR457","X.1298.uned","control"
"X-1298.CLR457","X.1298.CL57","treatment"
"X-1298.everolimus","X.1298.uned","control"
"X-1298.figitumumab","X.1298.uned","control"
"X-1298.HDM201","X.1298.uned","control"
"X-1298.HDM201","X.1298.HD01","treatment"
"X-1298.HSP990","X.1298.uned","control"
"X-1298.INC280","X.1298.uned","control"
"X-1298.INC280 + trastuzumab","X.1298.uned","control"
"X-1298.LEE011","X.1298.uned","control"
"X-1298.LEE011","X.1298.LE11","treatment"
"X-1298.LEE011 + everolimus","X.1298.uned","control"
"X-1298.LEE011 + everolimus","X.1298.LE11.evus","treatment"
"X-1298.LJM716","X.1298.uned","control"
"X-1298.LJM716","X.1298.LJ16","treatment"
"X-1298.LJM716 + trastuzumab","X.1298.uned","control"
"X-1298.LJM716 + trastuzumab","X.1298.LJ16.trab","treatment"
"X-1298.LLM871","X.1298.uned","control"
"X-1298.LLM871","X.1298.LL71","treatment"
"X-1298.trastuzumab","X.1298.uned","control"
"X-1298.trastuzumab","X.1298.trab","treatment"
"X-1298.5FU","X.1298.uned","control"
"X-1298.BKM120 + LJC049","X.1298.uned","control"
"X-1298.BYL719 + binimetinib","X.1298.uned","control"
"X-1298.BYL719 + cetuximab","X.1298.uned","control"
"X-1298.BYL719 + cetuximab + encorafenib","X.1298.uned","control"
"X-1298.BYL719 + encorafenib","X.1298.uned","control"
"X-1298.cetuximab","X.1298.uned","control"
"X-1298.cetuximab + encorafenib","X.1298.uned","control"
"X-1298.CGM097","X.1298.uned","control"
"X-1298.CGM097","X.1298.CG97","treatment"
"X-1298.CKX620","X.1298.uned","control"
"X-1298.encorafenib","X.1298.uned","control"
"X-1298.LFW527 + binimetinib","X.1298.uned","control"
"X-1298.LJC049","X.1298.uned","control"
"X-1298.LKA136","X.1298.uned","control"
"X-1298.LKA136","X.1298.LK36","treatment"
"X-1298.abraxane","X.1298.uned","control"
"X-1298.binimetinib-3.5mpk","X.1298.uned","control"
"X-1298.BKM120 + binimetinib","X.1298.uned","control"
"X-1298.BKM120 + LDE225","X.1298.uned","control"
"X-1298.figitumumab + binimetinib","X.1298.uned","control"
"X-1298.gemcitabine-50mpk","X.1298.uned","control"
"X-1298.INC424","X.1298.uned","control"
"X-1298.INC424","X.1298.IN24","treatment"
"X-1298.INC424 + binimetinib","X.1298.uned","control"
"X-1298.trametinib","X.1298.uned","control"
"X-1298.BYL719 + LEE011","X.1298.uned","control"
"X-1298.BYL719 + LEE011","X.1298.BY19.LE11","treatment"
"X-1298.LFA102","X.1298.uned","control"
"X-1298.LFA102","X.1298.LF02","treatment"
"X-1298.LFW527 + everolimus","X.1298.uned","control"
"X-1298.LFW527 + everolimus","X.1298.LF27.evus","treatment"
"X-1298.paclitaxel","X.1298.uned","control"
"X-1298.paclitaxel","X.1298.pael","treatment"
"X-1298.tamoxifen","X.1298.uned","control"
"X-1298.tamoxifen","X.1298.taen","treatment"
"X-1298.BYL719 + LGH447","X.1298.uned","control"
"X-1298.erlotinib","X.1298.uned","control"
"X-1298.LCL161 + paclitaxel","X.1298.uned","control"
"X-1298.LGH447","X.1298.uned","control"
"X-1298.WNT974","X.1298.uned","control"
"X-1298.BKM120 + encorafenib","X.1298.uned","control"
"X-1298.dacarbazine","X.1298.uned","control"
"X-1298.encorafenib + binimetinib","X.1298.uned","control"
"X-1298.LDE225","X.1298.uned","control"
"X-1298.LDK378","X.1298.uned","control"
"X-1298.LEE011 + binimetinib","X.1298.uned","control"
"X-1298.LEE011 + encorafenib","X.1298.uned","control"
"X-1298.LGW813","X.1298.uned","control"
"X-1298.TAS266","X.1298.uned","control"
"X-129.BGJ398","X.129.uned","control"
"X-129.BGJ398","X.129.BG98","treatment"
"X-129.binimetinib","X.129.uned","control"
"X-129.binimetinib","X.129.biib","treatment"
"X-129.BKM120","X.129.uned","control"
"X-129.BKM120","X.129.BK20","treatment"
"X-129.BYL719","X.129.uned","control"
"X-129.BYL719","X.129.BY19","treatment"
"X-129.BYL719 + HSP990","X.129.uned","control"
"X-129.BYL719 + HSP990","X.129.BY19.HS90","treatment"
"X-129.BYL719 + LJM716","X.129.uned","control"
"X-129.BYL719 + LJM716","X.129.BY19.LJ16","treatment"
"X-129.CLR457","X.129.uned","control"
"X-129.CLR457","X.129.CL57","treatment"
"X-129.everolimus","X.129.uned","control"
"X-129.everolimus","X.129.evus","treatment"
"X-129.figitumumab","X.129.uned","control"
"X-129.figitumumab","X.129.fiab","treatment"
"X-129.HDM201","X.129.uned","control"
"X-129.HDM201","X.129.HD01","treatment"
"X-129.HSP990","X.129.uned","control"
"X-129.HSP990","X.129.HS90","treatment"
"X-129.INC280","X.129.uned","control"
"X-129.INC280","X.129.IN80","treatment"
"X-129.INC280 + trastuzumab","X.129.uned","control"
"X-129.INC280 + trastuzumab","X.129.IN80.trab","treatment"
"X-129.LEE011","X.129.uned","control"
"X-129.LEE011","X.129.LE11","treatment"
"X-129.LEE011 + everolimus","X.129.uned","control"
"X-129.LEE011 + everolimus","X.129.LE11.evus","treatment"
"X-129.LJM716","X.129.uned","control"
"X-129.LJM716","X.129.LJ16","treatment"
"X-129.LJM716 + trastuzumab","X.129.uned","control"
"X-129.LJM716 + trastuzumab","X.129.LJ16.trab","treatment"
"X-129.LLM871","X.129.uned","control"
"X-129.LLM871","X.129.LL71","treatment"
"X-129.trastuzumab","X.129.uned","control"
"X-129.trastuzumab","X.129.trab","treatment"
"X-129.5FU","X.129.uned","control"
"X-129.BKM120 + LJC049","X.129.uned","control"
"X-129.BYL719 + binimetinib","X.129.uned","control"
"X-129.BYL719 + cetuximab","X.129.uned","control"
"X-129.BYL719 + cetuximab + encorafenib","X.129.uned","control"
"X-129.BYL719 + encorafenib","X.129.uned","control"
"X-129.cetuximab","X.129.uned","control"
"X-129.cetuximab + encorafenib","X.129.uned","control"
"X-129.CGM097","X.129.uned","control"
"X-129.CKX620","X.129.uned","control"
"X-129.encorafenib","X.129.uned","control"
"X-129.LFW527 + binimetinib","X.129.uned","control"
"X-129.LJC049","X.129.uned","control"
"X-129.LKA136","X.129.uned","control"
"X-129.abraxane","X.129.uned","control"
"X-129.binimetinib-3.5mpk","X.129.uned","control"
"X-129.BKM120 + binimetinib","X.129.uned","control"
"X-129.BKM120 + LDE225","X.129.uned","control"
"X-129.figitumumab + binimetinib","X.129.uned","control"
"X-129.gemcitabine-50mpk","X.129.uned","control"
"X-129.INC424","X.129.uned","control"
"X-129.INC424 + binimetinib","X.129.uned","control"
"X-129.trametinib","X.129.uned","control"
"X-129.BYL719 + LEE011","X.129.uned","control"
"X-129.LFA102","X.129.uned","control"
"X-129.LFW527 + everolimus","X.129.uned","control"
"X-129.paclitaxel","X.129.uned","control"
"X-129.tamoxifen","X.129.uned","control"
"X-129.BYL719 + LGH447","X.129.uned","control"
"X-129.erlotinib","X.129.uned","control"
"X-129.LCL161 + paclitaxel","X.129.uned","control"
"X-129.LGH447","X.129.uned","control"
"X-129.WNT974","X.129.uned","control"
"X-129.BKM120 + encorafenib","X.129.uned","control"
"X-129.dacarbazine","X.129.uned","control"
"X-129.encorafenib + binimetinib","X.129.uned","control"
"X-129.LDE225","X.129.uned","control"
"X-129.LDK378","X.129.uned","control"
"X-129.LEE011 + binimetinib","X.129.uned","control"
"X-129.LEE011 + encorafenib","X.129.uned","control"
"X-129.LGW813","X.129.uned","control"
"X-129.TAS266","X.129.uned","control"
"X-1303.BGJ398","X.1303.uned","control"
"X-1303.binimetinib","X.1303.uned","control"
"X-1303.binimetinib","X.1303.biib","treatment"
"X-1303.BKM120","X.1303.uned","control"
"X-1303.BKM120","X.1303.BK20","treatment"
"X-1303.BYL719","X.1303.uned","control"
"X-1303.BYL719","X.1303.BY19","treatment"
"X-1303.BYL719 + HSP990","X.1303.uned","control"
"X-1303.BYL719 + LJM716","X.1303.uned","control"
"X-1303.BYL719 + LJM716","X.1303.BY19.LJ16","treatment"
"X-1303.CLR457","X.1303.uned","control"
"X-1303.CLR457","X.1303.CL57","treatment"
"X-1303.everolimus","X.1303.uned","control"
"X-1303.figitumumab","X.1303.uned","control"
"X-1303.HDM201","X.1303.uned","control"
"X-1303.HDM201","X.1303.HD01","treatment"
"X-1303.HSP990","X.1303.uned","control"
"X-1303.INC280","X.1303.uned","control"
"X-1303.INC280 + trastuzumab","X.1303.uned","control"
"X-1303.LEE011","X.1303.uned","control"
"X-1303.LEE011","X.1303.LE11","treatment"
"X-1303.LEE011 + everolimus","X.1303.uned","control"
"X-1303.LJM716","X.1303.uned","control"
"X-1303.LJM716 + trastuzumab","X.1303.uned","control"
"X-1303.LLM871","X.1303.uned","control"
"X-1303.trastuzumab","X.1303.uned","control"
"X-1303.5FU","X.1303.uned","control"
"X-1303.5FU","X.1303.5FFU","treatment"
"X-1303.BKM120 + LJC049","X.1303.uned","control"
"X-1303.BYL719 + binimetinib","X.1303.uned","control"
"X-1303.BYL719 + binimetinib","X.1303.BY19.biib","treatment"
"X-1303.BYL719 + cetuximab","X.1303.uned","control"
"X-1303.BYL719 + cetuximab","X.1303.BY19.ceab","treatment"
"X-1303.BYL719 + cetuximab + encorafenib","X.1303.uned","control"
"X-1303.BYL719 + cetuximab + encorafenib","X.1303.BY19.ceab.enib","treatment"
"X-1303.BYL719 + encorafenib","X.1303.uned","control"
"X-1303.cetuximab","X.1303.uned","control"
"X-1303.cetuximab","X.1303.ceab","treatment"
"X-1303.cetuximab + encorafenib","X.1303.uned","control"
"X-1303.cetuximab + encorafenib","X.1303.ceab.enib","treatment"
"X-1303.CGM097","X.1303.uned","control"
"X-1303.CGM097","X.1303.CG97","treatment"
"X-1303.CKX620","X.1303.uned","control"
"X-1303.CKX620","X.1303.CK20","treatment"
"X-1303.encorafenib","X.1303.uned","control"
"X-1303.encorafenib","X.1303.enib","treatment"
"X-1303.LFW527 + binimetinib","X.1303.uned","control"
"X-1303.LFW527 + binimetinib","X.1303.LF27.biib","treatment"
"X-1303.LJC049","X.1303.uned","control"
"X-1303.LJC049","X.1303.LJ49","treatment"
"X-1303.LKA136","X.1303.uned","control"
"X-1303.LKA136","X.1303.LK36","treatment"
"X-1303.abraxane","X.1303.uned","control"
"X-1303.binimetinib-3.5mpk","X.1303.uned","control"
"X-1303.BKM120 + binimetinib","X.1303.uned","control"
"X-1303.BKM120 + LDE225","X.1303.uned","control"
"X-1303.figitumumab + binimetinib","X.1303.uned","control"
"X-1303.gemcitabine-50mpk","X.1303.uned","control"
"X-1303.INC424","X.1303.uned","control"
"X-1303.INC424 + binimetinib","X.1303.uned","control"
"X-1303.trametinib","X.1303.uned","control"
"X-1303.BYL719 + LEE011","X.1303.uned","control"
"X-1303.LFA102","X.1303.uned","control"
"X-1303.LFW527 + everolimus","X.1303.uned","control"
"X-1303.paclitaxel","X.1303.uned","control"
"X-1303.tamoxifen","X.1303.uned","control"
"X-1303.BYL719 + LGH447","X.1303.uned","control"
"X-1303.erlotinib","X.1303.uned","control"
"X-1303.LCL161 + paclitaxel","X.1303.uned","control"
"X-1303.LGH447","X.1303.uned","control"
"X-1303.WNT974","X.1303.uned","control"
"X-1303.BKM120 + encorafenib","X.1303.uned","control"
"X-1303.dacarbazine","X.1303.uned","control"
"X-1303.encorafenib + binimetinib","X.1303.uned","control"
"X-1303.LDE225","X.1303.uned","control"
"X-1303.LDK378","X.1303.uned","control"
"X-1303.LEE011 + binimetinib","X.1303.uned","control"
"X-1303.LEE011 + encorafenib","X.1303.uned","control"
"X-1303.LGW813","X.1303.uned","control"
"X-1303.TAS266","X.1303.uned","control"
"X-1310.LFW527 + binimetinib","X.1310.LF27.biib","treatment"
"X-1317.BGJ398","X.1317.uned","control"
"X-1317.binimetinib","X.1317.uned","control"
"X-1317.binimetinib","X.1317.biib","treatment"
"X-1317.BKM120","X.1317.uned","control"
"X-1317.BYL719","X.1317.uned","control"
"X-1317.BYL719 + HSP990","X.1317.uned","control"
"X-1317.BYL719 + LJM716","X.1317.uned","control"
"X-1317.CLR457","X.1317.uned","control"
"X-1317.everolimus","X.1317.uned","control"
"X-1317.figitumumab","X.1317.uned","control"
"X-1317.figitumumab","X.1317.fiab","treatment"
"X-1317.HDM201","X.1317.uned","control"
"X-1317.HSP990","X.1317.uned","control"
"X-1317.INC280","X.1317.uned","control"
"X-1317.INC280 + trastuzumab","X.1317.uned","control"
"X-1317.LEE011","X.1317.uned","control"
"X-1317.LEE011","X.1317.LE11","treatment"
"X-1317.LEE011 + everolimus","X.1317.uned","control"
"X-1317.LJM716","X.1317.uned","control"
"X-1317.LJM716 + trastuzumab","X.1317.uned","control"
"X-1317.LLM871","X.1317.uned","control"
"X-1317.trastuzumab","X.1317.uned","control"
"X-1317.5FU","X.1317.uned","control"
"X-1317.BKM120 + LJC049","X.1317.uned","control"
"X-1317.BYL719 + binimetinib","X.1317.uned","control"
"X-1317.BYL719 + cetuximab","X.1317.uned","control"
"X-1317.BYL719 + cetuximab + encorafenib","X.1317.uned","control"
"X-1317.BYL719 + encorafenib","X.1317.uned","control"
"X-1317.cetuximab","X.1317.uned","control"
"X-1317.cetuximab + encorafenib","X.1317.uned","control"
"X-1317.CGM097","X.1317.uned","control"
"X-1317.CKX620","X.1317.uned","control"
"X-1317.encorafenib","X.1317.uned","control"
"X-1317.LFW527 + binimetinib","X.1317.uned","control"
"X-1317.LJC049","X.1317.uned","control"
"X-1317.LKA136","X.1317.uned","control"
"X-1317.abraxane","X.1317.uned","control"
"X-1317.binimetinib-3.5mpk","X.1317.uned","control"
"X-1317.binimetinib-3.5mpk","X.1317.bipk","treatment"
"X-1317.BKM120 + binimetinib","X.1317.uned","control"
"X-1317.BKM120 + binimetinib","X.1317.BK20.biib","treatment"
"X-1317.BKM120 + LDE225","X.1317.uned","control"
"X-1317.BKM120 + LDE225","X.1317.BK20.LD25","treatment"
"X-1317.figitumumab + binimetinib","X.1317.uned","control"
"X-1317.gemcitabine-50mpk","X.1317.uned","control"
"X-1317.gemcitabine-50mpk","X.1317.gepk","treatment"
"X-1317.INC424","X.1317.uned","control"
"X-1317.INC424 + binimetinib","X.1317.uned","control"
"X-1317.INC424 + binimetinib","X.1317.IN24.biib","treatment"
"X-1317.trametinib","X.1317.uned","control"
"X-1317.BYL719 + LEE011","X.1317.uned","control"
"X-1317.LFA102","X.1317.uned","control"
"X-1317.LFW527 + everolimus","X.1317.uned","control"
"X-1317.paclitaxel","X.1317.uned","control"
"X-1317.tamoxifen","X.1317.uned","control"
"X-1317.BYL719 + LGH447","X.1317.uned","control"
"X-1317.erlotinib","X.1317.uned","control"
"X-1317.LCL161 + paclitaxel","X.1317.uned","control"
"X-1317.LGH447","X.1317.uned","control"
"X-1317.WNT974","X.1317.uned","control"
"X-1317.BKM120 + encorafenib","X.1317.uned","control"
"X-1317.dacarbazine","X.1317.uned","control"
"X-1317.encorafenib + binimetinib","X.1317.uned","control"
"X-1317.LDE225","X.1317.uned","control"
"X-1317.LDK378","X.1317.uned","control"
"X-1317.LEE011 + binimetinib","X.1317.uned","control"
"X-1317.LEE011 + encorafenib","X.1317.uned","control"
"X-1317.LGW813","X.1317.uned","control"
"X-1317.TAS266","X.1317.uned","control"
"X-131.BGJ398","X.131.BG98","treatment"
"X-131.binimetinib","X.131.biib","treatment"
"X-131.BKM120","X.131.BK20","treatment"
"X-131.BYL719","X.131.BY19","treatment"
"X-131.BYL719 + HSP990","X.131.BY19.HS90","treatment"
"X-131.BYL719 + LJM716","X.131.BY19.LJ16","treatment"
"X-131.CLR457","X.131.CL57","treatment"
"X-131.everolimus","X.131.evus","treatment"
"X-131.figitumumab","X.131.fiab","treatment"
"X-131.HDM201","X.131.HD01","treatment"
"X-131.HSP990","X.131.HS90","treatment"
"X-131.INC280","X.131.IN80","treatment"
"X-131.INC280 + trastuzumab","X.131.IN80.trab","treatment"
"X-131.LEE011","X.131.LE11","treatment"
"X-131.LEE011 + everolimus","X.131.LE11.evus","treatment"
"X-131.LJM716","X.131.LJ16","treatment"
"X-131.LJM716 + trastuzumab","X.131.LJ16.trab","treatment"
"X-131.LLM871","X.131.LL71","treatment"
"X-131.trastuzumab","X.131.trab","treatment"
"X-1323.BGJ398","X.1323.uned","control"
"X-1323.BGJ398","X.1323.BG98","treatment"
"X-1323.binimetinib","X.1323.uned","control"
"X-1323.binimetinib","X.1323.biib","treatment"
"X-1323.BKM120","X.1323.uned","control"
"X-1323.BKM120","X.1323.BK20","treatment"
"X-1323.BYL719","X.1323.uned","control"
"X-1323.BYL719","X.1323.BY19","treatment"
"X-1323.BYL719 + HSP990","X.1323.uned","control"
"X-1323.BYL719 + LJM716","X.1323.uned","control"
"X-1323.BYL719 + LJM716","X.1323.BY19.LJ16","treatment"
"X-1323.CLR457","X.1323.uned","control"
"X-1323.CLR457","X.1323.CL57","treatment"
"X-1323.everolimus","X.1323.uned","control"
"X-1323.figitumumab","X.1323.uned","control"
"X-1323.HDM201","X.1323.uned","control"
"X-1323.HDM201","X.1323.HD01","treatment"
"X-1323.HSP990","X.1323.uned","control"
"X-1323.HSP990","X.1323.HS90","treatment"
"X-1323.INC280","X.1323.uned","control"
"X-1323.INC280","X.1323.IN80","treatment"
"X-1323.INC280 + trastuzumab","X.1323.uned","control"
"X-1323.LEE011","X.1323.uned","control"
"X-1323.LEE011","X.1323.LE11","treatment"
"X-1323.LEE011 + everolimus","X.1323.uned","control"
"X-1323.LJM716","X.1323.uned","control"
"X-1323.LJM716 + trastuzumab","X.1323.uned","control"
"X-1323.LLM871","X.1323.uned","control"
"X-1323.LLM871","X.1323.LL71","treatment"
"X-1323.trastuzumab","X.1323.uned","control"
"X-1323.5FU","X.1323.uned","control"
"X-1323.BKM120 + LJC049","X.1323.uned","control"
"X-1323.BYL719 + binimetinib","X.1323.uned","control"
"X-1323.BYL719 + cetuximab","X.1323.uned","control"
"X-1323.BYL719 + cetuximab + encorafenib","X.1323.uned","control"
"X-1323.BYL719 + encorafenib","X.1323.uned","control"
"X-1323.cetuximab","X.1323.uned","control"
"X-1323.cetuximab","X.1323.ceab","treatment"
"X-1323.cetuximab + encorafenib","X.1323.uned","control"
"X-1323.CGM097","X.1323.uned","control"
"X-1323.CGM097","X.1323.CG97","treatment"
"X-1323.CKX620","X.1323.uned","control"
"X-1323.CKX620","X.1323.CK20","treatment"
"X-1323.encorafenib","X.1323.uned","control"
"X-1323.LFW527 + binimetinib","X.1323.uned","control"
"X-1323.LFW527 + binimetinib","X.1323.LF27.biib","treatment"
"X-1323.LJC049","X.1323.uned","control"
"X-1323.LKA136","X.1323.uned","control"
"X-1323.abraxane","X.1323.uned","control"
"X-1323.binimetinib-3.5mpk","X.1323.uned","control"
"X-1323.BKM120 + binimetinib","X.1323.uned","control"
"X-1323.BKM120 + binimetinib","X.1323.BK20.biib","treatment"
"X-1323.BKM120 + LDE225","X.1323.uned","control"
"X-1323.figitumumab + binimetinib","X.1323.uned","control"
"X-1323.gemcitabine-50mpk","X.1323.uned","control"
"X-1323.INC424","X.1323.uned","control"
"X-1323.INC424 + binimetinib","X.1323.uned","control"
"X-1323.trametinib","X.1323.uned","control"
"X-1323.BYL719 + LEE011","X.1323.uned","control"
"X-1323.LFA102","X.1323.uned","control"
"X-1323.LFW527 + everolimus","X.1323.uned","control"
"X-1323.paclitaxel","X.1323.uned","control"
"X-1323.paclitaxel","X.1323.pael","treatment"
"X-1323.tamoxifen","X.1323.uned","control"
"X-1323.BYL719 + LGH447","X.1323.uned","control"
"X-1323.BYL719 + LGH447","X.1323.BY19.LG47","treatment"
"X-1323.erlotinib","X.1323.uned","control"
"X-1323.erlotinib","X.1323.erib","treatment"
"X-1323.LCL161 + paclitaxel","X.1323.uned","control"
"X-1323.LCL161 + paclitaxel","X.1323.LC61.pael","treatment"
"X-1323.LGH447","X.1323.uned","control"
"X-1323.LGH447","X.1323.LG47","treatment"
"X-1323.WNT974","X.1323.uned","control"
"X-1323.BKM120 + encorafenib","X.1323.uned","control"
"X-1323.dacarbazine","X.1323.uned","control"
"X-1323.encorafenib + binimetinib","X.1323.uned","control"
"X-1323.LDE225","X.1323.uned","control"
"X-1323.LDK378","X.1323.uned","control"
"X-1323.LEE011 + binimetinib","X.1323.uned","control"
"X-1323.LEE011 + encorafenib","X.1323.uned","control"
"X-1323.LGW813","X.1323.uned","control"
"X-1323.TAS266","X.1323.uned","control"
"X-1329.BGJ398","X.1329.uned","control"
"X-1329.binimetinib","X.1329.uned","control"
"X-1329.binimetinib","X.1329.biib","treatment"
"X-1329.BKM120","X.1329.uned","control"
"X-1329.BKM120","X.1329.BK20","treatment"
"X-1329.BYL719","X.1329.uned","control"
"X-1329.BYL719","X.1329.BY19","treatment"
"X-1329.BYL719 + HSP990","X.1329.uned","control"
"X-1329.BYL719 + LJM716","X.1329.uned","control"
"X-1329.BYL719 + LJM716","X.1329.BY19.LJ16","treatment"
"X-1329.CLR457","X.1329.uned","control"
"X-1329.CLR457","X.1329.CL57","treatment"
"X-1329.everolimus","X.1329.uned","control"
"X-1329.figitumumab","X.1329.uned","control"
"X-1329.HDM201","X.1329.uned","control"
"X-1329.HDM201","X.1329.HD01","treatment"
"X-1329.HSP990","X.1329.uned","control"
"X-1329.INC280","X.1329.uned","control"
"X-1329.INC280 + trastuzumab","X.1329.uned","control"
"X-1329.LEE011","X.1329.uned","control"
"X-1329.LEE011","X.1329.LE11","treatment"
"X-1329.LEE011 + everolimus","X.1329.uned","control"
"X-1329.LJM716","X.1329.uned","control"
"X-1329.LJM716 + trastuzumab","X.1329.uned","control"
"X-1329.LLM871","X.1329.uned","control"
"X-1329.trastuzumab","X.1329.uned","control"
"X-1329.5FU","X.1329.uned","control"
"X-1329.5FU","X.1329.5FFU","treatment"
"X-1329.BKM120 + LJC049","X.1329.uned","control"
"X-1329.BKM120 + LJC049","X.1329.BK20.LJ49","treatment"
"X-1329.BYL719 + binimetinib","X.1329.uned","control"
"X-1329.BYL719 + binimetinib","X.1329.BY19.biib","treatment"
"X-1329.BYL719 + cetuximab","X.1329.uned","control"
"X-1329.BYL719 + cetuximab","X.1329.BY19.ceab","treatment"
"X-1329.BYL719 + cetuximab + encorafenib","X.1329.uned","control"
"X-1329.BYL719 + cetuximab + encorafenib","X.1329.BY19.ceab.enib","treatment"
"X-1329.BYL719 + encorafenib","X.1329.uned","control"
"X-1329.BYL719 + encorafenib","X.1329.BY19.enib","treatment"
"X-1329.cetuximab","X.1329.uned","control"
"X-1329.cetuximab","X.1329.ceab","treatment"
"X-1329.cetuximab + encorafenib","X.1329.uned","control"
"X-1329.cetuximab + encorafenib","X.1329.ceab.enib","treatment"
"X-1329.CGM097","X.1329.uned","control"
"X-1329.CGM097","X.1329.CG97","treatment"
"X-1329.CKX620","X.1329.uned","control"
"X-1329.CKX620","X.1329.CK20","treatment"
"X-1329.encorafenib","X.1329.uned","control"
"X-1329.encorafenib","X.1329.enib","treatment"
"X-1329.LFW527 + binimetinib","X.1329.uned","control"
"X-1329.LFW527 + binimetinib","X.1329.LF27.biib","treatment"
"X-1329.LJC049","X.1329.uned","control"
"X-1329.LJC049","X.1329.LJ49","treatment"
"X-1329.LKA136","X.1329.uned","control"
"X-1329.LKA136","X.1329.LK36","treatment"
"X-1329.abraxane","X.1329.uned","control"
"X-1329.binimetinib-3.5mpk","X.1329.uned","control"
"X-1329.BKM120 + binimetinib","X.1329.uned","control"
"X-1329.BKM120 + LDE225","X.1329.uned","control"
"X-1329.figitumumab + binimetinib","X.1329.uned","control"
"X-1329.gemcitabine-50mpk","X.1329.uned","control"
"X-1329.INC424","X.1329.uned","control"
"X-1329.INC424 + binimetinib","X.1329.uned","control"
"X-1329.trametinib","X.1329.uned","control"
"X-1329.BYL719 + LEE011","X.1329.uned","control"
"X-1329.LFA102","X.1329.uned","control"
"X-1329.LFW527 + everolimus","X.1329.uned","control"
"X-1329.paclitaxel","X.1329.uned","control"
"X-1329.tamoxifen","X.1329.uned","control"
"X-1329.BYL719 + LGH447","X.1329.uned","control"
"X-1329.erlotinib","X.1329.uned","control"
"X-1329.LCL161 + paclitaxel","X.1329.uned","control"
"X-1329.LGH447","X.1329.uned","control"
"X-1329.WNT974","X.1329.uned","control"
"X-1329.BKM120 + encorafenib","X.1329.uned","control"
"X-1329.dacarbazine","X.1329.uned","control"
"X-1329.encorafenib + binimetinib","X.1329.uned","control"
"X-1329.LDE225","X.1329.uned","control"
"X-1329.LDK378","X.1329.uned","control"
"X-1329.LEE011 + binimetinib","X.1329.uned","control"
"X-1329.LEE011 + encorafenib","X.1329.uned","control"
"X-1329.LGW813","X.1329.uned","control"
"X-1329.TAS266","X.1329.uned","control"
"X-1333.LFW527 + binimetinib","X.1333.LF27.biib","treatment"
"X-1349.LFW527 + everolimus","X.1349.LF27.evus","treatment"
"X-135.BGJ398","X.135.uned","control"
"X-135.binimetinib","X.135.uned","control"
"X-135.BKM120","X.135.uned","control"
"X-135.BYL719","X.135.uned","control"
"X-135.BYL719","X.135.BY19","treatment"
"X-135.BYL719 + HSP990","X.135.uned","control"
"X-135.BYL719 + HSP990","X.135.BY19.HS90","treatment"
"X-135.BYL719 + LJM716","X.135.uned","control"
"X-135.BYL719 + LJM716","X.135.BY19.LJ16","treatment"
"X-135.CLR457","X.135.uned","control"
"X-135.everolimus","X.135.uned","control"
"X-135.everolimus","X.135.evus","treatment"
"X-135.figitumumab","X.135.uned","control"
"X-135.HDM201","X.135.uned","control"
"X-135.HSP990","X.135.uned","control"
"X-135.HSP990","X.135.HS90","treatment"
"X-135.INC280","X.135.uned","control"
"X-135.INC280 + trastuzumab","X.135.uned","control"
"X-135.LEE011","X.135.uned","control"
"X-135.LEE011","X.135.LE11","treatment"
"X-135.LEE011 + everolimus","X.135.uned","control"
"X-135.LEE011 + everolimus","X.135.LE11.evus","treatment"
"X-135.LJM716","X.135.uned","control"
"X-135.LJM716","X.135.LJ16","treatment"
"X-135.LJM716 + trastuzumab","X.135.uned","control"
"X-135.LLM871","X.135.uned","control"
"X-135.trastuzumab","X.135.uned","control"
"X-135.5FU","X.135.uned","control"
"X-135.BKM120 + LJC049","X.135.uned","control"
"X-135.BYL719 + binimetinib","X.135.uned","control"
"X-135.BYL719 + cetuximab","X.135.uned","control"
"X-135.BYL719 + cetuximab + encorafenib","X.135.uned","control"
"X-135.BYL719 + encorafenib","X.135.uned","control"
"X-135.cetuximab","X.135.uned","control"
"X-135.cetuximab + encorafenib","X.135.uned","control"
"X-135.CGM097","X.135.uned","control"
"X-135.CKX620","X.135.uned","control"
"X-135.encorafenib","X.135.uned","control"
"X-135.LFW527 + binimetinib","X.135.uned","control"
"X-135.LJC049","X.135.uned","control"
"X-135.LKA136","X.135.uned","control"
"X-135.abraxane","X.135.uned","control"
"X-135.binimetinib-3.5mpk","X.135.uned","control"
"X-135.BKM120 + binimetinib","X.135.uned","control"
"X-135.BKM120 + LDE225","X.135.uned","control"
"X-135.figitumumab + binimetinib","X.135.uned","control"
"X-135.gemcitabine-50mpk","X.135.uned","control"
"X-135.INC424","X.135.uned","control"
"X-135.INC424 + binimetinib","X.135.uned","control"
"X-135.trametinib","X.135.uned","control"
"X-135.BYL719 + LEE011","X.135.uned","control"
"X-135.LFA102","X.135.uned","control"
"X-135.LFW527 + everolimus","X.135.uned","control"
"X-135.paclitaxel","X.135.uned","control"
"X-135.tamoxifen","X.135.uned","control"
"X-135.BYL719 + LGH447","X.135.uned","control"
"X-135.erlotinib","X.135.uned","control"
"X-135.LCL161 + paclitaxel","X.135.uned","control"
"X-135.LGH447","X.135.uned","control"
"X-135.WNT974","X.135.uned","control"
"X-135.BKM120 + encorafenib","X.135.uned","control"
"X-135.dacarbazine","X.135.uned","control"
"X-135.encorafenib + binimetinib","X.135.uned","control"
"X-135.LDE225","X.135.uned","control"
"X-135.LDK378","X.135.uned","control"
"X-135.LEE011 + binimetinib","X.135.uned","control"
"X-135.LEE011 + encorafenib","X.135.uned","control"
"X-135.LGW813","X.135.uned","control"
"X-135.TAS266","X.135.uned","control"
"X-1362.BGJ398","X.1362.uned","control"
"X-1362.binimetinib","X.1362.uned","control"
"X-1362.binimetinib","X.1362.biib","treatment"
"X-1362.BKM120","X.1362.uned","control"
"X-1362.BKM120","X.1362.BK20","treatment"
"X-1362.BYL719","X.1362.uned","control"
"X-1362.BYL719","X.1362.BY19","treatment"
"X-1362.BYL719 + HSP990","X.1362.uned","control"
"X-1362.BYL719 + LJM716","X.1362.uned","control"
"X-1362.BYL719 + LJM716","X.1362.BY19.LJ16","treatment"
"X-1362.CLR457","X.1362.uned","control"
"X-1362.CLR457","X.1362.CL57","treatment"
"X-1362.everolimus","X.1362.uned","control"
"X-1362.figitumumab","X.1362.uned","control"
"X-1362.figitumumab","X.1362.fiab","treatment"
"X-1362.HDM201","X.1362.uned","control"
"X-1362.HDM201","X.1362.HD01","treatment"
"X-1362.HSP990","X.1362.uned","control"
"X-1362.INC280","X.1362.uned","control"
"X-1362.INC280 + trastuzumab","X.1362.uned","control"
"X-1362.LEE011","X.1362.uned","control"
"X-1362.LEE011","X.1362.LE11","treatment"
"X-1362.LEE011 + everolimus","X.1362.uned","control"
"X-1362.LJM716","X.1362.uned","control"
"X-1362.LJM716 + trastuzumab","X.1362.uned","control"
"X-1362.LLM871","X.1362.uned","control"
"X-1362.trastuzumab","X.1362.uned","control"
"X-1362.5FU","X.1362.uned","control"
"X-1362.BKM120 + LJC049","X.1362.uned","control"
"X-1362.BYL719 + binimetinib","X.1362.uned","control"
"X-1362.BYL719 + cetuximab","X.1362.uned","control"
"X-1362.BYL719 + cetuximab + encorafenib","X.1362.uned","control"
"X-1362.BYL719 + encorafenib","X.1362.uned","control"
"X-1362.cetuximab","X.1362.uned","control"
"X-1362.cetuximab + encorafenib","X.1362.uned","control"
"X-1362.CGM097","X.1362.uned","control"
"X-1362.CKX620","X.1362.uned","control"
"X-1362.encorafenib","X.1362.uned","control"
"X-1362.LFW527 + binimetinib","X.1362.uned","control"
"X-1362.LJC049","X.1362.uned","control"
"X-1362.LKA136","X.1362.uned","control"
"X-1362.LKA136","X.1362.LK36","treatment"
"X-1362.abraxane","X.1362.uned","control"
"X-1362.abraxane","X.1362.abne","treatment"
"X-1362.binimetinib-3.5mpk","X.1362.uned","control"
"X-1362.binimetinib-3.5mpk","X.1362.bipk","treatment"
"X-1362.BKM120 + binimetinib","X.1362.uned","control"
"X-1362.BKM120 + binimetinib","X.1362.BK20.biib","treatment"
"X-1362.BKM120 + LDE225","X.1362.uned","control"
"X-1362.BKM120 + LDE225","X.1362.BK20.LD25","treatment"
"X-1362.figitumumab + binimetinib","X.1362.uned","control"
"X-1362.figitumumab + binimetinib","X.1362.fiab.biib","treatment"
"X-1362.gemcitabine-50mpk","X.1362.uned","control"
"X-1362.gemcitabine-50mpk","X.1362.gepk","treatment"
"X-1362.INC424","X.1362.uned","control"
"X-1362.INC424","X.1362.IN24","treatment"
"X-1362.INC424 + binimetinib","X.1362.uned","control"
"X-1362.INC424 + binimetinib","X.1362.IN24.biib","treatment"
"X-1362.trametinib","X.1362.uned","control"
"X-1362.trametinib","X.1362.trib","treatment"
"X-1362.BYL719 + LEE011","X.1362.uned","control"
"X-1362.LFA102","X.1362.uned","control"
"X-1362.LFW527 + everolimus","X.1362.uned","control"
"X-1362.paclitaxel","X.1362.uned","control"
"X-1362.tamoxifen","X.1362.uned","control"
"X-1362.BYL719 + LGH447","X.1362.uned","control"
"X-1362.erlotinib","X.1362.uned","control"
"X-1362.LCL161 + paclitaxel","X.1362.uned","control"
"X-1362.LGH447","X.1362.uned","control"
"X-1362.WNT974","X.1362.uned","control"
"X-1362.WNT974","X.1362.WN74","treatment"
"X-1362.BKM120 + encorafenib","X.1362.uned","control"
"X-1362.dacarbazine","X.1362.uned","control"
"X-1362.encorafenib + binimetinib","X.1362.uned","control"
"X-1362.LDE225","X.1362.uned","control"
"X-1362.LDK378","X.1362.uned","control"
"X-1362.LEE011 + binimetinib","X.1362.uned","control"
"X-1362.LEE011 + encorafenib","X.1362.uned","control"
"X-1362.LGW813","X.1362.uned","control"
"X-1362.TAS266","X.1362.uned","control"
"X-136.BGJ398","X.136.uned","control"
"X-136.binimetinib","X.136.uned","control"
"X-136.BKM120","X.136.uned","control"
"X-136.BYL719","X.136.uned","control"
"X-136.BYL719","X.136.BY19","treatment"
"X-136.BYL719 + HSP990","X.136.uned","control"
"X-136.BYL719 + HSP990","X.136.BY19.HS90","treatment"
"X-136.BYL719 + LJM716","X.136.uned","control"
"X-136.BYL719 + LJM716","X.136.BY19.LJ16","treatment"
"X-136.CLR457","X.136.uned","control"
"X-136.everolimus","X.136.uned","control"
"X-136.everolimus","X.136.evus","treatment"
"X-136.figitumumab","X.136.uned","control"
"X-136.HDM201","X.136.uned","control"
"X-136.HSP990","X.136.uned","control"
"X-136.HSP990","X.136.HS90","treatment"
"X-136.INC280","X.136.uned","control"
"X-136.INC280 + trastuzumab","X.136.uned","control"
"X-136.LEE011","X.136.uned","control"
"X-136.LEE011","X.136.LE11","treatment"
"X-136.LEE011 + everolimus","X.136.uned","control"
"X-136.LEE011 + everolimus","X.136.LE11.evus","treatment"
"X-136.LJM716","X.136.uned","control"
"X-136.LJM716","X.136.LJ16","treatment"
"X-136.LJM716 + trastuzumab","X.136.uned","control"
"X-136.LLM871","X.136.uned","control"
"X-136.trastuzumab","X.136.uned","control"
"X-136.5FU","X.136.uned","control"
"X-136.BKM120 + LJC049","X.136.uned","control"
"X-136.BYL719 + binimetinib","X.136.uned","control"
"X-136.BYL719 + cetuximab","X.136.uned","control"
"X-136.BYL719 + cetuximab + encorafenib","X.136.uned","control"
"X-136.BYL719 + encorafenib","X.136.uned","control"
"X-136.cetuximab","X.136.uned","control"
"X-136.cetuximab + encorafenib","X.136.uned","control"
"X-136.CGM097","X.136.uned","control"
"X-136.CKX620","X.136.uned","control"
"X-136.encorafenib","X.136.uned","control"
"X-136.LFW527 + binimetinib","X.136.uned","control"
"X-136.LJC049","X.136.uned","control"
"X-136.LKA136","X.136.uned","control"
"X-136.abraxane","X.136.uned","control"
"X-136.binimetinib-3.5mpk","X.136.uned","control"
"X-136.BKM120 + binimetinib","X.136.uned","control"
"X-136.BKM120 + LDE225","X.136.uned","control"
"X-136.figitumumab + binimetinib","X.136.uned","control"
"X-136.gemcitabine-50mpk","X.136.uned","control"
"X-136.INC424","X.136.uned","control"
"X-136.INC424 + binimetinib","X.136.uned","control"
"X-136.trametinib","X.136.uned","control"
"X-136.BYL719 + LEE011","X.136.uned","control"
"X-136.LFA102","X.136.uned","control"
"X-136.LFW527 + everolimus","X.136.uned","control"
"X-136.paclitaxel","X.136.uned","control"
"X-136.tamoxifen","X.136.uned","control"
"X-136.BYL719 + LGH447","X.136.uned","control"
"X-136.erlotinib","X.136.uned","control"
"X-136.LCL161 + paclitaxel","X.136.uned","control"
"X-136.LGH447","X.136.uned","control"
"X-136.WNT974","X.136.uned","control"
"X-136.BKM120 + encorafenib","X.136.uned","control"
"X-136.dacarbazine","X.136.uned","control"
"X-136.encorafenib + binimetinib","X.136.uned","control"
"X-136.LDE225","X.136.uned","control"
"X-136.LDK378","X.136.uned","control"
"X-136.LEE011 + binimetinib","X.136.uned","control"
"X-136.LEE011 + encorafenib","X.136.uned","control"
"X-136.LGW813","X.136.uned","control"
"X-136.TAS266","X.136.uned","control"
"X-1371.BGJ398","X.1371.uned","control"
"X-1371.BGJ398","X.1371.BG98","treatment"
"X-1371.binimetinib","X.1371.uned","control"
"X-1371.binimetinib","X.1371.biib","treatment"
"X-1371.BKM120","X.1371.uned","control"
"X-1371.BKM120","X.1371.BK20","treatment"
"X-1371.BYL719","X.1371.uned","control"
"X-1371.BYL719","X.1371.BY19","treatment"
"X-1371.BYL719 + HSP990","X.1371.uned","control"
"X-1371.BYL719 + LJM716","X.1371.uned","control"
"X-1371.BYL719 + LJM716","X.1371.BY19.LJ16","treatment"
"X-1371.CLR457","X.1371.uned","control"
"X-1371.CLR457","X.1371.CL57","treatment"
"X-1371.everolimus","X.1371.uned","control"
"X-1371.figitumumab","X.1371.uned","control"
"X-1371.HDM201","X.1371.uned","control"
"X-1371.HDM201","X.1371.HD01","treatment"
"X-1371.HSP990","X.1371.uned","control"
"X-1371.INC280","X.1371.uned","control"
"X-1371.INC280 + trastuzumab","X.1371.uned","control"
"X-1371.LEE011","X.1371.uned","control"
"X-1371.LEE011","X.1371.LE11","treatment"
"X-1371.LEE011 + everolimus","X.1371.uned","control"
"X-1371.LJM716","X.1371.uned","control"
"X-1371.LJM716","X.1371.LJ16","treatment"
"X-1371.LJM716 + trastuzumab","X.1371.uned","control"
"X-1371.LJM716 + trastuzumab","X.1371.LJ16.trab","treatment"
"X-1371.LLM871","X.1371.uned","control"
"X-1371.LLM871","X.1371.LL71","treatment"
"X-1371.trastuzumab","X.1371.uned","control"
"X-1371.trastuzumab","X.1371.trab","treatment"
"X-1371.5FU","X.1371.uned","control"
"X-1371.BKM120 + LJC049","X.1371.uned","control"
"X-1371.BYL719 + binimetinib","X.1371.uned","control"
"X-1371.BYL719 + cetuximab","X.1371.uned","control"
"X-1371.BYL719 + cetuximab + encorafenib","X.1371.uned","control"
"X-1371.BYL719 + encorafenib","X.1371.uned","control"
"X-1371.cetuximab","X.1371.uned","control"
"X-1371.cetuximab + encorafenib","X.1371.uned","control"
"X-1371.CGM097","X.1371.uned","control"
"X-1371.CGM097","X.1371.CG97","treatment"
"X-1371.CKX620","X.1371.uned","control"
"X-1371.encorafenib","X.1371.uned","control"
"X-1371.LFW527 + binimetinib","X.1371.uned","control"
"X-1371.LJC049","X.1371.uned","control"
"X-1371.LKA136","X.1371.uned","control"
"X-1371.LKA136","X.1371.LK36","treatment"
"X-1371.abraxane","X.1371.uned","control"
"X-1371.binimetinib-3.5mpk","X.1371.uned","control"
"X-1371.BKM120 + binimetinib","X.1371.uned","control"
"X-1371.BKM120 + LDE225","X.1371.uned","control"
"X-1371.figitumumab + binimetinib","X.1371.uned","control"
"X-1371.gemcitabine-50mpk","X.1371.uned","control"
"X-1371.INC424","X.1371.uned","control"
"X-1371.INC424","X.1371.IN24","treatment"
"X-1371.INC424 + binimetinib","X.1371.uned","control"
"X-1371.trametinib","X.1371.uned","control"
"X-1371.BYL719 + LEE011","X.1371.uned","control"
"X-1371.BYL719 + LEE011","X.1371.BY19.LE11","treatment"
"X-1371.LFA102","X.1371.uned","control"
"X-1371.LFA102","X.1371.LF02","treatment"
"X-1371.LFW527 + everolimus","X.1371.uned","control"
"X-1371.LFW527 + everolimus","X.1371.LF27.evus","treatment"
"X-1371.paclitaxel","X.1371.uned","control"
"X-1371.paclitaxel","X.1371.pael","treatment"
"X-1371.tamoxifen","X.1371.uned","control"
"X-1371.tamoxifen","X.1371.taen","treatment"
"X-1371.BYL719 + LGH447","X.1371.uned","control"
"X-1371.erlotinib","X.1371.uned","control"
"X-1371.LCL161 + paclitaxel","X.1371.uned","control"
"X-1371.LGH447","X.1371.uned","control"
"X-1371.WNT974","X.1371.uned","control"
"X-1371.BKM120 + encorafenib","X.1371.uned","control"
"X-1371.dacarbazine","X.1371.uned","control"
"X-1371.encorafenib + binimetinib","X.1371.uned","control"
"X-1371.LDE225","X.1371.uned","control"
"X-1371.LDK378","X.1371.uned","control"
"X-1371.LEE011 + binimetinib","X.1371.uned","control"
"X-1371.LEE011 + encorafenib","X.1371.uned","control"
"X-1371.LGW813","X.1371.uned","control"
"X-1371.TAS266","X.1371.uned","control"
"X-137.BGJ398","X.137.uned","control"
"X-137.binimetinib","X.137.uned","control"
"X-137.BKM120","X.137.uned","control"
"X-137.BYL719","X.137.uned","control"
"X-137.BYL719","X.137.BY19","treatment"
"X-137.BYL719 + HSP990","X.137.uned","control"
"X-137.BYL719 + HSP990","X.137.BY19.HS90","treatment"
"X-137.BYL719 + LJM716","X.137.uned","control"
"X-137.BYL719 + LJM716","X.137.BY19.LJ16","treatment"
"X-137.CLR457","X.137.uned","control"
"X-137.everolimus","X.137.uned","control"
"X-137.everolimus","X.137.evus","treatment"
"X-137.figitumumab","X.137.uned","control"
"X-137.HDM201","X.137.uned","control"
"X-137.HSP990","X.137.uned","control"
"X-137.HSP990","X.137.HS90","treatment"
"X-137.INC280","X.137.uned","control"
"X-137.INC280 + trastuzumab","X.137.uned","control"
"X-137.LEE011","X.137.uned","control"
"X-137.LEE011","X.137.LE11","treatment"
"X-137.LEE011 + everolimus","X.137.uned","control"
"X-137.LEE011 + everolimus","X.137.LE11.evus","treatment"
"X-137.LJM716","X.137.uned","control"
"X-137.LJM716","X.137.LJ16","treatment"
"X-137.LJM716 + trastuzumab","X.137.uned","control"
"X-137.LLM871","X.137.uned","control"
"X-137.trastuzumab","X.137.uned","control"
"X-137.5FU","X.137.uned","control"
"X-137.BKM120 + LJC049","X.137.uned","control"
"X-137.BYL719 + binimetinib","X.137.uned","control"
"X-137.BYL719 + cetuximab","X.137.uned","control"
"X-137.BYL719 + cetuximab + encorafenib","X.137.uned","control"
"X-137.BYL719 + encorafenib","X.137.uned","control"
"X-137.cetuximab","X.137.uned","control"
"X-137.cetuximab + encorafenib","X.137.uned","control"
"X-137.CGM097","X.137.uned","control"
"X-137.CKX620","X.137.uned","control"
"X-137.encorafenib","X.137.uned","control"
"X-137.LFW527 + binimetinib","X.137.uned","control"
"X-137.LJC049","X.137.uned","control"
"X-137.LKA136","X.137.uned","control"
"X-137.abraxane","X.137.uned","control"
"X-137.binimetinib-3.5mpk","X.137.uned","control"
"X-137.BKM120 + binimetinib","X.137.uned","control"
"X-137.BKM120 + LDE225","X.137.uned","control"
"X-137.figitumumab + binimetinib","X.137.uned","control"
"X-137.gemcitabine-50mpk","X.137.uned","control"
"X-137.INC424","X.137.uned","control"
"X-137.INC424 + binimetinib","X.137.uned","control"
"X-137.trametinib","X.137.uned","control"
"X-137.BYL719 + LEE011","X.137.uned","control"
"X-137.LFA102","X.137.uned","control"
"X-137.LFW527 + everolimus","X.137.uned","control"
"X-137.paclitaxel","X.137.uned","control"
"X-137.tamoxifen","X.137.uned","control"
"X-137.BYL719 + LGH447","X.137.uned","control"
"X-137.erlotinib","X.137.uned","control"
"X-137.LCL161 + paclitaxel","X.137.uned","control"
"X-137.LGH447","X.137.uned","control"
"X-137.WNT974","X.137.uned","control"
"X-137.BKM120 + encorafenib","X.137.uned","control"
"X-137.dacarbazine","X.137.uned","control"
"X-137.encorafenib + binimetinib","X.137.uned","control"
"X-137.LDE225","X.137.uned","control"
"X-137.LDK378","X.137.uned","control"
"X-137.LEE011 + binimetinib","X.137.uned","control"
"X-137.LEE011 + encorafenib","X.137.uned","control"
"X-137.LGW813","X.137.uned","control"
"X-137.TAS266","X.137.uned","control"
"X-1383.BGJ398","X.1383.uned","control"
"X-1383.BGJ398","X.1383.BG98","treatment"
"X-1383.binimetinib","X.1383.uned","control"
"X-1383.binimetinib","X.1383.biib","treatment"
"X-1383.BKM120","X.1383.uned","control"
"X-1383.BKM120","X.1383.BK20","treatment"
"X-1383.BYL719","X.1383.uned","control"
"X-1383.BYL719","X.1383.BY19","treatment"
"X-1383.BYL719 + HSP990","X.1383.uned","control"
"X-1383.BYL719 + LJM716","X.1383.uned","control"
"X-1383.BYL719 + LJM716","X.1383.BY19.LJ16","treatment"
"X-1383.CLR457","X.1383.uned","control"
"X-1383.CLR457","X.1383.CL57","treatment"
"X-1383.everolimus","X.1383.uned","control"
"X-1383.figitumumab","X.1383.uned","control"
"X-1383.HDM201","X.1383.uned","control"
"X-1383.HDM201","X.1383.HD01","treatment"
"X-1383.HSP990","X.1383.uned","control"
"X-1383.INC280","X.1383.uned","control"
"X-1383.INC280 + trastuzumab","X.1383.uned","control"
"X-1383.LEE011","X.1383.uned","control"
"X-1383.LEE011","X.1383.LE11","treatment"
"X-1383.LEE011 + everolimus","X.1383.uned","control"
"X-1383.LEE011 + everolimus","X.1383.LE11.evus","treatment"
"X-1383.LJM716","X.1383.uned","control"
"X-1383.LJM716","X.1383.LJ16","treatment"
"X-1383.LJM716 + trastuzumab","X.1383.uned","control"
"X-1383.LJM716 + trastuzumab","X.1383.LJ16.trab","treatment"
"X-1383.LLM871","X.1383.uned","control"
"X-1383.LLM871","X.1383.LL71","treatment"
"X-1383.trastuzumab","X.1383.uned","control"
"X-1383.trastuzumab","X.1383.trab","treatment"
"X-1383.5FU","X.1383.uned","control"
"X-1383.BKM120 + LJC049","X.1383.uned","control"
"X-1383.BYL719 + binimetinib","X.1383.uned","control"
"X-1383.BYL719 + cetuximab","X.1383.uned","control"
"X-1383.BYL719 + cetuximab + encorafenib","X.1383.uned","control"
"X-1383.BYL719 + encorafenib","X.1383.uned","control"
"X-1383.cetuximab","X.1383.uned","control"
"X-1383.cetuximab + encorafenib","X.1383.uned","control"
"X-1383.CGM097","X.1383.uned","control"
"X-1383.CGM097","X.1383.CG97","treatment"
"X-1383.CKX620","X.1383.uned","control"
"X-1383.encorafenib","X.1383.uned","control"
"X-1383.LFW527 + binimetinib","X.1383.uned","control"
"X-1383.LJC049","X.1383.uned","control"
"X-1383.LKA136","X.1383.uned","control"
"X-1383.LKA136","X.1383.LK36","treatment"
"X-1383.abraxane","X.1383.uned","control"
"X-1383.binimetinib-3.5mpk","X.1383.uned","control"
"X-1383.BKM120 + binimetinib","X.1383.uned","control"
"X-1383.BKM120 + LDE225","X.1383.uned","control"
"X-1383.figitumumab + binimetinib","X.1383.uned","control"
"X-1383.gemcitabine-50mpk","X.1383.uned","control"
"X-1383.INC424","X.1383.uned","control"
"X-1383.INC424","X.1383.IN24","treatment"
"X-1383.INC424 + binimetinib","X.1383.uned","control"
"X-1383.trametinib","X.1383.uned","control"
"X-1383.BYL719 + LEE011","X.1383.uned","control"
"X-1383.BYL719 + LEE011","X.1383.BY19.LE11","treatment"
"X-1383.LFA102","X.1383.uned","control"
"X-1383.LFA102","X.1383.LF02","treatment"
"X-1383.LFW527 + everolimus","X.1383.uned","control"
"X-1383.LFW527 + everolimus","X.1383.LF27.evus","treatment"
"X-1383.paclitaxel","X.1383.uned","control"
"X-1383.paclitaxel","X.1383.pael","treatment"
"X-1383.tamoxifen","X.1383.uned","control"
"X-1383.tamoxifen","X.1383.taen","treatment"
"X-1383.BYL719 + LGH447","X.1383.uned","control"
"X-1383.erlotinib","X.1383.uned","control"
"X-1383.LCL161 + paclitaxel","X.1383.uned","control"
"X-1383.LGH447","X.1383.uned","control"
"X-1383.WNT974","X.1383.uned","control"
"X-1383.BKM120 + encorafenib","X.1383.uned","control"
"X-1383.dacarbazine","X.1383.uned","control"
"X-1383.encorafenib + binimetinib","X.1383.uned","control"
"X-1383.LDE225","X.1383.uned","control"
"X-1383.LDK378","X.1383.uned","control"
"X-1383.LEE011 + binimetinib","X.1383.uned","control"
"X-1383.LEE011 + encorafenib","X.1383.uned","control"
"X-1383.LGW813","X.1383.uned","control"
"X-1383.TAS266","X.1383.uned","control"
"X-138.BGJ398","X.138.BG98","treatment"
"X-138.binimetinib","X.138.biib","treatment"
"X-138.BKM120","X.138.BK20","treatment"
"X-138.BYL719","X.138.BY19","treatment"
"X-138.BYL719 + HSP990","X.138.BY19.HS90","treatment"
"X-138.BYL719 + LJM716","X.138.BY19.LJ16","treatment"
"X-138.CLR457","X.138.CL57","treatment"
"X-138.everolimus","X.138.evus","treatment"
"X-138.figitumumab","X.138.fiab","treatment"
"X-138.HDM201","X.138.HD01","treatment"
"X-138.HSP990","X.138.HS90","treatment"
"X-138.INC280","X.138.IN80","treatment"
"X-138.INC280 + trastuzumab","X.138.IN80.trab","treatment"
"X-138.LEE011","X.138.LE11","treatment"
"X-138.LEE011 + everolimus","X.138.LE11.evus","treatment"
"X-138.LJM716","X.138.LJ16","treatment"
"X-138.LJM716 + trastuzumab","X.138.LJ16.trab","treatment"
"X-138.LLM871","X.138.LL71","treatment"
"X-138.trastuzumab","X.138.trab","treatment"
"X-1402.LFW527 + binimetinib","X.1402.LF27.biib","treatment"
"X-1407.BGJ398","X.1407.uned","control"
"X-1407.BGJ398","X.1407.BG98","treatment"
"X-1407.binimetinib","X.1407.uned","control"
"X-1407.binimetinib","X.1407.biib","treatment"
"X-1407.BKM120","X.1407.uned","control"
"X-1407.BKM120","X.1407.BK20","treatment"
"X-1407.BYL719","X.1407.uned","control"
"X-1407.BYL719","X.1407.BY19","treatment"
"X-1407.BYL719 + HSP990","X.1407.uned","control"
"X-1407.BYL719 + LJM716","X.1407.uned","control"
"X-1407.BYL719 + LJM716","X.1407.BY19.LJ16","treatment"
"X-1407.CLR457","X.1407.uned","control"
"X-1407.CLR457","X.1407.CL57","treatment"
"X-1407.everolimus","X.1407.uned","control"
"X-1407.figitumumab","X.1407.uned","control"
"X-1407.HDM201","X.1407.uned","control"
"X-1407.HDM201","X.1407.HD01","treatment"
"X-1407.HSP990","X.1407.uned","control"
"X-1407.INC280","X.1407.uned","control"
"X-1407.INC280 + trastuzumab","X.1407.uned","control"
"X-1407.LEE011","X.1407.uned","control"
"X-1407.LEE011","X.1407.LE11","treatment"
"X-1407.LEE011 + everolimus","X.1407.uned","control"
"X-1407.LEE011 + everolimus","X.1407.LE11.evus","treatment"
"X-1407.LJM716","X.1407.uned","control"
"X-1407.LJM716","X.1407.LJ16","treatment"
"X-1407.LJM716 + trastuzumab","X.1407.uned","control"
"X-1407.LJM716 + trastuzumab","X.1407.LJ16.trab","treatment"
"X-1407.LLM871","X.1407.uned","control"
"X-1407.LLM871","X.1407.LL71","treatment"
"X-1407.trastuzumab","X.1407.uned","control"
"X-1407.trastuzumab","X.1407.trab","treatment"
"X-1407.5FU","X.1407.uned","control"
"X-1407.BKM120 + LJC049","X.1407.uned","control"
"X-1407.BYL719 + binimetinib","X.1407.uned","control"
"X-1407.BYL719 + cetuximab","X.1407.uned","control"
"X-1407.BYL719 + cetuximab + encorafenib","X.1407.uned","control"
"X-1407.BYL719 + encorafenib","X.1407.uned","control"
"X-1407.cetuximab","X.1407.uned","control"
"X-1407.cetuximab + encorafenib","X.1407.uned","control"
"X-1407.CGM097","X.1407.uned","control"
"X-1407.CGM097","X.1407.CG97","treatment"
"X-1407.CKX620","X.1407.uned","control"
"X-1407.encorafenib","X.1407.uned","control"
"X-1407.LFW527 + binimetinib","X.1407.uned","control"
"X-1407.LJC049","X.1407.uned","control"
"X-1407.LKA136","X.1407.uned","control"
"X-1407.LKA136","X.1407.LK36","treatment"
"X-1407.abraxane","X.1407.uned","control"
"X-1407.binimetinib-3.5mpk","X.1407.uned","control"
"X-1407.BKM120 + binimetinib","X.1407.uned","control"
"X-1407.BKM120 + LDE225","X.1407.uned","control"
"X-1407.figitumumab + binimetinib","X.1407.uned","control"
"X-1407.gemcitabine-50mpk","X.1407.uned","control"
"X-1407.INC424","X.1407.uned","control"
"X-1407.INC424","X.1407.IN24","treatment"
"X-1407.INC424 + binimetinib","X.1407.uned","control"
"X-1407.trametinib","X.1407.uned","control"
"X-1407.BYL719 + LEE011","X.1407.uned","control"
"X-1407.BYL719 + LEE011","X.1407.BY19.LE11","treatment"
"X-1407.LFA102","X.1407.uned","control"
"X-1407.LFA102","X.1407.LF02","treatment"
"X-1407.LFW527 + everolimus","X.1407.uned","control"
"X-1407.LFW527 + everolimus","X.1407.LF27.evus","treatment"
"X-1407.paclitaxel","X.1407.uned","control"
"X-1407.paclitaxel","X.1407.pael","treatment"
"X-1407.tamoxifen","X.1407.uned","control"
"X-1407.tamoxifen","X.1407.taen","treatment"
"X-1407.BYL719 + LGH447","X.1407.uned","control"
"X-1407.erlotinib","X.1407.uned","control"
"X-1407.LCL161 + paclitaxel","X.1407.uned","control"
"X-1407.LGH447","X.1407.uned","control"
"X-1407.WNT974","X.1407.uned","control"
"X-1407.BKM120 + encorafenib","X.1407.uned","control"
"X-1407.dacarbazine","X.1407.uned","control"
"X-1407.encorafenib + binimetinib","X.1407.uned","control"
"X-1407.LDE225","X.1407.uned","control"
"X-1407.LDK378","X.1407.uned","control"
"X-1407.LEE011 + binimetinib","X.1407.uned","control"
"X-1407.LEE011 + encorafenib","X.1407.uned","control"
"X-1407.LGW813","X.1407.uned","control"
"X-1407.TAS266","X.1407.uned","control"
"X-141.BGJ398","X.141.uned","control"
"X-141.binimetinib","X.141.uned","control"
"X-141.BKM120","X.141.uned","control"
"X-141.BYL719","X.141.uned","control"
"X-141.BYL719","X.141.BY19","treatment"
"X-141.BYL719 + HSP990","X.141.uned","control"
"X-141.BYL719 + HSP990","X.141.BY19.HS90","treatment"
"X-141.BYL719 + LJM716","X.141.uned","control"
"X-141.BYL719 + LJM716","X.141.BY19.LJ16","treatment"
"X-141.CLR457","X.141.uned","control"
"X-141.everolimus","X.141.uned","control"
"X-141.everolimus","X.141.evus","treatment"
"X-141.figitumumab","X.141.uned","control"
"X-141.HDM201","X.141.uned","control"
"X-141.HSP990","X.141.uned","control"
"X-141.HSP990","X.141.HS90","treatment"
"X-141.INC280","X.141.uned","control"
"X-141.INC280 + trastuzumab","X.141.uned","control"
"X-141.LEE011","X.141.uned","control"
"X-141.LEE011","X.141.LE11","treatment"
"X-141.LEE011 + everolimus","X.141.uned","control"
"X-141.LEE011 + everolimus","X.141.LE11.evus","treatment"
"X-141.LJM716","X.141.uned","control"
"X-141.LJM716","X.141.LJ16","treatment"
"X-141.LJM716 + trastuzumab","X.141.uned","control"
"X-141.LLM871","X.141.uned","control"
"X-141.trastuzumab","X.141.uned","control"
"X-141.5FU","X.141.uned","control"
"X-141.BKM120 + LJC049","X.141.uned","control"
"X-141.BYL719 + binimetinib","X.141.uned","control"
"X-141.BYL719 + cetuximab","X.141.uned","control"
"X-141.BYL719 + cetuximab + encorafenib","X.141.uned","control"
"X-141.BYL719 + encorafenib","X.141.uned","control"
"X-141.cetuximab","X.141.uned","control"
"X-141.cetuximab + encorafenib","X.141.uned","control"
"X-141.CGM097","X.141.uned","control"
"X-141.CKX620","X.141.uned","control"
"X-141.encorafenib","X.141.uned","control"
"X-141.LFW527 + binimetinib","X.141.uned","control"
"X-141.LJC049","X.141.uned","control"
"X-141.LKA136","X.141.uned","control"
"X-141.abraxane","X.141.uned","control"
"X-141.binimetinib-3.5mpk","X.141.uned","control"
"X-141.BKM120 + binimetinib","X.141.uned","control"
"X-141.BKM120 + LDE225","X.141.uned","control"
"X-141.figitumumab + binimetinib","X.141.uned","control"
"X-141.gemcitabine-50mpk","X.141.uned","control"
"X-141.INC424","X.141.uned","control"
"X-141.INC424 + binimetinib","X.141.uned","control"
"X-141.trametinib","X.141.uned","control"
"X-141.BYL719 + LEE011","X.141.uned","control"
"X-141.LFA102","X.141.uned","control"
"X-141.LFW527 + everolimus","X.141.uned","control"
"X-141.paclitaxel","X.141.uned","control"
"X-141.tamoxifen","X.141.uned","control"
"X-141.BYL719 + LGH447","X.141.uned","control"
"X-141.erlotinib","X.141.uned","control"
"X-141.LCL161 + paclitaxel","X.141.uned","control"
"X-141.LGH447","X.141.uned","control"
"X-141.WNT974","X.141.uned","control"
"X-141.BKM120 + encorafenib","X.141.uned","control"
"X-141.dacarbazine","X.141.uned","control"
"X-141.encorafenib + binimetinib","X.141.uned","control"
"X-141.LDE225","X.141.uned","control"
"X-141.LDK378","X.141.uned","control"
"X-141.LEE011 + binimetinib","X.141.uned","control"
"X-141.LEE011 + encorafenib","X.141.uned","control"
"X-141.LGW813","X.141.uned","control"
"X-141.TAS266","X.141.uned","control"
"X-142.BGJ398","X.142.uned","control"
"X-142.binimetinib","X.142.uned","control"
"X-142.BKM120","X.142.uned","control"
"X-142.BYL719","X.142.uned","control"
"X-142.BYL719","X.142.BY19","treatment"
"X-142.BYL719 + HSP990","X.142.uned","control"
"X-142.BYL719 + HSP990","X.142.BY19.HS90","treatment"
"X-142.BYL719 + LJM716","X.142.uned","control"
"X-142.BYL719 + LJM716","X.142.BY19.LJ16","treatment"
"X-142.CLR457","X.142.uned","control"
"X-142.everolimus","X.142.uned","control"
"X-142.everolimus","X.142.evus","treatment"
"X-142.figitumumab","X.142.uned","control"
"X-142.HDM201","X.142.uned","control"
"X-142.HSP990","X.142.uned","control"
"X-142.HSP990","X.142.HS90","treatment"
"X-142.INC280","X.142.uned","control"
"X-142.INC280 + trastuzumab","X.142.uned","control"
"X-142.LEE011","X.142.uned","control"
"X-142.LEE011","X.142.LE11","treatment"
"X-142.LEE011 + everolimus","X.142.uned","control"
"X-142.LJM716","X.142.uned","control"
"X-142.LJM716","X.142.LJ16","treatment"
"X-142.LJM716 + trastuzumab","X.142.uned","control"
"X-142.LLM871","X.142.uned","control"
"X-142.trastuzumab","X.142.uned","control"
"X-142.5FU","X.142.uned","control"
"X-142.BKM120 + LJC049","X.142.uned","control"
"X-142.BYL719 + binimetinib","X.142.uned","control"
"X-142.BYL719 + cetuximab","X.142.uned","control"
"X-142.BYL719 + cetuximab + encorafenib","X.142.uned","control"
"X-142.BYL719 + encorafenib","X.142.uned","control"
"X-142.cetuximab","X.142.uned","control"
"X-142.cetuximab + encorafenib","X.142.uned","control"
"X-142.CGM097","X.142.uned","control"
"X-142.CKX620","X.142.uned","control"
"X-142.encorafenib","X.142.uned","control"
"X-142.LFW527 + binimetinib","X.142.uned","control"
"X-142.LJC049","X.142.uned","control"
"X-142.LKA136","X.142.uned","control"
"X-142.abraxane","X.142.uned","control"
"X-142.binimetinib-3.5mpk","X.142.uned","control"
"X-142.BKM120 + binimetinib","X.142.uned","control"
"X-142.BKM120 + LDE225","X.142.uned","control"
"X-142.figitumumab + binimetinib","X.142.uned","control"
"X-142.gemcitabine-50mpk","X.142.uned","control"
"X-142.INC424","X.142.uned","control"
"X-142.INC424 + binimetinib","X.142.uned","control"
"X-142.trametinib","X.142.uned","control"
"X-142.BYL719 + LEE011","X.142.uned","control"
"X-142.LFA102","X.142.uned","control"
"X-142.LFW527 + everolimus","X.142.uned","control"
"X-142.paclitaxel","X.142.uned","control"
"X-142.tamoxifen","X.142.uned","control"
"X-142.BYL719 + LGH447","X.142.uned","control"
"X-142.erlotinib","X.142.uned","control"
"X-142.LCL161 + paclitaxel","X.142.uned","control"
"X-142.LGH447","X.142.uned","control"
"X-142.WNT974","X.142.uned","control"
"X-142.BKM120 + encorafenib","X.142.uned","control"
"X-142.dacarbazine","X.142.uned","control"
"X-142.encorafenib + binimetinib","X.142.uned","control"
"X-142.LDE225","X.142.uned","control"
"X-142.LDK378","X.142.uned","control"
"X-142.LEE011 + binimetinib","X.142.uned","control"
"X-142.LEE011 + encorafenib","X.142.uned","control"
"X-142.LGW813","X.142.uned","control"
"X-142.TAS266","X.142.uned","control"
"X-1441.BGJ398","X.1441.uned","control"
"X-1441.binimetinib","X.1441.uned","control"
"X-1441.binimetinib","X.1441.biib","treatment"
"X-1441.BKM120","X.1441.uned","control"
"X-1441.BKM120","X.1441.BK20","treatment"
"X-1441.BYL719","X.1441.uned","control"
"X-1441.BYL719","X.1441.BY19","treatment"
"X-1441.BYL719 + HSP990","X.1441.uned","control"
"X-1441.BYL719 + LJM716","X.1441.uned","control"
"X-1441.BYL719 + LJM716","X.1441.BY19.LJ16","treatment"
"X-1441.CLR457","X.1441.uned","control"
"X-1441.CLR457","X.1441.CL57","treatment"
"X-1441.everolimus","X.1441.uned","control"
"X-1441.figitumumab","X.1441.uned","control"
"X-1441.HDM201","X.1441.uned","control"
"X-1441.HDM201","X.1441.HD01","treatment"
"X-1441.HSP990","X.1441.uned","control"
"X-1441.INC280","X.1441.uned","control"
"X-1441.INC280 + trastuzumab","X.1441.uned","control"
"X-1441.LEE011","X.1441.uned","control"
"X-1441.LEE011","X.1441.LE11","treatment"
"X-1441.LEE011 + everolimus","X.1441.uned","control"
"X-1441.LJM716","X.1441.uned","control"
"X-1441.LJM716 + trastuzumab","X.1441.uned","control"
"X-1441.LLM871","X.1441.uned","control"
"X-1441.trastuzumab","X.1441.uned","control"
"X-1441.5FU","X.1441.uned","control"
"X-1441.5FU","X.1441.5FFU","treatment"
"X-1441.BKM120 + LJC049","X.1441.uned","control"
"X-1441.BKM120 + LJC049","X.1441.BK20.LJ49","treatment"
"X-1441.BYL719 + binimetinib","X.1441.uned","control"
"X-1441.BYL719 + binimetinib","X.1441.BY19.biib","treatment"
"X-1441.BYL719 + cetuximab","X.1441.uned","control"
"X-1441.BYL719 + cetuximab","X.1441.BY19.ceab","treatment"
"X-1441.BYL719 + cetuximab + encorafenib","X.1441.uned","control"
"X-1441.BYL719 + cetuximab + encorafenib","X.1441.BY19.ceab.enib","treatment"
"X-1441.BYL719 + encorafenib","X.1441.uned","control"
"X-1441.BYL719 + encorafenib","X.1441.BY19.enib","treatment"
"X-1441.cetuximab","X.1441.uned","control"
"X-1441.cetuximab","X.1441.ceab","treatment"
"X-1441.cetuximab + encorafenib","X.1441.uned","control"
"X-1441.cetuximab + encorafenib","X.1441.ceab.enib","treatment"
"X-1441.CGM097","X.1441.uned","control"
"X-1441.CGM097","X.1441.CG97","treatment"
"X-1441.CKX620","X.1441.uned","control"
"X-1441.CKX620","X.1441.CK20","treatment"
"X-1441.encorafenib","X.1441.uned","control"
"X-1441.encorafenib","X.1441.enib","treatment"
"X-1441.LFW527 + binimetinib","X.1441.uned","control"
"X-1441.LJC049","X.1441.uned","control"
"X-1441.LJC049","X.1441.LJ49","treatment"
"X-1441.LKA136","X.1441.uned","control"
"X-1441.LKA136","X.1441.LK36","treatment"
"X-1441.abraxane","X.1441.uned","control"
"X-1441.binimetinib-3.5mpk","X.1441.uned","control"
"X-1441.BKM120 + binimetinib","X.1441.uned","control"
"X-1441.BKM120 + LDE225","X.1441.uned","control"
"X-1441.figitumumab + binimetinib","X.1441.uned","control"
"X-1441.gemcitabine-50mpk","X.1441.uned","control"
"X-1441.INC424","X.1441.uned","control"
"X-1441.INC424 + binimetinib","X.1441.uned","control"
"X-1441.trametinib","X.1441.uned","control"
"X-1441.BYL719 + LEE011","X.1441.uned","control"
"X-1441.LFA102","X.1441.uned","control"
"X-1441.LFW527 + everolimus","X.1441.uned","control"
"X-1441.paclitaxel","X.1441.uned","control"
"X-1441.tamoxifen","X.1441.uned","control"
"X-1441.BYL719 + LGH447","X.1441.uned","control"
"X-1441.erlotinib","X.1441.uned","control"
"X-1441.LCL161 + paclitaxel","X.1441.uned","control"
"X-1441.LGH447","X.1441.uned","control"
"X-1441.WNT974","X.1441.uned","control"
"X-1441.BKM120 + encorafenib","X.1441.uned","control"
"X-1441.dacarbazine","X.1441.uned","control"
"X-1441.encorafenib + binimetinib","X.1441.uned","control"
"X-1441.LDE225","X.1441.uned","control"
"X-1441.LDK378","X.1441.uned","control"
"X-1441.LEE011 + binimetinib","X.1441.uned","control"
"X-1441.LEE011 + encorafenib","X.1441.uned","control"
"X-1441.LGW813","X.1441.uned","control"
"X-1441.TAS266","X.1441.uned","control"
"X-1442.BGJ398","X.1442.uned","control"
"X-1442.BGJ398","X.1442.BG98","treatment"
"X-1442.binimetinib","X.1442.uned","control"
"X-1442.binimetinib","X.1442.biib","treatment"
"X-1442.BKM120","X.1442.uned","control"
"X-1442.BKM120","X.1442.BK20","treatment"
"X-1442.BYL719","X.1442.uned","control"
"X-1442.BYL719","X.1442.BY19","treatment"
"X-1442.BYL719 + HSP990","X.1442.uned","control"
"X-1442.BYL719 + LJM716","X.1442.uned","control"
"X-1442.BYL719 + LJM716","X.1442.BY19.LJ16","treatment"
"X-1442.CLR457","X.1442.uned","control"
"X-1442.CLR457","X.1442.CL57","treatment"
"X-1442.everolimus","X.1442.uned","control"
"X-1442.figitumumab","X.1442.uned","control"
"X-1442.HDM201","X.1442.uned","control"
"X-1442.HDM201","X.1442.HD01","treatment"
"X-1442.HSP990","X.1442.uned","control"
"X-1442.HSP990","X.1442.HS90","treatment"
"X-1442.INC280","X.1442.uned","control"
"X-1442.INC280","X.1442.IN80","treatment"
"X-1442.INC280 + trastuzumab","X.1442.uned","control"
"X-1442.LEE011","X.1442.uned","control"
"X-1442.LEE011","X.1442.LE11","treatment"
"X-1442.LEE011 + everolimus","X.1442.uned","control"
"X-1442.LJM716","X.1442.uned","control"
"X-1442.LJM716 + trastuzumab","X.1442.uned","control"
"X-1442.LLM871","X.1442.uned","control"
"X-1442.LLM871","X.1442.LL71","treatment"
"X-1442.trastuzumab","X.1442.uned","control"
"X-1442.5FU","X.1442.uned","control"
"X-1442.BKM120 + LJC049","X.1442.uned","control"
"X-1442.BYL719 + binimetinib","X.1442.uned","control"
"X-1442.BYL719 + cetuximab","X.1442.uned","control"
"X-1442.BYL719 + cetuximab + encorafenib","X.1442.uned","control"
"X-1442.BYL719 + encorafenib","X.1442.uned","control"
"X-1442.cetuximab","X.1442.uned","control"
"X-1442.cetuximab","X.1442.ceab","treatment"
"X-1442.cetuximab + encorafenib","X.1442.uned","control"
"X-1442.CGM097","X.1442.uned","control"
"X-1442.CGM097","X.1442.CG97","treatment"
"X-1442.CKX620","X.1442.uned","control"
"X-1442.CKX620","X.1442.CK20","treatment"
"X-1442.encorafenib","X.1442.uned","control"
"X-1442.LFW527 + binimetinib","X.1442.uned","control"
"X-1442.LJC049","X.1442.uned","control"
"X-1442.LKA136","X.1442.uned","control"
"X-1442.abraxane","X.1442.uned","control"
"X-1442.binimetinib-3.5mpk","X.1442.uned","control"
"X-1442.BKM120 + binimetinib","X.1442.uned","control"
"X-1442.BKM120 + binimetinib","X.1442.BK20.biib","treatment"
"X-1442.BKM120 + LDE225","X.1442.uned","control"
"X-1442.figitumumab + binimetinib","X.1442.uned","control"
"X-1442.gemcitabine-50mpk","X.1442.uned","control"
"X-1442.INC424","X.1442.uned","control"
"X-1442.INC424 + binimetinib","X.1442.uned","control"
"X-1442.trametinib","X.1442.uned","control"
"X-1442.BYL719 + LEE011","X.1442.uned","control"
"X-1442.LFA102","X.1442.uned","control"
"X-1442.LFW527 + everolimus","X.1442.uned","control"
"X-1442.paclitaxel","X.1442.uned","control"
"X-1442.paclitaxel","X.1442.pael","treatment"
"X-1442.tamoxifen","X.1442.uned","control"
"X-1442.BYL719 + LGH447","X.1442.uned","control"
"X-1442.BYL719 + LGH447","X.1442.BY19.LG47","treatment"
"X-1442.erlotinib","X.1442.uned","control"
"X-1442.erlotinib","X.1442.erib","treatment"
"X-1442.LCL161 + paclitaxel","X.1442.uned","control"
"X-1442.LCL161 + paclitaxel","X.1442.LC61.pael","treatment"
"X-1442.LGH447","X.1442.uned","control"
"X-1442.LGH447","X.1442.LG47","treatment"
"X-1442.WNT974","X.1442.uned","control"
"X-1442.BKM120 + encorafenib","X.1442.uned","control"
"X-1442.dacarbazine","X.1442.uned","control"
"X-1442.encorafenib + binimetinib","X.1442.uned","control"
"X-1442.LDE225","X.1442.uned","control"
"X-1442.LDK378","X.1442.uned","control"
"X-1442.LEE011 + binimetinib","X.1442.uned","control"
"X-1442.LEE011 + encorafenib","X.1442.uned","control"
"X-1442.LGW813","X.1442.uned","control"
"X-1442.TAS266","X.1442.uned","control"
"X-1443.BGJ398","X.1443.uned","control"
"X-1443.binimetinib","X.1443.uned","control"
"X-1443.binimetinib","X.1443.biib","treatment"
"X-1443.BKM120","X.1443.uned","control"
"X-1443.BKM120","X.1443.BK20","treatment"
"X-1443.BYL719","X.1443.uned","control"
"X-1443.BYL719","X.1443.BY19","treatment"
"X-1443.BYL719 + HSP990","X.1443.uned","control"
"X-1443.BYL719 + LJM716","X.1443.uned","control"
"X-1443.BYL719 + LJM716","X.1443.BY19.LJ16","treatment"
"X-1443.CLR457","X.1443.uned","control"
"X-1443.CLR457","X.1443.CL57","treatment"
"X-1443.everolimus","X.1443.uned","control"
"X-1443.figitumumab","X.1443.uned","control"
"X-1443.HDM201","X.1443.uned","control"
"X-1443.HDM201","X.1443.HD01","treatment"
"X-1443.HSP990","X.1443.uned","control"
"X-1443.INC280","X.1443.uned","control"
"X-1443.INC280 + trastuzumab","X.1443.uned","control"
"X-1443.LEE011","X.1443.uned","control"
"X-1443.LEE011","X.1443.LE11","treatment"
"X-1443.LEE011 + everolimus","X.1443.uned","control"
"X-1443.LJM716","X.1443.uned","control"
"X-1443.LJM716 + trastuzumab","X.1443.uned","control"
"X-1443.LLM871","X.1443.uned","control"
"X-1443.trastuzumab","X.1443.uned","control"
"X-1443.5FU","X.1443.uned","control"
"X-1443.5FU","X.1443.5FFU","treatment"
"X-1443.BKM120 + LJC049","X.1443.uned","control"
"X-1443.BKM120 + LJC049","X.1443.BK20.LJ49","treatment"
"X-1443.BYL719 + binimetinib","X.1443.uned","control"
"X-1443.BYL719 + binimetinib","X.1443.BY19.biib","treatment"
"X-1443.BYL719 + cetuximab","X.1443.uned","control"
"X-1443.BYL719 + cetuximab","X.1443.BY19.ceab","treatment"
"X-1443.BYL719 + cetuximab + encorafenib","X.1443.uned","control"
"X-1443.BYL719 + cetuximab + encorafenib","X.1443.BY19.ceab.enib","treatment"
"X-1443.BYL719 + encorafenib","X.1443.uned","control"
"X-1443.BYL719 + encorafenib","X.1443.BY19.enib","treatment"
"X-1443.cetuximab","X.1443.uned","control"
"X-1443.cetuximab","X.1443.ceab","treatment"
"X-1443.cetuximab + encorafenib","X.1443.uned","control"
"X-1443.cetuximab + encorafenib","X.1443.ceab.enib","treatment"
"X-1443.CGM097","X.1443.uned","control"
"X-1443.CGM097","X.1443.CG97","treatment"
"X-1443.CKX620","X.1443.uned","control"
"X-1443.CKX620","X.1443.CK20","treatment"
"X-1443.encorafenib","X.1443.uned","control"
"X-1443.encorafenib","X.1443.enib","treatment"
"X-1443.LFW527 + binimetinib","X.1443.uned","control"
"X-1443.LFW527 + binimetinib","X.1443.LF27.biib","treatment"
"X-1443.LJC049","X.1443.uned","control"
"X-1443.LJC049","X.1443.LJ49","treatment"
"X-1443.LKA136","X.1443.uned","control"
"X-1443.LKA136","X.1443.LK36","treatment"
"X-1443.abraxane","X.1443.uned","control"
"X-1443.binimetinib-3.5mpk","X.1443.uned","control"
"X-1443.BKM120 + binimetinib","X.1443.uned","control"
"X-1443.BKM120 + LDE225","X.1443.uned","control"
"X-1443.figitumumab + binimetinib","X.1443.uned","control"
"X-1443.gemcitabine-50mpk","X.1443.uned","control"
"X-1443.INC424","X.1443.uned","control"
"X-1443.INC424 + binimetinib","X.1443.uned","control"
"X-1443.trametinib","X.1443.uned","control"
"X-1443.BYL719 + LEE011","X.1443.uned","control"
"X-1443.LFA102","X.1443.uned","control"
"X-1443.LFW527 + everolimus","X.1443.uned","control"
"X-1443.paclitaxel","X.1443.uned","control"
"X-1443.tamoxifen","X.1443.uned","control"
"X-1443.BYL719 + LGH447","X.1443.uned","control"
"X-1443.erlotinib","X.1443.uned","control"
"X-1443.LCL161 + paclitaxel","X.1443.uned","control"
"X-1443.LGH447","X.1443.uned","control"
"X-1443.WNT974","X.1443.uned","control"
"X-1443.BKM120 + encorafenib","X.1443.uned","control"
"X-1443.dacarbazine","X.1443.uned","control"
"X-1443.encorafenib + binimetinib","X.1443.uned","control"
"X-1443.LDE225","X.1443.uned","control"
"X-1443.LDK378","X.1443.uned","control"
"X-1443.LEE011 + binimetinib","X.1443.uned","control"
"X-1443.LEE011 + encorafenib","X.1443.uned","control"
"X-1443.LGW813","X.1443.uned","control"
"X-1443.TAS266","X.1443.uned","control"
"X-144.BGJ398","X.144.uned","control"
"X-144.binimetinib","X.144.uned","control"
"X-144.BKM120","X.144.uned","control"
"X-144.BYL719","X.144.uned","control"
"X-144.BYL719 + HSP990","X.144.uned","control"
"X-144.BYL719 + HSP990","X.144.BY19.HS90","treatment"
"X-144.BYL719 + LJM716","X.144.uned","control"
"X-144.BYL719 + LJM716","X.144.BY19.LJ16","treatment"
"X-144.CLR457","X.144.uned","control"
"X-144.everolimus","X.144.uned","control"
"X-144.everolimus","X.144.evus","treatment"
"X-144.figitumumab","X.144.uned","control"
"X-144.HDM201","X.144.uned","control"
"X-144.HSP990","X.144.uned","control"
"X-144.HSP990","X.144.HS90","treatment"
"X-144.INC280","X.144.uned","control"
"X-144.INC280 + trastuzumab","X.144.uned","control"
"X-144.LEE011","X.144.uned","control"
"X-144.LEE011","X.144.LE11","treatment"
"X-144.LEE011 + everolimus","X.144.uned","control"
"X-144.LEE011 + everolimus","X.144.LE11.evus","treatment"
"X-144.LJM716","X.144.uned","control"
"X-144.LJM716","X.144.LJ16","treatment"
"X-144.LJM716 + trastuzumab","X.144.uned","control"
"X-144.LLM871","X.144.uned","control"
"X-144.trastuzumab","X.144.uned","control"
"X-144.5FU","X.144.uned","control"
"X-144.BKM120 + LJC049","X.144.uned","control"
"X-144.BYL719 + binimetinib","X.144.uned","control"
"X-144.BYL719 + cetuximab","X.144.uned","control"
"X-144.BYL719 + cetuximab + encorafenib","X.144.uned","control"
"X-144.BYL719 + encorafenib","X.144.uned","control"
"X-144.cetuximab","X.144.uned","control"
"X-144.cetuximab + encorafenib","X.144.uned","control"
"X-144.CGM097","X.144.uned","control"
"X-144.CKX620","X.144.uned","control"
"X-144.encorafenib","X.144.uned","control"
"X-144.LFW527 + binimetinib","X.144.uned","control"
"X-144.LJC049","X.144.uned","control"
"X-144.LKA136","X.144.uned","control"
"X-144.abraxane","X.144.uned","control"
"X-144.binimetinib-3.5mpk","X.144.uned","control"
"X-144.BKM120 + binimetinib","X.144.uned","control"
"X-144.BKM120 + LDE225","X.144.uned","control"
"X-144.figitumumab + binimetinib","X.144.uned","control"
"X-144.gemcitabine-50mpk","X.144.uned","control"
"X-144.INC424","X.144.uned","control"
"X-144.INC424 + binimetinib","X.144.uned","control"
"X-144.trametinib","X.144.uned","control"
"X-144.BYL719 + LEE011","X.144.uned","control"
"X-144.LFA102","X.144.uned","control"
"X-144.LFW527 + everolimus","X.144.uned","control"
"X-144.paclitaxel","X.144.uned","control"
"X-144.tamoxifen","X.144.uned","control"
"X-144.BYL719 + LGH447","X.144.uned","control"
"X-144.erlotinib","X.144.uned","control"
"X-144.LCL161 + paclitaxel","X.144.uned","control"
"X-144.LGH447","X.144.uned","control"
"X-144.WNT974","X.144.uned","control"
"X-144.BKM120 + encorafenib","X.144.uned","control"
"X-144.dacarbazine","X.144.uned","control"
"X-144.encorafenib + binimetinib","X.144.uned","control"
"X-144.LDE225","X.144.uned","control"
"X-144.LDK378","X.144.uned","control"
"X-144.LEE011 + binimetinib","X.144.uned","control"
"X-144.LEE011 + encorafenib","X.144.uned","control"
"X-144.LGW813","X.144.uned","control"
"X-144.TAS266","X.144.uned","control"
"X-1468.BGJ398","X.1468.uned","control"
"X-1468.BGJ398","X.1468.BG98","treatment"
"X-1468.binimetinib","X.1468.uned","control"
"X-1468.binimetinib","X.1468.biib","treatment"
"X-1468.BKM120","X.1468.uned","control"
"X-1468.BKM120","X.1468.BK20","treatment"
"X-1468.BYL719","X.1468.uned","control"
"X-1468.BYL719","X.1468.BY19","treatment"
"X-1468.BYL719 + HSP990","X.1468.uned","control"
"X-1468.BYL719 + LJM716","X.1468.uned","control"
"X-1468.BYL719 + LJM716","X.1468.BY19.LJ16","treatment"
"X-1468.CLR457","X.1468.uned","control"
"X-1468.CLR457","X.1468.CL57","treatment"
"X-1468.everolimus","X.1468.uned","control"
"X-1468.figitumumab","X.1468.uned","control"
"X-1468.HDM201","X.1468.uned","control"
"X-1468.HDM201","X.1468.HD01","treatment"
"X-1468.HSP990","X.1468.uned","control"
"X-1468.INC280","X.1468.uned","control"
"X-1468.INC280 + trastuzumab","X.1468.uned","control"
"X-1468.LEE011","X.1468.uned","control"
"X-1468.LEE011","X.1468.LE11","treatment"
"X-1468.LEE011 + everolimus","X.1468.uned","control"
"X-1468.LEE011 + everolimus","X.1468.LE11.evus","treatment"
"X-1468.LJM716","X.1468.uned","control"
"X-1468.LJM716","X.1468.LJ16","treatment"
"X-1468.LJM716 + trastuzumab","X.1468.uned","control"
"X-1468.LJM716 + trastuzumab","X.1468.LJ16.trab","treatment"
"X-1468.LLM871","X.1468.uned","control"
"X-1468.LLM871","X.1468.LL71","treatment"
"X-1468.trastuzumab","X.1468.uned","control"
"X-1468.trastuzumab","X.1468.trab","treatment"
"X-1468.5FU","X.1468.uned","control"
"X-1468.BKM120 + LJC049","X.1468.uned","control"
"X-1468.BYL719 + binimetinib","X.1468.uned","control"
"X-1468.BYL719 + cetuximab","X.1468.uned","control"
"X-1468.BYL719 + cetuximab + encorafenib","X.1468.uned","control"
"X-1468.BYL719 + encorafenib","X.1468.uned","control"
"X-1468.cetuximab","X.1468.uned","control"
"X-1468.cetuximab + encorafenib","X.1468.uned","control"
"X-1468.CGM097","X.1468.uned","control"
"X-1468.CGM097","X.1468.CG97","treatment"
"X-1468.CKX620","X.1468.uned","control"
"X-1468.encorafenib","X.1468.uned","control"
"X-1468.LFW527 + binimetinib","X.1468.uned","control"
"X-1468.LJC049","X.1468.uned","control"
"X-1468.LKA136","X.1468.uned","control"
"X-1468.LKA136","X.1468.LK36","treatment"
"X-1468.abraxane","X.1468.uned","control"
"X-1468.binimetinib-3.5mpk","X.1468.uned","control"
"X-1468.BKM120 + binimetinib","X.1468.uned","control"
"X-1468.BKM120 + LDE225","X.1468.uned","control"
"X-1468.figitumumab + binimetinib","X.1468.uned","control"
"X-1468.gemcitabine-50mpk","X.1468.uned","control"
"X-1468.INC424","X.1468.uned","control"
"X-1468.INC424","X.1468.IN24","treatment"
"X-1468.INC424 + binimetinib","X.1468.uned","control"
"X-1468.trametinib","X.1468.uned","control"
"X-1468.BYL719 + LEE011","X.1468.uned","control"
"X-1468.BYL719 + LEE011","X.1468.BY19.LE11","treatment"
"X-1468.LFA102","X.1468.uned","control"
"X-1468.LFA102","X.1468.LF02","treatment"
"X-1468.LFW527 + everolimus","X.1468.uned","control"
"X-1468.LFW527 + everolimus","X.1468.LF27.evus","treatment"
"X-1468.paclitaxel","X.1468.uned","control"
"X-1468.paclitaxel","X.1468.pael","treatment"
"X-1468.tamoxifen","X.1468.uned","control"
"X-1468.tamoxifen","X.1468.taen","treatment"
"X-1468.BYL719 + LGH447","X.1468.uned","control"
"X-1468.erlotinib","X.1468.uned","control"
"X-1468.LCL161 + paclitaxel","X.1468.uned","control"
"X-1468.LGH447","X.1468.uned","control"
"X-1468.WNT974","X.1468.uned","control"
"X-1468.BKM120 + encorafenib","X.1468.uned","control"
"X-1468.dacarbazine","X.1468.uned","control"
"X-1468.encorafenib + binimetinib","X.1468.uned","control"
"X-1468.LDE225","X.1468.uned","control"
"X-1468.LDK378","X.1468.uned","control"
"X-1468.LEE011 + binimetinib","X.1468.uned","control"
"X-1468.LEE011 + encorafenib","X.1468.uned","control"
"X-1468.LGW813","X.1468.uned","control"
"X-1468.TAS266","X.1468.uned","control"
"X-146.BGJ398","X.146.uned","control"
"X-146.binimetinib","X.146.uned","control"
"X-146.BKM120","X.146.uned","control"
"X-146.BYL719","X.146.uned","control"
"X-146.BYL719","X.146.BY19","treatment"
"X-146.BYL719 + HSP990","X.146.uned","control"
"X-146.BYL719 + HSP990","X.146.BY19.HS90","treatment"
"X-146.BYL719 + LJM716","X.146.uned","control"
"X-146.BYL719 + LJM716","X.146.BY19.LJ16","treatment"
"X-146.CLR457","X.146.uned","control"
"X-146.everolimus","X.146.uned","control"
"X-146.figitumumab","X.146.uned","control"
"X-146.HDM201","X.146.uned","control"
"X-146.HSP990","X.146.uned","control"
"X-146.HSP990","X.146.HS90","treatment"
"X-146.INC280","X.146.uned","control"
"X-146.INC280 + trastuzumab","X.146.uned","control"
"X-146.LEE011","X.146.uned","control"
"X-146.LEE011","X.146.LE11","treatment"
"X-146.LEE011 + everolimus","X.146.uned","control"
"X-146.LEE011 + everolimus","X.146.LE11.evus","treatment"
"X-146.LJM716","X.146.uned","control"
"X-146.LJM716","X.146.LJ16","treatment"
"X-146.LJM716 + trastuzumab","X.146.uned","control"
"X-146.LLM871","X.146.uned","control"
"X-146.trastuzumab","X.146.uned","control"
"X-146.5FU","X.146.uned","control"
"X-146.BKM120 + LJC049","X.146.uned","control"
"X-146.BYL719 + binimetinib","X.146.uned","control"
"X-146.BYL719 + cetuximab","X.146.uned","control"
"X-146.BYL719 + cetuximab + encorafenib","X.146.uned","control"
"X-146.BYL719 + encorafenib","X.146.uned","control"
"X-146.cetuximab","X.146.uned","control"
"X-146.cetuximab + encorafenib","X.146.uned","control"
"X-146.CGM097","X.146.uned","control"
"X-146.CKX620","X.146.uned","control"
"X-146.encorafenib","X.146.uned","control"
"X-146.LFW527 + binimetinib","X.146.uned","control"
"X-146.LJC049","X.146.uned","control"
"X-146.LKA136","X.146.uned","control"
"X-146.abraxane","X.146.uned","control"
"X-146.binimetinib-3.5mpk","X.146.uned","control"
"X-146.BKM120 + binimetinib","X.146.uned","control"
"X-146.BKM120 + LDE225","X.146.uned","control"
"X-146.figitumumab + binimetinib","X.146.uned","control"
"X-146.gemcitabine-50mpk","X.146.uned","control"
"X-146.INC424","X.146.uned","control"
"X-146.INC424 + binimetinib","X.146.uned","control"
"X-146.trametinib","X.146.uned","control"
"X-146.BYL719 + LEE011","X.146.uned","control"
"X-146.LFA102","X.146.uned","control"
"X-146.LFW527 + everolimus","X.146.uned","control"
"X-146.paclitaxel","X.146.uned","control"
"X-146.tamoxifen","X.146.uned","control"
"X-146.BYL719 + LGH447","X.146.uned","control"
"X-146.erlotinib","X.146.uned","control"
"X-146.LCL161 + paclitaxel","X.146.uned","control"
"X-146.LGH447","X.146.uned","control"
"X-146.WNT974","X.146.uned","control"
"X-146.BKM120 + encorafenib","X.146.uned","control"
"X-146.dacarbazine","X.146.uned","control"
"X-146.encorafenib + binimetinib","X.146.uned","control"
"X-146.LDE225","X.146.uned","control"
"X-146.LDK378","X.146.uned","control"
"X-146.LEE011 + binimetinib","X.146.uned","control"
"X-146.LEE011 + encorafenib","X.146.uned","control"
"X-146.LGW813","X.146.uned","control"
"X-146.TAS266","X.146.uned","control"
"X-1479.BGJ398","X.1479.uned","control"
"X-1479.binimetinib","X.1479.uned","control"
"X-1479.binimetinib","X.1479.biib","treatment"
"X-1479.BKM120","X.1479.uned","control"
"X-1479.BKM120","X.1479.BK20","treatment"
"X-1479.BYL719","X.1479.uned","control"
"X-1479.BYL719","X.1479.BY19","treatment"
"X-1479.BYL719 + HSP990","X.1479.uned","control"
"X-1479.BYL719 + LJM716","X.1479.uned","control"
"X-1479.BYL719 + LJM716","X.1479.BY19.LJ16","treatment"
"X-1479.CLR457","X.1479.uned","control"
"X-1479.CLR457","X.1479.CL57","treatment"
"X-1479.everolimus","X.1479.uned","control"
"X-1479.figitumumab","X.1479.uned","control"
"X-1479.HDM201","X.1479.uned","control"
"X-1479.HDM201","X.1479.HD01","treatment"
"X-1479.HSP990","X.1479.uned","control"
"X-1479.INC280","X.1479.uned","control"
"X-1479.INC280 + trastuzumab","X.1479.uned","control"
"X-1479.LEE011","X.1479.uned","control"
"X-1479.LEE011","X.1479.LE11","treatment"
"X-1479.LEE011 + everolimus","X.1479.uned","control"
"X-1479.LJM716","X.1479.uned","control"
"X-1479.LJM716 + trastuzumab","X.1479.uned","control"
"X-1479.LLM871","X.1479.uned","control"
"X-1479.trastuzumab","X.1479.uned","control"
"X-1479.5FU","X.1479.uned","control"
"X-1479.5FU","X.1479.5FFU","treatment"
"X-1479.BKM120 + LJC049","X.1479.uned","control"
"X-1479.BKM120 + LJC049","X.1479.BK20.LJ49","treatment"
"X-1479.BYL719 + binimetinib","X.1479.uned","control"
"X-1479.BYL719 + binimetinib","X.1479.BY19.biib","treatment"
"X-1479.BYL719 + cetuximab","X.1479.uned","control"
"X-1479.BYL719 + cetuximab","X.1479.BY19.ceab","treatment"
"X-1479.BYL719 + cetuximab + encorafenib","X.1479.uned","control"
"X-1479.BYL719 + cetuximab + encorafenib","X.1479.BY19.ceab.enib","treatment"
"X-1479.BYL719 + encorafenib","X.1479.uned","control"
"X-1479.BYL719 + encorafenib","X.1479.BY19.enib","treatment"
"X-1479.cetuximab","X.1479.uned","control"
"X-1479.cetuximab","X.1479.ceab","treatment"
"X-1479.cetuximab + encorafenib","X.1479.uned","control"
"X-1479.cetuximab + encorafenib","X.1479.ceab.enib","treatment"
"X-1479.CGM097","X.1479.uned","control"
"X-1479.CGM097","X.1479.CG97","treatment"
"X-1479.CKX620","X.1479.uned","control"
"X-1479.CKX620","X.1479.CK20","treatment"
"X-1479.encorafenib","X.1479.uned","control"
"X-1479.encorafenib","X.1479.enib","treatment"
"X-1479.LFW527 + binimetinib","X.1479.uned","control"
"X-1479.LJC049","X.1479.uned","control"
"X-1479.LJC049","X.1479.LJ49","treatment"
"X-1479.LKA136","X.1479.uned","control"
"X-1479.LKA136","X.1479.LK36","treatment"
"X-1479.abraxane","X.1479.uned","control"
"X-1479.binimetinib-3.5mpk","X.1479.uned","control"
"X-1479.BKM120 + binimetinib","X.1479.uned","control"
"X-1479.BKM120 + LDE225","X.1479.uned","control"
"X-1479.figitumumab + binimetinib","X.1479.uned","control"
"X-1479.gemcitabine-50mpk","X.1479.uned","control"
"X-1479.INC424","X.1479.uned","control"
"X-1479.INC424 + binimetinib","X.1479.uned","control"
"X-1479.trametinib","X.1479.uned","control"
"X-1479.BYL719 + LEE011","X.1479.uned","control"
"X-1479.LFA102","X.1479.uned","control"
"X-1479.LFW527 + everolimus","X.1479.uned","control"
"X-1479.paclitaxel","X.1479.uned","control"
"X-1479.tamoxifen","X.1479.uned","control"
"X-1479.BYL719 + LGH447","X.1479.uned","control"
"X-1479.erlotinib","X.1479.uned","control"
"X-1479.LCL161 + paclitaxel","X.1479.uned","control"
"X-1479.LGH447","X.1479.uned","control"
"X-1479.WNT974","X.1479.uned","control"
"X-1479.BKM120 + encorafenib","X.1479.uned","control"
"X-1479.dacarbazine","X.1479.uned","control"
"X-1479.encorafenib + binimetinib","X.1479.uned","control"
"X-1479.LDE225","X.1479.uned","control"
"X-1479.LDK378","X.1479.uned","control"
"X-1479.LEE011 + binimetinib","X.1479.uned","control"
"X-1479.LEE011 + encorafenib","X.1479.uned","control"
"X-1479.LGW813","X.1479.uned","control"
"X-1479.TAS266","X.1479.uned","control"
"X-1499.BGJ398","X.1499.uned","control"
"X-1499.BGJ398","X.1499.BG98","treatment"
"X-1499.binimetinib","X.1499.uned","control"
"X-1499.binimetinib","X.1499.biib","treatment"
"X-1499.BKM120","X.1499.uned","control"
"X-1499.BKM120","X.1499.BK20","treatment"
"X-1499.BYL719","X.1499.uned","control"
"X-1499.BYL719","X.1499.BY19","treatment"
"X-1499.BYL719 + HSP990","X.1499.uned","control"
"X-1499.BYL719 + LJM716","X.1499.uned","control"
"X-1499.BYL719 + LJM716","X.1499.BY19.LJ16","treatment"
"X-1499.CLR457","X.1499.uned","control"
"X-1499.CLR457","X.1499.CL57","treatment"
"X-1499.everolimus","X.1499.uned","control"
"X-1499.figitumumab","X.1499.uned","control"
"X-1499.HDM201","X.1499.uned","control"
"X-1499.HDM201","X.1499.HD01","treatment"
"X-1499.HSP990","X.1499.uned","control"
"X-1499.HSP990","X.1499.HS90","treatment"
"X-1499.INC280","X.1499.uned","control"
"X-1499.INC280","X.1499.IN80","treatment"
"X-1499.INC280 + trastuzumab","X.1499.uned","control"
"X-1499.LEE011","X.1499.uned","control"
"X-1499.LEE011","X.1499.LE11","treatment"
"X-1499.LEE011 + everolimus","X.1499.uned","control"
"X-1499.LJM716","X.1499.uned","control"
"X-1499.LJM716 + trastuzumab","X.1499.uned","control"
"X-1499.LLM871","X.1499.uned","control"
"X-1499.LLM871","X.1499.LL71","treatment"
"X-1499.trastuzumab","X.1499.uned","control"
"X-1499.5FU","X.1499.uned","control"
"X-1499.BKM120 + LJC049","X.1499.uned","control"
"X-1499.BYL719 + binimetinib","X.1499.uned","control"
"X-1499.BYL719 + cetuximab","X.1499.uned","control"
"X-1499.BYL719 + cetuximab + encorafenib","X.1499.uned","control"
"X-1499.BYL719 + encorafenib","X.1499.uned","control"
"X-1499.cetuximab","X.1499.uned","control"
"X-1499.cetuximab","X.1499.ceab","treatment"
"X-1499.cetuximab + encorafenib","X.1499.uned","control"
"X-1499.CGM097","X.1499.uned","control"
"X-1499.CGM097","X.1499.CG97","treatment"
"X-1499.CKX620","X.1499.uned","control"
"X-1499.CKX620","X.1499.CK20","treatment"
"X-1499.encorafenib","X.1499.uned","control"
"X-1499.LFW527 + binimetinib","X.1499.uned","control"
"X-1499.LFW527 + binimetinib","X.1499.LF27.biib","treatment"
"X-1499.LJC049","X.1499.uned","control"
"X-1499.LKA136","X.1499.uned","control"
"X-1499.abraxane","X.1499.uned","control"
"X-1499.binimetinib-3.5mpk","X.1499.uned","control"
"X-1499.BKM120 + binimetinib","X.1499.uned","control"
"X-1499.BKM120 + binimetinib","X.1499.BK20.biib","treatment"
"X-1499.BKM120 + LDE225","X.1499.uned","control"
"X-1499.figitumumab + binimetinib","X.1499.uned","control"
"X-1499.gemcitabine-50mpk","X.1499.uned","control"
"X-1499.INC424","X.1499.uned","control"
"X-1499.INC424 + binimetinib","X.1499.uned","control"
"X-1499.trametinib","X.1499.uned","control"
"X-1499.BYL719 + LEE011","X.1499.uned","control"
"X-1499.LFA102","X.1499.uned","control"
"X-1499.LFW527 + everolimus","X.1499.uned","control"
"X-1499.paclitaxel","X.1499.uned","control"
"X-1499.paclitaxel","X.1499.pael","treatment"
"X-1499.tamoxifen","X.1499.uned","control"
"X-1499.BYL719 + LGH447","X.1499.uned","control"
"X-1499.BYL719 + LGH447","X.1499.BY19.LG47","treatment"
"X-1499.erlotinib","X.1499.uned","control"
"X-1499.erlotinib","X.1499.erib","treatment"
"X-1499.LCL161 + paclitaxel","X.1499.uned","control"
"X-1499.LCL161 + paclitaxel","X.1499.LC61.pael","treatment"
"X-1499.LGH447","X.1499.uned","control"
"X-1499.LGH447","X.1499.LG47","treatment"
"X-1499.WNT974","X.1499.uned","control"
"X-1499.BKM120 + encorafenib","X.1499.uned","control"
"X-1499.dacarbazine","X.1499.uned","control"
"X-1499.encorafenib + binimetinib","X.1499.uned","control"
"X-1499.LDE225","X.1499.uned","control"
"X-1499.LDK378","X.1499.uned","control"
"X-1499.LEE011 + binimetinib","X.1499.uned","control"
"X-1499.LEE011 + encorafenib","X.1499.uned","control"
"X-1499.LGW813","X.1499.uned","control"
"X-1499.TAS266","X.1499.uned","control"
"X-1500.BGJ398","X.1500.uned","control"
"X-1500.binimetinib","X.1500.uned","control"
"X-1500.binimetinib","X.1500.biib","treatment"
"X-1500.BKM120","X.1500.uned","control"
"X-1500.BKM120","X.1500.BK20","treatment"
"X-1500.BYL719","X.1500.uned","control"
"X-1500.BYL719","X.1500.BY19","treatment"
"X-1500.BYL719 + HSP990","X.1500.uned","control"
"X-1500.BYL719 + LJM716","X.1500.uned","control"
"X-1500.BYL719 + LJM716","X.1500.BY19.LJ16","treatment"
"X-1500.CLR457","X.1500.uned","control"
"X-1500.CLR457","X.1500.CL57","treatment"
"X-1500.everolimus","X.1500.uned","control"
"X-1500.figitumumab","X.1500.uned","control"
"X-1500.HDM201","X.1500.uned","control"
"X-1500.HDM201","X.1500.HD01","treatment"
"X-1500.HSP990","X.1500.uned","control"
"X-1500.INC280","X.1500.uned","control"
"X-1500.INC280 + trastuzumab","X.1500.uned","control"
"X-1500.LEE011","X.1500.uned","control"
"X-1500.LEE011","X.1500.LE11","treatment"
"X-1500.LEE011 + everolimus","X.1500.uned","control"
"X-1500.LJM716","X.1500.uned","control"
"X-1500.LJM716 + trastuzumab","X.1500.uned","control"
"X-1500.LLM871","X.1500.uned","control"
"X-1500.trastuzumab","X.1500.uned","control"
"X-1500.5FU","X.1500.uned","control"
"X-1500.5FU","X.1500.5FFU","treatment"
"X-1500.BKM120 + LJC049","X.1500.uned","control"
"X-1500.BKM120 + LJC049","X.1500.BK20.LJ49","treatment"
"X-1500.BYL719 + binimetinib","X.1500.uned","control"
"X-1500.BYL719 + binimetinib","X.1500.BY19.biib","treatment"
"X-1500.BYL719 + cetuximab","X.1500.uned","control"
"X-1500.BYL719 + cetuximab","X.1500.BY19.ceab","treatment"
"X-1500.BYL719 + cetuximab + encorafenib","X.1500.uned","control"
"X-1500.BYL719 + cetuximab + encorafenib","X.1500.BY19.ceab.enib","treatment"
"X-1500.BYL719 + encorafenib","X.1500.uned","control"
"X-1500.BYL719 + encorafenib","X.1500.BY19.enib","treatment"
"X-1500.cetuximab","X.1500.uned","control"
"X-1500.cetuximab","X.1500.ceab","treatment"
"X-1500.cetuximab + encorafenib","X.1500.uned","control"
"X-1500.cetuximab + encorafenib","X.1500.ceab.enib","treatment"
"X-1500.CGM097","X.1500.uned","control"
"X-1500.CGM097","X.1500.CG97","treatment"
"X-1500.CKX620","X.1500.uned","control"
"X-1500.CKX620","X.1500.CK20","treatment"
"X-1500.encorafenib","X.1500.uned","control"
"X-1500.encorafenib","X.1500.enib","treatment"
"X-1500.LFW527 + binimetinib","X.1500.uned","control"
"X-1500.LFW527 + binimetinib","X.1500.LF27.biib","treatment"
"X-1500.LJC049","X.1500.uned","control"
"X-1500.LJC049","X.1500.LJ49","treatment"
"X-1500.LKA136","X.1500.uned","control"
"X-1500.LKA136","X.1500.LK36","treatment"
"X-1500.abraxane","X.1500.uned","control"
"X-1500.binimetinib-3.5mpk","X.1500.uned","control"
"X-1500.BKM120 + binimetinib","X.1500.uned","control"
"X-1500.BKM120 + LDE225","X.1500.uned","control"
"X-1500.figitumumab + binimetinib","X.1500.uned","control"
"X-1500.gemcitabine-50mpk","X.1500.uned","control"
"X-1500.INC424","X.1500.uned","control"
"X-1500.INC424 + binimetinib","X.1500.uned","control"
"X-1500.trametinib","X.1500.uned","control"
"X-1500.BYL719 + LEE011","X.1500.uned","control"
"X-1500.LFA102","X.1500.uned","control"
"X-1500.LFW527 + everolimus","X.1500.uned","control"
"X-1500.paclitaxel","X.1500.uned","control"
"X-1500.tamoxifen","X.1500.uned","control"
"X-1500.BYL719 + LGH447","X.1500.uned","control"
"X-1500.erlotinib","X.1500.uned","control"
"X-1500.LCL161 + paclitaxel","X.1500.uned","control"
"X-1500.LGH447","X.1500.uned","control"
"X-1500.WNT974","X.1500.uned","control"
"X-1500.BKM120 + encorafenib","X.1500.uned","control"
"X-1500.dacarbazine","X.1500.uned","control"
"X-1500.encorafenib + binimetinib","X.1500.uned","control"
"X-1500.LDE225","X.1500.uned","control"
"X-1500.LDK378","X.1500.uned","control"
"X-1500.LEE011 + binimetinib","X.1500.uned","control"
"X-1500.LEE011 + encorafenib","X.1500.uned","control"
"X-1500.LGW813","X.1500.uned","control"
"X-1500.TAS266","X.1500.uned","control"
"X-1536.BGJ398","X.1536.uned","control"
"X-1536.binimetinib","X.1536.uned","control"
"X-1536.binimetinib","X.1536.biib","treatment"
"X-1536.BKM120","X.1536.uned","control"
"X-1536.BKM120","X.1536.BK20","treatment"
"X-1536.BYL719","X.1536.uned","control"
"X-1536.BYL719","X.1536.BY19","treatment"
"X-1536.BYL719 + HSP990","X.1536.uned","control"
"X-1536.BYL719 + LJM716","X.1536.uned","control"
"X-1536.BYL719 + LJM716","X.1536.BY19.LJ16","treatment"
"X-1536.CLR457","X.1536.uned","control"
"X-1536.CLR457","X.1536.CL57","treatment"
"X-1536.everolimus","X.1536.uned","control"
"X-1536.figitumumab","X.1536.uned","control"
"X-1536.HDM201","X.1536.uned","control"
"X-1536.HDM201","X.1536.HD01","treatment"
"X-1536.HSP990","X.1536.uned","control"
"X-1536.INC280","X.1536.uned","control"
"X-1536.INC280 + trastuzumab","X.1536.uned","control"
"X-1536.LEE011","X.1536.uned","control"
"X-1536.LEE011","X.1536.LE11","treatment"
"X-1536.LEE011 + everolimus","X.1536.uned","control"
"X-1536.LJM716","X.1536.uned","control"
"X-1536.LJM716 + trastuzumab","X.1536.uned","control"
"X-1536.LLM871","X.1536.uned","control"
"X-1536.trastuzumab","X.1536.uned","control"
"X-1536.5FU","X.1536.uned","control"
"X-1536.5FU","X.1536.5FFU","treatment"
"X-1536.BKM120 + LJC049","X.1536.uned","control"
"X-1536.BKM120 + LJC049","X.1536.BK20.LJ49","treatment"
"X-1536.BYL719 + binimetinib","X.1536.uned","control"
"X-1536.BYL719 + binimetinib","X.1536.BY19.biib","treatment"
"X-1536.BYL719 + cetuximab","X.1536.uned","control"
"X-1536.BYL719 + cetuximab","X.1536.BY19.ceab","treatment"
"X-1536.BYL719 + cetuximab + encorafenib","X.1536.uned","control"
"X-1536.BYL719 + cetuximab + encorafenib","X.1536.BY19.ceab.enib","treatment"
"X-1536.BYL719 + encorafenib","X.1536.uned","control"
"X-1536.BYL719 + encorafenib","X.1536.BY19.enib","treatment"
"X-1536.cetuximab","X.1536.uned","control"
"X-1536.cetuximab","X.1536.ceab","treatment"
"X-1536.cetuximab + encorafenib","X.1536.uned","control"
"X-1536.cetuximab + encorafenib","X.1536.ceab.enib","treatment"
"X-1536.CGM097","X.1536.uned","control"
"X-1536.CKX620","X.1536.uned","control"
"X-1536.CKX620","X.1536.CK20","treatment"
"X-1536.encorafenib","X.1536.uned","control"
"X-1536.encorafenib","X.1536.enib","treatment"
"X-1536.LFW527 + binimetinib","X.1536.uned","control"
"X-1536.LJC049","X.1536.uned","control"
"X-1536.LJC049","X.1536.LJ49","treatment"
"X-1536.LKA136","X.1536.uned","control"
"X-1536.LKA136","X.1536.LK36","treatment"
"X-1536.abraxane","X.1536.uned","control"
"X-1536.binimetinib-3.5mpk","X.1536.uned","control"
"X-1536.BKM120 + binimetinib","X.1536.uned","control"
"X-1536.BKM120 + LDE225","X.1536.uned","control"
"X-1536.figitumumab + binimetinib","X.1536.uned","control"
"X-1536.gemcitabine-50mpk","X.1536.uned","control"
"X-1536.INC424","X.1536.uned","control"
"X-1536.INC424 + binimetinib","X.1536.uned","control"
"X-1536.trametinib","X.1536.uned","control"
"X-1536.BYL719 + LEE011","X.1536.uned","control"
"X-1536.LFA102","X.1536.uned","control"
"X-1536.LFW527 + everolimus","X.1536.uned","control"
"X-1536.paclitaxel","X.1536.uned","control"
"X-1536.tamoxifen","X.1536.uned","control"
"X-1536.BYL719 + LGH447","X.1536.uned","control"
"X-1536.erlotinib","X.1536.uned","control"
"X-1536.LCL161 + paclitaxel","X.1536.uned","control"
"X-1536.LGH447","X.1536.uned","control"
"X-1536.WNT974","X.1536.uned","control"
"X-1536.BKM120 + encorafenib","X.1536.uned","control"
"X-1536.dacarbazine","X.1536.uned","control"
"X-1536.encorafenib + binimetinib","X.1536.uned","control"
"X-1536.LDE225","X.1536.uned","control"
"X-1536.LDK378","X.1536.uned","control"
"X-1536.LEE011 + binimetinib","X.1536.uned","control"
"X-1536.LEE011 + encorafenib","X.1536.uned","control"
"X-1536.LGW813","X.1536.uned","control"
"X-1536.TAS266","X.1536.uned","control"
"X-1538.BGJ398","X.1538.uned","control"
"X-1538.binimetinib","X.1538.uned","control"
"X-1538.BKM120","X.1538.uned","control"
"X-1538.BYL719","X.1538.uned","control"
"X-1538.BYL719","X.1538.BY19","treatment"
"X-1538.BYL719 + HSP990","X.1538.uned","control"
"X-1538.BYL719 + LJM716","X.1538.uned","control"
"X-1538.CLR457","X.1538.uned","control"
"X-1538.CLR457","X.1538.CL57","treatment"
"X-1538.everolimus","X.1538.uned","control"
"X-1538.figitumumab","X.1538.uned","control"
"X-1538.HDM201","X.1538.uned","control"
"X-1538.HSP990","X.1538.uned","control"
"X-1538.INC280","X.1538.uned","control"
"X-1538.INC280 + trastuzumab","X.1538.uned","control"
"X-1538.LEE011","X.1538.uned","control"
"X-1538.LEE011","X.1538.LE11","treatment"
"X-1538.LEE011 + everolimus","X.1538.uned","control"
"X-1538.LJM716","X.1538.uned","control"
"X-1538.LJM716 + trastuzumab","X.1538.uned","control"
"X-1538.LLM871","X.1538.uned","control"
"X-1538.trastuzumab","X.1538.uned","control"
"X-1538.5FU","X.1538.uned","control"
"X-1538.BKM120 + LJC049","X.1538.uned","control"
"X-1538.BYL719 + binimetinib","X.1538.uned","control"
"X-1538.BYL719 + binimetinib","X.1538.BY19.biib","treatment"
"X-1538.BYL719 + cetuximab","X.1538.uned","control"
"X-1538.BYL719 + cetuximab + encorafenib","X.1538.uned","control"
"X-1538.BYL719 + encorafenib","X.1538.uned","control"
"X-1538.cetuximab","X.1538.uned","control"
"X-1538.cetuximab","X.1538.ceab","treatment"
"X-1538.cetuximab + encorafenib","X.1538.uned","control"
"X-1538.CGM097","X.1538.uned","control"
"X-1538.CKX620","X.1538.uned","control"
"X-1538.encorafenib","X.1538.uned","control"
"X-1538.encorafenib","X.1538.enib","treatment"
"X-1538.LFW527 + binimetinib","X.1538.uned","control"
"X-1538.LJC049","X.1538.uned","control"
"X-1538.LKA136","X.1538.uned","control"
"X-1538.abraxane","X.1538.uned","control"
"X-1538.binimetinib-3.5mpk","X.1538.uned","control"
"X-1538.BKM120 + binimetinib","X.1538.uned","control"
"X-1538.BKM120 + LDE225","X.1538.uned","control"
"X-1538.figitumumab + binimetinib","X.1538.uned","control"
"X-1538.gemcitabine-50mpk","X.1538.uned","control"
"X-1538.INC424","X.1538.uned","control"
"X-1538.INC424 + binimetinib","X.1538.uned","control"
"X-1538.trametinib","X.1538.uned","control"
"X-1538.BYL719 + LEE011","X.1538.uned","control"
"X-1538.LFA102","X.1538.uned","control"
"X-1538.LFW527 + everolimus","X.1538.uned","control"
"X-1538.paclitaxel","X.1538.uned","control"
"X-1538.tamoxifen","X.1538.uned","control"
"X-1538.BYL719 + LGH447","X.1538.uned","control"
"X-1538.erlotinib","X.1538.uned","control"
"X-1538.LCL161 + paclitaxel","X.1538.uned","control"
"X-1538.LGH447","X.1538.uned","control"
"X-1538.WNT974","X.1538.uned","control"
"X-1538.BKM120 + encorafenib","X.1538.uned","control"
"X-1538.dacarbazine","X.1538.uned","control"
"X-1538.encorafenib + binimetinib","X.1538.uned","control"
"X-1538.LDE225","X.1538.uned","control"
"X-1538.LDK378","X.1538.uned","control"
"X-1538.LEE011 + binimetinib","X.1538.uned","control"
"X-1538.LEE011 + encorafenib","X.1538.uned","control"
"X-1538.LGW813","X.1538.uned","control"
"X-1538.TAS266","X.1538.uned","control"
"X-154.BGJ398","X.154.uned","control"
"X-154.BGJ398","X.154.BG98","treatment"
"X-154.binimetinib","X.154.uned","control"
"X-154.binimetinib","X.154.biib","treatment"
"X-154.BKM120","X.154.uned","control"
"X-154.BKM120","X.154.BK20","treatment"
"X-154.BYL719","X.154.uned","control"
"X-154.BYL719","X.154.BY19","treatment"
"X-154.BYL719 + HSP990","X.154.uned","control"
"X-154.BYL719 + HSP990","X.154.BY19.HS90","treatment"
"X-154.BYL719 + LJM716","X.154.uned","control"
"X-154.BYL719 + LJM716","X.154.BY19.LJ16","treatment"
"X-154.CLR457","X.154.uned","control"
"X-154.CLR457","X.154.CL57","treatment"
"X-154.everolimus","X.154.uned","control"
"X-154.everolimus","X.154.evus","treatment"
"X-154.figitumumab","X.154.uned","control"
"X-154.figitumumab","X.154.fiab","treatment"
"X-154.HDM201","X.154.uned","control"
"X-154.HDM201","X.154.HD01","treatment"
"X-154.HSP990","X.154.uned","control"
"X-154.HSP990","X.154.HS90","treatment"
"X-154.INC280","X.154.uned","control"
"X-154.INC280","X.154.IN80","treatment"
"X-154.INC280 + trastuzumab","X.154.uned","control"
"X-154.INC280 + trastuzumab","X.154.IN80.trab","treatment"
"X-154.LEE011","X.154.uned","control"
"X-154.LEE011","X.154.LE11","treatment"
"X-154.LEE011 + everolimus","X.154.uned","control"
"X-154.LEE011 + everolimus","X.154.LE11.evus","treatment"
"X-154.LJM716","X.154.uned","control"
"X-154.LJM716","X.154.LJ16","treatment"
"X-154.LJM716 + trastuzumab","X.154.uned","control"
"X-154.LJM716 + trastuzumab","X.154.LJ16.trab","treatment"
"X-154.LLM871","X.154.uned","control"
"X-154.trastuzumab","X.154.uned","control"
"X-154.trastuzumab","X.154.trab","treatment"
"X-154.5FU","X.154.uned","control"
"X-154.BKM120 + LJC049","X.154.uned","control"
"X-154.BYL719 + binimetinib","X.154.uned","control"
"X-154.BYL719 + cetuximab","X.154.uned","control"
"X-154.BYL719 + cetuximab + encorafenib","X.154.uned","control"
"X-154.BYL719 + encorafenib","X.154.uned","control"
"X-154.cetuximab","X.154.uned","control"
"X-154.cetuximab + encorafenib","X.154.uned","control"
"X-154.CGM097","X.154.uned","control"
"X-154.CKX620","X.154.uned","control"
"X-154.encorafenib","X.154.uned","control"
"X-154.LFW527 + binimetinib","X.154.uned","control"
"X-154.LJC049","X.154.uned","control"
"X-154.LKA136","X.154.uned","control"
"X-154.abraxane","X.154.uned","control"
"X-154.binimetinib-3.5mpk","X.154.uned","control"
"X-154.BKM120 + binimetinib","X.154.uned","control"
"X-154.BKM120 + LDE225","X.154.uned","control"
"X-154.figitumumab + binimetinib","X.154.uned","control"
"X-154.gemcitabine-50mpk","X.154.uned","control"
"X-154.INC424","X.154.uned","control"
"X-154.INC424 + binimetinib","X.154.uned","control"
"X-154.trametinib","X.154.uned","control"
"X-154.BYL719 + LEE011","X.154.uned","control"
"X-154.LFA102","X.154.uned","control"
"X-154.LFW527 + everolimus","X.154.uned","control"
"X-154.paclitaxel","X.154.uned","control"
"X-154.tamoxifen","X.154.uned","control"
"X-154.BYL719 + LGH447","X.154.uned","control"
"X-154.erlotinib","X.154.uned","control"
"X-154.LCL161 + paclitaxel","X.154.uned","control"
"X-154.LGH447","X.154.uned","control"
"X-154.WNT974","X.154.uned","control"
"X-154.BKM120 + encorafenib","X.154.uned","control"
"X-154.dacarbazine","X.154.uned","control"
"X-154.encorafenib + binimetinib","X.154.uned","control"
"X-154.LDE225","X.154.uned","control"
"X-154.LDK378","X.154.uned","control"
"X-154.LEE011 + binimetinib","X.154.uned","control"
"X-154.LEE011 + encorafenib","X.154.uned","control"
"X-154.LGW813","X.154.uned","control"
"X-154.TAS266","X.154.uned","control"
"X-1586.BGJ398","X.1586.uned","control"
"X-1586.BGJ398","X.1586.BG98","treatment"
"X-1586.binimetinib","X.1586.uned","control"
"X-1586.binimetinib","X.1586.biib","treatment"
"X-1586.BKM120","X.1586.uned","control"
"X-1586.BKM120","X.1586.BK20","treatment"
"X-1586.BYL719","X.1586.uned","control"
"X-1586.BYL719","X.1586.BY19","treatment"
"X-1586.BYL719 + HSP990","X.1586.uned","control"
"X-1586.BYL719 + LJM716","X.1586.uned","control"
"X-1586.BYL719 + LJM716","X.1586.BY19.LJ16","treatment"
"X-1586.CLR457","X.1586.uned","control"
"X-1586.CLR457","X.1586.CL57","treatment"
"X-1586.everolimus","X.1586.uned","control"
"X-1586.figitumumab","X.1586.uned","control"
"X-1586.HDM201","X.1586.uned","control"
"X-1586.HDM201","X.1586.HD01","treatment"
"X-1586.HSP990","X.1586.uned","control"
"X-1586.HSP990","X.1586.HS90","treatment"
"X-1586.INC280","X.1586.uned","control"
"X-1586.INC280","X.1586.IN80","treatment"
"X-1586.INC280 + trastuzumab","X.1586.uned","control"
"X-1586.LEE011","X.1586.uned","control"
"X-1586.LEE011","X.1586.LE11","treatment"
"X-1586.LEE011 + everolimus","X.1586.uned","control"
"X-1586.LJM716","X.1586.uned","control"
"X-1586.LJM716 + trastuzumab","X.1586.uned","control"
"X-1586.LLM871","X.1586.uned","control"
"X-1586.LLM871","X.1586.LL71","treatment"
"X-1586.trastuzumab","X.1586.uned","control"
"X-1586.5FU","X.1586.uned","control"
"X-1586.BKM120 + LJC049","X.1586.uned","control"
"X-1586.BYL719 + binimetinib","X.1586.uned","control"
"X-1586.BYL719 + cetuximab","X.1586.uned","control"
"X-1586.BYL719 + cetuximab + encorafenib","X.1586.uned","control"
"X-1586.BYL719 + encorafenib","X.1586.uned","control"
"X-1586.cetuximab","X.1586.uned","control"
"X-1586.cetuximab","X.1586.ceab","treatment"
"X-1586.cetuximab + encorafenib","X.1586.uned","control"
"X-1586.CGM097","X.1586.uned","control"
"X-1586.CGM097","X.1586.CG97","treatment"
"X-1586.CKX620","X.1586.uned","control"
"X-1586.CKX620","X.1586.CK20","treatment"
"X-1586.encorafenib","X.1586.uned","control"
"X-1586.LFW527 + binimetinib","X.1586.uned","control"
"X-1586.LFW527 + binimetinib","X.1586.LF27.biib","treatment"
"X-1586.LJC049","X.1586.uned","control"
"X-1586.LKA136","X.1586.uned","control"
"X-1586.abraxane","X.1586.uned","control"
"X-1586.binimetinib-3.5mpk","X.1586.uned","control"
"X-1586.BKM120 + binimetinib","X.1586.uned","control"
"X-1586.BKM120 + binimetinib","X.1586.BK20.biib","treatment"
"X-1586.BKM120 + LDE225","X.1586.uned","control"
"X-1586.figitumumab + binimetinib","X.1586.uned","control"
"X-1586.gemcitabine-50mpk","X.1586.uned","control"
"X-1586.INC424","X.1586.uned","control"
"X-1586.INC424 + binimetinib","X.1586.uned","control"
"X-1586.trametinib","X.1586.uned","control"
"X-1586.BYL719 + LEE011","X.1586.uned","control"
"X-1586.LFA102","X.1586.uned","control"
"X-1586.LFW527 + everolimus","X.1586.uned","control"
"X-1586.paclitaxel","X.1586.uned","control"
"X-1586.paclitaxel","X.1586.pael","treatment"
"X-1586.tamoxifen","X.1586.uned","control"
"X-1586.BYL719 + LGH447","X.1586.uned","control"
"X-1586.BYL719 + LGH447","X.1586.BY19.LG47","treatment"
"X-1586.erlotinib","X.1586.uned","control"
"X-1586.erlotinib","X.1586.erib","treatment"
"X-1586.LCL161 + paclitaxel","X.1586.uned","control"
"X-1586.LCL161 + paclitaxel","X.1586.LC61.pael","treatment"
"X-1586.LGH447","X.1586.uned","control"
"X-1586.LGH447","X.1586.LG47","treatment"
"X-1586.WNT974","X.1586.uned","control"
"X-1586.BKM120 + encorafenib","X.1586.uned","control"
"X-1586.dacarbazine","X.1586.uned","control"
"X-1586.encorafenib + binimetinib","X.1586.uned","control"
"X-1586.LDE225","X.1586.uned","control"
"X-1586.LDK378","X.1586.uned","control"
"X-1586.LEE011 + binimetinib","X.1586.uned","control"
"X-1586.LEE011 + encorafenib","X.1586.uned","control"
"X-1586.LGW813","X.1586.uned","control"
"X-1586.TAS266","X.1586.uned","control"
"X-158.BGJ398","X.158.uned","control"
"X-158.BGJ398","X.158.BG98","treatment"
"X-158.binimetinib","X.158.uned","control"
"X-158.binimetinib","X.158.biib","treatment"
"X-158.BKM120","X.158.uned","control"
"X-158.BKM120","X.158.BK20","treatment"
"X-158.BYL719","X.158.uned","control"
"X-158.BYL719","X.158.BY19","treatment"
"X-158.BYL719 + HSP990","X.158.uned","control"
"X-158.BYL719 + HSP990","X.158.BY19.HS90","treatment"
"X-158.BYL719 + LJM716","X.158.uned","control"
"X-158.CLR457","X.158.uned","control"
"X-158.CLR457","X.158.CL57","treatment"
"X-158.everolimus","X.158.uned","control"
"X-158.everolimus","X.158.evus","treatment"
"X-158.figitumumab","X.158.uned","control"
"X-158.figitumumab","X.158.fiab","treatment"
"X-158.HDM201","X.158.uned","control"
"X-158.HDM201","X.158.HD01","treatment"
"X-158.HSP990","X.158.uned","control"
"X-158.HSP990","X.158.HS90","treatment"
"X-158.INC280","X.158.uned","control"
"X-158.INC280","X.158.IN80","treatment"
"X-158.INC280 + trastuzumab","X.158.uned","control"
"X-158.INC280 + trastuzumab","X.158.IN80.trab","treatment"
"X-158.LEE011","X.158.uned","control"
"X-158.LEE011","X.158.LE11","treatment"
"X-158.LEE011 + everolimus","X.158.uned","control"
"X-158.LEE011 + everolimus","X.158.LE11.evus","treatment"
"X-158.LJM716","X.158.uned","control"
"X-158.LJM716","X.158.LJ16","treatment"
"X-158.LJM716 + trastuzumab","X.158.uned","control"
"X-158.LJM716 + trastuzumab","X.158.LJ16.trab","treatment"
"X-158.LLM871","X.158.uned","control"
"X-158.LLM871","X.158.LL71","treatment"
"X-158.trastuzumab","X.158.uned","control"
"X-158.trastuzumab","X.158.trab","treatment"
"X-158.5FU","X.158.uned","control"
"X-158.BKM120 + LJC049","X.158.uned","control"
"X-158.BYL719 + binimetinib","X.158.uned","control"
"X-158.BYL719 + cetuximab","X.158.uned","control"
"X-158.BYL719 + cetuximab + encorafenib","X.158.uned","control"
"X-158.BYL719 + encorafenib","X.158.uned","control"
"X-158.cetuximab","X.158.uned","control"
"X-158.cetuximab + encorafenib","X.158.uned","control"
"X-158.CGM097","X.158.uned","control"
"X-158.CKX620","X.158.uned","control"
"X-158.encorafenib","X.158.uned","control"
"X-158.LFW527 + binimetinib","X.158.uned","control"
"X-158.LJC049","X.158.uned","control"
"X-158.LKA136","X.158.uned","control"
"X-158.abraxane","X.158.uned","control"
"X-158.binimetinib-3.5mpk","X.158.uned","control"
"X-158.BKM120 + binimetinib","X.158.uned","control"
"X-158.BKM120 + LDE225","X.158.uned","control"
"X-158.figitumumab + binimetinib","X.158.uned","control"
"X-158.gemcitabine-50mpk","X.158.uned","control"
"X-158.INC424","X.158.uned","control"
"X-158.INC424 + binimetinib","X.158.uned","control"
"X-158.trametinib","X.158.uned","control"
"X-158.BYL719 + LEE011","X.158.uned","control"
"X-158.LFA102","X.158.uned","control"
"X-158.LFW527 + everolimus","X.158.uned","control"
"X-158.paclitaxel","X.158.uned","control"
"X-158.tamoxifen","X.158.uned","control"
"X-158.BYL719 + LGH447","X.158.uned","control"
"X-158.erlotinib","X.158.uned","control"
"X-158.LCL161 + paclitaxel","X.158.uned","control"
"X-158.LGH447","X.158.uned","control"
"X-158.WNT974","X.158.uned","control"
"X-158.BKM120 + encorafenib","X.158.uned","control"
"X-158.dacarbazine","X.158.uned","control"
"X-158.encorafenib + binimetinib","X.158.uned","control"
"X-158.LDE225","X.158.uned","control"
"X-158.LDK378","X.158.uned","control"
"X-158.LEE011 + binimetinib","X.158.uned","control"
"X-158.LEE011 + encorafenib","X.158.uned","control"
"X-158.LGW813","X.158.uned","control"
"X-158.TAS266","X.158.uned","control"
"X-1600.BGJ398","X.1600.uned","control"
"X-1600.BGJ398","X.1600.BG98","treatment"
"X-1600.binimetinib","X.1600.uned","control"
"X-1600.binimetinib","X.1600.biib","treatment"
"X-1600.BKM120","X.1600.uned","control"
"X-1600.BKM120","X.1600.BK20","treatment"
"X-1600.BYL719","X.1600.uned","control"
"X-1600.BYL719","X.1600.BY19","treatment"
"X-1600.BYL719 + HSP990","X.1600.uned","control"
"X-1600.BYL719 + LJM716","X.1600.uned","control"
"X-1600.BYL719 + LJM716","X.1600.BY19.LJ16","treatment"
"X-1600.CLR457","X.1600.uned","control"
"X-1600.CLR457","X.1600.CL57","treatment"
"X-1600.everolimus","X.1600.uned","control"
"X-1600.figitumumab","X.1600.uned","control"
"X-1600.HDM201","X.1600.uned","control"
"X-1600.HDM201","X.1600.HD01","treatment"
"X-1600.HSP990","X.1600.uned","control"
"X-1600.INC280","X.1600.uned","control"
"X-1600.INC280 + trastuzumab","X.1600.uned","control"
"X-1600.LEE011","X.1600.uned","control"
"X-1600.LEE011","X.1600.LE11","treatment"
"X-1600.LEE011 + everolimus","X.1600.uned","control"
"X-1600.LEE011 + everolimus","X.1600.LE11.evus","treatment"
"X-1600.LJM716","X.1600.uned","control"
"X-1600.LJM716","X.1600.LJ16","treatment"
"X-1600.LJM716 + trastuzumab","X.1600.uned","control"
"X-1600.LJM716 + trastuzumab","X.1600.LJ16.trab","treatment"
"X-1600.LLM871","X.1600.uned","control"
"X-1600.LLM871","X.1600.LL71","treatment"
"X-1600.trastuzumab","X.1600.uned","control"
"X-1600.trastuzumab","X.1600.trab","treatment"
"X-1600.5FU","X.1600.uned","control"
"X-1600.BKM120 + LJC049","X.1600.uned","control"
"X-1600.BYL719 + binimetinib","X.1600.uned","control"
"X-1600.BYL719 + cetuximab","X.1600.uned","control"
"X-1600.BYL719 + cetuximab + encorafenib","X.1600.uned","control"
"X-1600.BYL719 + encorafenib","X.1600.uned","control"
"X-1600.cetuximab","X.1600.uned","control"
"X-1600.cetuximab + encorafenib","X.1600.uned","control"
"X-1600.CGM097","X.1600.uned","control"
"X-1600.CGM097","X.1600.CG97","treatment"
"X-1600.CKX620","X.1600.uned","control"
"X-1600.encorafenib","X.1600.uned","control"
"X-1600.LFW527 + binimetinib","X.1600.uned","control"
"X-1600.LJC049","X.1600.uned","control"
"X-1600.LKA136","X.1600.uned","control"
"X-1600.LKA136","X.1600.LK36","treatment"
"X-1600.abraxane","X.1600.uned","control"
"X-1600.binimetinib-3.5mpk","X.1600.uned","control"
"X-1600.BKM120 + binimetinib","X.1600.uned","control"
"X-1600.BKM120 + LDE225","X.1600.uned","control"
"X-1600.figitumumab + binimetinib","X.1600.uned","control"
"X-1600.gemcitabine-50mpk","X.1600.uned","control"
"X-1600.INC424","X.1600.uned","control"
"X-1600.INC424","X.1600.IN24","treatment"
"X-1600.INC424 + binimetinib","X.1600.uned","control"
"X-1600.trametinib","X.1600.uned","control"
"X-1600.BYL719 + LEE011","X.1600.uned","control"
"X-1600.BYL719 + LEE011","X.1600.BY19.LE11","treatment"
"X-1600.LFA102","X.1600.uned","control"
"X-1600.LFA102","X.1600.LF02","treatment"
"X-1600.LFW527 + everolimus","X.1600.uned","control"
"X-1600.LFW527 + everolimus","X.1600.LF27.evus","treatment"
"X-1600.paclitaxel","X.1600.uned","control"
"X-1600.paclitaxel","X.1600.pael","treatment"
"X-1600.tamoxifen","X.1600.uned","control"
"X-1600.tamoxifen","X.1600.taen","treatment"
"X-1600.BYL719 + LGH447","X.1600.uned","control"
"X-1600.erlotinib","X.1600.uned","control"
"X-1600.LCL161 + paclitaxel","X.1600.uned","control"
"X-1600.LGH447","X.1600.uned","control"
"X-1600.WNT974","X.1600.uned","control"
"X-1600.BKM120 + encorafenib","X.1600.uned","control"
"X-1600.dacarbazine","X.1600.uned","control"
"X-1600.encorafenib + binimetinib","X.1600.uned","control"
"X-1600.LDE225","X.1600.uned","control"
"X-1600.LDK378","X.1600.uned","control"
"X-1600.LEE011 + binimetinib","X.1600.uned","control"
"X-1600.LEE011 + encorafenib","X.1600.uned","control"
"X-1600.LGW813","X.1600.uned","control"
"X-1600.TAS266","X.1600.uned","control"
"X-160.BGJ398","X.160.BG98","treatment"
"X-160.binimetinib","X.160.biib","treatment"
"X-160.BKM120","X.160.BK20","treatment"
"X-160.BYL719","X.160.BY19","treatment"
"X-160.BYL719 + HSP990","X.160.BY19.HS90","treatment"
"X-160.BYL719 + LJM716","X.160.BY19.LJ16","treatment"
"X-160.CLR457","X.160.CL57","treatment"
"X-160.everolimus","X.160.evus","treatment"
"X-160.figitumumab","X.160.fiab","treatment"
"X-160.HDM201","X.160.HD01","treatment"
"X-160.HSP990","X.160.HS90","treatment"
"X-160.INC280","X.160.IN80","treatment"
"X-160.INC280 + trastuzumab","X.160.IN80.trab","treatment"
"X-160.LEE011","X.160.LE11","treatment"
"X-160.LEE011 + everolimus","X.160.LE11.evus","treatment"
"X-160.LJM716","X.160.LJ16","treatment"
"X-160.LJM716 + trastuzumab","X.160.LJ16.trab","treatment"
"X-160.LLM871","X.160.LL71","treatment"
"X-161.BGJ398","X.161.uned","control"
"X-161.BGJ398","X.161.BG98","treatment"
"X-161.binimetinib","X.161.uned","control"
"X-161.binimetinib","X.161.biib","treatment"
"X-161.BKM120","X.161.uned","control"
"X-161.BKM120","X.161.BK20","treatment"
"X-161.BYL719","X.161.uned","control"
"X-161.BYL719","X.161.BY19","treatment"
"X-161.BYL719 + HSP990","X.161.uned","control"
"X-161.BYL719 + HSP990","X.161.BY19.HS90","treatment"
"X-161.BYL719 + LJM716","X.161.uned","control"
"X-161.BYL719 + LJM716","X.161.BY19.LJ16","treatment"
"X-161.CLR457","X.161.uned","control"
"X-161.CLR457","X.161.CL57","treatment"
"X-161.everolimus","X.161.uned","control"
"X-161.everolimus","X.161.evus","treatment"
"X-161.figitumumab","X.161.uned","control"
"X-161.figitumumab","X.161.fiab","treatment"
"X-161.HDM201","X.161.uned","control"
"X-161.HDM201","X.161.HD01","treatment"
"X-161.HSP990","X.161.uned","control"
"X-161.HSP990","X.161.HS90","treatment"
"X-161.INC280","X.161.uned","control"
"X-161.INC280","X.161.IN80","treatment"
"X-161.INC280 + trastuzumab","X.161.uned","control"
"X-161.INC280 + trastuzumab","X.161.IN80.trab","treatment"
"X-161.LEE011","X.161.uned","control"
"X-161.LEE011","X.161.LE11","treatment"
"X-161.LEE011 + everolimus","X.161.uned","control"
"X-161.LEE011 + everolimus","X.161.LE11.evus","treatment"
"X-161.LJM716","X.161.uned","control"
"X-161.LJM716","X.161.LJ16","treatment"
"X-161.LJM716 + trastuzumab","X.161.uned","control"
"X-161.LJM716 + trastuzumab","X.161.LJ16.trab","treatment"
"X-161.LLM871","X.161.uned","control"
"X-161.LLM871","X.161.LL71","treatment"
"X-161.trastuzumab","X.161.uned","control"
"X-161.trastuzumab","X.161.trab","treatment"
"X-161.5FU","X.161.uned","control"
"X-161.BKM120 + LJC049","X.161.uned","control"
"X-161.BYL719 + binimetinib","X.161.uned","control"
"X-161.BYL719 + cetuximab","X.161.uned","control"
"X-161.BYL719 + cetuximab + encorafenib","X.161.uned","control"
"X-161.BYL719 + encorafenib","X.161.uned","control"
"X-161.cetuximab","X.161.uned","control"
"X-161.cetuximab + encorafenib","X.161.uned","control"
"X-161.CGM097","X.161.uned","control"
"X-161.CKX620","X.161.uned","control"
"X-161.encorafenib","X.161.uned","control"
"X-161.LFW527 + binimetinib","X.161.uned","control"
"X-161.LJC049","X.161.uned","control"
"X-161.LKA136","X.161.uned","control"
"X-161.abraxane","X.161.uned","control"
"X-161.binimetinib-3.5mpk","X.161.uned","control"
"X-161.BKM120 + binimetinib","X.161.uned","control"
"X-161.BKM120 + LDE225","X.161.uned","control"
"X-161.figitumumab + binimetinib","X.161.uned","control"
"X-161.gemcitabine-50mpk","X.161.uned","control"
"X-161.INC424","X.161.uned","control"
"X-161.INC424 + binimetinib","X.161.uned","control"
"X-161.trametinib","X.161.uned","control"
"X-161.BYL719 + LEE011","X.161.uned","control"
"X-161.LFA102","X.161.uned","control"
"X-161.LFW527 + everolimus","X.161.uned","control"
"X-161.paclitaxel","X.161.uned","control"
"X-161.tamoxifen","X.161.uned","control"
"X-161.BYL719 + LGH447","X.161.uned","control"
"X-161.erlotinib","X.161.uned","control"
"X-161.LCL161 + paclitaxel","X.161.uned","control"
"X-161.LGH447","X.161.uned","control"
"X-161.WNT974","X.161.uned","control"
"X-161.BKM120 + encorafenib","X.161.uned","control"
"X-161.dacarbazine","X.161.uned","control"
"X-161.encorafenib + binimetinib","X.161.uned","control"
"X-161.LDE225","X.161.uned","control"
"X-161.LDK378","X.161.uned","control"
"X-161.LEE011 + binimetinib","X.161.uned","control"
"X-161.LEE011 + encorafenib","X.161.uned","control"
"X-161.LGW813","X.161.uned","control"
"X-161.TAS266","X.161.uned","control"
"X-162.BGJ398","X.162.uned","control"
"X-162.binimetinib","X.162.uned","control"
"X-162.BKM120","X.162.uned","control"
"X-162.BYL719","X.162.uned","control"
"X-162.BYL719","X.162.BY19","treatment"
"X-162.BYL719 + HSP990","X.162.uned","control"
"X-162.BYL719 + HSP990","X.162.BY19.HS90","treatment"
"X-162.BYL719 + LJM716","X.162.uned","control"
"X-162.BYL719 + LJM716","X.162.BY19.LJ16","treatment"
"X-162.CLR457","X.162.uned","control"
"X-162.everolimus","X.162.uned","control"
"X-162.everolimus","X.162.evus","treatment"
"X-162.figitumumab","X.162.uned","control"
"X-162.HDM201","X.162.uned","control"
"X-162.HSP990","X.162.uned","control"
"X-162.HSP990","X.162.HS90","treatment"
"X-162.INC280","X.162.uned","control"
"X-162.INC280 + trastuzumab","X.162.uned","control"
"X-162.LEE011","X.162.uned","control"
"X-162.LEE011","X.162.LE11","treatment"
"X-162.LEE011 + everolimus","X.162.uned","control"
"X-162.LEE011 + everolimus","X.162.LE11.evus","treatment"
"X-162.LJM716","X.162.uned","control"
"X-162.LJM716 + trastuzumab","X.162.uned","control"
"X-162.LLM871","X.162.uned","control"
"X-162.trastuzumab","X.162.uned","control"
"X-162.5FU","X.162.uned","control"
"X-162.BKM120 + LJC049","X.162.uned","control"
"X-162.BYL719 + binimetinib","X.162.uned","control"
"X-162.BYL719 + cetuximab","X.162.uned","control"
"X-162.BYL719 + cetuximab + encorafenib","X.162.uned","control"
"X-162.BYL719 + encorafenib","X.162.uned","control"
"X-162.cetuximab","X.162.uned","control"
"X-162.cetuximab + encorafenib","X.162.uned","control"
"X-162.CGM097","X.162.uned","control"
"X-162.CKX620","X.162.uned","control"
"X-162.encorafenib","X.162.uned","control"
"X-162.LFW527 + binimetinib","X.162.uned","control"
"X-162.LJC049","X.162.uned","control"
"X-162.LKA136","X.162.uned","control"
"X-162.abraxane","X.162.uned","control"
"X-162.binimetinib-3.5mpk","X.162.uned","control"
"X-162.BKM120 + binimetinib","X.162.uned","control"
"X-162.BKM120 + LDE225","X.162.uned","control"
"X-162.figitumumab + binimetinib","X.162.uned","control"
"X-162.gemcitabine-50mpk","X.162.uned","control"
"X-162.INC424","X.162.uned","control"
"X-162.INC424 + binimetinib","X.162.uned","control"
"X-162.trametinib","X.162.uned","control"
"X-162.BYL719 + LEE011","X.162.uned","control"
"X-162.LFA102","X.162.uned","control"
"X-162.LFW527 + everolimus","X.162.uned","control"
"X-162.paclitaxel","X.162.uned","control"
"X-162.tamoxifen","X.162.uned","control"
"X-162.BYL719 + LGH447","X.162.uned","control"
"X-162.erlotinib","X.162.uned","control"
"X-162.LCL161 + paclitaxel","X.162.uned","control"
"X-162.LGH447","X.162.uned","control"
"X-162.WNT974","X.162.uned","control"
"X-162.BKM120 + encorafenib","X.162.uned","control"
"X-162.dacarbazine","X.162.uned","control"
"X-162.encorafenib + binimetinib","X.162.uned","control"
"X-162.LDE225","X.162.uned","control"
"X-162.LDK378","X.162.uned","control"
"X-162.LEE011 + binimetinib","X.162.uned","control"
"X-162.LEE011 + encorafenib","X.162.uned","control"
"X-162.LGW813","X.162.uned","control"
"X-162.TAS266","X.162.uned","control"
"X-1631.BGJ398","X.1631.uned","control"
"X-1631.BGJ398","X.1631.BG98","treatment"
"X-1631.binimetinib","X.1631.uned","control"
"X-1631.binimetinib","X.1631.biib","treatment"
"X-1631.BKM120","X.1631.uned","control"
"X-1631.BKM120","X.1631.BK20","treatment"
"X-1631.BYL719","X.1631.uned","control"
"X-1631.BYL719","X.1631.BY19","treatment"
"X-1631.BYL719 + HSP990","X.1631.uned","control"
"X-1631.BYL719 + LJM716","X.1631.uned","control"
"X-1631.BYL719 + LJM716","X.1631.BY19.LJ16","treatment"
"X-1631.CLR457","X.1631.uned","control"
"X-1631.CLR457","X.1631.CL57","treatment"
"X-1631.everolimus","X.1631.uned","control"
"X-1631.figitumumab","X.1631.uned","control"
"X-1631.HDM201","X.1631.uned","control"
"X-1631.HDM201","X.1631.HD01","treatment"
"X-1631.HSP990","X.1631.uned","control"
"X-1631.INC280","X.1631.uned","control"
"X-1631.INC280 + trastuzumab","X.1631.uned","control"
"X-1631.LEE011","X.1631.uned","control"
"X-1631.LEE011","X.1631.LE11","treatment"
"X-1631.LEE011 + everolimus","X.1631.uned","control"
"X-1631.LEE011 + everolimus","X.1631.LE11.evus","treatment"
"X-1631.LJM716","X.1631.uned","control"
"X-1631.LJM716","X.1631.LJ16","treatment"
"X-1631.LJM716 + trastuzumab","X.1631.uned","control"
"X-1631.LJM716 + trastuzumab","X.1631.LJ16.trab","treatment"
"X-1631.LLM871","X.1631.uned","control"
"X-1631.LLM871","X.1631.LL71","treatment"
"X-1631.trastuzumab","X.1631.uned","control"
"X-1631.trastuzumab","X.1631.trab","treatment"
"X-1631.5FU","X.1631.uned","control"
"X-1631.BKM120 + LJC049","X.1631.uned","control"
"X-1631.BYL719 + binimetinib","X.1631.uned","control"
"X-1631.BYL719 + cetuximab","X.1631.uned","control"
"X-1631.BYL719 + cetuximab + encorafenib","X.1631.uned","control"
"X-1631.BYL719 + encorafenib","X.1631.uned","control"
"X-1631.cetuximab","X.1631.uned","control"
"X-1631.cetuximab + encorafenib","X.1631.uned","control"
"X-1631.CGM097","X.1631.uned","control"
"X-1631.CGM097","X.1631.CG97","treatment"
"X-1631.CKX620","X.1631.uned","control"
"X-1631.encorafenib","X.1631.uned","control"
"X-1631.LFW527 + binimetinib","X.1631.uned","control"
"X-1631.LJC049","X.1631.uned","control"
"X-1631.LKA136","X.1631.uned","control"
"X-1631.LKA136","X.1631.LK36","treatment"
"X-1631.abraxane","X.1631.uned","control"
"X-1631.binimetinib-3.5mpk","X.1631.uned","control"
"X-1631.BKM120 + binimetinib","X.1631.uned","control"
"X-1631.BKM120 + LDE225","X.1631.uned","control"
"X-1631.figitumumab + binimetinib","X.1631.uned","control"
"X-1631.gemcitabine-50mpk","X.1631.uned","control"
"X-1631.INC424","X.1631.uned","control"
"X-1631.INC424 + binimetinib","X.1631.uned","control"
"X-1631.trametinib","X.1631.uned","control"
"X-1631.BYL719 + LEE011","X.1631.uned","control"
"X-1631.BYL719 + LEE011","X.1631.BY19.LE11","treatment"
"X-1631.LFA102","X.1631.uned","control"
"X-1631.LFA102","X.1631.LF02","treatment"
"X-1631.LFW527 + everolimus","X.1631.uned","control"
"X-1631.paclitaxel","X.1631.uned","control"
"X-1631.paclitaxel","X.1631.pael","treatment"
"X-1631.tamoxifen","X.1631.uned","control"
"X-1631.tamoxifen","X.1631.taen","treatment"
"X-1631.BYL719 + LGH447","X.1631.uned","control"
"X-1631.erlotinib","X.1631.uned","control"
"X-1631.LCL161 + paclitaxel","X.1631.uned","control"
"X-1631.LGH447","X.1631.uned","control"
"X-1631.WNT974","X.1631.uned","control"
"X-1631.BKM120 + encorafenib","X.1631.uned","control"
"X-1631.dacarbazine","X.1631.uned","control"
"X-1631.encorafenib + binimetinib","X.1631.uned","control"
"X-1631.LDE225","X.1631.uned","control"
"X-1631.LDK378","X.1631.uned","control"
"X-1631.LEE011 + binimetinib","X.1631.uned","control"
"X-1631.LEE011 + encorafenib","X.1631.uned","control"
"X-1631.LGW813","X.1631.uned","control"
"X-1631.TAS266","X.1631.uned","control"
"X-1655.BGJ398","X.1655.uned","control"
"X-1655.binimetinib","X.1655.uned","control"
"X-1655.binimetinib","X.1655.biib","treatment"
"X-1655.BKM120","X.1655.uned","control"
"X-1655.BKM120","X.1655.BK20","treatment"
"X-1655.BYL719","X.1655.uned","control"
"X-1655.BYL719 + HSP990","X.1655.uned","control"
"X-1655.BYL719 + LJM716","X.1655.uned","control"
"X-1655.CLR457","X.1655.uned","control"
"X-1655.CLR457","X.1655.CL57","treatment"
"X-1655.everolimus","X.1655.uned","control"
"X-1655.figitumumab","X.1655.uned","control"
"X-1655.HDM201","X.1655.uned","control"
"X-1655.HSP990","X.1655.uned","control"
"X-1655.INC280","X.1655.uned","control"
"X-1655.INC280 + trastuzumab","X.1655.uned","control"
"X-1655.LEE011","X.1655.uned","control"
"X-1655.LEE011","X.1655.LE11","treatment"
"X-1655.LEE011 + everolimus","X.1655.uned","control"
"X-1655.LJM716","X.1655.uned","control"
"X-1655.LJM716 + trastuzumab","X.1655.uned","control"
"X-1655.LLM871","X.1655.uned","control"
"X-1655.trastuzumab","X.1655.uned","control"
"X-1655.5FU","X.1655.uned","control"
"X-1655.BKM120 + LJC049","X.1655.uned","control"
"X-1655.BYL719 + binimetinib","X.1655.uned","control"
"X-1655.BYL719 + cetuximab","X.1655.uned","control"
"X-1655.BYL719 + cetuximab + encorafenib","X.1655.uned","control"
"X-1655.BYL719 + encorafenib","X.1655.uned","control"
"X-1655.cetuximab","X.1655.uned","control"
"X-1655.cetuximab + encorafenib","X.1655.uned","control"
"X-1655.CGM097","X.1655.uned","control"
"X-1655.CGM097","X.1655.CG97","treatment"
"X-1655.CKX620","X.1655.uned","control"
"X-1655.encorafenib","X.1655.uned","control"
"X-1655.encorafenib","X.1655.enib","treatment"
"X-1655.LFW527 + binimetinib","X.1655.uned","control"
"X-1655.LJC049","X.1655.uned","control"
"X-1655.LKA136","X.1655.uned","control"
"X-1655.abraxane","X.1655.uned","control"
"X-1655.binimetinib-3.5mpk","X.1655.uned","control"
"X-1655.BKM120 + binimetinib","X.1655.uned","control"
"X-1655.BKM120 + LDE225","X.1655.uned","control"
"X-1655.figitumumab + binimetinib","X.1655.uned","control"
"X-1655.gemcitabine-50mpk","X.1655.uned","control"
"X-1655.INC424","X.1655.uned","control"
"X-1655.INC424 + binimetinib","X.1655.uned","control"
"X-1655.trametinib","X.1655.uned","control"
"X-1655.BYL719 + LEE011","X.1655.uned","control"
"X-1655.LFA102","X.1655.uned","control"
"X-1655.LFW527 + everolimus","X.1655.uned","control"
"X-1655.paclitaxel","X.1655.uned","control"
"X-1655.tamoxifen","X.1655.uned","control"
"X-1655.BYL719 + LGH447","X.1655.uned","control"
"X-1655.erlotinib","X.1655.uned","control"
"X-1655.LCL161 + paclitaxel","X.1655.uned","control"
"X-1655.LGH447","X.1655.uned","control"
"X-1655.WNT974","X.1655.uned","control"
"X-1655.WNT974","X.1655.WN74","treatment"
"X-1655.BKM120 + encorafenib","X.1655.uned","control"
"X-1655.BKM120 + encorafenib","X.1655.BK20.enib","treatment"
"X-1655.dacarbazine","X.1655.uned","control"
"X-1655.dacarbazine","X.1655.dane","treatment"
"X-1655.encorafenib + binimetinib","X.1655.uned","control"
"X-1655.encorafenib + binimetinib","X.1655.enib.biib","treatment"
"X-1655.LDE225","X.1655.uned","control"
"X-1655.LDE225","X.1655.LD25","treatment"
"X-1655.LDK378","X.1655.uned","control"
"X-1655.LDK378","X.1655.LD78","treatment"
"X-1655.LEE011 + binimetinib","X.1655.uned","control"
"X-1655.LEE011 + binimetinib","X.1655.LE11.biib","treatment"
"X-1655.LEE011 + encorafenib","X.1655.uned","control"
"X-1655.LEE011 + encorafenib","X.1655.LE11.enib","treatment"
"X-1655.LGW813","X.1655.uned","control"
"X-1655.LGW813","X.1655.LG13","treatment"
"X-1655.TAS266","X.1655.uned","control"
"X-1655.TAS266","X.1655.TA66","treatment"
"X-1658.BGJ398","X.1658.uned","control"
"X-1658.BGJ398","X.1658.BG98","treatment"
"X-1658.binimetinib","X.1658.uned","control"
"X-1658.binimetinib","X.1658.biib","treatment"
"X-1658.BKM120","X.1658.uned","control"
"X-1658.BKM120","X.1658.BK20","treatment"
"X-1658.BYL719","X.1658.uned","control"
"X-1658.BYL719","X.1658.BY19","treatment"
"X-1658.BYL719 + HSP990","X.1658.uned","control"
"X-1658.BYL719 + LJM716","X.1658.uned","control"
"X-1658.BYL719 + LJM716","X.1658.BY19.LJ16","treatment"
"X-1658.CLR457","X.1658.uned","control"
"X-1658.CLR457","X.1658.CL57","treatment"
"X-1658.everolimus","X.1658.uned","control"
"X-1658.figitumumab","X.1658.uned","control"
"X-1658.HDM201","X.1658.uned","control"
"X-1658.HDM201","X.1658.HD01","treatment"
"X-1658.HSP990","X.1658.uned","control"
"X-1658.HSP990","X.1658.HS90","treatment"
"X-1658.INC280","X.1658.uned","control"
"X-1658.INC280","X.1658.IN80","treatment"
"X-1658.INC280 + trastuzumab","X.1658.uned","control"
"X-1658.LEE011","X.1658.uned","control"
"X-1658.LEE011","X.1658.LE11","treatment"
"X-1658.LEE011 + everolimus","X.1658.uned","control"
"X-1658.LJM716","X.1658.uned","control"
"X-1658.LJM716 + trastuzumab","X.1658.uned","control"
"X-1658.LLM871","X.1658.uned","control"
"X-1658.LLM871","X.1658.LL71","treatment"
"X-1658.trastuzumab","X.1658.uned","control"
"X-1658.5FU","X.1658.uned","control"
"X-1658.BKM120 + LJC049","X.1658.uned","control"
"X-1658.BYL719 + binimetinib","X.1658.uned","control"
"X-1658.BYL719 + cetuximab","X.1658.uned","control"
"X-1658.BYL719 + cetuximab + encorafenib","X.1658.uned","control"
"X-1658.BYL719 + encorafenib","X.1658.uned","control"
"X-1658.cetuximab","X.1658.uned","control"
"X-1658.cetuximab","X.1658.ceab","treatment"
"X-1658.cetuximab + encorafenib","X.1658.uned","control"
"X-1658.CGM097","X.1658.uned","control"
"X-1658.CGM097","X.1658.CG97","treatment"
"X-1658.CKX620","X.1658.uned","control"
"X-1658.CKX620","X.1658.CK20","treatment"
"X-1658.encorafenib","X.1658.uned","control"
"X-1658.LFW527 + binimetinib","X.1658.uned","control"
"X-1658.LFW527 + binimetinib","X.1658.LF27.biib","treatment"
"X-1658.LJC049","X.1658.uned","control"
"X-1658.LKA136","X.1658.uned","control"
"X-1658.abraxane","X.1658.uned","control"
"X-1658.binimetinib-3.5mpk","X.1658.uned","control"
"X-1658.BKM120 + binimetinib","X.1658.uned","control"
"X-1658.BKM120 + binimetinib","X.1658.BK20.biib","treatment"
"X-1658.BKM120 + LDE225","X.1658.uned","control"
"X-1658.figitumumab + binimetinib","X.1658.uned","control"
"X-1658.gemcitabine-50mpk","X.1658.uned","control"
"X-1658.INC424","X.1658.uned","control"
"X-1658.INC424 + binimetinib","X.1658.uned","control"
"X-1658.trametinib","X.1658.uned","control"
"X-1658.BYL719 + LEE011","X.1658.uned","control"
"X-1658.LFA102","X.1658.uned","control"
"X-1658.LFW527 + everolimus","X.1658.uned","control"
"X-1658.paclitaxel","X.1658.uned","control"
"X-1658.paclitaxel","X.1658.pael","treatment"
"X-1658.tamoxifen","X.1658.uned","control"
"X-1658.BYL719 + LGH447","X.1658.uned","control"
"X-1658.BYL719 + LGH447","X.1658.BY19.LG47","treatment"
"X-1658.erlotinib","X.1658.uned","control"
"X-1658.erlotinib","X.1658.erib","treatment"
"X-1658.LCL161 + paclitaxel","X.1658.uned","control"
"X-1658.LCL161 + paclitaxel","X.1658.LC61.pael","treatment"
"X-1658.LGH447","X.1658.uned","control"
"X-1658.LGH447","X.1658.LG47","treatment"
"X-1658.WNT974","X.1658.uned","control"
"X-1658.BKM120 + encorafenib","X.1658.uned","control"
"X-1658.dacarbazine","X.1658.uned","control"
"X-1658.encorafenib + binimetinib","X.1658.uned","control"
"X-1658.LDE225","X.1658.uned","control"
"X-1658.LDK378","X.1658.uned","control"
"X-1658.LEE011 + binimetinib","X.1658.uned","control"
"X-1658.LEE011 + encorafenib","X.1658.uned","control"
"X-1658.LGW813","X.1658.uned","control"
"X-1658.TAS266","X.1658.uned","control"
"X-165.BGJ398","X.165.BG98","treatment"
"X-165.binimetinib","X.165.biib","treatment"
"X-165.BKM120","X.165.BK20","treatment"
"X-165.BYL719","X.165.BY19","treatment"
"X-165.BYL719 + HSP990","X.165.BY19.HS90","treatment"
"X-165.BYL719 + LJM716","X.165.BY19.LJ16","treatment"
"X-165.everolimus","X.165.evus","treatment"
"X-165.HDM201","X.165.HD01","treatment"
"X-165.HSP990","X.165.HS90","treatment"
"X-165.INC280","X.165.IN80","treatment"
"X-165.INC280 + trastuzumab","X.165.IN80.trab","treatment"
"X-165.LEE011 + everolimus","X.165.LE11.evus","treatment"
"X-165.LJM716","X.165.LJ16","treatment"
"X-165.LJM716 + trastuzumab","X.165.LJ16.trab","treatment"
"X-166.BGJ398","X.166.uned","control"
"X-166.BGJ398","X.166.BG98","treatment"
"X-166.binimetinib","X.166.uned","control"
"X-166.binimetinib","X.166.biib","treatment"
"X-166.BKM120","X.166.uned","control"
"X-166.BKM120","X.166.BK20","treatment"
"X-166.BYL719","X.166.uned","control"
"X-166.BYL719","X.166.BY19","treatment"
"X-166.BYL719 + HSP990","X.166.uned","control"
"X-166.BYL719 + HSP990","X.166.BY19.HS90","treatment"
"X-166.BYL719 + LJM716","X.166.uned","control"
"X-166.BYL719 + LJM716","X.166.BY19.LJ16","treatment"
"X-166.CLR457","X.166.uned","control"
"X-166.CLR457","X.166.CL57","treatment"
"X-166.everolimus","X.166.uned","control"
"X-166.everolimus","X.166.evus","treatment"
"X-166.figitumumab","X.166.uned","control"
"X-166.figitumumab","X.166.fiab","treatment"
"X-166.HDM201","X.166.uned","control"
"X-166.HDM201","X.166.HD01","treatment"
"X-166.HSP990","X.166.uned","control"
"X-166.HSP990","X.166.HS90","treatment"
"X-166.INC280","X.166.uned","control"
"X-166.INC280","X.166.IN80","treatment"
"X-166.INC280 + trastuzumab","X.166.uned","control"
"X-166.INC280 + trastuzumab","X.166.IN80.trab","treatment"
"X-166.LEE011","X.166.uned","control"
"X-166.LEE011","X.166.LE11","treatment"
"X-166.LEE011 + everolimus","X.166.uned","control"
"X-166.LEE011 + everolimus","X.166.LE11.evus","treatment"
"X-166.LJM716","X.166.uned","control"
"X-166.LJM716","X.166.LJ16","treatment"
"X-166.LJM716 + trastuzumab","X.166.uned","control"
"X-166.LJM716 + trastuzumab","X.166.LJ16.trab","treatment"
"X-166.LLM871","X.166.uned","control"
"X-166.LLM871","X.166.LL71","treatment"
"X-166.trastuzumab","X.166.uned","control"
"X-166.trastuzumab","X.166.trab","treatment"
"X-166.5FU","X.166.uned","control"
"X-166.BKM120 + LJC049","X.166.uned","control"
"X-166.BYL719 + binimetinib","X.166.uned","control"
"X-166.BYL719 + cetuximab","X.166.uned","control"
"X-166.BYL719 + cetuximab + encorafenib","X.166.uned","control"
"X-166.BYL719 + encorafenib","X.166.uned","control"
"X-166.cetuximab","X.166.uned","control"
"X-166.cetuximab + encorafenib","X.166.uned","control"
"X-166.CGM097","X.166.uned","control"
"X-166.CKX620","X.166.uned","control"
"X-166.encorafenib","X.166.uned","control"
"X-166.LFW527 + binimetinib","X.166.uned","control"
"X-166.LJC049","X.166.uned","control"
"X-166.LKA136","X.166.uned","control"
"X-166.abraxane","X.166.uned","control"
"X-166.binimetinib-3.5mpk","X.166.uned","control"
"X-166.BKM120 + binimetinib","X.166.uned","control"
"X-166.BKM120 + LDE225","X.166.uned","control"
"X-166.figitumumab + binimetinib","X.166.uned","control"
"X-166.gemcitabine-50mpk","X.166.uned","control"
"X-166.INC424","X.166.uned","control"
"X-166.INC424 + binimetinib","X.166.uned","control"
"X-166.trametinib","X.166.uned","control"
"X-166.BYL719 + LEE011","X.166.uned","control"
"X-166.LFA102","X.166.uned","control"
"X-166.LFW527 + everolimus","X.166.uned","control"
"X-166.paclitaxel","X.166.uned","control"
"X-166.tamoxifen","X.166.uned","control"
"X-166.BYL719 + LGH447","X.166.uned","control"
"X-166.erlotinib","X.166.uned","control"
"X-166.LCL161 + paclitaxel","X.166.uned","control"
"X-166.LGH447","X.166.uned","control"
"X-166.WNT974","X.166.uned","control"
"X-166.BKM120 + encorafenib","X.166.uned","control"
"X-166.dacarbazine","X.166.uned","control"
"X-166.encorafenib + binimetinib","X.166.uned","control"
"X-166.LDE225","X.166.uned","control"
"X-166.LDK378","X.166.uned","control"
"X-166.LEE011 + binimetinib","X.166.uned","control"
"X-166.LEE011 + encorafenib","X.166.uned","control"
"X-166.LGW813","X.166.uned","control"
"X-166.TAS266","X.166.uned","control"
"X-1683.BGJ398","X.1683.uned","control"
"X-1683.BGJ398","X.1683.BG98","treatment"
"X-1683.binimetinib","X.1683.uned","control"
"X-1683.binimetinib","X.1683.biib","treatment"
"X-1683.BKM120","X.1683.uned","control"
"X-1683.BKM120","X.1683.BK20","treatment"
"X-1683.BYL719","X.1683.uned","control"
"X-1683.BYL719","X.1683.BY19","treatment"
"X-1683.BYL719 + HSP990","X.1683.uned","control"
"X-1683.BYL719 + LJM716","X.1683.uned","control"
"X-1683.BYL719 + LJM716","X.1683.BY19.LJ16","treatment"
"X-1683.CLR457","X.1683.uned","control"
"X-1683.CLR457","X.1683.CL57","treatment"
"X-1683.everolimus","X.1683.uned","control"
"X-1683.figitumumab","X.1683.uned","control"
"X-1683.HDM201","X.1683.uned","control"
"X-1683.HDM201","X.1683.HD01","treatment"
"X-1683.HSP990","X.1683.uned","control"
"X-1683.HSP990","X.1683.HS90","treatment"
"X-1683.INC280","X.1683.uned","control"
"X-1683.INC280","X.1683.IN80","treatment"
"X-1683.INC280 + trastuzumab","X.1683.uned","control"
"X-1683.LEE011","X.1683.uned","control"
"X-1683.LEE011","X.1683.LE11","treatment"
"X-1683.LEE011 + everolimus","X.1683.uned","control"
"X-1683.LJM716","X.1683.uned","control"
"X-1683.LJM716 + trastuzumab","X.1683.uned","control"
"X-1683.LLM871","X.1683.uned","control"
"X-1683.LLM871","X.1683.LL71","treatment"
"X-1683.trastuzumab","X.1683.uned","control"
"X-1683.5FU","X.1683.uned","control"
"X-1683.BKM120 + LJC049","X.1683.uned","control"
"X-1683.BYL719 + binimetinib","X.1683.uned","control"
"X-1683.BYL719 + cetuximab","X.1683.uned","control"
"X-1683.BYL719 + cetuximab + encorafenib","X.1683.uned","control"
"X-1683.BYL719 + encorafenib","X.1683.uned","control"
"X-1683.cetuximab","X.1683.uned","control"
"X-1683.cetuximab","X.1683.ceab","treatment"
"X-1683.cetuximab + encorafenib","X.1683.uned","control"
"X-1683.CGM097","X.1683.uned","control"
"X-1683.CGM097","X.1683.CG97","treatment"
"X-1683.CKX620","X.1683.uned","control"
"X-1683.CKX620","X.1683.CK20","treatment"
"X-1683.encorafenib","X.1683.uned","control"
"X-1683.LFW527 + binimetinib","X.1683.uned","control"
"X-1683.LJC049","X.1683.uned","control"
"X-1683.LKA136","X.1683.uned","control"
"X-1683.abraxane","X.1683.uned","control"
"X-1683.binimetinib-3.5mpk","X.1683.uned","control"
"X-1683.BKM120 + binimetinib","X.1683.uned","control"
"X-1683.BKM120 + binimetinib","X.1683.BK20.biib","treatment"
"X-1683.BKM120 + LDE225","X.1683.uned","control"
"X-1683.figitumumab + binimetinib","X.1683.uned","control"
"X-1683.gemcitabine-50mpk","X.1683.uned","control"
"X-1683.INC424","X.1683.uned","control"
"X-1683.INC424 + binimetinib","X.1683.uned","control"
"X-1683.trametinib","X.1683.uned","control"
"X-1683.BYL719 + LEE011","X.1683.uned","control"
"X-1683.LFA102","X.1683.uned","control"
"X-1683.LFW527 + everolimus","X.1683.uned","control"
"X-1683.paclitaxel","X.1683.uned","control"
"X-1683.paclitaxel","X.1683.pael","treatment"
"X-1683.tamoxifen","X.1683.uned","control"
"X-1683.BYL719 + LGH447","X.1683.uned","control"
"X-1683.BYL719 + LGH447","X.1683.BY19.LG47","treatment"
"X-1683.erlotinib","X.1683.uned","control"
"X-1683.erlotinib","X.1683.erib","treatment"
"X-1683.LCL161 + paclitaxel","X.1683.uned","control"
"X-1683.LCL161 + paclitaxel","X.1683.LC61.pael","treatment"
"X-1683.LGH447","X.1683.uned","control"
"X-1683.LGH447","X.1683.LG47","treatment"
"X-1683.WNT974","X.1683.uned","control"
"X-1683.BKM120 + encorafenib","X.1683.uned","control"
"X-1683.dacarbazine","X.1683.uned","control"
"X-1683.encorafenib + binimetinib","X.1683.uned","control"
"X-1683.LDE225","X.1683.uned","control"
"X-1683.LDK378","X.1683.uned","control"
"X-1683.LEE011 + binimetinib","X.1683.uned","control"
"X-1683.LEE011 + encorafenib","X.1683.uned","control"
"X-1683.LGW813","X.1683.uned","control"
"X-1683.TAS266","X.1683.uned","control"
"X-169.BGJ398","X.169.uned","control"
"X-169.binimetinib","X.169.uned","control"
"X-169.BKM120","X.169.uned","control"
"X-169.BYL719","X.169.uned","control"
"X-169.BYL719","X.169.BY19","treatment"
"X-169.BYL719 + HSP990","X.169.uned","control"
"X-169.BYL719 + HSP990","X.169.BY19.HS90","treatment"
"X-169.BYL719 + LJM716","X.169.uned","control"
"X-169.BYL719 + LJM716","X.169.BY19.LJ16","treatment"
"X-169.CLR457","X.169.uned","control"
"X-169.everolimus","X.169.uned","control"
"X-169.everolimus","X.169.evus","treatment"
"X-169.figitumumab","X.169.uned","control"
"X-169.HDM201","X.169.uned","control"
"X-169.HSP990","X.169.uned","control"
"X-169.HSP990","X.169.HS90","treatment"
"X-169.INC280","X.169.uned","control"
"X-169.INC280 + trastuzumab","X.169.uned","control"
"X-169.LEE011","X.169.uned","control"
"X-169.LEE011 + everolimus","X.169.uned","control"
"X-169.LEE011 + everolimus","X.169.LE11.evus","treatment"
"X-169.LJM716","X.169.uned","control"
"X-169.LJM716","X.169.LJ16","treatment"
"X-169.LJM716 + trastuzumab","X.169.uned","control"
"X-169.LLM871","X.169.uned","control"
"X-169.trastuzumab","X.169.uned","control"
"X-169.5FU","X.169.uned","control"
"X-169.BKM120 + LJC049","X.169.uned","control"
"X-169.BYL719 + binimetinib","X.169.uned","control"
"X-169.BYL719 + cetuximab","X.169.uned","control"
"X-169.BYL719 + cetuximab + encorafenib","X.169.uned","control"
"X-169.BYL719 + encorafenib","X.169.uned","control"
"X-169.cetuximab","X.169.uned","control"
"X-169.cetuximab + encorafenib","X.169.uned","control"
"X-169.CGM097","X.169.uned","control"
"X-169.CKX620","X.169.uned","control"
"X-169.encorafenib","X.169.uned","control"
"X-169.LFW527 + binimetinib","X.169.uned","control"
"X-169.LJC049","X.169.uned","control"
"X-169.LKA136","X.169.uned","control"
"X-169.abraxane","X.169.uned","control"
"X-169.binimetinib-3.5mpk","X.169.uned","control"
"X-169.BKM120 + binimetinib","X.169.uned","control"
"X-169.BKM120 + LDE225","X.169.uned","control"
"X-169.figitumumab + binimetinib","X.169.uned","control"
"X-169.gemcitabine-50mpk","X.169.uned","control"
"X-169.INC424","X.169.uned","control"
"X-169.INC424 + binimetinib","X.169.uned","control"
"X-169.trametinib","X.169.uned","control"
"X-169.BYL719 + LEE011","X.169.uned","control"
"X-169.LFA102","X.169.uned","control"
"X-169.LFW527 + everolimus","X.169.uned","control"
"X-169.paclitaxel","X.169.uned","control"
"X-169.tamoxifen","X.169.uned","control"
"X-169.BYL719 + LGH447","X.169.uned","control"
"X-169.erlotinib","X.169.uned","control"
"X-169.LCL161 + paclitaxel","X.169.uned","control"
"X-169.LGH447","X.169.uned","control"
"X-169.WNT974","X.169.uned","control"
"X-169.BKM120 + encorafenib","X.169.uned","control"
"X-169.dacarbazine","X.169.uned","control"
"X-169.encorafenib + binimetinib","X.169.uned","control"
"X-169.LDE225","X.169.uned","control"
"X-169.LDK378","X.169.uned","control"
"X-169.LEE011 + binimetinib","X.169.uned","control"
"X-169.LEE011 + encorafenib","X.169.uned","control"
"X-169.LGW813","X.169.uned","control"
"X-169.TAS266","X.169.uned","control"
"X-171.BGJ398","X.171.uned","control"
"X-171.BGJ398","X.171.BG98","treatment"
"X-171.binimetinib","X.171.uned","control"
"X-171.binimetinib","X.171.biib","treatment"
"X-171.BKM120","X.171.uned","control"
"X-171.BKM120","X.171.BK20","treatment"
"X-171.BYL719","X.171.uned","control"
"X-171.BYL719","X.171.BY19","treatment"
"X-171.BYL719 + HSP990","X.171.uned","control"
"X-171.BYL719 + HSP990","X.171.BY19.HS90","treatment"
"X-171.BYL719 + LJM716","X.171.uned","control"
"X-171.BYL719 + LJM716","X.171.BY19.LJ16","treatment"
"X-171.CLR457","X.171.uned","control"
"X-171.CLR457","X.171.CL57","treatment"
"X-171.everolimus","X.171.uned","control"
"X-171.everolimus","X.171.evus","treatment"
"X-171.figitumumab","X.171.uned","control"
"X-171.figitumumab","X.171.fiab","treatment"
"X-171.HDM201","X.171.uned","control"
"X-171.HDM201","X.171.HD01","treatment"
"X-171.HSP990","X.171.uned","control"
"X-171.HSP990","X.171.HS90","treatment"
"X-171.INC280","X.171.uned","control"
"X-171.INC280","X.171.IN80","treatment"
"X-171.INC280 + trastuzumab","X.171.uned","control"
"X-171.LEE011","X.171.uned","control"
"X-171.LEE011","X.171.LE11","treatment"
"X-171.LEE011 + everolimus","X.171.uned","control"
"X-171.LEE011 + everolimus","X.171.LE11.evus","treatment"
"X-171.LJM716","X.171.uned","control"
"X-171.LJM716","X.171.LJ16","treatment"
"X-171.LJM716 + trastuzumab","X.171.uned","control"
"X-171.LJM716 + trastuzumab","X.171.LJ16.trab","treatment"
"X-171.LLM871","X.171.uned","control"
"X-171.LLM871","X.171.LL71","treatment"
"X-171.trastuzumab","X.171.uned","control"
"X-171.trastuzumab","X.171.trab","treatment"
"X-171.5FU","X.171.uned","control"
"X-171.BKM120 + LJC049","X.171.uned","control"
"X-171.BYL719 + binimetinib","X.171.uned","control"
"X-171.BYL719 + cetuximab","X.171.uned","control"
"X-171.BYL719 + cetuximab + encorafenib","X.171.uned","control"
"X-171.BYL719 + encorafenib","X.171.uned","control"
"X-171.cetuximab","X.171.uned","control"
"X-171.cetuximab + encorafenib","X.171.uned","control"
"X-171.CGM097","X.171.uned","control"
"X-171.CKX620","X.171.uned","control"
"X-171.encorafenib","X.171.uned","control"
"X-171.LFW527 + binimetinib","X.171.uned","control"
"X-171.LJC049","X.171.uned","control"
"X-171.LKA136","X.171.uned","control"
"X-171.abraxane","X.171.uned","control"
"X-171.binimetinib-3.5mpk","X.171.uned","control"
"X-171.BKM120 + binimetinib","X.171.uned","control"
"X-171.BKM120 + LDE225","X.171.uned","control"
"X-171.figitumumab + binimetinib","X.171.uned","control"
"X-171.gemcitabine-50mpk","X.171.uned","control"
"X-171.INC424","X.171.uned","control"
"X-171.INC424 + binimetinib","X.171.uned","control"
"X-171.trametinib","X.171.uned","control"
"X-171.BYL719 + LEE011","X.171.uned","control"
"X-171.LFA102","X.171.uned","control"
"X-171.LFW527 + everolimus","X.171.uned","control"
"X-171.paclitaxel","X.171.uned","control"
"X-171.tamoxifen","X.171.uned","control"
"X-171.BYL719 + LGH447","X.171.uned","control"
"X-171.erlotinib","X.171.uned","control"
"X-171.LCL161 + paclitaxel","X.171.uned","control"
"X-171.LGH447","X.171.uned","control"
"X-171.WNT974","X.171.uned","control"
"X-171.BKM120 + encorafenib","X.171.uned","control"
"X-171.dacarbazine","X.171.uned","control"
"X-171.encorafenib + binimetinib","X.171.uned","control"
"X-171.LDE225","X.171.uned","control"
"X-171.LDK378","X.171.uned","control"
"X-171.LEE011 + binimetinib","X.171.uned","control"
"X-171.LEE011 + encorafenib","X.171.uned","control"
"X-171.LGW813","X.171.uned","control"
"X-171.TAS266","X.171.uned","control"
"X-1725.BGJ398","X.1725.uned","control"
"X-1725.BGJ398","X.1725.BG98","treatment"
"X-1725.binimetinib","X.1725.uned","control"
"X-1725.binimetinib","X.1725.biib","treatment"
"X-1725.BKM120","X.1725.uned","control"
"X-1725.BKM120","X.1725.BK20","treatment"
"X-1725.BYL719","X.1725.uned","control"
"X-1725.BYL719","X.1725.BY19","treatment"
"X-1725.BYL719 + HSP990","X.1725.uned","control"
"X-1725.BYL719 + LJM716","X.1725.uned","control"
"X-1725.BYL719 + LJM716","X.1725.BY19.LJ16","treatment"
"X-1725.CLR457","X.1725.uned","control"
"X-1725.CLR457","X.1725.CL57","treatment"
"X-1725.everolimus","X.1725.uned","control"
"X-1725.figitumumab","X.1725.uned","control"
"X-1725.HDM201","X.1725.uned","control"
"X-1725.HDM201","X.1725.HD01","treatment"
"X-1725.HSP990","X.1725.uned","control"
"X-1725.HSP990","X.1725.HS90","treatment"
"X-1725.INC280","X.1725.uned","control"
"X-1725.INC280","X.1725.IN80","treatment"
"X-1725.INC280 + trastuzumab","X.1725.uned","control"
"X-1725.LEE011","X.1725.uned","control"
"X-1725.LEE011","X.1725.LE11","treatment"
"X-1725.LEE011 + everolimus","X.1725.uned","control"
"X-1725.LJM716","X.1725.uned","control"
"X-1725.LJM716 + trastuzumab","X.1725.uned","control"
"X-1725.LLM871","X.1725.uned","control"
"X-1725.LLM871","X.1725.LL71","treatment"
"X-1725.trastuzumab","X.1725.uned","control"
"X-1725.5FU","X.1725.uned","control"
"X-1725.BKM120 + LJC049","X.1725.uned","control"
"X-1725.BYL719 + binimetinib","X.1725.uned","control"
"X-1725.BYL719 + cetuximab","X.1725.uned","control"
"X-1725.BYL719 + cetuximab + encorafenib","X.1725.uned","control"
"X-1725.BYL719 + encorafenib","X.1725.uned","control"
"X-1725.cetuximab","X.1725.uned","control"
"X-1725.cetuximab","X.1725.ceab","treatment"
"X-1725.cetuximab + encorafenib","X.1725.uned","control"
"X-1725.CGM097","X.1725.uned","control"
"X-1725.CGM097","X.1725.CG97","treatment"
"X-1725.CKX620","X.1725.uned","control"
"X-1725.CKX620","X.1725.CK20","treatment"
"X-1725.encorafenib","X.1725.uned","control"
"X-1725.LFW527 + binimetinib","X.1725.uned","control"
"X-1725.LFW527 + binimetinib","X.1725.LF27.biib","treatment"
"X-1725.LJC049","X.1725.uned","control"
"X-1725.LKA136","X.1725.uned","control"
"X-1725.abraxane","X.1725.uned","control"
"X-1725.binimetinib-3.5mpk","X.1725.uned","control"
"X-1725.BKM120 + binimetinib","X.1725.uned","control"
"X-1725.BKM120 + binimetinib","X.1725.BK20.biib","treatment"
"X-1725.BKM120 + LDE225","X.1725.uned","control"
"X-1725.figitumumab + binimetinib","X.1725.uned","control"
"X-1725.gemcitabine-50mpk","X.1725.uned","control"
"X-1725.INC424","X.1725.uned","control"
"X-1725.INC424 + binimetinib","X.1725.uned","control"
"X-1725.trametinib","X.1725.uned","control"
"X-1725.BYL719 + LEE011","X.1725.uned","control"
"X-1725.LFA102","X.1725.uned","control"
"X-1725.LFW527 + everolimus","X.1725.uned","control"
"X-1725.paclitaxel","X.1725.uned","control"
"X-1725.paclitaxel","X.1725.pael","treatment"
"X-1725.tamoxifen","X.1725.uned","control"
"X-1725.BYL719 + LGH447","X.1725.uned","control"
"X-1725.BYL719 + LGH447","X.1725.BY19.LG47","treatment"
"X-1725.erlotinib","X.1725.uned","control"
"X-1725.erlotinib","X.1725.erib","treatment"
"X-1725.LCL161 + paclitaxel","X.1725.uned","control"
"X-1725.LCL161 + paclitaxel","X.1725.LC61.pael","treatment"
"X-1725.LGH447","X.1725.uned","control"
"X-1725.LGH447","X.1725.LG47","treatment"
"X-1725.WNT974","X.1725.uned","control"
"X-1725.BKM120 + encorafenib","X.1725.uned","control"
"X-1725.dacarbazine","X.1725.uned","control"
"X-1725.encorafenib + binimetinib","X.1725.uned","control"
"X-1725.LDE225","X.1725.uned","control"
"X-1725.LDK378","X.1725.uned","control"
"X-1725.LEE011 + binimetinib","X.1725.uned","control"
"X-1725.LEE011 + encorafenib","X.1725.uned","control"
"X-1725.LGW813","X.1725.uned","control"
"X-1725.TAS266","X.1725.uned","control"
"X-177.BGJ398","X.177.uned","control"
"X-177.binimetinib","X.177.uned","control"
"X-177.BKM120","X.177.uned","control"
"X-177.BYL719","X.177.uned","control"
"X-177.BYL719 + HSP990","X.177.uned","control"
"X-177.BYL719 + HSP990","X.177.BY19.HS90","treatment"
"X-177.BYL719 + LJM716","X.177.uned","control"
"X-177.BYL719 + LJM716","X.177.BY19.LJ16","treatment"
"X-177.CLR457","X.177.uned","control"
"X-177.everolimus","X.177.uned","control"
"X-177.everolimus","X.177.evus","treatment"
"X-177.figitumumab","X.177.uned","control"
"X-177.HDM201","X.177.uned","control"
"X-177.HSP990","X.177.uned","control"
"X-177.HSP990","X.177.HS90","treatment"
"X-177.INC280","X.177.uned","control"
"X-177.INC280 + trastuzumab","X.177.uned","control"
"X-177.LEE011","X.177.uned","control"
"X-177.LEE011","X.177.LE11","treatment"
"X-177.LEE011 + everolimus","X.177.uned","control"
"X-177.LEE011 + everolimus","X.177.LE11.evus","treatment"
"X-177.LJM716","X.177.uned","control"
"X-177.LJM716","X.177.LJ16","treatment"
"X-177.LJM716 + trastuzumab","X.177.uned","control"
"X-177.LLM871","X.177.uned","control"
"X-177.trastuzumab","X.177.uned","control"
"X-177.5FU","X.177.uned","control"
"X-177.BKM120 + LJC049","X.177.uned","control"
"X-177.BYL719 + binimetinib","X.177.uned","control"
"X-177.BYL719 + cetuximab","X.177.uned","control"
"X-177.BYL719 + cetuximab + encorafenib","X.177.uned","control"
"X-177.BYL719 + encorafenib","X.177.uned","control"
"X-177.cetuximab","X.177.uned","control"
"X-177.cetuximab + encorafenib","X.177.uned","control"
"X-177.CGM097","X.177.uned","control"
"X-177.CKX620","X.177.uned","control"
"X-177.encorafenib","X.177.uned","control"
"X-177.LFW527 + binimetinib","X.177.uned","control"
"X-177.LJC049","X.177.uned","control"
"X-177.LKA136","X.177.uned","control"
"X-177.abraxane","X.177.uned","control"
"X-177.binimetinib-3.5mpk","X.177.uned","control"
"X-177.BKM120 + binimetinib","X.177.uned","control"
"X-177.BKM120 + LDE225","X.177.uned","control"
"X-177.figitumumab + binimetinib","X.177.uned","control"
"X-177.gemcitabine-50mpk","X.177.uned","control"
"X-177.INC424","X.177.uned","control"
"X-177.INC424 + binimetinib","X.177.uned","control"
"X-177.trametinib","X.177.uned","control"
"X-177.BYL719 + LEE011","X.177.uned","control"
"X-177.LFA102","X.177.uned","control"
"X-177.LFW527 + everolimus","X.177.uned","control"
"X-177.paclitaxel","X.177.uned","control"
"X-177.tamoxifen","X.177.uned","control"
"X-177.BYL719 + LGH447","X.177.uned","control"
"X-177.erlotinib","X.177.uned","control"
"X-177.LCL161 + paclitaxel","X.177.uned","control"
"X-177.LGH447","X.177.uned","control"
"X-177.WNT974","X.177.uned","control"
"X-177.BKM120 + encorafenib","X.177.uned","control"
"X-177.dacarbazine","X.177.uned","control"
"X-177.encorafenib + binimetinib","X.177.uned","control"
"X-177.LDE225","X.177.uned","control"
"X-177.LDK378","X.177.uned","control"
"X-177.LEE011 + binimetinib","X.177.uned","control"
"X-177.LEE011 + encorafenib","X.177.uned","control"
"X-177.LGW813","X.177.uned","control"
"X-177.TAS266","X.177.uned","control"
"X-1787.BGJ398","X.1787.uned","control"
"X-1787.BGJ398","X.1787.BG98","treatment"
"X-1787.binimetinib","X.1787.uned","control"
"X-1787.binimetinib","X.1787.biib","treatment"
"X-1787.BKM120","X.1787.uned","control"
"X-1787.BKM120","X.1787.BK20","treatment"
"X-1787.BYL719","X.1787.uned","control"
"X-1787.BYL719","X.1787.BY19","treatment"
"X-1787.BYL719 + HSP990","X.1787.uned","control"
"X-1787.BYL719 + LJM716","X.1787.uned","control"
"X-1787.BYL719 + LJM716","X.1787.BY19.LJ16","treatment"
"X-1787.CLR457","X.1787.uned","control"
"X-1787.CLR457","X.1787.CL57","treatment"
"X-1787.everolimus","X.1787.uned","control"
"X-1787.figitumumab","X.1787.uned","control"
"X-1787.HDM201","X.1787.uned","control"
"X-1787.HDM201","X.1787.HD01","treatment"
"X-1787.HSP990","X.1787.uned","control"
"X-1787.HSP990","X.1787.HS90","treatment"
"X-1787.INC280","X.1787.uned","control"
"X-1787.INC280","X.1787.IN80","treatment"
"X-1787.INC280 + trastuzumab","X.1787.uned","control"
"X-1787.LEE011","X.1787.uned","control"
"X-1787.LEE011","X.1787.LE11","treatment"
"X-1787.LEE011 + everolimus","X.1787.uned","control"
"X-1787.LJM716","X.1787.uned","control"
"X-1787.LJM716 + trastuzumab","X.1787.uned","control"
"X-1787.LLM871","X.1787.uned","control"
"X-1787.LLM871","X.1787.LL71","treatment"
"X-1787.trastuzumab","X.1787.uned","control"
"X-1787.5FU","X.1787.uned","control"
"X-1787.BKM120 + LJC049","X.1787.uned","control"
"X-1787.BYL719 + binimetinib","X.1787.uned","control"
"X-1787.BYL719 + cetuximab","X.1787.uned","control"
"X-1787.BYL719 + cetuximab + encorafenib","X.1787.uned","control"
"X-1787.BYL719 + encorafenib","X.1787.uned","control"
"X-1787.cetuximab","X.1787.uned","control"
"X-1787.cetuximab","X.1787.ceab","treatment"
"X-1787.cetuximab + encorafenib","X.1787.uned","control"
"X-1787.CGM097","X.1787.uned","control"
"X-1787.CGM097","X.1787.CG97","treatment"
"X-1787.CKX620","X.1787.uned","control"
"X-1787.CKX620","X.1787.CK20","treatment"
"X-1787.encorafenib","X.1787.uned","control"
"X-1787.LFW527 + binimetinib","X.1787.uned","control"
"X-1787.LFW527 + binimetinib","X.1787.LF27.biib","treatment"
"X-1787.LJC049","X.1787.uned","control"
"X-1787.LKA136","X.1787.uned","control"
"X-1787.abraxane","X.1787.uned","control"
"X-1787.binimetinib-3.5mpk","X.1787.uned","control"
"X-1787.BKM120 + binimetinib","X.1787.uned","control"
"X-1787.BKM120 + binimetinib","X.1787.BK20.biib","treatment"
"X-1787.BKM120 + LDE225","X.1787.uned","control"
"X-1787.figitumumab + binimetinib","X.1787.uned","control"
"X-1787.gemcitabine-50mpk","X.1787.uned","control"
"X-1787.INC424","X.1787.uned","control"
"X-1787.INC424 + binimetinib","X.1787.uned","control"
"X-1787.trametinib","X.1787.uned","control"
"X-1787.BYL719 + LEE011","X.1787.uned","control"
"X-1787.LFA102","X.1787.uned","control"
"X-1787.LFW527 + everolimus","X.1787.uned","control"
"X-1787.paclitaxel","X.1787.uned","control"
"X-1787.paclitaxel","X.1787.pael","treatment"
"X-1787.tamoxifen","X.1787.uned","control"
"X-1787.BYL719 + LGH447","X.1787.uned","control"
"X-1787.BYL719 + LGH447","X.1787.BY19.LG47","treatment"
"X-1787.erlotinib","X.1787.uned","control"
"X-1787.erlotinib","X.1787.erib","treatment"
"X-1787.LCL161 + paclitaxel","X.1787.uned","control"
"X-1787.LCL161 + paclitaxel","X.1787.LC61.pael","treatment"
"X-1787.LGH447","X.1787.uned","control"
"X-1787.LGH447","X.1787.LG47","treatment"
"X-1787.WNT974","X.1787.uned","control"
"X-1787.BKM120 + encorafenib","X.1787.uned","control"
"X-1787.dacarbazine","X.1787.uned","control"
"X-1787.encorafenib + binimetinib","X.1787.uned","control"
"X-1787.LDE225","X.1787.uned","control"
"X-1787.LDK378","X.1787.uned","control"
"X-1787.LEE011 + binimetinib","X.1787.uned","control"
"X-1787.LEE011 + encorafenib","X.1787.uned","control"
"X-1787.LGW813","X.1787.uned","control"
"X-1787.TAS266","X.1787.uned","control"
"X-1795.LFW527 + binimetinib","X.1795.LF27.biib","treatment"
"X-1823.BGJ398","X.1823.uned","control"
"X-1823.BGJ398","X.1823.BG98","treatment"
"X-1823.binimetinib","X.1823.uned","control"
"X-1823.binimetinib","X.1823.biib","treatment"
"X-1823.BKM120","X.1823.uned","control"
"X-1823.BKM120","X.1823.BK20","treatment"
"X-1823.BYL719","X.1823.uned","control"
"X-1823.BYL719","X.1823.BY19","treatment"
"X-1823.BYL719 + HSP990","X.1823.uned","control"
"X-1823.BYL719 + LJM716","X.1823.uned","control"
"X-1823.BYL719 + LJM716","X.1823.BY19.LJ16","treatment"
"X-1823.CLR457","X.1823.uned","control"
"X-1823.CLR457","X.1823.CL57","treatment"
"X-1823.everolimus","X.1823.uned","control"
"X-1823.figitumumab","X.1823.uned","control"
"X-1823.HDM201","X.1823.uned","control"
"X-1823.HDM201","X.1823.HD01","treatment"
"X-1823.HSP990","X.1823.uned","control"
"X-1823.HSP990","X.1823.HS90","treatment"
"X-1823.INC280","X.1823.uned","control"
"X-1823.INC280","X.1823.IN80","treatment"
"X-1823.INC280 + trastuzumab","X.1823.uned","control"
"X-1823.LEE011","X.1823.uned","control"
"X-1823.LEE011","X.1823.LE11","treatment"
"X-1823.LEE011 + everolimus","X.1823.uned","control"
"X-1823.LJM716","X.1823.uned","control"
"X-1823.LJM716 + trastuzumab","X.1823.uned","control"
"X-1823.LLM871","X.1823.uned","control"
"X-1823.LLM871","X.1823.LL71","treatment"
"X-1823.trastuzumab","X.1823.uned","control"
"X-1823.5FU","X.1823.uned","control"
"X-1823.BKM120 + LJC049","X.1823.uned","control"
"X-1823.BYL719 + binimetinib","X.1823.uned","control"
"X-1823.BYL719 + cetuximab","X.1823.uned","control"
"X-1823.BYL719 + cetuximab + encorafenib","X.1823.uned","control"
"X-1823.BYL719 + encorafenib","X.1823.uned","control"
"X-1823.cetuximab","X.1823.uned","control"
"X-1823.cetuximab","X.1823.ceab","treatment"
"X-1823.cetuximab + encorafenib","X.1823.uned","control"
"X-1823.CGM097","X.1823.uned","control"
"X-1823.CGM097","X.1823.CG97","treatment"
"X-1823.CKX620","X.1823.uned","control"
"X-1823.CKX620","X.1823.CK20","treatment"
"X-1823.encorafenib","X.1823.uned","control"
"X-1823.LFW527 + binimetinib","X.1823.uned","control"
"X-1823.LFW527 + binimetinib","X.1823.LF27.biib","treatment"
"X-1823.LJC049","X.1823.uned","control"
"X-1823.LKA136","X.1823.uned","control"
"X-1823.abraxane","X.1823.uned","control"
"X-1823.binimetinib-3.5mpk","X.1823.uned","control"
"X-1823.BKM120 + binimetinib","X.1823.uned","control"
"X-1823.BKM120 + binimetinib","X.1823.BK20.biib","treatment"
"X-1823.BKM120 + LDE225","X.1823.uned","control"
"X-1823.figitumumab + binimetinib","X.1823.uned","control"
"X-1823.gemcitabine-50mpk","X.1823.uned","control"
"X-1823.INC424","X.1823.uned","control"
"X-1823.INC424 + binimetinib","X.1823.uned","control"
"X-1823.trametinib","X.1823.uned","control"
"X-1823.BYL719 + LEE011","X.1823.uned","control"
"X-1823.LFA102","X.1823.uned","control"
"X-1823.LFW527 + everolimus","X.1823.uned","control"
"X-1823.paclitaxel","X.1823.uned","control"
"X-1823.paclitaxel","X.1823.pael","treatment"
"X-1823.tamoxifen","X.1823.uned","control"
"X-1823.BYL719 + LGH447","X.1823.uned","control"
"X-1823.BYL719 + LGH447","X.1823.BY19.LG47","treatment"
"X-1823.erlotinib","X.1823.uned","control"
"X-1823.erlotinib","X.1823.erib","treatment"
"X-1823.LCL161 + paclitaxel","X.1823.uned","control"
"X-1823.LCL161 + paclitaxel","X.1823.LC61.pael","treatment"
"X-1823.LGH447","X.1823.uned","control"
"X-1823.LGH447","X.1823.LG47","treatment"
"X-1823.WNT974","X.1823.uned","control"
"X-1823.BKM120 + encorafenib","X.1823.uned","control"
"X-1823.dacarbazine","X.1823.uned","control"
"X-1823.encorafenib + binimetinib","X.1823.uned","control"
"X-1823.LDE225","X.1823.uned","control"
"X-1823.LDK378","X.1823.uned","control"
"X-1823.LEE011 + binimetinib","X.1823.uned","control"
"X-1823.LEE011 + encorafenib","X.1823.uned","control"
"X-1823.LGW813","X.1823.uned","control"
"X-1823.TAS266","X.1823.uned","control"
"X-1828.BGJ398","X.1828.uned","control"
"X-1828.BGJ398","X.1828.BG98","treatment"
"X-1828.binimetinib","X.1828.uned","control"
"X-1828.binimetinib","X.1828.biib","treatment"
"X-1828.BKM120","X.1828.uned","control"
"X-1828.BKM120","X.1828.BK20","treatment"
"X-1828.BYL719","X.1828.uned","control"
"X-1828.BYL719","X.1828.BY19","treatment"
"X-1828.BYL719 + HSP990","X.1828.uned","control"
"X-1828.BYL719 + LJM716","X.1828.uned","control"
"X-1828.BYL719 + LJM716","X.1828.BY19.LJ16","treatment"
"X-1828.CLR457","X.1828.uned","control"
"X-1828.CLR457","X.1828.CL57","treatment"
"X-1828.everolimus","X.1828.uned","control"
"X-1828.figitumumab","X.1828.uned","control"
"X-1828.HDM201","X.1828.uned","control"
"X-1828.HDM201","X.1828.HD01","treatment"
"X-1828.HSP990","X.1828.uned","control"
"X-1828.INC280","X.1828.uned","control"
"X-1828.INC280 + trastuzumab","X.1828.uned","control"
"X-1828.LEE011","X.1828.uned","control"
"X-1828.LEE011","X.1828.LE11","treatment"
"X-1828.LEE011 + everolimus","X.1828.uned","control"
"X-1828.LEE011 + everolimus","X.1828.LE11.evus","treatment"
"X-1828.LJM716","X.1828.uned","control"
"X-1828.LJM716","X.1828.LJ16","treatment"
"X-1828.LJM716 + trastuzumab","X.1828.uned","control"
"X-1828.LJM716 + trastuzumab","X.1828.LJ16.trab","treatment"
"X-1828.LLM871","X.1828.uned","control"
"X-1828.LLM871","X.1828.LL71","treatment"
"X-1828.trastuzumab","X.1828.uned","control"
"X-1828.trastuzumab","X.1828.trab","treatment"
"X-1828.5FU","X.1828.uned","control"
"X-1828.BKM120 + LJC049","X.1828.uned","control"
"X-1828.BYL719 + binimetinib","X.1828.uned","control"
"X-1828.BYL719 + cetuximab","X.1828.uned","control"
"X-1828.BYL719 + cetuximab + encorafenib","X.1828.uned","control"
"X-1828.BYL719 + encorafenib","X.1828.uned","control"
"X-1828.cetuximab","X.1828.uned","control"
"X-1828.cetuximab + encorafenib","X.1828.uned","control"
"X-1828.CGM097","X.1828.uned","control"
"X-1828.CGM097","X.1828.CG97","treatment"
"X-1828.CKX620","X.1828.uned","control"
"X-1828.encorafenib","X.1828.uned","control"
"X-1828.LFW527 + binimetinib","X.1828.uned","control"
"X-1828.LJC049","X.1828.uned","control"
"X-1828.LKA136","X.1828.uned","control"
"X-1828.LKA136","X.1828.LK36","treatment"
"X-1828.abraxane","X.1828.uned","control"
"X-1828.binimetinib-3.5mpk","X.1828.uned","control"
"X-1828.BKM120 + binimetinib","X.1828.uned","control"
"X-1828.BKM120 + LDE225","X.1828.uned","control"
"X-1828.figitumumab + binimetinib","X.1828.uned","control"
"X-1828.gemcitabine-50mpk","X.1828.uned","control"
"X-1828.INC424","X.1828.uned","control"
"X-1828.INC424","X.1828.IN24","treatment"
"X-1828.INC424 + binimetinib","X.1828.uned","control"
"X-1828.trametinib","X.1828.uned","control"
"X-1828.BYL719 + LEE011","X.1828.uned","control"
"X-1828.BYL719 + LEE011","X.1828.BY19.LE11","treatment"
"X-1828.LFA102","X.1828.uned","control"
"X-1828.LFA102","X.1828.LF02","treatment"
"X-1828.LFW527 + everolimus","X.1828.uned","control"
"X-1828.paclitaxel","X.1828.uned","control"
"X-1828.paclitaxel","X.1828.pael","treatment"
"X-1828.tamoxifen","X.1828.uned","control"
"X-1828.tamoxifen","X.1828.taen","treatment"
"X-1828.BYL719 + LGH447","X.1828.uned","control"
"X-1828.erlotinib","X.1828.uned","control"
"X-1828.LCL161 + paclitaxel","X.1828.uned","control"
"X-1828.LGH447","X.1828.uned","control"
"X-1828.WNT974","X.1828.uned","control"
"X-1828.BKM120 + encorafenib","X.1828.uned","control"
"X-1828.dacarbazine","X.1828.uned","control"
"X-1828.encorafenib + binimetinib","X.1828.uned","control"
"X-1828.LDE225","X.1828.uned","control"
"X-1828.LDK378","X.1828.uned","control"
"X-1828.LEE011 + binimetinib","X.1828.uned","control"
"X-1828.LEE011 + encorafenib","X.1828.uned","control"
"X-1828.LGW813","X.1828.uned","control"
"X-1828.TAS266","X.1828.uned","control"
"X-1832.BGJ398","X.1832.uned","control"
"X-1832.BGJ398","X.1832.BG98","treatment"
"X-1832.binimetinib","X.1832.uned","control"
"X-1832.binimetinib","X.1832.biib","treatment"
"X-1832.BKM120","X.1832.uned","control"
"X-1832.BKM120","X.1832.BK20","treatment"
"X-1832.BYL719","X.1832.uned","control"
"X-1832.BYL719","X.1832.BY19","treatment"
"X-1832.BYL719 + HSP990","X.1832.uned","control"
"X-1832.BYL719 + LJM716","X.1832.uned","control"
"X-1832.BYL719 + LJM716","X.1832.BY19.LJ16","treatment"
"X-1832.CLR457","X.1832.uned","control"
"X-1832.CLR457","X.1832.CL57","treatment"
"X-1832.everolimus","X.1832.uned","control"
"X-1832.figitumumab","X.1832.uned","control"
"X-1832.HDM201","X.1832.uned","control"
"X-1832.HDM201","X.1832.HD01","treatment"
"X-1832.HSP990","X.1832.uned","control"
"X-1832.INC280","X.1832.uned","control"
"X-1832.INC280 + trastuzumab","X.1832.uned","control"
"X-1832.LEE011","X.1832.uned","control"
"X-1832.LEE011","X.1832.LE11","treatment"
"X-1832.LEE011 + everolimus","X.1832.uned","control"
"X-1832.LEE011 + everolimus","X.1832.LE11.evus","treatment"
"X-1832.LJM716","X.1832.uned","control"
"X-1832.LJM716","X.1832.LJ16","treatment"
"X-1832.LJM716 + trastuzumab","X.1832.uned","control"
"X-1832.LJM716 + trastuzumab","X.1832.LJ16.trab","treatment"
"X-1832.LLM871","X.1832.uned","control"
"X-1832.LLM871","X.1832.LL71","treatment"
"X-1832.trastuzumab","X.1832.uned","control"
"X-1832.trastuzumab","X.1832.trab","treatment"
"X-1832.5FU","X.1832.uned","control"
"X-1832.BKM120 + LJC049","X.1832.uned","control"
"X-1832.BYL719 + binimetinib","X.1832.uned","control"
"X-1832.BYL719 + cetuximab","X.1832.uned","control"
"X-1832.BYL719 + cetuximab + encorafenib","X.1832.uned","control"
"X-1832.BYL719 + encorafenib","X.1832.uned","control"
"X-1832.cetuximab","X.1832.uned","control"
"X-1832.cetuximab + encorafenib","X.1832.uned","control"
"X-1832.CGM097","X.1832.uned","control"
"X-1832.CGM097","X.1832.CG97","treatment"
"X-1832.CKX620","X.1832.uned","control"
"X-1832.encorafenib","X.1832.uned","control"
"X-1832.LFW527 + binimetinib","X.1832.uned","control"
"X-1832.LJC049","X.1832.uned","control"
"X-1832.LKA136","X.1832.uned","control"
"X-1832.LKA136","X.1832.LK36","treatment"
"X-1832.abraxane","X.1832.uned","control"
"X-1832.binimetinib-3.5mpk","X.1832.uned","control"
"X-1832.BKM120 + binimetinib","X.1832.uned","control"
"X-1832.BKM120 + LDE225","X.1832.uned","control"
"X-1832.figitumumab + binimetinib","X.1832.uned","control"
"X-1832.gemcitabine-50mpk","X.1832.uned","control"
"X-1832.INC424","X.1832.uned","control"
"X-1832.INC424","X.1832.IN24","treatment"
"X-1832.INC424 + binimetinib","X.1832.uned","control"
"X-1832.trametinib","X.1832.uned","control"
"X-1832.BYL719 + LEE011","X.1832.uned","control"
"X-1832.BYL719 + LEE011","X.1832.BY19.LE11","treatment"
"X-1832.LFA102","X.1832.uned","control"
"X-1832.LFA102","X.1832.LF02","treatment"
"X-1832.LFW527 + everolimus","X.1832.uned","control"
"X-1832.LFW527 + everolimus","X.1832.LF27.evus","treatment"
"X-1832.paclitaxel","X.1832.uned","control"
"X-1832.paclitaxel","X.1832.pael","treatment"
"X-1832.tamoxifen","X.1832.uned","control"
"X-1832.tamoxifen","X.1832.taen","treatment"
"X-1832.BYL719 + LGH447","X.1832.uned","control"
"X-1832.erlotinib","X.1832.uned","control"
"X-1832.LCL161 + paclitaxel","X.1832.uned","control"
"X-1832.LGH447","X.1832.uned","control"
"X-1832.WNT974","X.1832.uned","control"
"X-1832.BKM120 + encorafenib","X.1832.uned","control"
"X-1832.dacarbazine","X.1832.uned","control"
"X-1832.encorafenib + binimetinib","X.1832.uned","control"
"X-1832.LDE225","X.1832.uned","control"
"X-1832.LDK378","X.1832.uned","control"
"X-1832.LEE011 + binimetinib","X.1832.uned","control"
"X-1832.LEE011 + encorafenib","X.1832.uned","control"
"X-1832.LGW813","X.1832.uned","control"
"X-1832.TAS266","X.1832.uned","control"
"X-1834.BGJ398","X.1834.uned","control"
"X-1834.BGJ398","X.1834.BG98","treatment"
"X-1834.binimetinib","X.1834.uned","control"
"X-1834.binimetinib","X.1834.biib","treatment"
"X-1834.BKM120","X.1834.uned","control"
"X-1834.BKM120","X.1834.BK20","treatment"
"X-1834.BYL719","X.1834.uned","control"
"X-1834.BYL719","X.1834.BY19","treatment"
"X-1834.BYL719 + HSP990","X.1834.uned","control"
"X-1834.BYL719 + LJM716","X.1834.uned","control"
"X-1834.BYL719 + LJM716","X.1834.BY19.LJ16","treatment"
"X-1834.CLR457","X.1834.uned","control"
"X-1834.CLR457","X.1834.CL57","treatment"
"X-1834.everolimus","X.1834.uned","control"
"X-1834.figitumumab","X.1834.uned","control"
"X-1834.HDM201","X.1834.uned","control"
"X-1834.HDM201","X.1834.HD01","treatment"
"X-1834.HSP990","X.1834.uned","control"
"X-1834.HSP990","X.1834.HS90","treatment"
"X-1834.INC280","X.1834.uned","control"
"X-1834.INC280","X.1834.IN80","treatment"
"X-1834.INC280 + trastuzumab","X.1834.uned","control"
"X-1834.LEE011","X.1834.uned","control"
"X-1834.LEE011","X.1834.LE11","treatment"
"X-1834.LEE011 + everolimus","X.1834.uned","control"
"X-1834.LJM716","X.1834.uned","control"
"X-1834.LJM716 + trastuzumab","X.1834.uned","control"
"X-1834.LLM871","X.1834.uned","control"
"X-1834.LLM871","X.1834.LL71","treatment"
"X-1834.trastuzumab","X.1834.uned","control"
"X-1834.5FU","X.1834.uned","control"
"X-1834.BKM120 + LJC049","X.1834.uned","control"
"X-1834.BYL719 + binimetinib","X.1834.uned","control"
"X-1834.BYL719 + cetuximab","X.1834.uned","control"
"X-1834.BYL719 + cetuximab + encorafenib","X.1834.uned","control"
"X-1834.BYL719 + encorafenib","X.1834.uned","control"
"X-1834.cetuximab","X.1834.uned","control"
"X-1834.cetuximab","X.1834.ceab","treatment"
"X-1834.cetuximab + encorafenib","X.1834.uned","control"
"X-1834.CGM097","X.1834.uned","control"
"X-1834.CGM097","X.1834.CG97","treatment"
"X-1834.CKX620","X.1834.uned","control"
"X-1834.CKX620","X.1834.CK20","treatment"
"X-1834.encorafenib","X.1834.uned","control"
"X-1834.LFW527 + binimetinib","X.1834.uned","control"
"X-1834.LFW527 + binimetinib","X.1834.LF27.biib","treatment"
"X-1834.LJC049","X.1834.uned","control"
"X-1834.LKA136","X.1834.uned","control"
"X-1834.abraxane","X.1834.uned","control"
"X-1834.binimetinib-3.5mpk","X.1834.uned","control"
"X-1834.BKM120 + binimetinib","X.1834.uned","control"
"X-1834.BKM120 + binimetinib","X.1834.BK20.biib","treatment"
"X-1834.BKM120 + LDE225","X.1834.uned","control"
"X-1834.figitumumab + binimetinib","X.1834.uned","control"
"X-1834.gemcitabine-50mpk","X.1834.uned","control"
"X-1834.INC424","X.1834.uned","control"
"X-1834.INC424 + binimetinib","X.1834.uned","control"
"X-1834.trametinib","X.1834.uned","control"
"X-1834.BYL719 + LEE011","X.1834.uned","control"
"X-1834.LFA102","X.1834.uned","control"
"X-1834.LFW527 + everolimus","X.1834.uned","control"
"X-1834.paclitaxel","X.1834.uned","control"
"X-1834.paclitaxel","X.1834.pael","treatment"
"X-1834.tamoxifen","X.1834.uned","control"
"X-1834.BYL719 + LGH447","X.1834.uned","control"
"X-1834.BYL719 + LGH447","X.1834.BY19.LG47","treatment"
"X-1834.erlotinib","X.1834.uned","control"
"X-1834.erlotinib","X.1834.erib","treatment"
"X-1834.LCL161 + paclitaxel","X.1834.uned","control"
"X-1834.LCL161 + paclitaxel","X.1834.LC61.pael","treatment"
"X-1834.LGH447","X.1834.uned","control"
"X-1834.LGH447","X.1834.LG47","treatment"
"X-1834.WNT974","X.1834.uned","control"
"X-1834.BKM120 + encorafenib","X.1834.uned","control"
"X-1834.dacarbazine","X.1834.uned","control"
"X-1834.encorafenib + binimetinib","X.1834.uned","control"
"X-1834.LDE225","X.1834.uned","control"
"X-1834.LDK378","X.1834.uned","control"
"X-1834.LEE011 + binimetinib","X.1834.uned","control"
"X-1834.LEE011 + encorafenib","X.1834.uned","control"
"X-1834.LGW813","X.1834.uned","control"
"X-1834.TAS266","X.1834.uned","control"
"X-1835.BGJ398","X.1835.uned","control"
"X-1835.BGJ398","X.1835.BG98","treatment"
"X-1835.binimetinib","X.1835.uned","control"
"X-1835.binimetinib","X.1835.biib","treatment"
"X-1835.BKM120","X.1835.uned","control"
"X-1835.BKM120","X.1835.BK20","treatment"
"X-1835.BYL719","X.1835.uned","control"
"X-1835.BYL719","X.1835.BY19","treatment"
"X-1835.BYL719 + HSP990","X.1835.uned","control"
"X-1835.BYL719 + LJM716","X.1835.uned","control"
"X-1835.BYL719 + LJM716","X.1835.BY19.LJ16","treatment"
"X-1835.CLR457","X.1835.uned","control"
"X-1835.CLR457","X.1835.CL57","treatment"
"X-1835.everolimus","X.1835.uned","control"
"X-1835.figitumumab","X.1835.uned","control"
"X-1835.HDM201","X.1835.uned","control"
"X-1835.HDM201","X.1835.HD01","treatment"
"X-1835.HSP990","X.1835.uned","control"
"X-1835.HSP990","X.1835.HS90","treatment"
"X-1835.INC280","X.1835.uned","control"
"X-1835.INC280","X.1835.IN80","treatment"
"X-1835.INC280 + trastuzumab","X.1835.uned","control"
"X-1835.LEE011","X.1835.uned","control"
"X-1835.LEE011","X.1835.LE11","treatment"
"X-1835.LEE011 + everolimus","X.1835.uned","control"
"X-1835.LJM716","X.1835.uned","control"
"X-1835.LJM716 + trastuzumab","X.1835.uned","control"
"X-1835.LLM871","X.1835.uned","control"
"X-1835.LLM871","X.1835.LL71","treatment"
"X-1835.trastuzumab","X.1835.uned","control"
"X-1835.5FU","X.1835.uned","control"
"X-1835.BKM120 + LJC049","X.1835.uned","control"
"X-1835.BYL719 + binimetinib","X.1835.uned","control"
"X-1835.BYL719 + cetuximab","X.1835.uned","control"
"X-1835.BYL719 + cetuximab + encorafenib","X.1835.uned","control"
"X-1835.BYL719 + encorafenib","X.1835.uned","control"
"X-1835.cetuximab","X.1835.uned","control"
"X-1835.cetuximab","X.1835.ceab","treatment"
"X-1835.cetuximab + encorafenib","X.1835.uned","control"
"X-1835.CGM097","X.1835.uned","control"
"X-1835.CGM097","X.1835.CG97","treatment"
"X-1835.CKX620","X.1835.uned","control"
"X-1835.CKX620","X.1835.CK20","treatment"
"X-1835.encorafenib","X.1835.uned","control"
"X-1835.LFW527 + binimetinib","X.1835.uned","control"
"X-1835.LFW527 + binimetinib","X.1835.LF27.biib","treatment"
"X-1835.LJC049","X.1835.uned","control"
"X-1835.LKA136","X.1835.uned","control"
"X-1835.abraxane","X.1835.uned","control"
"X-1835.binimetinib-3.5mpk","X.1835.uned","control"
"X-1835.BKM120 + binimetinib","X.1835.uned","control"
"X-1835.BKM120 + binimetinib","X.1835.BK20.biib","treatment"
"X-1835.BKM120 + LDE225","X.1835.uned","control"
"X-1835.figitumumab + binimetinib","X.1835.uned","control"
"X-1835.gemcitabine-50mpk","X.1835.uned","control"
"X-1835.INC424","X.1835.uned","control"
"X-1835.INC424 + binimetinib","X.1835.uned","control"
"X-1835.trametinib","X.1835.uned","control"
"X-1835.BYL719 + LEE011","X.1835.uned","control"
"X-1835.LFA102","X.1835.uned","control"
"X-1835.LFW527 + everolimus","X.1835.uned","control"
"X-1835.paclitaxel","X.1835.uned","control"
"X-1835.paclitaxel","X.1835.pael","treatment"
"X-1835.tamoxifen","X.1835.uned","control"
"X-1835.BYL719 + LGH447","X.1835.uned","control"
"X-1835.BYL719 + LGH447","X.1835.BY19.LG47","treatment"
"X-1835.erlotinib","X.1835.uned","control"
"X-1835.erlotinib","X.1835.erib","treatment"
"X-1835.LCL161 + paclitaxel","X.1835.uned","control"
"X-1835.LCL161 + paclitaxel","X.1835.LC61.pael","treatment"
"X-1835.LGH447","X.1835.uned","control"
"X-1835.LGH447","X.1835.LG47","treatment"
"X-1835.WNT974","X.1835.uned","control"
"X-1835.BKM120 + encorafenib","X.1835.uned","control"
"X-1835.dacarbazine","X.1835.uned","control"
"X-1835.encorafenib + binimetinib","X.1835.uned","control"
"X-1835.LDE225","X.1835.uned","control"
"X-1835.LDK378","X.1835.uned","control"
"X-1835.LEE011 + binimetinib","X.1835.uned","control"
"X-1835.LEE011 + encorafenib","X.1835.uned","control"
"X-1835.LGW813","X.1835.uned","control"
"X-1835.TAS266","X.1835.uned","control"
"X-1855.BGJ398","X.1855.uned","control"
"X-1855.binimetinib","X.1855.uned","control"
"X-1855.binimetinib","X.1855.biib","treatment"
"X-1855.BKM120","X.1855.uned","control"
"X-1855.BKM120","X.1855.BK20","treatment"
"X-1855.BYL719","X.1855.uned","control"
"X-1855.BYL719","X.1855.BY19","treatment"
"X-1855.BYL719 + HSP990","X.1855.uned","control"
"X-1855.BYL719 + LJM716","X.1855.uned","control"
"X-1855.BYL719 + LJM716","X.1855.BY19.LJ16","treatment"
"X-1855.CLR457","X.1855.uned","control"
"X-1855.everolimus","X.1855.uned","control"
"X-1855.figitumumab","X.1855.uned","control"
"X-1855.HDM201","X.1855.uned","control"
"X-1855.HDM201","X.1855.HD01","treatment"
"X-1855.HSP990","X.1855.uned","control"
"X-1855.INC280","X.1855.uned","control"
"X-1855.INC280 + trastuzumab","X.1855.uned","control"
"X-1855.LEE011","X.1855.uned","control"
"X-1855.LEE011","X.1855.LE11","treatment"
"X-1855.LEE011 + everolimus","X.1855.uned","control"
"X-1855.LJM716","X.1855.uned","control"
"X-1855.LJM716 + trastuzumab","X.1855.uned","control"
"X-1855.LLM871","X.1855.uned","control"
"X-1855.trastuzumab","X.1855.uned","control"
"X-1855.5FU","X.1855.uned","control"
"X-1855.5FU","X.1855.5FFU","treatment"
"X-1855.BKM120 + LJC049","X.1855.uned","control"
"X-1855.BKM120 + LJC049","X.1855.BK20.LJ49","treatment"
"X-1855.BYL719 + binimetinib","X.1855.uned","control"
"X-1855.BYL719 + binimetinib","X.1855.BY19.biib","treatment"
"X-1855.BYL719 + cetuximab","X.1855.uned","control"
"X-1855.BYL719 + cetuximab","X.1855.BY19.ceab","treatment"
"X-1855.BYL719 + cetuximab + encorafenib","X.1855.uned","control"
"X-1855.BYL719 + cetuximab + encorafenib","X.1855.BY19.ceab.enib","treatment"
"X-1855.BYL719 + encorafenib","X.1855.uned","control"
"X-1855.BYL719 + encorafenib","X.1855.BY19.enib","treatment"
"X-1855.cetuximab","X.1855.uned","control"
"X-1855.cetuximab","X.1855.ceab","treatment"
"X-1855.cetuximab + encorafenib","X.1855.uned","control"
"X-1855.cetuximab + encorafenib","X.1855.ceab.enib","treatment"
"X-1855.CGM097","X.1855.uned","control"
"X-1855.CGM097","X.1855.CG97","treatment"
"X-1855.CKX620","X.1855.uned","control"
"X-1855.CKX620","X.1855.CK20","treatment"
"X-1855.encorafenib","X.1855.uned","control"
"X-1855.encorafenib","X.1855.enib","treatment"
"X-1855.LFW527 + binimetinib","X.1855.uned","control"
"X-1855.LFW527 + binimetinib","X.1855.LF27.biib","treatment"
"X-1855.LJC049","X.1855.uned","control"
"X-1855.LJC049","X.1855.LJ49","treatment"
"X-1855.LKA136","X.1855.uned","control"
"X-1855.LKA136","X.1855.LK36","treatment"
"X-1855.abraxane","X.1855.uned","control"
"X-1855.binimetinib-3.5mpk","X.1855.uned","control"
"X-1855.BKM120 + binimetinib","X.1855.uned","control"
"X-1855.BKM120 + LDE225","X.1855.uned","control"
"X-1855.figitumumab + binimetinib","X.1855.uned","control"
"X-1855.gemcitabine-50mpk","X.1855.uned","control"
"X-1855.INC424","X.1855.uned","control"
"X-1855.INC424 + binimetinib","X.1855.uned","control"
"X-1855.trametinib","X.1855.uned","control"
"X-1855.BYL719 + LEE011","X.1855.uned","control"
"X-1855.LFA102","X.1855.uned","control"
"X-1855.LFW527 + everolimus","X.1855.uned","control"
"X-1855.paclitaxel","X.1855.uned","control"
"X-1855.tamoxifen","X.1855.uned","control"
"X-1855.BYL719 + LGH447","X.1855.uned","control"
"X-1855.erlotinib","X.1855.uned","control"
"X-1855.LCL161 + paclitaxel","X.1855.uned","control"
"X-1855.LGH447","X.1855.uned","control"
"X-1855.WNT974","X.1855.uned","control"
"X-1855.BKM120 + encorafenib","X.1855.uned","control"
"X-1855.dacarbazine","X.1855.uned","control"
"X-1855.encorafenib + binimetinib","X.1855.uned","control"
"X-1855.LDE225","X.1855.uned","control"
"X-1855.LDK378","X.1855.uned","control"
"X-1855.LEE011 + binimetinib","X.1855.uned","control"
"X-1855.LEE011 + encorafenib","X.1855.uned","control"
"X-1855.LGW813","X.1855.uned","control"
"X-1855.TAS266","X.1855.uned","control"
"X-1869.BGJ398","X.1869.uned","control"
"X-1869.BGJ398","X.1869.BG98","treatment"
"X-1869.binimetinib","X.1869.uned","control"
"X-1869.binimetinib","X.1869.biib","treatment"
"X-1869.BKM120","X.1869.uned","control"
"X-1869.BKM120","X.1869.BK20","treatment"
"X-1869.BYL719","X.1869.uned","control"
"X-1869.BYL719","X.1869.BY19","treatment"
"X-1869.BYL719 + HSP990","X.1869.uned","control"
"X-1869.BYL719 + LJM716","X.1869.uned","control"
"X-1869.BYL719 + LJM716","X.1869.BY19.LJ16","treatment"
"X-1869.CLR457","X.1869.uned","control"
"X-1869.CLR457","X.1869.CL57","treatment"
"X-1869.everolimus","X.1869.uned","control"
"X-1869.figitumumab","X.1869.uned","control"
"X-1869.HDM201","X.1869.uned","control"
"X-1869.HDM201","X.1869.HD01","treatment"
"X-1869.HSP990","X.1869.uned","control"
"X-1869.HSP990","X.1869.HS90","treatment"
"X-1869.INC280","X.1869.uned","control"
"X-1869.INC280","X.1869.IN80","treatment"
"X-1869.INC280 + trastuzumab","X.1869.uned","control"
"X-1869.LEE011","X.1869.uned","control"
"X-1869.LEE011","X.1869.LE11","treatment"
"X-1869.LEE011 + everolimus","X.1869.uned","control"
"X-1869.LJM716","X.1869.uned","control"
"X-1869.LJM716 + trastuzumab","X.1869.uned","control"
"X-1869.LLM871","X.1869.uned","control"
"X-1869.LLM871","X.1869.LL71","treatment"
"X-1869.trastuzumab","X.1869.uned","control"
"X-1869.5FU","X.1869.uned","control"
"X-1869.BKM120 + LJC049","X.1869.uned","control"
"X-1869.BYL719 + binimetinib","X.1869.uned","control"
"X-1869.BYL719 + cetuximab","X.1869.uned","control"
"X-1869.BYL719 + cetuximab + encorafenib","X.1869.uned","control"
"X-1869.BYL719 + encorafenib","X.1869.uned","control"
"X-1869.cetuximab","X.1869.uned","control"
"X-1869.cetuximab","X.1869.ceab","treatment"
"X-1869.cetuximab + encorafenib","X.1869.uned","control"
"X-1869.CGM097","X.1869.uned","control"
"X-1869.CGM097","X.1869.CG97","treatment"
"X-1869.CKX620","X.1869.uned","control"
"X-1869.CKX620","X.1869.CK20","treatment"
"X-1869.encorafenib","X.1869.uned","control"
"X-1869.LFW527 + binimetinib","X.1869.uned","control"
"X-1869.LFW527 + binimetinib","X.1869.LF27.biib","treatment"
"X-1869.LJC049","X.1869.uned","control"
"X-1869.LKA136","X.1869.uned","control"
"X-1869.abraxane","X.1869.uned","control"
"X-1869.binimetinib-3.5mpk","X.1869.uned","control"
"X-1869.BKM120 + binimetinib","X.1869.uned","control"
"X-1869.BKM120 + binimetinib","X.1869.BK20.biib","treatment"
"X-1869.BKM120 + LDE225","X.1869.uned","control"
"X-1869.figitumumab + binimetinib","X.1869.uned","control"
"X-1869.gemcitabine-50mpk","X.1869.uned","control"
"X-1869.INC424","X.1869.uned","control"
"X-1869.INC424 + binimetinib","X.1869.uned","control"
"X-1869.trametinib","X.1869.uned","control"
"X-1869.BYL719 + LEE011","X.1869.uned","control"
"X-1869.LFA102","X.1869.uned","control"
"X-1869.LFW527 + everolimus","X.1869.uned","control"
"X-1869.paclitaxel","X.1869.uned","control"
"X-1869.paclitaxel","X.1869.pael","treatment"
"X-1869.tamoxifen","X.1869.uned","control"
"X-1869.BYL719 + LGH447","X.1869.uned","control"
"X-1869.BYL719 + LGH447","X.1869.BY19.LG47","treatment"
"X-1869.erlotinib","X.1869.uned","control"
"X-1869.erlotinib","X.1869.erib","treatment"
"X-1869.LCL161 + paclitaxel","X.1869.uned","control"
"X-1869.LCL161 + paclitaxel","X.1869.LC61.pael","treatment"
"X-1869.LGH447","X.1869.uned","control"
"X-1869.LGH447","X.1869.LG47","treatment"
"X-1869.WNT974","X.1869.uned","control"
"X-1869.BKM120 + encorafenib","X.1869.uned","control"
"X-1869.dacarbazine","X.1869.uned","control"
"X-1869.encorafenib + binimetinib","X.1869.uned","control"
"X-1869.LDE225","X.1869.uned","control"
"X-1869.LDK378","X.1869.uned","control"
"X-1869.LEE011 + binimetinib","X.1869.uned","control"
"X-1869.LEE011 + encorafenib","X.1869.uned","control"
"X-1869.LGW813","X.1869.uned","control"
"X-1869.TAS266","X.1869.uned","control"
"X-1870.BGJ398","X.1870.uned","control"
"X-1870.BGJ398","X.1870.BG98","treatment"
"X-1870.binimetinib","X.1870.uned","control"
"X-1870.binimetinib","X.1870.biib","treatment"
"X-1870.BKM120","X.1870.uned","control"
"X-1870.BKM120","X.1870.BK20","treatment"
"X-1870.BYL719","X.1870.uned","control"
"X-1870.BYL719","X.1870.BY19","treatment"
"X-1870.BYL719 + HSP990","X.1870.uned","control"
"X-1870.BYL719 + LJM716","X.1870.uned","control"
"X-1870.BYL719 + LJM716","X.1870.BY19.LJ16","treatment"
"X-1870.CLR457","X.1870.uned","control"
"X-1870.CLR457","X.1870.CL57","treatment"
"X-1870.everolimus","X.1870.uned","control"
"X-1870.figitumumab","X.1870.uned","control"
"X-1870.HDM201","X.1870.uned","control"
"X-1870.HDM201","X.1870.HD01","treatment"
"X-1870.HSP990","X.1870.uned","control"
"X-1870.HSP990","X.1870.HS90","treatment"
"X-1870.INC280","X.1870.uned","control"
"X-1870.INC280 + trastuzumab","X.1870.uned","control"
"X-1870.LEE011","X.1870.uned","control"
"X-1870.LEE011","X.1870.LE11","treatment"
"X-1870.LEE011 + everolimus","X.1870.uned","control"
"X-1870.LJM716","X.1870.uned","control"
"X-1870.LJM716 + trastuzumab","X.1870.uned","control"
"X-1870.LLM871","X.1870.uned","control"
"X-1870.LLM871","X.1870.LL71","treatment"
"X-1870.trastuzumab","X.1870.uned","control"
"X-1870.5FU","X.1870.uned","control"
"X-1870.BKM120 + LJC049","X.1870.uned","control"
"X-1870.BYL719 + binimetinib","X.1870.uned","control"
"X-1870.BYL719 + cetuximab","X.1870.uned","control"
"X-1870.BYL719 + cetuximab + encorafenib","X.1870.uned","control"
"X-1870.BYL719 + encorafenib","X.1870.uned","control"
"X-1870.cetuximab","X.1870.uned","control"
"X-1870.cetuximab","X.1870.ceab","treatment"
"X-1870.cetuximab + encorafenib","X.1870.uned","control"
"X-1870.CGM097","X.1870.uned","control"
"X-1870.CGM097","X.1870.CG97","treatment"
"X-1870.CKX620","X.1870.uned","control"
"X-1870.CKX620","X.1870.CK20","treatment"
"X-1870.encorafenib","X.1870.uned","control"
"X-1870.LFW527 + binimetinib","X.1870.uned","control"
"X-1870.LFW527 + binimetinib","X.1870.LF27.biib","treatment"
"X-1870.LJC049","X.1870.uned","control"
"X-1870.LKA136","X.1870.uned","control"
"X-1870.abraxane","X.1870.uned","control"
"X-1870.binimetinib-3.5mpk","X.1870.uned","control"
"X-1870.BKM120 + binimetinib","X.1870.uned","control"
"X-1870.BKM120 + binimetinib","X.1870.BK20.biib","treatment"
"X-1870.BKM120 + LDE225","X.1870.uned","control"
"X-1870.figitumumab + binimetinib","X.1870.uned","control"
"X-1870.gemcitabine-50mpk","X.1870.uned","control"
"X-1870.INC424","X.1870.uned","control"
"X-1870.INC424 + binimetinib","X.1870.uned","control"
"X-1870.trametinib","X.1870.uned","control"
"X-1870.BYL719 + LEE011","X.1870.uned","control"
"X-1870.LFA102","X.1870.uned","control"
"X-1870.LFW527 + everolimus","X.1870.uned","control"
"X-1870.paclitaxel","X.1870.uned","control"
"X-1870.paclitaxel","X.1870.pael","treatment"
"X-1870.tamoxifen","X.1870.uned","control"
"X-1870.BYL719 + LGH447","X.1870.uned","control"
"X-1870.BYL719 + LGH447","X.1870.BY19.LG47","treatment"
"X-1870.erlotinib","X.1870.uned","control"
"X-1870.erlotinib","X.1870.erib","treatment"
"X-1870.LCL161 + paclitaxel","X.1870.uned","control"
"X-1870.LCL161 + paclitaxel","X.1870.LC61.pael","treatment"
"X-1870.LGH447","X.1870.uned","control"
"X-1870.LGH447","X.1870.LG47","treatment"
"X-1870.WNT974","X.1870.uned","control"
"X-1870.BKM120 + encorafenib","X.1870.uned","control"
"X-1870.dacarbazine","X.1870.uned","control"
"X-1870.encorafenib + binimetinib","X.1870.uned","control"
"X-1870.LDE225","X.1870.uned","control"
"X-1870.LDK378","X.1870.uned","control"
"X-1870.LEE011 + binimetinib","X.1870.uned","control"
"X-1870.LEE011 + encorafenib","X.1870.uned","control"
"X-1870.LGW813","X.1870.uned","control"
"X-1870.TAS266","X.1870.uned","control"
"X-1906.BGJ398","X.1906.uned","control"
"X-1906.binimetinib","X.1906.uned","control"
"X-1906.binimetinib","X.1906.biib","treatment"
"X-1906.BKM120","X.1906.uned","control"
"X-1906.BKM120","X.1906.BK20","treatment"
"X-1906.BYL719","X.1906.uned","control"
"X-1906.BYL719 + HSP990","X.1906.uned","control"
"X-1906.BYL719 + LJM716","X.1906.uned","control"
"X-1906.CLR457","X.1906.uned","control"
"X-1906.CLR457","X.1906.CL57","treatment"
"X-1906.everolimus","X.1906.uned","control"
"X-1906.figitumumab","X.1906.uned","control"
"X-1906.HDM201","X.1906.uned","control"
"X-1906.HSP990","X.1906.uned","control"
"X-1906.INC280","X.1906.uned","control"
"X-1906.INC280 + trastuzumab","X.1906.uned","control"
"X-1906.LEE011","X.1906.uned","control"
"X-1906.LEE011","X.1906.LE11","treatment"
"X-1906.LEE011 + everolimus","X.1906.uned","control"
"X-1906.LJM716","X.1906.uned","control"
"X-1906.LJM716 + trastuzumab","X.1906.uned","control"
"X-1906.LLM871","X.1906.uned","control"
"X-1906.trastuzumab","X.1906.uned","control"
"X-1906.5FU","X.1906.uned","control"
"X-1906.BKM120 + LJC049","X.1906.uned","control"
"X-1906.BYL719 + binimetinib","X.1906.uned","control"
"X-1906.BYL719 + cetuximab","X.1906.uned","control"
"X-1906.BYL719 + cetuximab + encorafenib","X.1906.uned","control"
"X-1906.BYL719 + encorafenib","X.1906.uned","control"
"X-1906.cetuximab","X.1906.uned","control"
"X-1906.cetuximab + encorafenib","X.1906.uned","control"
"X-1906.CGM097","X.1906.uned","control"
"X-1906.CGM097","X.1906.CG97","treatment"
"X-1906.CKX620","X.1906.uned","control"
"X-1906.encorafenib","X.1906.uned","control"
"X-1906.encorafenib","X.1906.enib","treatment"
"X-1906.LFW527 + binimetinib","X.1906.uned","control"
"X-1906.LJC049","X.1906.uned","control"
"X-1906.LKA136","X.1906.uned","control"
"X-1906.abraxane","X.1906.uned","control"
"X-1906.binimetinib-3.5mpk","X.1906.uned","control"
"X-1906.BKM120 + binimetinib","X.1906.uned","control"
"X-1906.BKM120 + LDE225","X.1906.uned","control"
"X-1906.figitumumab + binimetinib","X.1906.uned","control"
"X-1906.gemcitabine-50mpk","X.1906.uned","control"
"X-1906.INC424","X.1906.uned","control"
"X-1906.INC424 + binimetinib","X.1906.uned","control"
"X-1906.trametinib","X.1906.uned","control"
"X-1906.BYL719 + LEE011","X.1906.uned","control"
"X-1906.LFA102","X.1906.uned","control"
"X-1906.LFW527 + everolimus","X.1906.uned","control"
"X-1906.paclitaxel","X.1906.uned","control"
"X-1906.tamoxifen","X.1906.uned","control"
"X-1906.BYL719 + LGH447","X.1906.uned","control"
"X-1906.erlotinib","X.1906.uned","control"
"X-1906.LCL161 + paclitaxel","X.1906.uned","control"
"X-1906.LGH447","X.1906.uned","control"
"X-1906.WNT974","X.1906.uned","control"
"X-1906.WNT974","X.1906.WN74","treatment"
"X-1906.BKM120 + encorafenib","X.1906.uned","control"
"X-1906.BKM120 + encorafenib","X.1906.BK20.enib","treatment"
"X-1906.dacarbazine","X.1906.uned","control"
"X-1906.dacarbazine","X.1906.dane","treatment"
"X-1906.encorafenib + binimetinib","X.1906.uned","control"
"X-1906.encorafenib + binimetinib","X.1906.enib.biib","treatment"
"X-1906.LDE225","X.1906.uned","control"
"X-1906.LDE225","X.1906.LD25","treatment"
"X-1906.LDK378","X.1906.uned","control"
"X-1906.LDK378","X.1906.LD78","treatment"
"X-1906.LEE011 + binimetinib","X.1906.uned","control"
"X-1906.LEE011 + binimetinib","X.1906.LE11.biib","treatment"
"X-1906.LEE011 + encorafenib","X.1906.uned","control"
"X-1906.LEE011 + encorafenib","X.1906.LE11.enib","treatment"
"X-1906.LGW813","X.1906.uned","control"
"X-1906.LGW813","X.1906.LG13","treatment"
"X-1906.TAS266","X.1906.uned","control"
"X-1906.TAS266","X.1906.TA66","treatment"
"X-1916.BGJ398","X.1916.uned","control"
"X-1916.BGJ398","X.1916.BG98","treatment"
"X-1916.binimetinib","X.1916.uned","control"
"X-1916.binimetinib","X.1916.biib","treatment"
"X-1916.BKM120","X.1916.uned","control"
"X-1916.BKM120","X.1916.BK20","treatment"
"X-1916.BYL719","X.1916.uned","control"
"X-1916.BYL719","X.1916.BY19","treatment"
"X-1916.BYL719 + HSP990","X.1916.uned","control"
"X-1916.BYL719 + LJM716","X.1916.uned","control"
"X-1916.BYL719 + LJM716","X.1916.BY19.LJ16","treatment"
"X-1916.CLR457","X.1916.uned","control"
"X-1916.CLR457","X.1916.CL57","treatment"
"X-1916.everolimus","X.1916.uned","control"
"X-1916.figitumumab","X.1916.uned","control"
"X-1916.HDM201","X.1916.uned","control"
"X-1916.HDM201","X.1916.HD01","treatment"
"X-1916.HSP990","X.1916.uned","control"
"X-1916.INC280","X.1916.uned","control"
"X-1916.INC280 + trastuzumab","X.1916.uned","control"
"X-1916.LEE011","X.1916.uned","control"
"X-1916.LEE011","X.1916.LE11","treatment"
"X-1916.LEE011 + everolimus","X.1916.uned","control"
"X-1916.LEE011 + everolimus","X.1916.LE11.evus","treatment"
"X-1916.LJM716","X.1916.uned","control"
"X-1916.LJM716","X.1916.LJ16","treatment"
"X-1916.LJM716 + trastuzumab","X.1916.uned","control"
"X-1916.LJM716 + trastuzumab","X.1916.LJ16.trab","treatment"
"X-1916.LLM871","X.1916.uned","control"
"X-1916.LLM871","X.1916.LL71","treatment"
"X-1916.trastuzumab","X.1916.uned","control"
"X-1916.trastuzumab","X.1916.trab","treatment"
"X-1916.5FU","X.1916.uned","control"
"X-1916.BKM120 + LJC049","X.1916.uned","control"
"X-1916.BYL719 + binimetinib","X.1916.uned","control"
"X-1916.BYL719 + cetuximab","X.1916.uned","control"
"X-1916.BYL719 + cetuximab + encorafenib","X.1916.uned","control"
"X-1916.BYL719 + encorafenib","X.1916.uned","control"
"X-1916.cetuximab","X.1916.uned","control"
"X-1916.cetuximab + encorafenib","X.1916.uned","control"
"X-1916.CGM097","X.1916.uned","control"
"X-1916.CGM097","X.1916.CG97","treatment"
"X-1916.CKX620","X.1916.uned","control"
"X-1916.encorafenib","X.1916.uned","control"
"X-1916.LFW527 + binimetinib","X.1916.uned","control"
"X-1916.LJC049","X.1916.uned","control"
"X-1916.LKA136","X.1916.uned","control"
"X-1916.LKA136","X.1916.LK36","treatment"
"X-1916.abraxane","X.1916.uned","control"
"X-1916.binimetinib-3.5mpk","X.1916.uned","control"
"X-1916.BKM120 + binimetinib","X.1916.uned","control"
"X-1916.BKM120 + LDE225","X.1916.uned","control"
"X-1916.figitumumab + binimetinib","X.1916.uned","control"
"X-1916.gemcitabine-50mpk","X.1916.uned","control"
"X-1916.INC424","X.1916.uned","control"
"X-1916.INC424","X.1916.IN24","treatment"
"X-1916.INC424 + binimetinib","X.1916.uned","control"
"X-1916.trametinib","X.1916.uned","control"
"X-1916.BYL719 + LEE011","X.1916.uned","control"
"X-1916.BYL719 + LEE011","X.1916.BY19.LE11","treatment"
"X-1916.LFA102","X.1916.uned","control"
"X-1916.LFA102","X.1916.LF02","treatment"
"X-1916.LFW527 + everolimus","X.1916.uned","control"
"X-1916.LFW527 + everolimus","X.1916.LF27.evus","treatment"
"X-1916.paclitaxel","X.1916.uned","control"
"X-1916.paclitaxel","X.1916.pael","treatment"
"X-1916.tamoxifen","X.1916.uned","control"
"X-1916.tamoxifen","X.1916.taen","treatment"
"X-1916.BYL719 + LGH447","X.1916.uned","control"
"X-1916.erlotinib","X.1916.uned","control"
"X-1916.LCL161 + paclitaxel","X.1916.uned","control"
"X-1916.LGH447","X.1916.uned","control"
"X-1916.WNT974","X.1916.uned","control"
"X-1916.BKM120 + encorafenib","X.1916.uned","control"
"X-1916.dacarbazine","X.1916.uned","control"
"X-1916.encorafenib + binimetinib","X.1916.uned","control"
"X-1916.LDE225","X.1916.uned","control"
"X-1916.LDK378","X.1916.uned","control"
"X-1916.LEE011 + binimetinib","X.1916.uned","control"
"X-1916.LEE011 + encorafenib","X.1916.uned","control"
"X-1916.LGW813","X.1916.uned","control"
"X-1916.TAS266","X.1916.uned","control"
"X-1921.BGJ398","X.1921.uned","control"
"X-1921.BGJ398","X.1921.BG98","treatment"
"X-1921.binimetinib","X.1921.uned","control"
"X-1921.binimetinib","X.1921.biib","treatment"
"X-1921.BKM120","X.1921.uned","control"
"X-1921.BKM120","X.1921.BK20","treatment"
"X-1921.BYL719","X.1921.uned","control"
"X-1921.BYL719","X.1921.BY19","treatment"
"X-1921.BYL719 + HSP990","X.1921.uned","control"
"X-1921.BYL719 + LJM716","X.1921.uned","control"
"X-1921.BYL719 + LJM716","X.1921.BY19.LJ16","treatment"
"X-1921.CLR457","X.1921.uned","control"
"X-1921.CLR457","X.1921.CL57","treatment"
"X-1921.everolimus","X.1921.uned","control"
"X-1921.figitumumab","X.1921.uned","control"
"X-1921.HDM201","X.1921.uned","control"
"X-1921.HDM201","X.1921.HD01","treatment"
"X-1921.HSP990","X.1921.uned","control"
"X-1921.INC280","X.1921.uned","control"
"X-1921.INC280 + trastuzumab","X.1921.uned","control"
"X-1921.LEE011","X.1921.uned","control"
"X-1921.LEE011","X.1921.LE11","treatment"
"X-1921.LEE011 + everolimus","X.1921.uned","control"
"X-1921.LEE011 + everolimus","X.1921.LE11.evus","treatment"
"X-1921.LJM716","X.1921.uned","control"
"X-1921.LJM716","X.1921.LJ16","treatment"
"X-1921.LJM716 + trastuzumab","X.1921.uned","control"
"X-1921.LJM716 + trastuzumab","X.1921.LJ16.trab","treatment"
"X-1921.LLM871","X.1921.uned","control"
"X-1921.LLM871","X.1921.LL71","treatment"
"X-1921.trastuzumab","X.1921.uned","control"
"X-1921.trastuzumab","X.1921.trab","treatment"
"X-1921.5FU","X.1921.uned","control"
"X-1921.BKM120 + LJC049","X.1921.uned","control"
"X-1921.BYL719 + binimetinib","X.1921.uned","control"
"X-1921.BYL719 + cetuximab","X.1921.uned","control"
"X-1921.BYL719 + cetuximab + encorafenib","X.1921.uned","control"
"X-1921.BYL719 + encorafenib","X.1921.uned","control"
"X-1921.cetuximab","X.1921.uned","control"
"X-1921.cetuximab + encorafenib","X.1921.uned","control"
"X-1921.CGM097","X.1921.uned","control"
"X-1921.CGM097","X.1921.CG97","treatment"
"X-1921.CKX620","X.1921.uned","control"
"X-1921.encorafenib","X.1921.uned","control"
"X-1921.LFW527 + binimetinib","X.1921.uned","control"
"X-1921.LJC049","X.1921.uned","control"
"X-1921.LKA136","X.1921.uned","control"
"X-1921.LKA136","X.1921.LK36","treatment"
"X-1921.abraxane","X.1921.uned","control"
"X-1921.binimetinib-3.5mpk","X.1921.uned","control"
"X-1921.BKM120 + binimetinib","X.1921.uned","control"
"X-1921.BKM120 + LDE225","X.1921.uned","control"
"X-1921.figitumumab + binimetinib","X.1921.uned","control"
"X-1921.gemcitabine-50mpk","X.1921.uned","control"
"X-1921.INC424","X.1921.uned","control"
"X-1921.INC424","X.1921.IN24","treatment"
"X-1921.INC424 + binimetinib","X.1921.uned","control"
"X-1921.trametinib","X.1921.uned","control"
"X-1921.BYL719 + LEE011","X.1921.uned","control"
"X-1921.BYL719 + LEE011","X.1921.BY19.LE11","treatment"
"X-1921.LFA102","X.1921.uned","control"
"X-1921.LFA102","X.1921.LF02","treatment"
"X-1921.LFW527 + everolimus","X.1921.uned","control"
"X-1921.LFW527 + everolimus","X.1921.LF27.evus","treatment"
"X-1921.paclitaxel","X.1921.uned","control"
"X-1921.paclitaxel","X.1921.pael","treatment"
"X-1921.tamoxifen","X.1921.uned","control"
"X-1921.tamoxifen","X.1921.taen","treatment"
"X-1921.BYL719 + LGH447","X.1921.uned","control"
"X-1921.erlotinib","X.1921.uned","control"
"X-1921.LCL161 + paclitaxel","X.1921.uned","control"
"X-1921.LGH447","X.1921.uned","control"
"X-1921.WNT974","X.1921.uned","control"
"X-1921.BKM120 + encorafenib","X.1921.uned","control"
"X-1921.dacarbazine","X.1921.uned","control"
"X-1921.encorafenib + binimetinib","X.1921.uned","control"
"X-1921.LDE225","X.1921.uned","control"
"X-1921.LDK378","X.1921.uned","control"
"X-1921.LEE011 + binimetinib","X.1921.uned","control"
"X-1921.LEE011 + encorafenib","X.1921.uned","control"
"X-1921.LGW813","X.1921.uned","control"
"X-1921.TAS266","X.1921.uned","control"
"X-1934.BGJ398","X.1934.uned","control"
"X-1934.BGJ398","X.1934.BG98","treatment"
"X-1934.binimetinib","X.1934.uned","control"
"X-1934.binimetinib","X.1934.biib","treatment"
"X-1934.BKM120","X.1934.uned","control"
"X-1934.BKM120","X.1934.BK20","treatment"
"X-1934.BYL719","X.1934.uned","control"
"X-1934.BYL719","X.1934.BY19","treatment"
"X-1934.BYL719 + HSP990","X.1934.uned","control"
"X-1934.BYL719 + LJM716","X.1934.uned","control"
"X-1934.BYL719 + LJM716","X.1934.BY19.LJ16","treatment"
"X-1934.CLR457","X.1934.uned","control"
"X-1934.CLR457","X.1934.CL57","treatment"
"X-1934.everolimus","X.1934.uned","control"
"X-1934.figitumumab","X.1934.uned","control"
"X-1934.HDM201","X.1934.uned","control"
"X-1934.HDM201","X.1934.HD01","treatment"
"X-1934.HSP990","X.1934.uned","control"
"X-1934.HSP990","X.1934.HS90","treatment"
"X-1934.INC280","X.1934.uned","control"
"X-1934.INC280","X.1934.IN80","treatment"
"X-1934.INC280 + trastuzumab","X.1934.uned","control"
"X-1934.LEE011","X.1934.uned","control"
"X-1934.LEE011","X.1934.LE11","treatment"
"X-1934.LEE011 + everolimus","X.1934.uned","control"
"X-1934.LJM716","X.1934.uned","control"
"X-1934.LJM716 + trastuzumab","X.1934.uned","control"
"X-1934.LLM871","X.1934.uned","control"
"X-1934.LLM871","X.1934.LL71","treatment"
"X-1934.trastuzumab","X.1934.uned","control"
"X-1934.5FU","X.1934.uned","control"
"X-1934.BKM120 + LJC049","X.1934.uned","control"
"X-1934.BYL719 + binimetinib","X.1934.uned","control"
"X-1934.BYL719 + cetuximab","X.1934.uned","control"
"X-1934.BYL719 + cetuximab + encorafenib","X.1934.uned","control"
"X-1934.BYL719 + encorafenib","X.1934.uned","control"
"X-1934.cetuximab","X.1934.uned","control"
"X-1934.cetuximab","X.1934.ceab","treatment"
"X-1934.cetuximab + encorafenib","X.1934.uned","control"
"X-1934.CGM097","X.1934.uned","control"
"X-1934.CGM097","X.1934.CG97","treatment"
"X-1934.CKX620","X.1934.uned","control"
"X-1934.CKX620","X.1934.CK20","treatment"
"X-1934.encorafenib","X.1934.uned","control"
"X-1934.LFW527 + binimetinib","X.1934.uned","control"
"X-1934.LFW527 + binimetinib","X.1934.LF27.biib","treatment"
"X-1934.LJC049","X.1934.uned","control"
"X-1934.LKA136","X.1934.uned","control"
"X-1934.abraxane","X.1934.uned","control"
"X-1934.binimetinib-3.5mpk","X.1934.uned","control"
"X-1934.BKM120 + binimetinib","X.1934.uned","control"
"X-1934.BKM120 + binimetinib","X.1934.BK20.biib","treatment"
"X-1934.BKM120 + LDE225","X.1934.uned","control"
"X-1934.figitumumab + binimetinib","X.1934.uned","control"
"X-1934.gemcitabine-50mpk","X.1934.uned","control"
"X-1934.INC424","X.1934.uned","control"
"X-1934.INC424 + binimetinib","X.1934.uned","control"
"X-1934.trametinib","X.1934.uned","control"
"X-1934.BYL719 + LEE011","X.1934.uned","control"
"X-1934.LFA102","X.1934.uned","control"
"X-1934.LFW527 + everolimus","X.1934.uned","control"
"X-1934.paclitaxel","X.1934.uned","control"
"X-1934.paclitaxel","X.1934.pael","treatment"
"X-1934.tamoxifen","X.1934.uned","control"
"X-1934.BYL719 + LGH447","X.1934.uned","control"
"X-1934.BYL719 + LGH447","X.1934.BY19.LG47","treatment"
"X-1934.erlotinib","X.1934.uned","control"
"X-1934.erlotinib","X.1934.erib","treatment"
"X-1934.LCL161 + paclitaxel","X.1934.uned","control"
"X-1934.LCL161 + paclitaxel","X.1934.LC61.pael","treatment"
"X-1934.LGH447","X.1934.uned","control"
"X-1934.LGH447","X.1934.LG47","treatment"
"X-1934.WNT974","X.1934.uned","control"
"X-1934.BKM120 + encorafenib","X.1934.uned","control"
"X-1934.dacarbazine","X.1934.uned","control"
"X-1934.encorafenib + binimetinib","X.1934.uned","control"
"X-1934.LDE225","X.1934.uned","control"
"X-1934.LDK378","X.1934.uned","control"
"X-1934.LEE011 + binimetinib","X.1934.uned","control"
"X-1934.LEE011 + encorafenib","X.1934.uned","control"
"X-1934.LGW813","X.1934.uned","control"
"X-1934.TAS266","X.1934.uned","control"
"X-1948.BGJ398","X.1948.uned","control"
"X-1948.binimetinib","X.1948.uned","control"
"X-1948.binimetinib","X.1948.biib","treatment"
"X-1948.BKM120","X.1948.uned","control"
"X-1948.BKM120","X.1948.BK20","treatment"
"X-1948.BYL719","X.1948.uned","control"
"X-1948.BYL719","X.1948.BY19","treatment"
"X-1948.BYL719 + HSP990","X.1948.uned","control"
"X-1948.BYL719 + LJM716","X.1948.uned","control"
"X-1948.BYL719 + LJM716","X.1948.BY19.LJ16","treatment"
"X-1948.CLR457","X.1948.uned","control"
"X-1948.CLR457","X.1948.CL57","treatment"
"X-1948.everolimus","X.1948.uned","control"
"X-1948.figitumumab","X.1948.uned","control"
"X-1948.figitumumab","X.1948.fiab","treatment"
"X-1948.HDM201","X.1948.uned","control"
"X-1948.HDM201","X.1948.HD01","treatment"
"X-1948.HSP990","X.1948.uned","control"
"X-1948.INC280","X.1948.uned","control"
"X-1948.INC280 + trastuzumab","X.1948.uned","control"
"X-1948.LEE011","X.1948.uned","control"
"X-1948.LEE011","X.1948.LE11","treatment"
"X-1948.LEE011 + everolimus","X.1948.uned","control"
"X-1948.LJM716","X.1948.uned","control"
"X-1948.LJM716 + trastuzumab","X.1948.uned","control"
"X-1948.LLM871","X.1948.uned","control"
"X-1948.trastuzumab","X.1948.uned","control"
"X-1948.5FU","X.1948.uned","control"
"X-1948.BKM120 + LJC049","X.1948.uned","control"
"X-1948.BYL719 + binimetinib","X.1948.uned","control"
"X-1948.BYL719 + cetuximab","X.1948.uned","control"
"X-1948.BYL719 + cetuximab + encorafenib","X.1948.uned","control"
"X-1948.BYL719 + encorafenib","X.1948.uned","control"
"X-1948.cetuximab","X.1948.uned","control"
"X-1948.cetuximab + encorafenib","X.1948.uned","control"
"X-1948.CGM097","X.1948.uned","control"
"X-1948.CKX620","X.1948.uned","control"
"X-1948.encorafenib","X.1948.uned","control"
"X-1948.LFW527 + binimetinib","X.1948.uned","control"
"X-1948.LJC049","X.1948.uned","control"
"X-1948.LKA136","X.1948.uned","control"
"X-1948.LKA136","X.1948.LK36","treatment"
"X-1948.abraxane","X.1948.uned","control"
"X-1948.abraxane","X.1948.abne","treatment"
"X-1948.binimetinib-3.5mpk","X.1948.uned","control"
"X-1948.binimetinib-3.5mpk","X.1948.bipk","treatment"
"X-1948.BKM120 + binimetinib","X.1948.uned","control"
"X-1948.BKM120 + binimetinib","X.1948.BK20.biib","treatment"
"X-1948.BKM120 + LDE225","X.1948.uned","control"
"X-1948.BKM120 + LDE225","X.1948.BK20.LD25","treatment"
"X-1948.figitumumab + binimetinib","X.1948.uned","control"
"X-1948.figitumumab + binimetinib","X.1948.fiab.biib","treatment"
"X-1948.gemcitabine-50mpk","X.1948.uned","control"
"X-1948.gemcitabine-50mpk","X.1948.gepk","treatment"
"X-1948.INC424","X.1948.uned","control"
"X-1948.INC424","X.1948.IN24","treatment"
"X-1948.INC424 + binimetinib","X.1948.uned","control"
"X-1948.INC424 + binimetinib","X.1948.IN24.biib","treatment"
"X-1948.trametinib","X.1948.uned","control"
"X-1948.trametinib","X.1948.trib","treatment"
"X-1948.BYL719 + LEE011","X.1948.uned","control"
"X-1948.LFA102","X.1948.uned","control"
"X-1948.LFW527 + everolimus","X.1948.uned","control"
"X-1948.paclitaxel","X.1948.uned","control"
"X-1948.tamoxifen","X.1948.uned","control"
"X-1948.BYL719 + LGH447","X.1948.uned","control"
"X-1948.erlotinib","X.1948.uned","control"
"X-1948.LCL161 + paclitaxel","X.1948.uned","control"
"X-1948.LGH447","X.1948.uned","control"
"X-1948.WNT974","X.1948.uned","control"
"X-1948.WNT974","X.1948.WN74","treatment"
"X-1948.BKM120 + encorafenib","X.1948.uned","control"
"X-1948.dacarbazine","X.1948.uned","control"
"X-1948.encorafenib + binimetinib","X.1948.uned","control"
"X-1948.LDE225","X.1948.uned","control"
"X-1948.LDK378","X.1948.uned","control"
"X-1948.LEE011 + binimetinib","X.1948.uned","control"
"X-1948.LEE011 + encorafenib","X.1948.uned","control"
"X-1948.LGW813","X.1948.uned","control"
"X-1948.TAS266","X.1948.uned","control"
"X-1959.binimetinib","X.1959.biib","treatment"
"X-1959.LEE011","X.1959.LE11","treatment"
"X-1959.BKM120 + binimetinib","X.1959.BK20.biib","treatment"
"X-1959.gemcitabine-50mpk","X.1959.gepk","treatment"
"X-1959.INC424 + binimetinib","X.1959.IN24.biib","treatment"
"X-1979.LFW527 + binimetinib","X.1979.LF27.biib","treatment"
"X-1980.BGJ398","X.1980.uned","control"
"X-1980.BGJ398","X.1980.BG98","treatment"
"X-1980.binimetinib","X.1980.uned","control"
"X-1980.binimetinib","X.1980.biib","treatment"
"X-1980.BKM120","X.1980.uned","control"
"X-1980.BKM120","X.1980.BK20","treatment"
"X-1980.BYL719","X.1980.uned","control"
"X-1980.BYL719","X.1980.BY19","treatment"
"X-1980.BYL719 + HSP990","X.1980.uned","control"
"X-1980.BYL719 + LJM716","X.1980.uned","control"
"X-1980.BYL719 + LJM716","X.1980.BY19.LJ16","treatment"
"X-1980.CLR457","X.1980.uned","control"
"X-1980.CLR457","X.1980.CL57","treatment"
"X-1980.everolimus","X.1980.uned","control"
"X-1980.figitumumab","X.1980.uned","control"
"X-1980.HDM201","X.1980.uned","control"
"X-1980.HDM201","X.1980.HD01","treatment"
"X-1980.HSP990","X.1980.uned","control"
"X-1980.HSP990","X.1980.HS90","treatment"
"X-1980.INC280","X.1980.uned","control"
"X-1980.INC280","X.1980.IN80","treatment"
"X-1980.INC280 + trastuzumab","X.1980.uned","control"
"X-1980.LEE011","X.1980.uned","control"
"X-1980.LEE011","X.1980.LE11","treatment"
"X-1980.LEE011 + everolimus","X.1980.uned","control"
"X-1980.LJM716","X.1980.uned","control"
"X-1980.LJM716 + trastuzumab","X.1980.uned","control"
"X-1980.LLM871","X.1980.uned","control"
"X-1980.LLM871","X.1980.LL71","treatment"
"X-1980.trastuzumab","X.1980.uned","control"
"X-1980.5FU","X.1980.uned","control"
"X-1980.BKM120 + LJC049","X.1980.uned","control"
"X-1980.BYL719 + binimetinib","X.1980.uned","control"
"X-1980.BYL719 + cetuximab","X.1980.uned","control"
"X-1980.BYL719 + cetuximab + encorafenib","X.1980.uned","control"
"X-1980.BYL719 + encorafenib","X.1980.uned","control"
"X-1980.cetuximab","X.1980.uned","control"
"X-1980.cetuximab","X.1980.ceab","treatment"
"X-1980.cetuximab + encorafenib","X.1980.uned","control"
"X-1980.CGM097","X.1980.uned","control"
"X-1980.CGM097","X.1980.CG97","treatment"
"X-1980.CKX620","X.1980.uned","control"
"X-1980.CKX620","X.1980.CK20","treatment"
"X-1980.encorafenib","X.1980.uned","control"
"X-1980.LFW527 + binimetinib","X.1980.uned","control"
"X-1980.LFW527 + binimetinib","X.1980.LF27.biib","treatment"
"X-1980.LJC049","X.1980.uned","control"
"X-1980.LKA136","X.1980.uned","control"
"X-1980.abraxane","X.1980.uned","control"
"X-1980.binimetinib-3.5mpk","X.1980.uned","control"
"X-1980.BKM120 + binimetinib","X.1980.uned","control"
"X-1980.BKM120 + binimetinib","X.1980.BK20.biib","treatment"
"X-1980.BKM120 + LDE225","X.1980.uned","control"
"X-1980.figitumumab + binimetinib","X.1980.uned","control"
"X-1980.gemcitabine-50mpk","X.1980.uned","control"
"X-1980.INC424","X.1980.uned","control"
"X-1980.INC424 + binimetinib","X.1980.uned","control"
"X-1980.trametinib","X.1980.uned","control"
"X-1980.BYL719 + LEE011","X.1980.uned","control"
"X-1980.LFA102","X.1980.uned","control"
"X-1980.LFW527 + everolimus","X.1980.uned","control"
"X-1980.paclitaxel","X.1980.uned","control"
"X-1980.paclitaxel","X.1980.pael","treatment"
"X-1980.tamoxifen","X.1980.uned","control"
"X-1980.BYL719 + LGH447","X.1980.uned","control"
"X-1980.BYL719 + LGH447","X.1980.BY19.LG47","treatment"
"X-1980.erlotinib","X.1980.uned","control"
"X-1980.erlotinib","X.1980.erib","treatment"
"X-1980.LCL161 + paclitaxel","X.1980.uned","control"
"X-1980.LCL161 + paclitaxel","X.1980.LC61.pael","treatment"
"X-1980.LGH447","X.1980.uned","control"
"X-1980.LGH447","X.1980.LG47","treatment"
"X-1980.WNT974","X.1980.uned","control"
"X-1980.BKM120 + encorafenib","X.1980.uned","control"
"X-1980.dacarbazine","X.1980.uned","control"
"X-1980.encorafenib + binimetinib","X.1980.uned","control"
"X-1980.LDE225","X.1980.uned","control"
"X-1980.LDK378","X.1980.uned","control"
"X-1980.LEE011 + binimetinib","X.1980.uned","control"
"X-1980.LEE011 + encorafenib","X.1980.uned","control"
"X-1980.LGW813","X.1980.uned","control"
"X-1980.TAS266","X.1980.uned","control"
"X-1993.BGJ398","X.1993.uned","control"
"X-1993.BGJ398","X.1993.BG98","treatment"
"X-1993.binimetinib","X.1993.uned","control"
"X-1993.binimetinib","X.1993.biib","treatment"
"X-1993.BKM120","X.1993.uned","control"
"X-1993.BKM120","X.1993.BK20","treatment"
"X-1993.BYL719","X.1993.uned","control"
"X-1993.BYL719","X.1993.BY19","treatment"
"X-1993.BYL719 + HSP990","X.1993.uned","control"
"X-1993.BYL719 + LJM716","X.1993.uned","control"
"X-1993.BYL719 + LJM716","X.1993.BY19.LJ16","treatment"
"X-1993.CLR457","X.1993.uned","control"
"X-1993.CLR457","X.1993.CL57","treatment"
"X-1993.everolimus","X.1993.uned","control"
"X-1993.figitumumab","X.1993.uned","control"
"X-1993.HDM201","X.1993.uned","control"
"X-1993.HDM201","X.1993.HD01","treatment"
"X-1993.HSP990","X.1993.uned","control"
"X-1993.HSP990","X.1993.HS90","treatment"
"X-1993.INC280","X.1993.uned","control"
"X-1993.INC280","X.1993.IN80","treatment"
"X-1993.INC280 + trastuzumab","X.1993.uned","control"
"X-1993.LEE011","X.1993.uned","control"
"X-1993.LEE011","X.1993.LE11","treatment"
"X-1993.LEE011 + everolimus","X.1993.uned","control"
"X-1993.LJM716","X.1993.uned","control"
"X-1993.LJM716 + trastuzumab","X.1993.uned","control"
"X-1993.LLM871","X.1993.uned","control"
"X-1993.LLM871","X.1993.LL71","treatment"
"X-1993.trastuzumab","X.1993.uned","control"
"X-1993.5FU","X.1993.uned","control"
"X-1993.BKM120 + LJC049","X.1993.uned","control"
"X-1993.BYL719 + binimetinib","X.1993.uned","control"
"X-1993.BYL719 + cetuximab","X.1993.uned","control"
"X-1993.BYL719 + cetuximab + encorafenib","X.1993.uned","control"
"X-1993.BYL719 + encorafenib","X.1993.uned","control"
"X-1993.cetuximab","X.1993.uned","control"
"X-1993.cetuximab","X.1993.ceab","treatment"
"X-1993.cetuximab + encorafenib","X.1993.uned","control"
"X-1993.CGM097","X.1993.uned","control"
"X-1993.CGM097","X.1993.CG97","treatment"
"X-1993.CKX620","X.1993.uned","control"
"X-1993.CKX620","X.1993.CK20","treatment"
"X-1993.encorafenib","X.1993.uned","control"
"X-1993.LFW527 + binimetinib","X.1993.uned","control"
"X-1993.LFW527 + binimetinib","X.1993.LF27.biib","treatment"
"X-1993.LJC049","X.1993.uned","control"
"X-1993.LKA136","X.1993.uned","control"
"X-1993.abraxane","X.1993.uned","control"
"X-1993.binimetinib-3.5mpk","X.1993.uned","control"
"X-1993.BKM120 + binimetinib","X.1993.uned","control"
"X-1993.BKM120 + binimetinib","X.1993.BK20.biib","treatment"
"X-1993.BKM120 + LDE225","X.1993.uned","control"
"X-1993.figitumumab + binimetinib","X.1993.uned","control"
"X-1993.gemcitabine-50mpk","X.1993.uned","control"
"X-1993.INC424","X.1993.uned","control"
"X-1993.INC424 + binimetinib","X.1993.uned","control"
"X-1993.trametinib","X.1993.uned","control"
"X-1993.BYL719 + LEE011","X.1993.uned","control"
"X-1993.LFA102","X.1993.uned","control"
"X-1993.LFW527 + everolimus","X.1993.uned","control"
"X-1993.paclitaxel","X.1993.uned","control"
"X-1993.paclitaxel","X.1993.pael","treatment"
"X-1993.tamoxifen","X.1993.uned","control"
"X-1993.BYL719 + LGH447","X.1993.uned","control"
"X-1993.BYL719 + LGH447","X.1993.BY19.LG47","treatment"
"X-1993.erlotinib","X.1993.uned","control"
"X-1993.erlotinib","X.1993.erib","treatment"
"X-1993.LCL161 + paclitaxel","X.1993.uned","control"
"X-1993.LCL161 + paclitaxel","X.1993.LC61.pael","treatment"
"X-1993.LGH447","X.1993.uned","control"
"X-1993.LGH447","X.1993.LG47","treatment"
"X-1993.WNT974","X.1993.uned","control"
"X-1993.BKM120 + encorafenib","X.1993.uned","control"
"X-1993.dacarbazine","X.1993.uned","control"
"X-1993.encorafenib + binimetinib","X.1993.uned","control"
"X-1993.LDE225","X.1993.uned","control"
"X-1993.LDK378","X.1993.uned","control"
"X-1993.LEE011 + binimetinib","X.1993.uned","control"
"X-1993.LEE011 + encorafenib","X.1993.uned","control"
"X-1993.LGW813","X.1993.uned","control"
"X-1993.TAS266","X.1993.uned","control"
"X-2017.BGJ398","X.2017.uned","control"
"X-2017.BGJ398","X.2017.BG98","treatment"
"X-2017.binimetinib","X.2017.uned","control"
"X-2017.binimetinib","X.2017.biib","treatment"
"X-2017.BKM120","X.2017.uned","control"
"X-2017.BKM120","X.2017.BK20","treatment"
"X-2017.BYL719","X.2017.uned","control"
"X-2017.BYL719","X.2017.BY19","treatment"
"X-2017.BYL719 + HSP990","X.2017.uned","control"
"X-2017.BYL719 + LJM716","X.2017.uned","control"
"X-2017.BYL719 + LJM716","X.2017.BY19.LJ16","treatment"
"X-2017.CLR457","X.2017.uned","control"
"X-2017.CLR457","X.2017.CL57","treatment"
"X-2017.everolimus","X.2017.uned","control"
"X-2017.figitumumab","X.2017.uned","control"
"X-2017.HDM201","X.2017.uned","control"
"X-2017.HDM201","X.2017.HD01","treatment"
"X-2017.HSP990","X.2017.uned","control"
"X-2017.HSP990","X.2017.HS90","treatment"
"X-2017.INC280","X.2017.uned","control"
"X-2017.INC280","X.2017.IN80","treatment"
"X-2017.INC280 + trastuzumab","X.2017.uned","control"
"X-2017.LEE011","X.2017.uned","control"
"X-2017.LEE011","X.2017.LE11","treatment"
"X-2017.LEE011 + everolimus","X.2017.uned","control"
"X-2017.LJM716","X.2017.uned","control"
"X-2017.LJM716 + trastuzumab","X.2017.uned","control"
"X-2017.LLM871","X.2017.uned","control"
"X-2017.LLM871","X.2017.LL71","treatment"
"X-2017.trastuzumab","X.2017.uned","control"
"X-2017.5FU","X.2017.uned","control"
"X-2017.BKM120 + LJC049","X.2017.uned","control"
"X-2017.BYL719 + binimetinib","X.2017.uned","control"
"X-2017.BYL719 + cetuximab","X.2017.uned","control"
"X-2017.BYL719 + cetuximab + encorafenib","X.2017.uned","control"
"X-2017.BYL719 + encorafenib","X.2017.uned","control"
"X-2017.cetuximab","X.2017.uned","control"
"X-2017.cetuximab","X.2017.ceab","treatment"
"X-2017.cetuximab + encorafenib","X.2017.uned","control"
"X-2017.CGM097","X.2017.uned","control"
"X-2017.CGM097","X.2017.CG97","treatment"
"X-2017.CKX620","X.2017.uned","control"
"X-2017.CKX620","X.2017.CK20","treatment"
"X-2017.encorafenib","X.2017.uned","control"
"X-2017.LFW527 + binimetinib","X.2017.uned","control"
"X-2017.LFW527 + binimetinib","X.2017.LF27.biib","treatment"
"X-2017.LJC049","X.2017.uned","control"
"X-2017.LKA136","X.2017.uned","control"
"X-2017.abraxane","X.2017.uned","control"
"X-2017.binimetinib-3.5mpk","X.2017.uned","control"
"X-2017.BKM120 + binimetinib","X.2017.uned","control"
"X-2017.BKM120 + binimetinib","X.2017.BK20.biib","treatment"
"X-2017.BKM120 + LDE225","X.2017.uned","control"
"X-2017.figitumumab + binimetinib","X.2017.uned","control"
"X-2017.gemcitabine-50mpk","X.2017.uned","control"
"X-2017.INC424","X.2017.uned","control"
"X-2017.INC424 + binimetinib","X.2017.uned","control"
"X-2017.trametinib","X.2017.uned","control"
"X-2017.BYL719 + LEE011","X.2017.uned","control"
"X-2017.LFA102","X.2017.uned","control"
"X-2017.LFW527 + everolimus","X.2017.uned","control"
"X-2017.paclitaxel","X.2017.uned","control"
"X-2017.paclitaxel","X.2017.pael","treatment"
"X-2017.tamoxifen","X.2017.uned","control"
"X-2017.BYL719 + LGH447","X.2017.uned","control"
"X-2017.BYL719 + LGH447","X.2017.BY19.LG47","treatment"
"X-2017.erlotinib","X.2017.uned","control"
"X-2017.erlotinib","X.2017.erib","treatment"
"X-2017.LCL161 + paclitaxel","X.2017.uned","control"
"X-2017.LCL161 + paclitaxel","X.2017.LC61.pael","treatment"
"X-2017.LGH447","X.2017.uned","control"
"X-2017.LGH447","X.2017.LG47","treatment"
"X-2017.WNT974","X.2017.uned","control"
"X-2017.BKM120 + encorafenib","X.2017.uned","control"
"X-2017.dacarbazine","X.2017.uned","control"
"X-2017.encorafenib + binimetinib","X.2017.uned","control"
"X-2017.LDE225","X.2017.uned","control"
"X-2017.LDK378","X.2017.uned","control"
"X-2017.LEE011 + binimetinib","X.2017.uned","control"
"X-2017.LEE011 + encorafenib","X.2017.uned","control"
"X-2017.LGW813","X.2017.uned","control"
"X-2017.TAS266","X.2017.uned","control"
"X-2026.BGJ398","X.2026.uned","control"
"X-2026.binimetinib","X.2026.uned","control"
"X-2026.binimetinib","X.2026.biib","treatment"
"X-2026.BKM120","X.2026.uned","control"
"X-2026.BKM120","X.2026.BK20","treatment"
"X-2026.BYL719","X.2026.uned","control"
"X-2026.BYL719","X.2026.BY19","treatment"
"X-2026.BYL719 + HSP990","X.2026.uned","control"
"X-2026.BYL719 + LJM716","X.2026.uned","control"
"X-2026.BYL719 + LJM716","X.2026.BY19.LJ16","treatment"
"X-2026.CLR457","X.2026.uned","control"
"X-2026.CLR457","X.2026.CL57","treatment"
"X-2026.everolimus","X.2026.uned","control"
"X-2026.figitumumab","X.2026.uned","control"
"X-2026.HDM201","X.2026.uned","control"
"X-2026.HDM201","X.2026.HD01","treatment"
"X-2026.HSP990","X.2026.uned","control"
"X-2026.INC280","X.2026.uned","control"
"X-2026.INC280 + trastuzumab","X.2026.uned","control"
"X-2026.LEE011","X.2026.uned","control"
"X-2026.LEE011 + everolimus","X.2026.uned","control"
"X-2026.LJM716","X.2026.uned","control"
"X-2026.LJM716 + trastuzumab","X.2026.uned","control"
"X-2026.LLM871","X.2026.uned","control"
"X-2026.trastuzumab","X.2026.uned","control"
"X-2026.5FU","X.2026.uned","control"
"X-2026.BKM120 + LJC049","X.2026.uned","control"
"X-2026.BYL719 + binimetinib","X.2026.uned","control"
"X-2026.BYL719 + cetuximab","X.2026.uned","control"
"X-2026.BYL719 + cetuximab + encorafenib","X.2026.uned","control"
"X-2026.BYL719 + encorafenib","X.2026.uned","control"
"X-2026.cetuximab","X.2026.uned","control"
"X-2026.cetuximab + encorafenib","X.2026.uned","control"
"X-2026.CGM097","X.2026.uned","control"
"X-2026.CKX620","X.2026.uned","control"
"X-2026.encorafenib","X.2026.uned","control"
"X-2026.LFW527 + binimetinib","X.2026.uned","control"
"X-2026.LJC049","X.2026.uned","control"
"X-2026.LKA136","X.2026.uned","control"
"X-2026.LKA136","X.2026.LK36","treatment"
"X-2026.abraxane","X.2026.uned","control"
"X-2026.binimetinib-3.5mpk","X.2026.uned","control"
"X-2026.BKM120 + binimetinib","X.2026.uned","control"
"X-2026.BKM120 + binimetinib","X.2026.BK20.biib","treatment"
"X-2026.BKM120 + LDE225","X.2026.uned","control"
"X-2026.figitumumab + binimetinib","X.2026.uned","control"
"X-2026.figitumumab + binimetinib","X.2026.fiab.biib","treatment"
"X-2026.gemcitabine-50mpk","X.2026.uned","control"
"X-2026.gemcitabine-50mpk","X.2026.gepk","treatment"
"X-2026.INC424","X.2026.uned","control"
"X-2026.INC424","X.2026.IN24","treatment"
"X-2026.INC424 + binimetinib","X.2026.uned","control"
"X-2026.INC424 + binimetinib","X.2026.IN24.biib","treatment"
"X-2026.trametinib","X.2026.uned","control"
"X-2026.trametinib","X.2026.trib","treatment"
"X-2026.BYL719 + LEE011","X.2026.uned","control"
"X-2026.LFA102","X.2026.uned","control"
"X-2026.LFW527 + everolimus","X.2026.uned","control"
"X-2026.paclitaxel","X.2026.uned","control"
"X-2026.tamoxifen","X.2026.uned","control"
"X-2026.BYL719 + LGH447","X.2026.uned","control"
"X-2026.erlotinib","X.2026.uned","control"
"X-2026.LCL161 + paclitaxel","X.2026.uned","control"
"X-2026.LGH447","X.2026.uned","control"
"X-2026.WNT974","X.2026.uned","control"
"X-2026.WNT974","X.2026.WN74","treatment"
"X-2026.BKM120 + encorafenib","X.2026.uned","control"
"X-2026.dacarbazine","X.2026.uned","control"
"X-2026.encorafenib + binimetinib","X.2026.uned","control"
"X-2026.LDE225","X.2026.uned","control"
"X-2026.LDK378","X.2026.uned","control"
"X-2026.LEE011 + binimetinib","X.2026.uned","control"
"X-2026.LEE011 + encorafenib","X.2026.uned","control"
"X-2026.LGW813","X.2026.uned","control"
"X-2026.TAS266","X.2026.uned","control"
"X-2042.BGJ398","X.2042.uned","control"
"X-2042.BGJ398","X.2042.BG98","treatment"
"X-2042.binimetinib","X.2042.uned","control"
"X-2042.binimetinib","X.2042.biib","treatment"
"X-2042.BKM120","X.2042.uned","control"
"X-2042.BKM120","X.2042.BK20","treatment"
"X-2042.BYL719","X.2042.uned","control"
"X-2042.BYL719","X.2042.BY19","treatment"
"X-2042.BYL719 + HSP990","X.2042.uned","control"
"X-2042.BYL719 + LJM716","X.2042.uned","control"
"X-2042.BYL719 + LJM716","X.2042.BY19.LJ16","treatment"
"X-2042.CLR457","X.2042.uned","control"
"X-2042.CLR457","X.2042.CL57","treatment"
"X-2042.everolimus","X.2042.uned","control"
"X-2042.figitumumab","X.2042.uned","control"
"X-2042.HDM201","X.2042.uned","control"
"X-2042.HDM201","X.2042.HD01","treatment"
"X-2042.HSP990","X.2042.uned","control"
"X-2042.HSP990","X.2042.HS90","treatment"
"X-2042.INC280","X.2042.uned","control"
"X-2042.INC280","X.2042.IN80","treatment"
"X-2042.INC280 + trastuzumab","X.2042.uned","control"
"X-2042.LEE011","X.2042.uned","control"
"X-2042.LEE011","X.2042.LE11","treatment"
"X-2042.LEE011 + everolimus","X.2042.uned","control"
"X-2042.LJM716","X.2042.uned","control"
"X-2042.LJM716 + trastuzumab","X.2042.uned","control"
"X-2042.LLM871","X.2042.uned","control"
"X-2042.LLM871","X.2042.LL71","treatment"
"X-2042.trastuzumab","X.2042.uned","control"
"X-2042.5FU","X.2042.uned","control"
"X-2042.BKM120 + LJC049","X.2042.uned","control"
"X-2042.BYL719 + binimetinib","X.2042.uned","control"
"X-2042.BYL719 + cetuximab","X.2042.uned","control"
"X-2042.BYL719 + cetuximab + encorafenib","X.2042.uned","control"
"X-2042.BYL719 + encorafenib","X.2042.uned","control"
"X-2042.cetuximab","X.2042.uned","control"
"X-2042.cetuximab","X.2042.ceab","treatment"
"X-2042.cetuximab + encorafenib","X.2042.uned","control"
"X-2042.CGM097","X.2042.uned","control"
"X-2042.CGM097","X.2042.CG97","treatment"
"X-2042.CKX620","X.2042.uned","control"
"X-2042.CKX620","X.2042.CK20","treatment"
"X-2042.encorafenib","X.2042.uned","control"
"X-2042.LFW527 + binimetinib","X.2042.uned","control"
"X-2042.LFW527 + binimetinib","X.2042.LF27.biib","treatment"
"X-2042.LJC049","X.2042.uned","control"
"X-2042.LKA136","X.2042.uned","control"
"X-2042.abraxane","X.2042.uned","control"
"X-2042.binimetinib-3.5mpk","X.2042.uned","control"
"X-2042.BKM120 + binimetinib","X.2042.uned","control"
"X-2042.BKM120 + binimetinib","X.2042.BK20.biib","treatment"
"X-2042.BKM120 + LDE225","X.2042.uned","control"
"X-2042.figitumumab + binimetinib","X.2042.uned","control"
"X-2042.gemcitabine-50mpk","X.2042.uned","control"
"X-2042.INC424","X.2042.uned","control"
"X-2042.INC424 + binimetinib","X.2042.uned","control"
"X-2042.trametinib","X.2042.uned","control"
"X-2042.BYL719 + LEE011","X.2042.uned","control"
"X-2042.LFA102","X.2042.uned","control"
"X-2042.LFW527 + everolimus","X.2042.uned","control"
"X-2042.paclitaxel","X.2042.uned","control"
"X-2042.paclitaxel","X.2042.pael","treatment"
"X-2042.tamoxifen","X.2042.uned","control"
"X-2042.BYL719 + LGH447","X.2042.uned","control"
"X-2042.BYL719 + LGH447","X.2042.BY19.LG47","treatment"
"X-2042.erlotinib","X.2042.uned","control"
"X-2042.erlotinib","X.2042.erib","treatment"
"X-2042.LCL161 + paclitaxel","X.2042.uned","control"
"X-2042.LCL161 + paclitaxel","X.2042.LC61.pael","treatment"
"X-2042.LGH447","X.2042.uned","control"
"X-2042.LGH447","X.2042.LG47","treatment"
"X-2042.WNT974","X.2042.uned","control"
"X-2042.BKM120 + encorafenib","X.2042.uned","control"
"X-2042.dacarbazine","X.2042.uned","control"
"X-2042.encorafenib + binimetinib","X.2042.uned","control"
"X-2042.LDE225","X.2042.uned","control"
"X-2042.LDK378","X.2042.uned","control"
"X-2042.LEE011 + binimetinib","X.2042.uned","control"
"X-2042.LEE011 + encorafenib","X.2042.uned","control"
"X-2042.LGW813","X.2042.uned","control"
"X-2042.TAS266","X.2042.uned","control"
"X-2043.BGJ398","X.2043.uned","control"
"X-2043.binimetinib","X.2043.uned","control"
"X-2043.binimetinib","X.2043.biib","treatment"
"X-2043.BKM120","X.2043.uned","control"
"X-2043.BKM120","X.2043.BK20","treatment"
"X-2043.BYL719","X.2043.uned","control"
"X-2043.BYL719","X.2043.BY19","treatment"
"X-2043.BYL719 + HSP990","X.2043.uned","control"
"X-2043.BYL719 + LJM716","X.2043.uned","control"
"X-2043.BYL719 + LJM716","X.2043.BY19.LJ16","treatment"
"X-2043.CLR457","X.2043.uned","control"
"X-2043.CLR457","X.2043.CL57","treatment"
"X-2043.everolimus","X.2043.uned","control"
"X-2043.figitumumab","X.2043.uned","control"
"X-2043.figitumumab","X.2043.fiab","treatment"
"X-2043.HDM201","X.2043.uned","control"
"X-2043.HDM201","X.2043.HD01","treatment"
"X-2043.HSP990","X.2043.uned","control"
"X-2043.INC280","X.2043.uned","control"
"X-2043.INC280 + trastuzumab","X.2043.uned","control"
"X-2043.LEE011","X.2043.uned","control"
"X-2043.LEE011","X.2043.LE11","treatment"
"X-2043.LEE011 + everolimus","X.2043.uned","control"
"X-2043.LJM716","X.2043.uned","control"
"X-2043.LJM716 + trastuzumab","X.2043.uned","control"
"X-2043.LLM871","X.2043.uned","control"
"X-2043.trastuzumab","X.2043.uned","control"
"X-2043.5FU","X.2043.uned","control"
"X-2043.BKM120 + LJC049","X.2043.uned","control"
"X-2043.BYL719 + binimetinib","X.2043.uned","control"
"X-2043.BYL719 + cetuximab","X.2043.uned","control"
"X-2043.BYL719 + cetuximab + encorafenib","X.2043.uned","control"
"X-2043.BYL719 + encorafenib","X.2043.uned","control"
"X-2043.cetuximab","X.2043.uned","control"
"X-2043.cetuximab + encorafenib","X.2043.uned","control"
"X-2043.CGM097","X.2043.uned","control"
"X-2043.CKX620","X.2043.uned","control"
"X-2043.encorafenib","X.2043.uned","control"
"X-2043.LFW527 + binimetinib","X.2043.uned","control"
"X-2043.LJC049","X.2043.uned","control"
"X-2043.LKA136","X.2043.uned","control"
"X-2043.LKA136","X.2043.LK36","treatment"
"X-2043.abraxane","X.2043.uned","control"
"X-2043.abraxane","X.2043.abne","treatment"
"X-2043.binimetinib-3.5mpk","X.2043.uned","control"
"X-2043.binimetinib-3.5mpk","X.2043.bipk","treatment"
"X-2043.BKM120 + binimetinib","X.2043.uned","control"
"X-2043.BKM120 + binimetinib","X.2043.BK20.biib","treatment"
"X-2043.BKM120 + LDE225","X.2043.uned","control"
"X-2043.BKM120 + LDE225","X.2043.BK20.LD25","treatment"
"X-2043.figitumumab + binimetinib","X.2043.uned","control"
"X-2043.figitumumab + binimetinib","X.2043.fiab.biib","treatment"
"X-2043.gemcitabine-50mpk","X.2043.uned","control"
"X-2043.gemcitabine-50mpk","X.2043.gepk","treatment"
"X-2043.INC424","X.2043.uned","control"
"X-2043.INC424","X.2043.IN24","treatment"
"X-2043.INC424 + binimetinib","X.2043.uned","control"
"X-2043.INC424 + binimetinib","X.2043.IN24.biib","treatment"
"X-2043.trametinib","X.2043.uned","control"
"X-2043.BYL719 + LEE011","X.2043.uned","control"
"X-2043.LFA102","X.2043.uned","control"
"X-2043.LFW527 + everolimus","X.2043.uned","control"
"X-2043.paclitaxel","X.2043.uned","control"
"X-2043.tamoxifen","X.2043.uned","control"
"X-2043.BYL719 + LGH447","X.2043.uned","control"
"X-2043.erlotinib","X.2043.uned","control"
"X-2043.LCL161 + paclitaxel","X.2043.uned","control"
"X-2043.LGH447","X.2043.uned","control"
"X-2043.WNT974","X.2043.uned","control"
"X-2043.BKM120 + encorafenib","X.2043.uned","control"
"X-2043.dacarbazine","X.2043.uned","control"
"X-2043.encorafenib + binimetinib","X.2043.uned","control"
"X-2043.LDE225","X.2043.uned","control"
"X-2043.LDK378","X.2043.uned","control"
"X-2043.LEE011 + binimetinib","X.2043.uned","control"
"X-2043.LEE011 + encorafenib","X.2043.uned","control"
"X-2043.LGW813","X.2043.uned","control"
"X-2043.TAS266","X.2043.uned","control"
"X-20508.LFW527 + binimetinib","X.20508.LF27.biib","treatment"
"X-20689.LFW527 + binimetinib","X.20689.LF27.biib","treatment"
"X-20810.LFW527 + binimetinib","X.20810.LF27.biib","treatment"
"X-2081.BGJ398","X.2081.uned","control"
"X-2081.binimetinib","X.2081.uned","control"
"X-2081.binimetinib","X.2081.biib","treatment"
"X-2081.BKM120","X.2081.uned","control"
"X-2081.BKM120","X.2081.BK20","treatment"
"X-2081.BYL719","X.2081.uned","control"
"X-2081.BYL719","X.2081.BY19","treatment"
"X-2081.BYL719 + HSP990","X.2081.uned","control"
"X-2081.BYL719 + LJM716","X.2081.uned","control"
"X-2081.BYL719 + LJM716","X.2081.BY19.LJ16","treatment"
"X-2081.CLR457","X.2081.uned","control"
"X-2081.CLR457","X.2081.CL57","treatment"
"X-2081.everolimus","X.2081.uned","control"
"X-2081.figitumumab","X.2081.uned","control"
"X-2081.figitumumab","X.2081.fiab","treatment"
"X-2081.HDM201","X.2081.uned","control"
"X-2081.HDM201","X.2081.HD01","treatment"
"X-2081.HSP990","X.2081.uned","control"
"X-2081.INC280","X.2081.uned","control"
"X-2081.INC280 + trastuzumab","X.2081.uned","control"
"X-2081.LEE011","X.2081.uned","control"
"X-2081.LEE011","X.2081.LE11","treatment"
"X-2081.LEE011 + everolimus","X.2081.uned","control"
"X-2081.LJM716","X.2081.uned","control"
"X-2081.LJM716 + trastuzumab","X.2081.uned","control"
"X-2081.LLM871","X.2081.uned","control"
"X-2081.trastuzumab","X.2081.uned","control"
"X-2081.5FU","X.2081.uned","control"
"X-2081.BKM120 + LJC049","X.2081.uned","control"
"X-2081.BYL719 + binimetinib","X.2081.uned","control"
"X-2081.BYL719 + cetuximab","X.2081.uned","control"
"X-2081.BYL719 + cetuximab + encorafenib","X.2081.uned","control"
"X-2081.BYL719 + encorafenib","X.2081.uned","control"
"X-2081.cetuximab","X.2081.uned","control"
"X-2081.cetuximab + encorafenib","X.2081.uned","control"
"X-2081.CGM097","X.2081.uned","control"
"X-2081.CKX620","X.2081.uned","control"
"X-2081.encorafenib","X.2081.uned","control"
"X-2081.LFW527 + binimetinib","X.2081.uned","control"
"X-2081.LJC049","X.2081.uned","control"
"X-2081.LKA136","X.2081.uned","control"
"X-2081.LKA136","X.2081.LK36","treatment"
"X-2081.abraxane","X.2081.uned","control"
"X-2081.binimetinib-3.5mpk","X.2081.uned","control"
"X-2081.binimetinib-3.5mpk","X.2081.bipk","treatment"
"X-2081.BKM120 + binimetinib","X.2081.uned","control"
"X-2081.BKM120 + binimetinib","X.2081.BK20.biib","treatment"
"X-2081.BKM120 + LDE225","X.2081.uned","control"
"X-2081.BKM120 + LDE225","X.2081.BK20.LD25","treatment"
"X-2081.figitumumab + binimetinib","X.2081.uned","control"
"X-2081.figitumumab + binimetinib","X.2081.fiab.biib","treatment"
"X-2081.gemcitabine-50mpk","X.2081.uned","control"
"X-2081.gemcitabine-50mpk","X.2081.gepk","treatment"
"X-2081.INC424","X.2081.uned","control"
"X-2081.INC424 + binimetinib","X.2081.uned","control"
"X-2081.INC424 + binimetinib","X.2081.IN24.biib","treatment"
"X-2081.trametinib","X.2081.uned","control"
"X-2081.trametinib","X.2081.trib","treatment"
"X-2081.BYL719 + LEE011","X.2081.uned","control"
"X-2081.LFA102","X.2081.uned","control"
"X-2081.LFW527 + everolimus","X.2081.uned","control"
"X-2081.paclitaxel","X.2081.uned","control"
"X-2081.tamoxifen","X.2081.uned","control"
"X-2081.BYL719 + LGH447","X.2081.uned","control"
"X-2081.erlotinib","X.2081.uned","control"
"X-2081.LCL161 + paclitaxel","X.2081.uned","control"
"X-2081.LGH447","X.2081.uned","control"
"X-2081.WNT974","X.2081.uned","control"
"X-2081.WNT974","X.2081.WN74","treatment"
"X-2081.BKM120 + encorafenib","X.2081.uned","control"
"X-2081.dacarbazine","X.2081.uned","control"
"X-2081.encorafenib + binimetinib","X.2081.uned","control"
"X-2081.LDE225","X.2081.uned","control"
"X-2081.LDK378","X.2081.uned","control"
"X-2081.LEE011 + binimetinib","X.2081.uned","control"
"X-2081.LEE011 + encorafenib","X.2081.uned","control"
"X-2081.LGW813","X.2081.uned","control"
"X-2081.TAS266","X.2081.uned","control"
"X-2082.BGJ398","X.2082.uned","control"
"X-2082.BGJ398","X.2082.BG98","treatment"
"X-2082.binimetinib","X.2082.uned","control"
"X-2082.binimetinib","X.2082.biib","treatment"
"X-2082.BKM120","X.2082.uned","control"
"X-2082.BKM120","X.2082.BK20","treatment"
"X-2082.BYL719","X.2082.uned","control"
"X-2082.BYL719","X.2082.BY19","treatment"
"X-2082.BYL719 + HSP990","X.2082.uned","control"
"X-2082.BYL719 + LJM716","X.2082.uned","control"
"X-2082.BYL719 + LJM716","X.2082.BY19.LJ16","treatment"
"X-2082.CLR457","X.2082.uned","control"
"X-2082.CLR457","X.2082.CL57","treatment"
"X-2082.everolimus","X.2082.uned","control"
"X-2082.figitumumab","X.2082.uned","control"
"X-2082.HDM201","X.2082.uned","control"
"X-2082.HDM201","X.2082.HD01","treatment"
"X-2082.HSP990","X.2082.uned","control"
"X-2082.HSP990","X.2082.HS90","treatment"
"X-2082.INC280","X.2082.uned","control"
"X-2082.INC280","X.2082.IN80","treatment"
"X-2082.INC280 + trastuzumab","X.2082.uned","control"
"X-2082.LEE011","X.2082.uned","control"
"X-2082.LEE011","X.2082.LE11","treatment"
"X-2082.LEE011 + everolimus","X.2082.uned","control"
"X-2082.LJM716","X.2082.uned","control"
"X-2082.LJM716 + trastuzumab","X.2082.uned","control"
"X-2082.LLM871","X.2082.uned","control"
"X-2082.LLM871","X.2082.LL71","treatment"
"X-2082.trastuzumab","X.2082.uned","control"
"X-2082.5FU","X.2082.uned","control"
"X-2082.BKM120 + LJC049","X.2082.uned","control"
"X-2082.BYL719 + binimetinib","X.2082.uned","control"
"X-2082.BYL719 + cetuximab","X.2082.uned","control"
"X-2082.BYL719 + cetuximab + encorafenib","X.2082.uned","control"
"X-2082.BYL719 + encorafenib","X.2082.uned","control"
"X-2082.cetuximab","X.2082.uned","control"
"X-2082.cetuximab","X.2082.ceab","treatment"
"X-2082.cetuximab + encorafenib","X.2082.uned","control"
"X-2082.CGM097","X.2082.uned","control"
"X-2082.CGM097","X.2082.CG97","treatment"
"X-2082.CKX620","X.2082.uned","control"
"X-2082.CKX620","X.2082.CK20","treatment"
"X-2082.encorafenib","X.2082.uned","control"
"X-2082.LFW527 + binimetinib","X.2082.uned","control"
"X-2082.LFW527 + binimetinib","X.2082.LF27.biib","treatment"
"X-2082.LJC049","X.2082.uned","control"
"X-2082.LKA136","X.2082.uned","control"
"X-2082.abraxane","X.2082.uned","control"
"X-2082.binimetinib-3.5mpk","X.2082.uned","control"
"X-2082.BKM120 + binimetinib","X.2082.uned","control"
"X-2082.BKM120 + binimetinib","X.2082.BK20.biib","treatment"
"X-2082.BKM120 + LDE225","X.2082.uned","control"
"X-2082.figitumumab + binimetinib","X.2082.uned","control"
"X-2082.gemcitabine-50mpk","X.2082.uned","control"
"X-2082.INC424","X.2082.uned","control"
"X-2082.INC424 + binimetinib","X.2082.uned","control"
"X-2082.trametinib","X.2082.uned","control"
"X-2082.BYL719 + LEE011","X.2082.uned","control"
"X-2082.LFA102","X.2082.uned","control"
"X-2082.LFW527 + everolimus","X.2082.uned","control"
"X-2082.paclitaxel","X.2082.uned","control"
"X-2082.paclitaxel","X.2082.pael","treatment"
"X-2082.tamoxifen","X.2082.uned","control"
"X-2082.BYL719 + LGH447","X.2082.uned","control"
"X-2082.BYL719 + LGH447","X.2082.BY19.LG47","treatment"
"X-2082.erlotinib","X.2082.uned","control"
"X-2082.erlotinib","X.2082.erib","treatment"
"X-2082.LCL161 + paclitaxel","X.2082.uned","control"
"X-2082.LCL161 + paclitaxel","X.2082.LC61.pael","treatment"
"X-2082.LGH447","X.2082.uned","control"
"X-2082.LGH447","X.2082.LG47","treatment"
"X-2082.WNT974","X.2082.uned","control"
"X-2082.BKM120 + encorafenib","X.2082.uned","control"
"X-2082.dacarbazine","X.2082.uned","control"
"X-2082.encorafenib + binimetinib","X.2082.uned","control"
"X-2082.LDE225","X.2082.uned","control"
"X-2082.LDK378","X.2082.uned","control"
"X-2082.LEE011 + binimetinib","X.2082.uned","control"
"X-2082.LEE011 + encorafenib","X.2082.uned","control"
"X-2082.LGW813","X.2082.uned","control"
"X-2082.TAS266","X.2082.uned","control"
"X-2088.BGJ398","X.2088.uned","control"
"X-2088.BGJ398","X.2088.BG98","treatment"
"X-2088.binimetinib","X.2088.uned","control"
"X-2088.binimetinib","X.2088.biib","treatment"
"X-2088.BKM120","X.2088.uned","control"
"X-2088.BKM120","X.2088.BK20","treatment"
"X-2088.BYL719","X.2088.uned","control"
"X-2088.BYL719","X.2088.BY19","treatment"
"X-2088.BYL719 + HSP990","X.2088.uned","control"
"X-2088.BYL719 + LJM716","X.2088.uned","control"
"X-2088.BYL719 + LJM716","X.2088.BY19.LJ16","treatment"
"X-2088.CLR457","X.2088.uned","control"
"X-2088.CLR457","X.2088.CL57","treatment"
"X-2088.everolimus","X.2088.uned","control"
"X-2088.figitumumab","X.2088.uned","control"
"X-2088.HDM201","X.2088.uned","control"
"X-2088.HDM201","X.2088.HD01","treatment"
"X-2088.HSP990","X.2088.uned","control"
"X-2088.HSP990","X.2088.HS90","treatment"
"X-2088.INC280","X.2088.uned","control"
"X-2088.INC280","X.2088.IN80","treatment"
"X-2088.INC280 + trastuzumab","X.2088.uned","control"
"X-2088.LEE011","X.2088.uned","control"
"X-2088.LEE011","X.2088.LE11","treatment"
"X-2088.LEE011 + everolimus","X.2088.uned","control"
"X-2088.LJM716","X.2088.uned","control"
"X-2088.LJM716 + trastuzumab","X.2088.uned","control"
"X-2088.LLM871","X.2088.uned","control"
"X-2088.LLM871","X.2088.LL71","treatment"
"X-2088.trastuzumab","X.2088.uned","control"
"X-2088.5FU","X.2088.uned","control"
"X-2088.BKM120 + LJC049","X.2088.uned","control"
"X-2088.BYL719 + binimetinib","X.2088.uned","control"
"X-2088.BYL719 + cetuximab","X.2088.uned","control"
"X-2088.BYL719 + cetuximab + encorafenib","X.2088.uned","control"
"X-2088.BYL719 + encorafenib","X.2088.uned","control"
"X-2088.cetuximab","X.2088.uned","control"
"X-2088.cetuximab","X.2088.ceab","treatment"
"X-2088.cetuximab + encorafenib","X.2088.uned","control"
"X-2088.CGM097","X.2088.uned","control"
"X-2088.CGM097","X.2088.CG97","treatment"
"X-2088.CKX620","X.2088.uned","control"
"X-2088.CKX620","X.2088.CK20","treatment"
"X-2088.encorafenib","X.2088.uned","control"
"X-2088.LFW527 + binimetinib","X.2088.uned","control"
"X-2088.LFW527 + binimetinib","X.2088.LF27.biib","treatment"
"X-2088.LJC049","X.2088.uned","control"
"X-2088.LKA136","X.2088.uned","control"
"X-2088.abraxane","X.2088.uned","control"
"X-2088.binimetinib-3.5mpk","X.2088.uned","control"
"X-2088.BKM120 + binimetinib","X.2088.uned","control"
"X-2088.BKM120 + binimetinib","X.2088.BK20.biib","treatment"
"X-2088.BKM120 + LDE225","X.2088.uned","control"
"X-2088.figitumumab + binimetinib","X.2088.uned","control"
"X-2088.gemcitabine-50mpk","X.2088.uned","control"
"X-2088.INC424","X.2088.uned","control"
"X-2088.INC424 + binimetinib","X.2088.uned","control"
"X-2088.trametinib","X.2088.uned","control"
"X-2088.BYL719 + LEE011","X.2088.uned","control"
"X-2088.LFA102","X.2088.uned","control"
"X-2088.LFW527 + everolimus","X.2088.uned","control"
"X-2088.paclitaxel","X.2088.uned","control"
"X-2088.tamoxifen","X.2088.uned","control"
"X-2088.BYL719 + LGH447","X.2088.uned","control"
"X-2088.BYL719 + LGH447","X.2088.BY19.LG47","treatment"
"X-2088.erlotinib","X.2088.uned","control"
"X-2088.erlotinib","X.2088.erib","treatment"
"X-2088.LCL161 + paclitaxel","X.2088.uned","control"
"X-2088.LCL161 + paclitaxel","X.2088.LC61.pael","treatment"
"X-2088.LGH447","X.2088.uned","control"
"X-2088.LGH447","X.2088.LG47","treatment"
"X-2088.WNT974","X.2088.uned","control"
"X-2088.BKM120 + encorafenib","X.2088.uned","control"
"X-2088.dacarbazine","X.2088.uned","control"
"X-2088.encorafenib + binimetinib","X.2088.uned","control"
"X-2088.LDE225","X.2088.uned","control"
"X-2088.LDK378","X.2088.uned","control"
"X-2088.LEE011 + binimetinib","X.2088.uned","control"
"X-2088.LEE011 + encorafenib","X.2088.uned","control"
"X-2088.LGW813","X.2088.uned","control"
"X-2088.TAS266","X.2088.uned","control"
"X-2094.BGJ398","X.2094.uned","control"
"X-2094.BGJ398","X.2094.BG98","treatment"
"X-2094.binimetinib","X.2094.uned","control"
"X-2094.binimetinib","X.2094.biib","treatment"
"X-2094.BKM120","X.2094.uned","control"
"X-2094.BKM120","X.2094.BK20","treatment"
"X-2094.BYL719","X.2094.uned","control"
"X-2094.BYL719","X.2094.BY19","treatment"
"X-2094.BYL719 + HSP990","X.2094.uned","control"
"X-2094.BYL719 + LJM716","X.2094.uned","control"
"X-2094.BYL719 + LJM716","X.2094.BY19.LJ16","treatment"
"X-2094.CLR457","X.2094.uned","control"
"X-2094.CLR457","X.2094.CL57","treatment"
"X-2094.everolimus","X.2094.uned","control"
"X-2094.figitumumab","X.2094.uned","control"
"X-2094.HDM201","X.2094.uned","control"
"X-2094.HDM201","X.2094.HD01","treatment"
"X-2094.HSP990","X.2094.uned","control"
"X-2094.HSP990","X.2094.HS90","treatment"
"X-2094.INC280","X.2094.uned","control"
"X-2094.INC280","X.2094.IN80","treatment"
"X-2094.INC280 + trastuzumab","X.2094.uned","control"
"X-2094.LEE011","X.2094.uned","control"
"X-2094.LEE011","X.2094.LE11","treatment"
"X-2094.LEE011 + everolimus","X.2094.uned","control"
"X-2094.LJM716","X.2094.uned","control"
"X-2094.LJM716 + trastuzumab","X.2094.uned","control"
"X-2094.LLM871","X.2094.uned","control"
"X-2094.LLM871","X.2094.LL71","treatment"
"X-2094.trastuzumab","X.2094.uned","control"
"X-2094.5FU","X.2094.uned","control"
"X-2094.BKM120 + LJC049","X.2094.uned","control"
"X-2094.BYL719 + binimetinib","X.2094.uned","control"
"X-2094.BYL719 + cetuximab","X.2094.uned","control"
"X-2094.BYL719 + cetuximab + encorafenib","X.2094.uned","control"
"X-2094.BYL719 + encorafenib","X.2094.uned","control"
"X-2094.cetuximab","X.2094.uned","control"
"X-2094.cetuximab","X.2094.ceab","treatment"
"X-2094.cetuximab + encorafenib","X.2094.uned","control"
"X-2094.CGM097","X.2094.uned","control"
"X-2094.CGM097","X.2094.CG97","treatment"
"X-2094.CKX620","X.2094.uned","control"
"X-2094.CKX620","X.2094.CK20","treatment"
"X-2094.encorafenib","X.2094.uned","control"
"X-2094.LFW527 + binimetinib","X.2094.uned","control"
"X-2094.LFW527 + binimetinib","X.2094.LF27.biib","treatment"
"X-2094.LJC049","X.2094.uned","control"
"X-2094.LKA136","X.2094.uned","control"
"X-2094.abraxane","X.2094.uned","control"
"X-2094.binimetinib-3.5mpk","X.2094.uned","control"
"X-2094.BKM120 + binimetinib","X.2094.uned","control"
"X-2094.BKM120 + binimetinib","X.2094.BK20.biib","treatment"
"X-2094.BKM120 + LDE225","X.2094.uned","control"
"X-2094.figitumumab + binimetinib","X.2094.uned","control"
"X-2094.gemcitabine-50mpk","X.2094.uned","control"
"X-2094.INC424","X.2094.uned","control"
"X-2094.INC424 + binimetinib","X.2094.uned","control"
"X-2094.trametinib","X.2094.uned","control"
"X-2094.BYL719 + LEE011","X.2094.uned","control"
"X-2094.LFA102","X.2094.uned","control"
"X-2094.LFW527 + everolimus","X.2094.uned","control"
"X-2094.paclitaxel","X.2094.uned","control"
"X-2094.paclitaxel","X.2094.pael","treatment"
"X-2094.tamoxifen","X.2094.uned","control"
"X-2094.BYL719 + LGH447","X.2094.uned","control"
"X-2094.BYL719 + LGH447","X.2094.BY19.LG47","treatment"
"X-2094.erlotinib","X.2094.uned","control"
"X-2094.erlotinib","X.2094.erib","treatment"
"X-2094.LCL161 + paclitaxel","X.2094.uned","control"
"X-2094.LCL161 + paclitaxel","X.2094.LC61.pael","treatment"
"X-2094.LGH447","X.2094.uned","control"
"X-2094.LGH447","X.2094.LG47","treatment"
"X-2094.WNT974","X.2094.uned","control"
"X-2094.BKM120 + encorafenib","X.2094.uned","control"
"X-2094.dacarbazine","X.2094.uned","control"
"X-2094.encorafenib + binimetinib","X.2094.uned","control"
"X-2094.LDE225","X.2094.uned","control"
"X-2094.LDK378","X.2094.uned","control"
"X-2094.LEE011 + binimetinib","X.2094.uned","control"
"X-2094.LEE011 + encorafenib","X.2094.uned","control"
"X-2094.LGW813","X.2094.uned","control"
"X-2094.TAS266","X.2094.uned","control"
"X-2127.LFW527 + everolimus","X.2127.LF27.evus","treatment"
"X-2145.BGJ398","X.2145.uned","control"
"X-2145.binimetinib","X.2145.uned","control"
"X-2145.binimetinib","X.2145.biib","treatment"
"X-2145.BKM120","X.2145.uned","control"
"X-2145.BKM120","X.2145.BK20","treatment"
"X-2145.BYL719","X.2145.uned","control"
"X-2145.BYL719","X.2145.BY19","treatment"
"X-2145.BYL719 + HSP990","X.2145.uned","control"
"X-2145.BYL719 + LJM716","X.2145.uned","control"
"X-2145.BYL719 + LJM716","X.2145.BY19.LJ16","treatment"
"X-2145.CLR457","X.2145.uned","control"
"X-2145.CLR457","X.2145.CL57","treatment"
"X-2145.everolimus","X.2145.uned","control"
"X-2145.figitumumab","X.2145.uned","control"
"X-2145.HDM201","X.2145.uned","control"
"X-2145.HDM201","X.2145.HD01","treatment"
"X-2145.HSP990","X.2145.uned","control"
"X-2145.INC280","X.2145.uned","control"
"X-2145.INC280 + trastuzumab","X.2145.uned","control"
"X-2145.LEE011","X.2145.uned","control"
"X-2145.LEE011","X.2145.LE11","treatment"
"X-2145.LEE011 + everolimus","X.2145.uned","control"
"X-2145.LJM716","X.2145.uned","control"
"X-2145.LJM716 + trastuzumab","X.2145.uned","control"
"X-2145.LLM871","X.2145.uned","control"
"X-2145.trastuzumab","X.2145.uned","control"
"X-2145.5FU","X.2145.uned","control"
"X-2145.5FU","X.2145.5FFU","treatment"
"X-2145.BKM120 + LJC049","X.2145.uned","control"
"X-2145.BKM120 + LJC049","X.2145.BK20.LJ49","treatment"
"X-2145.BYL719 + binimetinib","X.2145.uned","control"
"X-2145.BYL719 + binimetinib","X.2145.BY19.biib","treatment"
"X-2145.BYL719 + cetuximab","X.2145.uned","control"
"X-2145.BYL719 + cetuximab","X.2145.BY19.ceab","treatment"
"X-2145.BYL719 + cetuximab + encorafenib","X.2145.uned","control"
"X-2145.BYL719 + cetuximab + encorafenib","X.2145.BY19.ceab.enib","treatment"
"X-2145.BYL719 + encorafenib","X.2145.uned","control"
"X-2145.BYL719 + encorafenib","X.2145.BY19.enib","treatment"
"X-2145.cetuximab","X.2145.uned","control"
"X-2145.cetuximab","X.2145.ceab","treatment"
"X-2145.cetuximab + encorafenib","X.2145.uned","control"
"X-2145.cetuximab + encorafenib","X.2145.ceab.enib","treatment"
"X-2145.CGM097","X.2145.uned","control"
"X-2145.CGM097","X.2145.CG97","treatment"
"X-2145.CKX620","X.2145.uned","control"
"X-2145.CKX620","X.2145.CK20","treatment"
"X-2145.encorafenib","X.2145.uned","control"
"X-2145.encorafenib","X.2145.enib","treatment"
"X-2145.LFW527 + binimetinib","X.2145.uned","control"
"X-2145.LFW527 + binimetinib","X.2145.LF27.biib","treatment"
"X-2145.LJC049","X.2145.uned","control"
"X-2145.LJC049","X.2145.LJ49","treatment"
"X-2145.LKA136","X.2145.uned","control"
"X-2145.LKA136","X.2145.LK36","treatment"
"X-2145.abraxane","X.2145.uned","control"
"X-2145.binimetinib-3.5mpk","X.2145.uned","control"
"X-2145.BKM120 + binimetinib","X.2145.uned","control"
"X-2145.BKM120 + LDE225","X.2145.uned","control"
"X-2145.figitumumab + binimetinib","X.2145.uned","control"
"X-2145.gemcitabine-50mpk","X.2145.uned","control"
"X-2145.INC424","X.2145.uned","control"
"X-2145.INC424 + binimetinib","X.2145.uned","control"
"X-2145.trametinib","X.2145.uned","control"
"X-2145.BYL719 + LEE011","X.2145.uned","control"
"X-2145.LFA102","X.2145.uned","control"
"X-2145.LFW527 + everolimus","X.2145.uned","control"
"X-2145.paclitaxel","X.2145.uned","control"
"X-2145.tamoxifen","X.2145.uned","control"
"X-2145.BYL719 + LGH447","X.2145.uned","control"
"X-2145.erlotinib","X.2145.uned","control"
"X-2145.LCL161 + paclitaxel","X.2145.uned","control"
"X-2145.LGH447","X.2145.uned","control"
"X-2145.WNT974","X.2145.uned","control"
"X-2145.BKM120 + encorafenib","X.2145.uned","control"
"X-2145.dacarbazine","X.2145.uned","control"
"X-2145.encorafenib + binimetinib","X.2145.uned","control"
"X-2145.LDE225","X.2145.uned","control"
"X-2145.LDK378","X.2145.uned","control"
"X-2145.LEE011 + binimetinib","X.2145.uned","control"
"X-2145.LEE011 + encorafenib","X.2145.uned","control"
"X-2145.LGW813","X.2145.uned","control"
"X-2145.TAS266","X.2145.uned","control"
"X-21617.LFW527 + binimetinib","X.21617.LF27.biib","treatment"
"X-2163.BGJ398","X.2163.uned","control"
"X-2163.binimetinib","X.2163.uned","control"
"X-2163.binimetinib","X.2163.biib","treatment"
"X-2163.BKM120","X.2163.uned","control"
"X-2163.BKM120","X.2163.BK20","treatment"
"X-2163.BYL719","X.2163.uned","control"
"X-2163.BYL719 + HSP990","X.2163.uned","control"
"X-2163.BYL719 + LJM716","X.2163.uned","control"
"X-2163.CLR457","X.2163.uned","control"
"X-2163.CLR457","X.2163.CL57","treatment"
"X-2163.everolimus","X.2163.uned","control"
"X-2163.figitumumab","X.2163.uned","control"
"X-2163.HDM201","X.2163.uned","control"
"X-2163.HSP990","X.2163.uned","control"
"X-2163.INC280","X.2163.uned","control"
"X-2163.INC280 + trastuzumab","X.2163.uned","control"
"X-2163.LEE011","X.2163.uned","control"
"X-2163.LEE011","X.2163.LE11","treatment"
"X-2163.LEE011 + everolimus","X.2163.uned","control"
"X-2163.LJM716","X.2163.uned","control"
"X-2163.LJM716 + trastuzumab","X.2163.uned","control"
"X-2163.LLM871","X.2163.uned","control"
"X-2163.trastuzumab","X.2163.uned","control"
"X-2163.5FU","X.2163.uned","control"
"X-2163.BKM120 + LJC049","X.2163.uned","control"
"X-2163.BYL719 + binimetinib","X.2163.uned","control"
"X-2163.BYL719 + cetuximab","X.2163.uned","control"
"X-2163.BYL719 + cetuximab + encorafenib","X.2163.uned","control"
"X-2163.BYL719 + encorafenib","X.2163.uned","control"
"X-2163.cetuximab","X.2163.uned","control"
"X-2163.cetuximab + encorafenib","X.2163.uned","control"
"X-2163.CGM097","X.2163.uned","control"
"X-2163.CGM097","X.2163.CG97","treatment"
"X-2163.CKX620","X.2163.uned","control"
"X-2163.encorafenib","X.2163.uned","control"
"X-2163.encorafenib","X.2163.enib","treatment"
"X-2163.LFW527 + binimetinib","X.2163.uned","control"
"X-2163.LJC049","X.2163.uned","control"
"X-2163.LKA136","X.2163.uned","control"
"X-2163.abraxane","X.2163.uned","control"
"X-2163.binimetinib-3.5mpk","X.2163.uned","control"
"X-2163.BKM120 + binimetinib","X.2163.uned","control"
"X-2163.BKM120 + LDE225","X.2163.uned","control"
"X-2163.figitumumab + binimetinib","X.2163.uned","control"
"X-2163.gemcitabine-50mpk","X.2163.uned","control"
"X-2163.INC424","X.2163.uned","control"
"X-2163.INC424 + binimetinib","X.2163.uned","control"
"X-2163.trametinib","X.2163.uned","control"
"X-2163.BYL719 + LEE011","X.2163.uned","control"
"X-2163.LFA102","X.2163.uned","control"
"X-2163.LFW527 + everolimus","X.2163.uned","control"
"X-2163.paclitaxel","X.2163.uned","control"
"X-2163.tamoxifen","X.2163.uned","control"
"X-2163.BYL719 + LGH447","X.2163.uned","control"
"X-2163.erlotinib","X.2163.uned","control"
"X-2163.LCL161 + paclitaxel","X.2163.uned","control"
"X-2163.LGH447","X.2163.uned","control"
"X-2163.WNT974","X.2163.uned","control"
"X-2163.WNT974","X.2163.WN74","treatment"
"X-2163.BKM120 + encorafenib","X.2163.uned","control"
"X-2163.BKM120 + encorafenib","X.2163.BK20.enib","treatment"
"X-2163.dacarbazine","X.2163.uned","control"
"X-2163.dacarbazine","X.2163.dane","treatment"
"X-2163.encorafenib + binimetinib","X.2163.uned","control"
"X-2163.encorafenib + binimetinib","X.2163.enib.biib","treatment"
"X-2163.LDE225","X.2163.uned","control"
"X-2163.LDE225","X.2163.LD25","treatment"
"X-2163.LDK378","X.2163.uned","control"
"X-2163.LDK378","X.2163.LD78","treatment"
"X-2163.LEE011 + binimetinib","X.2163.uned","control"
"X-2163.LEE011 + binimetinib","X.2163.LE11.biib","treatment"
"X-2163.LEE011 + encorafenib","X.2163.uned","control"
"X-2163.LEE011 + encorafenib","X.2163.LE11.enib","treatment"
"X-2163.LGW813","X.2163.uned","control"
"X-2163.LGW813","X.2163.LG13","treatment"
"X-2163.TAS266","X.2163.uned","control"
"X-2163.TAS266","X.2163.TA66","treatment"
"X-2182.BGJ398","X.2182.uned","control"
"X-2182.binimetinib","X.2182.uned","control"
"X-2182.binimetinib","X.2182.biib","treatment"
"X-2182.BKM120","X.2182.uned","control"
"X-2182.BKM120","X.2182.BK20","treatment"
"X-2182.BYL719","X.2182.uned","control"
"X-2182.BYL719","X.2182.BY19","treatment"
"X-2182.BYL719 + HSP990","X.2182.uned","control"
"X-2182.BYL719 + LJM716","X.2182.uned","control"
"X-2182.BYL719 + LJM716","X.2182.BY19.LJ16","treatment"
"X-2182.CLR457","X.2182.uned","control"
"X-2182.CLR457","X.2182.CL57","treatment"
"X-2182.everolimus","X.2182.uned","control"
"X-2182.figitumumab","X.2182.uned","control"
"X-2182.HDM201","X.2182.uned","control"
"X-2182.HDM201","X.2182.HD01","treatment"
"X-2182.HSP990","X.2182.uned","control"
"X-2182.INC280","X.2182.uned","control"
"X-2182.INC280 + trastuzumab","X.2182.uned","control"
"X-2182.LEE011","X.2182.uned","control"
"X-2182.LEE011","X.2182.LE11","treatment"
"X-2182.LEE011 + everolimus","X.2182.uned","control"
"X-2182.LJM716","X.2182.uned","control"
"X-2182.LJM716 + trastuzumab","X.2182.uned","control"
"X-2182.LLM871","X.2182.uned","control"
"X-2182.trastuzumab","X.2182.uned","control"
"X-2182.5FU","X.2182.uned","control"
"X-2182.5FU","X.2182.5FFU","treatment"
"X-2182.BKM120 + LJC049","X.2182.uned","control"
"X-2182.BKM120 + LJC049","X.2182.BK20.LJ49","treatment"
"X-2182.BYL719 + binimetinib","X.2182.uned","control"
"X-2182.BYL719 + binimetinib","X.2182.BY19.biib","treatment"
"X-2182.BYL719 + cetuximab","X.2182.uned","control"
"X-2182.BYL719 + cetuximab","X.2182.BY19.ceab","treatment"
"X-2182.BYL719 + cetuximab + encorafenib","X.2182.uned","control"
"X-2182.BYL719 + cetuximab + encorafenib","X.2182.BY19.ceab.enib","treatment"
"X-2182.BYL719 + encorafenib","X.2182.uned","control"
"X-2182.BYL719 + encorafenib","X.2182.BY19.enib","treatment"
"X-2182.cetuximab","X.2182.uned","control"
"X-2182.cetuximab","X.2182.ceab","treatment"
"X-2182.cetuximab + encorafenib","X.2182.uned","control"
"X-2182.cetuximab + encorafenib","X.2182.ceab.enib","treatment"
"X-2182.CGM097","X.2182.uned","control"
"X-2182.CGM097","X.2182.CG97","treatment"
"X-2182.CKX620","X.2182.uned","control"
"X-2182.CKX620","X.2182.CK20","treatment"
"X-2182.encorafenib","X.2182.uned","control"
"X-2182.encorafenib","X.2182.enib","treatment"
"X-2182.LFW527 + binimetinib","X.2182.uned","control"
"X-2182.LFW527 + binimetinib","X.2182.LF27.biib","treatment"
"X-2182.LJC049","X.2182.uned","control"
"X-2182.LJC049","X.2182.LJ49","treatment"
"X-2182.LKA136","X.2182.uned","control"
"X-2182.LKA136","X.2182.LK36","treatment"
"X-2182.abraxane","X.2182.uned","control"
"X-2182.binimetinib-3.5mpk","X.2182.uned","control"
"X-2182.BKM120 + binimetinib","X.2182.uned","control"
"X-2182.BKM120 + LDE225","X.2182.uned","control"
"X-2182.figitumumab + binimetinib","X.2182.uned","control"
"X-2182.gemcitabine-50mpk","X.2182.uned","control"
"X-2182.INC424","X.2182.uned","control"
"X-2182.INC424 + binimetinib","X.2182.uned","control"
"X-2182.trametinib","X.2182.uned","control"
"X-2182.BYL719 + LEE011","X.2182.uned","control"
"X-2182.LFA102","X.2182.uned","control"
"X-2182.LFW527 + everolimus","X.2182.uned","control"
"X-2182.paclitaxel","X.2182.uned","control"
"X-2182.tamoxifen","X.2182.uned","control"
"X-2182.BYL719 + LGH447","X.2182.uned","control"
"X-2182.erlotinib","X.2182.uned","control"
"X-2182.LCL161 + paclitaxel","X.2182.uned","control"
"X-2182.LGH447","X.2182.uned","control"
"X-2182.WNT974","X.2182.uned","control"
"X-2182.BKM120 + encorafenib","X.2182.uned","control"
"X-2182.dacarbazine","X.2182.uned","control"
"X-2182.encorafenib + binimetinib","X.2182.uned","control"
"X-2182.LDE225","X.2182.uned","control"
"X-2182.LDK378","X.2182.uned","control"
"X-2182.LEE011 + binimetinib","X.2182.uned","control"
"X-2182.LEE011 + encorafenib","X.2182.uned","control"
"X-2182.LGW813","X.2182.uned","control"
"X-2182.TAS266","X.2182.uned","control"
"X-2195.BGJ398","X.2195.uned","control"
"X-2195.BGJ398","X.2195.BG98","treatment"
"X-2195.binimetinib","X.2195.uned","control"
"X-2195.binimetinib","X.2195.biib","treatment"
"X-2195.BKM120","X.2195.uned","control"
"X-2195.BKM120","X.2195.BK20","treatment"
"X-2195.BYL719","X.2195.uned","control"
"X-2195.BYL719","X.2195.BY19","treatment"
"X-2195.BYL719 + HSP990","X.2195.uned","control"
"X-2195.BYL719 + LJM716","X.2195.uned","control"
"X-2195.BYL719 + LJM716","X.2195.BY19.LJ16","treatment"
"X-2195.CLR457","X.2195.uned","control"
"X-2195.CLR457","X.2195.CL57","treatment"
"X-2195.everolimus","X.2195.uned","control"
"X-2195.figitumumab","X.2195.uned","control"
"X-2195.HDM201","X.2195.uned","control"
"X-2195.HDM201","X.2195.HD01","treatment"
"X-2195.HSP990","X.2195.uned","control"
"X-2195.INC280","X.2195.uned","control"
"X-2195.INC280 + trastuzumab","X.2195.uned","control"
"X-2195.LEE011","X.2195.uned","control"
"X-2195.LEE011","X.2195.LE11","treatment"
"X-2195.LEE011 + everolimus","X.2195.uned","control"
"X-2195.LEE011 + everolimus","X.2195.LE11.evus","treatment"
"X-2195.LJM716","X.2195.uned","control"
"X-2195.LJM716","X.2195.LJ16","treatment"
"X-2195.LJM716 + trastuzumab","X.2195.uned","control"
"X-2195.LJM716 + trastuzumab","X.2195.LJ16.trab","treatment"
"X-2195.LLM871","X.2195.uned","control"
"X-2195.LLM871","X.2195.LL71","treatment"
"X-2195.trastuzumab","X.2195.uned","control"
"X-2195.trastuzumab","X.2195.trab","treatment"
"X-2195.5FU","X.2195.uned","control"
"X-2195.BKM120 + LJC049","X.2195.uned","control"
"X-2195.BYL719 + binimetinib","X.2195.uned","control"
"X-2195.BYL719 + cetuximab","X.2195.uned","control"
"X-2195.BYL719 + cetuximab + encorafenib","X.2195.uned","control"
"X-2195.BYL719 + encorafenib","X.2195.uned","control"
"X-2195.cetuximab","X.2195.uned","control"
"X-2195.cetuximab + encorafenib","X.2195.uned","control"
"X-2195.CGM097","X.2195.uned","control"
"X-2195.CGM097","X.2195.CG97","treatment"
"X-2195.CKX620","X.2195.uned","control"
"X-2195.encorafenib","X.2195.uned","control"
"X-2195.LFW527 + binimetinib","X.2195.uned","control"
"X-2195.LJC049","X.2195.uned","control"
"X-2195.LKA136","X.2195.uned","control"
"X-2195.LKA136","X.2195.LK36","treatment"
"X-2195.abraxane","X.2195.uned","control"
"X-2195.binimetinib-3.5mpk","X.2195.uned","control"
"X-2195.BKM120 + binimetinib","X.2195.uned","control"
"X-2195.BKM120 + LDE225","X.2195.uned","control"
"X-2195.figitumumab + binimetinib","X.2195.uned","control"
"X-2195.gemcitabine-50mpk","X.2195.uned","control"
"X-2195.INC424","X.2195.uned","control"
"X-2195.INC424","X.2195.IN24","treatment"
"X-2195.INC424 + binimetinib","X.2195.uned","control"
"X-2195.trametinib","X.2195.uned","control"
"X-2195.BYL719 + LEE011","X.2195.uned","control"
"X-2195.BYL719 + LEE011","X.2195.BY19.LE11","treatment"
"X-2195.LFA102","X.2195.uned","control"
"X-2195.LFA102","X.2195.LF02","treatment"
"X-2195.LFW527 + everolimus","X.2195.uned","control"
"X-2195.paclitaxel","X.2195.uned","control"
"X-2195.paclitaxel","X.2195.pael","treatment"
"X-2195.tamoxifen","X.2195.uned","control"
"X-2195.tamoxifen","X.2195.taen","treatment"
"X-2195.BYL719 + LGH447","X.2195.uned","control"
"X-2195.erlotinib","X.2195.uned","control"
"X-2195.LCL161 + paclitaxel","X.2195.uned","control"
"X-2195.LGH447","X.2195.uned","control"
"X-2195.WNT974","X.2195.uned","control"
"X-2195.BKM120 + encorafenib","X.2195.uned","control"
"X-2195.dacarbazine","X.2195.uned","control"
"X-2195.encorafenib + binimetinib","X.2195.uned","control"
"X-2195.LDE225","X.2195.uned","control"
"X-2195.LDK378","X.2195.uned","control"
"X-2195.LEE011 + binimetinib","X.2195.uned","control"
"X-2195.LEE011 + encorafenib","X.2195.uned","control"
"X-2195.LGW813","X.2195.uned","control"
"X-2195.TAS266","X.2195.uned","control"
"X-2239.BGJ398","X.2239.uned","control"
"X-2239.binimetinib","X.2239.uned","control"
"X-2239.binimetinib","X.2239.biib","treatment"
"X-2239.BKM120","X.2239.uned","control"
"X-2239.BYL719","X.2239.uned","control"
"X-2239.BYL719","X.2239.BY19","treatment"
"X-2239.BYL719 + HSP990","X.2239.uned","control"
"X-2239.BYL719 + LJM716","X.2239.uned","control"
"X-2239.CLR457","X.2239.uned","control"
"X-2239.CLR457","X.2239.CL57","treatment"
"X-2239.everolimus","X.2239.uned","control"
"X-2239.figitumumab","X.2239.uned","control"
"X-2239.HDM201","X.2239.uned","control"
"X-2239.HSP990","X.2239.uned","control"
"X-2239.INC280","X.2239.uned","control"
"X-2239.INC280 + trastuzumab","X.2239.uned","control"
"X-2239.LEE011","X.2239.uned","control"
"X-2239.LEE011","X.2239.LE11","treatment"
"X-2239.LEE011 + everolimus","X.2239.uned","control"
"X-2239.LJM716","X.2239.uned","control"
"X-2239.LJM716 + trastuzumab","X.2239.uned","control"
"X-2239.LLM871","X.2239.uned","control"
"X-2239.trastuzumab","X.2239.uned","control"
"X-2239.5FU","X.2239.uned","control"
"X-2239.5FU","X.2239.5FFU","treatment"
"X-2239.BKM120 + LJC049","X.2239.uned","control"
"X-2239.BKM120 + LJC049","X.2239.BK20.LJ49","treatment"
"X-2239.BYL719 + binimetinib","X.2239.uned","control"
"X-2239.BYL719 + binimetinib","X.2239.BY19.biib","treatment"
"X-2239.BYL719 + cetuximab","X.2239.uned","control"
"X-2239.BYL719 + cetuximab","X.2239.BY19.ceab","treatment"
"X-2239.BYL719 + cetuximab + encorafenib","X.2239.uned","control"
"X-2239.BYL719 + cetuximab + encorafenib","X.2239.BY19.ceab.enib","treatment"
"X-2239.BYL719 + encorafenib","X.2239.uned","control"
"X-2239.BYL719 + encorafenib","X.2239.BY19.enib","treatment"
"X-2239.cetuximab","X.2239.uned","control"
"X-2239.cetuximab","X.2239.ceab","treatment"
"X-2239.cetuximab + encorafenib","X.2239.uned","control"
"X-2239.cetuximab + encorafenib","X.2239.ceab.enib","treatment"
"X-2239.CGM097","X.2239.uned","control"
"X-2239.CKX620","X.2239.uned","control"
"X-2239.encorafenib","X.2239.uned","control"
"X-2239.encorafenib","X.2239.enib","treatment"
"X-2239.LFW527 + binimetinib","X.2239.uned","control"
"X-2239.LFW527 + binimetinib","X.2239.LF27.biib","treatment"
"X-2239.LJC049","X.2239.uned","control"
"X-2239.LJC049","X.2239.LJ49","treatment"
"X-2239.LKA136","X.2239.uned","control"
"X-2239.abraxane","X.2239.uned","control"
"X-2239.binimetinib-3.5mpk","X.2239.uned","control"
"X-2239.BKM120 + binimetinib","X.2239.uned","control"
"X-2239.BKM120 + LDE225","X.2239.uned","control"
"X-2239.figitumumab + binimetinib","X.2239.uned","control"
"X-2239.gemcitabine-50mpk","X.2239.uned","control"
"X-2239.INC424","X.2239.uned","control"
"X-2239.INC424 + binimetinib","X.2239.uned","control"
"X-2239.trametinib","X.2239.uned","control"
"X-2239.BYL719 + LEE011","X.2239.uned","control"
"X-2239.LFA102","X.2239.uned","control"
"X-2239.LFW527 + everolimus","X.2239.uned","control"
"X-2239.paclitaxel","X.2239.uned","control"
"X-2239.tamoxifen","X.2239.uned","control"
"X-2239.BYL719 + LGH447","X.2239.uned","control"
"X-2239.erlotinib","X.2239.uned","control"
"X-2239.LCL161 + paclitaxel","X.2239.uned","control"
"X-2239.LGH447","X.2239.uned","control"
"X-2239.WNT974","X.2239.uned","control"
"X-2239.BKM120 + encorafenib","X.2239.uned","control"
"X-2239.dacarbazine","X.2239.uned","control"
"X-2239.encorafenib + binimetinib","X.2239.uned","control"
"X-2239.LDE225","X.2239.uned","control"
"X-2239.LDK378","X.2239.uned","control"
"X-2239.LEE011 + binimetinib","X.2239.uned","control"
"X-2239.LEE011 + encorafenib","X.2239.uned","control"
"X-2239.LGW813","X.2239.uned","control"
"X-2239.TAS266","X.2239.uned","control"
"X-2283.BKM120","X.2283.BK20","treatment"
"X-2283.BYL719","X.2283.BY19","treatment"
"X-2283.CLR457","X.2283.CL57","treatment"
"X-2283.HDM201","X.2283.HD01","treatment"
"X-2283.LEE011","X.2283.LE11","treatment"
"X-2283.LKA136","X.2283.LK36","treatment"
"X-2283.abraxane","X.2283.abne","treatment"
"X-2283.binimetinib-3.5mpk","X.2283.bipk","treatment"
"X-2283.gemcitabine-50mpk","X.2283.gepk","treatment"
"X-2283.INC424","X.2283.IN24","treatment"
"X-2283.INC424 + binimetinib","X.2283.IN24.biib","treatment"
"X-2283.trametinib","X.2283.trib","treatment"
"X-2283.WNT974","X.2283.WN74","treatment"
"X-2306.BGJ398","X.2306.uned","control"
"X-2306.binimetinib","X.2306.uned","control"
"X-2306.binimetinib","X.2306.biib","treatment"
"X-2306.BKM120","X.2306.uned","control"
"X-2306.BKM120","X.2306.BK20","treatment"
"X-2306.BYL719","X.2306.uned","control"
"X-2306.BYL719 + HSP990","X.2306.uned","control"
"X-2306.BYL719 + LJM716","X.2306.uned","control"
"X-2306.CLR457","X.2306.uned","control"
"X-2306.CLR457","X.2306.CL57","treatment"
"X-2306.everolimus","X.2306.uned","control"
"X-2306.figitumumab","X.2306.uned","control"
"X-2306.HDM201","X.2306.uned","control"
"X-2306.HSP990","X.2306.uned","control"
"X-2306.INC280","X.2306.uned","control"
"X-2306.INC280 + trastuzumab","X.2306.uned","control"
"X-2306.LEE011","X.2306.uned","control"
"X-2306.LEE011","X.2306.LE11","treatment"
"X-2306.LEE011 + everolimus","X.2306.uned","control"
"X-2306.LJM716","X.2306.uned","control"
"X-2306.LJM716 + trastuzumab","X.2306.uned","control"
"X-2306.LLM871","X.2306.uned","control"
"X-2306.trastuzumab","X.2306.uned","control"
"X-2306.5FU","X.2306.uned","control"
"X-2306.BKM120 + LJC049","X.2306.uned","control"
"X-2306.BYL719 + binimetinib","X.2306.uned","control"
"X-2306.BYL719 + cetuximab","X.2306.uned","control"
"X-2306.BYL719 + cetuximab + encorafenib","X.2306.uned","control"
"X-2306.BYL719 + encorafenib","X.2306.uned","control"
"X-2306.cetuximab","X.2306.uned","control"
"X-2306.cetuximab + encorafenib","X.2306.uned","control"
"X-2306.CGM097","X.2306.uned","control"
"X-2306.CGM097","X.2306.CG97","treatment"
"X-2306.CKX620","X.2306.uned","control"
"X-2306.encorafenib","X.2306.uned","control"
"X-2306.encorafenib","X.2306.enib","treatment"
"X-2306.LFW527 + binimetinib","X.2306.uned","control"
"X-2306.LJC049","X.2306.uned","control"
"X-2306.LKA136","X.2306.uned","control"
"X-2306.abraxane","X.2306.uned","control"
"X-2306.binimetinib-3.5mpk","X.2306.uned","control"
"X-2306.BKM120 + binimetinib","X.2306.uned","control"
"X-2306.BKM120 + LDE225","X.2306.uned","control"
"X-2306.figitumumab + binimetinib","X.2306.uned","control"
"X-2306.gemcitabine-50mpk","X.2306.uned","control"
"X-2306.INC424","X.2306.uned","control"
"X-2306.INC424 + binimetinib","X.2306.uned","control"
"X-2306.trametinib","X.2306.uned","control"
"X-2306.BYL719 + LEE011","X.2306.uned","control"
"X-2306.LFA102","X.2306.uned","control"
"X-2306.LFW527 + everolimus","X.2306.uned","control"
"X-2306.paclitaxel","X.2306.uned","control"
"X-2306.tamoxifen","X.2306.uned","control"
"X-2306.BYL719 + LGH447","X.2306.uned","control"
"X-2306.erlotinib","X.2306.uned","control"
"X-2306.LCL161 + paclitaxel","X.2306.uned","control"
"X-2306.LGH447","X.2306.uned","control"
"X-2306.WNT974","X.2306.uned","control"
"X-2306.WNT974","X.2306.WN74","treatment"
"X-2306.BKM120 + encorafenib","X.2306.uned","control"
"X-2306.BKM120 + encorafenib","X.2306.BK20.enib","treatment"
"X-2306.dacarbazine","X.2306.uned","control"
"X-2306.dacarbazine","X.2306.dane","treatment"
"X-2306.encorafenib + binimetinib","X.2306.uned","control"
"X-2306.encorafenib + binimetinib","X.2306.enib.biib","treatment"
"X-2306.LDE225","X.2306.uned","control"
"X-2306.LDE225","X.2306.LD25","treatment"
"X-2306.LDK378","X.2306.uned","control"
"X-2306.LDK378","X.2306.LD78","treatment"
"X-2306.LEE011 + binimetinib","X.2306.uned","control"
"X-2306.LEE011 + binimetinib","X.2306.LE11.biib","treatment"
"X-2306.LEE011 + encorafenib","X.2306.uned","control"
"X-2306.LEE011 + encorafenib","X.2306.LE11.enib","treatment"
"X-2306.LGW813","X.2306.uned","control"
"X-2306.LGW813","X.2306.LG13","treatment"
"X-2306.TAS266","X.2306.uned","control"
"X-2306.TAS266","X.2306.TA66","treatment"
"X-2339.BGJ398","X.2339.uned","control"
"X-2339.binimetinib","X.2339.uned","control"
"X-2339.binimetinib","X.2339.biib","treatment"
"X-2339.BKM120","X.2339.uned","control"
"X-2339.BKM120","X.2339.BK20","treatment"
"X-2339.BYL719","X.2339.uned","control"
"X-2339.BYL719","X.2339.BY19","treatment"
"X-2339.BYL719 + HSP990","X.2339.uned","control"
"X-2339.BYL719 + LJM716","X.2339.uned","control"
"X-2339.BYL719 + LJM716","X.2339.BY19.LJ16","treatment"
"X-2339.CLR457","X.2339.uned","control"
"X-2339.CLR457","X.2339.CL57","treatment"
"X-2339.everolimus","X.2339.uned","control"
"X-2339.figitumumab","X.2339.uned","control"
"X-2339.figitumumab","X.2339.fiab","treatment"
"X-2339.HDM201","X.2339.uned","control"
"X-2339.HDM201","X.2339.HD01","treatment"
"X-2339.HSP990","X.2339.uned","control"
"X-2339.INC280","X.2339.uned","control"
"X-2339.INC280 + trastuzumab","X.2339.uned","control"
"X-2339.LEE011","X.2339.uned","control"
"X-2339.LEE011","X.2339.LE11","treatment"
"X-2339.LEE011 + everolimus","X.2339.uned","control"
"X-2339.LJM716","X.2339.uned","control"
"X-2339.LJM716 + trastuzumab","X.2339.uned","control"
"X-2339.LLM871","X.2339.uned","control"
"X-2339.trastuzumab","X.2339.uned","control"
"X-2339.5FU","X.2339.uned","control"
"X-2339.BKM120 + LJC049","X.2339.uned","control"
"X-2339.BYL719 + binimetinib","X.2339.uned","control"
"X-2339.BYL719 + cetuximab","X.2339.uned","control"
"X-2339.BYL719 + cetuximab + encorafenib","X.2339.uned","control"
"X-2339.BYL719 + encorafenib","X.2339.uned","control"
"X-2339.cetuximab","X.2339.uned","control"
"X-2339.cetuximab + encorafenib","X.2339.uned","control"
"X-2339.CGM097","X.2339.uned","control"
"X-2339.CKX620","X.2339.uned","control"
"X-2339.encorafenib","X.2339.uned","control"
"X-2339.LFW527 + binimetinib","X.2339.uned","control"
"X-2339.LJC049","X.2339.uned","control"
"X-2339.LKA136","X.2339.uned","control"
"X-2339.LKA136","X.2339.LK36","treatment"
"X-2339.abraxane","X.2339.uned","control"
"X-2339.abraxane","X.2339.abne","treatment"
"X-2339.binimetinib-3.5mpk","X.2339.uned","control"
"X-2339.binimetinib-3.5mpk","X.2339.bipk","treatment"
"X-2339.BKM120 + binimetinib","X.2339.uned","control"
"X-2339.BKM120 + binimetinib","X.2339.BK20.biib","treatment"
"X-2339.BKM120 + LDE225","X.2339.uned","control"
"X-2339.figitumumab + binimetinib","X.2339.uned","control"
"X-2339.figitumumab + binimetinib","X.2339.fiab.biib","treatment"
"X-2339.gemcitabine-50mpk","X.2339.uned","control"
"X-2339.gemcitabine-50mpk","X.2339.gepk","treatment"
"X-2339.INC424","X.2339.uned","control"
"X-2339.INC424","X.2339.IN24","treatment"
"X-2339.INC424 + binimetinib","X.2339.uned","control"
"X-2339.INC424 + binimetinib","X.2339.IN24.biib","treatment"
"X-2339.trametinib","X.2339.uned","control"
"X-2339.trametinib","X.2339.trib","treatment"
"X-2339.BYL719 + LEE011","X.2339.uned","control"
"X-2339.LFA102","X.2339.uned","control"
"X-2339.LFW527 + everolimus","X.2339.uned","control"
"X-2339.paclitaxel","X.2339.uned","control"
"X-2339.tamoxifen","X.2339.uned","control"
"X-2339.BYL719 + LGH447","X.2339.uned","control"
"X-2339.erlotinib","X.2339.uned","control"
"X-2339.LCL161 + paclitaxel","X.2339.uned","control"
"X-2339.LGH447","X.2339.uned","control"
"X-2339.WNT974","X.2339.uned","control"
"X-2339.WNT974","X.2339.WN74","treatment"
"X-2339.BKM120 + encorafenib","X.2339.uned","control"
"X-2339.dacarbazine","X.2339.uned","control"
"X-2339.encorafenib + binimetinib","X.2339.uned","control"
"X-2339.LDE225","X.2339.uned","control"
"X-2339.LDK378","X.2339.uned","control"
"X-2339.LEE011 + binimetinib","X.2339.uned","control"
"X-2339.LEE011 + encorafenib","X.2339.uned","control"
"X-2339.LGW813","X.2339.uned","control"
"X-2339.TAS266","X.2339.uned","control"
"X-2344.BGJ398","X.2344.uned","control"
"X-2344.BGJ398","X.2344.BG98","treatment"
"X-2344.binimetinib","X.2344.uned","control"
"X-2344.binimetinib","X.2344.biib","treatment"
"X-2344.BKM120","X.2344.uned","control"
"X-2344.BKM120","X.2344.BK20","treatment"
"X-2344.BYL719","X.2344.uned","control"
"X-2344.BYL719","X.2344.BY19","treatment"
"X-2344.BYL719 + HSP990","X.2344.uned","control"
"X-2344.BYL719 + LJM716","X.2344.uned","control"
"X-2344.BYL719 + LJM716","X.2344.BY19.LJ16","treatment"
"X-2344.CLR457","X.2344.uned","control"
"X-2344.CLR457","X.2344.CL57","treatment"
"X-2344.everolimus","X.2344.uned","control"
"X-2344.figitumumab","X.2344.uned","control"
"X-2344.HDM201","X.2344.uned","control"
"X-2344.HDM201","X.2344.HD01","treatment"
"X-2344.HSP990","X.2344.uned","control"
"X-2344.INC280","X.2344.uned","control"
"X-2344.INC280 + trastuzumab","X.2344.uned","control"
"X-2344.LEE011","X.2344.uned","control"
"X-2344.LEE011","X.2344.LE11","treatment"
"X-2344.LEE011 + everolimus","X.2344.uned","control"
"X-2344.LEE011 + everolimus","X.2344.LE11.evus","treatment"
"X-2344.LJM716","X.2344.uned","control"
"X-2344.LJM716","X.2344.LJ16","treatment"
"X-2344.LJM716 + trastuzumab","X.2344.uned","control"
"X-2344.LJM716 + trastuzumab","X.2344.LJ16.trab","treatment"
"X-2344.LLM871","X.2344.uned","control"
"X-2344.LLM871","X.2344.LL71","treatment"
"X-2344.trastuzumab","X.2344.uned","control"
"X-2344.trastuzumab","X.2344.trab","treatment"
"X-2344.5FU","X.2344.uned","control"
"X-2344.BKM120 + LJC049","X.2344.uned","control"
"X-2344.BYL719 + binimetinib","X.2344.uned","control"
"X-2344.BYL719 + cetuximab","X.2344.uned","control"
"X-2344.BYL719 + cetuximab + encorafenib","X.2344.uned","control"
"X-2344.BYL719 + encorafenib","X.2344.uned","control"
"X-2344.cetuximab","X.2344.uned","control"
"X-2344.cetuximab + encorafenib","X.2344.uned","control"
"X-2344.CGM097","X.2344.uned","control"
"X-2344.CGM097","X.2344.CG97","treatment"
"X-2344.CKX620","X.2344.uned","control"
"X-2344.encorafenib","X.2344.uned","control"
"X-2344.LFW527 + binimetinib","X.2344.uned","control"
"X-2344.LJC049","X.2344.uned","control"
"X-2344.LKA136","X.2344.uned","control"
"X-2344.LKA136","X.2344.LK36","treatment"
"X-2344.abraxane","X.2344.uned","control"
"X-2344.binimetinib-3.5mpk","X.2344.uned","control"
"X-2344.BKM120 + binimetinib","X.2344.uned","control"
"X-2344.BKM120 + LDE225","X.2344.uned","control"
"X-2344.figitumumab + binimetinib","X.2344.uned","control"
"X-2344.gemcitabine-50mpk","X.2344.uned","control"
"X-2344.INC424","X.2344.uned","control"
"X-2344.INC424","X.2344.IN24","treatment"
"X-2344.INC424 + binimetinib","X.2344.uned","control"
"X-2344.trametinib","X.2344.uned","control"
"X-2344.BYL719 + LEE011","X.2344.uned","control"
"X-2344.BYL719 + LEE011","X.2344.BY19.LE11","treatment"
"X-2344.LFA102","X.2344.uned","control"
"X-2344.LFA102","X.2344.LF02","treatment"
"X-2344.LFW527 + everolimus","X.2344.uned","control"
"X-2344.LFW527 + everolimus","X.2344.LF27.evus","treatment"
"X-2344.paclitaxel","X.2344.uned","control"
"X-2344.paclitaxel","X.2344.pael","treatment"
"X-2344.tamoxifen","X.2344.uned","control"
"X-2344.tamoxifen","X.2344.taen","treatment"
"X-2344.BYL719 + LGH447","X.2344.uned","control"
"X-2344.erlotinib","X.2344.uned","control"
"X-2344.LCL161 + paclitaxel","X.2344.uned","control"
"X-2344.LGH447","X.2344.uned","control"
"X-2344.WNT974","X.2344.uned","control"
"X-2344.BKM120 + encorafenib","X.2344.uned","control"
"X-2344.dacarbazine","X.2344.uned","control"
"X-2344.encorafenib + binimetinib","X.2344.uned","control"
"X-2344.LDE225","X.2344.uned","control"
"X-2344.LDK378","X.2344.uned","control"
"X-2344.LEE011 + binimetinib","X.2344.uned","control"
"X-2344.LEE011 + encorafenib","X.2344.uned","control"
"X-2344.LGW813","X.2344.uned","control"
"X-2344.TAS266","X.2344.uned","control"
"X-2353.BGJ398","X.2353.uned","control"
"X-2353.BGJ398","X.2353.BG98","treatment"
"X-2353.binimetinib","X.2353.uned","control"
"X-2353.binimetinib","X.2353.biib","treatment"
"X-2353.BKM120","X.2353.uned","control"
"X-2353.BKM120","X.2353.BK20","treatment"
"X-2353.BYL719","X.2353.uned","control"
"X-2353.BYL719","X.2353.BY19","treatment"
"X-2353.BYL719 + HSP990","X.2353.uned","control"
"X-2353.BYL719 + LJM716","X.2353.uned","control"
"X-2353.BYL719 + LJM716","X.2353.BY19.LJ16","treatment"
"X-2353.CLR457","X.2353.uned","control"
"X-2353.CLR457","X.2353.CL57","treatment"
"X-2353.everolimus","X.2353.uned","control"
"X-2353.figitumumab","X.2353.uned","control"
"X-2353.HDM201","X.2353.uned","control"
"X-2353.HDM201","X.2353.HD01","treatment"
"X-2353.HSP990","X.2353.uned","control"
"X-2353.INC280","X.2353.uned","control"
"X-2353.INC280 + trastuzumab","X.2353.uned","control"
"X-2353.LEE011","X.2353.uned","control"
"X-2353.LEE011","X.2353.LE11","treatment"
"X-2353.LEE011 + everolimus","X.2353.uned","control"
"X-2353.LEE011 + everolimus","X.2353.LE11.evus","treatment"
"X-2353.LJM716","X.2353.uned","control"
"X-2353.LJM716","X.2353.LJ16","treatment"
"X-2353.LJM716 + trastuzumab","X.2353.uned","control"
"X-2353.LJM716 + trastuzumab","X.2353.LJ16.trab","treatment"
"X-2353.LLM871","X.2353.uned","control"
"X-2353.LLM871","X.2353.LL71","treatment"
"X-2353.trastuzumab","X.2353.uned","control"
"X-2353.trastuzumab","X.2353.trab","treatment"
"X-2353.5FU","X.2353.uned","control"
"X-2353.BKM120 + LJC049","X.2353.uned","control"
"X-2353.BYL719 + binimetinib","X.2353.uned","control"
"X-2353.BYL719 + cetuximab","X.2353.uned","control"
"X-2353.BYL719 + cetuximab + encorafenib","X.2353.uned","control"
"X-2353.BYL719 + encorafenib","X.2353.uned","control"
"X-2353.cetuximab","X.2353.uned","control"
"X-2353.cetuximab + encorafenib","X.2353.uned","control"
"X-2353.CGM097","X.2353.uned","control"
"X-2353.CGM097","X.2353.CG97","treatment"
"X-2353.CKX620","X.2353.uned","control"
"X-2353.encorafenib","X.2353.uned","control"
"X-2353.LFW527 + binimetinib","X.2353.uned","control"
"X-2353.LJC049","X.2353.uned","control"
"X-2353.LKA136","X.2353.uned","control"
"X-2353.LKA136","X.2353.LK36","treatment"
"X-2353.abraxane","X.2353.uned","control"
"X-2353.binimetinib-3.5mpk","X.2353.uned","control"
"X-2353.BKM120 + binimetinib","X.2353.uned","control"
"X-2353.BKM120 + LDE225","X.2353.uned","control"
"X-2353.figitumumab + binimetinib","X.2353.uned","control"
"X-2353.gemcitabine-50mpk","X.2353.uned","control"
"X-2353.INC424","X.2353.uned","control"
"X-2353.INC424","X.2353.IN24","treatment"
"X-2353.INC424 + binimetinib","X.2353.uned","control"
"X-2353.trametinib","X.2353.uned","control"
"X-2353.BYL719 + LEE011","X.2353.uned","control"
"X-2353.BYL719 + LEE011","X.2353.BY19.LE11","treatment"
"X-2353.LFA102","X.2353.uned","control"
"X-2353.LFA102","X.2353.LF02","treatment"
"X-2353.LFW527 + everolimus","X.2353.uned","control"
"X-2353.LFW527 + everolimus","X.2353.LF27.evus","treatment"
"X-2353.paclitaxel","X.2353.uned","control"
"X-2353.paclitaxel","X.2353.pael","treatment"
"X-2353.tamoxifen","X.2353.uned","control"
"X-2353.tamoxifen","X.2353.taen","treatment"
"X-2353.BYL719 + LGH447","X.2353.uned","control"
"X-2353.erlotinib","X.2353.uned","control"
"X-2353.LCL161 + paclitaxel","X.2353.uned","control"
"X-2353.LGH447","X.2353.uned","control"
"X-2353.WNT974","X.2353.uned","control"
"X-2353.BKM120 + encorafenib","X.2353.uned","control"
"X-2353.dacarbazine","X.2353.uned","control"
"X-2353.encorafenib + binimetinib","X.2353.uned","control"
"X-2353.LDE225","X.2353.uned","control"
"X-2353.LDK378","X.2353.uned","control"
"X-2353.LEE011 + binimetinib","X.2353.uned","control"
"X-2353.LEE011 + encorafenib","X.2353.uned","control"
"X-2353.LGW813","X.2353.uned","control"
"X-2353.TAS266","X.2353.uned","control"
"X-2374.BGJ398","X.2374.uned","control"
"X-2374.binimetinib","X.2374.uned","control"
"X-2374.binimetinib","X.2374.biib","treatment"
"X-2374.BKM120","X.2374.uned","control"
"X-2374.BKM120","X.2374.BK20","treatment"
"X-2374.BYL719","X.2374.uned","control"
"X-2374.BYL719","X.2374.BY19","treatment"
"X-2374.BYL719 + HSP990","X.2374.uned","control"
"X-2374.BYL719 + LJM716","X.2374.uned","control"
"X-2374.BYL719 + LJM716","X.2374.BY19.LJ16","treatment"
"X-2374.CLR457","X.2374.uned","control"
"X-2374.CLR457","X.2374.CL57","treatment"
"X-2374.everolimus","X.2374.uned","control"
"X-2374.figitumumab","X.2374.uned","control"
"X-2374.HDM201","X.2374.uned","control"
"X-2374.HDM201","X.2374.HD01","treatment"
"X-2374.HSP990","X.2374.uned","control"
"X-2374.INC280","X.2374.uned","control"
"X-2374.INC280 + trastuzumab","X.2374.uned","control"
"X-2374.LEE011","X.2374.uned","control"
"X-2374.LEE011","X.2374.LE11","treatment"
"X-2374.LEE011 + everolimus","X.2374.uned","control"
"X-2374.LJM716","X.2374.uned","control"
"X-2374.LJM716 + trastuzumab","X.2374.uned","control"
"X-2374.LLM871","X.2374.uned","control"
"X-2374.trastuzumab","X.2374.uned","control"
"X-2374.5FU","X.2374.uned","control"
"X-2374.5FU","X.2374.5FFU","treatment"
"X-2374.BKM120 + LJC049","X.2374.uned","control"
"X-2374.BKM120 + LJC049","X.2374.BK20.LJ49","treatment"
"X-2374.BYL719 + binimetinib","X.2374.uned","control"
"X-2374.BYL719 + binimetinib","X.2374.BY19.biib","treatment"
"X-2374.BYL719 + cetuximab","X.2374.uned","control"
"X-2374.BYL719 + cetuximab","X.2374.BY19.ceab","treatment"
"X-2374.BYL719 + cetuximab + encorafenib","X.2374.uned","control"
"X-2374.BYL719 + cetuximab + encorafenib","X.2374.BY19.ceab.enib","treatment"
"X-2374.BYL719 + encorafenib","X.2374.uned","control"
"X-2374.BYL719 + encorafenib","X.2374.BY19.enib","treatment"
"X-2374.cetuximab","X.2374.uned","control"
"X-2374.cetuximab","X.2374.ceab","treatment"
"X-2374.cetuximab + encorafenib","X.2374.uned","control"
"X-2374.cetuximab + encorafenib","X.2374.ceab.enib","treatment"
"X-2374.CGM097","X.2374.uned","control"
"X-2374.CKX620","X.2374.uned","control"
"X-2374.CKX620","X.2374.CK20","treatment"
"X-2374.encorafenib","X.2374.uned","control"
"X-2374.encorafenib","X.2374.enib","treatment"
"X-2374.LFW527 + binimetinib","X.2374.uned","control"
"X-2374.LFW527 + binimetinib","X.2374.LF27.biib","treatment"
"X-2374.LJC049","X.2374.uned","control"
"X-2374.LJC049","X.2374.LJ49","treatment"
"X-2374.LKA136","X.2374.uned","control"
"X-2374.LKA136","X.2374.LK36","treatment"
"X-2374.abraxane","X.2374.uned","control"
"X-2374.binimetinib-3.5mpk","X.2374.uned","control"
"X-2374.BKM120 + binimetinib","X.2374.uned","control"
"X-2374.BKM120 + LDE225","X.2374.uned","control"
"X-2374.figitumumab + binimetinib","X.2374.uned","control"
"X-2374.gemcitabine-50mpk","X.2374.uned","control"
"X-2374.INC424","X.2374.uned","control"
"X-2374.INC424 + binimetinib","X.2374.uned","control"
"X-2374.trametinib","X.2374.uned","control"
"X-2374.BYL719 + LEE011","X.2374.uned","control"
"X-2374.LFA102","X.2374.uned","control"
"X-2374.LFW527 + everolimus","X.2374.uned","control"
"X-2374.paclitaxel","X.2374.uned","control"
"X-2374.tamoxifen","X.2374.uned","control"
"X-2374.BYL719 + LGH447","X.2374.uned","control"
"X-2374.erlotinib","X.2374.uned","control"
"X-2374.LCL161 + paclitaxel","X.2374.uned","control"
"X-2374.LGH447","X.2374.uned","control"
"X-2374.WNT974","X.2374.uned","control"
"X-2374.BKM120 + encorafenib","X.2374.uned","control"
"X-2374.dacarbazine","X.2374.uned","control"
"X-2374.encorafenib + binimetinib","X.2374.uned","control"
"X-2374.LDE225","X.2374.uned","control"
"X-2374.LDK378","X.2374.uned","control"
"X-2374.LEE011 + binimetinib","X.2374.uned","control"
"X-2374.LEE011 + encorafenib","X.2374.uned","control"
"X-2374.LGW813","X.2374.uned","control"
"X-2374.TAS266","X.2374.uned","control"
"X-2403.BGJ398","X.2403.uned","control"
"X-2403.binimetinib","X.2403.uned","control"
"X-2403.binimetinib","X.2403.biib","treatment"
"X-2403.BKM120","X.2403.uned","control"
"X-2403.BKM120","X.2403.BK20","treatment"
"X-2403.BYL719","X.2403.uned","control"
"X-2403.BYL719","X.2403.BY19","treatment"
"X-2403.BYL719 + HSP990","X.2403.uned","control"
"X-2403.BYL719 + LJM716","X.2403.uned","control"
"X-2403.BYL719 + LJM716","X.2403.BY19.LJ16","treatment"
"X-2403.CLR457","X.2403.uned","control"
"X-2403.CLR457","X.2403.CL57","treatment"
"X-2403.everolimus","X.2403.uned","control"
"X-2403.figitumumab","X.2403.uned","control"
"X-2403.HDM201","X.2403.uned","control"
"X-2403.HDM201","X.2403.HD01","treatment"
"X-2403.HSP990","X.2403.uned","control"
"X-2403.INC280","X.2403.uned","control"
"X-2403.INC280 + trastuzumab","X.2403.uned","control"
"X-2403.LEE011","X.2403.uned","control"
"X-2403.LEE011","X.2403.LE11","treatment"
"X-2403.LEE011 + everolimus","X.2403.uned","control"
"X-2403.LJM716","X.2403.uned","control"
"X-2403.LJM716 + trastuzumab","X.2403.uned","control"
"X-2403.LLM871","X.2403.uned","control"
"X-2403.trastuzumab","X.2403.uned","control"
"X-2403.5FU","X.2403.uned","control"
"X-2403.5FU","X.2403.5FFU","treatment"
"X-2403.BKM120 + LJC049","X.2403.uned","control"
"X-2403.BKM120 + LJC049","X.2403.BK20.LJ49","treatment"
"X-2403.BYL719 + binimetinib","X.2403.uned","control"
"X-2403.BYL719 + binimetinib","X.2403.BY19.biib","treatment"
"X-2403.BYL719 + cetuximab","X.2403.uned","control"
"X-2403.BYL719 + cetuximab","X.2403.BY19.ceab","treatment"
"X-2403.BYL719 + cetuximab + encorafenib","X.2403.uned","control"
"X-2403.BYL719 + cetuximab + encorafenib","X.2403.BY19.ceab.enib","treatment"
"X-2403.BYL719 + encorafenib","X.2403.uned","control"
"X-2403.BYL719 + encorafenib","X.2403.BY19.enib","treatment"
"X-2403.cetuximab","X.2403.uned","control"
"X-2403.cetuximab","X.2403.ceab","treatment"
"X-2403.cetuximab + encorafenib","X.2403.uned","control"
"X-2403.cetuximab + encorafenib","X.2403.ceab.enib","treatment"
"X-2403.CGM097","X.2403.uned","control"
"X-2403.CGM097","X.2403.CG97","treatment"
"X-2403.CKX620","X.2403.uned","control"
"X-2403.CKX620","X.2403.CK20","treatment"
"X-2403.encorafenib","X.2403.uned","control"
"X-2403.encorafenib","X.2403.enib","treatment"
"X-2403.LFW527 + binimetinib","X.2403.uned","control"
"X-2403.LJC049","X.2403.uned","control"
"X-2403.LJC049","X.2403.LJ49","treatment"
"X-2403.LKA136","X.2403.uned","control"
"X-2403.LKA136","X.2403.LK36","treatment"
"X-2403.abraxane","X.2403.uned","control"
"X-2403.binimetinib-3.5mpk","X.2403.uned","control"
"X-2403.BKM120 + binimetinib","X.2403.uned","control"
"X-2403.BKM120 + LDE225","X.2403.uned","control"
"X-2403.figitumumab + binimetinib","X.2403.uned","control"
"X-2403.gemcitabine-50mpk","X.2403.uned","control"
"X-2403.INC424","X.2403.uned","control"
"X-2403.INC424 + binimetinib","X.2403.uned","control"
"X-2403.trametinib","X.2403.uned","control"
"X-2403.BYL719 + LEE011","X.2403.uned","control"
"X-2403.LFA102","X.2403.uned","control"
"X-2403.LFW527 + everolimus","X.2403.uned","control"
"X-2403.paclitaxel","X.2403.uned","control"
"X-2403.tamoxifen","X.2403.uned","control"
"X-2403.BYL719 + LGH447","X.2403.uned","control"
"X-2403.erlotinib","X.2403.uned","control"
"X-2403.LCL161 + paclitaxel","X.2403.uned","control"
"X-2403.LGH447","X.2403.uned","control"
"X-2403.WNT974","X.2403.uned","control"
"X-2403.BKM120 + encorafenib","X.2403.uned","control"
"X-2403.dacarbazine","X.2403.uned","control"
"X-2403.encorafenib + binimetinib","X.2403.uned","control"
"X-2403.LDE225","X.2403.uned","control"
"X-2403.LDK378","X.2403.uned","control"
"X-2403.LEE011 + binimetinib","X.2403.uned","control"
"X-2403.LEE011 + encorafenib","X.2403.uned","control"
"X-2403.LGW813","X.2403.uned","control"
"X-2403.TAS266","X.2403.uned","control"
"X-2428.BGJ398","X.2428.uned","control"
"X-2428.binimetinib","X.2428.uned","control"
"X-2428.binimetinib","X.2428.biib","treatment"
"X-2428.BKM120","X.2428.uned","control"
"X-2428.BKM120","X.2428.BK20","treatment"
"X-2428.BYL719","X.2428.uned","control"
"X-2428.BYL719","X.2428.BY19","treatment"
"X-2428.BYL719 + HSP990","X.2428.uned","control"
"X-2428.BYL719 + LJM716","X.2428.uned","control"
"X-2428.BYL719 + LJM716","X.2428.BY19.LJ16","treatment"
"X-2428.CLR457","X.2428.uned","control"
"X-2428.CLR457","X.2428.CL57","treatment"
"X-2428.everolimus","X.2428.uned","control"
"X-2428.figitumumab","X.2428.uned","control"
"X-2428.figitumumab","X.2428.fiab","treatment"
"X-2428.HDM201","X.2428.uned","control"
"X-2428.HDM201","X.2428.HD01","treatment"
"X-2428.HSP990","X.2428.uned","control"
"X-2428.INC280","X.2428.uned","control"
"X-2428.INC280 + trastuzumab","X.2428.uned","control"
"X-2428.LEE011","X.2428.uned","control"
"X-2428.LEE011","X.2428.LE11","treatment"
"X-2428.LEE011 + everolimus","X.2428.uned","control"
"X-2428.LJM716","X.2428.uned","control"
"X-2428.LJM716 + trastuzumab","X.2428.uned","control"
"X-2428.LLM871","X.2428.uned","control"
"X-2428.trastuzumab","X.2428.uned","control"
"X-2428.5FU","X.2428.uned","control"
"X-2428.BKM120 + LJC049","X.2428.uned","control"
"X-2428.BYL719 + binimetinib","X.2428.uned","control"
"X-2428.BYL719 + cetuximab","X.2428.uned","control"
"X-2428.BYL719 + cetuximab + encorafenib","X.2428.uned","control"
"X-2428.BYL719 + encorafenib","X.2428.uned","control"
"X-2428.cetuximab","X.2428.uned","control"
"X-2428.cetuximab + encorafenib","X.2428.uned","control"
"X-2428.CGM097","X.2428.uned","control"
"X-2428.CKX620","X.2428.uned","control"
"X-2428.encorafenib","X.2428.uned","control"
"X-2428.LFW527 + binimetinib","X.2428.uned","control"
"X-2428.LJC049","X.2428.uned","control"
"X-2428.LKA136","X.2428.uned","control"
"X-2428.LKA136","X.2428.LK36","treatment"
"X-2428.abraxane","X.2428.uned","control"
"X-2428.abraxane","X.2428.abne","treatment"
"X-2428.binimetinib-3.5mpk","X.2428.uned","control"
"X-2428.binimetinib-3.5mpk","X.2428.bipk","treatment"
"X-2428.BKM120 + binimetinib","X.2428.uned","control"
"X-2428.BKM120 + binimetinib","X.2428.BK20.biib","treatment"
"X-2428.BKM120 + LDE225","X.2428.uned","control"
"X-2428.BKM120 + LDE225","X.2428.BK20.LD25","treatment"
"X-2428.figitumumab + binimetinib","X.2428.uned","control"
"X-2428.figitumumab + binimetinib","X.2428.fiab.biib","treatment"
"X-2428.gemcitabine-50mpk","X.2428.uned","control"
"X-2428.gemcitabine-50mpk","X.2428.gepk","treatment"
"X-2428.INC424","X.2428.uned","control"
"X-2428.INC424","X.2428.IN24","treatment"
"X-2428.INC424 + binimetinib","X.2428.uned","control"
"X-2428.trametinib","X.2428.uned","control"
"X-2428.trametinib","X.2428.trib","treatment"
"X-2428.BYL719 + LEE011","X.2428.uned","control"
"X-2428.LFA102","X.2428.uned","control"
"X-2428.LFW527 + everolimus","X.2428.uned","control"
"X-2428.paclitaxel","X.2428.uned","control"
"X-2428.tamoxifen","X.2428.uned","control"
"X-2428.BYL719 + LGH447","X.2428.uned","control"
"X-2428.erlotinib","X.2428.uned","control"
"X-2428.LCL161 + paclitaxel","X.2428.uned","control"
"X-2428.LGH447","X.2428.uned","control"
"X-2428.WNT974","X.2428.uned","control"
"X-2428.WNT974","X.2428.WN74","treatment"
"X-2428.BKM120 + encorafenib","X.2428.uned","control"
"X-2428.dacarbazine","X.2428.uned","control"
"X-2428.encorafenib + binimetinib","X.2428.uned","control"
"X-2428.LDE225","X.2428.uned","control"
"X-2428.LDK378","X.2428.uned","control"
"X-2428.LEE011 + binimetinib","X.2428.uned","control"
"X-2428.LEE011 + encorafenib","X.2428.uned","control"
"X-2428.LGW813","X.2428.uned","control"
"X-2428.TAS266","X.2428.uned","control"
"X-2470.BGJ398","X.2470.uned","control"
"X-2470.binimetinib","X.2470.uned","control"
"X-2470.BKM120","X.2470.uned","control"
"X-2470.BKM120","X.2470.BK20","treatment"
"X-2470.BYL719","X.2470.uned","control"
"X-2470.BYL719","X.2470.BY19","treatment"
"X-2470.BYL719 + HSP990","X.2470.uned","control"
"X-2470.BYL719 + LJM716","X.2470.uned","control"
"X-2470.CLR457","X.2470.uned","control"
"X-2470.CLR457","X.2470.CL57","treatment"
"X-2470.everolimus","X.2470.uned","control"
"X-2470.figitumumab","X.2470.uned","control"
"X-2470.figitumumab","X.2470.fiab","treatment"
"X-2470.HDM201","X.2470.uned","control"
"X-2470.HSP990","X.2470.uned","control"
"X-2470.INC280","X.2470.uned","control"
"X-2470.INC280 + trastuzumab","X.2470.uned","control"
"X-2470.LEE011","X.2470.uned","control"
"X-2470.LEE011","X.2470.LE11","treatment"
"X-2470.LEE011 + everolimus","X.2470.uned","control"
"X-2470.LJM716","X.2470.uned","control"
"X-2470.LJM716 + trastuzumab","X.2470.uned","control"
"X-2470.LLM871","X.2470.uned","control"
"X-2470.trastuzumab","X.2470.uned","control"
"X-2470.5FU","X.2470.uned","control"
"X-2470.BKM120 + LJC049","X.2470.uned","control"
"X-2470.BYL719 + binimetinib","X.2470.uned","control"
"X-2470.BYL719 + cetuximab","X.2470.uned","control"
"X-2470.BYL719 + cetuximab + encorafenib","X.2470.uned","control"
"X-2470.BYL719 + encorafenib","X.2470.uned","control"
"X-2470.cetuximab","X.2470.uned","control"
"X-2470.cetuximab + encorafenib","X.2470.uned","control"
"X-2470.CGM097","X.2470.uned","control"
"X-2470.CKX620","X.2470.uned","control"
"X-2470.encorafenib","X.2470.uned","control"
"X-2470.LFW527 + binimetinib","X.2470.uned","control"
"X-2470.LJC049","X.2470.uned","control"
"X-2470.LKA136","X.2470.uned","control"
"X-2470.LKA136","X.2470.LK36","treatment"
"X-2470.abraxane","X.2470.uned","control"
"X-2470.abraxane","X.2470.abne","treatment"
"X-2470.binimetinib-3.5mpk","X.2470.uned","control"
"X-2470.binimetinib-3.5mpk","X.2470.bipk","treatment"
"X-2470.BKM120 + binimetinib","X.2470.uned","control"
"X-2470.BKM120 + LDE225","X.2470.uned","control"
"X-2470.figitumumab + binimetinib","X.2470.uned","control"
"X-2470.figitumumab + binimetinib","X.2470.fiab.biib","treatment"
"X-2470.gemcitabine-50mpk","X.2470.uned","control"
"X-2470.INC424","X.2470.uned","control"
"X-2470.INC424","X.2470.IN24","treatment"
"X-2470.INC424 + binimetinib","X.2470.uned","control"
"X-2470.trametinib","X.2470.uned","control"
"X-2470.trametinib","X.2470.trib","treatment"
"X-2470.BYL719 + LEE011","X.2470.uned","control"
"X-2470.LFA102","X.2470.uned","control"
"X-2470.LFW527 + everolimus","X.2470.uned","control"
"X-2470.paclitaxel","X.2470.uned","control"
"X-2470.tamoxifen","X.2470.uned","control"
"X-2470.BYL719 + LGH447","X.2470.uned","control"
"X-2470.erlotinib","X.2470.uned","control"
"X-2470.LCL161 + paclitaxel","X.2470.uned","control"
"X-2470.LGH447","X.2470.uned","control"
"X-2470.WNT974","X.2470.uned","control"
"X-2470.WNT974","X.2470.WN74","treatment"
"X-2470.BKM120 + encorafenib","X.2470.uned","control"
"X-2470.dacarbazine","X.2470.uned","control"
"X-2470.encorafenib + binimetinib","X.2470.uned","control"
"X-2470.LDE225","X.2470.uned","control"
"X-2470.LDK378","X.2470.uned","control"
"X-2470.LEE011 + binimetinib","X.2470.uned","control"
"X-2470.LEE011 + encorafenib","X.2470.uned","control"
"X-2470.LGW813","X.2470.uned","control"
"X-2470.TAS266","X.2470.uned","control"
"X-2483.BGJ398","X.2483.uned","control"
"X-2483.binimetinib","X.2483.uned","control"
"X-2483.binimetinib","X.2483.biib","treatment"
"X-2483.BKM120","X.2483.uned","control"
"X-2483.BKM120","X.2483.BK20","treatment"
"X-2483.BYL719","X.2483.uned","control"
"X-2483.BYL719","X.2483.BY19","treatment"
"X-2483.BYL719 + HSP990","X.2483.uned","control"
"X-2483.BYL719 + LJM716","X.2483.uned","control"
"X-2483.BYL719 + LJM716","X.2483.BY19.LJ16","treatment"
"X-2483.CLR457","X.2483.uned","control"
"X-2483.CLR457","X.2483.CL57","treatment"
"X-2483.everolimus","X.2483.uned","control"
"X-2483.figitumumab","X.2483.uned","control"
"X-2483.HDM201","X.2483.uned","control"
"X-2483.HDM201","X.2483.HD01","treatment"
"X-2483.HSP990","X.2483.uned","control"
"X-2483.INC280","X.2483.uned","control"
"X-2483.INC280 + trastuzumab","X.2483.uned","control"
"X-2483.LEE011","X.2483.uned","control"
"X-2483.LEE011","X.2483.LE11","treatment"
"X-2483.LEE011 + everolimus","X.2483.uned","control"
"X-2483.LJM716","X.2483.uned","control"
"X-2483.LJM716 + trastuzumab","X.2483.uned","control"
"X-2483.LLM871","X.2483.uned","control"
"X-2483.trastuzumab","X.2483.uned","control"
"X-2483.5FU","X.2483.uned","control"
"X-2483.5FU","X.2483.5FFU","treatment"
"X-2483.BKM120 + LJC049","X.2483.uned","control"
"X-2483.BKM120 + LJC049","X.2483.BK20.LJ49","treatment"
"X-2483.BYL719 + binimetinib","X.2483.uned","control"
"X-2483.BYL719 + binimetinib","X.2483.BY19.biib","treatment"
"X-2483.BYL719 + cetuximab","X.2483.uned","control"
"X-2483.BYL719 + cetuximab","X.2483.BY19.ceab","treatment"
"X-2483.BYL719 + cetuximab + encorafenib","X.2483.uned","control"
"X-2483.BYL719 + cetuximab + encorafenib","X.2483.BY19.ceab.enib","treatment"
"X-2483.BYL719 + encorafenib","X.2483.uned","control"
"X-2483.BYL719 + encorafenib","X.2483.BY19.enib","treatment"
"X-2483.cetuximab","X.2483.uned","control"
"X-2483.cetuximab","X.2483.ceab","treatment"
"X-2483.cetuximab + encorafenib","X.2483.uned","control"
"X-2483.cetuximab + encorafenib","X.2483.ceab.enib","treatment"
"X-2483.CGM097","X.2483.uned","control"
"X-2483.CGM097","X.2483.CG97","treatment"
"X-2483.CKX620","X.2483.uned","control"
"X-2483.CKX620","X.2483.CK20","treatment"
"X-2483.encorafenib","X.2483.uned","control"
"X-2483.encorafenib","X.2483.enib","treatment"
"X-2483.LFW527 + binimetinib","X.2483.uned","control"
"X-2483.LFW527 + binimetinib","X.2483.LF27.biib","treatment"
"X-2483.LJC049","X.2483.uned","control"
"X-2483.LJC049","X.2483.LJ49","treatment"
"X-2483.LKA136","X.2483.uned","control"
"X-2483.LKA136","X.2483.LK36","treatment"
"X-2483.abraxane","X.2483.uned","control"
"X-2483.binimetinib-3.5mpk","X.2483.uned","control"
"X-2483.BKM120 + binimetinib","X.2483.uned","control"
"X-2483.BKM120 + LDE225","X.2483.uned","control"
"X-2483.figitumumab + binimetinib","X.2483.uned","control"
"X-2483.gemcitabine-50mpk","X.2483.uned","control"
"X-2483.INC424","X.2483.uned","control"
"X-2483.INC424 + binimetinib","X.2483.uned","control"
"X-2483.trametinib","X.2483.uned","control"
"X-2483.BYL719 + LEE011","X.2483.uned","control"
"X-2483.LFA102","X.2483.uned","control"
"X-2483.LFW527 + everolimus","X.2483.uned","control"
"X-2483.paclitaxel","X.2483.uned","control"
"X-2483.tamoxifen","X.2483.uned","control"
"X-2483.BYL719 + LGH447","X.2483.uned","control"
"X-2483.erlotinib","X.2483.uned","control"
"X-2483.LCL161 + paclitaxel","X.2483.uned","control"
"X-2483.LGH447","X.2483.uned","control"
"X-2483.WNT974","X.2483.uned","control"
"X-2483.BKM120 + encorafenib","X.2483.uned","control"
"X-2483.dacarbazine","X.2483.uned","control"
"X-2483.encorafenib + binimetinib","X.2483.uned","control"
"X-2483.LDE225","X.2483.uned","control"
"X-2483.LDK378","X.2483.uned","control"
"X-2483.LEE011 + binimetinib","X.2483.uned","control"
"X-2483.LEE011 + encorafenib","X.2483.uned","control"
"X-2483.LGW813","X.2483.uned","control"
"X-2483.TAS266","X.2483.uned","control"
"X-2484.BGJ398","X.2484.uned","control"
"X-2484.binimetinib","X.2484.uned","control"
"X-2484.binimetinib","X.2484.biib","treatment"
"X-2484.BKM120","X.2484.uned","control"
"X-2484.BKM120","X.2484.BK20","treatment"
"X-2484.BYL719","X.2484.uned","control"
"X-2484.BYL719","X.2484.BY19","treatment"
"X-2484.BYL719 + HSP990","X.2484.uned","control"
"X-2484.BYL719 + LJM716","X.2484.uned","control"
"X-2484.BYL719 + LJM716","X.2484.BY19.LJ16","treatment"
"X-2484.CLR457","X.2484.uned","control"
"X-2484.CLR457","X.2484.CL57","treatment"
"X-2484.everolimus","X.2484.uned","control"
"X-2484.figitumumab","X.2484.uned","control"
"X-2484.HDM201","X.2484.uned","control"
"X-2484.HDM201","X.2484.HD01","treatment"
"X-2484.HSP990","X.2484.uned","control"
"X-2484.INC280","X.2484.uned","control"
"X-2484.INC280 + trastuzumab","X.2484.uned","control"
"X-2484.LEE011","X.2484.uned","control"
"X-2484.LEE011","X.2484.LE11","treatment"
"X-2484.LEE011 + everolimus","X.2484.uned","control"
"X-2484.LJM716","X.2484.uned","control"
"X-2484.LJM716 + trastuzumab","X.2484.uned","control"
"X-2484.LLM871","X.2484.uned","control"
"X-2484.trastuzumab","X.2484.uned","control"
"X-2484.5FU","X.2484.uned","control"
"X-2484.5FU","X.2484.5FFU","treatment"
"X-2484.BKM120 + LJC049","X.2484.uned","control"
"X-2484.BKM120 + LJC049","X.2484.BK20.LJ49","treatment"
"X-2484.BYL719 + binimetinib","X.2484.uned","control"
"X-2484.BYL719 + binimetinib","X.2484.BY19.biib","treatment"
"X-2484.BYL719 + cetuximab","X.2484.uned","control"
"X-2484.BYL719 + cetuximab","X.2484.BY19.ceab","treatment"
"X-2484.BYL719 + cetuximab + encorafenib","X.2484.uned","control"
"X-2484.BYL719 + cetuximab + encorafenib","X.2484.BY19.ceab.enib","treatment"
"X-2484.BYL719 + encorafenib","X.2484.uned","control"
"X-2484.BYL719 + encorafenib","X.2484.BY19.enib","treatment"
"X-2484.cetuximab","X.2484.uned","control"
"X-2484.cetuximab","X.2484.ceab","treatment"
"X-2484.cetuximab + encorafenib","X.2484.uned","control"
"X-2484.cetuximab + encorafenib","X.2484.ceab.enib","treatment"
"X-2484.CGM097","X.2484.uned","control"
"X-2484.CGM097","X.2484.CG97","treatment"
"X-2484.CKX620","X.2484.uned","control"
"X-2484.CKX620","X.2484.CK20","treatment"
"X-2484.encorafenib","X.2484.uned","control"
"X-2484.encorafenib","X.2484.enib","treatment"
"X-2484.LFW527 + binimetinib","X.2484.uned","control"
"X-2484.LJC049","X.2484.uned","control"
"X-2484.LJC049","X.2484.LJ49","treatment"
"X-2484.LKA136","X.2484.uned","control"
"X-2484.LKA136","X.2484.LK36","treatment"
"X-2484.abraxane","X.2484.uned","control"
"X-2484.binimetinib-3.5mpk","X.2484.uned","control"
"X-2484.BKM120 + binimetinib","X.2484.uned","control"
"X-2484.BKM120 + LDE225","X.2484.uned","control"
"X-2484.figitumumab + binimetinib","X.2484.uned","control"
"X-2484.gemcitabine-50mpk","X.2484.uned","control"
"X-2484.INC424","X.2484.uned","control"
"X-2484.INC424 + binimetinib","X.2484.uned","control"
"X-2484.trametinib","X.2484.uned","control"
"X-2484.BYL719 + LEE011","X.2484.uned","control"
"X-2484.LFA102","X.2484.uned","control"
"X-2484.LFW527 + everolimus","X.2484.uned","control"
"X-2484.paclitaxel","X.2484.uned","control"
"X-2484.tamoxifen","X.2484.uned","control"
"X-2484.BYL719 + LGH447","X.2484.uned","control"
"X-2484.erlotinib","X.2484.uned","control"
"X-2484.LCL161 + paclitaxel","X.2484.uned","control"
"X-2484.LGH447","X.2484.uned","control"
"X-2484.WNT974","X.2484.uned","control"
"X-2484.BKM120 + encorafenib","X.2484.uned","control"
"X-2484.dacarbazine","X.2484.uned","control"
"X-2484.encorafenib + binimetinib","X.2484.uned","control"
"X-2484.LDE225","X.2484.uned","control"
"X-2484.LDK378","X.2484.uned","control"
"X-2484.LEE011 + binimetinib","X.2484.uned","control"
"X-2484.LEE011 + encorafenib","X.2484.uned","control"
"X-2484.LGW813","X.2484.uned","control"
"X-2484.TAS266","X.2484.uned","control"
"X-2487.BGJ398","X.2487.uned","control"
"X-2487.BGJ398","X.2487.BG98","treatment"
"X-2487.binimetinib","X.2487.uned","control"
"X-2487.binimetinib","X.2487.biib","treatment"
"X-2487.BKM120","X.2487.uned","control"
"X-2487.BKM120","X.2487.BK20","treatment"
"X-2487.BYL719","X.2487.uned","control"
"X-2487.BYL719","X.2487.BY19","treatment"
"X-2487.BYL719 + HSP990","X.2487.uned","control"
"X-2487.BYL719 + LJM716","X.2487.uned","control"
"X-2487.BYL719 + LJM716","X.2487.BY19.LJ16","treatment"
"X-2487.CLR457","X.2487.uned","control"
"X-2487.CLR457","X.2487.CL57","treatment"
"X-2487.everolimus","X.2487.uned","control"
"X-2487.figitumumab","X.2487.uned","control"
"X-2487.HDM201","X.2487.uned","control"
"X-2487.HDM201","X.2487.HD01","treatment"
"X-2487.HSP990","X.2487.uned","control"
"X-2487.INC280","X.2487.uned","control"
"X-2487.INC280 + trastuzumab","X.2487.uned","control"
"X-2487.LEE011","X.2487.uned","control"
"X-2487.LEE011","X.2487.LE11","treatment"
"X-2487.LEE011 + everolimus","X.2487.uned","control"
"X-2487.LEE011 + everolimus","X.2487.LE11.evus","treatment"
"X-2487.LJM716","X.2487.uned","control"
"X-2487.LJM716","X.2487.LJ16","treatment"
"X-2487.LJM716 + trastuzumab","X.2487.uned","control"
"X-2487.LJM716 + trastuzumab","X.2487.LJ16.trab","treatment"
"X-2487.LLM871","X.2487.uned","control"
"X-2487.LLM871","X.2487.LL71","treatment"
"X-2487.trastuzumab","X.2487.uned","control"
"X-2487.trastuzumab","X.2487.trab","treatment"
"X-2487.5FU","X.2487.uned","control"
"X-2487.BKM120 + LJC049","X.2487.uned","control"
"X-2487.BYL719 + binimetinib","X.2487.uned","control"
"X-2487.BYL719 + cetuximab","X.2487.uned","control"
"X-2487.BYL719 + cetuximab + encorafenib","X.2487.uned","control"
"X-2487.BYL719 + encorafenib","X.2487.uned","control"
"X-2487.cetuximab","X.2487.uned","control"
"X-2487.cetuximab + encorafenib","X.2487.uned","control"
"X-2487.CGM097","X.2487.uned","control"
"X-2487.CGM097","X.2487.CG97","treatment"
"X-2487.CKX620","X.2487.uned","control"
"X-2487.encorafenib","X.2487.uned","control"
"X-2487.LFW527 + binimetinib","X.2487.uned","control"
"X-2487.LJC049","X.2487.uned","control"
"X-2487.LKA136","X.2487.uned","control"
"X-2487.LKA136","X.2487.LK36","treatment"
"X-2487.abraxane","X.2487.uned","control"
"X-2487.binimetinib-3.5mpk","X.2487.uned","control"
"X-2487.BKM120 + binimetinib","X.2487.uned","control"
"X-2487.BKM120 + LDE225","X.2487.uned","control"
"X-2487.figitumumab + binimetinib","X.2487.uned","control"
"X-2487.gemcitabine-50mpk","X.2487.uned","control"
"X-2487.INC424","X.2487.uned","control"
"X-2487.INC424","X.2487.IN24","treatment"
"X-2487.INC424 + binimetinib","X.2487.uned","control"
"X-2487.trametinib","X.2487.uned","control"
"X-2487.BYL719 + LEE011","X.2487.uned","control"
"X-2487.BYL719 + LEE011","X.2487.BY19.LE11","treatment"
"X-2487.LFA102","X.2487.uned","control"
"X-2487.LFA102","X.2487.LF02","treatment"
"X-2487.LFW527 + everolimus","X.2487.uned","control"
"X-2487.LFW527 + everolimus","X.2487.LF27.evus","treatment"
"X-2487.paclitaxel","X.2487.uned","control"
"X-2487.paclitaxel","X.2487.pael","treatment"
"X-2487.tamoxifen","X.2487.uned","control"
"X-2487.tamoxifen","X.2487.taen","treatment"
"X-2487.BYL719 + LGH447","X.2487.uned","control"
"X-2487.erlotinib","X.2487.uned","control"
"X-2487.LCL161 + paclitaxel","X.2487.uned","control"
"X-2487.LGH447","X.2487.uned","control"
"X-2487.WNT974","X.2487.uned","control"
"X-2487.BKM120 + encorafenib","X.2487.uned","control"
"X-2487.dacarbazine","X.2487.uned","control"
"X-2487.encorafenib + binimetinib","X.2487.uned","control"
"X-2487.LDE225","X.2487.uned","control"
"X-2487.LDK378","X.2487.uned","control"
"X-2487.LEE011 + binimetinib","X.2487.uned","control"
"X-2487.LEE011 + encorafenib","X.2487.uned","control"
"X-2487.LGW813","X.2487.uned","control"
"X-2487.TAS266","X.2487.uned","control"
"X-2514.LFW527 + binimetinib","X.2514.LF27.biib","treatment"
"X-2524.BGJ398","X.2524.uned","control"
"X-2524.BGJ398","X.2524.BG98","treatment"
"X-2524.binimetinib","X.2524.uned","control"
"X-2524.binimetinib","X.2524.biib","treatment"
"X-2524.BKM120","X.2524.uned","control"
"X-2524.BKM120","X.2524.BK20","treatment"
"X-2524.BYL719","X.2524.uned","control"
"X-2524.BYL719","X.2524.BY19","treatment"
"X-2524.BYL719 + HSP990","X.2524.uned","control"
"X-2524.BYL719 + LJM716","X.2524.uned","control"
"X-2524.BYL719 + LJM716","X.2524.BY19.LJ16","treatment"
"X-2524.CLR457","X.2524.uned","control"
"X-2524.CLR457","X.2524.CL57","treatment"
"X-2524.everolimus","X.2524.uned","control"
"X-2524.figitumumab","X.2524.uned","control"
"X-2524.HDM201","X.2524.uned","control"
"X-2524.HDM201","X.2524.HD01","treatment"
"X-2524.HSP990","X.2524.uned","control"
"X-2524.INC280","X.2524.uned","control"
"X-2524.INC280 + trastuzumab","X.2524.uned","control"
"X-2524.LEE011","X.2524.uned","control"
"X-2524.LEE011","X.2524.LE11","treatment"
"X-2524.LEE011 + everolimus","X.2524.uned","control"
"X-2524.LEE011 + everolimus","X.2524.LE11.evus","treatment"
"X-2524.LJM716","X.2524.uned","control"
"X-2524.LJM716","X.2524.LJ16","treatment"
"X-2524.LJM716 + trastuzumab","X.2524.uned","control"
"X-2524.LJM716 + trastuzumab","X.2524.LJ16.trab","treatment"
"X-2524.LLM871","X.2524.uned","control"
"X-2524.LLM871","X.2524.LL71","treatment"
"X-2524.trastuzumab","X.2524.uned","control"
"X-2524.trastuzumab","X.2524.trab","treatment"
"X-2524.5FU","X.2524.uned","control"
"X-2524.BKM120 + LJC049","X.2524.uned","control"
"X-2524.BYL719 + binimetinib","X.2524.uned","control"
"X-2524.BYL719 + cetuximab","X.2524.uned","control"
"X-2524.BYL719 + cetuximab + encorafenib","X.2524.uned","control"
"X-2524.BYL719 + encorafenib","X.2524.uned","control"
"X-2524.cetuximab","X.2524.uned","control"
"X-2524.cetuximab + encorafenib","X.2524.uned","control"
"X-2524.CGM097","X.2524.uned","control"
"X-2524.CGM097","X.2524.CG97","treatment"
"X-2524.CKX620","X.2524.uned","control"
"X-2524.encorafenib","X.2524.uned","control"
"X-2524.LFW527 + binimetinib","X.2524.uned","control"
"X-2524.LJC049","X.2524.uned","control"
"X-2524.LKA136","X.2524.uned","control"
"X-2524.LKA136","X.2524.LK36","treatment"
"X-2524.abraxane","X.2524.uned","control"
"X-2524.binimetinib-3.5mpk","X.2524.uned","control"
"X-2524.BKM120 + binimetinib","X.2524.uned","control"
"X-2524.BKM120 + LDE225","X.2524.uned","control"
"X-2524.figitumumab + binimetinib","X.2524.uned","control"
"X-2524.gemcitabine-50mpk","X.2524.uned","control"
"X-2524.INC424","X.2524.uned","control"
"X-2524.INC424","X.2524.IN24","treatment"
"X-2524.INC424 + binimetinib","X.2524.uned","control"
"X-2524.trametinib","X.2524.uned","control"
"X-2524.BYL719 + LEE011","X.2524.uned","control"
"X-2524.BYL719 + LEE011","X.2524.BY19.LE11","treatment"
"X-2524.LFA102","X.2524.uned","control"
"X-2524.LFA102","X.2524.LF02","treatment"
"X-2524.LFW527 + everolimus","X.2524.uned","control"
"X-2524.LFW527 + everolimus","X.2524.LF27.evus","treatment"
"X-2524.paclitaxel","X.2524.uned","control"
"X-2524.paclitaxel","X.2524.pael","treatment"
"X-2524.tamoxifen","X.2524.uned","control"
"X-2524.tamoxifen","X.2524.taen","treatment"
"X-2524.BYL719 + LGH447","X.2524.uned","control"
"X-2524.erlotinib","X.2524.uned","control"
"X-2524.LCL161 + paclitaxel","X.2524.uned","control"
"X-2524.LGH447","X.2524.uned","control"
"X-2524.WNT974","X.2524.uned","control"
"X-2524.BKM120 + encorafenib","X.2524.uned","control"
"X-2524.dacarbazine","X.2524.uned","control"
"X-2524.encorafenib + binimetinib","X.2524.uned","control"
"X-2524.LDE225","X.2524.uned","control"
"X-2524.LDK378","X.2524.uned","control"
"X-2524.LEE011 + binimetinib","X.2524.uned","control"
"X-2524.LEE011 + encorafenib","X.2524.uned","control"
"X-2524.LGW813","X.2524.uned","control"
"X-2524.TAS266","X.2524.uned","control"
"X-2538.BGJ398","X.2538.uned","control"
"X-2538.binimetinib","X.2538.uned","control"
"X-2538.binimetinib","X.2538.biib","treatment"
"X-2538.BKM120","X.2538.uned","control"
"X-2538.BKM120","X.2538.BK20","treatment"
"X-2538.BYL719","X.2538.uned","control"
"X-2538.BYL719","X.2538.BY19","treatment"
"X-2538.BYL719 + HSP990","X.2538.uned","control"
"X-2538.BYL719 + LJM716","X.2538.uned","control"
"X-2538.BYL719 + LJM716","X.2538.BY19.LJ16","treatment"
"X-2538.CLR457","X.2538.uned","control"
"X-2538.CLR457","X.2538.CL57","treatment"
"X-2538.everolimus","X.2538.uned","control"
"X-2538.figitumumab","X.2538.uned","control"
"X-2538.HDM201","X.2538.uned","control"
"X-2538.HDM201","X.2538.HD01","treatment"
"X-2538.HSP990","X.2538.uned","control"
"X-2538.INC280","X.2538.uned","control"
"X-2538.INC280 + trastuzumab","X.2538.uned","control"
"X-2538.LEE011","X.2538.uned","control"
"X-2538.LEE011","X.2538.LE11","treatment"
"X-2538.LEE011 + everolimus","X.2538.uned","control"
"X-2538.LJM716","X.2538.uned","control"
"X-2538.LJM716 + trastuzumab","X.2538.uned","control"
"X-2538.LLM871","X.2538.uned","control"
"X-2538.trastuzumab","X.2538.uned","control"
"X-2538.5FU","X.2538.uned","control"
"X-2538.5FU","X.2538.5FFU","treatment"
"X-2538.BKM120 + LJC049","X.2538.uned","control"
"X-2538.BKM120 + LJC049","X.2538.BK20.LJ49","treatment"
"X-2538.BYL719 + binimetinib","X.2538.uned","control"
"X-2538.BYL719 + binimetinib","X.2538.BY19.biib","treatment"
"X-2538.BYL719 + cetuximab","X.2538.uned","control"
"X-2538.BYL719 + cetuximab","X.2538.BY19.ceab","treatment"
"X-2538.BYL719 + cetuximab + encorafenib","X.2538.uned","control"
"X-2538.BYL719 + cetuximab + encorafenib","X.2538.BY19.ceab.enib","treatment"
"X-2538.BYL719 + encorafenib","X.2538.uned","control"
"X-2538.BYL719 + encorafenib","X.2538.BY19.enib","treatment"
"X-2538.cetuximab","X.2538.uned","control"
"X-2538.cetuximab","X.2538.ceab","treatment"
"X-2538.cetuximab + encorafenib","X.2538.uned","control"
"X-2538.cetuximab + encorafenib","X.2538.ceab.enib","treatment"
"X-2538.CGM097","X.2538.uned","control"
"X-2538.CGM097","X.2538.CG97","treatment"
"X-2538.CKX620","X.2538.uned","control"
"X-2538.CKX620","X.2538.CK20","treatment"
"X-2538.encorafenib","X.2538.uned","control"
"X-2538.encorafenib","X.2538.enib","treatment"
"X-2538.LFW527 + binimetinib","X.2538.uned","control"
"X-2538.LJC049","X.2538.uned","control"
"X-2538.LJC049","X.2538.LJ49","treatment"
"X-2538.LKA136","X.2538.uned","control"
"X-2538.LKA136","X.2538.LK36","treatment"
"X-2538.abraxane","X.2538.uned","control"
"X-2538.binimetinib-3.5mpk","X.2538.uned","control"
"X-2538.BKM120 + binimetinib","X.2538.uned","control"
"X-2538.BKM120 + LDE225","X.2538.uned","control"
"X-2538.figitumumab + binimetinib","X.2538.uned","control"
"X-2538.gemcitabine-50mpk","X.2538.uned","control"
"X-2538.INC424","X.2538.uned","control"
"X-2538.INC424 + binimetinib","X.2538.uned","control"
"X-2538.trametinib","X.2538.uned","control"
"X-2538.BYL719 + LEE011","X.2538.uned","control"
"X-2538.LFA102","X.2538.uned","control"
"X-2538.LFW527 + everolimus","X.2538.uned","control"
"X-2538.paclitaxel","X.2538.uned","control"
"X-2538.tamoxifen","X.2538.uned","control"
"X-2538.BYL719 + LGH447","X.2538.uned","control"
"X-2538.erlotinib","X.2538.uned","control"
"X-2538.LCL161 + paclitaxel","X.2538.uned","control"
"X-2538.LGH447","X.2538.uned","control"
"X-2538.WNT974","X.2538.uned","control"
"X-2538.BKM120 + encorafenib","X.2538.uned","control"
"X-2538.dacarbazine","X.2538.uned","control"
"X-2538.encorafenib + binimetinib","X.2538.uned","control"
"X-2538.LDE225","X.2538.uned","control"
"X-2538.LDK378","X.2538.uned","control"
"X-2538.LEE011 + binimetinib","X.2538.uned","control"
"X-2538.LEE011 + encorafenib","X.2538.uned","control"
"X-2538.LGW813","X.2538.uned","control"
"X-2538.TAS266","X.2538.uned","control"
"X-2564.BGJ398","X.2564.uned","control"
"X-2564.binimetinib","X.2564.uned","control"
"X-2564.binimetinib","X.2564.biib","treatment"
"X-2564.BKM120","X.2564.uned","control"
"X-2564.BKM120","X.2564.BK20","treatment"
"X-2564.BYL719","X.2564.uned","control"
"X-2564.BYL719","X.2564.BY19","treatment"
"X-2564.BYL719 + HSP990","X.2564.uned","control"
"X-2564.BYL719 + LJM716","X.2564.uned","control"
"X-2564.BYL719 + LJM716","X.2564.BY19.LJ16","treatment"
"X-2564.CLR457","X.2564.uned","control"
"X-2564.CLR457","X.2564.CL57","treatment"
"X-2564.everolimus","X.2564.uned","control"
"X-2564.figitumumab","X.2564.uned","control"
"X-2564.figitumumab","X.2564.fiab","treatment"
"X-2564.HDM201","X.2564.uned","control"
"X-2564.HDM201","X.2564.HD01","treatment"
"X-2564.HSP990","X.2564.uned","control"
"X-2564.INC280","X.2564.uned","control"
"X-2564.INC280 + trastuzumab","X.2564.uned","control"
"X-2564.LEE011","X.2564.uned","control"
"X-2564.LEE011","X.2564.LE11","treatment"
"X-2564.LEE011 + everolimus","X.2564.uned","control"
"X-2564.LJM716","X.2564.uned","control"
"X-2564.LJM716 + trastuzumab","X.2564.uned","control"
"X-2564.LLM871","X.2564.uned","control"
"X-2564.trastuzumab","X.2564.uned","control"
"X-2564.5FU","X.2564.uned","control"
"X-2564.BKM120 + LJC049","X.2564.uned","control"
"X-2564.BYL719 + binimetinib","X.2564.uned","control"
"X-2564.BYL719 + cetuximab","X.2564.uned","control"
"X-2564.BYL719 + cetuximab + encorafenib","X.2564.uned","control"
"X-2564.BYL719 + encorafenib","X.2564.uned","control"
"X-2564.cetuximab","X.2564.uned","control"
"X-2564.cetuximab + encorafenib","X.2564.uned","control"
"X-2564.CGM097","X.2564.uned","control"
"X-2564.CKX620","X.2564.uned","control"
"X-2564.encorafenib","X.2564.uned","control"
"X-2564.LFW527 + binimetinib","X.2564.uned","control"
"X-2564.LJC049","X.2564.uned","control"
"X-2564.LKA136","X.2564.uned","control"
"X-2564.LKA136","X.2564.LK36","treatment"
"X-2564.abraxane","X.2564.uned","control"
"X-2564.abraxane","X.2564.abne","treatment"
"X-2564.binimetinib-3.5mpk","X.2564.uned","control"
"X-2564.binimetinib-3.5mpk","X.2564.bipk","treatment"
"X-2564.BKM120 + binimetinib","X.2564.uned","control"
"X-2564.BKM120 + binimetinib","X.2564.BK20.biib","treatment"
"X-2564.BKM120 + LDE225","X.2564.uned","control"
"X-2564.BKM120 + LDE225","X.2564.BK20.LD25","treatment"
"X-2564.figitumumab + binimetinib","X.2564.uned","control"
"X-2564.figitumumab + binimetinib","X.2564.fiab.biib","treatment"
"X-2564.gemcitabine-50mpk","X.2564.uned","control"
"X-2564.gemcitabine-50mpk","X.2564.gepk","treatment"
"X-2564.INC424","X.2564.uned","control"
"X-2564.INC424","X.2564.IN24","treatment"
"X-2564.INC424 + binimetinib","X.2564.uned","control"
"X-2564.INC424 + binimetinib","X.2564.IN24.biib","treatment"
"X-2564.trametinib","X.2564.uned","control"
"X-2564.trametinib","X.2564.trib","treatment"
"X-2564.BYL719 + LEE011","X.2564.uned","control"
"X-2564.LFA102","X.2564.uned","control"
"X-2564.LFW527 + everolimus","X.2564.uned","control"
"X-2564.paclitaxel","X.2564.uned","control"
"X-2564.tamoxifen","X.2564.uned","control"
"X-2564.BYL719 + LGH447","X.2564.uned","control"
"X-2564.erlotinib","X.2564.uned","control"
"X-2564.LCL161 + paclitaxel","X.2564.uned","control"
"X-2564.LGH447","X.2564.uned","control"
"X-2564.WNT974","X.2564.uned","control"
"X-2564.WNT974","X.2564.WN74","treatment"
"X-2564.BKM120 + encorafenib","X.2564.uned","control"
"X-2564.dacarbazine","X.2564.uned","control"
"X-2564.encorafenib + binimetinib","X.2564.uned","control"
"X-2564.LDE225","X.2564.uned","control"
"X-2564.LDK378","X.2564.uned","control"
"X-2564.LEE011 + binimetinib","X.2564.uned","control"
"X-2564.LEE011 + encorafenib","X.2564.uned","control"
"X-2564.LGW813","X.2564.uned","control"
"X-2564.TAS266","X.2564.uned","control"
"X-2573.BGJ398","X.2573.uned","control"
"X-2573.binimetinib","X.2573.uned","control"
"X-2573.binimetinib","X.2573.biib","treatment"
"X-2573.BKM120","X.2573.uned","control"
"X-2573.BKM120","X.2573.BK20","treatment"
"X-2573.BYL719","X.2573.uned","control"
"X-2573.BYL719","X.2573.BY19","treatment"
"X-2573.BYL719 + HSP990","X.2573.uned","control"
"X-2573.BYL719 + LJM716","X.2573.uned","control"
"X-2573.BYL719 + LJM716","X.2573.BY19.LJ16","treatment"
"X-2573.CLR457","X.2573.uned","control"
"X-2573.CLR457","X.2573.CL57","treatment"
"X-2573.everolimus","X.2573.uned","control"
"X-2573.figitumumab","X.2573.uned","control"
"X-2573.HDM201","X.2573.uned","control"
"X-2573.HDM201","X.2573.HD01","treatment"
"X-2573.HSP990","X.2573.uned","control"
"X-2573.INC280","X.2573.uned","control"
"X-2573.INC280 + trastuzumab","X.2573.uned","control"
"X-2573.LEE011","X.2573.uned","control"
"X-2573.LEE011","X.2573.LE11","treatment"
"X-2573.LEE011 + everolimus","X.2573.uned","control"
"X-2573.LJM716","X.2573.uned","control"
"X-2573.LJM716 + trastuzumab","X.2573.uned","control"
"X-2573.LLM871","X.2573.uned","control"
"X-2573.trastuzumab","X.2573.uned","control"
"X-2573.5FU","X.2573.uned","control"
"X-2573.5FU","X.2573.5FFU","treatment"
"X-2573.BKM120 + LJC049","X.2573.uned","control"
"X-2573.BKM120 + LJC049","X.2573.BK20.LJ49","treatment"
"X-2573.BYL719 + binimetinib","X.2573.uned","control"
"X-2573.BYL719 + binimetinib","X.2573.BY19.biib","treatment"
"X-2573.BYL719 + cetuximab","X.2573.uned","control"
"X-2573.BYL719 + cetuximab","X.2573.BY19.ceab","treatment"
"X-2573.BYL719 + cetuximab + encorafenib","X.2573.uned","control"
"X-2573.BYL719 + cetuximab + encorafenib","X.2573.BY19.ceab.enib","treatment"
"X-2573.BYL719 + encorafenib","X.2573.uned","control"
"X-2573.BYL719 + encorafenib","X.2573.BY19.enib","treatment"
"X-2573.cetuximab","X.2573.uned","control"
"X-2573.cetuximab","X.2573.ceab","treatment"
"X-2573.cetuximab + encorafenib","X.2573.uned","control"
"X-2573.cetuximab + encorafenib","X.2573.ceab.enib","treatment"
"X-2573.CGM097","X.2573.uned","control"
"X-2573.CGM097","X.2573.CG97","treatment"
"X-2573.CKX620","X.2573.uned","control"
"X-2573.CKX620","X.2573.CK20","treatment"
"X-2573.encorafenib","X.2573.uned","control"
"X-2573.encorafenib","X.2573.enib","treatment"
"X-2573.LFW527 + binimetinib","X.2573.uned","control"
"X-2573.LFW527 + binimetinib","X.2573.LF27.biib","treatment"
"X-2573.LJC049","X.2573.uned","control"
"X-2573.LJC049","X.2573.LJ49","treatment"
"X-2573.LKA136","X.2573.uned","control"
"X-2573.LKA136","X.2573.LK36","treatment"
"X-2573.abraxane","X.2573.uned","control"
"X-2573.binimetinib-3.5mpk","X.2573.uned","control"
"X-2573.BKM120 + binimetinib","X.2573.uned","control"
"X-2573.BKM120 + LDE225","X.2573.uned","control"
"X-2573.figitumumab + binimetinib","X.2573.uned","control"
"X-2573.gemcitabine-50mpk","X.2573.uned","control"
"X-2573.INC424","X.2573.uned","control"
"X-2573.INC424 + binimetinib","X.2573.uned","control"
"X-2573.trametinib","X.2573.uned","control"
"X-2573.BYL719 + LEE011","X.2573.uned","control"
"X-2573.LFA102","X.2573.uned","control"
"X-2573.LFW527 + everolimus","X.2573.uned","control"
"X-2573.paclitaxel","X.2573.uned","control"
"X-2573.tamoxifen","X.2573.uned","control"
"X-2573.BYL719 + LGH447","X.2573.uned","control"
"X-2573.erlotinib","X.2573.uned","control"
"X-2573.LCL161 + paclitaxel","X.2573.uned","control"
"X-2573.LGH447","X.2573.uned","control"
"X-2573.WNT974","X.2573.uned","control"
"X-2573.BKM120 + encorafenib","X.2573.uned","control"
"X-2573.dacarbazine","X.2573.uned","control"
"X-2573.encorafenib + binimetinib","X.2573.uned","control"
"X-2573.LDE225","X.2573.uned","control"
"X-2573.LDK378","X.2573.uned","control"
"X-2573.LEE011 + binimetinib","X.2573.uned","control"
"X-2573.LEE011 + encorafenib","X.2573.uned","control"
"X-2573.LGW813","X.2573.uned","control"
"X-2573.TAS266","X.2573.uned","control"
"X-2602.BGJ398","X.2602.uned","control"
"X-2602.binimetinib","X.2602.uned","control"
"X-2602.binimetinib","X.2602.biib","treatment"
"X-2602.BKM120","X.2602.uned","control"
"X-2602.BKM120","X.2602.BK20","treatment"
"X-2602.BYL719","X.2602.uned","control"
"X-2602.BYL719 + HSP990","X.2602.uned","control"
"X-2602.BYL719 + LJM716","X.2602.uned","control"
"X-2602.CLR457","X.2602.uned","control"
"X-2602.everolimus","X.2602.uned","control"
"X-2602.figitumumab","X.2602.uned","control"
"X-2602.HDM201","X.2602.uned","control"
"X-2602.HSP990","X.2602.uned","control"
"X-2602.INC280","X.2602.uned","control"
"X-2602.INC280 + trastuzumab","X.2602.uned","control"
"X-2602.LEE011","X.2602.uned","control"
"X-2602.LEE011","X.2602.LE11","treatment"
"X-2602.LEE011 + everolimus","X.2602.uned","control"
"X-2602.LJM716","X.2602.uned","control"
"X-2602.LJM716 + trastuzumab","X.2602.uned","control"
"X-2602.LLM871","X.2602.uned","control"
"X-2602.trastuzumab","X.2602.uned","control"
"X-2602.5FU","X.2602.uned","control"
"X-2602.BKM120 + LJC049","X.2602.uned","control"
"X-2602.BYL719 + binimetinib","X.2602.uned","control"
"X-2602.BYL719 + cetuximab","X.2602.uned","control"
"X-2602.BYL719 + cetuximab + encorafenib","X.2602.uned","control"
"X-2602.BYL719 + encorafenib","X.2602.uned","control"
"X-2602.cetuximab","X.2602.uned","control"
"X-2602.cetuximab + encorafenib","X.2602.uned","control"
"X-2602.CGM097","X.2602.uned","control"
"X-2602.CGM097","X.2602.CG97","treatment"
"X-2602.CKX620","X.2602.uned","control"
"X-2602.encorafenib","X.2602.uned","control"
"X-2602.encorafenib","X.2602.enib","treatment"
"X-2602.LFW527 + binimetinib","X.2602.uned","control"
"X-2602.LJC049","X.2602.uned","control"
"X-2602.LKA136","X.2602.uned","control"
"X-2602.abraxane","X.2602.uned","control"
"X-2602.binimetinib-3.5mpk","X.2602.uned","control"
"X-2602.BKM120 + binimetinib","X.2602.uned","control"
"X-2602.BKM120 + LDE225","X.2602.uned","control"
"X-2602.figitumumab + binimetinib","X.2602.uned","control"
"X-2602.gemcitabine-50mpk","X.2602.uned","control"
"X-2602.INC424","X.2602.uned","control"
"X-2602.INC424 + binimetinib","X.2602.uned","control"
"X-2602.trametinib","X.2602.uned","control"
"X-2602.BYL719 + LEE011","X.2602.uned","control"
"X-2602.LFA102","X.2602.uned","control"
"X-2602.LFW527 + everolimus","X.2602.uned","control"
"X-2602.paclitaxel","X.2602.uned","control"
"X-2602.tamoxifen","X.2602.uned","control"
"X-2602.BYL719 + LGH447","X.2602.uned","control"
"X-2602.erlotinib","X.2602.uned","control"
"X-2602.LCL161 + paclitaxel","X.2602.uned","control"
"X-2602.LGH447","X.2602.uned","control"
"X-2602.WNT974","X.2602.uned","control"
"X-2602.WNT974","X.2602.WN74","treatment"
"X-2602.BKM120 + encorafenib","X.2602.uned","control"
"X-2602.BKM120 + encorafenib","X.2602.BK20.enib","treatment"
"X-2602.dacarbazine","X.2602.uned","control"
"X-2602.dacarbazine","X.2602.dane","treatment"
"X-2602.encorafenib + binimetinib","X.2602.uned","control"
"X-2602.encorafenib + binimetinib","X.2602.enib.biib","treatment"
"X-2602.LDE225","X.2602.uned","control"
"X-2602.LDE225","X.2602.LD25","treatment"
"X-2602.LDK378","X.2602.uned","control"
"X-2602.LDK378","X.2602.LD78","treatment"
"X-2602.LEE011 + binimetinib","X.2602.uned","control"
"X-2602.LEE011 + encorafenib","X.2602.uned","control"
"X-2602.LEE011 + encorafenib","X.2602.LE11.enib","treatment"
"X-2602.LGW813","X.2602.uned","control"
"X-2602.LGW813","X.2602.LG13","treatment"
"X-2602.TAS266","X.2602.uned","control"
"X-2602.TAS266","X.2602.TA66","treatment"
"X-2613.BGJ398","X.2613.uned","control"
"X-2613.binimetinib","X.2613.uned","control"
"X-2613.binimetinib","X.2613.biib","treatment"
"X-2613.BKM120","X.2613.uned","control"
"X-2613.BKM120","X.2613.BK20","treatment"
"X-2613.BYL719","X.2613.uned","control"
"X-2613.BYL719 + HSP990","X.2613.uned","control"
"X-2613.BYL719 + LJM716","X.2613.uned","control"
"X-2613.CLR457","X.2613.uned","control"
"X-2613.CLR457","X.2613.CL57","treatment"
"X-2613.everolimus","X.2613.uned","control"
"X-2613.figitumumab","X.2613.uned","control"
"X-2613.HDM201","X.2613.uned","control"
"X-2613.HSP990","X.2613.uned","control"
"X-2613.INC280","X.2613.uned","control"
"X-2613.INC280 + trastuzumab","X.2613.uned","control"
"X-2613.LEE011","X.2613.uned","control"
"X-2613.LEE011","X.2613.LE11","treatment"
"X-2613.LEE011 + everolimus","X.2613.uned","control"
"X-2613.LJM716","X.2613.uned","control"
"X-2613.LJM716 + trastuzumab","X.2613.uned","control"
"X-2613.LLM871","X.2613.uned","control"
"X-2613.trastuzumab","X.2613.uned","control"
"X-2613.5FU","X.2613.uned","control"
"X-2613.BKM120 + LJC049","X.2613.uned","control"
"X-2613.BYL719 + binimetinib","X.2613.uned","control"
"X-2613.BYL719 + cetuximab","X.2613.uned","control"
"X-2613.BYL719 + cetuximab + encorafenib","X.2613.uned","control"
"X-2613.BYL719 + encorafenib","X.2613.uned","control"
"X-2613.cetuximab","X.2613.uned","control"
"X-2613.cetuximab + encorafenib","X.2613.uned","control"
"X-2613.CGM097","X.2613.uned","control"
"X-2613.CGM097","X.2613.CG97","treatment"
"X-2613.CKX620","X.2613.uned","control"
"X-2613.encorafenib","X.2613.uned","control"
"X-2613.encorafenib","X.2613.enib","treatment"
"X-2613.LFW527 + binimetinib","X.2613.uned","control"
"X-2613.LJC049","X.2613.uned","control"
"X-2613.LKA136","X.2613.uned","control"
"X-2613.abraxane","X.2613.uned","control"
"X-2613.binimetinib-3.5mpk","X.2613.uned","control"
"X-2613.BKM120 + binimetinib","X.2613.uned","control"
"X-2613.BKM120 + LDE225","X.2613.uned","control"
"X-2613.figitumumab + binimetinib","X.2613.uned","control"
"X-2613.gemcitabine-50mpk","X.2613.uned","control"
"X-2613.INC424","X.2613.uned","control"
"X-2613.INC424 + binimetinib","X.2613.uned","control"
"X-2613.trametinib","X.2613.uned","control"
"X-2613.BYL719 + LEE011","X.2613.uned","control"
"X-2613.LFA102","X.2613.uned","control"
"X-2613.LFW527 + everolimus","X.2613.uned","control"
"X-2613.paclitaxel","X.2613.uned","control"
"X-2613.tamoxifen","X.2613.uned","control"
"X-2613.BYL719 + LGH447","X.2613.uned","control"
"X-2613.erlotinib","X.2613.uned","control"
"X-2613.LCL161 + paclitaxel","X.2613.uned","control"
"X-2613.LGH447","X.2613.uned","control"
"X-2613.WNT974","X.2613.uned","control"
"X-2613.WNT974","X.2613.WN74","treatment"
"X-2613.BKM120 + encorafenib","X.2613.uned","control"
"X-2613.BKM120 + encorafenib","X.2613.BK20.enib","treatment"
"X-2613.dacarbazine","X.2613.uned","control"
"X-2613.dacarbazine","X.2613.dane","treatment"
"X-2613.encorafenib + binimetinib","X.2613.uned","control"
"X-2613.encorafenib + binimetinib","X.2613.enib.biib","treatment"
"X-2613.LDE225","X.2613.uned","control"
"X-2613.LDE225","X.2613.LD25","treatment"
"X-2613.LDK378","X.2613.uned","control"
"X-2613.LDK378","X.2613.LD78","treatment"
"X-2613.LEE011 + binimetinib","X.2613.uned","control"
"X-2613.LEE011 + binimetinib","X.2613.LE11.biib","treatment"
"X-2613.LEE011 + encorafenib","X.2613.uned","control"
"X-2613.LEE011 + encorafenib","X.2613.LE11.enib","treatment"
"X-2613.LGW813","X.2613.uned","control"
"X-2613.LGW813","X.2613.LG13","treatment"
"X-2613.TAS266","X.2613.uned","control"
"X-2613.TAS266","X.2613.TA66","treatment"
"X-2633.BGJ398","X.2633.uned","control"
"X-2633.binimetinib","X.2633.uned","control"
"X-2633.binimetinib","X.2633.biib","treatment"
"X-2633.BKM120","X.2633.uned","control"
"X-2633.BKM120","X.2633.BK20","treatment"
"X-2633.BYL719","X.2633.uned","control"
"X-2633.BYL719","X.2633.BY19","treatment"
"X-2633.BYL719 + HSP990","X.2633.uned","control"
"X-2633.BYL719 + LJM716","X.2633.uned","control"
"X-2633.BYL719 + LJM716","X.2633.BY19.LJ16","treatment"
"X-2633.CLR457","X.2633.uned","control"
"X-2633.CLR457","X.2633.CL57","treatment"
"X-2633.everolimus","X.2633.uned","control"
"X-2633.figitumumab","X.2633.uned","control"
"X-2633.figitumumab","X.2633.fiab","treatment"
"X-2633.HDM201","X.2633.uned","control"
"X-2633.HDM201","X.2633.HD01","treatment"
"X-2633.HSP990","X.2633.uned","control"
"X-2633.INC280","X.2633.uned","control"
"X-2633.INC280 + trastuzumab","X.2633.uned","control"
"X-2633.LEE011","X.2633.uned","control"
"X-2633.LEE011","X.2633.LE11","treatment"
"X-2633.LEE011 + everolimus","X.2633.uned","control"
"X-2633.LJM716","X.2633.uned","control"
"X-2633.LJM716 + trastuzumab","X.2633.uned","control"
"X-2633.LLM871","X.2633.uned","control"
"X-2633.trastuzumab","X.2633.uned","control"
"X-2633.5FU","X.2633.uned","control"
"X-2633.BKM120 + LJC049","X.2633.uned","control"
"X-2633.BYL719 + binimetinib","X.2633.uned","control"
"X-2633.BYL719 + cetuximab","X.2633.uned","control"
"X-2633.BYL719 + cetuximab + encorafenib","X.2633.uned","control"
"X-2633.BYL719 + encorafenib","X.2633.uned","control"
"X-2633.cetuximab","X.2633.uned","control"
"X-2633.cetuximab + encorafenib","X.2633.uned","control"
"X-2633.CGM097","X.2633.uned","control"
"X-2633.CKX620","X.2633.uned","control"
"X-2633.encorafenib","X.2633.uned","control"
"X-2633.LFW527 + binimetinib","X.2633.uned","control"
"X-2633.LJC049","X.2633.uned","control"
"X-2633.LKA136","X.2633.uned","control"
"X-2633.LKA136","X.2633.LK36","treatment"
"X-2633.abraxane","X.2633.uned","control"
"X-2633.abraxane","X.2633.abne","treatment"
"X-2633.binimetinib-3.5mpk","X.2633.uned","control"
"X-2633.binimetinib-3.5mpk","X.2633.bipk","treatment"
"X-2633.BKM120 + binimetinib","X.2633.uned","control"
"X-2633.BKM120 + binimetinib","X.2633.BK20.biib","treatment"
"X-2633.BKM120 + LDE225","X.2633.uned","control"
"X-2633.BKM120 + LDE225","X.2633.BK20.LD25","treatment"
"X-2633.figitumumab + binimetinib","X.2633.uned","control"
"X-2633.figitumumab + binimetinib","X.2633.fiab.biib","treatment"
"X-2633.gemcitabine-50mpk","X.2633.uned","control"
"X-2633.gemcitabine-50mpk","X.2633.gepk","treatment"
"X-2633.INC424","X.2633.uned","control"
"X-2633.INC424 + binimetinib","X.2633.uned","control"
"X-2633.INC424 + binimetinib","X.2633.IN24.biib","treatment"
"X-2633.trametinib","X.2633.uned","control"
"X-2633.trametinib","X.2633.trib","treatment"
"X-2633.BYL719 + LEE011","X.2633.uned","control"
"X-2633.LFA102","X.2633.uned","control"
"X-2633.LFW527 + everolimus","X.2633.uned","control"
"X-2633.paclitaxel","X.2633.uned","control"
"X-2633.tamoxifen","X.2633.uned","control"
"X-2633.BYL719 + LGH447","X.2633.uned","control"
"X-2633.erlotinib","X.2633.uned","control"
"X-2633.LCL161 + paclitaxel","X.2633.uned","control"
"X-2633.LGH447","X.2633.uned","control"
"X-2633.WNT974","X.2633.uned","control"
"X-2633.WNT974","X.2633.WN74","treatment"
"X-2633.BKM120 + encorafenib","X.2633.uned","control"
"X-2633.dacarbazine","X.2633.uned","control"
"X-2633.encorafenib + binimetinib","X.2633.uned","control"
"X-2633.LDE225","X.2633.uned","control"
"X-2633.LDK378","X.2633.uned","control"
"X-2633.LEE011 + binimetinib","X.2633.uned","control"
"X-2633.LEE011 + encorafenib","X.2633.uned","control"
"X-2633.LGW813","X.2633.uned","control"
"X-2633.TAS266","X.2633.uned","control"
"X-2640.BGJ398","X.2640.uned","control"
"X-2640.BGJ398","X.2640.BG98","treatment"
"X-2640.binimetinib","X.2640.uned","control"
"X-2640.binimetinib","X.2640.biib","treatment"
"X-2640.BKM120","X.2640.uned","control"
"X-2640.BKM120","X.2640.BK20","treatment"
"X-2640.BYL719","X.2640.uned","control"
"X-2640.BYL719","X.2640.BY19","treatment"
"X-2640.BYL719 + HSP990","X.2640.uned","control"
"X-2640.BYL719 + LJM716","X.2640.uned","control"
"X-2640.BYL719 + LJM716","X.2640.BY19.LJ16","treatment"
"X-2640.CLR457","X.2640.uned","control"
"X-2640.CLR457","X.2640.CL57","treatment"
"X-2640.everolimus","X.2640.uned","control"
"X-2640.figitumumab","X.2640.uned","control"
"X-2640.HDM201","X.2640.uned","control"
"X-2640.HDM201","X.2640.HD01","treatment"
"X-2640.HSP990","X.2640.uned","control"
"X-2640.INC280","X.2640.uned","control"
"X-2640.INC280 + trastuzumab","X.2640.uned","control"
"X-2640.LEE011","X.2640.uned","control"
"X-2640.LEE011","X.2640.LE11","treatment"
"X-2640.LEE011 + everolimus","X.2640.uned","control"
"X-2640.LEE011 + everolimus","X.2640.LE11.evus","treatment"
"X-2640.LJM716","X.2640.uned","control"
"X-2640.LJM716","X.2640.LJ16","treatment"
"X-2640.LJM716 + trastuzumab","X.2640.uned","control"
"X-2640.LJM716 + trastuzumab","X.2640.LJ16.trab","treatment"
"X-2640.LLM871","X.2640.uned","control"
"X-2640.LLM871","X.2640.LL71","treatment"
"X-2640.trastuzumab","X.2640.uned","control"
"X-2640.trastuzumab","X.2640.trab","treatment"
"X-2640.5FU","X.2640.uned","control"
"X-2640.BKM120 + LJC049","X.2640.uned","control"
"X-2640.BYL719 + binimetinib","X.2640.uned","control"
"X-2640.BYL719 + cetuximab","X.2640.uned","control"
"X-2640.BYL719 + cetuximab + encorafenib","X.2640.uned","control"
"X-2640.BYL719 + encorafenib","X.2640.uned","control"
"X-2640.cetuximab","X.2640.uned","control"
"X-2640.cetuximab + encorafenib","X.2640.uned","control"
"X-2640.CGM097","X.2640.uned","control"
"X-2640.CGM097","X.2640.CG97","treatment"
"X-2640.CKX620","X.2640.uned","control"
"X-2640.encorafenib","X.2640.uned","control"
"X-2640.LFW527 + binimetinib","X.2640.uned","control"
"X-2640.LJC049","X.2640.uned","control"
"X-2640.LKA136","X.2640.uned","control"
"X-2640.LKA136","X.2640.LK36","treatment"
"X-2640.abraxane","X.2640.uned","control"
"X-2640.binimetinib-3.5mpk","X.2640.uned","control"
"X-2640.BKM120 + binimetinib","X.2640.uned","control"
"X-2640.BKM120 + LDE225","X.2640.uned","control"
"X-2640.figitumumab + binimetinib","X.2640.uned","control"
"X-2640.gemcitabine-50mpk","X.2640.uned","control"
"X-2640.INC424","X.2640.uned","control"
"X-2640.INC424","X.2640.IN24","treatment"
"X-2640.INC424 + binimetinib","X.2640.uned","control"
"X-2640.trametinib","X.2640.uned","control"
"X-2640.BYL719 + LEE011","X.2640.uned","control"
"X-2640.BYL719 + LEE011","X.2640.BY19.LE11","treatment"
"X-2640.LFA102","X.2640.uned","control"
"X-2640.LFA102","X.2640.LF02","treatment"
"X-2640.LFW527 + everolimus","X.2640.uned","control"
"X-2640.LFW527 + everolimus","X.2640.LF27.evus","treatment"
"X-2640.paclitaxel","X.2640.uned","control"
"X-2640.paclitaxel","X.2640.pael","treatment"
"X-2640.tamoxifen","X.2640.uned","control"
"X-2640.tamoxifen","X.2640.taen","treatment"
"X-2640.BYL719 + LGH447","X.2640.uned","control"
"X-2640.erlotinib","X.2640.uned","control"
"X-2640.LCL161 + paclitaxel","X.2640.uned","control"
"X-2640.LGH447","X.2640.uned","control"
"X-2640.WNT974","X.2640.uned","control"
"X-2640.BKM120 + encorafenib","X.2640.uned","control"
"X-2640.dacarbazine","X.2640.uned","control"
"X-2640.encorafenib + binimetinib","X.2640.uned","control"
"X-2640.LDE225","X.2640.uned","control"
"X-2640.LDK378","X.2640.uned","control"
"X-2640.LEE011 + binimetinib","X.2640.uned","control"
"X-2640.LEE011 + encorafenib","X.2640.uned","control"
"X-2640.LGW813","X.2640.uned","control"
"X-2640.TAS266","X.2640.uned","control"
"X-2659.BGJ398","X.2659.uned","control"
"X-2659.binimetinib","X.2659.uned","control"
"X-2659.binimetinib","X.2659.biib","treatment"
"X-2659.BKM120","X.2659.uned","control"
"X-2659.BKM120","X.2659.BK20","treatment"
"X-2659.BYL719","X.2659.uned","control"
"X-2659.BYL719","X.2659.BY19","treatment"
"X-2659.BYL719 + HSP990","X.2659.uned","control"
"X-2659.BYL719 + LJM716","X.2659.uned","control"
"X-2659.BYL719 + LJM716","X.2659.BY19.LJ16","treatment"
"X-2659.CLR457","X.2659.uned","control"
"X-2659.CLR457","X.2659.CL57","treatment"
"X-2659.everolimus","X.2659.uned","control"
"X-2659.figitumumab","X.2659.uned","control"
"X-2659.HDM201","X.2659.uned","control"
"X-2659.HDM201","X.2659.HD01","treatment"
"X-2659.HSP990","X.2659.uned","control"
"X-2659.INC280","X.2659.uned","control"
"X-2659.INC280 + trastuzumab","X.2659.uned","control"
"X-2659.LEE011","X.2659.uned","control"
"X-2659.LEE011","X.2659.LE11","treatment"
"X-2659.LEE011 + everolimus","X.2659.uned","control"
"X-2659.LJM716","X.2659.uned","control"
"X-2659.LJM716 + trastuzumab","X.2659.uned","control"
"X-2659.LLM871","X.2659.uned","control"
"X-2659.trastuzumab","X.2659.uned","control"
"X-2659.5FU","X.2659.uned","control"
"X-2659.5FU","X.2659.5FFU","treatment"
"X-2659.BKM120 + LJC049","X.2659.uned","control"
"X-2659.BKM120 + LJC049","X.2659.BK20.LJ49","treatment"
"X-2659.BYL719 + binimetinib","X.2659.uned","control"
"X-2659.BYL719 + binimetinib","X.2659.BY19.biib","treatment"
"X-2659.BYL719 + cetuximab","X.2659.uned","control"
"X-2659.BYL719 + cetuximab","X.2659.BY19.ceab","treatment"
"X-2659.BYL719 + cetuximab + encorafenib","X.2659.uned","control"
"X-2659.BYL719 + cetuximab + encorafenib","X.2659.BY19.ceab.enib","treatment"
"X-2659.BYL719 + encorafenib","X.2659.uned","control"
"X-2659.BYL719 + encorafenib","X.2659.BY19.enib","treatment"
"X-2659.cetuximab","X.2659.uned","control"
"X-2659.cetuximab","X.2659.ceab","treatment"
"X-2659.cetuximab + encorafenib","X.2659.uned","control"
"X-2659.cetuximab + encorafenib","X.2659.ceab.enib","treatment"
"X-2659.CGM097","X.2659.uned","control"
"X-2659.CGM097","X.2659.CG97","treatment"
"X-2659.CKX620","X.2659.uned","control"
"X-2659.CKX620","X.2659.CK20","treatment"
"X-2659.encorafenib","X.2659.uned","control"
"X-2659.encorafenib","X.2659.enib","treatment"
"X-2659.LFW527 + binimetinib","X.2659.uned","control"
"X-2659.LFW527 + binimetinib","X.2659.LF27.biib","treatment"
"X-2659.LJC049","X.2659.uned","control"
"X-2659.LJC049","X.2659.LJ49","treatment"
"X-2659.LKA136","X.2659.uned","control"
"X-2659.LKA136","X.2659.LK36","treatment"
"X-2659.abraxane","X.2659.uned","control"
"X-2659.binimetinib-3.5mpk","X.2659.uned","control"
"X-2659.BKM120 + binimetinib","X.2659.uned","control"
"X-2659.BKM120 + LDE225","X.2659.uned","control"
"X-2659.figitumumab + binimetinib","X.2659.uned","control"
"X-2659.gemcitabine-50mpk","X.2659.uned","control"
"X-2659.INC424","X.2659.uned","control"
"X-2659.INC424 + binimetinib","X.2659.uned","control"
"X-2659.trametinib","X.2659.uned","control"
"X-2659.BYL719 + LEE011","X.2659.uned","control"
"X-2659.LFA102","X.2659.uned","control"
"X-2659.LFW527 + everolimus","X.2659.uned","control"
"X-2659.paclitaxel","X.2659.uned","control"
"X-2659.tamoxifen","X.2659.uned","control"
"X-2659.BYL719 + LGH447","X.2659.uned","control"
"X-2659.erlotinib","X.2659.uned","control"
"X-2659.LCL161 + paclitaxel","X.2659.uned","control"
"X-2659.LGH447","X.2659.uned","control"
"X-2659.WNT974","X.2659.uned","control"
"X-2659.BKM120 + encorafenib","X.2659.uned","control"
"X-2659.dacarbazine","X.2659.uned","control"
"X-2659.encorafenib + binimetinib","X.2659.uned","control"
"X-2659.LDE225","X.2659.uned","control"
"X-2659.LDK378","X.2659.uned","control"
"X-2659.LEE011 + binimetinib","X.2659.uned","control"
"X-2659.LEE011 + encorafenib","X.2659.uned","control"
"X-2659.LGW813","X.2659.uned","control"
"X-2659.TAS266","X.2659.uned","control"
"X-2684.BGJ398","X.2684.uned","control"
"X-2684.binimetinib","X.2684.uned","control"
"X-2684.binimetinib","X.2684.biib","treatment"
"X-2684.BKM120","X.2684.uned","control"
"X-2684.BKM120","X.2684.BK20","treatment"
"X-2684.BYL719","X.2684.uned","control"
"X-2684.BYL719","X.2684.BY19","treatment"
"X-2684.BYL719 + HSP990","X.2684.uned","control"
"X-2684.BYL719 + LJM716","X.2684.uned","control"
"X-2684.BYL719 + LJM716","X.2684.BY19.LJ16","treatment"
"X-2684.CLR457","X.2684.uned","control"
"X-2684.CLR457","X.2684.CL57","treatment"
"X-2684.everolimus","X.2684.uned","control"
"X-2684.figitumumab","X.2684.uned","control"
"X-2684.figitumumab","X.2684.fiab","treatment"
"X-2684.HDM201","X.2684.uned","control"
"X-2684.HDM201","X.2684.HD01","treatment"
"X-2684.HSP990","X.2684.uned","control"
"X-2684.INC280","X.2684.uned","control"
"X-2684.INC280 + trastuzumab","X.2684.uned","control"
"X-2684.LEE011","X.2684.uned","control"
"X-2684.LEE011","X.2684.LE11","treatment"
"X-2684.LEE011 + everolimus","X.2684.uned","control"
"X-2684.LJM716","X.2684.uned","control"
"X-2684.LJM716 + trastuzumab","X.2684.uned","control"
"X-2684.LLM871","X.2684.uned","control"
"X-2684.trastuzumab","X.2684.uned","control"
"X-2684.5FU","X.2684.uned","control"
"X-2684.BKM120 + LJC049","X.2684.uned","control"
"X-2684.BYL719 + binimetinib","X.2684.uned","control"
"X-2684.BYL719 + cetuximab","X.2684.uned","control"
"X-2684.BYL719 + cetuximab + encorafenib","X.2684.uned","control"
"X-2684.BYL719 + encorafenib","X.2684.uned","control"
"X-2684.cetuximab","X.2684.uned","control"
"X-2684.cetuximab + encorafenib","X.2684.uned","control"
"X-2684.CGM097","X.2684.uned","control"
"X-2684.CKX620","X.2684.uned","control"
"X-2684.encorafenib","X.2684.uned","control"
"X-2684.LFW527 + binimetinib","X.2684.uned","control"
"X-2684.LJC049","X.2684.uned","control"
"X-2684.LKA136","X.2684.uned","control"
"X-2684.LKA136","X.2684.LK36","treatment"
"X-2684.abraxane","X.2684.uned","control"
"X-2684.abraxane","X.2684.abne","treatment"
"X-2684.binimetinib-3.5mpk","X.2684.uned","control"
"X-2684.binimetinib-3.5mpk","X.2684.bipk","treatment"
"X-2684.BKM120 + binimetinib","X.2684.uned","control"
"X-2684.BKM120 + binimetinib","X.2684.BK20.biib","treatment"
"X-2684.BKM120 + LDE225","X.2684.uned","control"
"X-2684.BKM120 + LDE225","X.2684.BK20.LD25","treatment"
"X-2684.figitumumab + binimetinib","X.2684.uned","control"
"X-2684.figitumumab + binimetinib","X.2684.fiab.biib","treatment"
"X-2684.gemcitabine-50mpk","X.2684.uned","control"
"X-2684.INC424","X.2684.uned","control"
"X-2684.INC424","X.2684.IN24","treatment"
"X-2684.INC424 + binimetinib","X.2684.uned","control"
"X-2684.INC424 + binimetinib","X.2684.IN24.biib","treatment"
"X-2684.trametinib","X.2684.uned","control"
"X-2684.trametinib","X.2684.trib","treatment"
"X-2684.BYL719 + LEE011","X.2684.uned","control"
"X-2684.LFA102","X.2684.uned","control"
"X-2684.LFW527 + everolimus","X.2684.uned","control"
"X-2684.paclitaxel","X.2684.uned","control"
"X-2684.tamoxifen","X.2684.uned","control"
"X-2684.BYL719 + LGH447","X.2684.uned","control"
"X-2684.erlotinib","X.2684.uned","control"
"X-2684.LCL161 + paclitaxel","X.2684.uned","control"
"X-2684.LGH447","X.2684.uned","control"
"X-2684.WNT974","X.2684.uned","control"
"X-2684.WNT974","X.2684.WN74","treatment"
"X-2684.BKM120 + encorafenib","X.2684.uned","control"
"X-2684.dacarbazine","X.2684.uned","control"
"X-2684.encorafenib + binimetinib","X.2684.uned","control"
"X-2684.LDE225","X.2684.uned","control"
"X-2684.LDK378","X.2684.uned","control"
"X-2684.LEE011 + binimetinib","X.2684.uned","control"
"X-2684.LEE011 + encorafenib","X.2684.uned","control"
"X-2684.LGW813","X.2684.uned","control"
"X-2684.TAS266","X.2684.uned","control"
"X-2700.BGJ398","X.2700.uned","control"
"X-2700.binimetinib","X.2700.uned","control"
"X-2700.binimetinib","X.2700.biib","treatment"
"X-2700.BKM120","X.2700.uned","control"
"X-2700.BKM120","X.2700.BK20","treatment"
"X-2700.BYL719","X.2700.uned","control"
"X-2700.BYL719 + HSP990","X.2700.uned","control"
"X-2700.BYL719 + LJM716","X.2700.uned","control"
"X-2700.CLR457","X.2700.uned","control"
"X-2700.CLR457","X.2700.CL57","treatment"
"X-2700.everolimus","X.2700.uned","control"
"X-2700.figitumumab","X.2700.uned","control"
"X-2700.HDM201","X.2700.uned","control"
"X-2700.HSP990","X.2700.uned","control"
"X-2700.INC280","X.2700.uned","control"
"X-2700.INC280 + trastuzumab","X.2700.uned","control"
"X-2700.LEE011","X.2700.uned","control"
"X-2700.LEE011","X.2700.LE11","treatment"
"X-2700.LEE011 + everolimus","X.2700.uned","control"
"X-2700.LJM716","X.2700.uned","control"
"X-2700.LJM716 + trastuzumab","X.2700.uned","control"
"X-2700.LLM871","X.2700.uned","control"
"X-2700.trastuzumab","X.2700.uned","control"
"X-2700.5FU","X.2700.uned","control"
"X-2700.BKM120 + LJC049","X.2700.uned","control"
"X-2700.BYL719 + binimetinib","X.2700.uned","control"
"X-2700.BYL719 + cetuximab","X.2700.uned","control"
"X-2700.BYL719 + cetuximab + encorafenib","X.2700.uned","control"
"X-2700.BYL719 + encorafenib","X.2700.uned","control"
"X-2700.cetuximab","X.2700.uned","control"
"X-2700.cetuximab + encorafenib","X.2700.uned","control"
"X-2700.CGM097","X.2700.uned","control"
"X-2700.CGM097","X.2700.CG97","treatment"
"X-2700.CKX620","X.2700.uned","control"
"X-2700.encorafenib","X.2700.uned","control"
"X-2700.encorafenib","X.2700.enib","treatment"
"X-2700.LFW527 + binimetinib","X.2700.uned","control"
"X-2700.LJC049","X.2700.uned","control"
"X-2700.LKA136","X.2700.uned","control"
"X-2700.abraxane","X.2700.uned","control"
"X-2700.binimetinib-3.5mpk","X.2700.uned","control"
"X-2700.BKM120 + binimetinib","X.2700.uned","control"
"X-2700.BKM120 + LDE225","X.2700.uned","control"
"X-2700.figitumumab + binimetinib","X.2700.uned","control"
"X-2700.gemcitabine-50mpk","X.2700.uned","control"
"X-2700.INC424","X.2700.uned","control"
"X-2700.INC424 + binimetinib","X.2700.uned","control"
"X-2700.trametinib","X.2700.uned","control"
"X-2700.BYL719 + LEE011","X.2700.uned","control"
"X-2700.LFA102","X.2700.uned","control"
"X-2700.LFW527 + everolimus","X.2700.uned","control"
"X-2700.paclitaxel","X.2700.uned","control"
"X-2700.tamoxifen","X.2700.uned","control"
"X-2700.BYL719 + LGH447","X.2700.uned","control"
"X-2700.erlotinib","X.2700.uned","control"
"X-2700.LCL161 + paclitaxel","X.2700.uned","control"
"X-2700.LGH447","X.2700.uned","control"
"X-2700.WNT974","X.2700.uned","control"
"X-2700.WNT974","X.2700.WN74","treatment"
"X-2700.BKM120 + encorafenib","X.2700.uned","control"
"X-2700.BKM120 + encorafenib","X.2700.BK20.enib","treatment"
"X-2700.dacarbazine","X.2700.uned","control"
"X-2700.dacarbazine","X.2700.dane","treatment"
"X-2700.encorafenib + binimetinib","X.2700.uned","control"
"X-2700.encorafenib + binimetinib","X.2700.enib.biib","treatment"
"X-2700.LDE225","X.2700.uned","control"
"X-2700.LDE225","X.2700.LD25","treatment"
"X-2700.LDK378","X.2700.uned","control"
"X-2700.LDK378","X.2700.LD78","treatment"
"X-2700.LEE011 + binimetinib","X.2700.uned","control"
"X-2700.LEE011 + binimetinib","X.2700.LE11.biib","treatment"
"X-2700.LEE011 + encorafenib","X.2700.uned","control"
"X-2700.LEE011 + encorafenib","X.2700.LE11.enib","treatment"
"X-2700.LGW813","X.2700.uned","control"
"X-2700.LGW813","X.2700.LG13","treatment"
"X-2700.TAS266","X.2700.uned","control"
"X-2700.TAS266","X.2700.TA66","treatment"
"X-2723.BGJ398","X.2723.uned","control"
"X-2723.binimetinib","X.2723.uned","control"
"X-2723.binimetinib","X.2723.biib","treatment"
"X-2723.BKM120","X.2723.uned","control"
"X-2723.BKM120","X.2723.BK20","treatment"
"X-2723.BYL719","X.2723.uned","control"
"X-2723.BYL719 + HSP990","X.2723.uned","control"
"X-2723.BYL719 + LJM716","X.2723.uned","control"
"X-2723.CLR457","X.2723.uned","control"
"X-2723.CLR457","X.2723.CL57","treatment"
"X-2723.everolimus","X.2723.uned","control"
"X-2723.figitumumab","X.2723.uned","control"
"X-2723.HDM201","X.2723.uned","control"
"X-2723.HSP990","X.2723.uned","control"
"X-2723.INC280","X.2723.uned","control"
"X-2723.INC280 + trastuzumab","X.2723.uned","control"
"X-2723.LEE011","X.2723.uned","control"
"X-2723.LEE011","X.2723.LE11","treatment"
"X-2723.LEE011 + everolimus","X.2723.uned","control"
"X-2723.LJM716","X.2723.uned","control"
"X-2723.LJM716 + trastuzumab","X.2723.uned","control"
"X-2723.LLM871","X.2723.uned","control"
"X-2723.trastuzumab","X.2723.uned","control"
"X-2723.5FU","X.2723.uned","control"
"X-2723.BKM120 + LJC049","X.2723.uned","control"
"X-2723.BYL719 + binimetinib","X.2723.uned","control"
"X-2723.BYL719 + cetuximab","X.2723.uned","control"
"X-2723.BYL719 + cetuximab + encorafenib","X.2723.uned","control"
"X-2723.BYL719 + encorafenib","X.2723.uned","control"
"X-2723.cetuximab","X.2723.uned","control"
"X-2723.cetuximab + encorafenib","X.2723.uned","control"
"X-2723.CGM097","X.2723.uned","control"
"X-2723.CGM097","X.2723.CG97","treatment"
"X-2723.CKX620","X.2723.uned","control"
"X-2723.encorafenib","X.2723.uned","control"
"X-2723.encorafenib","X.2723.enib","treatment"
"X-2723.LFW527 + binimetinib","X.2723.uned","control"
"X-2723.LJC049","X.2723.uned","control"
"X-2723.LKA136","X.2723.uned","control"
"X-2723.abraxane","X.2723.uned","control"
"X-2723.binimetinib-3.5mpk","X.2723.uned","control"
"X-2723.BKM120 + binimetinib","X.2723.uned","control"
"X-2723.BKM120 + LDE225","X.2723.uned","control"
"X-2723.figitumumab + binimetinib","X.2723.uned","control"
"X-2723.gemcitabine-50mpk","X.2723.uned","control"
"X-2723.INC424","X.2723.uned","control"
"X-2723.INC424 + binimetinib","X.2723.uned","control"
"X-2723.trametinib","X.2723.uned","control"
"X-2723.BYL719 + LEE011","X.2723.uned","control"
"X-2723.LFA102","X.2723.uned","control"
"X-2723.LFW527 + everolimus","X.2723.uned","control"
"X-2723.paclitaxel","X.2723.uned","control"
"X-2723.tamoxifen","X.2723.uned","control"
"X-2723.BYL719 + LGH447","X.2723.uned","control"
"X-2723.erlotinib","X.2723.uned","control"
"X-2723.LCL161 + paclitaxel","X.2723.uned","control"
"X-2723.LGH447","X.2723.uned","control"
"X-2723.WNT974","X.2723.uned","control"
"X-2723.WNT974","X.2723.WN74","treatment"
"X-2723.BKM120 + encorafenib","X.2723.uned","control"
"X-2723.BKM120 + encorafenib","X.2723.BK20.enib","treatment"
"X-2723.dacarbazine","X.2723.uned","control"
"X-2723.dacarbazine","X.2723.dane","treatment"
"X-2723.encorafenib + binimetinib","X.2723.uned","control"
"X-2723.encorafenib + binimetinib","X.2723.enib.biib","treatment"
"X-2723.LDE225","X.2723.uned","control"
"X-2723.LDE225","X.2723.LD25","treatment"
"X-2723.LDK378","X.2723.uned","control"
"X-2723.LDK378","X.2723.LD78","treatment"
"X-2723.LEE011 + binimetinib","X.2723.uned","control"
"X-2723.LEE011 + binimetinib","X.2723.LE11.biib","treatment"
"X-2723.LEE011 + encorafenib","X.2723.uned","control"
"X-2723.LEE011 + encorafenib","X.2723.LE11.enib","treatment"
"X-2723.LGW813","X.2723.uned","control"
"X-2723.LGW813","X.2723.LG13","treatment"
"X-2723.TAS266","X.2723.uned","control"
"X-2723.TAS266","X.2723.TA66","treatment"
"X-2753.BGJ398","X.2753.uned","control"
"X-2753.binimetinib","X.2753.uned","control"
"X-2753.binimetinib","X.2753.biib","treatment"
"X-2753.BKM120","X.2753.uned","control"
"X-2753.BKM120","X.2753.BK20","treatment"
"X-2753.BYL719","X.2753.uned","control"
"X-2753.BYL719 + HSP990","X.2753.uned","control"
"X-2753.BYL719 + LJM716","X.2753.uned","control"
"X-2753.CLR457","X.2753.uned","control"
"X-2753.CLR457","X.2753.CL57","treatment"
"X-2753.everolimus","X.2753.uned","control"
"X-2753.figitumumab","X.2753.uned","control"
"X-2753.HDM201","X.2753.uned","control"
"X-2753.HSP990","X.2753.uned","control"
"X-2753.INC280","X.2753.uned","control"
"X-2753.INC280 + trastuzumab","X.2753.uned","control"
"X-2753.LEE011","X.2753.uned","control"
"X-2753.LEE011","X.2753.LE11","treatment"
"X-2753.LEE011 + everolimus","X.2753.uned","control"
"X-2753.LJM716","X.2753.uned","control"
"X-2753.LJM716 + trastuzumab","X.2753.uned","control"
"X-2753.LLM871","X.2753.uned","control"
"X-2753.trastuzumab","X.2753.uned","control"
"X-2753.5FU","X.2753.uned","control"
"X-2753.BKM120 + LJC049","X.2753.uned","control"
"X-2753.BYL719 + binimetinib","X.2753.uned","control"
"X-2753.BYL719 + cetuximab","X.2753.uned","control"
"X-2753.BYL719 + cetuximab + encorafenib","X.2753.uned","control"
"X-2753.BYL719 + encorafenib","X.2753.uned","control"
"X-2753.cetuximab","X.2753.uned","control"
"X-2753.cetuximab + encorafenib","X.2753.uned","control"
"X-2753.CGM097","X.2753.uned","control"
"X-2753.CGM097","X.2753.CG97","treatment"
"X-2753.CKX620","X.2753.uned","control"
"X-2753.encorafenib","X.2753.uned","control"
"X-2753.encorafenib","X.2753.enib","treatment"
"X-2753.LFW527 + binimetinib","X.2753.uned","control"
"X-2753.LJC049","X.2753.uned","control"
"X-2753.LKA136","X.2753.uned","control"
"X-2753.abraxane","X.2753.uned","control"
"X-2753.binimetinib-3.5mpk","X.2753.uned","control"
"X-2753.BKM120 + binimetinib","X.2753.uned","control"
"X-2753.BKM120 + LDE225","X.2753.uned","control"
"X-2753.figitumumab + binimetinib","X.2753.uned","control"
"X-2753.gemcitabine-50mpk","X.2753.uned","control"
"X-2753.INC424","X.2753.uned","control"
"X-2753.INC424 + binimetinib","X.2753.uned","control"
"X-2753.trametinib","X.2753.uned","control"
"X-2753.BYL719 + LEE011","X.2753.uned","control"
"X-2753.LFA102","X.2753.uned","control"
"X-2753.LFW527 + everolimus","X.2753.uned","control"
"X-2753.paclitaxel","X.2753.uned","control"
"X-2753.tamoxifen","X.2753.uned","control"
"X-2753.BYL719 + LGH447","X.2753.uned","control"
"X-2753.erlotinib","X.2753.uned","control"
"X-2753.LCL161 + paclitaxel","X.2753.uned","control"
"X-2753.LGH447","X.2753.uned","control"
"X-2753.WNT974","X.2753.uned","control"
"X-2753.WNT974","X.2753.WN74","treatment"
"X-2753.BKM120 + encorafenib","X.2753.uned","control"
"X-2753.BKM120 + encorafenib","X.2753.BK20.enib","treatment"
"X-2753.dacarbazine","X.2753.uned","control"
"X-2753.dacarbazine","X.2753.dane","treatment"
"X-2753.encorafenib + binimetinib","X.2753.uned","control"
"X-2753.encorafenib + binimetinib","X.2753.enib.biib","treatment"
"X-2753.LDE225","X.2753.uned","control"
"X-2753.LDE225","X.2753.LD25","treatment"
"X-2753.LDK378","X.2753.uned","control"
"X-2753.LDK378","X.2753.LD78","treatment"
"X-2753.LEE011 + binimetinib","X.2753.uned","control"
"X-2753.LEE011 + binimetinib","X.2753.LE11.biib","treatment"
"X-2753.LEE011 + encorafenib","X.2753.uned","control"
"X-2753.LEE011 + encorafenib","X.2753.LE11.enib","treatment"
"X-2753.LGW813","X.2753.uned","control"
"X-2753.LGW813","X.2753.LG13","treatment"
"X-2753.TAS266","X.2753.uned","control"
"X-2753.TAS266","X.2753.TA66","treatment"
"X-2761.LFW527 + binimetinib","X.2761.LF27.biib","treatment"
"X-2780.BGJ398","X.2780.uned","control"
"X-2780.BGJ398","X.2780.BG98","treatment"
"X-2780.binimetinib","X.2780.uned","control"
"X-2780.binimetinib","X.2780.biib","treatment"
"X-2780.BKM120","X.2780.uned","control"
"X-2780.BKM120","X.2780.BK20","treatment"
"X-2780.BYL719","X.2780.uned","control"
"X-2780.BYL719","X.2780.BY19","treatment"
"X-2780.BYL719 + HSP990","X.2780.uned","control"
"X-2780.BYL719 + LJM716","X.2780.uned","control"
"X-2780.BYL719 + LJM716","X.2780.BY19.LJ16","treatment"
"X-2780.CLR457","X.2780.uned","control"
"X-2780.CLR457","X.2780.CL57","treatment"
"X-2780.everolimus","X.2780.uned","control"
"X-2780.figitumumab","X.2780.uned","control"
"X-2780.HDM201","X.2780.uned","control"
"X-2780.HDM201","X.2780.HD01","treatment"
"X-2780.HSP990","X.2780.uned","control"
"X-2780.INC280","X.2780.uned","control"
"X-2780.INC280 + trastuzumab","X.2780.uned","control"
"X-2780.LEE011","X.2780.uned","control"
"X-2780.LEE011","X.2780.LE11","treatment"
"X-2780.LEE011 + everolimus","X.2780.uned","control"
"X-2780.LEE011 + everolimus","X.2780.LE11.evus","treatment"
"X-2780.LJM716","X.2780.uned","control"
"X-2780.LJM716","X.2780.LJ16","treatment"
"X-2780.LJM716 + trastuzumab","X.2780.uned","control"
"X-2780.LJM716 + trastuzumab","X.2780.LJ16.trab","treatment"
"X-2780.LLM871","X.2780.uned","control"
"X-2780.LLM871","X.2780.LL71","treatment"
"X-2780.trastuzumab","X.2780.uned","control"
"X-2780.trastuzumab","X.2780.trab","treatment"
"X-2780.5FU","X.2780.uned","control"
"X-2780.BKM120 + LJC049","X.2780.uned","control"
"X-2780.BYL719 + binimetinib","X.2780.uned","control"
"X-2780.BYL719 + cetuximab","X.2780.uned","control"
"X-2780.BYL719 + cetuximab + encorafenib","X.2780.uned","control"
"X-2780.BYL719 + encorafenib","X.2780.uned","control"
"X-2780.cetuximab","X.2780.uned","control"
"X-2780.cetuximab + encorafenib","X.2780.uned","control"
"X-2780.CGM097","X.2780.uned","control"
"X-2780.CGM097","X.2780.CG97","treatment"
"X-2780.CKX620","X.2780.uned","control"
"X-2780.encorafenib","X.2780.uned","control"
"X-2780.LFW527 + binimetinib","X.2780.uned","control"
"X-2780.LJC049","X.2780.uned","control"
"X-2780.LKA136","X.2780.uned","control"
"X-2780.LKA136","X.2780.LK36","treatment"
"X-2780.abraxane","X.2780.uned","control"
"X-2780.binimetinib-3.5mpk","X.2780.uned","control"
"X-2780.BKM120 + binimetinib","X.2780.uned","control"
"X-2780.BKM120 + LDE225","X.2780.uned","control"
"X-2780.figitumumab + binimetinib","X.2780.uned","control"
"X-2780.gemcitabine-50mpk","X.2780.uned","control"
"X-2780.INC424","X.2780.uned","control"
"X-2780.INC424","X.2780.IN24","treatment"
"X-2780.INC424 + binimetinib","X.2780.uned","control"
"X-2780.trametinib","X.2780.uned","control"
"X-2780.BYL719 + LEE011","X.2780.uned","control"
"X-2780.BYL719 + LEE011","X.2780.BY19.LE11","treatment"
"X-2780.LFA102","X.2780.uned","control"
"X-2780.LFA102","X.2780.LF02","treatment"
"X-2780.LFW527 + everolimus","X.2780.uned","control"
"X-2780.LFW527 + everolimus","X.2780.LF27.evus","treatment"
"X-2780.paclitaxel","X.2780.uned","control"
"X-2780.paclitaxel","X.2780.pael","treatment"
"X-2780.tamoxifen","X.2780.uned","control"
"X-2780.tamoxifen","X.2780.taen","treatment"
"X-2780.BYL719 + LGH447","X.2780.uned","control"
"X-2780.erlotinib","X.2780.uned","control"
"X-2780.LCL161 + paclitaxel","X.2780.uned","control"
"X-2780.LGH447","X.2780.uned","control"
"X-2780.WNT974","X.2780.uned","control"
"X-2780.BKM120 + encorafenib","X.2780.uned","control"
"X-2780.dacarbazine","X.2780.uned","control"
"X-2780.encorafenib + binimetinib","X.2780.uned","control"
"X-2780.LDE225","X.2780.uned","control"
"X-2780.LDK378","X.2780.uned","control"
"X-2780.LEE011 + binimetinib","X.2780.uned","control"
"X-2780.LEE011 + encorafenib","X.2780.uned","control"
"X-2780.LGW813","X.2780.uned","control"
"X-2780.TAS266","X.2780.uned","control"
"X-2822.BGJ398","X.2822.uned","control"
"X-2822.binimetinib","X.2822.uned","control"
"X-2822.binimetinib","X.2822.biib","treatment"
"X-2822.BKM120","X.2822.uned","control"
"X-2822.BKM120","X.2822.BK20","treatment"
"X-2822.BYL719","X.2822.uned","control"
"X-2822.BYL719","X.2822.BY19","treatment"
"X-2822.BYL719 + HSP990","X.2822.uned","control"
"X-2822.BYL719 + LJM716","X.2822.uned","control"
"X-2822.BYL719 + LJM716","X.2822.BY19.LJ16","treatment"
"X-2822.CLR457","X.2822.uned","control"
"X-2822.CLR457","X.2822.CL57","treatment"
"X-2822.everolimus","X.2822.uned","control"
"X-2822.figitumumab","X.2822.uned","control"
"X-2822.HDM201","X.2822.uned","control"
"X-2822.HDM201","X.2822.HD01","treatment"
"X-2822.HSP990","X.2822.uned","control"
"X-2822.INC280","X.2822.uned","control"
"X-2822.INC280 + trastuzumab","X.2822.uned","control"
"X-2822.LEE011","X.2822.uned","control"
"X-2822.LEE011","X.2822.LE11","treatment"
"X-2822.LEE011 + everolimus","X.2822.uned","control"
"X-2822.LJM716","X.2822.uned","control"
"X-2822.LJM716 + trastuzumab","X.2822.uned","control"
"X-2822.LLM871","X.2822.uned","control"
"X-2822.trastuzumab","X.2822.uned","control"
"X-2822.5FU","X.2822.uned","control"
"X-2822.5FU","X.2822.5FFU","treatment"
"X-2822.BKM120 + LJC049","X.2822.uned","control"
"X-2822.BKM120 + LJC049","X.2822.BK20.LJ49","treatment"
"X-2822.BYL719 + binimetinib","X.2822.uned","control"
"X-2822.BYL719 + binimetinib","X.2822.BY19.biib","treatment"
"X-2822.BYL719 + cetuximab","X.2822.uned","control"
"X-2822.BYL719 + cetuximab","X.2822.BY19.ceab","treatment"
"X-2822.BYL719 + cetuximab + encorafenib","X.2822.uned","control"
"X-2822.BYL719 + cetuximab + encorafenib","X.2822.BY19.ceab.enib","treatment"
"X-2822.BYL719 + encorafenib","X.2822.uned","control"
"X-2822.BYL719 + encorafenib","X.2822.BY19.enib","treatment"
"X-2822.cetuximab","X.2822.uned","control"
"X-2822.cetuximab","X.2822.ceab","treatment"
"X-2822.cetuximab + encorafenib","X.2822.uned","control"
"X-2822.cetuximab + encorafenib","X.2822.ceab.enib","treatment"
"X-2822.CGM097","X.2822.uned","control"
"X-2822.CGM097","X.2822.CG97","treatment"
"X-2822.CKX620","X.2822.uned","control"
"X-2822.CKX620","X.2822.CK20","treatment"
"X-2822.encorafenib","X.2822.uned","control"
"X-2822.encorafenib","X.2822.enib","treatment"
"X-2822.LFW527 + binimetinib","X.2822.uned","control"
"X-2822.LJC049","X.2822.uned","control"
"X-2822.LJC049","X.2822.LJ49","treatment"
"X-2822.LKA136","X.2822.uned","control"
"X-2822.LKA136","X.2822.LK36","treatment"
"X-2822.abraxane","X.2822.uned","control"
"X-2822.binimetinib-3.5mpk","X.2822.uned","control"
"X-2822.BKM120 + binimetinib","X.2822.uned","control"
"X-2822.BKM120 + LDE225","X.2822.uned","control"
"X-2822.figitumumab + binimetinib","X.2822.uned","control"
"X-2822.gemcitabine-50mpk","X.2822.uned","control"
"X-2822.INC424","X.2822.uned","control"
"X-2822.INC424 + binimetinib","X.2822.uned","control"
"X-2822.trametinib","X.2822.uned","control"
"X-2822.BYL719 + LEE011","X.2822.uned","control"
"X-2822.LFA102","X.2822.uned","control"
"X-2822.LFW527 + everolimus","X.2822.uned","control"
"X-2822.paclitaxel","X.2822.uned","control"
"X-2822.tamoxifen","X.2822.uned","control"
"X-2822.BYL719 + LGH447","X.2822.uned","control"
"X-2822.erlotinib","X.2822.uned","control"
"X-2822.LCL161 + paclitaxel","X.2822.uned","control"
"X-2822.LGH447","X.2822.uned","control"
"X-2822.WNT974","X.2822.uned","control"
"X-2822.BKM120 + encorafenib","X.2822.uned","control"
"X-2822.dacarbazine","X.2822.uned","control"
"X-2822.encorafenib + binimetinib","X.2822.uned","control"
"X-2822.LDE225","X.2822.uned","control"
"X-2822.LDK378","X.2822.uned","control"
"X-2822.LEE011 + binimetinib","X.2822.uned","control"
"X-2822.LEE011 + encorafenib","X.2822.uned","control"
"X-2822.LGW813","X.2822.uned","control"
"X-2822.TAS266","X.2822.uned","control"
"X-2838.BGJ398","X.2838.uned","control"
"X-2838.binimetinib","X.2838.uned","control"
"X-2838.binimetinib","X.2838.biib","treatment"
"X-2838.BKM120","X.2838.uned","control"
"X-2838.BKM120","X.2838.BK20","treatment"
"X-2838.BYL719","X.2838.uned","control"
"X-2838.BYL719 + HSP990","X.2838.uned","control"
"X-2838.BYL719 + LJM716","X.2838.uned","control"
"X-2838.CLR457","X.2838.uned","control"
"X-2838.CLR457","X.2838.CL57","treatment"
"X-2838.everolimus","X.2838.uned","control"
"X-2838.figitumumab","X.2838.uned","control"
"X-2838.HDM201","X.2838.uned","control"
"X-2838.HSP990","X.2838.uned","control"
"X-2838.INC280","X.2838.uned","control"
"X-2838.INC280 + trastuzumab","X.2838.uned","control"
"X-2838.LEE011","X.2838.uned","control"
"X-2838.LEE011","X.2838.LE11","treatment"
"X-2838.LEE011 + everolimus","X.2838.uned","control"
"X-2838.LJM716","X.2838.uned","control"
"X-2838.LJM716 + trastuzumab","X.2838.uned","control"
"X-2838.LLM871","X.2838.uned","control"
"X-2838.trastuzumab","X.2838.uned","control"
"X-2838.5FU","X.2838.uned","control"
"X-2838.BKM120 + LJC049","X.2838.uned","control"
"X-2838.BYL719 + binimetinib","X.2838.uned","control"
"X-2838.BYL719 + cetuximab","X.2838.uned","control"
"X-2838.BYL719 + cetuximab + encorafenib","X.2838.uned","control"
"X-2838.BYL719 + encorafenib","X.2838.uned","control"
"X-2838.cetuximab","X.2838.uned","control"
"X-2838.cetuximab + encorafenib","X.2838.uned","control"
"X-2838.CGM097","X.2838.uned","control"
"X-2838.CGM097","X.2838.CG97","treatment"
"X-2838.CKX620","X.2838.uned","control"
"X-2838.encorafenib","X.2838.uned","control"
"X-2838.encorafenib","X.2838.enib","treatment"
"X-2838.LFW527 + binimetinib","X.2838.uned","control"
"X-2838.LJC049","X.2838.uned","control"
"X-2838.LKA136","X.2838.uned","control"
"X-2838.abraxane","X.2838.uned","control"
"X-2838.binimetinib-3.5mpk","X.2838.uned","control"
"X-2838.BKM120 + binimetinib","X.2838.uned","control"
"X-2838.BKM120 + LDE225","X.2838.uned","control"
"X-2838.figitumumab + binimetinib","X.2838.uned","control"
"X-2838.gemcitabine-50mpk","X.2838.uned","control"
"X-2838.INC424","X.2838.uned","control"
"X-2838.INC424 + binimetinib","X.2838.uned","control"
"X-2838.trametinib","X.2838.uned","control"
"X-2838.BYL719 + LEE011","X.2838.uned","control"
"X-2838.LFA102","X.2838.uned","control"
"X-2838.LFW527 + everolimus","X.2838.uned","control"
"X-2838.paclitaxel","X.2838.uned","control"
"X-2838.tamoxifen","X.2838.uned","control"
"X-2838.BYL719 + LGH447","X.2838.uned","control"
"X-2838.erlotinib","X.2838.uned","control"
"X-2838.LCL161 + paclitaxel","X.2838.uned","control"
"X-2838.LGH447","X.2838.uned","control"
"X-2838.WNT974","X.2838.uned","control"
"X-2838.WNT974","X.2838.WN74","treatment"
"X-2838.BKM120 + encorafenib","X.2838.uned","control"
"X-2838.BKM120 + encorafenib","X.2838.BK20.enib","treatment"
"X-2838.dacarbazine","X.2838.uned","control"
"X-2838.dacarbazine","X.2838.dane","treatment"
"X-2838.encorafenib + binimetinib","X.2838.uned","control"
"X-2838.encorafenib + binimetinib","X.2838.enib.biib","treatment"
"X-2838.LDE225","X.2838.uned","control"
"X-2838.LDE225","X.2838.LD25","treatment"
"X-2838.LDK378","X.2838.uned","control"
"X-2838.LDK378","X.2838.LD78","treatment"
"X-2838.LEE011 + binimetinib","X.2838.uned","control"
"X-2838.LEE011 + binimetinib","X.2838.LE11.biib","treatment"
"X-2838.LEE011 + encorafenib","X.2838.uned","control"
"X-2838.LEE011 + encorafenib","X.2838.LE11.enib","treatment"
"X-2838.LGW813","X.2838.uned","control"
"X-2838.LGW813","X.2838.LG13","treatment"
"X-2838.TAS266","X.2838.uned","control"
"X-2838.TAS266","X.2838.TA66","treatment"
"X-2846.BGJ398","X.2846.uned","control"
"X-2846.binimetinib","X.2846.uned","control"
"X-2846.binimetinib","X.2846.biib","treatment"
"X-2846.BKM120","X.2846.uned","control"
"X-2846.BKM120","X.2846.BK20","treatment"
"X-2846.BYL719","X.2846.uned","control"
"X-2846.BYL719","X.2846.BY19","treatment"
"X-2846.BYL719 + HSP990","X.2846.uned","control"
"X-2846.BYL719 + LJM716","X.2846.uned","control"
"X-2846.BYL719 + LJM716","X.2846.BY19.LJ16","treatment"
"X-2846.CLR457","X.2846.uned","control"
"X-2846.CLR457","X.2846.CL57","treatment"
"X-2846.everolimus","X.2846.uned","control"
"X-2846.figitumumab","X.2846.uned","control"
"X-2846.HDM201","X.2846.uned","control"
"X-2846.HDM201","X.2846.HD01","treatment"
"X-2846.HSP990","X.2846.uned","control"
"X-2846.INC280","X.2846.uned","control"
"X-2846.INC280 + trastuzumab","X.2846.uned","control"
"X-2846.LEE011","X.2846.uned","control"
"X-2846.LEE011","X.2846.LE11","treatment"
"X-2846.LEE011 + everolimus","X.2846.uned","control"
"X-2846.LJM716","X.2846.uned","control"
"X-2846.LJM716 + trastuzumab","X.2846.uned","control"
"X-2846.LLM871","X.2846.uned","control"
"X-2846.trastuzumab","X.2846.uned","control"
"X-2846.5FU","X.2846.uned","control"
"X-2846.5FU","X.2846.5FFU","treatment"
"X-2846.BKM120 + LJC049","X.2846.uned","control"
"X-2846.BKM120 + LJC049","X.2846.BK20.LJ49","treatment"
"X-2846.BYL719 + binimetinib","X.2846.uned","control"
"X-2846.BYL719 + binimetinib","X.2846.BY19.biib","treatment"
"X-2846.BYL719 + cetuximab","X.2846.uned","control"
"X-2846.BYL719 + cetuximab","X.2846.BY19.ceab","treatment"
"X-2846.BYL719 + cetuximab + encorafenib","X.2846.uned","control"
"X-2846.BYL719 + cetuximab + encorafenib","X.2846.BY19.ceab.enib","treatment"
"X-2846.BYL719 + encorafenib","X.2846.uned","control"
"X-2846.BYL719 + encorafenib","X.2846.BY19.enib","treatment"
"X-2846.cetuximab","X.2846.uned","control"
"X-2846.cetuximab","X.2846.ceab","treatment"
"X-2846.cetuximab + encorafenib","X.2846.uned","control"
"X-2846.cetuximab + encorafenib","X.2846.ceab.enib","treatment"
"X-2846.CGM097","X.2846.uned","control"
"X-2846.CGM097","X.2846.CG97","treatment"
"X-2846.CKX620","X.2846.uned","control"
"X-2846.CKX620","X.2846.CK20","treatment"
"X-2846.encorafenib","X.2846.uned","control"
"X-2846.encorafenib","X.2846.enib","treatment"
"X-2846.LFW527 + binimetinib","X.2846.uned","control"
"X-2846.LJC049","X.2846.uned","control"
"X-2846.LJC049","X.2846.LJ49","treatment"
"X-2846.LKA136","X.2846.uned","control"
"X-2846.LKA136","X.2846.LK36","treatment"
"X-2846.abraxane","X.2846.uned","control"
"X-2846.binimetinib-3.5mpk","X.2846.uned","control"
"X-2846.BKM120 + binimetinib","X.2846.uned","control"
"X-2846.BKM120 + LDE225","X.2846.uned","control"
"X-2846.figitumumab + binimetinib","X.2846.uned","control"
"X-2846.gemcitabine-50mpk","X.2846.uned","control"
"X-2846.INC424","X.2846.uned","control"
"X-2846.INC424 + binimetinib","X.2846.uned","control"
"X-2846.trametinib","X.2846.uned","control"
"X-2846.BYL719 + LEE011","X.2846.uned","control"
"X-2846.LFA102","X.2846.uned","control"
"X-2846.LFW527 + everolimus","X.2846.uned","control"
"X-2846.paclitaxel","X.2846.uned","control"
"X-2846.tamoxifen","X.2846.uned","control"
"X-2846.BYL719 + LGH447","X.2846.uned","control"
"X-2846.erlotinib","X.2846.uned","control"
"X-2846.LCL161 + paclitaxel","X.2846.uned","control"
"X-2846.LGH447","X.2846.uned","control"
"X-2846.WNT974","X.2846.uned","control"
"X-2846.BKM120 + encorafenib","X.2846.uned","control"
"X-2846.dacarbazine","X.2846.uned","control"
"X-2846.encorafenib + binimetinib","X.2846.uned","control"
"X-2846.LDE225","X.2846.uned","control"
"X-2846.LDK378","X.2846.uned","control"
"X-2846.LEE011 + binimetinib","X.2846.uned","control"
"X-2846.LEE011 + encorafenib","X.2846.uned","control"
"X-2846.LGW813","X.2846.uned","control"
"X-2846.TAS266","X.2846.uned","control"
"X-2861.BGJ398","X.2861.uned","control"
"X-2861.binimetinib","X.2861.uned","control"
"X-2861.binimetinib","X.2861.biib","treatment"
"X-2861.BKM120","X.2861.uned","control"
"X-2861.BKM120","X.2861.BK20","treatment"
"X-2861.BYL719","X.2861.uned","control"
"X-2861.BYL719","X.2861.BY19","treatment"
"X-2861.BYL719 + HSP990","X.2861.uned","control"
"X-2861.BYL719 + LJM716","X.2861.uned","control"
"X-2861.BYL719 + LJM716","X.2861.BY19.LJ16","treatment"
"X-2861.CLR457","X.2861.uned","control"
"X-2861.CLR457","X.2861.CL57","treatment"
"X-2861.everolimus","X.2861.uned","control"
"X-2861.figitumumab","X.2861.uned","control"
"X-2861.HDM201","X.2861.uned","control"
"X-2861.HDM201","X.2861.HD01","treatment"
"X-2861.HSP990","X.2861.uned","control"
"X-2861.INC280","X.2861.uned","control"
"X-2861.INC280 + trastuzumab","X.2861.uned","control"
"X-2861.LEE011","X.2861.uned","control"
"X-2861.LEE011","X.2861.LE11","treatment"
"X-2861.LEE011 + everolimus","X.2861.uned","control"
"X-2861.LJM716","X.2861.uned","control"
"X-2861.LJM716 + trastuzumab","X.2861.uned","control"
"X-2861.LLM871","X.2861.uned","control"
"X-2861.trastuzumab","X.2861.uned","control"
"X-2861.5FU","X.2861.uned","control"
"X-2861.5FU","X.2861.5FFU","treatment"
"X-2861.BKM120 + LJC049","X.2861.uned","control"
"X-2861.BKM120 + LJC049","X.2861.BK20.LJ49","treatment"
"X-2861.BYL719 + binimetinib","X.2861.uned","control"
"X-2861.BYL719 + binimetinib","X.2861.BY19.biib","treatment"
"X-2861.BYL719 + cetuximab","X.2861.uned","control"
"X-2861.BYL719 + cetuximab","X.2861.BY19.ceab","treatment"
"X-2861.BYL719 + cetuximab + encorafenib","X.2861.uned","control"
"X-2861.BYL719 + cetuximab + encorafenib","X.2861.BY19.ceab.enib","treatment"
"X-2861.BYL719 + encorafenib","X.2861.uned","control"
"X-2861.BYL719 + encorafenib","X.2861.BY19.enib","treatment"
"X-2861.cetuximab","X.2861.uned","control"
"X-2861.cetuximab","X.2861.ceab","treatment"
"X-2861.cetuximab + encorafenib","X.2861.uned","control"
"X-2861.cetuximab + encorafenib","X.2861.ceab.enib","treatment"
"X-2861.CGM097","X.2861.uned","control"
"X-2861.CGM097","X.2861.CG97","treatment"
"X-2861.CKX620","X.2861.uned","control"
"X-2861.CKX620","X.2861.CK20","treatment"
"X-2861.encorafenib","X.2861.uned","control"
"X-2861.encorafenib","X.2861.enib","treatment"
"X-2861.LFW527 + binimetinib","X.2861.uned","control"
"X-2861.LFW527 + binimetinib","X.2861.LF27.biib","treatment"
"X-2861.LJC049","X.2861.uned","control"
"X-2861.LJC049","X.2861.LJ49","treatment"
"X-2861.LKA136","X.2861.uned","control"
"X-2861.LKA136","X.2861.LK36","treatment"
"X-2861.abraxane","X.2861.uned","control"
"X-2861.binimetinib-3.5mpk","X.2861.uned","control"
"X-2861.BKM120 + binimetinib","X.2861.uned","control"
"X-2861.BKM120 + LDE225","X.2861.uned","control"
"X-2861.figitumumab + binimetinib","X.2861.uned","control"
"X-2861.gemcitabine-50mpk","X.2861.uned","control"
"X-2861.INC424","X.2861.uned","control"
"X-2861.INC424 + binimetinib","X.2861.uned","control"
"X-2861.trametinib","X.2861.uned","control"
"X-2861.BYL719 + LEE011","X.2861.uned","control"
"X-2861.LFA102","X.2861.uned","control"
"X-2861.LFW527 + everolimus","X.2861.uned","control"
"X-2861.paclitaxel","X.2861.uned","control"
"X-2861.tamoxifen","X.2861.uned","control"
"X-2861.BYL719 + LGH447","X.2861.uned","control"
"X-2861.erlotinib","X.2861.uned","control"
"X-2861.LCL161 + paclitaxel","X.2861.uned","control"
"X-2861.LGH447","X.2861.uned","control"
"X-2861.WNT974","X.2861.uned","control"
"X-2861.BKM120 + encorafenib","X.2861.uned","control"
"X-2861.dacarbazine","X.2861.uned","control"
"X-2861.encorafenib + binimetinib","X.2861.uned","control"
"X-2861.LDE225","X.2861.uned","control"
"X-2861.LDK378","X.2861.uned","control"
"X-2861.LEE011 + binimetinib","X.2861.uned","control"
"X-2861.LEE011 + encorafenib","X.2861.uned","control"
"X-2861.LGW813","X.2861.uned","control"
"X-2861.TAS266","X.2861.uned","control"
"X-2921.BGJ398","X.2921.uned","control"
"X-2921.binimetinib","X.2921.uned","control"
"X-2921.binimetinib","X.2921.biib","treatment"
"X-2921.BKM120","X.2921.uned","control"
"X-2921.BKM120","X.2921.BK20","treatment"
"X-2921.BYL719","X.2921.uned","control"
"X-2921.BYL719 + HSP990","X.2921.uned","control"
"X-2921.BYL719 + LJM716","X.2921.uned","control"
"X-2921.CLR457","X.2921.uned","control"
"X-2921.CLR457","X.2921.CL57","treatment"
"X-2921.everolimus","X.2921.uned","control"
"X-2921.figitumumab","X.2921.uned","control"
"X-2921.HDM201","X.2921.uned","control"
"X-2921.HSP990","X.2921.uned","control"
"X-2921.INC280","X.2921.uned","control"
"X-2921.INC280 + trastuzumab","X.2921.uned","control"
"X-2921.LEE011","X.2921.uned","control"
"X-2921.LEE011","X.2921.LE11","treatment"
"X-2921.LEE011 + everolimus","X.2921.uned","control"
"X-2921.LJM716","X.2921.uned","control"
"X-2921.LJM716 + trastuzumab","X.2921.uned","control"
"X-2921.LLM871","X.2921.uned","control"
"X-2921.trastuzumab","X.2921.uned","control"
"X-2921.5FU","X.2921.uned","control"
"X-2921.BKM120 + LJC049","X.2921.uned","control"
"X-2921.BYL719 + binimetinib","X.2921.uned","control"
"X-2921.BYL719 + cetuximab","X.2921.uned","control"
"X-2921.BYL719 + cetuximab + encorafenib","X.2921.uned","control"
"X-2921.BYL719 + encorafenib","X.2921.uned","control"
"X-2921.cetuximab","X.2921.uned","control"
"X-2921.cetuximab + encorafenib","X.2921.uned","control"
"X-2921.CGM097","X.2921.uned","control"
"X-2921.CGM097","X.2921.CG97","treatment"
"X-2921.CKX620","X.2921.uned","control"
"X-2921.encorafenib","X.2921.uned","control"
"X-2921.encorafenib","X.2921.enib","treatment"
"X-2921.LFW527 + binimetinib","X.2921.uned","control"
"X-2921.LJC049","X.2921.uned","control"
"X-2921.LKA136","X.2921.uned","control"
"X-2921.abraxane","X.2921.uned","control"
"X-2921.binimetinib-3.5mpk","X.2921.uned","control"
"X-2921.BKM120 + binimetinib","X.2921.uned","control"
"X-2921.BKM120 + LDE225","X.2921.uned","control"
"X-2921.figitumumab + binimetinib","X.2921.uned","control"
"X-2921.gemcitabine-50mpk","X.2921.uned","control"
"X-2921.INC424","X.2921.uned","control"
"X-2921.INC424 + binimetinib","X.2921.uned","control"
"X-2921.trametinib","X.2921.uned","control"
"X-2921.BYL719 + LEE011","X.2921.uned","control"
"X-2921.LFA102","X.2921.uned","control"
"X-2921.LFW527 + everolimus","X.2921.uned","control"
"X-2921.paclitaxel","X.2921.uned","control"
"X-2921.tamoxifen","X.2921.uned","control"
"X-2921.BYL719 + LGH447","X.2921.uned","control"
"X-2921.erlotinib","X.2921.uned","control"
"X-2921.LCL161 + paclitaxel","X.2921.uned","control"
"X-2921.LGH447","X.2921.uned","control"
"X-2921.WNT974","X.2921.uned","control"
"X-2921.WNT974","X.2921.WN74","treatment"
"X-2921.BKM120 + encorafenib","X.2921.uned","control"
"X-2921.BKM120 + encorafenib","X.2921.BK20.enib","treatment"
"X-2921.dacarbazine","X.2921.uned","control"
"X-2921.dacarbazine","X.2921.dane","treatment"
"X-2921.encorafenib + binimetinib","X.2921.uned","control"
"X-2921.encorafenib + binimetinib","X.2921.enib.biib","treatment"
"X-2921.LDE225","X.2921.uned","control"
"X-2921.LDE225","X.2921.LD25","treatment"
"X-2921.LDK378","X.2921.uned","control"
"X-2921.LDK378","X.2921.LD78","treatment"
"X-2921.LEE011 + binimetinib","X.2921.uned","control"
"X-2921.LEE011 + binimetinib","X.2921.LE11.biib","treatment"
"X-2921.LEE011 + encorafenib","X.2921.uned","control"
"X-2921.LEE011 + encorafenib","X.2921.LE11.enib","treatment"
"X-2921.LGW813","X.2921.uned","control"
"X-2921.LGW813","X.2921.LG13","treatment"
"X-2921.TAS266","X.2921.uned","control"
"X-2921.TAS266","X.2921.TA66","treatment"
"X-2992.BGJ398","X.2992.uned","control"
"X-2992.binimetinib","X.2992.uned","control"
"X-2992.binimetinib","X.2992.biib","treatment"
"X-2992.BKM120","X.2992.uned","control"
"X-2992.BKM120","X.2992.BK20","treatment"
"X-2992.BYL719","X.2992.uned","control"
"X-2992.BYL719 + HSP990","X.2992.uned","control"
"X-2992.BYL719 + LJM716","X.2992.uned","control"
"X-2992.CLR457","X.2992.uned","control"
"X-2992.CLR457","X.2992.CL57","treatment"
"X-2992.everolimus","X.2992.uned","control"
"X-2992.figitumumab","X.2992.uned","control"
"X-2992.HDM201","X.2992.uned","control"
"X-2992.HSP990","X.2992.uned","control"
"X-2992.INC280","X.2992.uned","control"
"X-2992.INC280 + trastuzumab","X.2992.uned","control"
"X-2992.LEE011","X.2992.uned","control"
"X-2992.LEE011","X.2992.LE11","treatment"
"X-2992.LEE011 + everolimus","X.2992.uned","control"
"X-2992.LJM716","X.2992.uned","control"
"X-2992.LJM716 + trastuzumab","X.2992.uned","control"
"X-2992.LLM871","X.2992.uned","control"
"X-2992.trastuzumab","X.2992.uned","control"
"X-2992.5FU","X.2992.uned","control"
"X-2992.BKM120 + LJC049","X.2992.uned","control"
"X-2992.BYL719 + binimetinib","X.2992.uned","control"
"X-2992.BYL719 + cetuximab","X.2992.uned","control"
"X-2992.BYL719 + cetuximab + encorafenib","X.2992.uned","control"
"X-2992.BYL719 + encorafenib","X.2992.uned","control"
"X-2992.cetuximab","X.2992.uned","control"
"X-2992.cetuximab + encorafenib","X.2992.uned","control"
"X-2992.CGM097","X.2992.uned","control"
"X-2992.CGM097","X.2992.CG97","treatment"
"X-2992.CKX620","X.2992.uned","control"
"X-2992.encorafenib","X.2992.uned","control"
"X-2992.encorafenib","X.2992.enib","treatment"
"X-2992.LFW527 + binimetinib","X.2992.uned","control"
"X-2992.LJC049","X.2992.uned","control"
"X-2992.LKA136","X.2992.uned","control"
"X-2992.abraxane","X.2992.uned","control"
"X-2992.binimetinib-3.5mpk","X.2992.uned","control"
"X-2992.BKM120 + binimetinib","X.2992.uned","control"
"X-2992.BKM120 + LDE225","X.2992.uned","control"
"X-2992.figitumumab + binimetinib","X.2992.uned","control"
"X-2992.gemcitabine-50mpk","X.2992.uned","control"
"X-2992.INC424","X.2992.uned","control"
"X-2992.INC424 + binimetinib","X.2992.uned","control"
"X-2992.trametinib","X.2992.uned","control"
"X-2992.BYL719 + LEE011","X.2992.uned","control"
"X-2992.LFA102","X.2992.uned","control"
"X-2992.LFW527 + everolimus","X.2992.uned","control"
"X-2992.paclitaxel","X.2992.uned","control"
"X-2992.tamoxifen","X.2992.uned","control"
"X-2992.BYL719 + LGH447","X.2992.uned","control"
"X-2992.erlotinib","X.2992.uned","control"
"X-2992.LCL161 + paclitaxel","X.2992.uned","control"
"X-2992.LGH447","X.2992.uned","control"
"X-2992.WNT974","X.2992.uned","control"
"X-2992.WNT974","X.2992.WN74","treatment"
"X-2992.BKM120 + encorafenib","X.2992.uned","control"
"X-2992.BKM120 + encorafenib","X.2992.BK20.enib","treatment"
"X-2992.dacarbazine","X.2992.uned","control"
"X-2992.dacarbazine","X.2992.dane","treatment"
"X-2992.encorafenib + binimetinib","X.2992.uned","control"
"X-2992.encorafenib + binimetinib","X.2992.enib.biib","treatment"
"X-2992.LDE225","X.2992.uned","control"
"X-2992.LDE225","X.2992.LD25","treatment"
"X-2992.LDK378","X.2992.uned","control"
"X-2992.LDK378","X.2992.LD78","treatment"
"X-2992.LEE011 + binimetinib","X.2992.uned","control"
"X-2992.LEE011 + binimetinib","X.2992.LE11.biib","treatment"
"X-2992.LEE011 + encorafenib","X.2992.uned","control"
"X-2992.LEE011 + encorafenib","X.2992.LE11.enib","treatment"
"X-2992.LGW813","X.2992.uned","control"
"X-2992.LGW813","X.2992.LG13","treatment"
"X-2992.TAS266","X.2992.uned","control"
"X-2992.TAS266","X.2992.TA66","treatment"
"X-2997.BGJ398","X.2997.uned","control"
"X-2997.binimetinib","X.2997.uned","control"
"X-2997.binimetinib","X.2997.biib","treatment"
"X-2997.BKM120","X.2997.uned","control"
"X-2997.BKM120","X.2997.BK20","treatment"
"X-2997.BYL719","X.2997.uned","control"
"X-2997.BYL719","X.2997.BY19","treatment"
"X-2997.BYL719 + HSP990","X.2997.uned","control"
"X-2997.BYL719 + LJM716","X.2997.uned","control"
"X-2997.BYL719 + LJM716","X.2997.BY19.LJ16","treatment"
"X-2997.CLR457","X.2997.uned","control"
"X-2997.CLR457","X.2997.CL57","treatment"
"X-2997.everolimus","X.2997.uned","control"
"X-2997.figitumumab","X.2997.uned","control"
"X-2997.figitumumab","X.2997.fiab","treatment"
"X-2997.HDM201","X.2997.uned","control"
"X-2997.HDM201","X.2997.HD01","treatment"
"X-2997.HSP990","X.2997.uned","control"
"X-2997.INC280","X.2997.uned","control"
"X-2997.INC280 + trastuzumab","X.2997.uned","control"
"X-2997.LEE011","X.2997.uned","control"
"X-2997.LEE011","X.2997.LE11","treatment"
"X-2997.LEE011 + everolimus","X.2997.uned","control"
"X-2997.LJM716","X.2997.uned","control"
"X-2997.LJM716 + trastuzumab","X.2997.uned","control"
"X-2997.LLM871","X.2997.uned","control"
"X-2997.trastuzumab","X.2997.uned","control"
"X-2997.5FU","X.2997.uned","control"
"X-2997.BKM120 + LJC049","X.2997.uned","control"
"X-2997.BYL719 + binimetinib","X.2997.uned","control"
"X-2997.BYL719 + cetuximab","X.2997.uned","control"
"X-2997.BYL719 + cetuximab + encorafenib","X.2997.uned","control"
"X-2997.BYL719 + encorafenib","X.2997.uned","control"
"X-2997.cetuximab","X.2997.uned","control"
"X-2997.cetuximab + encorafenib","X.2997.uned","control"
"X-2997.CGM097","X.2997.uned","control"
"X-2997.CKX620","X.2997.uned","control"
"X-2997.encorafenib","X.2997.uned","control"
"X-2997.LFW527 + binimetinib","X.2997.uned","control"
"X-2997.LJC049","X.2997.uned","control"
"X-2997.LKA136","X.2997.uned","control"
"X-2997.LKA136","X.2997.LK36","treatment"
"X-2997.abraxane","X.2997.uned","control"
"X-2997.abraxane","X.2997.abne","treatment"
"X-2997.binimetinib-3.5mpk","X.2997.uned","control"
"X-2997.binimetinib-3.5mpk","X.2997.bipk","treatment"
"X-2997.BKM120 + binimetinib","X.2997.uned","control"
"X-2997.BKM120 + binimetinib","X.2997.BK20.biib","treatment"
"X-2997.BKM120 + LDE225","X.2997.uned","control"
"X-2997.BKM120 + LDE225","X.2997.BK20.LD25","treatment"
"X-2997.figitumumab + binimetinib","X.2997.uned","control"
"X-2997.figitumumab + binimetinib","X.2997.fiab.biib","treatment"
"X-2997.gemcitabine-50mpk","X.2997.uned","control"
"X-2997.INC424","X.2997.uned","control"
"X-2997.INC424","X.2997.IN24","treatment"
"X-2997.INC424 + binimetinib","X.2997.uned","control"
"X-2997.INC424 + binimetinib","X.2997.IN24.biib","treatment"
"X-2997.trametinib","X.2997.uned","control"
"X-2997.trametinib","X.2997.trib","treatment"
"X-2997.BYL719 + LEE011","X.2997.uned","control"
"X-2997.LFA102","X.2997.uned","control"
"X-2997.LFW527 + everolimus","X.2997.uned","control"
"X-2997.paclitaxel","X.2997.uned","control"
"X-2997.tamoxifen","X.2997.uned","control"
"X-2997.BYL719 + LGH447","X.2997.uned","control"
"X-2997.erlotinib","X.2997.uned","control"
"X-2997.LCL161 + paclitaxel","X.2997.uned","control"
"X-2997.LGH447","X.2997.uned","control"
"X-2997.WNT974","X.2997.uned","control"
"X-2997.BKM120 + encorafenib","X.2997.uned","control"
"X-2997.dacarbazine","X.2997.uned","control"
"X-2997.encorafenib + binimetinib","X.2997.uned","control"
"X-2997.LDE225","X.2997.uned","control"
"X-2997.LDK378","X.2997.uned","control"
"X-2997.LEE011 + binimetinib","X.2997.uned","control"
"X-2997.LEE011 + encorafenib","X.2997.uned","control"
"X-2997.LGW813","X.2997.uned","control"
"X-2997.TAS266","X.2997.uned","control"
"X-3028.BGJ398","X.3028.uned","control"
"X-3028.binimetinib","X.3028.uned","control"
"X-3028.binimetinib","X.3028.biib","treatment"
"X-3028.BKM120","X.3028.uned","control"
"X-3028.BKM120","X.3028.BK20","treatment"
"X-3028.BYL719","X.3028.uned","control"
"X-3028.BYL719","X.3028.BY19","treatment"
"X-3028.BYL719 + HSP990","X.3028.uned","control"
"X-3028.BYL719 + LJM716","X.3028.uned","control"
"X-3028.BYL719 + LJM716","X.3028.BY19.LJ16","treatment"
"X-3028.CLR457","X.3028.uned","control"
"X-3028.CLR457","X.3028.CL57","treatment"
"X-3028.everolimus","X.3028.uned","control"
"X-3028.figitumumab","X.3028.uned","control"
"X-3028.figitumumab","X.3028.fiab","treatment"
"X-3028.HDM201","X.3028.uned","control"
"X-3028.HDM201","X.3028.HD01","treatment"
"X-3028.HSP990","X.3028.uned","control"
"X-3028.INC280","X.3028.uned","control"
"X-3028.INC280 + trastuzumab","X.3028.uned","control"
"X-3028.LEE011","X.3028.uned","control"
"X-3028.LEE011","X.3028.LE11","treatment"
"X-3028.LEE011 + everolimus","X.3028.uned","control"
"X-3028.LJM716","X.3028.uned","control"
"X-3028.LJM716 + trastuzumab","X.3028.uned","control"
"X-3028.LLM871","X.3028.uned","control"
"X-3028.trastuzumab","X.3028.uned","control"
"X-3028.5FU","X.3028.uned","control"
"X-3028.BKM120 + LJC049","X.3028.uned","control"
"X-3028.BYL719 + binimetinib","X.3028.uned","control"
"X-3028.BYL719 + cetuximab","X.3028.uned","control"
"X-3028.BYL719 + cetuximab + encorafenib","X.3028.uned","control"
"X-3028.BYL719 + encorafenib","X.3028.uned","control"
"X-3028.cetuximab","X.3028.uned","control"
"X-3028.cetuximab + encorafenib","X.3028.uned","control"
"X-3028.CGM097","X.3028.uned","control"
"X-3028.CKX620","X.3028.uned","control"
"X-3028.encorafenib","X.3028.uned","control"
"X-3028.LFW527 + binimetinib","X.3028.uned","control"
"X-3028.LJC049","X.3028.uned","control"
"X-3028.LKA136","X.3028.uned","control"
"X-3028.LKA136","X.3028.LK36","treatment"
"X-3028.abraxane","X.3028.uned","control"
"X-3028.abraxane","X.3028.abne","treatment"
"X-3028.binimetinib-3.5mpk","X.3028.uned","control"
"X-3028.binimetinib-3.5mpk","X.3028.bipk","treatment"
"X-3028.BKM120 + binimetinib","X.3028.uned","control"
"X-3028.BKM120 + binimetinib","X.3028.BK20.biib","treatment"
"X-3028.BKM120 + LDE225","X.3028.uned","control"
"X-3028.BKM120 + LDE225","X.3028.BK20.LD25","treatment"
"X-3028.figitumumab + binimetinib","X.3028.uned","control"
"X-3028.figitumumab + binimetinib","X.3028.fiab.biib","treatment"
"X-3028.gemcitabine-50mpk","X.3028.uned","control"
"X-3028.INC424","X.3028.uned","control"
"X-3028.INC424","X.3028.IN24","treatment"
"X-3028.INC424 + binimetinib","X.3028.uned","control"
"X-3028.INC424 + binimetinib","X.3028.IN24.biib","treatment"
"X-3028.trametinib","X.3028.uned","control"
"X-3028.trametinib","X.3028.trib","treatment"
"X-3028.BYL719 + LEE011","X.3028.uned","control"
"X-3028.LFA102","X.3028.uned","control"
"X-3028.LFW527 + everolimus","X.3028.uned","control"
"X-3028.paclitaxel","X.3028.uned","control"
"X-3028.tamoxifen","X.3028.uned","control"
"X-3028.BYL719 + LGH447","X.3028.uned","control"
"X-3028.erlotinib","X.3028.uned","control"
"X-3028.LCL161 + paclitaxel","X.3028.uned","control"
"X-3028.LGH447","X.3028.uned","control"
"X-3028.WNT974","X.3028.uned","control"
"X-3028.WNT974","X.3028.WN74","treatment"
"X-3028.BKM120 + encorafenib","X.3028.uned","control"
"X-3028.dacarbazine","X.3028.uned","control"
"X-3028.encorafenib + binimetinib","X.3028.uned","control"
"X-3028.LDE225","X.3028.uned","control"
"X-3028.LDK378","X.3028.uned","control"
"X-3028.LEE011 + binimetinib","X.3028.uned","control"
"X-3028.LEE011 + encorafenib","X.3028.uned","control"
"X-3028.LGW813","X.3028.uned","control"
"X-3028.TAS266","X.3028.uned","control"
"X-3029.BGJ398","X.3029.uned","control"
"X-3029.BGJ398","X.3029.BG98","treatment"
"X-3029.binimetinib","X.3029.uned","control"
"X-3029.binimetinib","X.3029.biib","treatment"
"X-3029.BKM120","X.3029.uned","control"
"X-3029.BKM120","X.3029.BK20","treatment"
"X-3029.BYL719","X.3029.uned","control"
"X-3029.BYL719","X.3029.BY19","treatment"
"X-3029.BYL719 + HSP990","X.3029.uned","control"
"X-3029.BYL719 + LJM716","X.3029.uned","control"
"X-3029.BYL719 + LJM716","X.3029.BY19.LJ16","treatment"
"X-3029.CLR457","X.3029.uned","control"
"X-3029.CLR457","X.3029.CL57","treatment"
"X-3029.everolimus","X.3029.uned","control"
"X-3029.figitumumab","X.3029.uned","control"
"X-3029.HDM201","X.3029.uned","control"
"X-3029.HDM201","X.3029.HD01","treatment"
"X-3029.HSP990","X.3029.uned","control"
"X-3029.HSP990","X.3029.HS90","treatment"
"X-3029.INC280","X.3029.uned","control"
"X-3029.INC280","X.3029.IN80","treatment"
"X-3029.INC280 + trastuzumab","X.3029.uned","control"
"X-3029.LEE011","X.3029.uned","control"
"X-3029.LEE011","X.3029.LE11","treatment"
"X-3029.LEE011 + everolimus","X.3029.uned","control"
"X-3029.LJM716","X.3029.uned","control"
"X-3029.LJM716 + trastuzumab","X.3029.uned","control"
"X-3029.LLM871","X.3029.uned","control"
"X-3029.LLM871","X.3029.LL71","treatment"
"X-3029.trastuzumab","X.3029.uned","control"
"X-3029.5FU","X.3029.uned","control"
"X-3029.BKM120 + LJC049","X.3029.uned","control"
"X-3029.BYL719 + binimetinib","X.3029.uned","control"
"X-3029.BYL719 + cetuximab","X.3029.uned","control"
"X-3029.BYL719 + cetuximab + encorafenib","X.3029.uned","control"
"X-3029.BYL719 + encorafenib","X.3029.uned","control"
"X-3029.cetuximab","X.3029.uned","control"
"X-3029.cetuximab","X.3029.ceab","treatment"
"X-3029.cetuximab + encorafenib","X.3029.uned","control"
"X-3029.CGM097","X.3029.uned","control"
"X-3029.CGM097","X.3029.CG97","treatment"
"X-3029.CKX620","X.3029.uned","control"
"X-3029.CKX620","X.3029.CK20","treatment"
"X-3029.encorafenib","X.3029.uned","control"
"X-3029.LFW527 + binimetinib","X.3029.uned","control"
"X-3029.LJC049","X.3029.uned","control"
"X-3029.LKA136","X.3029.uned","control"
"X-3029.abraxane","X.3029.uned","control"
"X-3029.binimetinib-3.5mpk","X.3029.uned","control"
"X-3029.BKM120 + binimetinib","X.3029.uned","control"
"X-3029.BKM120 + binimetinib","X.3029.BK20.biib","treatment"
"X-3029.BKM120 + LDE225","X.3029.uned","control"
"X-3029.figitumumab + binimetinib","X.3029.uned","control"
"X-3029.gemcitabine-50mpk","X.3029.uned","control"
"X-3029.INC424","X.3029.uned","control"
"X-3029.INC424 + binimetinib","X.3029.uned","control"
"X-3029.trametinib","X.3029.uned","control"
"X-3029.BYL719 + LEE011","X.3029.uned","control"
"X-3029.LFA102","X.3029.uned","control"
"X-3029.LFW527 + everolimus","X.3029.uned","control"
"X-3029.paclitaxel","X.3029.uned","control"
"X-3029.paclitaxel","X.3029.pael","treatment"
"X-3029.tamoxifen","X.3029.uned","control"
"X-3029.BYL719 + LGH447","X.3029.uned","control"
"X-3029.BYL719 + LGH447","X.3029.BY19.LG47","treatment"
"X-3029.erlotinib","X.3029.uned","control"
"X-3029.erlotinib","X.3029.erib","treatment"
"X-3029.LCL161 + paclitaxel","X.3029.uned","control"
"X-3029.LCL161 + paclitaxel","X.3029.LC61.pael","treatment"
"X-3029.LGH447","X.3029.uned","control"
"X-3029.LGH447","X.3029.LG47","treatment"
"X-3029.WNT974","X.3029.uned","control"
"X-3029.BKM120 + encorafenib","X.3029.uned","control"
"X-3029.dacarbazine","X.3029.uned","control"
"X-3029.encorafenib + binimetinib","X.3029.uned","control"
"X-3029.LDE225","X.3029.uned","control"
"X-3029.LDK378","X.3029.uned","control"
"X-3029.LEE011 + binimetinib","X.3029.uned","control"
"X-3029.LEE011 + encorafenib","X.3029.uned","control"
"X-3029.LGW813","X.3029.uned","control"
"X-3029.TAS266","X.3029.uned","control"
"X-3038.BGJ398","X.3038.uned","control"
"X-3038.binimetinib","X.3038.uned","control"
"X-3038.binimetinib","X.3038.biib","treatment"
"X-3038.BKM120","X.3038.uned","control"
"X-3038.BKM120","X.3038.BK20","treatment"
"X-3038.BYL719","X.3038.uned","control"
"X-3038.BYL719","X.3038.BY19","treatment"
"X-3038.BYL719 + HSP990","X.3038.uned","control"
"X-3038.BYL719 + LJM716","X.3038.uned","control"
"X-3038.BYL719 + LJM716","X.3038.BY19.LJ16","treatment"
"X-3038.CLR457","X.3038.uned","control"
"X-3038.CLR457","X.3038.CL57","treatment"
"X-3038.everolimus","X.3038.uned","control"
"X-3038.figitumumab","X.3038.uned","control"
"X-3038.figitumumab","X.3038.fiab","treatment"
"X-3038.HDM201","X.3038.uned","control"
"X-3038.HDM201","X.3038.HD01","treatment"
"X-3038.HSP990","X.3038.uned","control"
"X-3038.INC280","X.3038.uned","control"
"X-3038.INC280 + trastuzumab","X.3038.uned","control"
"X-3038.LEE011","X.3038.uned","control"
"X-3038.LEE011","X.3038.LE11","treatment"
"X-3038.LEE011 + everolimus","X.3038.uned","control"
"X-3038.LJM716","X.3038.uned","control"
"X-3038.LJM716 + trastuzumab","X.3038.uned","control"
"X-3038.LLM871","X.3038.uned","control"
"X-3038.trastuzumab","X.3038.uned","control"
"X-3038.5FU","X.3038.uned","control"
"X-3038.BKM120 + LJC049","X.3038.uned","control"
"X-3038.BYL719 + binimetinib","X.3038.uned","control"
"X-3038.BYL719 + cetuximab","X.3038.uned","control"
"X-3038.BYL719 + cetuximab + encorafenib","X.3038.uned","control"
"X-3038.BYL719 + encorafenib","X.3038.uned","control"
"X-3038.cetuximab","X.3038.uned","control"
"X-3038.cetuximab + encorafenib","X.3038.uned","control"
"X-3038.CGM097","X.3038.uned","control"
"X-3038.CKX620","X.3038.uned","control"
"X-3038.encorafenib","X.3038.uned","control"
"X-3038.LFW527 + binimetinib","X.3038.uned","control"
"X-3038.LJC049","X.3038.uned","control"
"X-3038.LKA136","X.3038.uned","control"
"X-3038.LKA136","X.3038.LK36","treatment"
"X-3038.abraxane","X.3038.uned","control"
"X-3038.abraxane","X.3038.abne","treatment"
"X-3038.binimetinib-3.5mpk","X.3038.uned","control"
"X-3038.binimetinib-3.5mpk","X.3038.bipk","treatment"
"X-3038.BKM120 + binimetinib","X.3038.uned","control"
"X-3038.BKM120 + binimetinib","X.3038.BK20.biib","treatment"
"X-3038.BKM120 + LDE225","X.3038.uned","control"
"X-3038.BKM120 + LDE225","X.3038.BK20.LD25","treatment"
"X-3038.figitumumab + binimetinib","X.3038.uned","control"
"X-3038.figitumumab + binimetinib","X.3038.fiab.biib","treatment"
"X-3038.gemcitabine-50mpk","X.3038.uned","control"
"X-3038.INC424","X.3038.uned","control"
"X-3038.INC424","X.3038.IN24","treatment"
"X-3038.INC424 + binimetinib","X.3038.uned","control"
"X-3038.INC424 + binimetinib","X.3038.IN24.biib","treatment"
"X-3038.trametinib","X.3038.uned","control"
"X-3038.trametinib","X.3038.trib","treatment"
"X-3038.BYL719 + LEE011","X.3038.uned","control"
"X-3038.LFA102","X.3038.uned","control"
"X-3038.LFW527 + everolimus","X.3038.uned","control"
"X-3038.paclitaxel","X.3038.uned","control"
"X-3038.tamoxifen","X.3038.uned","control"
"X-3038.BYL719 + LGH447","X.3038.uned","control"
"X-3038.erlotinib","X.3038.uned","control"
"X-3038.LCL161 + paclitaxel","X.3038.uned","control"
"X-3038.LGH447","X.3038.uned","control"
"X-3038.WNT974","X.3038.uned","control"
"X-3038.WNT974","X.3038.WN74","treatment"
"X-3038.BKM120 + encorafenib","X.3038.uned","control"
"X-3038.dacarbazine","X.3038.uned","control"
"X-3038.encorafenib + binimetinib","X.3038.uned","control"
"X-3038.LDE225","X.3038.uned","control"
"X-3038.LDK378","X.3038.uned","control"
"X-3038.LEE011 + binimetinib","X.3038.uned","control"
"X-3038.LEE011 + encorafenib","X.3038.uned","control"
"X-3038.LGW813","X.3038.uned","control"
"X-3038.TAS266","X.3038.uned","control"
"X-3052.BGJ398","X.3052.uned","control"
"X-3052.binimetinib","X.3052.uned","control"
"X-3052.binimetinib","X.3052.biib","treatment"
"X-3052.BKM120","X.3052.uned","control"
"X-3052.BKM120","X.3052.BK20","treatment"
"X-3052.BYL719","X.3052.uned","control"
"X-3052.BYL719","X.3052.BY19","treatment"
"X-3052.BYL719 + HSP990","X.3052.uned","control"
"X-3052.BYL719 + LJM716","X.3052.uned","control"
"X-3052.BYL719 + LJM716","X.3052.BY19.LJ16","treatment"
"X-3052.CLR457","X.3052.uned","control"
"X-3052.CLR457","X.3052.CL57","treatment"
"X-3052.everolimus","X.3052.uned","control"
"X-3052.figitumumab","X.3052.uned","control"
"X-3052.figitumumab","X.3052.fiab","treatment"
"X-3052.HDM201","X.3052.uned","control"
"X-3052.HDM201","X.3052.HD01","treatment"
"X-3052.HSP990","X.3052.uned","control"
"X-3052.INC280","X.3052.uned","control"
"X-3052.INC280 + trastuzumab","X.3052.uned","control"
"X-3052.LEE011","X.3052.uned","control"
"X-3052.LEE011","X.3052.LE11","treatment"
"X-3052.LEE011 + everolimus","X.3052.uned","control"
"X-3052.LJM716","X.3052.uned","control"
"X-3052.LJM716 + trastuzumab","X.3052.uned","control"
"X-3052.LLM871","X.3052.uned","control"
"X-3052.trastuzumab","X.3052.uned","control"
"X-3052.5FU","X.3052.uned","control"
"X-3052.BKM120 + LJC049","X.3052.uned","control"
"X-3052.BYL719 + binimetinib","X.3052.uned","control"
"X-3052.BYL719 + cetuximab","X.3052.uned","control"
"X-3052.BYL719 + cetuximab + encorafenib","X.3052.uned","control"
"X-3052.BYL719 + encorafenib","X.3052.uned","control"
"X-3052.cetuximab","X.3052.uned","control"
"X-3052.cetuximab + encorafenib","X.3052.uned","control"
"X-3052.CGM097","X.3052.uned","control"
"X-3052.CKX620","X.3052.uned","control"
"X-3052.encorafenib","X.3052.uned","control"
"X-3052.LFW527 + binimetinib","X.3052.uned","control"
"X-3052.LJC049","X.3052.uned","control"
"X-3052.LKA136","X.3052.uned","control"
"X-3052.LKA136","X.3052.LK36","treatment"
"X-3052.abraxane","X.3052.uned","control"
"X-3052.abraxane","X.3052.abne","treatment"
"X-3052.binimetinib-3.5mpk","X.3052.uned","control"
"X-3052.binimetinib-3.5mpk","X.3052.bipk","treatment"
"X-3052.BKM120 + binimetinib","X.3052.uned","control"
"X-3052.BKM120 + binimetinib","X.3052.BK20.biib","treatment"
"X-3052.BKM120 + LDE225","X.3052.uned","control"
"X-3052.BKM120 + LDE225","X.3052.BK20.LD25","treatment"
"X-3052.figitumumab + binimetinib","X.3052.uned","control"
"X-3052.figitumumab + binimetinib","X.3052.fiab.biib","treatment"
"X-3052.gemcitabine-50mpk","X.3052.uned","control"
"X-3052.gemcitabine-50mpk","X.3052.gepk","treatment"
"X-3052.INC424","X.3052.uned","control"
"X-3052.INC424","X.3052.IN24","treatment"
"X-3052.INC424 + binimetinib","X.3052.uned","control"
"X-3052.INC424 + binimetinib","X.3052.IN24.biib","treatment"
"X-3052.trametinib","X.3052.uned","control"
"X-3052.trametinib","X.3052.trib","treatment"
"X-3052.BYL719 + LEE011","X.3052.uned","control"
"X-3052.LFA102","X.3052.uned","control"
"X-3052.LFW527 + everolimus","X.3052.uned","control"
"X-3052.paclitaxel","X.3052.uned","control"
"X-3052.tamoxifen","X.3052.uned","control"
"X-3052.BYL719 + LGH447","X.3052.uned","control"
"X-3052.erlotinib","X.3052.uned","control"
"X-3052.LCL161 + paclitaxel","X.3052.uned","control"
"X-3052.LGH447","X.3052.uned","control"
"X-3052.WNT974","X.3052.uned","control"
"X-3052.WNT974","X.3052.WN74","treatment"
"X-3052.BKM120 + encorafenib","X.3052.uned","control"
"X-3052.dacarbazine","X.3052.uned","control"
"X-3052.encorafenib + binimetinib","X.3052.uned","control"
"X-3052.LDE225","X.3052.uned","control"
"X-3052.LDK378","X.3052.uned","control"
"X-3052.LEE011 + binimetinib","X.3052.uned","control"
"X-3052.LEE011 + encorafenib","X.3052.uned","control"
"X-3052.LGW813","X.3052.uned","control"
"X-3052.TAS266","X.3052.uned","control"
"X-3077.BGJ398","X.3077.uned","control"
"X-3077.BGJ398","X.3077.BG98","treatment"
"X-3077.binimetinib","X.3077.uned","control"
"X-3077.binimetinib","X.3077.biib","treatment"
"X-3077.BKM120","X.3077.uned","control"
"X-3077.BKM120","X.3077.BK20","treatment"
"X-3077.BYL719","X.3077.uned","control"
"X-3077.BYL719","X.3077.BY19","treatment"
"X-3077.BYL719 + HSP990","X.3077.uned","control"
"X-3077.BYL719 + LJM716","X.3077.uned","control"
"X-3077.BYL719 + LJM716","X.3077.BY19.LJ16","treatment"
"X-3077.CLR457","X.3077.uned","control"
"X-3077.CLR457","X.3077.CL57","treatment"
"X-3077.everolimus","X.3077.uned","control"
"X-3077.figitumumab","X.3077.uned","control"
"X-3077.HDM201","X.3077.uned","control"
"X-3077.HDM201","X.3077.HD01","treatment"
"X-3077.HSP990","X.3077.uned","control"
"X-3077.INC280","X.3077.uned","control"
"X-3077.INC280 + trastuzumab","X.3077.uned","control"
"X-3077.LEE011","X.3077.uned","control"
"X-3077.LEE011","X.3077.LE11","treatment"
"X-3077.LEE011 + everolimus","X.3077.uned","control"
"X-3077.LEE011 + everolimus","X.3077.LE11.evus","treatment"
"X-3077.LJM716","X.3077.uned","control"
"X-3077.LJM716","X.3077.LJ16","treatment"
"X-3077.LJM716 + trastuzumab","X.3077.uned","control"
"X-3077.LJM716 + trastuzumab","X.3077.LJ16.trab","treatment"
"X-3077.LLM871","X.3077.uned","control"
"X-3077.LLM871","X.3077.LL71","treatment"
"X-3077.trastuzumab","X.3077.uned","control"
"X-3077.trastuzumab","X.3077.trab","treatment"
"X-3077.5FU","X.3077.uned","control"
"X-3077.BKM120 + LJC049","X.3077.uned","control"
"X-3077.BYL719 + binimetinib","X.3077.uned","control"
"X-3077.BYL719 + cetuximab","X.3077.uned","control"
"X-3077.BYL719 + cetuximab + encorafenib","X.3077.uned","control"
"X-3077.BYL719 + encorafenib","X.3077.uned","control"
"X-3077.cetuximab","X.3077.uned","control"
"X-3077.cetuximab + encorafenib","X.3077.uned","control"
"X-3077.CGM097","X.3077.uned","control"
"X-3077.CGM097","X.3077.CG97","treatment"
"X-3077.CKX620","X.3077.uned","control"
"X-3077.encorafenib","X.3077.uned","control"
"X-3077.LFW527 + binimetinib","X.3077.uned","control"
"X-3077.LJC049","X.3077.uned","control"
"X-3077.LKA136","X.3077.uned","control"
"X-3077.LKA136","X.3077.LK36","treatment"
"X-3077.abraxane","X.3077.uned","control"
"X-3077.binimetinib-3.5mpk","X.3077.uned","control"
"X-3077.BKM120 + binimetinib","X.3077.uned","control"
"X-3077.BKM120 + LDE225","X.3077.uned","control"
"X-3077.figitumumab + binimetinib","X.3077.uned","control"
"X-3077.gemcitabine-50mpk","X.3077.uned","control"
"X-3077.INC424","X.3077.uned","control"
"X-3077.INC424","X.3077.IN24","treatment"
"X-3077.INC424 + binimetinib","X.3077.uned","control"
"X-3077.trametinib","X.3077.uned","control"
"X-3077.BYL719 + LEE011","X.3077.uned","control"
"X-3077.BYL719 + LEE011","X.3077.BY19.LE11","treatment"
"X-3077.LFA102","X.3077.uned","control"
"X-3077.LFA102","X.3077.LF02","treatment"
"X-3077.LFW527 + everolimus","X.3077.uned","control"
"X-3077.LFW527 + everolimus","X.3077.LF27.evus","treatment"
"X-3077.paclitaxel","X.3077.uned","control"
"X-3077.paclitaxel","X.3077.pael","treatment"
"X-3077.tamoxifen","X.3077.uned","control"
"X-3077.tamoxifen","X.3077.taen","treatment"
"X-3077.BYL719 + LGH447","X.3077.uned","control"
"X-3077.erlotinib","X.3077.uned","control"
"X-3077.LCL161 + paclitaxel","X.3077.uned","control"
"X-3077.LGH447","X.3077.uned","control"
"X-3077.WNT974","X.3077.uned","control"
"X-3077.BKM120 + encorafenib","X.3077.uned","control"
"X-3077.dacarbazine","X.3077.uned","control"
"X-3077.encorafenib + binimetinib","X.3077.uned","control"
"X-3077.LDE225","X.3077.uned","control"
"X-3077.LDK378","X.3077.uned","control"
"X-3077.LEE011 + binimetinib","X.3077.uned","control"
"X-3077.LEE011 + encorafenib","X.3077.uned","control"
"X-3077.LGW813","X.3077.uned","control"
"X-3077.TAS266","X.3077.uned","control"
"X-3078.BGJ398","X.3078.uned","control"
"X-3078.BGJ398","X.3078.BG98","treatment"
"X-3078.binimetinib","X.3078.uned","control"
"X-3078.binimetinib","X.3078.biib","treatment"
"X-3078.BKM120","X.3078.uned","control"
"X-3078.BKM120","X.3078.BK20","treatment"
"X-3078.BYL719","X.3078.uned","control"
"X-3078.BYL719","X.3078.BY19","treatment"
"X-3078.BYL719 + HSP990","X.3078.uned","control"
"X-3078.BYL719 + LJM716","X.3078.uned","control"
"X-3078.BYL719 + LJM716","X.3078.BY19.LJ16","treatment"
"X-3078.CLR457","X.3078.uned","control"
"X-3078.CLR457","X.3078.CL57","treatment"
"X-3078.everolimus","X.3078.uned","control"
"X-3078.figitumumab","X.3078.uned","control"
"X-3078.HDM201","X.3078.uned","control"
"X-3078.HDM201","X.3078.HD01","treatment"
"X-3078.HSP990","X.3078.uned","control"
"X-3078.INC280","X.3078.uned","control"
"X-3078.INC280 + trastuzumab","X.3078.uned","control"
"X-3078.LEE011","X.3078.uned","control"
"X-3078.LEE011","X.3078.LE11","treatment"
"X-3078.LEE011 + everolimus","X.3078.uned","control"
"X-3078.LEE011 + everolimus","X.3078.LE11.evus","treatment"
"X-3078.LJM716","X.3078.uned","control"
"X-3078.LJM716","X.3078.LJ16","treatment"
"X-3078.LJM716 + trastuzumab","X.3078.uned","control"
"X-3078.LJM716 + trastuzumab","X.3078.LJ16.trab","treatment"
"X-3078.LLM871","X.3078.uned","control"
"X-3078.LLM871","X.3078.LL71","treatment"
"X-3078.trastuzumab","X.3078.uned","control"
"X-3078.trastuzumab","X.3078.trab","treatment"
"X-3078.5FU","X.3078.uned","control"
"X-3078.BKM120 + LJC049","X.3078.uned","control"
"X-3078.BYL719 + binimetinib","X.3078.uned","control"
"X-3078.BYL719 + cetuximab","X.3078.uned","control"
"X-3078.BYL719 + cetuximab + encorafenib","X.3078.uned","control"
"X-3078.BYL719 + encorafenib","X.3078.uned","control"
"X-3078.cetuximab","X.3078.uned","control"
"X-3078.cetuximab + encorafenib","X.3078.uned","control"
"X-3078.CGM097","X.3078.uned","control"
"X-3078.CGM097","X.3078.CG97","treatment"
"X-3078.CKX620","X.3078.uned","control"
"X-3078.encorafenib","X.3078.uned","control"
"X-3078.LFW527 + binimetinib","X.3078.uned","control"
"X-3078.LJC049","X.3078.uned","control"
"X-3078.LKA136","X.3078.uned","control"
"X-3078.LKA136","X.3078.LK36","treatment"
"X-3078.abraxane","X.3078.uned","control"
"X-3078.binimetinib-3.5mpk","X.3078.uned","control"
"X-3078.BKM120 + binimetinib","X.3078.uned","control"
"X-3078.BKM120 + LDE225","X.3078.uned","control"
"X-3078.figitumumab + binimetinib","X.3078.uned","control"
"X-3078.gemcitabine-50mpk","X.3078.uned","control"
"X-3078.INC424","X.3078.uned","control"
"X-3078.INC424","X.3078.IN24","treatment"
"X-3078.INC424 + binimetinib","X.3078.uned","control"
"X-3078.trametinib","X.3078.uned","control"
"X-3078.BYL719 + LEE011","X.3078.uned","control"
"X-3078.BYL719 + LEE011","X.3078.BY19.LE11","treatment"
"X-3078.LFA102","X.3078.uned","control"
"X-3078.LFA102","X.3078.LF02","treatment"
"X-3078.LFW527 + everolimus","X.3078.uned","control"
"X-3078.LFW527 + everolimus","X.3078.LF27.evus","treatment"
"X-3078.paclitaxel","X.3078.uned","control"
"X-3078.paclitaxel","X.3078.pael","treatment"
"X-3078.tamoxifen","X.3078.uned","control"
"X-3078.tamoxifen","X.3078.taen","treatment"
"X-3078.BYL719 + LGH447","X.3078.uned","control"
"X-3078.erlotinib","X.3078.uned","control"
"X-3078.LCL161 + paclitaxel","X.3078.uned","control"
"X-3078.LGH447","X.3078.uned","control"
"X-3078.WNT974","X.3078.uned","control"
"X-3078.BKM120 + encorafenib","X.3078.uned","control"
"X-3078.dacarbazine","X.3078.uned","control"
"X-3078.encorafenib + binimetinib","X.3078.uned","control"
"X-3078.LDE225","X.3078.uned","control"
"X-3078.LDK378","X.3078.uned","control"
"X-3078.LEE011 + binimetinib","X.3078.uned","control"
"X-3078.LEE011 + encorafenib","X.3078.uned","control"
"X-3078.LGW813","X.3078.uned","control"
"X-3078.TAS266","X.3078.uned","control"
"X-3093.BGJ398","X.3093.uned","control"
"X-3093.binimetinib","X.3093.uned","control"
"X-3093.binimetinib","X.3093.biib","treatment"
"X-3093.BKM120","X.3093.uned","control"
"X-3093.BKM120","X.3093.BK20","treatment"
"X-3093.BYL719","X.3093.uned","control"
"X-3093.BYL719","X.3093.BY19","treatment"
"X-3093.BYL719 + HSP990","X.3093.uned","control"
"X-3093.BYL719 + LJM716","X.3093.uned","control"
"X-3093.BYL719 + LJM716","X.3093.BY19.LJ16","treatment"
"X-3093.CLR457","X.3093.uned","control"
"X-3093.CLR457","X.3093.CL57","treatment"
"X-3093.everolimus","X.3093.uned","control"
"X-3093.figitumumab","X.3093.uned","control"
"X-3093.HDM201","X.3093.uned","control"
"X-3093.HDM201","X.3093.HD01","treatment"
"X-3093.HSP990","X.3093.uned","control"
"X-3093.INC280","X.3093.uned","control"
"X-3093.INC280 + trastuzumab","X.3093.uned","control"
"X-3093.LEE011","X.3093.uned","control"
"X-3093.LEE011","X.3093.LE11","treatment"
"X-3093.LEE011 + everolimus","X.3093.uned","control"
"X-3093.LJM716","X.3093.uned","control"
"X-3093.LJM716 + trastuzumab","X.3093.uned","control"
"X-3093.LLM871","X.3093.uned","control"
"X-3093.trastuzumab","X.3093.uned","control"
"X-3093.5FU","X.3093.uned","control"
"X-3093.5FU","X.3093.5FFU","treatment"
"X-3093.BKM120 + LJC049","X.3093.uned","control"
"X-3093.BKM120 + LJC049","X.3093.BK20.LJ49","treatment"
"X-3093.BYL719 + binimetinib","X.3093.uned","control"
"X-3093.BYL719 + binimetinib","X.3093.BY19.biib","treatment"
"X-3093.BYL719 + cetuximab","X.3093.uned","control"
"X-3093.BYL719 + cetuximab","X.3093.BY19.ceab","treatment"
"X-3093.BYL719 + cetuximab + encorafenib","X.3093.uned","control"
"X-3093.BYL719 + cetuximab + encorafenib","X.3093.BY19.ceab.enib","treatment"
"X-3093.BYL719 + encorafenib","X.3093.uned","control"
"X-3093.BYL719 + encorafenib","X.3093.BY19.enib","treatment"
"X-3093.cetuximab","X.3093.uned","control"
"X-3093.cetuximab","X.3093.ceab","treatment"
"X-3093.cetuximab + encorafenib","X.3093.uned","control"
"X-3093.cetuximab + encorafenib","X.3093.ceab.enib","treatment"
"X-3093.CGM097","X.3093.uned","control"
"X-3093.CGM097","X.3093.CG97","treatment"
"X-3093.CKX620","X.3093.uned","control"
"X-3093.CKX620","X.3093.CK20","treatment"
"X-3093.encorafenib","X.3093.uned","control"
"X-3093.encorafenib","X.3093.enib","treatment"
"X-3093.LFW527 + binimetinib","X.3093.uned","control"
"X-3093.LJC049","X.3093.uned","control"
"X-3093.LJC049","X.3093.LJ49","treatment"
"X-3093.LKA136","X.3093.uned","control"
"X-3093.LKA136","X.3093.LK36","treatment"
"X-3093.abraxane","X.3093.uned","control"
"X-3093.binimetinib-3.5mpk","X.3093.uned","control"
"X-3093.BKM120 + binimetinib","X.3093.uned","control"
"X-3093.BKM120 + LDE225","X.3093.uned","control"
"X-3093.figitumumab + binimetinib","X.3093.uned","control"
"X-3093.gemcitabine-50mpk","X.3093.uned","control"
"X-3093.INC424","X.3093.uned","control"
"X-3093.INC424 + binimetinib","X.3093.uned","control"
"X-3093.trametinib","X.3093.uned","control"
"X-3093.BYL719 + LEE011","X.3093.uned","control"
"X-3093.LFA102","X.3093.uned","control"
"X-3093.LFW527 + everolimus","X.3093.uned","control"
"X-3093.paclitaxel","X.3093.uned","control"
"X-3093.tamoxifen","X.3093.uned","control"
"X-3093.BYL719 + LGH447","X.3093.uned","control"
"X-3093.erlotinib","X.3093.uned","control"
"X-3093.LCL161 + paclitaxel","X.3093.uned","control"
"X-3093.LGH447","X.3093.uned","control"
"X-3093.WNT974","X.3093.uned","control"
"X-3093.BKM120 + encorafenib","X.3093.uned","control"
"X-3093.dacarbazine","X.3093.uned","control"
"X-3093.encorafenib + binimetinib","X.3093.uned","control"
"X-3093.LDE225","X.3093.uned","control"
"X-3093.LDK378","X.3093.uned","control"
"X-3093.LEE011 + binimetinib","X.3093.uned","control"
"X-3093.LEE011 + encorafenib","X.3093.uned","control"
"X-3093.LGW813","X.3093.uned","control"
"X-3093.TAS266","X.3093.uned","control"
"X-3127.BGJ398","X.3127.uned","control"
"X-3127.binimetinib","X.3127.uned","control"
"X-3127.binimetinib","X.3127.biib","treatment"
"X-3127.BKM120","X.3127.uned","control"
"X-3127.BKM120","X.3127.BK20","treatment"
"X-3127.BYL719","X.3127.uned","control"
"X-3127.BYL719 + HSP990","X.3127.uned","control"
"X-3127.BYL719 + LJM716","X.3127.uned","control"
"X-3127.CLR457","X.3127.uned","control"
"X-3127.CLR457","X.3127.CL57","treatment"
"X-3127.everolimus","X.3127.uned","control"
"X-3127.figitumumab","X.3127.uned","control"
"X-3127.HDM201","X.3127.uned","control"
"X-3127.HSP990","X.3127.uned","control"
"X-3127.INC280","X.3127.uned","control"
"X-3127.INC280 + trastuzumab","X.3127.uned","control"
"X-3127.LEE011","X.3127.uned","control"
"X-3127.LEE011","X.3127.LE11","treatment"
"X-3127.LEE011 + everolimus","X.3127.uned","control"
"X-3127.LJM716","X.3127.uned","control"
"X-3127.LJM716 + trastuzumab","X.3127.uned","control"
"X-3127.LLM871","X.3127.uned","control"
"X-3127.trastuzumab","X.3127.uned","control"
"X-3127.5FU","X.3127.uned","control"
"X-3127.BKM120 + LJC049","X.3127.uned","control"
"X-3127.BYL719 + binimetinib","X.3127.uned","control"
"X-3127.BYL719 + cetuximab","X.3127.uned","control"
"X-3127.BYL719 + cetuximab + encorafenib","X.3127.uned","control"
"X-3127.BYL719 + encorafenib","X.3127.uned","control"
"X-3127.cetuximab","X.3127.uned","control"
"X-3127.cetuximab + encorafenib","X.3127.uned","control"
"X-3127.CGM097","X.3127.uned","control"
"X-3127.CGM097","X.3127.CG97","treatment"
"X-3127.CKX620","X.3127.uned","control"
"X-3127.encorafenib","X.3127.uned","control"
"X-3127.encorafenib","X.3127.enib","treatment"
"X-3127.LFW527 + binimetinib","X.3127.uned","control"
"X-3127.LJC049","X.3127.uned","control"
"X-3127.LKA136","X.3127.uned","control"
"X-3127.abraxane","X.3127.uned","control"
"X-3127.binimetinib-3.5mpk","X.3127.uned","control"
"X-3127.BKM120 + binimetinib","X.3127.uned","control"
"X-3127.BKM120 + LDE225","X.3127.uned","control"
"X-3127.figitumumab + binimetinib","X.3127.uned","control"
"X-3127.gemcitabine-50mpk","X.3127.uned","control"
"X-3127.INC424","X.3127.uned","control"
"X-3127.INC424 + binimetinib","X.3127.uned","control"
"X-3127.trametinib","X.3127.uned","control"
"X-3127.BYL719 + LEE011","X.3127.uned","control"
"X-3127.LFA102","X.3127.uned","control"
"X-3127.LFW527 + everolimus","X.3127.uned","control"
"X-3127.paclitaxel","X.3127.uned","control"
"X-3127.tamoxifen","X.3127.uned","control"
"X-3127.BYL719 + LGH447","X.3127.uned","control"
"X-3127.erlotinib","X.3127.uned","control"
"X-3127.LCL161 + paclitaxel","X.3127.uned","control"
"X-3127.LGH447","X.3127.uned","control"
"X-3127.WNT974","X.3127.uned","control"
"X-3127.WNT974","X.3127.WN74","treatment"
"X-3127.BKM120 + encorafenib","X.3127.uned","control"
"X-3127.BKM120 + encorafenib","X.3127.BK20.enib","treatment"
"X-3127.dacarbazine","X.3127.uned","control"
"X-3127.dacarbazine","X.3127.dane","treatment"
"X-3127.encorafenib + binimetinib","X.3127.uned","control"
"X-3127.encorafenib + binimetinib","X.3127.enib.biib","treatment"
"X-3127.LDE225","X.3127.uned","control"
"X-3127.LDE225","X.3127.LD25","treatment"
"X-3127.LDK378","X.3127.uned","control"
"X-3127.LDK378","X.3127.LD78","treatment"
"X-3127.LEE011 + binimetinib","X.3127.uned","control"
"X-3127.LEE011 + binimetinib","X.3127.LE11.biib","treatment"
"X-3127.LEE011 + encorafenib","X.3127.uned","control"
"X-3127.LEE011 + encorafenib","X.3127.LE11.enib","treatment"
"X-3127.LGW813","X.3127.uned","control"
"X-3127.LGW813","X.3127.LG13","treatment"
"X-3127.TAS266","X.3127.uned","control"
"X-3127.TAS266","X.3127.TA66","treatment"
"X-3201.BGJ398","X.3201.uned","control"
"X-3201.BGJ398","X.3201.BG98","treatment"
"X-3201.binimetinib","X.3201.uned","control"
"X-3201.binimetinib","X.3201.biib","treatment"
"X-3201.BKM120","X.3201.uned","control"
"X-3201.BKM120","X.3201.BK20","treatment"
"X-3201.BYL719","X.3201.uned","control"
"X-3201.BYL719","X.3201.BY19","treatment"
"X-3201.BYL719 + HSP990","X.3201.uned","control"
"X-3201.BYL719 + LJM716","X.3201.uned","control"
"X-3201.BYL719 + LJM716","X.3201.BY19.LJ16","treatment"
"X-3201.CLR457","X.3201.uned","control"
"X-3201.CLR457","X.3201.CL57","treatment"
"X-3201.everolimus","X.3201.uned","control"
"X-3201.figitumumab","X.3201.uned","control"
"X-3201.HDM201","X.3201.uned","control"
"X-3201.HDM201","X.3201.HD01","treatment"
"X-3201.HSP990","X.3201.uned","control"
"X-3201.INC280","X.3201.uned","control"
"X-3201.INC280 + trastuzumab","X.3201.uned","control"
"X-3201.LEE011","X.3201.uned","control"
"X-3201.LEE011","X.3201.LE11","treatment"
"X-3201.LEE011 + everolimus","X.3201.uned","control"
"X-3201.LEE011 + everolimus","X.3201.LE11.evus","treatment"
"X-3201.LJM716","X.3201.uned","control"
"X-3201.LJM716","X.3201.LJ16","treatment"
"X-3201.LJM716 + trastuzumab","X.3201.uned","control"
"X-3201.LJM716 + trastuzumab","X.3201.LJ16.trab","treatment"
"X-3201.LLM871","X.3201.uned","control"
"X-3201.LLM871","X.3201.LL71","treatment"
"X-3201.trastuzumab","X.3201.uned","control"
"X-3201.trastuzumab","X.3201.trab","treatment"
"X-3201.5FU","X.3201.uned","control"
"X-3201.BKM120 + LJC049","X.3201.uned","control"
"X-3201.BYL719 + binimetinib","X.3201.uned","control"
"X-3201.BYL719 + cetuximab","X.3201.uned","control"
"X-3201.BYL719 + cetuximab + encorafenib","X.3201.uned","control"
"X-3201.BYL719 + encorafenib","X.3201.uned","control"
"X-3201.cetuximab","X.3201.uned","control"
"X-3201.cetuximab + encorafenib","X.3201.uned","control"
"X-3201.CGM097","X.3201.uned","control"
"X-3201.CGM097","X.3201.CG97","treatment"
"X-3201.CKX620","X.3201.uned","control"
"X-3201.encorafenib","X.3201.uned","control"
"X-3201.LFW527 + binimetinib","X.3201.uned","control"
"X-3201.LJC049","X.3201.uned","control"
"X-3201.LKA136","X.3201.uned","control"
"X-3201.LKA136","X.3201.LK36","treatment"
"X-3201.abraxane","X.3201.uned","control"
"X-3201.binimetinib-3.5mpk","X.3201.uned","control"
"X-3201.BKM120 + binimetinib","X.3201.uned","control"
"X-3201.BKM120 + LDE225","X.3201.uned","control"
"X-3201.figitumumab + binimetinib","X.3201.uned","control"
"X-3201.gemcitabine-50mpk","X.3201.uned","control"
"X-3201.INC424","X.3201.uned","control"
"X-3201.INC424","X.3201.IN24","treatment"
"X-3201.INC424 + binimetinib","X.3201.uned","control"
"X-3201.trametinib","X.3201.uned","control"
"X-3201.BYL719 + LEE011","X.3201.uned","control"
"X-3201.BYL719 + LEE011","X.3201.BY19.LE11","treatment"
"X-3201.LFA102","X.3201.uned","control"
"X-3201.LFA102","X.3201.LF02","treatment"
"X-3201.LFW527 + everolimus","X.3201.uned","control"
"X-3201.LFW527 + everolimus","X.3201.LF27.evus","treatment"
"X-3201.paclitaxel","X.3201.uned","control"
"X-3201.paclitaxel","X.3201.pael","treatment"
"X-3201.tamoxifen","X.3201.uned","control"
"X-3201.tamoxifen","X.3201.taen","treatment"
"X-3201.BYL719 + LGH447","X.3201.uned","control"
"X-3201.erlotinib","X.3201.uned","control"
"X-3201.LCL161 + paclitaxel","X.3201.uned","control"
"X-3201.LGH447","X.3201.uned","control"
"X-3201.WNT974","X.3201.uned","control"
"X-3201.BKM120 + encorafenib","X.3201.uned","control"
"X-3201.dacarbazine","X.3201.uned","control"
"X-3201.encorafenib + binimetinib","X.3201.uned","control"
"X-3201.LDE225","X.3201.uned","control"
"X-3201.LDK378","X.3201.uned","control"
"X-3201.LEE011 + binimetinib","X.3201.uned","control"
"X-3201.LEE011 + encorafenib","X.3201.uned","control"
"X-3201.LGW813","X.3201.uned","control"
"X-3201.TAS266","X.3201.uned","control"
"X-3205.BGJ398","X.3205.uned","control"
"X-3205.binimetinib","X.3205.uned","control"
"X-3205.binimetinib","X.3205.biib","treatment"
"X-3205.BKM120","X.3205.uned","control"
"X-3205.BKM120","X.3205.BK20","treatment"
"X-3205.BYL719","X.3205.uned","control"
"X-3205.BYL719","X.3205.BY19","treatment"
"X-3205.BYL719 + HSP990","X.3205.uned","control"
"X-3205.BYL719 + LJM716","X.3205.uned","control"
"X-3205.BYL719 + LJM716","X.3205.BY19.LJ16","treatment"
"X-3205.CLR457","X.3205.uned","control"
"X-3205.CLR457","X.3205.CL57","treatment"
"X-3205.everolimus","X.3205.uned","control"
"X-3205.figitumumab","X.3205.uned","control"
"X-3205.HDM201","X.3205.uned","control"
"X-3205.HDM201","X.3205.HD01","treatment"
"X-3205.HSP990","X.3205.uned","control"
"X-3205.INC280","X.3205.uned","control"
"X-3205.INC280 + trastuzumab","X.3205.uned","control"
"X-3205.LEE011","X.3205.uned","control"
"X-3205.LEE011","X.3205.LE11","treatment"
"X-3205.LEE011 + everolimus","X.3205.uned","control"
"X-3205.LJM716","X.3205.uned","control"
"X-3205.LJM716 + trastuzumab","X.3205.uned","control"
"X-3205.LLM871","X.3205.uned","control"
"X-3205.trastuzumab","X.3205.uned","control"
"X-3205.5FU","X.3205.uned","control"
"X-3205.5FU","X.3205.5FFU","treatment"
"X-3205.BKM120 + LJC049","X.3205.uned","control"
"X-3205.BKM120 + LJC049","X.3205.BK20.LJ49","treatment"
"X-3205.BYL719 + binimetinib","X.3205.uned","control"
"X-3205.BYL719 + binimetinib","X.3205.BY19.biib","treatment"
"X-3205.BYL719 + cetuximab","X.3205.uned","control"
"X-3205.BYL719 + cetuximab","X.3205.BY19.ceab","treatment"
"X-3205.BYL719 + cetuximab + encorafenib","X.3205.uned","control"
"X-3205.BYL719 + cetuximab + encorafenib","X.3205.BY19.ceab.enib","treatment"
"X-3205.BYL719 + encorafenib","X.3205.uned","control"
"X-3205.BYL719 + encorafenib","X.3205.BY19.enib","treatment"
"X-3205.cetuximab","X.3205.uned","control"
"X-3205.cetuximab","X.3205.ceab","treatment"
"X-3205.cetuximab + encorafenib","X.3205.uned","control"
"X-3205.cetuximab + encorafenib","X.3205.ceab.enib","treatment"
"X-3205.CGM097","X.3205.uned","control"
"X-3205.CGM097","X.3205.CG97","treatment"
"X-3205.CKX620","X.3205.uned","control"
"X-3205.CKX620","X.3205.CK20","treatment"
"X-3205.encorafenib","X.3205.uned","control"
"X-3205.encorafenib","X.3205.enib","treatment"
"X-3205.LFW527 + binimetinib","X.3205.uned","control"
"X-3205.LFW527 + binimetinib","X.3205.LF27.biib","treatment"
"X-3205.LJC049","X.3205.uned","control"
"X-3205.LJC049","X.3205.LJ49","treatment"
"X-3205.LKA136","X.3205.uned","control"
"X-3205.LKA136","X.3205.LK36","treatment"
"X-3205.abraxane","X.3205.uned","control"
"X-3205.binimetinib-3.5mpk","X.3205.uned","control"
"X-3205.BKM120 + binimetinib","X.3205.uned","control"
"X-3205.BKM120 + LDE225","X.3205.uned","control"
"X-3205.figitumumab + binimetinib","X.3205.uned","control"
"X-3205.gemcitabine-50mpk","X.3205.uned","control"
"X-3205.INC424","X.3205.uned","control"
"X-3205.INC424 + binimetinib","X.3205.uned","control"
"X-3205.trametinib","X.3205.uned","control"
"X-3205.BYL719 + LEE011","X.3205.uned","control"
"X-3205.LFA102","X.3205.uned","control"
"X-3205.LFW527 + everolimus","X.3205.uned","control"
"X-3205.paclitaxel","X.3205.uned","control"
"X-3205.tamoxifen","X.3205.uned","control"
"X-3205.BYL719 + LGH447","X.3205.uned","control"
"X-3205.erlotinib","X.3205.uned","control"
"X-3205.LCL161 + paclitaxel","X.3205.uned","control"
"X-3205.LGH447","X.3205.uned","control"
"X-3205.WNT974","X.3205.uned","control"
"X-3205.BKM120 + encorafenib","X.3205.uned","control"
"X-3205.dacarbazine","X.3205.uned","control"
"X-3205.encorafenib + binimetinib","X.3205.uned","control"
"X-3205.LDE225","X.3205.uned","control"
"X-3205.LDK378","X.3205.uned","control"
"X-3205.LEE011 + binimetinib","X.3205.uned","control"
"X-3205.LEE011 + encorafenib","X.3205.uned","control"
"X-3205.LGW813","X.3205.uned","control"
"X-3205.TAS266","X.3205.uned","control"
"X-3209.binimetinib","X.3209.biib","treatment"
"X-3209.BKM120","X.3209.BK20","treatment"
"X-3209.BYL719 + LJM716","X.3209.BY19.LJ16","treatment"
"X-3209.LEE011","X.3209.LE11","treatment"
"X-3209.abraxane","X.3209.abne","treatment"
"X-3209.BKM120 + binimetinib","X.3209.BK20.biib","treatment"
"X-3209.BKM120 + LDE225","X.3209.BK20.LD25","treatment"
"X-3209.figitumumab + binimetinib","X.3209.fiab.biib","treatment"
"X-3209.gemcitabine-50mpk","X.3209.gepk","treatment"
"X-3209.INC424","X.3209.IN24","treatment"
"X-3209.INC424 + binimetinib","X.3209.IN24.biib","treatment"
"X-3211.BGJ398","X.3211.uned","control"
"X-3211.binimetinib","X.3211.uned","control"
"X-3211.binimetinib","X.3211.biib","treatment"
"X-3211.BKM120","X.3211.uned","control"
"X-3211.BKM120","X.3211.BK20","treatment"
"X-3211.BYL719","X.3211.uned","control"
"X-3211.BYL719 + HSP990","X.3211.uned","control"
"X-3211.BYL719 + LJM716","X.3211.uned","control"
"X-3211.CLR457","X.3211.uned","control"
"X-3211.CLR457","X.3211.CL57","treatment"
"X-3211.everolimus","X.3211.uned","control"
"X-3211.figitumumab","X.3211.uned","control"
"X-3211.HDM201","X.3211.uned","control"
"X-3211.HSP990","X.3211.uned","control"
"X-3211.INC280","X.3211.uned","control"
"X-3211.INC280 + trastuzumab","X.3211.uned","control"
"X-3211.LEE011","X.3211.uned","control"
"X-3211.LEE011","X.3211.LE11","treatment"
"X-3211.LEE011 + everolimus","X.3211.uned","control"
"X-3211.LJM716","X.3211.uned","control"
"X-3211.LJM716 + trastuzumab","X.3211.uned","control"
"X-3211.LLM871","X.3211.uned","control"
"X-3211.trastuzumab","X.3211.uned","control"
"X-3211.5FU","X.3211.uned","control"
"X-3211.BKM120 + LJC049","X.3211.uned","control"
"X-3211.BYL719 + binimetinib","X.3211.uned","control"
"X-3211.BYL719 + cetuximab","X.3211.uned","control"
"X-3211.BYL719 + cetuximab + encorafenib","X.3211.uned","control"
"X-3211.BYL719 + encorafenib","X.3211.uned","control"
"X-3211.cetuximab","X.3211.uned","control"
"X-3211.cetuximab + encorafenib","X.3211.uned","control"
"X-3211.CGM097","X.3211.uned","control"
"X-3211.CGM097","X.3211.CG97","treatment"
"X-3211.CKX620","X.3211.uned","control"
"X-3211.encorafenib","X.3211.uned","control"
"X-3211.encorafenib","X.3211.enib","treatment"
"X-3211.LFW527 + binimetinib","X.3211.uned","control"
"X-3211.LJC049","X.3211.uned","control"
"X-3211.LKA136","X.3211.uned","control"
"X-3211.abraxane","X.3211.uned","control"
"X-3211.binimetinib-3.5mpk","X.3211.uned","control"
"X-3211.BKM120 + binimetinib","X.3211.uned","control"
"X-3211.BKM120 + LDE225","X.3211.uned","control"
"X-3211.figitumumab + binimetinib","X.3211.uned","control"
"X-3211.gemcitabine-50mpk","X.3211.uned","control"
"X-3211.INC424","X.3211.uned","control"
"X-3211.INC424 + binimetinib","X.3211.uned","control"
"X-3211.trametinib","X.3211.uned","control"
"X-3211.BYL719 + LEE011","X.3211.uned","control"
"X-3211.LFA102","X.3211.uned","control"
"X-3211.LFW527 + everolimus","X.3211.uned","control"
"X-3211.paclitaxel","X.3211.uned","control"
"X-3211.tamoxifen","X.3211.uned","control"
"X-3211.BYL719 + LGH447","X.3211.uned","control"
"X-3211.erlotinib","X.3211.uned","control"
"X-3211.LCL161 + paclitaxel","X.3211.uned","control"
"X-3211.LGH447","X.3211.uned","control"
"X-3211.WNT974","X.3211.uned","control"
"X-3211.WNT974","X.3211.WN74","treatment"
"X-3211.BKM120 + encorafenib","X.3211.uned","control"
"X-3211.BKM120 + encorafenib","X.3211.BK20.enib","treatment"
"X-3211.dacarbazine","X.3211.uned","control"
"X-3211.dacarbazine","X.3211.dane","treatment"
"X-3211.encorafenib + binimetinib","X.3211.uned","control"
"X-3211.encorafenib + binimetinib","X.3211.enib.biib","treatment"
"X-3211.LDE225","X.3211.uned","control"
"X-3211.LDE225","X.3211.LD25","treatment"
"X-3211.LDK378","X.3211.uned","control"
"X-3211.LDK378","X.3211.LD78","treatment"
"X-3211.LEE011 + binimetinib","X.3211.uned","control"
"X-3211.LEE011 + binimetinib","X.3211.LE11.biib","treatment"
"X-3211.LEE011 + encorafenib","X.3211.uned","control"
"X-3211.LEE011 + encorafenib","X.3211.LE11.enib","treatment"
"X-3211.LGW813","X.3211.uned","control"
"X-3211.LGW813","X.3211.LG13","treatment"
"X-3211.TAS266","X.3211.uned","control"
"X-3211.TAS266","X.3211.TA66","treatment"
"X-3224.BGJ398","X.3224.uned","control"
"X-3224.binimetinib","X.3224.uned","control"
"X-3224.binimetinib","X.3224.biib","treatment"
"X-3224.BKM120","X.3224.uned","control"
"X-3224.BKM120","X.3224.BK20","treatment"
"X-3224.BYL719","X.3224.uned","control"
"X-3224.BYL719","X.3224.BY19","treatment"
"X-3224.BYL719 + HSP990","X.3224.uned","control"
"X-3224.BYL719 + LJM716","X.3224.uned","control"
"X-3224.BYL719 + LJM716","X.3224.BY19.LJ16","treatment"
"X-3224.CLR457","X.3224.uned","control"
"X-3224.CLR457","X.3224.CL57","treatment"
"X-3224.everolimus","X.3224.uned","control"
"X-3224.figitumumab","X.3224.uned","control"
"X-3224.HDM201","X.3224.uned","control"
"X-3224.HDM201","X.3224.HD01","treatment"
"X-3224.HSP990","X.3224.uned","control"
"X-3224.INC280","X.3224.uned","control"
"X-3224.INC280 + trastuzumab","X.3224.uned","control"
"X-3224.LEE011","X.3224.uned","control"
"X-3224.LEE011","X.3224.LE11","treatment"
"X-3224.LEE011 + everolimus","X.3224.uned","control"
"X-3224.LJM716","X.3224.uned","control"
"X-3224.LJM716 + trastuzumab","X.3224.uned","control"
"X-3224.LLM871","X.3224.uned","control"
"X-3224.trastuzumab","X.3224.uned","control"
"X-3224.5FU","X.3224.uned","control"
"X-3224.5FU","X.3224.5FFU","treatment"
"X-3224.BKM120 + LJC049","X.3224.uned","control"
"X-3224.BKM120 + LJC049","X.3224.BK20.LJ49","treatment"
"X-3224.BYL719 + binimetinib","X.3224.uned","control"
"X-3224.BYL719 + binimetinib","X.3224.BY19.biib","treatment"
"X-3224.BYL719 + cetuximab","X.3224.uned","control"
"X-3224.BYL719 + cetuximab","X.3224.BY19.ceab","treatment"
"X-3224.BYL719 + cetuximab + encorafenib","X.3224.uned","control"
"X-3224.BYL719 + cetuximab + encorafenib","X.3224.BY19.ceab.enib","treatment"
"X-3224.BYL719 + encorafenib","X.3224.uned","control"
"X-3224.BYL719 + encorafenib","X.3224.BY19.enib","treatment"
"X-3224.cetuximab","X.3224.uned","control"
"X-3224.cetuximab","X.3224.ceab","treatment"
"X-3224.cetuximab + encorafenib","X.3224.uned","control"
"X-3224.cetuximab + encorafenib","X.3224.ceab.enib","treatment"
"X-3224.CGM097","X.3224.uned","control"
"X-3224.CGM097","X.3224.CG97","treatment"
"X-3224.CKX620","X.3224.uned","control"
"X-3224.CKX620","X.3224.CK20","treatment"
"X-3224.encorafenib","X.3224.uned","control"
"X-3224.encorafenib","X.3224.enib","treatment"
"X-3224.LFW527 + binimetinib","X.3224.uned","control"
"X-3224.LJC049","X.3224.uned","control"
"X-3224.LJC049","X.3224.LJ49","treatment"
"X-3224.LKA136","X.3224.uned","control"
"X-3224.LKA136","X.3224.LK36","treatment"
"X-3224.abraxane","X.3224.uned","control"
"X-3224.binimetinib-3.5mpk","X.3224.uned","control"
"X-3224.BKM120 + binimetinib","X.3224.uned","control"
"X-3224.BKM120 + LDE225","X.3224.uned","control"
"X-3224.figitumumab + binimetinib","X.3224.uned","control"
"X-3224.gemcitabine-50mpk","X.3224.uned","control"
"X-3224.INC424","X.3224.uned","control"
"X-3224.INC424 + binimetinib","X.3224.uned","control"
"X-3224.trametinib","X.3224.uned","control"
"X-3224.BYL719 + LEE011","X.3224.uned","control"
"X-3224.LFA102","X.3224.uned","control"
"X-3224.LFW527 + everolimus","X.3224.uned","control"
"X-3224.paclitaxel","X.3224.uned","control"
"X-3224.tamoxifen","X.3224.uned","control"
"X-3224.BYL719 + LGH447","X.3224.uned","control"
"X-3224.erlotinib","X.3224.uned","control"
"X-3224.LCL161 + paclitaxel","X.3224.uned","control"
"X-3224.LGH447","X.3224.uned","control"
"X-3224.WNT974","X.3224.uned","control"
"X-3224.BKM120 + encorafenib","X.3224.uned","control"
"X-3224.dacarbazine","X.3224.uned","control"
"X-3224.encorafenib + binimetinib","X.3224.uned","control"
"X-3224.LDE225","X.3224.uned","control"
"X-3224.LDK378","X.3224.uned","control"
"X-3224.LEE011 + binimetinib","X.3224.uned","control"
"X-3224.LEE011 + encorafenib","X.3224.uned","control"
"X-3224.LGW813","X.3224.uned","control"
"X-3224.TAS266","X.3224.uned","control"
"X-3237.BGJ398","X.3237.uned","control"
"X-3237.BGJ398","X.3237.BG98","treatment"
"X-3237.binimetinib","X.3237.uned","control"
"X-3237.binimetinib","X.3237.biib","treatment"
"X-3237.BKM120","X.3237.uned","control"
"X-3237.BKM120","X.3237.BK20","treatment"
"X-3237.BYL719","X.3237.uned","control"
"X-3237.BYL719","X.3237.BY19","treatment"
"X-3237.BYL719 + HSP990","X.3237.uned","control"
"X-3237.BYL719 + LJM716","X.3237.uned","control"
"X-3237.BYL719 + LJM716","X.3237.BY19.LJ16","treatment"
"X-3237.CLR457","X.3237.uned","control"
"X-3237.CLR457","X.3237.CL57","treatment"
"X-3237.everolimus","X.3237.uned","control"
"X-3237.figitumumab","X.3237.uned","control"
"X-3237.HDM201","X.3237.uned","control"
"X-3237.HDM201","X.3237.HD01","treatment"
"X-3237.HSP990","X.3237.uned","control"
"X-3237.HSP990","X.3237.HS90","treatment"
"X-3237.INC280","X.3237.uned","control"
"X-3237.INC280","X.3237.IN80","treatment"
"X-3237.INC280 + trastuzumab","X.3237.uned","control"
"X-3237.LEE011","X.3237.uned","control"
"X-3237.LEE011","X.3237.LE11","treatment"
"X-3237.LEE011 + everolimus","X.3237.uned","control"
"X-3237.LJM716","X.3237.uned","control"
"X-3237.LJM716 + trastuzumab","X.3237.uned","control"
"X-3237.LLM871","X.3237.uned","control"
"X-3237.LLM871","X.3237.LL71","treatment"
"X-3237.trastuzumab","X.3237.uned","control"
"X-3237.5FU","X.3237.uned","control"
"X-3237.BKM120 + LJC049","X.3237.uned","control"
"X-3237.BYL719 + binimetinib","X.3237.uned","control"
"X-3237.BYL719 + cetuximab","X.3237.uned","control"
"X-3237.BYL719 + cetuximab + encorafenib","X.3237.uned","control"
"X-3237.BYL719 + encorafenib","X.3237.uned","control"
"X-3237.cetuximab","X.3237.uned","control"
"X-3237.cetuximab","X.3237.ceab","treatment"
"X-3237.cetuximab + encorafenib","X.3237.uned","control"
"X-3237.CGM097","X.3237.uned","control"
"X-3237.CGM097","X.3237.CG97","treatment"
"X-3237.CKX620","X.3237.uned","control"
"X-3237.CKX620","X.3237.CK20","treatment"
"X-3237.encorafenib","X.3237.uned","control"
"X-3237.LFW527 + binimetinib","X.3237.uned","control"
"X-3237.LFW527 + binimetinib","X.3237.LF27.biib","treatment"
"X-3237.LJC049","X.3237.uned","control"
"X-3237.LKA136","X.3237.uned","control"
"X-3237.abraxane","X.3237.uned","control"
"X-3237.binimetinib-3.5mpk","X.3237.uned","control"
"X-3237.BKM120 + binimetinib","X.3237.uned","control"
"X-3237.BKM120 + binimetinib","X.3237.BK20.biib","treatment"
"X-3237.BKM120 + LDE225","X.3237.uned","control"
"X-3237.figitumumab + binimetinib","X.3237.uned","control"
"X-3237.gemcitabine-50mpk","X.3237.uned","control"
"X-3237.INC424","X.3237.uned","control"
"X-3237.INC424 + binimetinib","X.3237.uned","control"
"X-3237.trametinib","X.3237.uned","control"
"X-3237.BYL719 + LEE011","X.3237.uned","control"
"X-3237.LFA102","X.3237.uned","control"
"X-3237.LFW527 + everolimus","X.3237.uned","control"
"X-3237.paclitaxel","X.3237.uned","control"
"X-3237.paclitaxel","X.3237.pael","treatment"
"X-3237.tamoxifen","X.3237.uned","control"
"X-3237.BYL719 + LGH447","X.3237.uned","control"
"X-3237.BYL719 + LGH447","X.3237.BY19.LG47","treatment"
"X-3237.erlotinib","X.3237.uned","control"
"X-3237.erlotinib","X.3237.erib","treatment"
"X-3237.LCL161 + paclitaxel","X.3237.uned","control"
"X-3237.LCL161 + paclitaxel","X.3237.LC61.pael","treatment"
"X-3237.LGH447","X.3237.uned","control"
"X-3237.LGH447","X.3237.LG47","treatment"
"X-3237.WNT974","X.3237.uned","control"
"X-3237.BKM120 + encorafenib","X.3237.uned","control"
"X-3237.dacarbazine","X.3237.uned","control"
"X-3237.encorafenib + binimetinib","X.3237.uned","control"
"X-3237.LDE225","X.3237.uned","control"
"X-3237.LDK378","X.3237.uned","control"
"X-3237.LEE011 + binimetinib","X.3237.uned","control"
"X-3237.LEE011 + encorafenib","X.3237.uned","control"
"X-3237.LGW813","X.3237.uned","control"
"X-3237.TAS266","X.3237.uned","control"
"X-3267.BGJ398","X.3267.uned","control"
"X-3267.binimetinib","X.3267.uned","control"
"X-3267.binimetinib","X.3267.biib","treatment"
"X-3267.BKM120","X.3267.uned","control"
"X-3267.BKM120","X.3267.BK20","treatment"
"X-3267.BYL719","X.3267.uned","control"
"X-3267.BYL719","X.3267.BY19","treatment"
"X-3267.BYL719 + HSP990","X.3267.uned","control"
"X-3267.BYL719 + LJM716","X.3267.uned","control"
"X-3267.BYL719 + LJM716","X.3267.BY19.LJ16","treatment"
"X-3267.CLR457","X.3267.uned","control"
"X-3267.CLR457","X.3267.CL57","treatment"
"X-3267.everolimus","X.3267.uned","control"
"X-3267.figitumumab","X.3267.uned","control"
"X-3267.HDM201","X.3267.uned","control"
"X-3267.HDM201","X.3267.HD01","treatment"
"X-3267.HSP990","X.3267.uned","control"
"X-3267.INC280","X.3267.uned","control"
"X-3267.INC280 + trastuzumab","X.3267.uned","control"
"X-3267.LEE011","X.3267.uned","control"
"X-3267.LEE011","X.3267.LE11","treatment"
"X-3267.LEE011 + everolimus","X.3267.uned","control"
"X-3267.LJM716","X.3267.uned","control"
"X-3267.LJM716 + trastuzumab","X.3267.uned","control"
"X-3267.LLM871","X.3267.uned","control"
"X-3267.trastuzumab","X.3267.uned","control"
"X-3267.5FU","X.3267.uned","control"
"X-3267.5FU","X.3267.5FFU","treatment"
"X-3267.BKM120 + LJC049","X.3267.uned","control"
"X-3267.BKM120 + LJC049","X.3267.BK20.LJ49","treatment"
"X-3267.BYL719 + binimetinib","X.3267.uned","control"
"X-3267.BYL719 + binimetinib","X.3267.BY19.biib","treatment"
"X-3267.BYL719 + cetuximab","X.3267.uned","control"
"X-3267.BYL719 + cetuximab","X.3267.BY19.ceab","treatment"
"X-3267.BYL719 + cetuximab + encorafenib","X.3267.uned","control"
"X-3267.BYL719 + cetuximab + encorafenib","X.3267.BY19.ceab.enib","treatment"
"X-3267.BYL719 + encorafenib","X.3267.uned","control"
"X-3267.BYL719 + encorafenib","X.3267.BY19.enib","treatment"
"X-3267.cetuximab","X.3267.uned","control"
"X-3267.cetuximab","X.3267.ceab","treatment"
"X-3267.cetuximab + encorafenib","X.3267.uned","control"
"X-3267.cetuximab + encorafenib","X.3267.ceab.enib","treatment"
"X-3267.CGM097","X.3267.uned","control"
"X-3267.CGM097","X.3267.CG97","treatment"
"X-3267.CKX620","X.3267.uned","control"
"X-3267.CKX620","X.3267.CK20","treatment"
"X-3267.encorafenib","X.3267.uned","control"
"X-3267.encorafenib","X.3267.enib","treatment"
"X-3267.LFW527 + binimetinib","X.3267.uned","control"
"X-3267.LJC049","X.3267.uned","control"
"X-3267.LJC049","X.3267.LJ49","treatment"
"X-3267.LKA136","X.3267.uned","control"
"X-3267.LKA136","X.3267.LK36","treatment"
"X-3267.abraxane","X.3267.uned","control"
"X-3267.binimetinib-3.5mpk","X.3267.uned","control"
"X-3267.BKM120 + binimetinib","X.3267.uned","control"
"X-3267.BKM120 + LDE225","X.3267.uned","control"
"X-3267.figitumumab + binimetinib","X.3267.uned","control"
"X-3267.gemcitabine-50mpk","X.3267.uned","control"
"X-3267.INC424","X.3267.uned","control"
"X-3267.INC424 + binimetinib","X.3267.uned","control"
"X-3267.trametinib","X.3267.uned","control"
"X-3267.BYL719 + LEE011","X.3267.uned","control"
"X-3267.LFA102","X.3267.uned","control"
"X-3267.LFW527 + everolimus","X.3267.uned","control"
"X-3267.paclitaxel","X.3267.uned","control"
"X-3267.tamoxifen","X.3267.uned","control"
"X-3267.BYL719 + LGH447","X.3267.uned","control"
"X-3267.erlotinib","X.3267.uned","control"
"X-3267.LCL161 + paclitaxel","X.3267.uned","control"
"X-3267.LGH447","X.3267.uned","control"
"X-3267.WNT974","X.3267.uned","control"
"X-3267.BKM120 + encorafenib","X.3267.uned","control"
"X-3267.dacarbazine","X.3267.uned","control"
"X-3267.encorafenib + binimetinib","X.3267.uned","control"
"X-3267.LDE225","X.3267.uned","control"
"X-3267.LDK378","X.3267.uned","control"
"X-3267.LEE011 + binimetinib","X.3267.uned","control"
"X-3267.LEE011 + encorafenib","X.3267.uned","control"
"X-3267.LGW813","X.3267.uned","control"
"X-3267.TAS266","X.3267.uned","control"
"X-3268.BGJ398","X.3268.uned","control"
"X-3268.binimetinib","X.3268.uned","control"
"X-3268.binimetinib","X.3268.biib","treatment"
"X-3268.BKM120","X.3268.uned","control"
"X-3268.BKM120","X.3268.BK20","treatment"
"X-3268.BYL719","X.3268.uned","control"
"X-3268.BYL719","X.3268.BY19","treatment"
"X-3268.BYL719 + HSP990","X.3268.uned","control"
"X-3268.BYL719 + LJM716","X.3268.uned","control"
"X-3268.BYL719 + LJM716","X.3268.BY19.LJ16","treatment"
"X-3268.CLR457","X.3268.uned","control"
"X-3268.CLR457","X.3268.CL57","treatment"
"X-3268.everolimus","X.3268.uned","control"
"X-3268.figitumumab","X.3268.uned","control"
"X-3268.figitumumab","X.3268.fiab","treatment"
"X-3268.HDM201","X.3268.uned","control"
"X-3268.HDM201","X.3268.HD01","treatment"
"X-3268.HSP990","X.3268.uned","control"
"X-3268.INC280","X.3268.uned","control"
"X-3268.INC280 + trastuzumab","X.3268.uned","control"
"X-3268.LEE011","X.3268.uned","control"
"X-3268.LEE011","X.3268.LE11","treatment"
"X-3268.LEE011 + everolimus","X.3268.uned","control"
"X-3268.LJM716","X.3268.uned","control"
"X-3268.LJM716 + trastuzumab","X.3268.uned","control"
"X-3268.LLM871","X.3268.uned","control"
"X-3268.trastuzumab","X.3268.uned","control"
"X-3268.5FU","X.3268.uned","control"
"X-3268.BKM120 + LJC049","X.3268.uned","control"
"X-3268.BYL719 + binimetinib","X.3268.uned","control"
"X-3268.BYL719 + cetuximab","X.3268.uned","control"
"X-3268.BYL719 + cetuximab + encorafenib","X.3268.uned","control"
"X-3268.BYL719 + encorafenib","X.3268.uned","control"
"X-3268.cetuximab","X.3268.uned","control"
"X-3268.cetuximab + encorafenib","X.3268.uned","control"
"X-3268.CGM097","X.3268.uned","control"
"X-3268.CKX620","X.3268.uned","control"
"X-3268.encorafenib","X.3268.uned","control"
"X-3268.LFW527 + binimetinib","X.3268.uned","control"
"X-3268.LJC049","X.3268.uned","control"
"X-3268.LKA136","X.3268.uned","control"
"X-3268.LKA136","X.3268.LK36","treatment"
"X-3268.abraxane","X.3268.uned","control"
"X-3268.abraxane","X.3268.abne","treatment"
"X-3268.binimetinib-3.5mpk","X.3268.uned","control"
"X-3268.binimetinib-3.5mpk","X.3268.bipk","treatment"
"X-3268.BKM120 + binimetinib","X.3268.uned","control"
"X-3268.BKM120 + binimetinib","X.3268.BK20.biib","treatment"
"X-3268.BKM120 + LDE225","X.3268.uned","control"
"X-3268.BKM120 + LDE225","X.3268.BK20.LD25","treatment"
"X-3268.figitumumab + binimetinib","X.3268.uned","control"
"X-3268.figitumumab + binimetinib","X.3268.fiab.biib","treatment"
"X-3268.gemcitabine-50mpk","X.3268.uned","control"
"X-3268.gemcitabine-50mpk","X.3268.gepk","treatment"
"X-3268.INC424","X.3268.uned","control"
"X-3268.INC424","X.3268.IN24","treatment"
"X-3268.INC424 + binimetinib","X.3268.uned","control"
"X-3268.INC424 + binimetinib","X.3268.IN24.biib","treatment"
"X-3268.trametinib","X.3268.uned","control"
"X-3268.trametinib","X.3268.trib","treatment"
"X-3268.BYL719 + LEE011","X.3268.uned","control"
"X-3268.LFA102","X.3268.uned","control"
"X-3268.LFW527 + everolimus","X.3268.uned","control"
"X-3268.paclitaxel","X.3268.uned","control"
"X-3268.tamoxifen","X.3268.uned","control"
"X-3268.BYL719 + LGH447","X.3268.uned","control"
"X-3268.erlotinib","X.3268.uned","control"
"X-3268.LCL161 + paclitaxel","X.3268.uned","control"
"X-3268.LGH447","X.3268.uned","control"
"X-3268.WNT974","X.3268.uned","control"
"X-3268.WNT974","X.3268.WN74","treatment"
"X-3268.BKM120 + encorafenib","X.3268.uned","control"
"X-3268.dacarbazine","X.3268.uned","control"
"X-3268.encorafenib + binimetinib","X.3268.uned","control"
"X-3268.LDE225","X.3268.uned","control"
"X-3268.LDK378","X.3268.uned","control"
"X-3268.LEE011 + binimetinib","X.3268.uned","control"
"X-3268.LEE011 + encorafenib","X.3268.uned","control"
"X-3268.LGW813","X.3268.uned","control"
"X-3268.TAS266","X.3268.uned","control"
"X-3298.BGJ398","X.3298.uned","control"
"X-3298.BGJ398","X.3298.BG98","treatment"
"X-3298.binimetinib","X.3298.uned","control"
"X-3298.binimetinib","X.3298.biib","treatment"
"X-3298.BKM120","X.3298.uned","control"
"X-3298.BKM120","X.3298.BK20","treatment"
"X-3298.BYL719","X.3298.uned","control"
"X-3298.BYL719","X.3298.BY19","treatment"
"X-3298.BYL719 + HSP990","X.3298.uned","control"
"X-3298.BYL719 + LJM716","X.3298.uned","control"
"X-3298.BYL719 + LJM716","X.3298.BY19.LJ16","treatment"
"X-3298.CLR457","X.3298.uned","control"
"X-3298.CLR457","X.3298.CL57","treatment"
"X-3298.everolimus","X.3298.uned","control"
"X-3298.figitumumab","X.3298.uned","control"
"X-3298.HDM201","X.3298.uned","control"
"X-3298.HDM201","X.3298.HD01","treatment"
"X-3298.HSP990","X.3298.uned","control"
"X-3298.INC280","X.3298.uned","control"
"X-3298.INC280 + trastuzumab","X.3298.uned","control"
"X-3298.LEE011","X.3298.uned","control"
"X-3298.LEE011","X.3298.LE11","treatment"
"X-3298.LEE011 + everolimus","X.3298.uned","control"
"X-3298.LEE011 + everolimus","X.3298.LE11.evus","treatment"
"X-3298.LJM716","X.3298.uned","control"
"X-3298.LJM716","X.3298.LJ16","treatment"
"X-3298.LJM716 + trastuzumab","X.3298.uned","control"
"X-3298.LJM716 + trastuzumab","X.3298.LJ16.trab","treatment"
"X-3298.LLM871","X.3298.uned","control"
"X-3298.LLM871","X.3298.LL71","treatment"
"X-3298.trastuzumab","X.3298.uned","control"
"X-3298.trastuzumab","X.3298.trab","treatment"
"X-3298.5FU","X.3298.uned","control"
"X-3298.BKM120 + LJC049","X.3298.uned","control"
"X-3298.BYL719 + binimetinib","X.3298.uned","control"
"X-3298.BYL719 + cetuximab","X.3298.uned","control"
"X-3298.BYL719 + cetuximab + encorafenib","X.3298.uned","control"
"X-3298.BYL719 + encorafenib","X.3298.uned","control"
"X-3298.cetuximab","X.3298.uned","control"
"X-3298.cetuximab + encorafenib","X.3298.uned","control"
"X-3298.CGM097","X.3298.uned","control"
"X-3298.CGM097","X.3298.CG97","treatment"
"X-3298.CKX620","X.3298.uned","control"
"X-3298.encorafenib","X.3298.uned","control"
"X-3298.LFW527 + binimetinib","X.3298.uned","control"
"X-3298.LJC049","X.3298.uned","control"
"X-3298.LKA136","X.3298.uned","control"
"X-3298.LKA136","X.3298.LK36","treatment"
"X-3298.abraxane","X.3298.uned","control"
"X-3298.binimetinib-3.5mpk","X.3298.uned","control"
"X-3298.BKM120 + binimetinib","X.3298.uned","control"
"X-3298.BKM120 + LDE225","X.3298.uned","control"
"X-3298.figitumumab + binimetinib","X.3298.uned","control"
"X-3298.gemcitabine-50mpk","X.3298.uned","control"
"X-3298.INC424","X.3298.uned","control"
"X-3298.INC424","X.3298.IN24","treatment"
"X-3298.INC424 + binimetinib","X.3298.uned","control"
"X-3298.trametinib","X.3298.uned","control"
"X-3298.BYL719 + LEE011","X.3298.uned","control"
"X-3298.BYL719 + LEE011","X.3298.BY19.LE11","treatment"
"X-3298.LFA102","X.3298.uned","control"
"X-3298.LFA102","X.3298.LF02","treatment"
"X-3298.LFW527 + everolimus","X.3298.uned","control"
"X-3298.paclitaxel","X.3298.uned","control"
"X-3298.paclitaxel","X.3298.pael","treatment"
"X-3298.tamoxifen","X.3298.uned","control"
"X-3298.tamoxifen","X.3298.taen","treatment"
"X-3298.BYL719 + LGH447","X.3298.uned","control"
"X-3298.erlotinib","X.3298.uned","control"
"X-3298.LCL161 + paclitaxel","X.3298.uned","control"
"X-3298.LGH447","X.3298.uned","control"
"X-3298.WNT974","X.3298.uned","control"
"X-3298.BKM120 + encorafenib","X.3298.uned","control"
"X-3298.dacarbazine","X.3298.uned","control"
"X-3298.encorafenib + binimetinib","X.3298.uned","control"
"X-3298.LDE225","X.3298.uned","control"
"X-3298.LDK378","X.3298.uned","control"
"X-3298.LEE011 + binimetinib","X.3298.uned","control"
"X-3298.LEE011 + encorafenib","X.3298.uned","control"
"X-3298.LGW813","X.3298.uned","control"
"X-3298.TAS266","X.3298.uned","control"
"X-3450.BGJ398","X.3450.uned","control"
"X-3450.BGJ398","X.3450.BG98","treatment"
"X-3450.binimetinib","X.3450.uned","control"
"X-3450.binimetinib","X.3450.biib","treatment"
"X-3450.BKM120","X.3450.uned","control"
"X-3450.BKM120","X.3450.BK20","treatment"
"X-3450.BYL719","X.3450.uned","control"
"X-3450.BYL719","X.3450.BY19","treatment"
"X-3450.BYL719 + HSP990","X.3450.uned","control"
"X-3450.BYL719 + LJM716","X.3450.uned","control"
"X-3450.BYL719 + LJM716","X.3450.BY19.LJ16","treatment"
"X-3450.CLR457","X.3450.uned","control"
"X-3450.CLR457","X.3450.CL57","treatment"
"X-3450.everolimus","X.3450.uned","control"
"X-3450.figitumumab","X.3450.uned","control"
"X-3450.HDM201","X.3450.uned","control"
"X-3450.HDM201","X.3450.HD01","treatment"
"X-3450.HSP990","X.3450.uned","control"
"X-3450.INC280","X.3450.uned","control"
"X-3450.INC280 + trastuzumab","X.3450.uned","control"
"X-3450.LEE011","X.3450.uned","control"
"X-3450.LEE011","X.3450.LE11","treatment"
"X-3450.LEE011 + everolimus","X.3450.uned","control"
"X-3450.LEE011 + everolimus","X.3450.LE11.evus","treatment"
"X-3450.LJM716","X.3450.uned","control"
"X-3450.LJM716","X.3450.LJ16","treatment"
"X-3450.LJM716 + trastuzumab","X.3450.uned","control"
"X-3450.LJM716 + trastuzumab","X.3450.LJ16.trab","treatment"
"X-3450.LLM871","X.3450.uned","control"
"X-3450.LLM871","X.3450.LL71","treatment"
"X-3450.trastuzumab","X.3450.uned","control"
"X-3450.trastuzumab","X.3450.trab","treatment"
"X-3450.5FU","X.3450.uned","control"
"X-3450.BKM120 + LJC049","X.3450.uned","control"
"X-3450.BYL719 + binimetinib","X.3450.uned","control"
"X-3450.BYL719 + cetuximab","X.3450.uned","control"
"X-3450.BYL719 + cetuximab + encorafenib","X.3450.uned","control"
"X-3450.BYL719 + encorafenib","X.3450.uned","control"
"X-3450.cetuximab","X.3450.uned","control"
"X-3450.cetuximab + encorafenib","X.3450.uned","control"
"X-3450.CGM097","X.3450.uned","control"
"X-3450.CGM097","X.3450.CG97","treatment"
"X-3450.CKX620","X.3450.uned","control"
"X-3450.encorafenib","X.3450.uned","control"
"X-3450.LFW527 + binimetinib","X.3450.uned","control"
"X-3450.LJC049","X.3450.uned","control"
"X-3450.LKA136","X.3450.uned","control"
"X-3450.LKA136","X.3450.LK36","treatment"
"X-3450.abraxane","X.3450.uned","control"
"X-3450.binimetinib-3.5mpk","X.3450.uned","control"
"X-3450.BKM120 + binimetinib","X.3450.uned","control"
"X-3450.BKM120 + LDE225","X.3450.uned","control"
"X-3450.figitumumab + binimetinib","X.3450.uned","control"
"X-3450.gemcitabine-50mpk","X.3450.uned","control"
"X-3450.INC424","X.3450.uned","control"
"X-3450.INC424","X.3450.IN24","treatment"
"X-3450.INC424 + binimetinib","X.3450.uned","control"
"X-3450.trametinib","X.3450.uned","control"
"X-3450.BYL719 + LEE011","X.3450.uned","control"
"X-3450.BYL719 + LEE011","X.3450.BY19.LE11","treatment"
"X-3450.LFA102","X.3450.uned","control"
"X-3450.LFA102","X.3450.LF02","treatment"
"X-3450.LFW527 + everolimus","X.3450.uned","control"
"X-3450.LFW527 + everolimus","X.3450.LF27.evus","treatment"
"X-3450.paclitaxel","X.3450.uned","control"
"X-3450.paclitaxel","X.3450.pael","treatment"
"X-3450.tamoxifen","X.3450.uned","control"
"X-3450.tamoxifen","X.3450.taen","treatment"
"X-3450.BYL719 + LGH447","X.3450.uned","control"
"X-3450.erlotinib","X.3450.uned","control"
"X-3450.LCL161 + paclitaxel","X.3450.uned","control"
"X-3450.LGH447","X.3450.uned","control"
"X-3450.WNT974","X.3450.uned","control"
"X-3450.BKM120 + encorafenib","X.3450.uned","control"
"X-3450.dacarbazine","X.3450.uned","control"
"X-3450.encorafenib + binimetinib","X.3450.uned","control"
"X-3450.LDE225","X.3450.uned","control"
"X-3450.LDK378","X.3450.uned","control"
"X-3450.LEE011 + binimetinib","X.3450.uned","control"
"X-3450.LEE011 + encorafenib","X.3450.uned","control"
"X-3450.LGW813","X.3450.uned","control"
"X-3450.TAS266","X.3450.uned","control"
"X-3453.LFW527 + everolimus","X.3453.LF27.evus","treatment"
"X-3468.BGJ398","X.3468.uned","control"
"X-3468.BGJ398","X.3468.BG98","treatment"
"X-3468.binimetinib","X.3468.uned","control"
"X-3468.binimetinib","X.3468.biib","treatment"
"X-3468.BKM120","X.3468.uned","control"
"X-3468.BKM120","X.3468.BK20","treatment"
"X-3468.BYL719","X.3468.uned","control"
"X-3468.BYL719","X.3468.BY19","treatment"
"X-3468.BYL719 + HSP990","X.3468.uned","control"
"X-3468.BYL719 + LJM716","X.3468.uned","control"
"X-3468.BYL719 + LJM716","X.3468.BY19.LJ16","treatment"
"X-3468.CLR457","X.3468.uned","control"
"X-3468.CLR457","X.3468.CL57","treatment"
"X-3468.everolimus","X.3468.uned","control"
"X-3468.figitumumab","X.3468.uned","control"
"X-3468.HDM201","X.3468.uned","control"
"X-3468.HDM201","X.3468.HD01","treatment"
"X-3468.HSP990","X.3468.uned","control"
"X-3468.INC280","X.3468.uned","control"
"X-3468.INC280 + trastuzumab","X.3468.uned","control"
"X-3468.LEE011","X.3468.uned","control"
"X-3468.LEE011","X.3468.LE11","treatment"
"X-3468.LEE011 + everolimus","X.3468.uned","control"
"X-3468.LEE011 + everolimus","X.3468.LE11.evus","treatment"
"X-3468.LJM716","X.3468.uned","control"
"X-3468.LJM716","X.3468.LJ16","treatment"
"X-3468.LJM716 + trastuzumab","X.3468.uned","control"
"X-3468.LJM716 + trastuzumab","X.3468.LJ16.trab","treatment"
"X-3468.LLM871","X.3468.uned","control"
"X-3468.LLM871","X.3468.LL71","treatment"
"X-3468.trastuzumab","X.3468.uned","control"
"X-3468.trastuzumab","X.3468.trab","treatment"
"X-3468.5FU","X.3468.uned","control"
"X-3468.BKM120 + LJC049","X.3468.uned","control"
"X-3468.BYL719 + binimetinib","X.3468.uned","control"
"X-3468.BYL719 + cetuximab","X.3468.uned","control"
"X-3468.BYL719 + cetuximab + encorafenib","X.3468.uned","control"
"X-3468.BYL719 + encorafenib","X.3468.uned","control"
"X-3468.cetuximab","X.3468.uned","control"
"X-3468.cetuximab + encorafenib","X.3468.uned","control"
"X-3468.CGM097","X.3468.uned","control"
"X-3468.CGM097","X.3468.CG97","treatment"
"X-3468.CKX620","X.3468.uned","control"
"X-3468.encorafenib","X.3468.uned","control"
"X-3468.LFW527 + binimetinib","X.3468.uned","control"
"X-3468.LJC049","X.3468.uned","control"
"X-3468.LKA136","X.3468.uned","control"
"X-3468.LKA136","X.3468.LK36","treatment"
"X-3468.abraxane","X.3468.uned","control"
"X-3468.binimetinib-3.5mpk","X.3468.uned","control"
"X-3468.BKM120 + binimetinib","X.3468.uned","control"
"X-3468.BKM120 + LDE225","X.3468.uned","control"
"X-3468.figitumumab + binimetinib","X.3468.uned","control"
"X-3468.gemcitabine-50mpk","X.3468.uned","control"
"X-3468.INC424","X.3468.uned","control"
"X-3468.INC424","X.3468.IN24","treatment"
"X-3468.INC424 + binimetinib","X.3468.uned","control"
"X-3468.trametinib","X.3468.uned","control"
"X-3468.BYL719 + LEE011","X.3468.uned","control"
"X-3468.BYL719 + LEE011","X.3468.BY19.LE11","treatment"
"X-3468.LFA102","X.3468.uned","control"
"X-3468.LFA102","X.3468.LF02","treatment"
"X-3468.LFW527 + everolimus","X.3468.uned","control"
"X-3468.LFW527 + everolimus","X.3468.LF27.evus","treatment"
"X-3468.paclitaxel","X.3468.uned","control"
"X-3468.paclitaxel","X.3468.pael","treatment"
"X-3468.tamoxifen","X.3468.uned","control"
"X-3468.tamoxifen","X.3468.taen","treatment"
"X-3468.BYL719 + LGH447","X.3468.uned","control"
"X-3468.erlotinib","X.3468.uned","control"
"X-3468.LCL161 + paclitaxel","X.3468.uned","control"
"X-3468.LGH447","X.3468.uned","control"
"X-3468.WNT974","X.3468.uned","control"
"X-3468.BKM120 + encorafenib","X.3468.uned","control"
"X-3468.dacarbazine","X.3468.uned","control"
"X-3468.encorafenib + binimetinib","X.3468.uned","control"
"X-3468.LDE225","X.3468.uned","control"
"X-3468.LDK378","X.3468.uned","control"
"X-3468.LEE011 + binimetinib","X.3468.uned","control"
"X-3468.LEE011 + encorafenib","X.3468.uned","control"
"X-3468.LGW813","X.3468.uned","control"
"X-3468.TAS266","X.3468.uned","control"
"X-3483.BGJ398","X.3483.uned","control"
"X-3483.binimetinib","X.3483.uned","control"
"X-3483.binimetinib","X.3483.biib","treatment"
"X-3483.BKM120","X.3483.uned","control"
"X-3483.BKM120","X.3483.BK20","treatment"
"X-3483.BYL719","X.3483.uned","control"
"X-3483.BYL719 + HSP990","X.3483.uned","control"
"X-3483.BYL719 + LJM716","X.3483.uned","control"
"X-3483.CLR457","X.3483.uned","control"
"X-3483.everolimus","X.3483.uned","control"
"X-3483.figitumumab","X.3483.uned","control"
"X-3483.HDM201","X.3483.uned","control"
"X-3483.HSP990","X.3483.uned","control"
"X-3483.INC280","X.3483.uned","control"
"X-3483.INC280 + trastuzumab","X.3483.uned","control"
"X-3483.LEE011","X.3483.uned","control"
"X-3483.LEE011","X.3483.LE11","treatment"
"X-3483.LEE011 + everolimus","X.3483.uned","control"
"X-3483.LJM716","X.3483.uned","control"
"X-3483.LJM716 + trastuzumab","X.3483.uned","control"
"X-3483.LLM871","X.3483.uned","control"
"X-3483.trastuzumab","X.3483.uned","control"
"X-3483.5FU","X.3483.uned","control"
"X-3483.BKM120 + LJC049","X.3483.uned","control"
"X-3483.BYL719 + binimetinib","X.3483.uned","control"
"X-3483.BYL719 + cetuximab","X.3483.uned","control"
"X-3483.BYL719 + cetuximab + encorafenib","X.3483.uned","control"
"X-3483.BYL719 + encorafenib","X.3483.uned","control"
"X-3483.cetuximab","X.3483.uned","control"
"X-3483.cetuximab + encorafenib","X.3483.uned","control"
"X-3483.CGM097","X.3483.uned","control"
"X-3483.CGM097","X.3483.CG97","treatment"
"X-3483.CKX620","X.3483.uned","control"
"X-3483.encorafenib","X.3483.uned","control"
"X-3483.encorafenib","X.3483.enib","treatment"
"X-3483.LFW527 + binimetinib","X.3483.uned","control"
"X-3483.LJC049","X.3483.uned","control"
"X-3483.LKA136","X.3483.uned","control"
"X-3483.abraxane","X.3483.uned","control"
"X-3483.binimetinib-3.5mpk","X.3483.uned","control"
"X-3483.BKM120 + binimetinib","X.3483.uned","control"
"X-3483.BKM120 + LDE225","X.3483.uned","control"
"X-3483.figitumumab + binimetinib","X.3483.uned","control"
"X-3483.gemcitabine-50mpk","X.3483.uned","control"
"X-3483.INC424","X.3483.uned","control"
"X-3483.INC424 + binimetinib","X.3483.uned","control"
"X-3483.trametinib","X.3483.uned","control"
"X-3483.BYL719 + LEE011","X.3483.uned","control"
"X-3483.LFA102","X.3483.uned","control"
"X-3483.LFW527 + everolimus","X.3483.uned","control"
"X-3483.paclitaxel","X.3483.uned","control"
"X-3483.tamoxifen","X.3483.uned","control"
"X-3483.BYL719 + LGH447","X.3483.uned","control"
"X-3483.erlotinib","X.3483.uned","control"
"X-3483.LCL161 + paclitaxel","X.3483.uned","control"
"X-3483.LGH447","X.3483.uned","control"
"X-3483.WNT974","X.3483.uned","control"
"X-3483.WNT974","X.3483.WN74","treatment"
"X-3483.BKM120 + encorafenib","X.3483.uned","control"
"X-3483.BKM120 + encorafenib","X.3483.BK20.enib","treatment"
"X-3483.dacarbazine","X.3483.uned","control"
"X-3483.dacarbazine","X.3483.dane","treatment"
"X-3483.encorafenib + binimetinib","X.3483.uned","control"
"X-3483.encorafenib + binimetinib","X.3483.enib.biib","treatment"
"X-3483.LDE225","X.3483.uned","control"
"X-3483.LDE225","X.3483.LD25","treatment"
"X-3483.LDK378","X.3483.uned","control"
"X-3483.LDK378","X.3483.LD78","treatment"
"X-3483.LEE011 + binimetinib","X.3483.uned","control"
"X-3483.LEE011 + encorafenib","X.3483.uned","control"
"X-3483.LEE011 + encorafenib","X.3483.LE11.enib","treatment"
"X-3483.LGW813","X.3483.uned","control"
"X-3483.LGW813","X.3483.LG13","treatment"
"X-3483.TAS266","X.3483.uned","control"
"X-3483.TAS266","X.3483.TA66","treatment"
"X-3486.BGJ398","X.3486.uned","control"
"X-3486.binimetinib","X.3486.uned","control"
"X-3486.binimetinib","X.3486.biib","treatment"
"X-3486.BKM120","X.3486.uned","control"
"X-3486.BKM120","X.3486.BK20","treatment"
"X-3486.BYL719","X.3486.uned","control"
"X-3486.BYL719 + HSP990","X.3486.uned","control"
"X-3486.BYL719 + LJM716","X.3486.uned","control"
"X-3486.CLR457","X.3486.uned","control"
"X-3486.everolimus","X.3486.uned","control"
"X-3486.figitumumab","X.3486.uned","control"
"X-3486.HDM201","X.3486.uned","control"
"X-3486.HSP990","X.3486.uned","control"
"X-3486.INC280","X.3486.uned","control"
"X-3486.INC280 + trastuzumab","X.3486.uned","control"
"X-3486.LEE011","X.3486.uned","control"
"X-3486.LEE011","X.3486.LE11","treatment"
"X-3486.LEE011 + everolimus","X.3486.uned","control"
"X-3486.LJM716","X.3486.uned","control"
"X-3486.LJM716 + trastuzumab","X.3486.uned","control"
"X-3486.LLM871","X.3486.uned","control"
"X-3486.trastuzumab","X.3486.uned","control"
"X-3486.5FU","X.3486.uned","control"
"X-3486.BKM120 + LJC049","X.3486.uned","control"
"X-3486.BYL719 + binimetinib","X.3486.uned","control"
"X-3486.BYL719 + cetuximab","X.3486.uned","control"
"X-3486.BYL719 + cetuximab + encorafenib","X.3486.uned","control"
"X-3486.BYL719 + encorafenib","X.3486.uned","control"
"X-3486.cetuximab","X.3486.uned","control"
"X-3486.cetuximab + encorafenib","X.3486.uned","control"
"X-3486.CGM097","X.3486.uned","control"
"X-3486.CGM097","X.3486.CG97","treatment"
"X-3486.CKX620","X.3486.uned","control"
"X-3486.encorafenib","X.3486.uned","control"
"X-3486.encorafenib","X.3486.enib","treatment"
"X-3486.LFW527 + binimetinib","X.3486.uned","control"
"X-3486.LJC049","X.3486.uned","control"
"X-3486.LKA136","X.3486.uned","control"
"X-3486.abraxane","X.3486.uned","control"
"X-3486.binimetinib-3.5mpk","X.3486.uned","control"
"X-3486.BKM120 + binimetinib","X.3486.uned","control"
"X-3486.BKM120 + LDE225","X.3486.uned","control"
"X-3486.figitumumab + binimetinib","X.3486.uned","control"
"X-3486.gemcitabine-50mpk","X.3486.uned","control"
"X-3486.INC424","X.3486.uned","control"
"X-3486.INC424 + binimetinib","X.3486.uned","control"
"X-3486.trametinib","X.3486.uned","control"
"X-3486.BYL719 + LEE011","X.3486.uned","control"
"X-3486.LFA102","X.3486.uned","control"
"X-3486.LFW527 + everolimus","X.3486.uned","control"
"X-3486.paclitaxel","X.3486.uned","control"
"X-3486.tamoxifen","X.3486.uned","control"
"X-3486.BYL719 + LGH447","X.3486.uned","control"
"X-3486.erlotinib","X.3486.uned","control"
"X-3486.LCL161 + paclitaxel","X.3486.uned","control"
"X-3486.LGH447","X.3486.uned","control"
"X-3486.WNT974","X.3486.uned","control"
"X-3486.WNT974","X.3486.WN74","treatment"
"X-3486.BKM120 + encorafenib","X.3486.uned","control"
"X-3486.BKM120 + encorafenib","X.3486.BK20.enib","treatment"
"X-3486.dacarbazine","X.3486.uned","control"
"X-3486.dacarbazine","X.3486.dane","treatment"
"X-3486.encorafenib + binimetinib","X.3486.uned","control"
"X-3486.encorafenib + binimetinib","X.3486.enib.biib","treatment"
"X-3486.LDE225","X.3486.uned","control"
"X-3486.LDE225","X.3486.LD25","treatment"
"X-3486.LDK378","X.3486.uned","control"
"X-3486.LDK378","X.3486.LD78","treatment"
"X-3486.LEE011 + binimetinib","X.3486.uned","control"
"X-3486.LEE011 + encorafenib","X.3486.uned","control"
"X-3486.LEE011 + encorafenib","X.3486.LE11.enib","treatment"
"X-3486.LGW813","X.3486.uned","control"
"X-3486.LGW813","X.3486.LG13","treatment"
"X-3486.TAS266","X.3486.uned","control"
"X-3486.TAS266","X.3486.TA66","treatment"
"X-3503.BGJ398","X.3503.uned","control"
"X-3503.binimetinib","X.3503.uned","control"
"X-3503.binimetinib","X.3503.biib","treatment"
"X-3503.BKM120","X.3503.uned","control"
"X-3503.BKM120","X.3503.BK20","treatment"
"X-3503.BYL719","X.3503.uned","control"
"X-3503.BYL719 + HSP990","X.3503.uned","control"
"X-3503.BYL719 + LJM716","X.3503.uned","control"
"X-3503.CLR457","X.3503.uned","control"
"X-3503.everolimus","X.3503.uned","control"
"X-3503.figitumumab","X.3503.uned","control"
"X-3503.HDM201","X.3503.uned","control"
"X-3503.HSP990","X.3503.uned","control"
"X-3503.INC280","X.3503.uned","control"
"X-3503.INC280 + trastuzumab","X.3503.uned","control"
"X-3503.LEE011","X.3503.uned","control"
"X-3503.LEE011","X.3503.LE11","treatment"
"X-3503.LEE011 + everolimus","X.3503.uned","control"
"X-3503.LJM716","X.3503.uned","control"
"X-3503.LJM716 + trastuzumab","X.3503.uned","control"
"X-3503.LLM871","X.3503.uned","control"
"X-3503.trastuzumab","X.3503.uned","control"
"X-3503.5FU","X.3503.uned","control"
"X-3503.BKM120 + LJC049","X.3503.uned","control"
"X-3503.BYL719 + binimetinib","X.3503.uned","control"
"X-3503.BYL719 + cetuximab","X.3503.uned","control"
"X-3503.BYL719 + cetuximab + encorafenib","X.3503.uned","control"
"X-3503.BYL719 + encorafenib","X.3503.uned","control"
"X-3503.cetuximab","X.3503.uned","control"
"X-3503.cetuximab + encorafenib","X.3503.uned","control"
"X-3503.CGM097","X.3503.uned","control"
"X-3503.CGM097","X.3503.CG97","treatment"
"X-3503.CKX620","X.3503.uned","control"
"X-3503.encorafenib","X.3503.uned","control"
"X-3503.encorafenib","X.3503.enib","treatment"
"X-3503.LFW527 + binimetinib","X.3503.uned","control"
"X-3503.LJC049","X.3503.uned","control"
"X-3503.LKA136","X.3503.uned","control"
"X-3503.abraxane","X.3503.uned","control"
"X-3503.binimetinib-3.5mpk","X.3503.uned","control"
"X-3503.BKM120 + binimetinib","X.3503.uned","control"
"X-3503.BKM120 + LDE225","X.3503.uned","control"
"X-3503.figitumumab + binimetinib","X.3503.uned","control"
"X-3503.gemcitabine-50mpk","X.3503.uned","control"
"X-3503.INC424","X.3503.uned","control"
"X-3503.INC424 + binimetinib","X.3503.uned","control"
"X-3503.trametinib","X.3503.uned","control"
"X-3503.BYL719 + LEE011","X.3503.uned","control"
"X-3503.LFA102","X.3503.uned","control"
"X-3503.LFW527 + everolimus","X.3503.uned","control"
"X-3503.paclitaxel","X.3503.uned","control"
"X-3503.tamoxifen","X.3503.uned","control"
"X-3503.BYL719 + LGH447","X.3503.uned","control"
"X-3503.erlotinib","X.3503.uned","control"
"X-3503.LCL161 + paclitaxel","X.3503.uned","control"
"X-3503.LGH447","X.3503.uned","control"
"X-3503.WNT974","X.3503.uned","control"
"X-3503.WNT974","X.3503.WN74","treatment"
"X-3503.BKM120 + encorafenib","X.3503.uned","control"
"X-3503.BKM120 + encorafenib","X.3503.BK20.enib","treatment"
"X-3503.dacarbazine","X.3503.uned","control"
"X-3503.dacarbazine","X.3503.dane","treatment"
"X-3503.encorafenib + binimetinib","X.3503.uned","control"
"X-3503.encorafenib + binimetinib","X.3503.enib.biib","treatment"
"X-3503.LDE225","X.3503.uned","control"
"X-3503.LDE225","X.3503.LD25","treatment"
"X-3503.LDK378","X.3503.uned","control"
"X-3503.LDK378","X.3503.LD78","treatment"
"X-3503.LEE011 + binimetinib","X.3503.uned","control"
"X-3503.LEE011 + encorafenib","X.3503.uned","control"
"X-3503.LEE011 + encorafenib","X.3503.LE11.enib","treatment"
"X-3503.LGW813","X.3503.uned","control"
"X-3503.LGW813","X.3503.LG13","treatment"
"X-3503.TAS266","X.3503.uned","control"
"X-3503.TAS266","X.3503.TA66","treatment"
"X-3671.BGJ398","X.3671.uned","control"
"X-3671.binimetinib","X.3671.uned","control"
"X-3671.binimetinib","X.3671.biib","treatment"
"X-3671.BKM120","X.3671.uned","control"
"X-3671.BYL719","X.3671.uned","control"
"X-3671.BYL719 + HSP990","X.3671.uned","control"
"X-3671.BYL719 + LJM716","X.3671.uned","control"
"X-3671.CLR457","X.3671.uned","control"
"X-3671.everolimus","X.3671.uned","control"
"X-3671.figitumumab","X.3671.uned","control"
"X-3671.HDM201","X.3671.uned","control"
"X-3671.HSP990","X.3671.uned","control"
"X-3671.INC280","X.3671.uned","control"
"X-3671.INC280 + trastuzumab","X.3671.uned","control"
"X-3671.LEE011","X.3671.uned","control"
"X-3671.LEE011 + everolimus","X.3671.uned","control"
"X-3671.LJM716","X.3671.uned","control"
"X-3671.LJM716 + trastuzumab","X.3671.uned","control"
"X-3671.LLM871","X.3671.uned","control"
"X-3671.trastuzumab","X.3671.uned","control"
"X-3671.5FU","X.3671.uned","control"
"X-3671.5FU","X.3671.5FFU","treatment"
"X-3671.BKM120 + LJC049","X.3671.uned","control"
"X-3671.BYL719 + binimetinib","X.3671.uned","control"
"X-3671.BYL719 + cetuximab","X.3671.uned","control"
"X-3671.BYL719 + cetuximab + encorafenib","X.3671.uned","control"
"X-3671.BYL719 + encorafenib","X.3671.uned","control"
"X-3671.cetuximab","X.3671.uned","control"
"X-3671.cetuximab","X.3671.ceab","treatment"
"X-3671.cetuximab + encorafenib","X.3671.uned","control"
"X-3671.CGM097","X.3671.uned","control"
"X-3671.CKX620","X.3671.uned","control"
"X-3671.encorafenib","X.3671.uned","control"
"X-3671.LFW527 + binimetinib","X.3671.uned","control"
"X-3671.LJC049","X.3671.uned","control"
"X-3671.LKA136","X.3671.uned","control"
"X-3671.abraxane","X.3671.uned","control"
"X-3671.binimetinib-3.5mpk","X.3671.uned","control"
"X-3671.BKM120 + binimetinib","X.3671.uned","control"
"X-3671.BKM120 + LDE225","X.3671.uned","control"
"X-3671.figitumumab + binimetinib","X.3671.uned","control"
"X-3671.gemcitabine-50mpk","X.3671.uned","control"
"X-3671.INC424","X.3671.uned","control"
"X-3671.INC424 + binimetinib","X.3671.uned","control"
"X-3671.trametinib","X.3671.uned","control"
"X-3671.BYL719 + LEE011","X.3671.uned","control"
"X-3671.LFA102","X.3671.uned","control"
"X-3671.LFW527 + everolimus","X.3671.uned","control"
"X-3671.paclitaxel","X.3671.uned","control"
"X-3671.tamoxifen","X.3671.uned","control"
"X-3671.BYL719 + LGH447","X.3671.uned","control"
"X-3671.erlotinib","X.3671.uned","control"
"X-3671.LCL161 + paclitaxel","X.3671.uned","control"
"X-3671.LGH447","X.3671.uned","control"
"X-3671.WNT974","X.3671.uned","control"
"X-3671.BKM120 + encorafenib","X.3671.uned","control"
"X-3671.dacarbazine","X.3671.uned","control"
"X-3671.encorafenib + binimetinib","X.3671.uned","control"
"X-3671.LDE225","X.3671.uned","control"
"X-3671.LDK378","X.3671.uned","control"
"X-3671.LEE011 + binimetinib","X.3671.uned","control"
"X-3671.LEE011 + encorafenib","X.3671.uned","control"
"X-3671.LGW813","X.3671.uned","control"
"X-3671.TAS266","X.3671.uned","control"
"X-3676.BGJ398","X.3676.uned","control"
"X-3676.binimetinib","X.3676.uned","control"
"X-3676.binimetinib","X.3676.biib","treatment"
"X-3676.BKM120","X.3676.uned","control"
"X-3676.BKM120","X.3676.BK20","treatment"
"X-3676.BYL719","X.3676.uned","control"
"X-3676.BYL719 + HSP990","X.3676.uned","control"
"X-3676.BYL719 + LJM716","X.3676.uned","control"
"X-3676.CLR457","X.3676.uned","control"
"X-3676.everolimus","X.3676.uned","control"
"X-3676.figitumumab","X.3676.uned","control"
"X-3676.HDM201","X.3676.uned","control"
"X-3676.HSP990","X.3676.uned","control"
"X-3676.INC280","X.3676.uned","control"
"X-3676.INC280 + trastuzumab","X.3676.uned","control"
"X-3676.LEE011","X.3676.uned","control"
"X-3676.LEE011","X.3676.LE11","treatment"
"X-3676.LEE011 + everolimus","X.3676.uned","control"
"X-3676.LJM716","X.3676.uned","control"
"X-3676.LJM716 + trastuzumab","X.3676.uned","control"
"X-3676.LLM871","X.3676.uned","control"
"X-3676.trastuzumab","X.3676.uned","control"
"X-3676.5FU","X.3676.uned","control"
"X-3676.BKM120 + LJC049","X.3676.uned","control"
"X-3676.BYL719 + binimetinib","X.3676.uned","control"
"X-3676.BYL719 + cetuximab","X.3676.uned","control"
"X-3676.BYL719 + cetuximab + encorafenib","X.3676.uned","control"
"X-3676.BYL719 + encorafenib","X.3676.uned","control"
"X-3676.cetuximab","X.3676.uned","control"
"X-3676.cetuximab + encorafenib","X.3676.uned","control"
"X-3676.CGM097","X.3676.uned","control"
"X-3676.CGM097","X.3676.CG97","treatment"
"X-3676.CKX620","X.3676.uned","control"
"X-3676.encorafenib","X.3676.uned","control"
"X-3676.encorafenib","X.3676.enib","treatment"
"X-3676.LFW527 + binimetinib","X.3676.uned","control"
"X-3676.LJC049","X.3676.uned","control"
"X-3676.LKA136","X.3676.uned","control"
"X-3676.abraxane","X.3676.uned","control"
"X-3676.binimetinib-3.5mpk","X.3676.uned","control"
"X-3676.BKM120 + binimetinib","X.3676.uned","control"
"X-3676.BKM120 + LDE225","X.3676.uned","control"
"X-3676.figitumumab + binimetinib","X.3676.uned","control"
"X-3676.gemcitabine-50mpk","X.3676.uned","control"
"X-3676.INC424","X.3676.uned","control"
"X-3676.INC424 + binimetinib","X.3676.uned","control"
"X-3676.trametinib","X.3676.uned","control"
"X-3676.BYL719 + LEE011","X.3676.uned","control"
"X-3676.LFA102","X.3676.uned","control"
"X-3676.LFW527 + everolimus","X.3676.uned","control"
"X-3676.paclitaxel","X.3676.uned","control"
"X-3676.tamoxifen","X.3676.uned","control"
"X-3676.BYL719 + LGH447","X.3676.uned","control"
"X-3676.erlotinib","X.3676.uned","control"
"X-3676.LCL161 + paclitaxel","X.3676.uned","control"
"X-3676.LGH447","X.3676.uned","control"
"X-3676.WNT974","X.3676.uned","control"
"X-3676.WNT974","X.3676.WN74","treatment"
"X-3676.BKM120 + encorafenib","X.3676.uned","control"
"X-3676.BKM120 + encorafenib","X.3676.BK20.enib","treatment"
"X-3676.dacarbazine","X.3676.uned","control"
"X-3676.dacarbazine","X.3676.dane","treatment"
"X-3676.encorafenib + binimetinib","X.3676.uned","control"
"X-3676.encorafenib + binimetinib","X.3676.enib.biib","treatment"
"X-3676.LDE225","X.3676.uned","control"
"X-3676.LDE225","X.3676.LD25","treatment"
"X-3676.LDK378","X.3676.uned","control"
"X-3676.LDK378","X.3676.LD78","treatment"
"X-3676.LEE011 + binimetinib","X.3676.uned","control"
"X-3676.LEE011 + encorafenib","X.3676.uned","control"
"X-3676.LEE011 + encorafenib","X.3676.LE11.enib","treatment"
"X-3676.LGW813","X.3676.uned","control"
"X-3676.LGW813","X.3676.LG13","treatment"
"X-3676.TAS266","X.3676.uned","control"
"X-3676.TAS266","X.3676.TA66","treatment"
"X-3684.LFW527 + binimetinib","X.3684.LF27.biib","treatment"
"X-3697.BGJ398","X.3697.uned","control"
"X-3697.BGJ398","X.3697.BG98","treatment"
"X-3697.binimetinib","X.3697.uned","control"
"X-3697.binimetinib","X.3697.biib","treatment"
"X-3697.BKM120","X.3697.uned","control"
"X-3697.BKM120","X.3697.BK20","treatment"
"X-3697.BYL719","X.3697.uned","control"
"X-3697.BYL719","X.3697.BY19","treatment"
"X-3697.BYL719 + HSP990","X.3697.uned","control"
"X-3697.BYL719 + LJM716","X.3697.uned","control"
"X-3697.BYL719 + LJM716","X.3697.BY19.LJ16","treatment"
"X-3697.CLR457","X.3697.uned","control"
"X-3697.CLR457","X.3697.CL57","treatment"
"X-3697.everolimus","X.3697.uned","control"
"X-3697.figitumumab","X.3697.uned","control"
"X-3697.HDM201","X.3697.uned","control"
"X-3697.HDM201","X.3697.HD01","treatment"
"X-3697.HSP990","X.3697.uned","control"
"X-3697.INC280","X.3697.uned","control"
"X-3697.INC280 + trastuzumab","X.3697.uned","control"
"X-3697.LEE011","X.3697.uned","control"
"X-3697.LEE011","X.3697.LE11","treatment"
"X-3697.LEE011 + everolimus","X.3697.uned","control"
"X-3697.LEE011 + everolimus","X.3697.LE11.evus","treatment"
"X-3697.LJM716","X.3697.uned","control"
"X-3697.LJM716","X.3697.LJ16","treatment"
"X-3697.LJM716 + trastuzumab","X.3697.uned","control"
"X-3697.LJM716 + trastuzumab","X.3697.LJ16.trab","treatment"
"X-3697.LLM871","X.3697.uned","control"
"X-3697.LLM871","X.3697.LL71","treatment"
"X-3697.trastuzumab","X.3697.uned","control"
"X-3697.trastuzumab","X.3697.trab","treatment"
"X-3697.5FU","X.3697.uned","control"
"X-3697.BKM120 + LJC049","X.3697.uned","control"
"X-3697.BYL719 + binimetinib","X.3697.uned","control"
"X-3697.BYL719 + cetuximab","X.3697.uned","control"
"X-3697.BYL719 + cetuximab + encorafenib","X.3697.uned","control"
"X-3697.BYL719 + encorafenib","X.3697.uned","control"
"X-3697.cetuximab","X.3697.uned","control"
"X-3697.cetuximab + encorafenib","X.3697.uned","control"
"X-3697.CGM097","X.3697.uned","control"
"X-3697.CGM097","X.3697.CG97","treatment"
"X-3697.CKX620","X.3697.uned","control"
"X-3697.encorafenib","X.3697.uned","control"
"X-3697.LFW527 + binimetinib","X.3697.uned","control"
"X-3697.LJC049","X.3697.uned","control"
"X-3697.LKA136","X.3697.uned","control"
"X-3697.LKA136","X.3697.LK36","treatment"
"X-3697.abraxane","X.3697.uned","control"
"X-3697.binimetinib-3.5mpk","X.3697.uned","control"
"X-3697.BKM120 + binimetinib","X.3697.uned","control"
"X-3697.BKM120 + LDE225","X.3697.uned","control"
"X-3697.figitumumab + binimetinib","X.3697.uned","control"
"X-3697.gemcitabine-50mpk","X.3697.uned","control"
"X-3697.INC424","X.3697.uned","control"
"X-3697.INC424","X.3697.IN24","treatment"
"X-3697.INC424 + binimetinib","X.3697.uned","control"
"X-3697.trametinib","X.3697.uned","control"
"X-3697.BYL719 + LEE011","X.3697.uned","control"
"X-3697.BYL719 + LEE011","X.3697.BY19.LE11","treatment"
"X-3697.LFA102","X.3697.uned","control"
"X-3697.LFA102","X.3697.LF02","treatment"
"X-3697.LFW527 + everolimus","X.3697.uned","control"
"X-3697.paclitaxel","X.3697.uned","control"
"X-3697.paclitaxel","X.3697.pael","treatment"
"X-3697.tamoxifen","X.3697.uned","control"
"X-3697.tamoxifen","X.3697.taen","treatment"
"X-3697.BYL719 + LGH447","X.3697.uned","control"
"X-3697.erlotinib","X.3697.uned","control"
"X-3697.LCL161 + paclitaxel","X.3697.uned","control"
"X-3697.LGH447","X.3697.uned","control"
"X-3697.WNT974","X.3697.uned","control"
"X-3697.BKM120 + encorafenib","X.3697.uned","control"
"X-3697.dacarbazine","X.3697.uned","control"
"X-3697.encorafenib + binimetinib","X.3697.uned","control"
"X-3697.LDE225","X.3697.uned","control"
"X-3697.LDK378","X.3697.uned","control"
"X-3697.LEE011 + binimetinib","X.3697.uned","control"
"X-3697.LEE011 + encorafenib","X.3697.uned","control"
"X-3697.LGW813","X.3697.uned","control"
"X-3697.TAS266","X.3697.uned","control"
"X-3746.BGJ398","X.3746.uned","control"
"X-3746.binimetinib","X.3746.uned","control"
"X-3746.binimetinib","X.3746.biib","treatment"
"X-3746.BKM120","X.3746.uned","control"
"X-3746.BKM120","X.3746.BK20","treatment"
"X-3746.BYL719","X.3746.uned","control"
"X-3746.BYL719 + HSP990","X.3746.uned","control"
"X-3746.BYL719 + LJM716","X.3746.uned","control"
"X-3746.CLR457","X.3746.uned","control"
"X-3746.everolimus","X.3746.uned","control"
"X-3746.figitumumab","X.3746.uned","control"
"X-3746.HDM201","X.3746.uned","control"
"X-3746.HSP990","X.3746.uned","control"
"X-3746.INC280","X.3746.uned","control"
"X-3746.INC280 + trastuzumab","X.3746.uned","control"
"X-3746.LEE011","X.3746.uned","control"
"X-3746.LEE011","X.3746.LE11","treatment"
"X-3746.LEE011 + everolimus","X.3746.uned","control"
"X-3746.LJM716","X.3746.uned","control"
"X-3746.LJM716 + trastuzumab","X.3746.uned","control"
"X-3746.LLM871","X.3746.uned","control"
"X-3746.trastuzumab","X.3746.uned","control"
"X-3746.5FU","X.3746.uned","control"
"X-3746.BKM120 + LJC049","X.3746.uned","control"
"X-3746.BYL719 + binimetinib","X.3746.uned","control"
"X-3746.BYL719 + cetuximab","X.3746.uned","control"
"X-3746.BYL719 + cetuximab + encorafenib","X.3746.uned","control"
"X-3746.BYL719 + encorafenib","X.3746.uned","control"
"X-3746.cetuximab","X.3746.uned","control"
"X-3746.cetuximab + encorafenib","X.3746.uned","control"
"X-3746.CGM097","X.3746.uned","control"
"X-3746.CGM097","X.3746.CG97","treatment"
"X-3746.CKX620","X.3746.uned","control"
"X-3746.encorafenib","X.3746.uned","control"
"X-3746.encorafenib","X.3746.enib","treatment"
"X-3746.LFW527 + binimetinib","X.3746.uned","control"
"X-3746.LJC049","X.3746.uned","control"
"X-3746.LKA136","X.3746.uned","control"
"X-3746.abraxane","X.3746.uned","control"
"X-3746.binimetinib-3.5mpk","X.3746.uned","control"
"X-3746.BKM120 + binimetinib","X.3746.uned","control"
"X-3746.BKM120 + LDE225","X.3746.uned","control"
"X-3746.figitumumab + binimetinib","X.3746.uned","control"
"X-3746.gemcitabine-50mpk","X.3746.uned","control"
"X-3746.INC424","X.3746.uned","control"
"X-3746.INC424 + binimetinib","X.3746.uned","control"
"X-3746.trametinib","X.3746.uned","control"
"X-3746.BYL719 + LEE011","X.3746.uned","control"
"X-3746.LFA102","X.3746.uned","control"
"X-3746.LFW527 + everolimus","X.3746.uned","control"
"X-3746.paclitaxel","X.3746.uned","control"
"X-3746.tamoxifen","X.3746.uned","control"
"X-3746.BYL719 + LGH447","X.3746.uned","control"
"X-3746.erlotinib","X.3746.uned","control"
"X-3746.LCL161 + paclitaxel","X.3746.uned","control"
"X-3746.LGH447","X.3746.uned","control"
"X-3746.WNT974","X.3746.uned","control"
"X-3746.WNT974","X.3746.WN74","treatment"
"X-3746.BKM120 + encorafenib","X.3746.uned","control"
"X-3746.BKM120 + encorafenib","X.3746.BK20.enib","treatment"
"X-3746.dacarbazine","X.3746.uned","control"
"X-3746.dacarbazine","X.3746.dane","treatment"
"X-3746.encorafenib + binimetinib","X.3746.uned","control"
"X-3746.encorafenib + binimetinib","X.3746.enib.biib","treatment"
"X-3746.LDE225","X.3746.uned","control"
"X-3746.LDE225","X.3746.LD25","treatment"
"X-3746.LDK378","X.3746.uned","control"
"X-3746.LDK378","X.3746.LD78","treatment"
"X-3746.LEE011 + binimetinib","X.3746.uned","control"
"X-3746.LEE011 + encorafenib","X.3746.uned","control"
"X-3746.LEE011 + encorafenib","X.3746.LE11.enib","treatment"
"X-3746.LGW813","X.3746.uned","control"
"X-3746.LGW813","X.3746.LG13","treatment"
"X-3746.TAS266","X.3746.uned","control"
"X-3746.TAS266","X.3746.TA66","treatment"
"X-3773.BGJ398","X.3773.uned","control"
"X-3773.binimetinib","X.3773.uned","control"
"X-3773.binimetinib","X.3773.biib","treatment"
"X-3773.BKM120","X.3773.uned","control"
"X-3773.BKM120","X.3773.BK20","treatment"
"X-3773.BYL719","X.3773.uned","control"
"X-3773.BYL719 + HSP990","X.3773.uned","control"
"X-3773.BYL719 + LJM716","X.3773.uned","control"
"X-3773.CLR457","X.3773.uned","control"
"X-3773.CLR457","X.3773.CL57","treatment"
"X-3773.everolimus","X.3773.uned","control"
"X-3773.figitumumab","X.3773.uned","control"
"X-3773.HDM201","X.3773.uned","control"
"X-3773.HSP990","X.3773.uned","control"
"X-3773.INC280","X.3773.uned","control"
"X-3773.INC280 + trastuzumab","X.3773.uned","control"
"X-3773.LEE011","X.3773.uned","control"
"X-3773.LEE011","X.3773.LE11","treatment"
"X-3773.LEE011 + everolimus","X.3773.uned","control"
"X-3773.LJM716","X.3773.uned","control"
"X-3773.LJM716 + trastuzumab","X.3773.uned","control"
"X-3773.LLM871","X.3773.uned","control"
"X-3773.trastuzumab","X.3773.uned","control"
"X-3773.5FU","X.3773.uned","control"
"X-3773.BKM120 + LJC049","X.3773.uned","control"
"X-3773.BYL719 + binimetinib","X.3773.uned","control"
"X-3773.BYL719 + cetuximab","X.3773.uned","control"
"X-3773.BYL719 + cetuximab + encorafenib","X.3773.uned","control"
"X-3773.BYL719 + encorafenib","X.3773.uned","control"
"X-3773.cetuximab","X.3773.uned","control"
"X-3773.cetuximab + encorafenib","X.3773.uned","control"
"X-3773.CGM097","X.3773.uned","control"
"X-3773.CGM097","X.3773.CG97","treatment"
"X-3773.CKX620","X.3773.uned","control"
"X-3773.encorafenib","X.3773.uned","control"
"X-3773.encorafenib","X.3773.enib","treatment"
"X-3773.LFW527 + binimetinib","X.3773.uned","control"
"X-3773.LJC049","X.3773.uned","control"
"X-3773.LKA136","X.3773.uned","control"
"X-3773.abraxane","X.3773.uned","control"
"X-3773.binimetinib-3.5mpk","X.3773.uned","control"
"X-3773.BKM120 + binimetinib","X.3773.uned","control"
"X-3773.BKM120 + LDE225","X.3773.uned","control"
"X-3773.figitumumab + binimetinib","X.3773.uned","control"
"X-3773.gemcitabine-50mpk","X.3773.uned","control"
"X-3773.INC424","X.3773.uned","control"
"X-3773.INC424 + binimetinib","X.3773.uned","control"
"X-3773.trametinib","X.3773.uned","control"
"X-3773.BYL719 + LEE011","X.3773.uned","control"
"X-3773.LFA102","X.3773.uned","control"
"X-3773.LFW527 + everolimus","X.3773.uned","control"
"X-3773.paclitaxel","X.3773.uned","control"
"X-3773.tamoxifen","X.3773.uned","control"
"X-3773.BYL719 + LGH447","X.3773.uned","control"
"X-3773.erlotinib","X.3773.uned","control"
"X-3773.LCL161 + paclitaxel","X.3773.uned","control"
"X-3773.LGH447","X.3773.uned","control"
"X-3773.WNT974","X.3773.uned","control"
"X-3773.WNT974","X.3773.WN74","treatment"
"X-3773.BKM120 + encorafenib","X.3773.uned","control"
"X-3773.BKM120 + encorafenib","X.3773.BK20.enib","treatment"
"X-3773.dacarbazine","X.3773.uned","control"
"X-3773.dacarbazine","X.3773.dane","treatment"
"X-3773.encorafenib + binimetinib","X.3773.uned","control"
"X-3773.encorafenib + binimetinib","X.3773.enib.biib","treatment"
"X-3773.LDE225","X.3773.uned","control"
"X-3773.LDE225","X.3773.LD25","treatment"
"X-3773.LDK378","X.3773.uned","control"
"X-3773.LDK378","X.3773.LD78","treatment"
"X-3773.LEE011 + binimetinib","X.3773.uned","control"
"X-3773.LEE011 + binimetinib","X.3773.LE11.biib","treatment"
"X-3773.LEE011 + encorafenib","X.3773.uned","control"
"X-3773.LEE011 + encorafenib","X.3773.LE11.enib","treatment"
"X-3773.LGW813","X.3773.uned","control"
"X-3773.LGW813","X.3773.LG13","treatment"
"X-3773.TAS266","X.3773.uned","control"
"X-3773.TAS266","X.3773.TA66","treatment"
"X-3782.BGJ398","X.3782.uned","control"
"X-3782.binimetinib","X.3782.uned","control"
"X-3782.binimetinib","X.3782.biib","treatment"
"X-3782.BKM120","X.3782.uned","control"
"X-3782.BYL719","X.3782.uned","control"
"X-3782.BYL719 + HSP990","X.3782.uned","control"
"X-3782.BYL719 + LJM716","X.3782.uned","control"
"X-3782.CLR457","X.3782.uned","control"
"X-3782.CLR457","X.3782.CL57","treatment"
"X-3782.everolimus","X.3782.uned","control"
"X-3782.figitumumab","X.3782.uned","control"
"X-3782.figitumumab","X.3782.fiab","treatment"
"X-3782.HDM201","X.3782.uned","control"
"X-3782.HSP990","X.3782.uned","control"
"X-3782.INC280","X.3782.uned","control"
"X-3782.INC280 + trastuzumab","X.3782.uned","control"
"X-3782.LEE011","X.3782.uned","control"
"X-3782.LEE011","X.3782.LE11","treatment"
"X-3782.LEE011 + everolimus","X.3782.uned","control"
"X-3782.LJM716","X.3782.uned","control"
"X-3782.LJM716 + trastuzumab","X.3782.uned","control"
"X-3782.LLM871","X.3782.uned","control"
"X-3782.trastuzumab","X.3782.uned","control"
"X-3782.5FU","X.3782.uned","control"
"X-3782.BKM120 + LJC049","X.3782.uned","control"
"X-3782.BYL719 + binimetinib","X.3782.uned","control"
"X-3782.BYL719 + cetuximab","X.3782.uned","control"
"X-3782.BYL719 + cetuximab + encorafenib","X.3782.uned","control"
"X-3782.BYL719 + encorafenib","X.3782.uned","control"
"X-3782.cetuximab","X.3782.uned","control"
"X-3782.cetuximab + encorafenib","X.3782.uned","control"
"X-3782.CGM097","X.3782.uned","control"
"X-3782.CKX620","X.3782.uned","control"
"X-3782.encorafenib","X.3782.uned","control"
"X-3782.LFW527 + binimetinib","X.3782.uned","control"
"X-3782.LJC049","X.3782.uned","control"
"X-3782.LKA136","X.3782.uned","control"
"X-3782.abraxane","X.3782.uned","control"
"X-3782.abraxane","X.3782.abne","treatment"
"X-3782.binimetinib-3.5mpk","X.3782.uned","control"
"X-3782.binimetinib-3.5mpk","X.3782.bipk","treatment"
"X-3782.BKM120 + binimetinib","X.3782.uned","control"
"X-3782.BKM120 + binimetinib","X.3782.BK20.biib","treatment"
"X-3782.BKM120 + LDE225","X.3782.uned","control"
"X-3782.figitumumab + binimetinib","X.3782.uned","control"
"X-3782.figitumumab + binimetinib","X.3782.fiab.biib","treatment"
"X-3782.gemcitabine-50mpk","X.3782.uned","control"
"X-3782.gemcitabine-50mpk","X.3782.gepk","treatment"
"X-3782.INC424","X.3782.uned","control"
"X-3782.INC424","X.3782.IN24","treatment"
"X-3782.INC424 + binimetinib","X.3782.uned","control"
"X-3782.trametinib","X.3782.uned","control"
"X-3782.trametinib","X.3782.trib","treatment"
"X-3782.BYL719 + LEE011","X.3782.uned","control"
"X-3782.LFA102","X.3782.uned","control"
"X-3782.LFW527 + everolimus","X.3782.uned","control"
"X-3782.paclitaxel","X.3782.uned","control"
"X-3782.tamoxifen","X.3782.uned","control"
"X-3782.BYL719 + LGH447","X.3782.uned","control"
"X-3782.erlotinib","X.3782.uned","control"
"X-3782.LCL161 + paclitaxel","X.3782.uned","control"
"X-3782.LGH447","X.3782.uned","control"
"X-3782.WNT974","X.3782.uned","control"
"X-3782.WNT974","X.3782.WN74","treatment"
"X-3782.BKM120 + encorafenib","X.3782.uned","control"
"X-3782.dacarbazine","X.3782.uned","control"
"X-3782.encorafenib + binimetinib","X.3782.uned","control"
"X-3782.LDE225","X.3782.uned","control"
"X-3782.LDK378","X.3782.uned","control"
"X-3782.LEE011 + binimetinib","X.3782.uned","control"
"X-3782.LEE011 + encorafenib","X.3782.uned","control"
"X-3782.LGW813","X.3782.uned","control"
"X-3782.TAS266","X.3782.uned","control"
"X-3792.BGJ398","X.3792.uned","control"
"X-3792.binimetinib","X.3792.uned","control"
"X-3792.binimetinib","X.3792.biib","treatment"
"X-3792.BKM120","X.3792.uned","control"
"X-3792.BKM120","X.3792.BK20","treatment"
"X-3792.BYL719","X.3792.uned","control"
"X-3792.BYL719","X.3792.BY19","treatment"
"X-3792.BYL719 + HSP990","X.3792.uned","control"
"X-3792.BYL719 + LJM716","X.3792.uned","control"
"X-3792.BYL719 + LJM716","X.3792.BY19.LJ16","treatment"
"X-3792.CLR457","X.3792.uned","control"
"X-3792.CLR457","X.3792.CL57","treatment"
"X-3792.everolimus","X.3792.uned","control"
"X-3792.figitumumab","X.3792.uned","control"
"X-3792.HDM201","X.3792.uned","control"
"X-3792.HDM201","X.3792.HD01","treatment"
"X-3792.HSP990","X.3792.uned","control"
"X-3792.INC280","X.3792.uned","control"
"X-3792.INC280 + trastuzumab","X.3792.uned","control"
"X-3792.LEE011","X.3792.uned","control"
"X-3792.LEE011","X.3792.LE11","treatment"
"X-3792.LEE011 + everolimus","X.3792.uned","control"
"X-3792.LJM716","X.3792.uned","control"
"X-3792.LJM716 + trastuzumab","X.3792.uned","control"
"X-3792.LLM871","X.3792.uned","control"
"X-3792.trastuzumab","X.3792.uned","control"
"X-3792.5FU","X.3792.uned","control"
"X-3792.5FU","X.3792.5FFU","treatment"
"X-3792.BKM120 + LJC049","X.3792.uned","control"
"X-3792.BKM120 + LJC049","X.3792.BK20.LJ49","treatment"
"X-3792.BYL719 + binimetinib","X.3792.uned","control"
"X-3792.BYL719 + binimetinib","X.3792.BY19.biib","treatment"
"X-3792.BYL719 + cetuximab","X.3792.uned","control"
"X-3792.BYL719 + cetuximab","X.3792.BY19.ceab","treatment"
"X-3792.BYL719 + cetuximab + encorafenib","X.3792.uned","control"
"X-3792.BYL719 + cetuximab + encorafenib","X.3792.BY19.ceab.enib","treatment"
"X-3792.BYL719 + encorafenib","X.3792.uned","control"
"X-3792.BYL719 + encorafenib","X.3792.BY19.enib","treatment"
"X-3792.cetuximab","X.3792.uned","control"
"X-3792.cetuximab","X.3792.ceab","treatment"
"X-3792.cetuximab + encorafenib","X.3792.uned","control"
"X-3792.cetuximab + encorafenib","X.3792.ceab.enib","treatment"
"X-3792.CGM097","X.3792.uned","control"
"X-3792.CGM097","X.3792.CG97","treatment"
"X-3792.CKX620","X.3792.uned","control"
"X-3792.CKX620","X.3792.CK20","treatment"
"X-3792.encorafenib","X.3792.uned","control"
"X-3792.encorafenib","X.3792.enib","treatment"
"X-3792.LFW527 + binimetinib","X.3792.uned","control"
"X-3792.LFW527 + binimetinib","X.3792.LF27.biib","treatment"
"X-3792.LJC049","X.3792.uned","control"
"X-3792.LJC049","X.3792.LJ49","treatment"
"X-3792.LKA136","X.3792.uned","control"
"X-3792.LKA136","X.3792.LK36","treatment"
"X-3792.abraxane","X.3792.uned","control"
"X-3792.binimetinib-3.5mpk","X.3792.uned","control"
"X-3792.BKM120 + binimetinib","X.3792.uned","control"
"X-3792.BKM120 + LDE225","X.3792.uned","control"
"X-3792.figitumumab + binimetinib","X.3792.uned","control"
"X-3792.gemcitabine-50mpk","X.3792.uned","control"
"X-3792.INC424","X.3792.uned","control"
"X-3792.INC424 + binimetinib","X.3792.uned","control"
"X-3792.trametinib","X.3792.uned","control"
"X-3792.BYL719 + LEE011","X.3792.uned","control"
"X-3792.LFA102","X.3792.uned","control"
"X-3792.LFW527 + everolimus","X.3792.uned","control"
"X-3792.paclitaxel","X.3792.uned","control"
"X-3792.tamoxifen","X.3792.uned","control"
"X-3792.BYL719 + LGH447","X.3792.uned","control"
"X-3792.erlotinib","X.3792.uned","control"
"X-3792.LCL161 + paclitaxel","X.3792.uned","control"
"X-3792.LGH447","X.3792.uned","control"
"X-3792.WNT974","X.3792.uned","control"
"X-3792.BKM120 + encorafenib","X.3792.uned","control"
"X-3792.dacarbazine","X.3792.uned","control"
"X-3792.encorafenib + binimetinib","X.3792.uned","control"
"X-3792.LDE225","X.3792.uned","control"
"X-3792.LDK378","X.3792.uned","control"
"X-3792.LEE011 + binimetinib","X.3792.uned","control"
"X-3792.LEE011 + encorafenib","X.3792.uned","control"
"X-3792.LGW813","X.3792.uned","control"
"X-3792.TAS266","X.3792.uned","control"
"X-3800.BGJ398","X.3800.uned","control"
"X-3800.binimetinib","X.3800.uned","control"
"X-3800.binimetinib","X.3800.biib","treatment"
"X-3800.BKM120","X.3800.uned","control"
"X-3800.BKM120","X.3800.BK20","treatment"
"X-3800.BYL719","X.3800.uned","control"
"X-3800.BYL719","X.3800.BY19","treatment"
"X-3800.BYL719 + HSP990","X.3800.uned","control"
"X-3800.BYL719 + LJM716","X.3800.uned","control"
"X-3800.BYL719 + LJM716","X.3800.BY19.LJ16","treatment"
"X-3800.CLR457","X.3800.uned","control"
"X-3800.CLR457","X.3800.CL57","treatment"
"X-3800.everolimus","X.3800.uned","control"
"X-3800.figitumumab","X.3800.uned","control"
"X-3800.figitumumab","X.3800.fiab","treatment"
"X-3800.HDM201","X.3800.uned","control"
"X-3800.HDM201","X.3800.HD01","treatment"
"X-3800.HSP990","X.3800.uned","control"
"X-3800.INC280","X.3800.uned","control"
"X-3800.INC280 + trastuzumab","X.3800.uned","control"
"X-3800.LEE011","X.3800.uned","control"
"X-3800.LEE011","X.3800.LE11","treatment"
"X-3800.LEE011 + everolimus","X.3800.uned","control"
"X-3800.LJM716","X.3800.uned","control"
"X-3800.LJM716 + trastuzumab","X.3800.uned","control"
"X-3800.LLM871","X.3800.uned","control"
"X-3800.trastuzumab","X.3800.uned","control"
"X-3800.5FU","X.3800.uned","control"
"X-3800.BKM120 + LJC049","X.3800.uned","control"
"X-3800.BYL719 + binimetinib","X.3800.uned","control"
"X-3800.BYL719 + cetuximab","X.3800.uned","control"
"X-3800.BYL719 + cetuximab + encorafenib","X.3800.uned","control"
"X-3800.BYL719 + encorafenib","X.3800.uned","control"
"X-3800.cetuximab","X.3800.uned","control"
"X-3800.cetuximab + encorafenib","X.3800.uned","control"
"X-3800.CGM097","X.3800.uned","control"
"X-3800.CKX620","X.3800.uned","control"
"X-3800.encorafenib","X.3800.uned","control"
"X-3800.LFW527 + binimetinib","X.3800.uned","control"
"X-3800.LJC049","X.3800.uned","control"
"X-3800.LKA136","X.3800.uned","control"
"X-3800.LKA136","X.3800.LK36","treatment"
"X-3800.abraxane","X.3800.uned","control"
"X-3800.abraxane","X.3800.abne","treatment"
"X-3800.binimetinib-3.5mpk","X.3800.uned","control"
"X-3800.BKM120 + binimetinib","X.3800.uned","control"
"X-3800.BKM120 + binimetinib","X.3800.BK20.biib","treatment"
"X-3800.BKM120 + LDE225","X.3800.uned","control"
"X-3800.BKM120 + LDE225","X.3800.BK20.LD25","treatment"
"X-3800.figitumumab + binimetinib","X.3800.uned","control"
"X-3800.figitumumab + binimetinib","X.3800.fiab.biib","treatment"
"X-3800.gemcitabine-50mpk","X.3800.uned","control"
"X-3800.gemcitabine-50mpk","X.3800.gepk","treatment"
"X-3800.INC424","X.3800.uned","control"
"X-3800.INC424","X.3800.IN24","treatment"
"X-3800.INC424 + binimetinib","X.3800.uned","control"
"X-3800.INC424 + binimetinib","X.3800.IN24.biib","treatment"
"X-3800.trametinib","X.3800.uned","control"
"X-3800.trametinib","X.3800.trib","treatment"
"X-3800.BYL719 + LEE011","X.3800.uned","control"
"X-3800.LFA102","X.3800.uned","control"
"X-3800.LFW527 + everolimus","X.3800.uned","control"
"X-3800.paclitaxel","X.3800.uned","control"
"X-3800.tamoxifen","X.3800.uned","control"
"X-3800.BYL719 + LGH447","X.3800.uned","control"
"X-3800.erlotinib","X.3800.uned","control"
"X-3800.LCL161 + paclitaxel","X.3800.uned","control"
"X-3800.LGH447","X.3800.uned","control"
"X-3800.WNT974","X.3800.uned","control"
"X-3800.WNT974","X.3800.WN74","treatment"
"X-3800.BKM120 + encorafenib","X.3800.uned","control"
"X-3800.dacarbazine","X.3800.uned","control"
"X-3800.encorafenib + binimetinib","X.3800.uned","control"
"X-3800.LDE225","X.3800.uned","control"
"X-3800.LDK378","X.3800.uned","control"
"X-3800.LEE011 + binimetinib","X.3800.uned","control"
"X-3800.LEE011 + encorafenib","X.3800.uned","control"
"X-3800.LGW813","X.3800.uned","control"
"X-3800.TAS266","X.3800.uned","control"
"X-3816.BGJ398","X.3816.uned","control"
"X-3816.binimetinib","X.3816.uned","control"
"X-3816.binimetinib","X.3816.biib","treatment"
"X-3816.BKM120","X.3816.uned","control"
"X-3816.BKM120","X.3816.BK20","treatment"
"X-3816.BYL719","X.3816.uned","control"
"X-3816.BYL719","X.3816.BY19","treatment"
"X-3816.BYL719 + HSP990","X.3816.uned","control"
"X-3816.BYL719 + LJM716","X.3816.uned","control"
"X-3816.BYL719 + LJM716","X.3816.BY19.LJ16","treatment"
"X-3816.CLR457","X.3816.uned","control"
"X-3816.CLR457","X.3816.CL57","treatment"
"X-3816.everolimus","X.3816.uned","control"
"X-3816.figitumumab","X.3816.uned","control"
"X-3816.figitumumab","X.3816.fiab","treatment"
"X-3816.HDM201","X.3816.uned","control"
"X-3816.HDM201","X.3816.HD01","treatment"
"X-3816.HSP990","X.3816.uned","control"
"X-3816.INC280","X.3816.uned","control"
"X-3816.INC280 + trastuzumab","X.3816.uned","control"
"X-3816.LEE011","X.3816.uned","control"
"X-3816.LEE011","X.3816.LE11","treatment"
"X-3816.LEE011 + everolimus","X.3816.uned","control"
"X-3816.LJM716","X.3816.uned","control"
"X-3816.LJM716 + trastuzumab","X.3816.uned","control"
"X-3816.LLM871","X.3816.uned","control"
"X-3816.trastuzumab","X.3816.uned","control"
"X-3816.5FU","X.3816.uned","control"
"X-3816.BKM120 + LJC049","X.3816.uned","control"
"X-3816.BYL719 + binimetinib","X.3816.uned","control"
"X-3816.BYL719 + cetuximab","X.3816.uned","control"
"X-3816.BYL719 + cetuximab + encorafenib","X.3816.uned","control"
"X-3816.BYL719 + encorafenib","X.3816.uned","control"
"X-3816.cetuximab","X.3816.uned","control"
"X-3816.cetuximab + encorafenib","X.3816.uned","control"
"X-3816.CGM097","X.3816.uned","control"
"X-3816.CKX620","X.3816.uned","control"
"X-3816.encorafenib","X.3816.uned","control"
"X-3816.LFW527 + binimetinib","X.3816.uned","control"
"X-3816.LJC049","X.3816.uned","control"
"X-3816.LKA136","X.3816.uned","control"
"X-3816.LKA136","X.3816.LK36","treatment"
"X-3816.abraxane","X.3816.uned","control"
"X-3816.abraxane","X.3816.abne","treatment"
"X-3816.binimetinib-3.5mpk","X.3816.uned","control"
"X-3816.binimetinib-3.5mpk","X.3816.bipk","treatment"
"X-3816.BKM120 + binimetinib","X.3816.uned","control"
"X-3816.BKM120 + binimetinib","X.3816.BK20.biib","treatment"
"X-3816.BKM120 + LDE225","X.3816.uned","control"
"X-3816.figitumumab + binimetinib","X.3816.uned","control"
"X-3816.figitumumab + binimetinib","X.3816.fiab.biib","treatment"
"X-3816.gemcitabine-50mpk","X.3816.uned","control"
"X-3816.gemcitabine-50mpk","X.3816.gepk","treatment"
"X-3816.INC424","X.3816.uned","control"
"X-3816.INC424","X.3816.IN24","treatment"
"X-3816.INC424 + binimetinib","X.3816.uned","control"
"X-3816.INC424 + binimetinib","X.3816.IN24.biib","treatment"
"X-3816.trametinib","X.3816.uned","control"
"X-3816.trametinib","X.3816.trib","treatment"
"X-3816.BYL719 + LEE011","X.3816.uned","control"
"X-3816.LFA102","X.3816.uned","control"
"X-3816.LFW527 + everolimus","X.3816.uned","control"
"X-3816.paclitaxel","X.3816.uned","control"
"X-3816.tamoxifen","X.3816.uned","control"
"X-3816.BYL719 + LGH447","X.3816.uned","control"
"X-3816.erlotinib","X.3816.uned","control"
"X-3816.LCL161 + paclitaxel","X.3816.uned","control"
"X-3816.LGH447","X.3816.uned","control"
"X-3816.WNT974","X.3816.uned","control"
"X-3816.WNT974","X.3816.WN74","treatment"
"X-3816.BKM120 + encorafenib","X.3816.uned","control"
"X-3816.dacarbazine","X.3816.uned","control"
"X-3816.encorafenib + binimetinib","X.3816.uned","control"
"X-3816.LDE225","X.3816.uned","control"
"X-3816.LDK378","X.3816.uned","control"
"X-3816.LEE011 + binimetinib","X.3816.uned","control"
"X-3816.LEE011 + encorafenib","X.3816.uned","control"
"X-3816.LGW813","X.3816.uned","control"
"X-3816.TAS266","X.3816.uned","control"
"X-3843.BGJ398","X.3843.uned","control"
"X-3843.BGJ398","X.3843.BG98","treatment"
"X-3843.binimetinib","X.3843.uned","control"
"X-3843.binimetinib","X.3843.biib","treatment"
"X-3843.BKM120","X.3843.uned","control"
"X-3843.BKM120","X.3843.BK20","treatment"
"X-3843.BYL719","X.3843.uned","control"
"X-3843.BYL719","X.3843.BY19","treatment"
"X-3843.BYL719 + HSP990","X.3843.uned","control"
"X-3843.BYL719 + LJM716","X.3843.uned","control"
"X-3843.BYL719 + LJM716","X.3843.BY19.LJ16","treatment"
"X-3843.CLR457","X.3843.uned","control"
"X-3843.CLR457","X.3843.CL57","treatment"
"X-3843.everolimus","X.3843.uned","control"
"X-3843.figitumumab","X.3843.uned","control"
"X-3843.HDM201","X.3843.uned","control"
"X-3843.HDM201","X.3843.HD01","treatment"
"X-3843.HSP990","X.3843.uned","control"
"X-3843.HSP990","X.3843.HS90","treatment"
"X-3843.INC280","X.3843.uned","control"
"X-3843.INC280","X.3843.IN80","treatment"
"X-3843.INC280 + trastuzumab","X.3843.uned","control"
"X-3843.LEE011","X.3843.uned","control"
"X-3843.LEE011","X.3843.LE11","treatment"
"X-3843.LEE011 + everolimus","X.3843.uned","control"
"X-3843.LJM716","X.3843.uned","control"
"X-3843.LJM716 + trastuzumab","X.3843.uned","control"
"X-3843.LLM871","X.3843.uned","control"
"X-3843.LLM871","X.3843.LL71","treatment"
"X-3843.trastuzumab","X.3843.uned","control"
"X-3843.5FU","X.3843.uned","control"
"X-3843.BKM120 + LJC049","X.3843.uned","control"
"X-3843.BYL719 + binimetinib","X.3843.uned","control"
"X-3843.BYL719 + cetuximab","X.3843.uned","control"
"X-3843.BYL719 + cetuximab + encorafenib","X.3843.uned","control"
"X-3843.BYL719 + encorafenib","X.3843.uned","control"
"X-3843.cetuximab","X.3843.uned","control"
"X-3843.cetuximab","X.3843.ceab","treatment"
"X-3843.cetuximab + encorafenib","X.3843.uned","control"
"X-3843.CGM097","X.3843.uned","control"
"X-3843.CGM097","X.3843.CG97","treatment"
"X-3843.CKX620","X.3843.uned","control"
"X-3843.CKX620","X.3843.CK20","treatment"
"X-3843.encorafenib","X.3843.uned","control"
"X-3843.LFW527 + binimetinib","X.3843.uned","control"
"X-3843.LFW527 + binimetinib","X.3843.LF27.biib","treatment"
"X-3843.LJC049","X.3843.uned","control"
"X-3843.LKA136","X.3843.uned","control"
"X-3843.abraxane","X.3843.uned","control"
"X-3843.binimetinib-3.5mpk","X.3843.uned","control"
"X-3843.BKM120 + binimetinib","X.3843.uned","control"
"X-3843.BKM120 + binimetinib","X.3843.BK20.biib","treatment"
"X-3843.BKM120 + LDE225","X.3843.uned","control"
"X-3843.figitumumab + binimetinib","X.3843.uned","control"
"X-3843.gemcitabine-50mpk","X.3843.uned","control"
"X-3843.INC424","X.3843.uned","control"
"X-3843.INC424 + binimetinib","X.3843.uned","control"
"X-3843.trametinib","X.3843.uned","control"
"X-3843.BYL719 + LEE011","X.3843.uned","control"
"X-3843.LFA102","X.3843.uned","control"
"X-3843.LFW527 + everolimus","X.3843.uned","control"
"X-3843.paclitaxel","X.3843.uned","control"
"X-3843.paclitaxel","X.3843.pael","treatment"
"X-3843.tamoxifen","X.3843.uned","control"
"X-3843.BYL719 + LGH447","X.3843.uned","control"
"X-3843.BYL719 + LGH447","X.3843.BY19.LG47","treatment"
"X-3843.erlotinib","X.3843.uned","control"
"X-3843.erlotinib","X.3843.erib","treatment"
"X-3843.LCL161 + paclitaxel","X.3843.uned","control"
"X-3843.LCL161 + paclitaxel","X.3843.LC61.pael","treatment"
"X-3843.LGH447","X.3843.uned","control"
"X-3843.LGH447","X.3843.LG47","treatment"
"X-3843.WNT974","X.3843.uned","control"
"X-3843.BKM120 + encorafenib","X.3843.uned","control"
"X-3843.dacarbazine","X.3843.uned","control"
"X-3843.encorafenib + binimetinib","X.3843.uned","control"
"X-3843.LDE225","X.3843.uned","control"
"X-3843.LDK378","X.3843.uned","control"
"X-3843.LEE011 + binimetinib","X.3843.uned","control"
"X-3843.LEE011 + encorafenib","X.3843.uned","control"
"X-3843.LGW813","X.3843.uned","control"
"X-3843.TAS266","X.3843.uned","control"
"X-3846.BGJ398","X.3846.uned","control"
"X-3846.binimetinib","X.3846.uned","control"
"X-3846.binimetinib","X.3846.biib","treatment"
"X-3846.BKM120","X.3846.uned","control"
"X-3846.BKM120","X.3846.BK20","treatment"
"X-3846.BYL719","X.3846.uned","control"
"X-3846.BYL719","X.3846.BY19","treatment"
"X-3846.BYL719 + HSP990","X.3846.uned","control"
"X-3846.BYL719 + LJM716","X.3846.uned","control"
"X-3846.CLR457","X.3846.uned","control"
"X-3846.CLR457","X.3846.CL57","treatment"
"X-3846.everolimus","X.3846.uned","control"
"X-3846.figitumumab","X.3846.uned","control"
"X-3846.figitumumab","X.3846.fiab","treatment"
"X-3846.HDM201","X.3846.uned","control"
"X-3846.HDM201","X.3846.HD01","treatment"
"X-3846.HSP990","X.3846.uned","control"
"X-3846.INC280","X.3846.uned","control"
"X-3846.INC280 + trastuzumab","X.3846.uned","control"
"X-3846.LEE011","X.3846.uned","control"
"X-3846.LEE011 + everolimus","X.3846.uned","control"
"X-3846.LJM716","X.3846.uned","control"
"X-3846.LJM716 + trastuzumab","X.3846.uned","control"
"X-3846.LLM871","X.3846.uned","control"
"X-3846.trastuzumab","X.3846.uned","control"
"X-3846.5FU","X.3846.uned","control"
"X-3846.BKM120 + LJC049","X.3846.uned","control"
"X-3846.BYL719 + binimetinib","X.3846.uned","control"
"X-3846.BYL719 + cetuximab","X.3846.uned","control"
"X-3846.BYL719 + cetuximab + encorafenib","X.3846.uned","control"
"X-3846.BYL719 + encorafenib","X.3846.uned","control"
"X-3846.cetuximab","X.3846.uned","control"
"X-3846.cetuximab + encorafenib","X.3846.uned","control"
"X-3846.CGM097","X.3846.uned","control"
"X-3846.CKX620","X.3846.uned","control"
"X-3846.encorafenib","X.3846.uned","control"
"X-3846.LFW527 + binimetinib","X.3846.uned","control"
"X-3846.LJC049","X.3846.uned","control"
"X-3846.LKA136","X.3846.uned","control"
"X-3846.LKA136","X.3846.LK36","treatment"
"X-3846.abraxane","X.3846.uned","control"
"X-3846.abraxane","X.3846.abne","treatment"
"X-3846.binimetinib-3.5mpk","X.3846.uned","control"
"X-3846.binimetinib-3.5mpk","X.3846.bipk","treatment"
"X-3846.BKM120 + binimetinib","X.3846.uned","control"
"X-3846.BKM120 + binimetinib","X.3846.BK20.biib","treatment"
"X-3846.BKM120 + LDE225","X.3846.uned","control"
"X-3846.BKM120 + LDE225","X.3846.BK20.LD25","treatment"
"X-3846.figitumumab + binimetinib","X.3846.uned","control"
"X-3846.figitumumab + binimetinib","X.3846.fiab.biib","treatment"
"X-3846.gemcitabine-50mpk","X.3846.uned","control"
"X-3846.gemcitabine-50mpk","X.3846.gepk","treatment"
"X-3846.INC424","X.3846.uned","control"
"X-3846.INC424","X.3846.IN24","treatment"
"X-3846.INC424 + binimetinib","X.3846.uned","control"
"X-3846.INC424 + binimetinib","X.3846.IN24.biib","treatment"
"X-3846.trametinib","X.3846.uned","control"
"X-3846.trametinib","X.3846.trib","treatment"
"X-3846.BYL719 + LEE011","X.3846.uned","control"
"X-3846.LFA102","X.3846.uned","control"
"X-3846.LFW527 + everolimus","X.3846.uned","control"
"X-3846.paclitaxel","X.3846.uned","control"
"X-3846.tamoxifen","X.3846.uned","control"
"X-3846.BYL719 + LGH447","X.3846.uned","control"
"X-3846.erlotinib","X.3846.uned","control"
"X-3846.LCL161 + paclitaxel","X.3846.uned","control"
"X-3846.LGH447","X.3846.uned","control"
"X-3846.WNT974","X.3846.uned","control"
"X-3846.WNT974","X.3846.WN74","treatment"
"X-3846.BKM120 + encorafenib","X.3846.uned","control"
"X-3846.dacarbazine","X.3846.uned","control"
"X-3846.encorafenib + binimetinib","X.3846.uned","control"
"X-3846.LDE225","X.3846.uned","control"
"X-3846.LDK378","X.3846.uned","control"
"X-3846.LEE011 + binimetinib","X.3846.uned","control"
"X-3846.LEE011 + encorafenib","X.3846.uned","control"
"X-3846.LGW813","X.3846.uned","control"
"X-3846.TAS266","X.3846.uned","control"
"X-3851.BGJ398","X.3851.uned","control"
"X-3851.binimetinib","X.3851.uned","control"
"X-3851.binimetinib","X.3851.biib","treatment"
"X-3851.BKM120","X.3851.uned","control"
"X-3851.BKM120","X.3851.BK20","treatment"
"X-3851.BYL719","X.3851.uned","control"
"X-3851.BYL719 + HSP990","X.3851.uned","control"
"X-3851.BYL719 + LJM716","X.3851.uned","control"
"X-3851.CLR457","X.3851.uned","control"
"X-3851.CLR457","X.3851.CL57","treatment"
"X-3851.everolimus","X.3851.uned","control"
"X-3851.figitumumab","X.3851.uned","control"
"X-3851.HDM201","X.3851.uned","control"
"X-3851.HSP990","X.3851.uned","control"
"X-3851.INC280","X.3851.uned","control"
"X-3851.INC280 + trastuzumab","X.3851.uned","control"
"X-3851.LEE011","X.3851.uned","control"
"X-3851.LEE011","X.3851.LE11","treatment"
"X-3851.LEE011 + everolimus","X.3851.uned","control"
"X-3851.LJM716","X.3851.uned","control"
"X-3851.LJM716 + trastuzumab","X.3851.uned","control"
"X-3851.LLM871","X.3851.uned","control"
"X-3851.trastuzumab","X.3851.uned","control"
"X-3851.5FU","X.3851.uned","control"
"X-3851.BKM120 + LJC049","X.3851.uned","control"
"X-3851.BYL719 + binimetinib","X.3851.uned","control"
"X-3851.BYL719 + cetuximab","X.3851.uned","control"
"X-3851.BYL719 + cetuximab + encorafenib","X.3851.uned","control"
"X-3851.BYL719 + encorafenib","X.3851.uned","control"
"X-3851.cetuximab","X.3851.uned","control"
"X-3851.cetuximab + encorafenib","X.3851.uned","control"
"X-3851.CGM097","X.3851.uned","control"
"X-3851.CGM097","X.3851.CG97","treatment"
"X-3851.CKX620","X.3851.uned","control"
"X-3851.encorafenib","X.3851.uned","control"
"X-3851.encorafenib","X.3851.enib","treatment"
"X-3851.LFW527 + binimetinib","X.3851.uned","control"
"X-3851.LJC049","X.3851.uned","control"
"X-3851.LKA136","X.3851.uned","control"
"X-3851.abraxane","X.3851.uned","control"
"X-3851.binimetinib-3.5mpk","X.3851.uned","control"
"X-3851.BKM120 + binimetinib","X.3851.uned","control"
"X-3851.BKM120 + LDE225","X.3851.uned","control"
"X-3851.figitumumab + binimetinib","X.3851.uned","control"
"X-3851.gemcitabine-50mpk","X.3851.uned","control"
"X-3851.INC424","X.3851.uned","control"
"X-3851.INC424 + binimetinib","X.3851.uned","control"
"X-3851.trametinib","X.3851.uned","control"
"X-3851.BYL719 + LEE011","X.3851.uned","control"
"X-3851.LFA102","X.3851.uned","control"
"X-3851.LFW527 + everolimus","X.3851.uned","control"
"X-3851.paclitaxel","X.3851.uned","control"
"X-3851.tamoxifen","X.3851.uned","control"
"X-3851.BYL719 + LGH447","X.3851.uned","control"
"X-3851.erlotinib","X.3851.uned","control"
"X-3851.LCL161 + paclitaxel","X.3851.uned","control"
"X-3851.LGH447","X.3851.uned","control"
"X-3851.WNT974","X.3851.uned","control"
"X-3851.WNT974","X.3851.WN74","treatment"
"X-3851.BKM120 + encorafenib","X.3851.uned","control"
"X-3851.BKM120 + encorafenib","X.3851.BK20.enib","treatment"
"X-3851.dacarbazine","X.3851.uned","control"
"X-3851.dacarbazine","X.3851.dane","treatment"
"X-3851.encorafenib + binimetinib","X.3851.uned","control"
"X-3851.encorafenib + binimetinib","X.3851.enib.biib","treatment"
"X-3851.LDE225","X.3851.uned","control"
"X-3851.LDE225","X.3851.LD25","treatment"
"X-3851.LDK378","X.3851.uned","control"
"X-3851.LDK378","X.3851.LD78","treatment"
"X-3851.LEE011 + binimetinib","X.3851.uned","control"
"X-3851.LEE011 + binimetinib","X.3851.LE11.biib","treatment"
"X-3851.LEE011 + encorafenib","X.3851.uned","control"
"X-3851.LEE011 + encorafenib","X.3851.LE11.enib","treatment"
"X-3851.LGW813","X.3851.uned","control"
"X-3851.LGW813","X.3851.LG13","treatment"
"X-3851.TAS266","X.3851.uned","control"
"X-3851.TAS266","X.3851.TA66","treatment"
"X-3873.BGJ398","X.3873.uned","control"
"X-3873.BGJ398","X.3873.BG98","treatment"
"X-3873.binimetinib","X.3873.uned","control"
"X-3873.binimetinib","X.3873.biib","treatment"
"X-3873.BKM120","X.3873.uned","control"
"X-3873.BKM120","X.3873.BK20","treatment"
"X-3873.BYL719","X.3873.uned","control"
"X-3873.BYL719","X.3873.BY19","treatment"
"X-3873.BYL719 + HSP990","X.3873.uned","control"
"X-3873.BYL719 + LJM716","X.3873.uned","control"
"X-3873.BYL719 + LJM716","X.3873.BY19.LJ16","treatment"
"X-3873.CLR457","X.3873.uned","control"
"X-3873.CLR457","X.3873.CL57","treatment"
"X-3873.everolimus","X.3873.uned","control"
"X-3873.figitumumab","X.3873.uned","control"
"X-3873.HDM201","X.3873.uned","control"
"X-3873.HDM201","X.3873.HD01","treatment"
"X-3873.HSP990","X.3873.uned","control"
"X-3873.INC280","X.3873.uned","control"
"X-3873.INC280 + trastuzumab","X.3873.uned","control"
"X-3873.LEE011","X.3873.uned","control"
"X-3873.LEE011","X.3873.LE11","treatment"
"X-3873.LEE011 + everolimus","X.3873.uned","control"
"X-3873.LEE011 + everolimus","X.3873.LE11.evus","treatment"
"X-3873.LJM716","X.3873.uned","control"
"X-3873.LJM716","X.3873.LJ16","treatment"
"X-3873.LJM716 + trastuzumab","X.3873.uned","control"
"X-3873.LJM716 + trastuzumab","X.3873.LJ16.trab","treatment"
"X-3873.LLM871","X.3873.uned","control"
"X-3873.LLM871","X.3873.LL71","treatment"
"X-3873.trastuzumab","X.3873.uned","control"
"X-3873.trastuzumab","X.3873.trab","treatment"
"X-3873.5FU","X.3873.uned","control"
"X-3873.BKM120 + LJC049","X.3873.uned","control"
"X-3873.BYL719 + binimetinib","X.3873.uned","control"
"X-3873.BYL719 + cetuximab","X.3873.uned","control"
"X-3873.BYL719 + cetuximab + encorafenib","X.3873.uned","control"
"X-3873.BYL719 + encorafenib","X.3873.uned","control"
"X-3873.cetuximab","X.3873.uned","control"
"X-3873.cetuximab + encorafenib","X.3873.uned","control"
"X-3873.CGM097","X.3873.uned","control"
"X-3873.CGM097","X.3873.CG97","treatment"
"X-3873.CKX620","X.3873.uned","control"
"X-3873.encorafenib","X.3873.uned","control"
"X-3873.LFW527 + binimetinib","X.3873.uned","control"
"X-3873.LJC049","X.3873.uned","control"
"X-3873.LKA136","X.3873.uned","control"
"X-3873.LKA136","X.3873.LK36","treatment"
"X-3873.abraxane","X.3873.uned","control"
"X-3873.binimetinib-3.5mpk","X.3873.uned","control"
"X-3873.BKM120 + binimetinib","X.3873.uned","control"
"X-3873.BKM120 + LDE225","X.3873.uned","control"
"X-3873.figitumumab + binimetinib","X.3873.uned","control"
"X-3873.gemcitabine-50mpk","X.3873.uned","control"
"X-3873.INC424","X.3873.uned","control"
"X-3873.INC424","X.3873.IN24","treatment"
"X-3873.INC424 + binimetinib","X.3873.uned","control"
"X-3873.trametinib","X.3873.uned","control"
"X-3873.BYL719 + LEE011","X.3873.uned","control"
"X-3873.BYL719 + LEE011","X.3873.BY19.LE11","treatment"
"X-3873.LFA102","X.3873.uned","control"
"X-3873.LFA102","X.3873.LF02","treatment"
"X-3873.LFW527 + everolimus","X.3873.uned","control"
"X-3873.LFW527 + everolimus","X.3873.LF27.evus","treatment"
"X-3873.paclitaxel","X.3873.uned","control"
"X-3873.paclitaxel","X.3873.pael","treatment"
"X-3873.tamoxifen","X.3873.uned","control"
"X-3873.tamoxifen","X.3873.taen","treatment"
"X-3873.BYL719 + LGH447","X.3873.uned","control"
"X-3873.erlotinib","X.3873.uned","control"
"X-3873.LCL161 + paclitaxel","X.3873.uned","control"
"X-3873.LGH447","X.3873.uned","control"
"X-3873.WNT974","X.3873.uned","control"
"X-3873.BKM120 + encorafenib","X.3873.uned","control"
"X-3873.dacarbazine","X.3873.uned","control"
"X-3873.encorafenib + binimetinib","X.3873.uned","control"
"X-3873.LDE225","X.3873.uned","control"
"X-3873.LDK378","X.3873.uned","control"
"X-3873.LEE011 + binimetinib","X.3873.uned","control"
"X-3873.LEE011 + encorafenib","X.3873.uned","control"
"X-3873.LGW813","X.3873.uned","control"
"X-3873.TAS266","X.3873.uned","control"
"X-3880.BGJ398","X.3880.uned","control"
"X-3880.binimetinib","X.3880.uned","control"
"X-3880.binimetinib","X.3880.biib","treatment"
"X-3880.BKM120","X.3880.uned","control"
"X-3880.BKM120","X.3880.BK20","treatment"
"X-3880.BYL719","X.3880.uned","control"
"X-3880.BYL719 + HSP990","X.3880.uned","control"
"X-3880.BYL719 + LJM716","X.3880.uned","control"
"X-3880.CLR457","X.3880.uned","control"
"X-3880.everolimus","X.3880.uned","control"
"X-3880.figitumumab","X.3880.uned","control"
"X-3880.HDM201","X.3880.uned","control"
"X-3880.HSP990","X.3880.uned","control"
"X-3880.INC280","X.3880.uned","control"
"X-3880.INC280 + trastuzumab","X.3880.uned","control"
"X-3880.LEE011","X.3880.uned","control"
"X-3880.LEE011","X.3880.LE11","treatment"
"X-3880.LEE011 + everolimus","X.3880.uned","control"
"X-3880.LJM716","X.3880.uned","control"
"X-3880.LJM716 + trastuzumab","X.3880.uned","control"
"X-3880.LLM871","X.3880.uned","control"
"X-3880.trastuzumab","X.3880.uned","control"
"X-3880.5FU","X.3880.uned","control"
"X-3880.BKM120 + LJC049","X.3880.uned","control"
"X-3880.BYL719 + binimetinib","X.3880.uned","control"
"X-3880.BYL719 + cetuximab","X.3880.uned","control"
"X-3880.BYL719 + cetuximab + encorafenib","X.3880.uned","control"
"X-3880.BYL719 + encorafenib","X.3880.uned","control"
"X-3880.cetuximab","X.3880.uned","control"
"X-3880.cetuximab + encorafenib","X.3880.uned","control"
"X-3880.CGM097","X.3880.uned","control"
"X-3880.CGM097","X.3880.CG97","treatment"
"X-3880.CKX620","X.3880.uned","control"
"X-3880.encorafenib","X.3880.uned","control"
"X-3880.encorafenib","X.3880.enib","treatment"
"X-3880.LFW527 + binimetinib","X.3880.uned","control"
"X-3880.LJC049","X.3880.uned","control"
"X-3880.LKA136","X.3880.uned","control"
"X-3880.abraxane","X.3880.uned","control"
"X-3880.binimetinib-3.5mpk","X.3880.uned","control"
"X-3880.BKM120 + binimetinib","X.3880.uned","control"
"X-3880.BKM120 + LDE225","X.3880.uned","control"
"X-3880.figitumumab + binimetinib","X.3880.uned","control"
"X-3880.gemcitabine-50mpk","X.3880.uned","control"
"X-3880.INC424","X.3880.uned","control"
"X-3880.INC424 + binimetinib","X.3880.uned","control"
"X-3880.trametinib","X.3880.uned","control"
"X-3880.BYL719 + LEE011","X.3880.uned","control"
"X-3880.LFA102","X.3880.uned","control"
"X-3880.LFW527 + everolimus","X.3880.uned","control"
"X-3880.paclitaxel","X.3880.uned","control"
"X-3880.tamoxifen","X.3880.uned","control"
"X-3880.BYL719 + LGH447","X.3880.uned","control"
"X-3880.erlotinib","X.3880.uned","control"
"X-3880.LCL161 + paclitaxel","X.3880.uned","control"
"X-3880.LGH447","X.3880.uned","control"
"X-3880.WNT974","X.3880.uned","control"
"X-3880.WNT974","X.3880.WN74","treatment"
"X-3880.BKM120 + encorafenib","X.3880.uned","control"
"X-3880.BKM120 + encorafenib","X.3880.BK20.enib","treatment"
"X-3880.dacarbazine","X.3880.uned","control"
"X-3880.dacarbazine","X.3880.dane","treatment"
"X-3880.encorafenib + binimetinib","X.3880.uned","control"
"X-3880.encorafenib + binimetinib","X.3880.enib.biib","treatment"
"X-3880.LDE225","X.3880.uned","control"
"X-3880.LDE225","X.3880.LD25","treatment"
"X-3880.LDK378","X.3880.uned","control"
"X-3880.LDK378","X.3880.LD78","treatment"
"X-3880.LEE011 + binimetinib","X.3880.uned","control"
"X-3880.LEE011 + encorafenib","X.3880.uned","control"
"X-3880.LEE011 + encorafenib","X.3880.LE11.enib","treatment"
"X-3880.LGW813","X.3880.uned","control"
"X-3880.LGW813","X.3880.LG13","treatment"
"X-3880.TAS266","X.3880.uned","control"
"X-3880.TAS266","X.3880.TA66","treatment"
"X-3898.BGJ398","X.3898.uned","control"
"X-3898.binimetinib","X.3898.uned","control"
"X-3898.binimetinib","X.3898.biib","treatment"
"X-3898.BKM120","X.3898.uned","control"
"X-3898.BKM120","X.3898.BK20","treatment"
"X-3898.BYL719","X.3898.uned","control"
"X-3898.BYL719","X.3898.BY19","treatment"
"X-3898.BYL719 + HSP990","X.3898.uned","control"
"X-3898.BYL719 + LJM716","X.3898.uned","control"
"X-3898.BYL719 + LJM716","X.3898.BY19.LJ16","treatment"
"X-3898.CLR457","X.3898.uned","control"
"X-3898.everolimus","X.3898.uned","control"
"X-3898.figitumumab","X.3898.uned","control"
"X-3898.figitumumab","X.3898.fiab","treatment"
"X-3898.HDM201","X.3898.uned","control"
"X-3898.HDM201","X.3898.HD01","treatment"
"X-3898.HSP990","X.3898.uned","control"
"X-3898.INC280","X.3898.uned","control"
"X-3898.INC280 + trastuzumab","X.3898.uned","control"
"X-3898.LEE011","X.3898.uned","control"
"X-3898.LEE011","X.3898.LE11","treatment"
"X-3898.LEE011 + everolimus","X.3898.uned","control"
"X-3898.LJM716","X.3898.uned","control"
"X-3898.LJM716 + trastuzumab","X.3898.uned","control"
"X-3898.LLM871","X.3898.uned","control"
"X-3898.trastuzumab","X.3898.uned","control"
"X-3898.5FU","X.3898.uned","control"
"X-3898.BKM120 + LJC049","X.3898.uned","control"
"X-3898.BYL719 + binimetinib","X.3898.uned","control"
"X-3898.BYL719 + cetuximab","X.3898.uned","control"
"X-3898.BYL719 + cetuximab + encorafenib","X.3898.uned","control"
"X-3898.BYL719 + encorafenib","X.3898.uned","control"
"X-3898.cetuximab","X.3898.uned","control"
"X-3898.cetuximab + encorafenib","X.3898.uned","control"
"X-3898.CGM097","X.3898.uned","control"
"X-3898.CKX620","X.3898.uned","control"
"X-3898.encorafenib","X.3898.uned","control"
"X-3898.LFW527 + binimetinib","X.3898.uned","control"
"X-3898.LJC049","X.3898.uned","control"
"X-3898.LKA136","X.3898.uned","control"
"X-3898.LKA136","X.3898.LK36","treatment"
"X-3898.abraxane","X.3898.uned","control"
"X-3898.abraxane","X.3898.abne","treatment"
"X-3898.binimetinib-3.5mpk","X.3898.uned","control"
"X-3898.binimetinib-3.5mpk","X.3898.bipk","treatment"
"X-3898.BKM120 + binimetinib","X.3898.uned","control"
"X-3898.BKM120 + binimetinib","X.3898.BK20.biib","treatment"
"X-3898.BKM120 + LDE225","X.3898.uned","control"
"X-3898.BKM120 + LDE225","X.3898.BK20.LD25","treatment"
"X-3898.figitumumab + binimetinib","X.3898.uned","control"
"X-3898.figitumumab + binimetinib","X.3898.fiab.biib","treatment"
"X-3898.gemcitabine-50mpk","X.3898.uned","control"
"X-3898.gemcitabine-50mpk","X.3898.gepk","treatment"
"X-3898.INC424","X.3898.uned","control"
"X-3898.INC424","X.3898.IN24","treatment"
"X-3898.INC424 + binimetinib","X.3898.uned","control"
"X-3898.INC424 + binimetinib","X.3898.IN24.biib","treatment"
"X-3898.trametinib","X.3898.uned","control"
"X-3898.trametinib","X.3898.trib","treatment"
"X-3898.BYL719 + LEE011","X.3898.uned","control"
"X-3898.LFA102","X.3898.uned","control"
"X-3898.LFW527 + everolimus","X.3898.uned","control"
"X-3898.paclitaxel","X.3898.uned","control"
"X-3898.tamoxifen","X.3898.uned","control"
"X-3898.BYL719 + LGH447","X.3898.uned","control"
"X-3898.erlotinib","X.3898.uned","control"
"X-3898.LCL161 + paclitaxel","X.3898.uned","control"
"X-3898.LGH447","X.3898.uned","control"
"X-3898.WNT974","X.3898.uned","control"
"X-3898.WNT974","X.3898.WN74","treatment"
"X-3898.BKM120 + encorafenib","X.3898.uned","control"
"X-3898.dacarbazine","X.3898.uned","control"
"X-3898.encorafenib + binimetinib","X.3898.uned","control"
"X-3898.LDE225","X.3898.uned","control"
"X-3898.LDK378","X.3898.uned","control"
"X-3898.LEE011 + binimetinib","X.3898.uned","control"
"X-3898.LEE011 + encorafenib","X.3898.uned","control"
"X-3898.LGW813","X.3898.uned","control"
"X-3898.TAS266","X.3898.uned","control"
"X-3947.BGJ398","X.3947.uned","control"
"X-3947.binimetinib","X.3947.uned","control"
"X-3947.binimetinib","X.3947.biib","treatment"
"X-3947.BKM120","X.3947.uned","control"
"X-3947.BKM120","X.3947.BK20","treatment"
"X-3947.BYL719","X.3947.uned","control"
"X-3947.BYL719","X.3947.BY19","treatment"
"X-3947.BYL719 + HSP990","X.3947.uned","control"
"X-3947.BYL719 + LJM716","X.3947.uned","control"
"X-3947.BYL719 + LJM716","X.3947.BY19.LJ16","treatment"
"X-3947.CLR457","X.3947.uned","control"
"X-3947.CLR457","X.3947.CL57","treatment"
"X-3947.everolimus","X.3947.uned","control"
"X-3947.figitumumab","X.3947.uned","control"
"X-3947.figitumumab","X.3947.fiab","treatment"
"X-3947.HDM201","X.3947.uned","control"
"X-3947.HDM201","X.3947.HD01","treatment"
"X-3947.HSP990","X.3947.uned","control"
"X-3947.INC280","X.3947.uned","control"
"X-3947.INC280 + trastuzumab","X.3947.uned","control"
"X-3947.LEE011","X.3947.uned","control"
"X-3947.LEE011","X.3947.LE11","treatment"
"X-3947.LEE011 + everolimus","X.3947.uned","control"
"X-3947.LJM716","X.3947.uned","control"
"X-3947.LJM716 + trastuzumab","X.3947.uned","control"
"X-3947.LLM871","X.3947.uned","control"
"X-3947.trastuzumab","X.3947.uned","control"
"X-3947.5FU","X.3947.uned","control"
"X-3947.BKM120 + LJC049","X.3947.uned","control"
"X-3947.BYL719 + binimetinib","X.3947.uned","control"
"X-3947.BYL719 + cetuximab","X.3947.uned","control"
"X-3947.BYL719 + cetuximab + encorafenib","X.3947.uned","control"
"X-3947.BYL719 + encorafenib","X.3947.uned","control"
"X-3947.cetuximab","X.3947.uned","control"
"X-3947.cetuximab + encorafenib","X.3947.uned","control"
"X-3947.CGM097","X.3947.uned","control"
"X-3947.CKX620","X.3947.uned","control"
"X-3947.encorafenib","X.3947.uned","control"
"X-3947.LFW527 + binimetinib","X.3947.uned","control"
"X-3947.LJC049","X.3947.uned","control"
"X-3947.LKA136","X.3947.uned","control"
"X-3947.LKA136","X.3947.LK36","treatment"
"X-3947.abraxane","X.3947.uned","control"
"X-3947.abraxane","X.3947.abne","treatment"
"X-3947.binimetinib-3.5mpk","X.3947.uned","control"
"X-3947.binimetinib-3.5mpk","X.3947.bipk","treatment"
"X-3947.BKM120 + binimetinib","X.3947.uned","control"
"X-3947.BKM120 + binimetinib","X.3947.BK20.biib","treatment"
"X-3947.BKM120 + LDE225","X.3947.uned","control"
"X-3947.BKM120 + LDE225","X.3947.BK20.LD25","treatment"
"X-3947.figitumumab + binimetinib","X.3947.uned","control"
"X-3947.figitumumab + binimetinib","X.3947.fiab.biib","treatment"
"X-3947.gemcitabine-50mpk","X.3947.uned","control"
"X-3947.gemcitabine-50mpk","X.3947.gepk","treatment"
"X-3947.INC424","X.3947.uned","control"
"X-3947.INC424","X.3947.IN24","treatment"
"X-3947.INC424 + binimetinib","X.3947.uned","control"
"X-3947.INC424 + binimetinib","X.3947.IN24.biib","treatment"
"X-3947.trametinib","X.3947.uned","control"
"X-3947.trametinib","X.3947.trib","treatment"
"X-3947.BYL719 + LEE011","X.3947.uned","control"
"X-3947.LFA102","X.3947.uned","control"
"X-3947.LFW527 + everolimus","X.3947.uned","control"
"X-3947.paclitaxel","X.3947.uned","control"
"X-3947.tamoxifen","X.3947.uned","control"
"X-3947.BYL719 + LGH447","X.3947.uned","control"
"X-3947.erlotinib","X.3947.uned","control"
"X-3947.LCL161 + paclitaxel","X.3947.uned","control"
"X-3947.LGH447","X.3947.uned","control"
"X-3947.WNT974","X.3947.uned","control"
"X-3947.WNT974","X.3947.WN74","treatment"
"X-3947.BKM120 + encorafenib","X.3947.uned","control"
"X-3947.dacarbazine","X.3947.uned","control"
"X-3947.encorafenib + binimetinib","X.3947.uned","control"
"X-3947.LDE225","X.3947.uned","control"
"X-3947.LDK378","X.3947.uned","control"
"X-3947.LEE011 + binimetinib","X.3947.uned","control"
"X-3947.LEE011 + encorafenib","X.3947.uned","control"
"X-3947.LGW813","X.3947.uned","control"
"X-3947.TAS266","X.3947.uned","control"
"X-3990.BGJ398","X.3990.uned","control"
"X-3990.binimetinib","X.3990.uned","control"
"X-3990.binimetinib","X.3990.biib","treatment"
"X-3990.BKM120","X.3990.uned","control"
"X-3990.BKM120","X.3990.BK20","treatment"
"X-3990.BYL719","X.3990.uned","control"
"X-3990.BYL719","X.3990.BY19","treatment"
"X-3990.BYL719 + HSP990","X.3990.uned","control"
"X-3990.BYL719 + LJM716","X.3990.uned","control"
"X-3990.BYL719 + LJM716","X.3990.BY19.LJ16","treatment"
"X-3990.CLR457","X.3990.uned","control"
"X-3990.CLR457","X.3990.CL57","treatment"
"X-3990.everolimus","X.3990.uned","control"
"X-3990.figitumumab","X.3990.uned","control"
"X-3990.figitumumab","X.3990.fiab","treatment"
"X-3990.HDM201","X.3990.uned","control"
"X-3990.HDM201","X.3990.HD01","treatment"
"X-3990.HSP990","X.3990.uned","control"
"X-3990.INC280","X.3990.uned","control"
"X-3990.INC280 + trastuzumab","X.3990.uned","control"
"X-3990.LEE011","X.3990.uned","control"
"X-3990.LEE011","X.3990.LE11","treatment"
"X-3990.LEE011 + everolimus","X.3990.uned","control"
"X-3990.LJM716","X.3990.uned","control"
"X-3990.LJM716 + trastuzumab","X.3990.uned","control"
"X-3990.LLM871","X.3990.uned","control"
"X-3990.trastuzumab","X.3990.uned","control"
"X-3990.5FU","X.3990.uned","control"
"X-3990.BKM120 + LJC049","X.3990.uned","control"
"X-3990.BYL719 + binimetinib","X.3990.uned","control"
"X-3990.BYL719 + cetuximab","X.3990.uned","control"
"X-3990.BYL719 + cetuximab + encorafenib","X.3990.uned","control"
"X-3990.BYL719 + encorafenib","X.3990.uned","control"
"X-3990.cetuximab","X.3990.uned","control"
"X-3990.cetuximab + encorafenib","X.3990.uned","control"
"X-3990.CGM097","X.3990.uned","control"
"X-3990.CKX620","X.3990.uned","control"
"X-3990.encorafenib","X.3990.uned","control"
"X-3990.LFW527 + binimetinib","X.3990.uned","control"
"X-3990.LJC049","X.3990.uned","control"
"X-3990.LKA136","X.3990.uned","control"
"X-3990.LKA136","X.3990.LK36","treatment"
"X-3990.abraxane","X.3990.uned","control"
"X-3990.abraxane","X.3990.abne","treatment"
"X-3990.binimetinib-3.5mpk","X.3990.uned","control"
"X-3990.binimetinib-3.5mpk","X.3990.bipk","treatment"
"X-3990.BKM120 + binimetinib","X.3990.uned","control"
"X-3990.BKM120 + binimetinib","X.3990.BK20.biib","treatment"
"X-3990.BKM120 + LDE225","X.3990.uned","control"
"X-3990.BKM120 + LDE225","X.3990.BK20.LD25","treatment"
"X-3990.figitumumab + binimetinib","X.3990.uned","control"
"X-3990.figitumumab + binimetinib","X.3990.fiab.biib","treatment"
"X-3990.gemcitabine-50mpk","X.3990.uned","control"
"X-3990.gemcitabine-50mpk","X.3990.gepk","treatment"
"X-3990.INC424","X.3990.uned","control"
"X-3990.INC424","X.3990.IN24","treatment"
"X-3990.INC424 + binimetinib","X.3990.uned","control"
"X-3990.INC424 + binimetinib","X.3990.IN24.biib","treatment"
"X-3990.trametinib","X.3990.uned","control"
"X-3990.trametinib","X.3990.trib","treatment"
"X-3990.BYL719 + LEE011","X.3990.uned","control"
"X-3990.LFA102","X.3990.uned","control"
"X-3990.LFW527 + everolimus","X.3990.uned","control"
"X-3990.paclitaxel","X.3990.uned","control"
"X-3990.tamoxifen","X.3990.uned","control"
"X-3990.BYL719 + LGH447","X.3990.uned","control"
"X-3990.erlotinib","X.3990.uned","control"
"X-3990.LCL161 + paclitaxel","X.3990.uned","control"
"X-3990.LGH447","X.3990.uned","control"
"X-3990.WNT974","X.3990.uned","control"
"X-3990.WNT974","X.3990.WN74","treatment"
"X-3990.BKM120 + encorafenib","X.3990.uned","control"
"X-3990.dacarbazine","X.3990.uned","control"
"X-3990.encorafenib + binimetinib","X.3990.uned","control"
"X-3990.LDE225","X.3990.uned","control"
"X-3990.LDK378","X.3990.uned","control"
"X-3990.LEE011 + binimetinib","X.3990.uned","control"
"X-3990.LEE011 + encorafenib","X.3990.uned","control"
"X-3990.LGW813","X.3990.uned","control"
"X-3990.TAS266","X.3990.uned","control"
"X-4015.BGJ398","X.4015.uned","control"
"X-4015.binimetinib","X.4015.uned","control"
"X-4015.binimetinib","X.4015.biib","treatment"
"X-4015.BKM120","X.4015.uned","control"
"X-4015.BYL719","X.4015.uned","control"
"X-4015.BYL719","X.4015.BY19","treatment"
"X-4015.BYL719 + HSP990","X.4015.uned","control"
"X-4015.BYL719 + LJM716","X.4015.uned","control"
"X-4015.BYL719 + LJM716","X.4015.BY19.LJ16","treatment"
"X-4015.CLR457","X.4015.uned","control"
"X-4015.CLR457","X.4015.CL57","treatment"
"X-4015.everolimus","X.4015.uned","control"
"X-4015.figitumumab","X.4015.uned","control"
"X-4015.figitumumab","X.4015.fiab","treatment"
"X-4015.HDM201","X.4015.uned","control"
"X-4015.HDM201","X.4015.HD01","treatment"
"X-4015.HSP990","X.4015.uned","control"
"X-4015.INC280","X.4015.uned","control"
"X-4015.INC280 + trastuzumab","X.4015.uned","control"
"X-4015.LEE011","X.4015.uned","control"
"X-4015.LEE011 + everolimus","X.4015.uned","control"
"X-4015.LJM716","X.4015.uned","control"
"X-4015.LJM716 + trastuzumab","X.4015.uned","control"
"X-4015.LLM871","X.4015.uned","control"
"X-4015.trastuzumab","X.4015.uned","control"
"X-4015.5FU","X.4015.uned","control"
"X-4015.BKM120 + LJC049","X.4015.uned","control"
"X-4015.BYL719 + binimetinib","X.4015.uned","control"
"X-4015.BYL719 + cetuximab","X.4015.uned","control"
"X-4015.BYL719 + cetuximab + encorafenib","X.4015.uned","control"
"X-4015.BYL719 + encorafenib","X.4015.uned","control"
"X-4015.cetuximab","X.4015.uned","control"
"X-4015.cetuximab + encorafenib","X.4015.uned","control"
"X-4015.CGM097","X.4015.uned","control"
"X-4015.CKX620","X.4015.uned","control"
"X-4015.encorafenib","X.4015.uned","control"
"X-4015.LFW527 + binimetinib","X.4015.uned","control"
"X-4015.LJC049","X.4015.uned","control"
"X-4015.LKA136","X.4015.uned","control"
"X-4015.LKA136","X.4015.LK36","treatment"
"X-4015.abraxane","X.4015.uned","control"
"X-4015.abraxane","X.4015.abne","treatment"
"X-4015.binimetinib-3.5mpk","X.4015.uned","control"
"X-4015.BKM120 + binimetinib","X.4015.uned","control"
"X-4015.BKM120 + binimetinib","X.4015.BK20.biib","treatment"
"X-4015.BKM120 + LDE225","X.4015.uned","control"
"X-4015.BKM120 + LDE225","X.4015.BK20.LD25","treatment"
"X-4015.figitumumab + binimetinib","X.4015.uned","control"
"X-4015.figitumumab + binimetinib","X.4015.fiab.biib","treatment"
"X-4015.gemcitabine-50mpk","X.4015.uned","control"
"X-4015.gemcitabine-50mpk","X.4015.gepk","treatment"
"X-4015.INC424","X.4015.uned","control"
"X-4015.INC424","X.4015.IN24","treatment"
"X-4015.INC424 + binimetinib","X.4015.uned","control"
"X-4015.INC424 + binimetinib","X.4015.IN24.biib","treatment"
"X-4015.trametinib","X.4015.uned","control"
"X-4015.BYL719 + LEE011","X.4015.uned","control"
"X-4015.LFA102","X.4015.uned","control"
"X-4015.LFW527 + everolimus","X.4015.uned","control"
"X-4015.paclitaxel","X.4015.uned","control"
"X-4015.tamoxifen","X.4015.uned","control"
"X-4015.BYL719 + LGH447","X.4015.uned","control"
"X-4015.erlotinib","X.4015.uned","control"
"X-4015.LCL161 + paclitaxel","X.4015.uned","control"
"X-4015.LGH447","X.4015.uned","control"
"X-4015.WNT974","X.4015.uned","control"
"X-4015.WNT974","X.4015.WN74","treatment"
"X-4015.BKM120 + encorafenib","X.4015.uned","control"
"X-4015.dacarbazine","X.4015.uned","control"
"X-4015.encorafenib + binimetinib","X.4015.uned","control"
"X-4015.LDE225","X.4015.uned","control"
"X-4015.LDK378","X.4015.uned","control"
"X-4015.LEE011 + binimetinib","X.4015.uned","control"
"X-4015.LEE011 + encorafenib","X.4015.uned","control"
"X-4015.LGW813","X.4015.uned","control"
"X-4015.TAS266","X.4015.uned","control"
"X-4018.BGJ398","X.4018.uned","control"
"X-4018.binimetinib","X.4018.uned","control"
"X-4018.binimetinib","X.4018.biib","treatment"
"X-4018.BKM120","X.4018.uned","control"
"X-4018.BKM120","X.4018.BK20","treatment"
"X-4018.BYL719","X.4018.uned","control"
"X-4018.BYL719","X.4018.BY19","treatment"
"X-4018.BYL719 + HSP990","X.4018.uned","control"
"X-4018.BYL719 + LJM716","X.4018.uned","control"
"X-4018.CLR457","X.4018.uned","control"
"X-4018.CLR457","X.4018.CL57","treatment"
"X-4018.everolimus","X.4018.uned","control"
"X-4018.figitumumab","X.4018.uned","control"
"X-4018.figitumumab","X.4018.fiab","treatment"
"X-4018.HDM201","X.4018.uned","control"
"X-4018.HDM201","X.4018.HD01","treatment"
"X-4018.HSP990","X.4018.uned","control"
"X-4018.INC280","X.4018.uned","control"
"X-4018.INC280 + trastuzumab","X.4018.uned","control"
"X-4018.LEE011","X.4018.uned","control"
"X-4018.LEE011","X.4018.LE11","treatment"
"X-4018.LEE011 + everolimus","X.4018.uned","control"
"X-4018.LJM716","X.4018.uned","control"
"X-4018.LJM716 + trastuzumab","X.4018.uned","control"
"X-4018.LLM871","X.4018.uned","control"
"X-4018.trastuzumab","X.4018.uned","control"
"X-4018.5FU","X.4018.uned","control"
"X-4018.BKM120 + LJC049","X.4018.uned","control"
"X-4018.BYL719 + binimetinib","X.4018.uned","control"
"X-4018.BYL719 + cetuximab","X.4018.uned","control"
"X-4018.BYL719 + cetuximab + encorafenib","X.4018.uned","control"
"X-4018.BYL719 + encorafenib","X.4018.uned","control"
"X-4018.cetuximab","X.4018.uned","control"
"X-4018.cetuximab + encorafenib","X.4018.uned","control"
"X-4018.CGM097","X.4018.uned","control"
"X-4018.CKX620","X.4018.uned","control"
"X-4018.encorafenib","X.4018.uned","control"
"X-4018.LFW527 + binimetinib","X.4018.uned","control"
"X-4018.LJC049","X.4018.uned","control"
"X-4018.LKA136","X.4018.uned","control"
"X-4018.LKA136","X.4018.LK36","treatment"
"X-4018.abraxane","X.4018.uned","control"
"X-4018.abraxane","X.4018.abne","treatment"
"X-4018.binimetinib-3.5mpk","X.4018.uned","control"
"X-4018.binimetinib-3.5mpk","X.4018.bipk","treatment"
"X-4018.BKM120 + binimetinib","X.4018.uned","control"
"X-4018.BKM120 + binimetinib","X.4018.BK20.biib","treatment"
"X-4018.BKM120 + LDE225","X.4018.uned","control"
"X-4018.BKM120 + LDE225","X.4018.BK20.LD25","treatment"
"X-4018.figitumumab + binimetinib","X.4018.uned","control"
"X-4018.figitumumab + binimetinib","X.4018.fiab.biib","treatment"
"X-4018.gemcitabine-50mpk","X.4018.uned","control"
"X-4018.gemcitabine-50mpk","X.4018.gepk","treatment"
"X-4018.INC424","X.4018.uned","control"
"X-4018.INC424 + binimetinib","X.4018.uned","control"
"X-4018.INC424 + binimetinib","X.4018.IN24.biib","treatment"
"X-4018.trametinib","X.4018.uned","control"
"X-4018.trametinib","X.4018.trib","treatment"
"X-4018.BYL719 + LEE011","X.4018.uned","control"
"X-4018.LFA102","X.4018.uned","control"
"X-4018.LFW527 + everolimus","X.4018.uned","control"
"X-4018.paclitaxel","X.4018.uned","control"
"X-4018.tamoxifen","X.4018.uned","control"
"X-4018.BYL719 + LGH447","X.4018.uned","control"
"X-4018.erlotinib","X.4018.uned","control"
"X-4018.LCL161 + paclitaxel","X.4018.uned","control"
"X-4018.LGH447","X.4018.uned","control"
"X-4018.WNT974","X.4018.uned","control"
"X-4018.WNT974","X.4018.WN74","treatment"
"X-4018.BKM120 + encorafenib","X.4018.uned","control"
"X-4018.dacarbazine","X.4018.uned","control"
"X-4018.encorafenib + binimetinib","X.4018.uned","control"
"X-4018.LDE225","X.4018.uned","control"
"X-4018.LDK378","X.4018.uned","control"
"X-4018.LEE011 + binimetinib","X.4018.uned","control"
"X-4018.LEE011 + encorafenib","X.4018.uned","control"
"X-4018.LGW813","X.4018.uned","control"
"X-4018.TAS266","X.4018.uned","control"
"X-4087.BGJ398","X.4087.uned","control"
"X-4087.binimetinib","X.4087.uned","control"
"X-4087.binimetinib","X.4087.biib","treatment"
"X-4087.BKM120","X.4087.uned","control"
"X-4087.BKM120","X.4087.BK20","treatment"
"X-4087.BYL719","X.4087.uned","control"
"X-4087.BYL719","X.4087.BY19","treatment"
"X-4087.BYL719 + HSP990","X.4087.uned","control"
"X-4087.BYL719 + LJM716","X.4087.uned","control"
"X-4087.BYL719 + LJM716","X.4087.BY19.LJ16","treatment"
"X-4087.CLR457","X.4087.uned","control"
"X-4087.CLR457","X.4087.CL57","treatment"
"X-4087.everolimus","X.4087.uned","control"
"X-4087.figitumumab","X.4087.uned","control"
"X-4087.HDM201","X.4087.uned","control"
"X-4087.HDM201","X.4087.HD01","treatment"
"X-4087.HSP990","X.4087.uned","control"
"X-4087.INC280","X.4087.uned","control"
"X-4087.INC280 + trastuzumab","X.4087.uned","control"
"X-4087.LEE011","X.4087.uned","control"
"X-4087.LEE011","X.4087.LE11","treatment"
"X-4087.LEE011 + everolimus","X.4087.uned","control"
"X-4087.LJM716","X.4087.uned","control"
"X-4087.LJM716 + trastuzumab","X.4087.uned","control"
"X-4087.LLM871","X.4087.uned","control"
"X-4087.trastuzumab","X.4087.uned","control"
"X-4087.5FU","X.4087.uned","control"
"X-4087.5FU","X.4087.5FFU","treatment"
"X-4087.BKM120 + LJC049","X.4087.uned","control"
"X-4087.BKM120 + LJC049","X.4087.BK20.LJ49","treatment"
"X-4087.BYL719 + binimetinib","X.4087.uned","control"
"X-4087.BYL719 + binimetinib","X.4087.BY19.biib","treatment"
"X-4087.BYL719 + cetuximab","X.4087.uned","control"
"X-4087.BYL719 + cetuximab","X.4087.BY19.ceab","treatment"
"X-4087.BYL719 + cetuximab + encorafenib","X.4087.uned","control"
"X-4087.BYL719 + cetuximab + encorafenib","X.4087.BY19.ceab.enib","treatment"
"X-4087.BYL719 + encorafenib","X.4087.uned","control"
"X-4087.BYL719 + encorafenib","X.4087.BY19.enib","treatment"
"X-4087.cetuximab","X.4087.uned","control"
"X-4087.cetuximab","X.4087.ceab","treatment"
"X-4087.cetuximab + encorafenib","X.4087.uned","control"
"X-4087.cetuximab + encorafenib","X.4087.ceab.enib","treatment"
"X-4087.CGM097","X.4087.uned","control"
"X-4087.CGM097","X.4087.CG97","treatment"
"X-4087.CKX620","X.4087.uned","control"
"X-4087.CKX620","X.4087.CK20","treatment"
"X-4087.encorafenib","X.4087.uned","control"
"X-4087.encorafenib","X.4087.enib","treatment"
"X-4087.LFW527 + binimetinib","X.4087.uned","control"
"X-4087.LFW527 + binimetinib","X.4087.LF27.biib","treatment"
"X-4087.LJC049","X.4087.uned","control"
"X-4087.LJC049","X.4087.LJ49","treatment"
"X-4087.LKA136","X.4087.uned","control"
"X-4087.LKA136","X.4087.LK36","treatment"
"X-4087.abraxane","X.4087.uned","control"
"X-4087.binimetinib-3.5mpk","X.4087.uned","control"
"X-4087.BKM120 + binimetinib","X.4087.uned","control"
"X-4087.BKM120 + LDE225","X.4087.uned","control"
"X-4087.figitumumab + binimetinib","X.4087.uned","control"
"X-4087.gemcitabine-50mpk","X.4087.uned","control"
"X-4087.INC424","X.4087.uned","control"
"X-4087.INC424 + binimetinib","X.4087.uned","control"
"X-4087.trametinib","X.4087.uned","control"
"X-4087.BYL719 + LEE011","X.4087.uned","control"
"X-4087.LFA102","X.4087.uned","control"
"X-4087.LFW527 + everolimus","X.4087.uned","control"
"X-4087.paclitaxel","X.4087.uned","control"
"X-4087.tamoxifen","X.4087.uned","control"
"X-4087.BYL719 + LGH447","X.4087.uned","control"
"X-4087.erlotinib","X.4087.uned","control"
"X-4087.LCL161 + paclitaxel","X.4087.uned","control"
"X-4087.LGH447","X.4087.uned","control"
"X-4087.WNT974","X.4087.uned","control"
"X-4087.BKM120 + encorafenib","X.4087.uned","control"
"X-4087.dacarbazine","X.4087.uned","control"
"X-4087.encorafenib + binimetinib","X.4087.uned","control"
"X-4087.LDE225","X.4087.uned","control"
"X-4087.LDK378","X.4087.uned","control"
"X-4087.LEE011 + binimetinib","X.4087.uned","control"
"X-4087.LEE011 + encorafenib","X.4087.uned","control"
"X-4087.LGW813","X.4087.uned","control"
"X-4087.TAS266","X.4087.uned","control"
"X-4145.BGJ398","X.4145.uned","control"
"X-4145.binimetinib","X.4145.uned","control"
"X-4145.binimetinib","X.4145.biib","treatment"
"X-4145.BKM120","X.4145.uned","control"
"X-4145.BKM120","X.4145.BK20","treatment"
"X-4145.BYL719","X.4145.uned","control"
"X-4145.BYL719","X.4145.BY19","treatment"
"X-4145.BYL719 + HSP990","X.4145.uned","control"
"X-4145.BYL719 + LJM716","X.4145.uned","control"
"X-4145.BYL719 + LJM716","X.4145.BY19.LJ16","treatment"
"X-4145.CLR457","X.4145.uned","control"
"X-4145.CLR457","X.4145.CL57","treatment"
"X-4145.everolimus","X.4145.uned","control"
"X-4145.figitumumab","X.4145.uned","control"
"X-4145.figitumumab","X.4145.fiab","treatment"
"X-4145.HDM201","X.4145.uned","control"
"X-4145.HDM201","X.4145.HD01","treatment"
"X-4145.HSP990","X.4145.uned","control"
"X-4145.INC280","X.4145.uned","control"
"X-4145.INC280 + trastuzumab","X.4145.uned","control"
"X-4145.LEE011","X.4145.uned","control"
"X-4145.LEE011","X.4145.LE11","treatment"
"X-4145.LEE011 + everolimus","X.4145.uned","control"
"X-4145.LJM716","X.4145.uned","control"
"X-4145.LJM716 + trastuzumab","X.4145.uned","control"
"X-4145.LLM871","X.4145.uned","control"
"X-4145.trastuzumab","X.4145.uned","control"
"X-4145.5FU","X.4145.uned","control"
"X-4145.BKM120 + LJC049","X.4145.uned","control"
"X-4145.BYL719 + binimetinib","X.4145.uned","control"
"X-4145.BYL719 + cetuximab","X.4145.uned","control"
"X-4145.BYL719 + cetuximab + encorafenib","X.4145.uned","control"
"X-4145.BYL719 + encorafenib","X.4145.uned","control"
"X-4145.cetuximab","X.4145.uned","control"
"X-4145.cetuximab + encorafenib","X.4145.uned","control"
"X-4145.CGM097","X.4145.uned","control"
"X-4145.CKX620","X.4145.uned","control"
"X-4145.encorafenib","X.4145.uned","control"
"X-4145.LFW527 + binimetinib","X.4145.uned","control"
"X-4145.LJC049","X.4145.uned","control"
"X-4145.LKA136","X.4145.uned","control"
"X-4145.LKA136","X.4145.LK36","treatment"
"X-4145.abraxane","X.4145.uned","control"
"X-4145.abraxane","X.4145.abne","treatment"
"X-4145.binimetinib-3.5mpk","X.4145.uned","control"
"X-4145.binimetinib-3.5mpk","X.4145.bipk","treatment"
"X-4145.BKM120 + binimetinib","X.4145.uned","control"
"X-4145.BKM120 + binimetinib","X.4145.BK20.biib","treatment"
"X-4145.BKM120 + LDE225","X.4145.uned","control"
"X-4145.BKM120 + LDE225","X.4145.BK20.LD25","treatment"
"X-4145.figitumumab + binimetinib","X.4145.uned","control"
"X-4145.figitumumab + binimetinib","X.4145.fiab.biib","treatment"
"X-4145.gemcitabine-50mpk","X.4145.uned","control"
"X-4145.gemcitabine-50mpk","X.4145.gepk","treatment"
"X-4145.INC424","X.4145.uned","control"
"X-4145.INC424","X.4145.IN24","treatment"
"X-4145.INC424 + binimetinib","X.4145.uned","control"
"X-4145.INC424 + binimetinib","X.4145.IN24.biib","treatment"
"X-4145.trametinib","X.4145.uned","control"
"X-4145.trametinib","X.4145.trib","treatment"
"X-4145.BYL719 + LEE011","X.4145.uned","control"
"X-4145.LFA102","X.4145.uned","control"
"X-4145.LFW527 + everolimus","X.4145.uned","control"
"X-4145.paclitaxel","X.4145.uned","control"
"X-4145.tamoxifen","X.4145.uned","control"
"X-4145.BYL719 + LGH447","X.4145.uned","control"
"X-4145.erlotinib","X.4145.uned","control"
"X-4145.LCL161 + paclitaxel","X.4145.uned","control"
"X-4145.LGH447","X.4145.uned","control"
"X-4145.WNT974","X.4145.uned","control"
"X-4145.WNT974","X.4145.WN74","treatment"
"X-4145.BKM120 + encorafenib","X.4145.uned","control"
"X-4145.dacarbazine","X.4145.uned","control"
"X-4145.encorafenib + binimetinib","X.4145.uned","control"
"X-4145.LDE225","X.4145.uned","control"
"X-4145.LDK378","X.4145.uned","control"
"X-4145.LEE011 + binimetinib","X.4145.uned","control"
"X-4145.LEE011 + encorafenib","X.4145.uned","control"
"X-4145.LGW813","X.4145.uned","control"
"X-4145.TAS266","X.4145.uned","control"
"X-4157.BGJ398","X.4157.uned","control"
"X-4157.binimetinib","X.4157.uned","control"
"X-4157.binimetinib","X.4157.biib","treatment"
"X-4157.BKM120","X.4157.uned","control"
"X-4157.BKM120","X.4157.BK20","treatment"
"X-4157.BYL719","X.4157.uned","control"
"X-4157.BYL719 + HSP990","X.4157.uned","control"
"X-4157.BYL719 + LJM716","X.4157.uned","control"
"X-4157.CLR457","X.4157.uned","control"
"X-4157.CLR457","X.4157.CL57","treatment"
"X-4157.everolimus","X.4157.uned","control"
"X-4157.figitumumab","X.4157.uned","control"
"X-4157.HDM201","X.4157.uned","control"
"X-4157.HSP990","X.4157.uned","control"
"X-4157.INC280","X.4157.uned","control"
"X-4157.INC280 + trastuzumab","X.4157.uned","control"
"X-4157.LEE011","X.4157.uned","control"
"X-4157.LEE011","X.4157.LE11","treatment"
"X-4157.LEE011 + everolimus","X.4157.uned","control"
"X-4157.LJM716","X.4157.uned","control"
"X-4157.LJM716 + trastuzumab","X.4157.uned","control"
"X-4157.LLM871","X.4157.uned","control"
"X-4157.trastuzumab","X.4157.uned","control"
"X-4157.5FU","X.4157.uned","control"
"X-4157.BKM120 + LJC049","X.4157.uned","control"
"X-4157.BYL719 + binimetinib","X.4157.uned","control"
"X-4157.BYL719 + cetuximab","X.4157.uned","control"
"X-4157.BYL719 + cetuximab + encorafenib","X.4157.uned","control"
"X-4157.BYL719 + encorafenib","X.4157.uned","control"
"X-4157.cetuximab","X.4157.uned","control"
"X-4157.cetuximab + encorafenib","X.4157.uned","control"
"X-4157.CGM097","X.4157.uned","control"
"X-4157.CGM097","X.4157.CG97","treatment"
"X-4157.CKX620","X.4157.uned","control"
"X-4157.encorafenib","X.4157.uned","control"
"X-4157.encorafenib","X.4157.enib","treatment"
"X-4157.LFW527 + binimetinib","X.4157.uned","control"
"X-4157.LJC049","X.4157.uned","control"
"X-4157.LKA136","X.4157.uned","control"
"X-4157.abraxane","X.4157.uned","control"
"X-4157.binimetinib-3.5mpk","X.4157.uned","control"
"X-4157.BKM120 + binimetinib","X.4157.uned","control"
"X-4157.BKM120 + LDE225","X.4157.uned","control"
"X-4157.figitumumab + binimetinib","X.4157.uned","control"
"X-4157.gemcitabine-50mpk","X.4157.uned","control"
"X-4157.INC424","X.4157.uned","control"
"X-4157.INC424 + binimetinib","X.4157.uned","control"
"X-4157.trametinib","X.4157.uned","control"
"X-4157.BYL719 + LEE011","X.4157.uned","control"
"X-4157.LFA102","X.4157.uned","control"
"X-4157.LFW527 + everolimus","X.4157.uned","control"
"X-4157.paclitaxel","X.4157.uned","control"
"X-4157.tamoxifen","X.4157.uned","control"
"X-4157.BYL719 + LGH447","X.4157.uned","control"
"X-4157.erlotinib","X.4157.uned","control"
"X-4157.LCL161 + paclitaxel","X.4157.uned","control"
"X-4157.LGH447","X.4157.uned","control"
"X-4157.WNT974","X.4157.uned","control"
"X-4157.WNT974","X.4157.WN74","treatment"
"X-4157.BKM120 + encorafenib","X.4157.uned","control"
"X-4157.BKM120 + encorafenib","X.4157.BK20.enib","treatment"
"X-4157.dacarbazine","X.4157.uned","control"
"X-4157.dacarbazine","X.4157.dane","treatment"
"X-4157.encorafenib + binimetinib","X.4157.uned","control"
"X-4157.encorafenib + binimetinib","X.4157.enib.biib","treatment"
"X-4157.LDE225","X.4157.uned","control"
"X-4157.LDE225","X.4157.LD25","treatment"
"X-4157.LDK378","X.4157.uned","control"
"X-4157.LDK378","X.4157.LD78","treatment"
"X-4157.LEE011 + binimetinib","X.4157.uned","control"
"X-4157.LEE011 + encorafenib","X.4157.uned","control"
"X-4157.LEE011 + encorafenib","X.4157.LE11.enib","treatment"
"X-4157.LGW813","X.4157.uned","control"
"X-4157.LGW813","X.4157.LG13","treatment"
"X-4157.TAS266","X.4157.uned","control"
"X-4157.TAS266","X.4157.TA66","treatment"
"X-4215.BGJ398","X.4215.uned","control"
"X-4215.binimetinib","X.4215.uned","control"
"X-4215.binimetinib","X.4215.biib","treatment"
"X-4215.BKM120","X.4215.uned","control"
"X-4215.BKM120","X.4215.BK20","treatment"
"X-4215.BYL719","X.4215.uned","control"
"X-4215.BYL719","X.4215.BY19","treatment"
"X-4215.BYL719 + HSP990","X.4215.uned","control"
"X-4215.BYL719 + LJM716","X.4215.uned","control"
"X-4215.BYL719 + LJM716","X.4215.BY19.LJ16","treatment"
"X-4215.CLR457","X.4215.uned","control"
"X-4215.CLR457","X.4215.CL57","treatment"
"X-4215.everolimus","X.4215.uned","control"
"X-4215.figitumumab","X.4215.uned","control"
"X-4215.figitumumab","X.4215.fiab","treatment"
"X-4215.HDM201","X.4215.uned","control"
"X-4215.HDM201","X.4215.HD01","treatment"
"X-4215.HSP990","X.4215.uned","control"
"X-4215.INC280","X.4215.uned","control"
"X-4215.INC280 + trastuzumab","X.4215.uned","control"
"X-4215.LEE011","X.4215.uned","control"
"X-4215.LEE011","X.4215.LE11","treatment"
"X-4215.LEE011 + everolimus","X.4215.uned","control"
"X-4215.LJM716","X.4215.uned","control"
"X-4215.LJM716 + trastuzumab","X.4215.uned","control"
"X-4215.LLM871","X.4215.uned","control"
"X-4215.trastuzumab","X.4215.uned","control"
"X-4215.5FU","X.4215.uned","control"
"X-4215.BKM120 + LJC049","X.4215.uned","control"
"X-4215.BYL719 + binimetinib","X.4215.uned","control"
"X-4215.BYL719 + cetuximab","X.4215.uned","control"
"X-4215.BYL719 + cetuximab + encorafenib","X.4215.uned","control"
"X-4215.BYL719 + encorafenib","X.4215.uned","control"
"X-4215.cetuximab","X.4215.uned","control"
"X-4215.cetuximab + encorafenib","X.4215.uned","control"
"X-4215.CGM097","X.4215.uned","control"
"X-4215.CKX620","X.4215.uned","control"
"X-4215.encorafenib","X.4215.uned","control"
"X-4215.LFW527 + binimetinib","X.4215.uned","control"
"X-4215.LJC049","X.4215.uned","control"
"X-4215.LKA136","X.4215.uned","control"
"X-4215.LKA136","X.4215.LK36","treatment"
"X-4215.abraxane","X.4215.uned","control"
"X-4215.abraxane","X.4215.abne","treatment"
"X-4215.binimetinib-3.5mpk","X.4215.uned","control"
"X-4215.binimetinib-3.5mpk","X.4215.bipk","treatment"
"X-4215.BKM120 + binimetinib","X.4215.uned","control"
"X-4215.BKM120 + LDE225","X.4215.uned","control"
"X-4215.BKM120 + LDE225","X.4215.BK20.LD25","treatment"
"X-4215.figitumumab + binimetinib","X.4215.uned","control"
"X-4215.figitumumab + binimetinib","X.4215.fiab.biib","treatment"
"X-4215.gemcitabine-50mpk","X.4215.uned","control"
"X-4215.gemcitabine-50mpk","X.4215.gepk","treatment"
"X-4215.INC424","X.4215.uned","control"
"X-4215.INC424","X.4215.IN24","treatment"
"X-4215.INC424 + binimetinib","X.4215.uned","control"
"X-4215.INC424 + binimetinib","X.4215.IN24.biib","treatment"
"X-4215.trametinib","X.4215.uned","control"
"X-4215.trametinib","X.4215.trib","treatment"
"X-4215.BYL719 + LEE011","X.4215.uned","control"
"X-4215.LFA102","X.4215.uned","control"
"X-4215.LFW527 + everolimus","X.4215.uned","control"
"X-4215.paclitaxel","X.4215.uned","control"
"X-4215.tamoxifen","X.4215.uned","control"
"X-4215.BYL719 + LGH447","X.4215.uned","control"
"X-4215.erlotinib","X.4215.uned","control"
"X-4215.LCL161 + paclitaxel","X.4215.uned","control"
"X-4215.LGH447","X.4215.uned","control"
"X-4215.WNT974","X.4215.uned","control"
"X-4215.WNT974","X.4215.WN74","treatment"
"X-4215.BKM120 + encorafenib","X.4215.uned","control"
"X-4215.dacarbazine","X.4215.uned","control"
"X-4215.encorafenib + binimetinib","X.4215.uned","control"
"X-4215.LDE225","X.4215.uned","control"
"X-4215.LDK378","X.4215.uned","control"
"X-4215.LEE011 + binimetinib","X.4215.uned","control"
"X-4215.LEE011 + encorafenib","X.4215.uned","control"
"X-4215.LGW813","X.4215.uned","control"
"X-4215.TAS266","X.4215.uned","control"
"X-4226.BGJ398","X.4226.uned","control"
"X-4226.binimetinib","X.4226.uned","control"
"X-4226.binimetinib","X.4226.biib","treatment"
"X-4226.BKM120","X.4226.uned","control"
"X-4226.BKM120","X.4226.BK20","treatment"
"X-4226.BYL719","X.4226.uned","control"
"X-4226.BYL719","X.4226.BY19","treatment"
"X-4226.BYL719 + HSP990","X.4226.uned","control"
"X-4226.BYL719 + LJM716","X.4226.uned","control"
"X-4226.BYL719 + LJM716","X.4226.BY19.LJ16","treatment"
"X-4226.CLR457","X.4226.uned","control"
"X-4226.CLR457","X.4226.CL57","treatment"
"X-4226.everolimus","X.4226.uned","control"
"X-4226.figitumumab","X.4226.uned","control"
"X-4226.figitumumab","X.4226.fiab","treatment"
"X-4226.HDM201","X.4226.uned","control"
"X-4226.HDM201","X.4226.HD01","treatment"
"X-4226.HSP990","X.4226.uned","control"
"X-4226.INC280","X.4226.uned","control"
"X-4226.INC280 + trastuzumab","X.4226.uned","control"
"X-4226.LEE011","X.4226.uned","control"
"X-4226.LEE011","X.4226.LE11","treatment"
"X-4226.LEE011 + everolimus","X.4226.uned","control"
"X-4226.LJM716","X.4226.uned","control"
"X-4226.LJM716 + trastuzumab","X.4226.uned","control"
"X-4226.LLM871","X.4226.uned","control"
"X-4226.trastuzumab","X.4226.uned","control"
"X-4226.5FU","X.4226.uned","control"
"X-4226.BKM120 + LJC049","X.4226.uned","control"
"X-4226.BYL719 + binimetinib","X.4226.uned","control"
"X-4226.BYL719 + cetuximab","X.4226.uned","control"
"X-4226.BYL719 + cetuximab + encorafenib","X.4226.uned","control"
"X-4226.BYL719 + encorafenib","X.4226.uned","control"
"X-4226.cetuximab","X.4226.uned","control"
"X-4226.cetuximab + encorafenib","X.4226.uned","control"
"X-4226.CGM097","X.4226.uned","control"
"X-4226.CKX620","X.4226.uned","control"
"X-4226.encorafenib","X.4226.uned","control"
"X-4226.LFW527 + binimetinib","X.4226.uned","control"
"X-4226.LJC049","X.4226.uned","control"
"X-4226.LKA136","X.4226.uned","control"
"X-4226.LKA136","X.4226.LK36","treatment"
"X-4226.abraxane","X.4226.uned","control"
"X-4226.abraxane","X.4226.abne","treatment"
"X-4226.binimetinib-3.5mpk","X.4226.uned","control"
"X-4226.binimetinib-3.5mpk","X.4226.bipk","treatment"
"X-4226.BKM120 + binimetinib","X.4226.uned","control"
"X-4226.BKM120 + binimetinib","X.4226.BK20.biib","treatment"
"X-4226.BKM120 + LDE225","X.4226.uned","control"
"X-4226.BKM120 + LDE225","X.4226.BK20.LD25","treatment"
"X-4226.figitumumab + binimetinib","X.4226.uned","control"
"X-4226.figitumumab + binimetinib","X.4226.fiab.biib","treatment"
"X-4226.gemcitabine-50mpk","X.4226.uned","control"
"X-4226.gemcitabine-50mpk","X.4226.gepk","treatment"
"X-4226.INC424","X.4226.uned","control"
"X-4226.INC424","X.4226.IN24","treatment"
"X-4226.INC424 + binimetinib","X.4226.uned","control"
"X-4226.INC424 + binimetinib","X.4226.IN24.biib","treatment"
"X-4226.trametinib","X.4226.uned","control"
"X-4226.trametinib","X.4226.trib","treatment"
"X-4226.BYL719 + LEE011","X.4226.uned","control"
"X-4226.LFA102","X.4226.uned","control"
"X-4226.LFW527 + everolimus","X.4226.uned","control"
"X-4226.paclitaxel","X.4226.uned","control"
"X-4226.tamoxifen","X.4226.uned","control"
"X-4226.BYL719 + LGH447","X.4226.uned","control"
"X-4226.erlotinib","X.4226.uned","control"
"X-4226.LCL161 + paclitaxel","X.4226.uned","control"
"X-4226.LGH447","X.4226.uned","control"
"X-4226.WNT974","X.4226.uned","control"
"X-4226.WNT974","X.4226.WN74","treatment"
"X-4226.BKM120 + encorafenib","X.4226.uned","control"
"X-4226.dacarbazine","X.4226.uned","control"
"X-4226.encorafenib + binimetinib","X.4226.uned","control"
"X-4226.LDE225","X.4226.uned","control"
"X-4226.LDK378","X.4226.uned","control"
"X-4226.LEE011 + binimetinib","X.4226.uned","control"
"X-4226.LEE011 + encorafenib","X.4226.uned","control"
"X-4226.LGW813","X.4226.uned","control"
"X-4226.TAS266","X.4226.uned","control"
"X-4316.BGJ398","X.4316.uned","control"
"X-4316.binimetinib","X.4316.uned","control"
"X-4316.binimetinib","X.4316.biib","treatment"
"X-4316.BKM120","X.4316.uned","control"
"X-4316.BKM120","X.4316.BK20","treatment"
"X-4316.BYL719","X.4316.uned","control"
"X-4316.BYL719","X.4316.BY19","treatment"
"X-4316.BYL719 + HSP990","X.4316.uned","control"
"X-4316.BYL719 + LJM716","X.4316.uned","control"
"X-4316.BYL719 + LJM716","X.4316.BY19.LJ16","treatment"
"X-4316.CLR457","X.4316.uned","control"
"X-4316.CLR457","X.4316.CL57","treatment"
"X-4316.everolimus","X.4316.uned","control"
"X-4316.figitumumab","X.4316.uned","control"
"X-4316.figitumumab","X.4316.fiab","treatment"
"X-4316.HDM201","X.4316.uned","control"
"X-4316.HDM201","X.4316.HD01","treatment"
"X-4316.HSP990","X.4316.uned","control"
"X-4316.INC280","X.4316.uned","control"
"X-4316.INC280 + trastuzumab","X.4316.uned","control"
"X-4316.LEE011","X.4316.uned","control"
"X-4316.LEE011","X.4316.LE11","treatment"
"X-4316.LEE011 + everolimus","X.4316.uned","control"
"X-4316.LJM716","X.4316.uned","control"
"X-4316.LJM716 + trastuzumab","X.4316.uned","control"
"X-4316.LLM871","X.4316.uned","control"
"X-4316.trastuzumab","X.4316.uned","control"
"X-4316.5FU","X.4316.uned","control"
"X-4316.BKM120 + LJC049","X.4316.uned","control"
"X-4316.BYL719 + binimetinib","X.4316.uned","control"
"X-4316.BYL719 + cetuximab","X.4316.uned","control"
"X-4316.BYL719 + cetuximab + encorafenib","X.4316.uned","control"
"X-4316.BYL719 + encorafenib","X.4316.uned","control"
"X-4316.cetuximab","X.4316.uned","control"
"X-4316.cetuximab + encorafenib","X.4316.uned","control"
"X-4316.CGM097","X.4316.uned","control"
"X-4316.CKX620","X.4316.uned","control"
"X-4316.encorafenib","X.4316.uned","control"
"X-4316.LFW527 + binimetinib","X.4316.uned","control"
"X-4316.LJC049","X.4316.uned","control"
"X-4316.LKA136","X.4316.uned","control"
"X-4316.LKA136","X.4316.LK36","treatment"
"X-4316.abraxane","X.4316.uned","control"
"X-4316.abraxane","X.4316.abne","treatment"
"X-4316.binimetinib-3.5mpk","X.4316.uned","control"
"X-4316.binimetinib-3.5mpk","X.4316.bipk","treatment"
"X-4316.BKM120 + binimetinib","X.4316.uned","control"
"X-4316.BKM120 + LDE225","X.4316.uned","control"
"X-4316.BKM120 + LDE225","X.4316.BK20.LD25","treatment"
"X-4316.figitumumab + binimetinib","X.4316.uned","control"
"X-4316.figitumumab + binimetinib","X.4316.fiab.biib","treatment"
"X-4316.gemcitabine-50mpk","X.4316.uned","control"
"X-4316.gemcitabine-50mpk","X.4316.gepk","treatment"
"X-4316.INC424","X.4316.uned","control"
"X-4316.INC424","X.4316.IN24","treatment"
"X-4316.INC424 + binimetinib","X.4316.uned","control"
"X-4316.trametinib","X.4316.uned","control"
"X-4316.trametinib","X.4316.trib","treatment"
"X-4316.BYL719 + LEE011","X.4316.uned","control"
"X-4316.LFA102","X.4316.uned","control"
"X-4316.LFW527 + everolimus","X.4316.uned","control"
"X-4316.paclitaxel","X.4316.uned","control"
"X-4316.tamoxifen","X.4316.uned","control"
"X-4316.BYL719 + LGH447","X.4316.uned","control"
"X-4316.erlotinib","X.4316.uned","control"
"X-4316.LCL161 + paclitaxel","X.4316.uned","control"
"X-4316.LGH447","X.4316.uned","control"
"X-4316.WNT974","X.4316.uned","control"
"X-4316.WNT974","X.4316.WN74","treatment"
"X-4316.BKM120 + encorafenib","X.4316.uned","control"
"X-4316.dacarbazine","X.4316.uned","control"
"X-4316.encorafenib + binimetinib","X.4316.uned","control"
"X-4316.LDE225","X.4316.uned","control"
"X-4316.LDK378","X.4316.uned","control"
"X-4316.LEE011 + binimetinib","X.4316.uned","control"
"X-4316.LEE011 + encorafenib","X.4316.uned","control"
"X-4316.LGW813","X.4316.uned","control"
"X-4316.TAS266","X.4316.uned","control"
"X-4339.BGJ398","X.4339.uned","control"
"X-4339.binimetinib","X.4339.uned","control"
"X-4339.binimetinib","X.4339.biib","treatment"
"X-4339.BKM120","X.4339.uned","control"
"X-4339.BKM120","X.4339.BK20","treatment"
"X-4339.BYL719","X.4339.uned","control"
"X-4339.BYL719 + HSP990","X.4339.uned","control"
"X-4339.BYL719 + LJM716","X.4339.uned","control"
"X-4339.CLR457","X.4339.uned","control"
"X-4339.CLR457","X.4339.CL57","treatment"
"X-4339.everolimus","X.4339.uned","control"
"X-4339.figitumumab","X.4339.uned","control"
"X-4339.HDM201","X.4339.uned","control"
"X-4339.HSP990","X.4339.uned","control"
"X-4339.INC280","X.4339.uned","control"
"X-4339.INC280 + trastuzumab","X.4339.uned","control"
"X-4339.LEE011","X.4339.uned","control"
"X-4339.LEE011","X.4339.LE11","treatment"
"X-4339.LEE011 + everolimus","X.4339.uned","control"
"X-4339.LJM716","X.4339.uned","control"
"X-4339.LJM716 + trastuzumab","X.4339.uned","control"
"X-4339.LLM871","X.4339.uned","control"
"X-4339.trastuzumab","X.4339.uned","control"
"X-4339.5FU","X.4339.uned","control"
"X-4339.BKM120 + LJC049","X.4339.uned","control"
"X-4339.BYL719 + binimetinib","X.4339.uned","control"
"X-4339.BYL719 + cetuximab","X.4339.uned","control"
"X-4339.BYL719 + cetuximab + encorafenib","X.4339.uned","control"
"X-4339.BYL719 + encorafenib","X.4339.uned","control"
"X-4339.cetuximab","X.4339.uned","control"
"X-4339.cetuximab + encorafenib","X.4339.uned","control"
"X-4339.CGM097","X.4339.uned","control"
"X-4339.CGM097","X.4339.CG97","treatment"
"X-4339.CKX620","X.4339.uned","control"
"X-4339.encorafenib","X.4339.uned","control"
"X-4339.encorafenib","X.4339.enib","treatment"
"X-4339.LFW527 + binimetinib","X.4339.uned","control"
"X-4339.LJC049","X.4339.uned","control"
"X-4339.LKA136","X.4339.uned","control"
"X-4339.abraxane","X.4339.uned","control"
"X-4339.binimetinib-3.5mpk","X.4339.uned","control"
"X-4339.BKM120 + binimetinib","X.4339.uned","control"
"X-4339.BKM120 + LDE225","X.4339.uned","control"
"X-4339.figitumumab + binimetinib","X.4339.uned","control"
"X-4339.gemcitabine-50mpk","X.4339.uned","control"
"X-4339.INC424","X.4339.uned","control"
"X-4339.INC424 + binimetinib","X.4339.uned","control"
"X-4339.trametinib","X.4339.uned","control"
"X-4339.BYL719 + LEE011","X.4339.uned","control"
"X-4339.LFA102","X.4339.uned","control"
"X-4339.LFW527 + everolimus","X.4339.uned","control"
"X-4339.paclitaxel","X.4339.uned","control"
"X-4339.tamoxifen","X.4339.uned","control"
"X-4339.BYL719 + LGH447","X.4339.uned","control"
"X-4339.erlotinib","X.4339.uned","control"
"X-4339.LCL161 + paclitaxel","X.4339.uned","control"
"X-4339.LGH447","X.4339.uned","control"
"X-4339.WNT974","X.4339.uned","control"
"X-4339.WNT974","X.4339.WN74","treatment"
"X-4339.BKM120 + encorafenib","X.4339.uned","control"
"X-4339.BKM120 + encorafenib","X.4339.BK20.enib","treatment"
"X-4339.dacarbazine","X.4339.uned","control"
"X-4339.dacarbazine","X.4339.dane","treatment"
"X-4339.encorafenib + binimetinib","X.4339.uned","control"
"X-4339.encorafenib + binimetinib","X.4339.enib.biib","treatment"
"X-4339.LDE225","X.4339.uned","control"
"X-4339.LDE225","X.4339.LD25","treatment"
"X-4339.LDK378","X.4339.uned","control"
"X-4339.LDK378","X.4339.LD78","treatment"
"X-4339.LEE011 + binimetinib","X.4339.uned","control"
"X-4339.LEE011 + binimetinib","X.4339.LE11.biib","treatment"
"X-4339.LEE011 + encorafenib","X.4339.uned","control"
"X-4339.LEE011 + encorafenib","X.4339.LE11.enib","treatment"
"X-4339.LGW813","X.4339.uned","control"
"X-4339.LGW813","X.4339.LG13","treatment"
"X-4339.TAS266","X.4339.uned","control"
"X-4339.TAS266","X.4339.TA66","treatment"
"X-4347.BGJ398","X.4347.uned","control"
"X-4347.BGJ398","X.4347.BG98","treatment"
"X-4347.binimetinib","X.4347.uned","control"
"X-4347.binimetinib","X.4347.biib","treatment"
"X-4347.BKM120","X.4347.uned","control"
"X-4347.BKM120","X.4347.BK20","treatment"
"X-4347.BYL719","X.4347.uned","control"
"X-4347.BYL719","X.4347.BY19","treatment"
"X-4347.BYL719 + HSP990","X.4347.uned","control"
"X-4347.BYL719 + LJM716","X.4347.uned","control"
"X-4347.BYL719 + LJM716","X.4347.BY19.LJ16","treatment"
"X-4347.CLR457","X.4347.uned","control"
"X-4347.CLR457","X.4347.CL57","treatment"
"X-4347.everolimus","X.4347.uned","control"
"X-4347.figitumumab","X.4347.uned","control"
"X-4347.HDM201","X.4347.uned","control"
"X-4347.HDM201","X.4347.HD01","treatment"
"X-4347.HSP990","X.4347.uned","control"
"X-4347.INC280","X.4347.uned","control"
"X-4347.INC280 + trastuzumab","X.4347.uned","control"
"X-4347.LEE011","X.4347.uned","control"
"X-4347.LEE011","X.4347.LE11","treatment"
"X-4347.LEE011 + everolimus","X.4347.uned","control"
"X-4347.LEE011 + everolimus","X.4347.LE11.evus","treatment"
"X-4347.LJM716","X.4347.uned","control"
"X-4347.LJM716","X.4347.LJ16","treatment"
"X-4347.LJM716 + trastuzumab","X.4347.uned","control"
"X-4347.LJM716 + trastuzumab","X.4347.LJ16.trab","treatment"
"X-4347.LLM871","X.4347.uned","control"
"X-4347.LLM871","X.4347.LL71","treatment"
"X-4347.trastuzumab","X.4347.uned","control"
"X-4347.trastuzumab","X.4347.trab","treatment"
"X-4347.5FU","X.4347.uned","control"
"X-4347.BKM120 + LJC049","X.4347.uned","control"
"X-4347.BYL719 + binimetinib","X.4347.uned","control"
"X-4347.BYL719 + cetuximab","X.4347.uned","control"
"X-4347.BYL719 + cetuximab + encorafenib","X.4347.uned","control"
"X-4347.BYL719 + encorafenib","X.4347.uned","control"
"X-4347.cetuximab","X.4347.uned","control"
"X-4347.cetuximab + encorafenib","X.4347.uned","control"
"X-4347.CGM097","X.4347.uned","control"
"X-4347.CGM097","X.4347.CG97","treatment"
"X-4347.CKX620","X.4347.uned","control"
"X-4347.encorafenib","X.4347.uned","control"
"X-4347.LFW527 + binimetinib","X.4347.uned","control"
"X-4347.LJC049","X.4347.uned","control"
"X-4347.LKA136","X.4347.uned","control"
"X-4347.LKA136","X.4347.LK36","treatment"
"X-4347.abraxane","X.4347.uned","control"
"X-4347.binimetinib-3.5mpk","X.4347.uned","control"
"X-4347.BKM120 + binimetinib","X.4347.uned","control"
"X-4347.BKM120 + LDE225","X.4347.uned","control"
"X-4347.figitumumab + binimetinib","X.4347.uned","control"
"X-4347.gemcitabine-50mpk","X.4347.uned","control"
"X-4347.INC424","X.4347.uned","control"
"X-4347.INC424","X.4347.IN24","treatment"
"X-4347.INC424 + binimetinib","X.4347.uned","control"
"X-4347.trametinib","X.4347.uned","control"
"X-4347.BYL719 + LEE011","X.4347.uned","control"
"X-4347.BYL719 + LEE011","X.4347.BY19.LE11","treatment"
"X-4347.LFA102","X.4347.uned","control"
"X-4347.LFA102","X.4347.LF02","treatment"
"X-4347.LFW527 + everolimus","X.4347.uned","control"
"X-4347.LFW527 + everolimus","X.4347.LF27.evus","treatment"
"X-4347.paclitaxel","X.4347.uned","control"
"X-4347.paclitaxel","X.4347.pael","treatment"
"X-4347.tamoxifen","X.4347.uned","control"
"X-4347.tamoxifen","X.4347.taen","treatment"
"X-4347.BYL719 + LGH447","X.4347.uned","control"
"X-4347.erlotinib","X.4347.uned","control"
"X-4347.LCL161 + paclitaxel","X.4347.uned","control"
"X-4347.LGH447","X.4347.uned","control"
"X-4347.WNT974","X.4347.uned","control"
"X-4347.BKM120 + encorafenib","X.4347.uned","control"
"X-4347.dacarbazine","X.4347.uned","control"
"X-4347.encorafenib + binimetinib","X.4347.uned","control"
"X-4347.LDE225","X.4347.uned","control"
"X-4347.LDK378","X.4347.uned","control"
"X-4347.LEE011 + binimetinib","X.4347.uned","control"
"X-4347.LEE011 + encorafenib","X.4347.uned","control"
"X-4347.LGW813","X.4347.uned","control"
"X-4347.TAS266","X.4347.uned","control"
"X-4377.binimetinib","X.4377.biib","treatment"
"X-4377.BKM120","X.4377.BK20","treatment"
"X-4377.BYL719","X.4377.BY19","treatment"
"X-4377.CLR457","X.4377.CL57","treatment"
"X-4377.figitumumab","X.4377.fiab","treatment"
"X-4377.HDM201","X.4377.HD01","treatment"
"X-4377.LEE011","X.4377.LE11","treatment"
"X-4377.LKA136","X.4377.LK36","treatment"
"X-4377.abraxane","X.4377.abne","treatment"
"X-4377.binimetinib-3.5mpk","X.4377.bipk","treatment"
"X-4377.BKM120 + binimetinib","X.4377.BK20.biib","treatment"
"X-4377.BKM120 + LDE225","X.4377.BK20.LD25","treatment"
"X-4377.figitumumab + binimetinib","X.4377.fiab.biib","treatment"
"X-4377.gemcitabine-50mpk","X.4377.gepk","treatment"
"X-4377.INC424","X.4377.IN24","treatment"
"X-4377.INC424 + binimetinib","X.4377.IN24.biib","treatment"
"X-4377.trametinib","X.4377.trib","treatment"
"X-4377.WNT974","X.4377.WN74","treatment"
"X-4378.BGJ398","X.4378.uned","control"
"X-4378.binimetinib","X.4378.uned","control"
"X-4378.binimetinib","X.4378.biib","treatment"
"X-4378.BKM120","X.4378.uned","control"
"X-4378.BKM120","X.4378.BK20","treatment"
"X-4378.BYL719","X.4378.uned","control"
"X-4378.BYL719","X.4378.BY19","treatment"
"X-4378.BYL719 + HSP990","X.4378.uned","control"
"X-4378.BYL719 + LJM716","X.4378.uned","control"
"X-4378.BYL719 + LJM716","X.4378.BY19.LJ16","treatment"
"X-4378.CLR457","X.4378.uned","control"
"X-4378.CLR457","X.4378.CL57","treatment"
"X-4378.everolimus","X.4378.uned","control"
"X-4378.figitumumab","X.4378.uned","control"
"X-4378.figitumumab","X.4378.fiab","treatment"
"X-4378.HDM201","X.4378.uned","control"
"X-4378.HDM201","X.4378.HD01","treatment"
"X-4378.HSP990","X.4378.uned","control"
"X-4378.INC280","X.4378.uned","control"
"X-4378.INC280 + trastuzumab","X.4378.uned","control"
"X-4378.LEE011","X.4378.uned","control"
"X-4378.LEE011","X.4378.LE11","treatment"
"X-4378.LEE011 + everolimus","X.4378.uned","control"
"X-4378.LJM716","X.4378.uned","control"
"X-4378.LJM716 + trastuzumab","X.4378.uned","control"
"X-4378.LLM871","X.4378.uned","control"
"X-4378.trastuzumab","X.4378.uned","control"
"X-4378.5FU","X.4378.uned","control"
"X-4378.BKM120 + LJC049","X.4378.uned","control"
"X-4378.BYL719 + binimetinib","X.4378.uned","control"
"X-4378.BYL719 + cetuximab","X.4378.uned","control"
"X-4378.BYL719 + cetuximab + encorafenib","X.4378.uned","control"
"X-4378.BYL719 + encorafenib","X.4378.uned","control"
"X-4378.cetuximab","X.4378.uned","control"
"X-4378.cetuximab + encorafenib","X.4378.uned","control"
"X-4378.CGM097","X.4378.uned","control"
"X-4378.CKX620","X.4378.uned","control"
"X-4378.encorafenib","X.4378.uned","control"
"X-4378.LFW527 + binimetinib","X.4378.uned","control"
"X-4378.LJC049","X.4378.uned","control"
"X-4378.LKA136","X.4378.uned","control"
"X-4378.LKA136","X.4378.LK36","treatment"
"X-4378.abraxane","X.4378.uned","control"
"X-4378.abraxane","X.4378.abne","treatment"
"X-4378.binimetinib-3.5mpk","X.4378.uned","control"
"X-4378.binimetinib-3.5mpk","X.4378.bipk","treatment"
"X-4378.BKM120 + binimetinib","X.4378.uned","control"
"X-4378.BKM120 + binimetinib","X.4378.BK20.biib","treatment"
"X-4378.BKM120 + LDE225","X.4378.uned","control"
"X-4378.BKM120 + LDE225","X.4378.BK20.LD25","treatment"
"X-4378.figitumumab + binimetinib","X.4378.uned","control"
"X-4378.figitumumab + binimetinib","X.4378.fiab.biib","treatment"
"X-4378.gemcitabine-50mpk","X.4378.uned","control"
"X-4378.gemcitabine-50mpk","X.4378.gepk","treatment"
"X-4378.INC424","X.4378.uned","control"
"X-4378.INC424","X.4378.IN24","treatment"
"X-4378.INC424 + binimetinib","X.4378.uned","control"
"X-4378.INC424 + binimetinib","X.4378.IN24.biib","treatment"
"X-4378.trametinib","X.4378.uned","control"
"X-4378.trametinib","X.4378.trib","treatment"
"X-4378.BYL719 + LEE011","X.4378.uned","control"
"X-4378.LFA102","X.4378.uned","control"
"X-4378.LFW527 + everolimus","X.4378.uned","control"
"X-4378.paclitaxel","X.4378.uned","control"
"X-4378.tamoxifen","X.4378.uned","control"
"X-4378.BYL719 + LGH447","X.4378.uned","control"
"X-4378.erlotinib","X.4378.uned","control"
"X-4378.LCL161 + paclitaxel","X.4378.uned","control"
"X-4378.LGH447","X.4378.uned","control"
"X-4378.WNT974","X.4378.uned","control"
"X-4378.WNT974","X.4378.WN74","treatment"
"X-4378.BKM120 + encorafenib","X.4378.uned","control"
"X-4378.dacarbazine","X.4378.uned","control"
"X-4378.encorafenib + binimetinib","X.4378.uned","control"
"X-4378.LDE225","X.4378.uned","control"
"X-4378.LDK378","X.4378.uned","control"
"X-4378.LEE011 + binimetinib","X.4378.uned","control"
"X-4378.LEE011 + encorafenib","X.4378.uned","control"
"X-4378.LGW813","X.4378.uned","control"
"X-4378.TAS266","X.4378.uned","control"
"X-4426.BGJ398","X.4426.uned","control"
"X-4426.binimetinib","X.4426.uned","control"
"X-4426.binimetinib","X.4426.biib","treatment"
"X-4426.BKM120","X.4426.uned","control"
"X-4426.BKM120","X.4426.BK20","treatment"
"X-4426.BYL719","X.4426.uned","control"
"X-4426.BYL719 + HSP990","X.4426.uned","control"
"X-4426.BYL719 + LJM716","X.4426.uned","control"
"X-4426.CLR457","X.4426.uned","control"
"X-4426.everolimus","X.4426.uned","control"
"X-4426.figitumumab","X.4426.uned","control"
"X-4426.HDM201","X.4426.uned","control"
"X-4426.HSP990","X.4426.uned","control"
"X-4426.INC280","X.4426.uned","control"
"X-4426.INC280 + trastuzumab","X.4426.uned","control"
"X-4426.LEE011","X.4426.uned","control"
"X-4426.LEE011","X.4426.LE11","treatment"
"X-4426.LEE011 + everolimus","X.4426.uned","control"
"X-4426.LJM716","X.4426.uned","control"
"X-4426.LJM716 + trastuzumab","X.4426.uned","control"
"X-4426.LLM871","X.4426.uned","control"
"X-4426.trastuzumab","X.4426.uned","control"
"X-4426.5FU","X.4426.uned","control"
"X-4426.BKM120 + LJC049","X.4426.uned","control"
"X-4426.BYL719 + binimetinib","X.4426.uned","control"
"X-4426.BYL719 + cetuximab","X.4426.uned","control"
"X-4426.BYL719 + cetuximab + encorafenib","X.4426.uned","control"
"X-4426.BYL719 + encorafenib","X.4426.uned","control"
"X-4426.cetuximab","X.4426.uned","control"
"X-4426.cetuximab + encorafenib","X.4426.uned","control"
"X-4426.CGM097","X.4426.uned","control"
"X-4426.CGM097","X.4426.CG97","treatment"
"X-4426.CKX620","X.4426.uned","control"
"X-4426.encorafenib","X.4426.uned","control"
"X-4426.encorafenib","X.4426.enib","treatment"
"X-4426.LFW527 + binimetinib","X.4426.uned","control"
"X-4426.LJC049","X.4426.uned","control"
"X-4426.LKA136","X.4426.uned","control"
"X-4426.abraxane","X.4426.uned","control"
"X-4426.binimetinib-3.5mpk","X.4426.uned","control"
"X-4426.BKM120 + binimetinib","X.4426.uned","control"
"X-4426.BKM120 + LDE225","X.4426.uned","control"
"X-4426.figitumumab + binimetinib","X.4426.uned","control"
"X-4426.gemcitabine-50mpk","X.4426.uned","control"
"X-4426.INC424","X.4426.uned","control"
"X-4426.INC424 + binimetinib","X.4426.uned","control"
"X-4426.trametinib","X.4426.uned","control"
"X-4426.BYL719 + LEE011","X.4426.uned","control"
"X-4426.LFA102","X.4426.uned","control"
"X-4426.LFW527 + everolimus","X.4426.uned","control"
"X-4426.paclitaxel","X.4426.uned","control"
"X-4426.tamoxifen","X.4426.uned","control"
"X-4426.BYL719 + LGH447","X.4426.uned","control"
"X-4426.erlotinib","X.4426.uned","control"
"X-4426.LCL161 + paclitaxel","X.4426.uned","control"
"X-4426.LGH447","X.4426.uned","control"
"X-4426.WNT974","X.4426.uned","control"
"X-4426.WNT974","X.4426.WN74","treatment"
"X-4426.BKM120 + encorafenib","X.4426.uned","control"
"X-4426.BKM120 + encorafenib","X.4426.BK20.enib","treatment"
"X-4426.dacarbazine","X.4426.uned","control"
"X-4426.dacarbazine","X.4426.dane","treatment"
"X-4426.encorafenib + binimetinib","X.4426.uned","control"
"X-4426.encorafenib + binimetinib","X.4426.enib.biib","treatment"
"X-4426.LDE225","X.4426.uned","control"
"X-4426.LDE225","X.4426.LD25","treatment"
"X-4426.LDK378","X.4426.uned","control"
"X-4426.LDK378","X.4426.LD78","treatment"
"X-4426.LEE011 + binimetinib","X.4426.uned","control"
"X-4426.LEE011 + encorafenib","X.4426.uned","control"
"X-4426.LEE011 + encorafenib","X.4426.LE11.enib","treatment"
"X-4426.LGW813","X.4426.uned","control"
"X-4426.LGW813","X.4426.LG13","treatment"
"X-4426.TAS266","X.4426.uned","control"
"X-4426.TAS266","X.4426.TA66","treatment"
"X-4439.BGJ398","X.4439.uned","control"
"X-4439.binimetinib","X.4439.uned","control"
"X-4439.binimetinib","X.4439.biib","treatment"
"X-4439.BKM120","X.4439.uned","control"
"X-4439.BKM120","X.4439.BK20","treatment"
"X-4439.BYL719","X.4439.uned","control"
"X-4439.BYL719","X.4439.BY19","treatment"
"X-4439.BYL719 + HSP990","X.4439.uned","control"
"X-4439.BYL719 + LJM716","X.4439.uned","control"
"X-4439.BYL719 + LJM716","X.4439.BY19.LJ16","treatment"
"X-4439.CLR457","X.4439.uned","control"
"X-4439.CLR457","X.4439.CL57","treatment"
"X-4439.everolimus","X.4439.uned","control"
"X-4439.figitumumab","X.4439.uned","control"
"X-4439.figitumumab","X.4439.fiab","treatment"
"X-4439.HDM201","X.4439.uned","control"
"X-4439.HDM201","X.4439.HD01","treatment"
"X-4439.HSP990","X.4439.uned","control"
"X-4439.INC280","X.4439.uned","control"
"X-4439.INC280 + trastuzumab","X.4439.uned","control"
"X-4439.LEE011","X.4439.uned","control"
"X-4439.LEE011","X.4439.LE11","treatment"
"X-4439.LEE011 + everolimus","X.4439.uned","control"
"X-4439.LJM716","X.4439.uned","control"
"X-4439.LJM716 + trastuzumab","X.4439.uned","control"
"X-4439.LLM871","X.4439.uned","control"
"X-4439.trastuzumab","X.4439.uned","control"
"X-4439.5FU","X.4439.uned","control"
"X-4439.BKM120 + LJC049","X.4439.uned","control"
"X-4439.BYL719 + binimetinib","X.4439.uned","control"
"X-4439.BYL719 + cetuximab","X.4439.uned","control"
"X-4439.BYL719 + cetuximab + encorafenib","X.4439.uned","control"
"X-4439.BYL719 + encorafenib","X.4439.uned","control"
"X-4439.cetuximab","X.4439.uned","control"
"X-4439.cetuximab + encorafenib","X.4439.uned","control"
"X-4439.CGM097","X.4439.uned","control"
"X-4439.CKX620","X.4439.uned","control"
"X-4439.encorafenib","X.4439.uned","control"
"X-4439.LFW527 + binimetinib","X.4439.uned","control"
"X-4439.LJC049","X.4439.uned","control"
"X-4439.LKA136","X.4439.uned","control"
"X-4439.LKA136","X.4439.LK36","treatment"
"X-4439.abraxane","X.4439.uned","control"
"X-4439.abraxane","X.4439.abne","treatment"
"X-4439.binimetinib-3.5mpk","X.4439.uned","control"
"X-4439.binimetinib-3.5mpk","X.4439.bipk","treatment"
"X-4439.BKM120 + binimetinib","X.4439.uned","control"
"X-4439.BKM120 + binimetinib","X.4439.BK20.biib","treatment"
"X-4439.BKM120 + LDE225","X.4439.uned","control"
"X-4439.BKM120 + LDE225","X.4439.BK20.LD25","treatment"
"X-4439.figitumumab + binimetinib","X.4439.uned","control"
"X-4439.figitumumab + binimetinib","X.4439.fiab.biib","treatment"
"X-4439.gemcitabine-50mpk","X.4439.uned","control"
"X-4439.gemcitabine-50mpk","X.4439.gepk","treatment"
"X-4439.INC424","X.4439.uned","control"
"X-4439.INC424","X.4439.IN24","treatment"
"X-4439.INC424 + binimetinib","X.4439.uned","control"
"X-4439.INC424 + binimetinib","X.4439.IN24.biib","treatment"
"X-4439.trametinib","X.4439.uned","control"
"X-4439.trametinib","X.4439.trib","treatment"
"X-4439.BYL719 + LEE011","X.4439.uned","control"
"X-4439.LFA102","X.4439.uned","control"
"X-4439.LFW527 + everolimus","X.4439.uned","control"
"X-4439.paclitaxel","X.4439.uned","control"
"X-4439.tamoxifen","X.4439.uned","control"
"X-4439.BYL719 + LGH447","X.4439.uned","control"
"X-4439.erlotinib","X.4439.uned","control"
"X-4439.LCL161 + paclitaxel","X.4439.uned","control"
"X-4439.LGH447","X.4439.uned","control"
"X-4439.WNT974","X.4439.uned","control"
"X-4439.WNT974","X.4439.WN74","treatment"
"X-4439.BKM120 + encorafenib","X.4439.uned","control"
"X-4439.dacarbazine","X.4439.uned","control"
"X-4439.encorafenib + binimetinib","X.4439.uned","control"
"X-4439.LDE225","X.4439.uned","control"
"X-4439.LDK378","X.4439.uned","control"
"X-4439.LEE011 + binimetinib","X.4439.uned","control"
"X-4439.LEE011 + encorafenib","X.4439.uned","control"
"X-4439.LGW813","X.4439.uned","control"
"X-4439.TAS266","X.4439.uned","control"
"X-4455.BGJ398","X.4455.uned","control"
"X-4455.binimetinib","X.4455.uned","control"
"X-4455.binimetinib","X.4455.biib","treatment"
"X-4455.BKM120","X.4455.uned","control"
"X-4455.BKM120","X.4455.BK20","treatment"
"X-4455.BYL719","X.4455.uned","control"
"X-4455.BYL719 + HSP990","X.4455.uned","control"
"X-4455.BYL719 + LJM716","X.4455.uned","control"
"X-4455.CLR457","X.4455.uned","control"
"X-4455.CLR457","X.4455.CL57","treatment"
"X-4455.everolimus","X.4455.uned","control"
"X-4455.figitumumab","X.4455.uned","control"
"X-4455.HDM201","X.4455.uned","control"
"X-4455.HSP990","X.4455.uned","control"
"X-4455.INC280","X.4455.uned","control"
"X-4455.INC280 + trastuzumab","X.4455.uned","control"
"X-4455.LEE011","X.4455.uned","control"
"X-4455.LEE011","X.4455.LE11","treatment"
"X-4455.LEE011 + everolimus","X.4455.uned","control"
"X-4455.LJM716","X.4455.uned","control"
"X-4455.LJM716 + trastuzumab","X.4455.uned","control"
"X-4455.LLM871","X.4455.uned","control"
"X-4455.trastuzumab","X.4455.uned","control"
"X-4455.5FU","X.4455.uned","control"
"X-4455.BKM120 + LJC049","X.4455.uned","control"
"X-4455.BYL719 + binimetinib","X.4455.uned","control"
"X-4455.BYL719 + cetuximab","X.4455.uned","control"
"X-4455.BYL719 + cetuximab + encorafenib","X.4455.uned","control"
"X-4455.BYL719 + encorafenib","X.4455.uned","control"
"X-4455.cetuximab","X.4455.uned","control"
"X-4455.cetuximab + encorafenib","X.4455.uned","control"
"X-4455.CGM097","X.4455.uned","control"
"X-4455.CGM097","X.4455.CG97","treatment"
"X-4455.CKX620","X.4455.uned","control"
"X-4455.encorafenib","X.4455.uned","control"
"X-4455.encorafenib","X.4455.enib","treatment"
"X-4455.LFW527 + binimetinib","X.4455.uned","control"
"X-4455.LJC049","X.4455.uned","control"
"X-4455.LKA136","X.4455.uned","control"
"X-4455.abraxane","X.4455.uned","control"
"X-4455.binimetinib-3.5mpk","X.4455.uned","control"
"X-4455.BKM120 + binimetinib","X.4455.uned","control"
"X-4455.BKM120 + LDE225","X.4455.uned","control"
"X-4455.figitumumab + binimetinib","X.4455.uned","control"
"X-4455.gemcitabine-50mpk","X.4455.uned","control"
"X-4455.INC424","X.4455.uned","control"
"X-4455.INC424 + binimetinib","X.4455.uned","control"
"X-4455.trametinib","X.4455.uned","control"
"X-4455.BYL719 + LEE011","X.4455.uned","control"
"X-4455.LFA102","X.4455.uned","control"
"X-4455.LFW527 + everolimus","X.4455.uned","control"
"X-4455.paclitaxel","X.4455.uned","control"
"X-4455.tamoxifen","X.4455.uned","control"
"X-4455.BYL719 + LGH447","X.4455.uned","control"
"X-4455.erlotinib","X.4455.uned","control"
"X-4455.LCL161 + paclitaxel","X.4455.uned","control"
"X-4455.LGH447","X.4455.uned","control"
"X-4455.WNT974","X.4455.uned","control"
"X-4455.WNT974","X.4455.WN74","treatment"
"X-4455.BKM120 + encorafenib","X.4455.uned","control"
"X-4455.BKM120 + encorafenib","X.4455.BK20.enib","treatment"
"X-4455.dacarbazine","X.4455.uned","control"
"X-4455.dacarbazine","X.4455.dane","treatment"
"X-4455.encorafenib + binimetinib","X.4455.uned","control"
"X-4455.encorafenib + binimetinib","X.4455.enib.biib","treatment"
"X-4455.LDE225","X.4455.uned","control"
"X-4455.LDE225","X.4455.LD25","treatment"
"X-4455.LDK378","X.4455.uned","control"
"X-4455.LDK378","X.4455.LD78","treatment"
"X-4455.LEE011 + binimetinib","X.4455.uned","control"
"X-4455.LEE011 + encorafenib","X.4455.uned","control"
"X-4455.LEE011 + encorafenib","X.4455.LE11.enib","treatment"
"X-4455.LGW813","X.4455.uned","control"
"X-4455.LGW813","X.4455.LG13","treatment"
"X-4455.TAS266","X.4455.uned","control"
"X-4455.TAS266","X.4455.TA66","treatment"
"X-4530.BGJ398","X.4530.uned","control"
"X-4530.binimetinib","X.4530.uned","control"
"X-4530.binimetinib","X.4530.biib","treatment"
"X-4530.BKM120","X.4530.uned","control"
"X-4530.BKM120","X.4530.BK20","treatment"
"X-4530.BYL719","X.4530.uned","control"
"X-4530.BYL719 + HSP990","X.4530.uned","control"
"X-4530.BYL719 + LJM716","X.4530.uned","control"
"X-4530.CLR457","X.4530.uned","control"
"X-4530.everolimus","X.4530.uned","control"
"X-4530.figitumumab","X.4530.uned","control"
"X-4530.HDM201","X.4530.uned","control"
"X-4530.HSP990","X.4530.uned","control"
"X-4530.INC280","X.4530.uned","control"
"X-4530.INC280 + trastuzumab","X.4530.uned","control"
"X-4530.LEE011","X.4530.uned","control"
"X-4530.LEE011","X.4530.LE11","treatment"
"X-4530.LEE011 + everolimus","X.4530.uned","control"
"X-4530.LJM716","X.4530.uned","control"
"X-4530.LJM716 + trastuzumab","X.4530.uned","control"
"X-4530.LLM871","X.4530.uned","control"
"X-4530.trastuzumab","X.4530.uned","control"
"X-4530.5FU","X.4530.uned","control"
"X-4530.BKM120 + LJC049","X.4530.uned","control"
"X-4530.BYL719 + binimetinib","X.4530.uned","control"
"X-4530.BYL719 + cetuximab","X.4530.uned","control"
"X-4530.BYL719 + cetuximab + encorafenib","X.4530.uned","control"
"X-4530.BYL719 + encorafenib","X.4530.uned","control"
"X-4530.cetuximab","X.4530.uned","control"
"X-4530.cetuximab + encorafenib","X.4530.uned","control"
"X-4530.CGM097","X.4530.uned","control"
"X-4530.CGM097","X.4530.CG97","treatment"
"X-4530.CKX620","X.4530.uned","control"
"X-4530.encorafenib","X.4530.uned","control"
"X-4530.encorafenib","X.4530.enib","treatment"
"X-4530.LFW527 + binimetinib","X.4530.uned","control"
"X-4530.LJC049","X.4530.uned","control"
"X-4530.LKA136","X.4530.uned","control"
"X-4530.abraxane","X.4530.uned","control"
"X-4530.binimetinib-3.5mpk","X.4530.uned","control"
"X-4530.BKM120 + binimetinib","X.4530.uned","control"
"X-4530.BKM120 + LDE225","X.4530.uned","control"
"X-4530.figitumumab + binimetinib","X.4530.uned","control"
"X-4530.gemcitabine-50mpk","X.4530.uned","control"
"X-4530.INC424","X.4530.uned","control"
"X-4530.INC424 + binimetinib","X.4530.uned","control"
"X-4530.trametinib","X.4530.uned","control"
"X-4530.BYL719 + LEE011","X.4530.uned","control"
"X-4530.LFA102","X.4530.uned","control"
"X-4530.LFW527 + everolimus","X.4530.uned","control"
"X-4530.paclitaxel","X.4530.uned","control"
"X-4530.tamoxifen","X.4530.uned","control"
"X-4530.BYL719 + LGH447","X.4530.uned","control"
"X-4530.erlotinib","X.4530.uned","control"
"X-4530.LCL161 + paclitaxel","X.4530.uned","control"
"X-4530.LGH447","X.4530.uned","control"
"X-4530.WNT974","X.4530.uned","control"
"X-4530.WNT974","X.4530.WN74","treatment"
"X-4530.BKM120 + encorafenib","X.4530.uned","control"
"X-4530.BKM120 + encorafenib","X.4530.BK20.enib","treatment"
"X-4530.dacarbazine","X.4530.uned","control"
"X-4530.encorafenib + binimetinib","X.4530.uned","control"
"X-4530.encorafenib + binimetinib","X.4530.enib.biib","treatment"
"X-4530.LDE225","X.4530.uned","control"
"X-4530.LDE225","X.4530.LD25","treatment"
"X-4530.LDK378","X.4530.uned","control"
"X-4530.LDK378","X.4530.LD78","treatment"
"X-4530.LEE011 + binimetinib","X.4530.uned","control"
"X-4530.LEE011 + encorafenib","X.4530.uned","control"
"X-4530.LEE011 + encorafenib","X.4530.LE11.enib","treatment"
"X-4530.LGW813","X.4530.uned","control"
"X-4530.LGW813","X.4530.LG13","treatment"
"X-4530.TAS266","X.4530.uned","control"
"X-4530.TAS266","X.4530.TA66","treatment"
"X-4538.BGJ398","X.4538.uned","control"
"X-4538.binimetinib","X.4538.uned","control"
"X-4538.binimetinib","X.4538.biib","treatment"
"X-4538.BKM120","X.4538.uned","control"
"X-4538.BKM120","X.4538.BK20","treatment"
"X-4538.BYL719","X.4538.uned","control"
"X-4538.BYL719 + HSP990","X.4538.uned","control"
"X-4538.BYL719 + LJM716","X.4538.uned","control"
"X-4538.CLR457","X.4538.uned","control"
"X-4538.everolimus","X.4538.uned","control"
"X-4538.figitumumab","X.4538.uned","control"
"X-4538.HDM201","X.4538.uned","control"
"X-4538.HSP990","X.4538.uned","control"
"X-4538.INC280","X.4538.uned","control"
"X-4538.INC280 + trastuzumab","X.4538.uned","control"
"X-4538.LEE011","X.4538.uned","control"
"X-4538.LEE011","X.4538.LE11","treatment"
"X-4538.LEE011 + everolimus","X.4538.uned","control"
"X-4538.LJM716","X.4538.uned","control"
"X-4538.LJM716 + trastuzumab","X.4538.uned","control"
"X-4538.LLM871","X.4538.uned","control"
"X-4538.trastuzumab","X.4538.uned","control"
"X-4538.5FU","X.4538.uned","control"
"X-4538.BKM120 + LJC049","X.4538.uned","control"
"X-4538.BYL719 + binimetinib","X.4538.uned","control"
"X-4538.BYL719 + cetuximab","X.4538.uned","control"
"X-4538.BYL719 + cetuximab + encorafenib","X.4538.uned","control"
"X-4538.BYL719 + encorafenib","X.4538.uned","control"
"X-4538.cetuximab","X.4538.uned","control"
"X-4538.cetuximab + encorafenib","X.4538.uned","control"
"X-4538.CGM097","X.4538.uned","control"
"X-4538.CGM097","X.4538.CG97","treatment"
"X-4538.CKX620","X.4538.uned","control"
"X-4538.encorafenib","X.4538.uned","control"
"X-4538.encorafenib","X.4538.enib","treatment"
"X-4538.LFW527 + binimetinib","X.4538.uned","control"
"X-4538.LJC049","X.4538.uned","control"
"X-4538.LKA136","X.4538.uned","control"
"X-4538.abraxane","X.4538.uned","control"
"X-4538.binimetinib-3.5mpk","X.4538.uned","control"
"X-4538.BKM120 + binimetinib","X.4538.uned","control"
"X-4538.BKM120 + LDE225","X.4538.uned","control"
"X-4538.figitumumab + binimetinib","X.4538.uned","control"
"X-4538.gemcitabine-50mpk","X.4538.uned","control"
"X-4538.INC424","X.4538.uned","control"
"X-4538.INC424 + binimetinib","X.4538.uned","control"
"X-4538.trametinib","X.4538.uned","control"
"X-4538.BYL719 + LEE011","X.4538.uned","control"
"X-4538.LFA102","X.4538.uned","control"
"X-4538.LFW527 + everolimus","X.4538.uned","control"
"X-4538.paclitaxel","X.4538.uned","control"
"X-4538.tamoxifen","X.4538.uned","control"
"X-4538.BYL719 + LGH447","X.4538.uned","control"
"X-4538.erlotinib","X.4538.uned","control"
"X-4538.LCL161 + paclitaxel","X.4538.uned","control"
"X-4538.LGH447","X.4538.uned","control"
"X-4538.WNT974","X.4538.uned","control"
"X-4538.WNT974","X.4538.WN74","treatment"
"X-4538.BKM120 + encorafenib","X.4538.uned","control"
"X-4538.BKM120 + encorafenib","X.4538.BK20.enib","treatment"
"X-4538.dacarbazine","X.4538.uned","control"
"X-4538.dacarbazine","X.4538.dane","treatment"
"X-4538.encorafenib + binimetinib","X.4538.uned","control"
"X-4538.encorafenib + binimetinib","X.4538.enib.biib","treatment"
"X-4538.LDE225","X.4538.uned","control"
"X-4538.LDE225","X.4538.LD25","treatment"
"X-4538.LDK378","X.4538.uned","control"
"X-4538.LDK378","X.4538.LD78","treatment"
"X-4538.LEE011 + binimetinib","X.4538.uned","control"
"X-4538.LEE011 + encorafenib","X.4538.uned","control"
"X-4538.LEE011 + encorafenib","X.4538.LE11.enib","treatment"
"X-4538.LGW813","X.4538.uned","control"
"X-4538.LGW813","X.4538.LG13","treatment"
"X-4538.TAS266","X.4538.uned","control"
"X-4538.TAS266","X.4538.TA66","treatment"
"X-4567.BGJ398","X.4567.uned","control"
"X-4567.BGJ398","X.4567.BG98","treatment"
"X-4567.binimetinib","X.4567.uned","control"
"X-4567.binimetinib","X.4567.biib","treatment"
"X-4567.BKM120","X.4567.uned","control"
"X-4567.BKM120","X.4567.BK20","treatment"
"X-4567.BYL719","X.4567.uned","control"
"X-4567.BYL719","X.4567.BY19","treatment"
"X-4567.BYL719 + HSP990","X.4567.uned","control"
"X-4567.BYL719 + LJM716","X.4567.uned","control"
"X-4567.BYL719 + LJM716","X.4567.BY19.LJ16","treatment"
"X-4567.CLR457","X.4567.uned","control"
"X-4567.CLR457","X.4567.CL57","treatment"
"X-4567.everolimus","X.4567.uned","control"
"X-4567.figitumumab","X.4567.uned","control"
"X-4567.HDM201","X.4567.uned","control"
"X-4567.HDM201","X.4567.HD01","treatment"
"X-4567.HSP990","X.4567.uned","control"
"X-4567.INC280","X.4567.uned","control"
"X-4567.INC280 + trastuzumab","X.4567.uned","control"
"X-4567.LEE011","X.4567.uned","control"
"X-4567.LEE011","X.4567.LE11","treatment"
"X-4567.LEE011 + everolimus","X.4567.uned","control"
"X-4567.LEE011 + everolimus","X.4567.LE11.evus","treatment"
"X-4567.LJM716","X.4567.uned","control"
"X-4567.LJM716","X.4567.LJ16","treatment"
"X-4567.LJM716 + trastuzumab","X.4567.uned","control"
"X-4567.LJM716 + trastuzumab","X.4567.LJ16.trab","treatment"
"X-4567.LLM871","X.4567.uned","control"
"X-4567.LLM871","X.4567.LL71","treatment"
"X-4567.trastuzumab","X.4567.uned","control"
"X-4567.trastuzumab","X.4567.trab","treatment"
"X-4567.5FU","X.4567.uned","control"
"X-4567.BKM120 + LJC049","X.4567.uned","control"
"X-4567.BYL719 + binimetinib","X.4567.uned","control"
"X-4567.BYL719 + cetuximab","X.4567.uned","control"
"X-4567.BYL719 + cetuximab + encorafenib","X.4567.uned","control"
"X-4567.BYL719 + encorafenib","X.4567.uned","control"
"X-4567.cetuximab","X.4567.uned","control"
"X-4567.cetuximab + encorafenib","X.4567.uned","control"
"X-4567.CGM097","X.4567.uned","control"
"X-4567.CGM097","X.4567.CG97","treatment"
"X-4567.CKX620","X.4567.uned","control"
"X-4567.encorafenib","X.4567.uned","control"
"X-4567.LFW527 + binimetinib","X.4567.uned","control"
"X-4567.LJC049","X.4567.uned","control"
"X-4567.LKA136","X.4567.uned","control"
"X-4567.LKA136","X.4567.LK36","treatment"
"X-4567.abraxane","X.4567.uned","control"
"X-4567.binimetinib-3.5mpk","X.4567.uned","control"
"X-4567.BKM120 + binimetinib","X.4567.uned","control"
"X-4567.BKM120 + LDE225","X.4567.uned","control"
"X-4567.figitumumab + binimetinib","X.4567.uned","control"
"X-4567.gemcitabine-50mpk","X.4567.uned","control"
"X-4567.INC424","X.4567.uned","control"
"X-4567.INC424","X.4567.IN24","treatment"
"X-4567.INC424 + binimetinib","X.4567.uned","control"
"X-4567.trametinib","X.4567.uned","control"
"X-4567.BYL719 + LEE011","X.4567.uned","control"
"X-4567.BYL719 + LEE011","X.4567.BY19.LE11","treatment"
"X-4567.LFA102","X.4567.uned","control"
"X-4567.LFA102","X.4567.LF02","treatment"
"X-4567.LFW527 + everolimus","X.4567.uned","control"
"X-4567.LFW527 + everolimus","X.4567.LF27.evus","treatment"
"X-4567.paclitaxel","X.4567.uned","control"
"X-4567.paclitaxel","X.4567.pael","treatment"
"X-4567.tamoxifen","X.4567.uned","control"
"X-4567.tamoxifen","X.4567.taen","treatment"
"X-4567.BYL719 + LGH447","X.4567.uned","control"
"X-4567.erlotinib","X.4567.uned","control"
"X-4567.LCL161 + paclitaxel","X.4567.uned","control"
"X-4567.LGH447","X.4567.uned","control"
"X-4567.WNT974","X.4567.uned","control"
"X-4567.BKM120 + encorafenib","X.4567.uned","control"
"X-4567.dacarbazine","X.4567.uned","control"
"X-4567.encorafenib + binimetinib","X.4567.uned","control"
"X-4567.LDE225","X.4567.uned","control"
"X-4567.LDK378","X.4567.uned","control"
"X-4567.LEE011 + binimetinib","X.4567.uned","control"
"X-4567.LEE011 + encorafenib","X.4567.uned","control"
"X-4567.LGW813","X.4567.uned","control"
"X-4567.TAS266","X.4567.uned","control"
"X-4644.BGJ398","X.4644.uned","control"
"X-4644.binimetinib","X.4644.uned","control"
"X-4644.binimetinib","X.4644.biib","treatment"
"X-4644.BKM120","X.4644.uned","control"
"X-4644.BKM120","X.4644.BK20","treatment"
"X-4644.BYL719","X.4644.uned","control"
"X-4644.BYL719 + HSP990","X.4644.uned","control"
"X-4644.BYL719 + LJM716","X.4644.uned","control"
"X-4644.CLR457","X.4644.uned","control"
"X-4644.CLR457","X.4644.CL57","treatment"
"X-4644.everolimus","X.4644.uned","control"
"X-4644.figitumumab","X.4644.uned","control"
"X-4644.HDM201","X.4644.uned","control"
"X-4644.HSP990","X.4644.uned","control"
"X-4644.INC280","X.4644.uned","control"
"X-4644.INC280 + trastuzumab","X.4644.uned","control"
"X-4644.LEE011","X.4644.uned","control"
"X-4644.LEE011","X.4644.LE11","treatment"
"X-4644.LEE011 + everolimus","X.4644.uned","control"
"X-4644.LJM716","X.4644.uned","control"
"X-4644.LJM716 + trastuzumab","X.4644.uned","control"
"X-4644.LLM871","X.4644.uned","control"
"X-4644.trastuzumab","X.4644.uned","control"
"X-4644.5FU","X.4644.uned","control"
"X-4644.BKM120 + LJC049","X.4644.uned","control"
"X-4644.BYL719 + binimetinib","X.4644.uned","control"
"X-4644.BYL719 + cetuximab","X.4644.uned","control"
"X-4644.BYL719 + cetuximab + encorafenib","X.4644.uned","control"
"X-4644.BYL719 + encorafenib","X.4644.uned","control"
"X-4644.cetuximab","X.4644.uned","control"
"X-4644.cetuximab + encorafenib","X.4644.uned","control"
"X-4644.CGM097","X.4644.uned","control"
"X-4644.CGM097","X.4644.CG97","treatment"
"X-4644.CKX620","X.4644.uned","control"
"X-4644.encorafenib","X.4644.uned","control"
"X-4644.encorafenib","X.4644.enib","treatment"
"X-4644.LFW527 + binimetinib","X.4644.uned","control"
"X-4644.LJC049","X.4644.uned","control"
"X-4644.LKA136","X.4644.uned","control"
"X-4644.abraxane","X.4644.uned","control"
"X-4644.binimetinib-3.5mpk","X.4644.uned","control"
"X-4644.BKM120 + binimetinib","X.4644.uned","control"
"X-4644.BKM120 + LDE225","X.4644.uned","control"
"X-4644.figitumumab + binimetinib","X.4644.uned","control"
"X-4644.gemcitabine-50mpk","X.4644.uned","control"
"X-4644.INC424","X.4644.uned","control"
"X-4644.INC424 + binimetinib","X.4644.uned","control"
"X-4644.trametinib","X.4644.uned","control"
"X-4644.BYL719 + LEE011","X.4644.uned","control"
"X-4644.LFA102","X.4644.uned","control"
"X-4644.LFW527 + everolimus","X.4644.uned","control"
"X-4644.paclitaxel","X.4644.uned","control"
"X-4644.tamoxifen","X.4644.uned","control"
"X-4644.BYL719 + LGH447","X.4644.uned","control"
"X-4644.erlotinib","X.4644.uned","control"
"X-4644.LCL161 + paclitaxel","X.4644.uned","control"
"X-4644.LGH447","X.4644.uned","control"
"X-4644.WNT974","X.4644.uned","control"
"X-4644.WNT974","X.4644.WN74","treatment"
"X-4644.BKM120 + encorafenib","X.4644.uned","control"
"X-4644.BKM120 + encorafenib","X.4644.BK20.enib","treatment"
"X-4644.dacarbazine","X.4644.uned","control"
"X-4644.dacarbazine","X.4644.dane","treatment"
"X-4644.encorafenib + binimetinib","X.4644.uned","control"
"X-4644.encorafenib + binimetinib","X.4644.enib.biib","treatment"
"X-4644.LDE225","X.4644.uned","control"
"X-4644.LDE225","X.4644.LD25","treatment"
"X-4644.LDK378","X.4644.uned","control"
"X-4644.LDK378","X.4644.LD78","treatment"
"X-4644.LEE011 + binimetinib","X.4644.uned","control"
"X-4644.LEE011 + encorafenib","X.4644.uned","control"
"X-4644.LEE011 + encorafenib","X.4644.LE11.enib","treatment"
"X-4644.LGW813","X.4644.uned","control"
"X-4644.LGW813","X.4644.LG13","treatment"
"X-4644.TAS266","X.4644.uned","control"
"X-4644.TAS266","X.4644.TA66","treatment"
"X-4649.BGJ398","X.4649.uned","control"
"X-4649.binimetinib","X.4649.uned","control"
"X-4649.binimetinib","X.4649.biib","treatment"
"X-4649.BKM120","X.4649.uned","control"
"X-4649.BKM120","X.4649.BK20","treatment"
"X-4649.BYL719","X.4649.uned","control"
"X-4649.BYL719","X.4649.BY19","treatment"
"X-4649.BYL719 + HSP990","X.4649.uned","control"
"X-4649.BYL719 + LJM716","X.4649.uned","control"
"X-4649.BYL719 + LJM716","X.4649.BY19.LJ16","treatment"
"X-4649.CLR457","X.4649.uned","control"
"X-4649.CLR457","X.4649.CL57","treatment"
"X-4649.everolimus","X.4649.uned","control"
"X-4649.figitumumab","X.4649.uned","control"
"X-4649.figitumumab","X.4649.fiab","treatment"
"X-4649.HDM201","X.4649.uned","control"
"X-4649.HDM201","X.4649.HD01","treatment"
"X-4649.HSP990","X.4649.uned","control"
"X-4649.INC280","X.4649.uned","control"
"X-4649.INC280 + trastuzumab","X.4649.uned","control"
"X-4649.LEE011","X.4649.uned","control"
"X-4649.LEE011","X.4649.LE11","treatment"
"X-4649.LEE011 + everolimus","X.4649.uned","control"
"X-4649.LJM716","X.4649.uned","control"
"X-4649.LJM716 + trastuzumab","X.4649.uned","control"
"X-4649.LLM871","X.4649.uned","control"
"X-4649.trastuzumab","X.4649.uned","control"
"X-4649.5FU","X.4649.uned","control"
"X-4649.BKM120 + LJC049","X.4649.uned","control"
"X-4649.BYL719 + binimetinib","X.4649.uned","control"
"X-4649.BYL719 + cetuximab","X.4649.uned","control"
"X-4649.BYL719 + cetuximab + encorafenib","X.4649.uned","control"
"X-4649.BYL719 + encorafenib","X.4649.uned","control"
"X-4649.cetuximab","X.4649.uned","control"
"X-4649.cetuximab + encorafenib","X.4649.uned","control"
"X-4649.CGM097","X.4649.uned","control"
"X-4649.CKX620","X.4649.uned","control"
"X-4649.encorafenib","X.4649.uned","control"
"X-4649.LFW527 + binimetinib","X.4649.uned","control"
"X-4649.LJC049","X.4649.uned","control"
"X-4649.LKA136","X.4649.uned","control"
"X-4649.LKA136","X.4649.LK36","treatment"
"X-4649.abraxane","X.4649.uned","control"
"X-4649.abraxane","X.4649.abne","treatment"
"X-4649.binimetinib-3.5mpk","X.4649.uned","control"
"X-4649.binimetinib-3.5mpk","X.4649.bipk","treatment"
"X-4649.BKM120 + binimetinib","X.4649.uned","control"
"X-4649.BKM120 + binimetinib","X.4649.BK20.biib","treatment"
"X-4649.BKM120 + LDE225","X.4649.uned","control"
"X-4649.BKM120 + LDE225","X.4649.BK20.LD25","treatment"
"X-4649.figitumumab + binimetinib","X.4649.uned","control"
"X-4649.figitumumab + binimetinib","X.4649.fiab.biib","treatment"
"X-4649.gemcitabine-50mpk","X.4649.uned","control"
"X-4649.gemcitabine-50mpk","X.4649.gepk","treatment"
"X-4649.INC424","X.4649.uned","control"
"X-4649.INC424","X.4649.IN24","treatment"
"X-4649.INC424 + binimetinib","X.4649.uned","control"
"X-4649.INC424 + binimetinib","X.4649.IN24.biib","treatment"
"X-4649.trametinib","X.4649.uned","control"
"X-4649.trametinib","X.4649.trib","treatment"
"X-4649.BYL719 + LEE011","X.4649.uned","control"
"X-4649.LFA102","X.4649.uned","control"
"X-4649.LFW527 + everolimus","X.4649.uned","control"
"X-4649.paclitaxel","X.4649.uned","control"
"X-4649.tamoxifen","X.4649.uned","control"
"X-4649.BYL719 + LGH447","X.4649.uned","control"
"X-4649.erlotinib","X.4649.uned","control"
"X-4649.LCL161 + paclitaxel","X.4649.uned","control"
"X-4649.LGH447","X.4649.uned","control"
"X-4649.WNT974","X.4649.uned","control"
"X-4649.WNT974","X.4649.WN74","treatment"
"X-4649.BKM120 + encorafenib","X.4649.uned","control"
"X-4649.dacarbazine","X.4649.uned","control"
"X-4649.encorafenib + binimetinib","X.4649.uned","control"
"X-4649.LDE225","X.4649.uned","control"
"X-4649.LDK378","X.4649.uned","control"
"X-4649.LEE011 + binimetinib","X.4649.uned","control"
"X-4649.LEE011 + encorafenib","X.4649.uned","control"
"X-4649.LGW813","X.4649.uned","control"
"X-4649.TAS266","X.4649.uned","control"
"X-4668.BGJ398","X.4668.uned","control"
"X-4668.binimetinib","X.4668.uned","control"
"X-4668.binimetinib","X.4668.biib","treatment"
"X-4668.BKM120","X.4668.uned","control"
"X-4668.BKM120","X.4668.BK20","treatment"
"X-4668.BYL719","X.4668.uned","control"
"X-4668.BYL719 + HSP990","X.4668.uned","control"
"X-4668.BYL719 + LJM716","X.4668.uned","control"
"X-4668.CLR457","X.4668.uned","control"
"X-4668.everolimus","X.4668.uned","control"
"X-4668.figitumumab","X.4668.uned","control"
"X-4668.HDM201","X.4668.uned","control"
"X-4668.HSP990","X.4668.uned","control"
"X-4668.INC280","X.4668.uned","control"
"X-4668.INC280 + trastuzumab","X.4668.uned","control"
"X-4668.LEE011","X.4668.uned","control"
"X-4668.LEE011","X.4668.LE11","treatment"
"X-4668.LEE011 + everolimus","X.4668.uned","control"
"X-4668.LJM716","X.4668.uned","control"
"X-4668.LJM716 + trastuzumab","X.4668.uned","control"
"X-4668.LLM871","X.4668.uned","control"
"X-4668.trastuzumab","X.4668.uned","control"
"X-4668.5FU","X.4668.uned","control"
"X-4668.BKM120 + LJC049","X.4668.uned","control"
"X-4668.BYL719 + binimetinib","X.4668.uned","control"
"X-4668.BYL719 + cetuximab","X.4668.uned","control"
"X-4668.BYL719 + cetuximab + encorafenib","X.4668.uned","control"
"X-4668.BYL719 + encorafenib","X.4668.uned","control"
"X-4668.cetuximab","X.4668.uned","control"
"X-4668.cetuximab + encorafenib","X.4668.uned","control"
"X-4668.CGM097","X.4668.uned","control"
"X-4668.CGM097","X.4668.CG97","treatment"
"X-4668.CKX620","X.4668.uned","control"
"X-4668.encorafenib","X.4668.uned","control"
"X-4668.encorafenib","X.4668.enib","treatment"
"X-4668.LFW527 + binimetinib","X.4668.uned","control"
"X-4668.LJC049","X.4668.uned","control"
"X-4668.LKA136","X.4668.uned","control"
"X-4668.abraxane","X.4668.uned","control"
"X-4668.binimetinib-3.5mpk","X.4668.uned","control"
"X-4668.BKM120 + binimetinib","X.4668.uned","control"
"X-4668.BKM120 + LDE225","X.4668.uned","control"
"X-4668.figitumumab + binimetinib","X.4668.uned","control"
"X-4668.gemcitabine-50mpk","X.4668.uned","control"
"X-4668.INC424","X.4668.uned","control"
"X-4668.INC424 + binimetinib","X.4668.uned","control"
"X-4668.trametinib","X.4668.uned","control"
"X-4668.BYL719 + LEE011","X.4668.uned","control"
"X-4668.LFA102","X.4668.uned","control"
"X-4668.LFW527 + everolimus","X.4668.uned","control"
"X-4668.paclitaxel","X.4668.uned","control"
"X-4668.tamoxifen","X.4668.uned","control"
"X-4668.BYL719 + LGH447","X.4668.uned","control"
"X-4668.erlotinib","X.4668.uned","control"
"X-4668.LCL161 + paclitaxel","X.4668.uned","control"
"X-4668.LGH447","X.4668.uned","control"
"X-4668.WNT974","X.4668.uned","control"
"X-4668.WNT974","X.4668.WN74","treatment"
"X-4668.BKM120 + encorafenib","X.4668.uned","control"
"X-4668.BKM120 + encorafenib","X.4668.BK20.enib","treatment"
"X-4668.dacarbazine","X.4668.uned","control"
"X-4668.dacarbazine","X.4668.dane","treatment"
"X-4668.encorafenib + binimetinib","X.4668.uned","control"
"X-4668.encorafenib + binimetinib","X.4668.enib.biib","treatment"
"X-4668.LDE225","X.4668.uned","control"
"X-4668.LDE225","X.4668.LD25","treatment"
"X-4668.LDK378","X.4668.uned","control"
"X-4668.LDK378","X.4668.LD78","treatment"
"X-4668.LEE011 + binimetinib","X.4668.uned","control"
"X-4668.LEE011 + encorafenib","X.4668.uned","control"
"X-4668.LEE011 + encorafenib","X.4668.LE11.enib","treatment"
"X-4668.LGW813","X.4668.uned","control"
"X-4668.LGW813","X.4668.LG13","treatment"
"X-4668.TAS266","X.4668.uned","control"
"X-4668.TAS266","X.4668.TA66","treatment"
"X-4676.BGJ398","X.4676.uned","control"
"X-4676.binimetinib","X.4676.uned","control"
"X-4676.binimetinib","X.4676.biib","treatment"
"X-4676.BKM120","X.4676.uned","control"
"X-4676.BKM120","X.4676.BK20","treatment"
"X-4676.BYL719","X.4676.uned","control"
"X-4676.BYL719","X.4676.BY19","treatment"
"X-4676.BYL719 + HSP990","X.4676.uned","control"
"X-4676.BYL719 + LJM716","X.4676.uned","control"
"X-4676.BYL719 + LJM716","X.4676.BY19.LJ16","treatment"
"X-4676.CLR457","X.4676.uned","control"
"X-4676.CLR457","X.4676.CL57","treatment"
"X-4676.everolimus","X.4676.uned","control"
"X-4676.figitumumab","X.4676.uned","control"
"X-4676.figitumumab","X.4676.fiab","treatment"
"X-4676.HDM201","X.4676.uned","control"
"X-4676.HDM201","X.4676.HD01","treatment"
"X-4676.HSP990","X.4676.uned","control"
"X-4676.INC280","X.4676.uned","control"
"X-4676.INC280 + trastuzumab","X.4676.uned","control"
"X-4676.LEE011","X.4676.uned","control"
"X-4676.LEE011","X.4676.LE11","treatment"
"X-4676.LEE011 + everolimus","X.4676.uned","control"
"X-4676.LJM716","X.4676.uned","control"
"X-4676.LJM716 + trastuzumab","X.4676.uned","control"
"X-4676.LLM871","X.4676.uned","control"
"X-4676.trastuzumab","X.4676.uned","control"
"X-4676.5FU","X.4676.uned","control"
"X-4676.BKM120 + LJC049","X.4676.uned","control"
"X-4676.BYL719 + binimetinib","X.4676.uned","control"
"X-4676.BYL719 + cetuximab","X.4676.uned","control"
"X-4676.BYL719 + cetuximab + encorafenib","X.4676.uned","control"
"X-4676.BYL719 + encorafenib","X.4676.uned","control"
"X-4676.cetuximab","X.4676.uned","control"
"X-4676.cetuximab + encorafenib","X.4676.uned","control"
"X-4676.CGM097","X.4676.uned","control"
"X-4676.CKX620","X.4676.uned","control"
"X-4676.encorafenib","X.4676.uned","control"
"X-4676.LFW527 + binimetinib","X.4676.uned","control"
"X-4676.LJC049","X.4676.uned","control"
"X-4676.LKA136","X.4676.uned","control"
"X-4676.LKA136","X.4676.LK36","treatment"
"X-4676.abraxane","X.4676.uned","control"
"X-4676.abraxane","X.4676.abne","treatment"
"X-4676.binimetinib-3.5mpk","X.4676.uned","control"
"X-4676.binimetinib-3.5mpk","X.4676.bipk","treatment"
"X-4676.BKM120 + binimetinib","X.4676.uned","control"
"X-4676.BKM120 + binimetinib","X.4676.BK20.biib","treatment"
"X-4676.BKM120 + LDE225","X.4676.uned","control"
"X-4676.BKM120 + LDE225","X.4676.BK20.LD25","treatment"
"X-4676.figitumumab + binimetinib","X.4676.uned","control"
"X-4676.figitumumab + binimetinib","X.4676.fiab.biib","treatment"
"X-4676.gemcitabine-50mpk","X.4676.uned","control"
"X-4676.gemcitabine-50mpk","X.4676.gepk","treatment"
"X-4676.INC424","X.4676.uned","control"
"X-4676.INC424","X.4676.IN24","treatment"
"X-4676.INC424 + binimetinib","X.4676.uned","control"
"X-4676.INC424 + binimetinib","X.4676.IN24.biib","treatment"
"X-4676.trametinib","X.4676.uned","control"
"X-4676.trametinib","X.4676.trib","treatment"
"X-4676.BYL719 + LEE011","X.4676.uned","control"
"X-4676.LFA102","X.4676.uned","control"
"X-4676.LFW527 + everolimus","X.4676.uned","control"
"X-4676.paclitaxel","X.4676.uned","control"
"X-4676.tamoxifen","X.4676.uned","control"
"X-4676.BYL719 + LGH447","X.4676.uned","control"
"X-4676.erlotinib","X.4676.uned","control"
"X-4676.LCL161 + paclitaxel","X.4676.uned","control"
"X-4676.LGH447","X.4676.uned","control"
"X-4676.WNT974","X.4676.uned","control"
"X-4676.WNT974","X.4676.WN74","treatment"
"X-4676.BKM120 + encorafenib","X.4676.uned","control"
"X-4676.dacarbazine","X.4676.uned","control"
"X-4676.encorafenib + binimetinib","X.4676.uned","control"
"X-4676.LDE225","X.4676.uned","control"
"X-4676.LDK378","X.4676.uned","control"
"X-4676.LEE011 + binimetinib","X.4676.uned","control"
"X-4676.LEE011 + encorafenib","X.4676.uned","control"
"X-4676.LGW813","X.4676.uned","control"
"X-4676.TAS266","X.4676.uned","control"
"X-4819.BGJ398","X.4819.uned","control"
"X-4819.BGJ398","X.4819.BG98","treatment"
"X-4819.binimetinib","X.4819.uned","control"
"X-4819.binimetinib","X.4819.biib","treatment"
"X-4819.BKM120","X.4819.uned","control"
"X-4819.BKM120","X.4819.BK20","treatment"
"X-4819.BYL719","X.4819.uned","control"
"X-4819.BYL719","X.4819.BY19","treatment"
"X-4819.BYL719 + HSP990","X.4819.uned","control"
"X-4819.BYL719 + LJM716","X.4819.uned","control"
"X-4819.BYL719 + LJM716","X.4819.BY19.LJ16","treatment"
"X-4819.CLR457","X.4819.uned","control"
"X-4819.CLR457","X.4819.CL57","treatment"
"X-4819.everolimus","X.4819.uned","control"
"X-4819.figitumumab","X.4819.uned","control"
"X-4819.HDM201","X.4819.uned","control"
"X-4819.HDM201","X.4819.HD01","treatment"
"X-4819.HSP990","X.4819.uned","control"
"X-4819.HSP990","X.4819.HS90","treatment"
"X-4819.INC280","X.4819.uned","control"
"X-4819.INC280","X.4819.IN80","treatment"
"X-4819.INC280 + trastuzumab","X.4819.uned","control"
"X-4819.LEE011","X.4819.uned","control"
"X-4819.LEE011","X.4819.LE11","treatment"
"X-4819.LEE011 + everolimus","X.4819.uned","control"
"X-4819.LJM716","X.4819.uned","control"
"X-4819.LJM716 + trastuzumab","X.4819.uned","control"
"X-4819.LLM871","X.4819.uned","control"
"X-4819.LLM871","X.4819.LL71","treatment"
"X-4819.trastuzumab","X.4819.uned","control"
"X-4819.5FU","X.4819.uned","control"
"X-4819.BKM120 + LJC049","X.4819.uned","control"
"X-4819.BYL719 + binimetinib","X.4819.uned","control"
"X-4819.BYL719 + cetuximab","X.4819.uned","control"
"X-4819.BYL719 + cetuximab + encorafenib","X.4819.uned","control"
"X-4819.BYL719 + encorafenib","X.4819.uned","control"
"X-4819.cetuximab","X.4819.uned","control"
"X-4819.cetuximab","X.4819.ceab","treatment"
"X-4819.cetuximab + encorafenib","X.4819.uned","control"
"X-4819.CGM097","X.4819.uned","control"
"X-4819.CGM097","X.4819.CG97","treatment"
"X-4819.CKX620","X.4819.uned","control"
"X-4819.CKX620","X.4819.CK20","treatment"
"X-4819.encorafenib","X.4819.uned","control"
"X-4819.LFW527 + binimetinib","X.4819.uned","control"
"X-4819.LFW527 + binimetinib","X.4819.LF27.biib","treatment"
"X-4819.LJC049","X.4819.uned","control"
"X-4819.LKA136","X.4819.uned","control"
"X-4819.abraxane","X.4819.uned","control"
"X-4819.binimetinib-3.5mpk","X.4819.uned","control"
"X-4819.BKM120 + binimetinib","X.4819.uned","control"
"X-4819.BKM120 + binimetinib","X.4819.BK20.biib","treatment"
"X-4819.BKM120 + LDE225","X.4819.uned","control"
"X-4819.figitumumab + binimetinib","X.4819.uned","control"
"X-4819.gemcitabine-50mpk","X.4819.uned","control"
"X-4819.INC424","X.4819.uned","control"
"X-4819.INC424 + binimetinib","X.4819.uned","control"
"X-4819.trametinib","X.4819.uned","control"
"X-4819.BYL719 + LEE011","X.4819.uned","control"
"X-4819.LFA102","X.4819.uned","control"
"X-4819.LFW527 + everolimus","X.4819.uned","control"
"X-4819.paclitaxel","X.4819.uned","control"
"X-4819.paclitaxel","X.4819.pael","treatment"
"X-4819.tamoxifen","X.4819.uned","control"
"X-4819.BYL719 + LGH447","X.4819.uned","control"
"X-4819.BYL719 + LGH447","X.4819.BY19.LG47","treatment"
"X-4819.erlotinib","X.4819.uned","control"
"X-4819.erlotinib","X.4819.erib","treatment"
"X-4819.LCL161 + paclitaxel","X.4819.uned","control"
"X-4819.LCL161 + paclitaxel","X.4819.LC61.pael","treatment"
"X-4819.LGH447","X.4819.uned","control"
"X-4819.LGH447","X.4819.LG47","treatment"
"X-4819.WNT974","X.4819.uned","control"
"X-4819.BKM120 + encorafenib","X.4819.uned","control"
"X-4819.dacarbazine","X.4819.uned","control"
"X-4819.encorafenib + binimetinib","X.4819.uned","control"
"X-4819.LDE225","X.4819.uned","control"
"X-4819.LDK378","X.4819.uned","control"
"X-4819.LEE011 + binimetinib","X.4819.uned","control"
"X-4819.LEE011 + encorafenib","X.4819.uned","control"
"X-4819.LGW813","X.4819.uned","control"
"X-4819.TAS266","X.4819.uned","control"
"X-4824.BGJ398","X.4824.uned","control"
"X-4824.BGJ398","X.4824.BG98","treatment"
"X-4824.binimetinib","X.4824.uned","control"
"X-4824.binimetinib","X.4824.biib","treatment"
"X-4824.BKM120","X.4824.uned","control"
"X-4824.BKM120","X.4824.BK20","treatment"
"X-4824.BYL719","X.4824.uned","control"
"X-4824.BYL719","X.4824.BY19","treatment"
"X-4824.BYL719 + HSP990","X.4824.uned","control"
"X-4824.BYL719 + LJM716","X.4824.uned","control"
"X-4824.BYL719 + LJM716","X.4824.BY19.LJ16","treatment"
"X-4824.CLR457","X.4824.uned","control"
"X-4824.CLR457","X.4824.CL57","treatment"
"X-4824.everolimus","X.4824.uned","control"
"X-4824.figitumumab","X.4824.uned","control"
"X-4824.HDM201","X.4824.uned","control"
"X-4824.HDM201","X.4824.HD01","treatment"
"X-4824.HSP990","X.4824.uned","control"
"X-4824.INC280","X.4824.uned","control"
"X-4824.INC280 + trastuzumab","X.4824.uned","control"
"X-4824.LEE011","X.4824.uned","control"
"X-4824.LEE011","X.4824.LE11","treatment"
"X-4824.LEE011 + everolimus","X.4824.uned","control"
"X-4824.LEE011 + everolimus","X.4824.LE11.evus","treatment"
"X-4824.LJM716","X.4824.uned","control"
"X-4824.LJM716","X.4824.LJ16","treatment"
"X-4824.LJM716 + trastuzumab","X.4824.uned","control"
"X-4824.LJM716 + trastuzumab","X.4824.LJ16.trab","treatment"
"X-4824.LLM871","X.4824.uned","control"
"X-4824.LLM871","X.4824.LL71","treatment"
"X-4824.trastuzumab","X.4824.uned","control"
"X-4824.trastuzumab","X.4824.trab","treatment"
"X-4824.5FU","X.4824.uned","control"
"X-4824.BKM120 + LJC049","X.4824.uned","control"
"X-4824.BYL719 + binimetinib","X.4824.uned","control"
"X-4824.BYL719 + cetuximab","X.4824.uned","control"
"X-4824.BYL719 + cetuximab + encorafenib","X.4824.uned","control"
"X-4824.BYL719 + encorafenib","X.4824.uned","control"
"X-4824.cetuximab","X.4824.uned","control"
"X-4824.cetuximab + encorafenib","X.4824.uned","control"
"X-4824.CGM097","X.4824.uned","control"
"X-4824.CGM097","X.4824.CG97","treatment"
"X-4824.CKX620","X.4824.uned","control"
"X-4824.encorafenib","X.4824.uned","control"
"X-4824.LFW527 + binimetinib","X.4824.uned","control"
"X-4824.LJC049","X.4824.uned","control"
"X-4824.LKA136","X.4824.uned","control"
"X-4824.LKA136","X.4824.LK36","treatment"
"X-4824.abraxane","X.4824.uned","control"
"X-4824.binimetinib-3.5mpk","X.4824.uned","control"
"X-4824.BKM120 + binimetinib","X.4824.uned","control"
"X-4824.BKM120 + LDE225","X.4824.uned","control"
"X-4824.figitumumab + binimetinib","X.4824.uned","control"
"X-4824.gemcitabine-50mpk","X.4824.uned","control"
"X-4824.INC424","X.4824.uned","control"
"X-4824.INC424","X.4824.IN24","treatment"
"X-4824.INC424 + binimetinib","X.4824.uned","control"
"X-4824.trametinib","X.4824.uned","control"
"X-4824.BYL719 + LEE011","X.4824.uned","control"
"X-4824.BYL719 + LEE011","X.4824.BY19.LE11","treatment"
"X-4824.LFA102","X.4824.uned","control"
"X-4824.LFA102","X.4824.LF02","treatment"
"X-4824.LFW527 + everolimus","X.4824.uned","control"
"X-4824.paclitaxel","X.4824.uned","control"
"X-4824.paclitaxel","X.4824.pael","treatment"
"X-4824.tamoxifen","X.4824.uned","control"
"X-4824.tamoxifen","X.4824.taen","treatment"
"X-4824.BYL719 + LGH447","X.4824.uned","control"
"X-4824.erlotinib","X.4824.uned","control"
"X-4824.LCL161 + paclitaxel","X.4824.uned","control"
"X-4824.LGH447","X.4824.uned","control"
"X-4824.WNT974","X.4824.uned","control"
"X-4824.BKM120 + encorafenib","X.4824.uned","control"
"X-4824.dacarbazine","X.4824.uned","control"
"X-4824.encorafenib + binimetinib","X.4824.uned","control"
"X-4824.LDE225","X.4824.uned","control"
"X-4824.LDK378","X.4824.uned","control"
"X-4824.LEE011 + binimetinib","X.4824.uned","control"
"X-4824.LEE011 + encorafenib","X.4824.uned","control"
"X-4824.LGW813","X.4824.uned","control"
"X-4824.TAS266","X.4824.uned","control"
"X-4832.BGJ398","X.4832.uned","control"
"X-4832.binimetinib","X.4832.uned","control"
"X-4832.binimetinib","X.4832.biib","treatment"
"X-4832.BKM120","X.4832.uned","control"
"X-4832.BKM120","X.4832.BK20","treatment"
"X-4832.BYL719","X.4832.uned","control"
"X-4832.BYL719 + HSP990","X.4832.uned","control"
"X-4832.BYL719 + LJM716","X.4832.uned","control"
"X-4832.CLR457","X.4832.uned","control"
"X-4832.everolimus","X.4832.uned","control"
"X-4832.figitumumab","X.4832.uned","control"
"X-4832.HDM201","X.4832.uned","control"
"X-4832.HSP990","X.4832.uned","control"
"X-4832.INC280","X.4832.uned","control"
"X-4832.INC280 + trastuzumab","X.4832.uned","control"
"X-4832.LEE011","X.4832.uned","control"
"X-4832.LEE011","X.4832.LE11","treatment"
"X-4832.LEE011 + everolimus","X.4832.uned","control"
"X-4832.LJM716","X.4832.uned","control"
"X-4832.LJM716 + trastuzumab","X.4832.uned","control"
"X-4832.LLM871","X.4832.uned","control"
"X-4832.trastuzumab","X.4832.uned","control"
"X-4832.5FU","X.4832.uned","control"
"X-4832.BKM120 + LJC049","X.4832.uned","control"
"X-4832.BYL719 + binimetinib","X.4832.uned","control"
"X-4832.BYL719 + cetuximab","X.4832.uned","control"
"X-4832.BYL719 + cetuximab + encorafenib","X.4832.uned","control"
"X-4832.BYL719 + encorafenib","X.4832.uned","control"
"X-4832.cetuximab","X.4832.uned","control"
"X-4832.cetuximab + encorafenib","X.4832.uned","control"
"X-4832.CGM097","X.4832.uned","control"
"X-4832.CGM097","X.4832.CG97","treatment"
"X-4832.CKX620","X.4832.uned","control"
"X-4832.encorafenib","X.4832.uned","control"
"X-4832.encorafenib","X.4832.enib","treatment"
"X-4832.LFW527 + binimetinib","X.4832.uned","control"
"X-4832.LJC049","X.4832.uned","control"
"X-4832.LKA136","X.4832.uned","control"
"X-4832.abraxane","X.4832.uned","control"
"X-4832.binimetinib-3.5mpk","X.4832.uned","control"
"X-4832.BKM120 + binimetinib","X.4832.uned","control"
"X-4832.BKM120 + LDE225","X.4832.uned","control"
"X-4832.figitumumab + binimetinib","X.4832.uned","control"
"X-4832.gemcitabine-50mpk","X.4832.uned","control"
"X-4832.INC424","X.4832.uned","control"
"X-4832.INC424 + binimetinib","X.4832.uned","control"
"X-4832.trametinib","X.4832.uned","control"
"X-4832.BYL719 + LEE011","X.4832.uned","control"
"X-4832.LFA102","X.4832.uned","control"
"X-4832.LFW527 + everolimus","X.4832.uned","control"
"X-4832.paclitaxel","X.4832.uned","control"
"X-4832.tamoxifen","X.4832.uned","control"
"X-4832.BYL719 + LGH447","X.4832.uned","control"
"X-4832.erlotinib","X.4832.uned","control"
"X-4832.LCL161 + paclitaxel","X.4832.uned","control"
"X-4832.LGH447","X.4832.uned","control"
"X-4832.WNT974","X.4832.uned","control"
"X-4832.WNT974","X.4832.WN74","treatment"
"X-4832.BKM120 + encorafenib","X.4832.uned","control"
"X-4832.BKM120 + encorafenib","X.4832.BK20.enib","treatment"
"X-4832.dacarbazine","X.4832.uned","control"
"X-4832.dacarbazine","X.4832.dane","treatment"
"X-4832.encorafenib + binimetinib","X.4832.uned","control"
"X-4832.encorafenib + binimetinib","X.4832.enib.biib","treatment"
"X-4832.LDE225","X.4832.uned","control"
"X-4832.LDE225","X.4832.LD25","treatment"
"X-4832.LDK378","X.4832.uned","control"
"X-4832.LDK378","X.4832.LD78","treatment"
"X-4832.LEE011 + binimetinib","X.4832.uned","control"
"X-4832.LEE011 + encorafenib","X.4832.uned","control"
"X-4832.LEE011 + encorafenib","X.4832.LE11.enib","treatment"
"X-4832.LGW813","X.4832.uned","control"
"X-4832.LGW813","X.4832.LG13","treatment"
"X-4832.TAS266","X.4832.uned","control"
"X-4832.TAS266","X.4832.TA66","treatment"
"X-4849.BGJ398","X.4849.uned","control"
"X-4849.binimetinib","X.4849.uned","control"
"X-4849.binimetinib","X.4849.biib","treatment"
"X-4849.BKM120","X.4849.uned","control"
"X-4849.BKM120","X.4849.BK20","treatment"
"X-4849.BYL719","X.4849.uned","control"
"X-4849.BYL719 + HSP990","X.4849.uned","control"
"X-4849.BYL719 + LJM716","X.4849.uned","control"
"X-4849.CLR457","X.4849.uned","control"
"X-4849.CLR457","X.4849.CL57","treatment"
"X-4849.everolimus","X.4849.uned","control"
"X-4849.figitumumab","X.4849.uned","control"
"X-4849.HDM201","X.4849.uned","control"
"X-4849.HSP990","X.4849.uned","control"
"X-4849.INC280","X.4849.uned","control"
"X-4849.INC280 + trastuzumab","X.4849.uned","control"
"X-4849.LEE011","X.4849.uned","control"
"X-4849.LEE011","X.4849.LE11","treatment"
"X-4849.LEE011 + everolimus","X.4849.uned","control"
"X-4849.LJM716","X.4849.uned","control"
"X-4849.LJM716 + trastuzumab","X.4849.uned","control"
"X-4849.LLM871","X.4849.uned","control"
"X-4849.trastuzumab","X.4849.uned","control"
"X-4849.5FU","X.4849.uned","control"
"X-4849.BKM120 + LJC049","X.4849.uned","control"
"X-4849.BYL719 + binimetinib","X.4849.uned","control"
"X-4849.BYL719 + cetuximab","X.4849.uned","control"
"X-4849.BYL719 + cetuximab + encorafenib","X.4849.uned","control"
"X-4849.BYL719 + encorafenib","X.4849.uned","control"
"X-4849.cetuximab","X.4849.uned","control"
"X-4849.cetuximab + encorafenib","X.4849.uned","control"
"X-4849.CGM097","X.4849.uned","control"
"X-4849.CGM097","X.4849.CG97","treatment"
"X-4849.CKX620","X.4849.uned","control"
"X-4849.encorafenib","X.4849.uned","control"
"X-4849.encorafenib","X.4849.enib","treatment"
"X-4849.LFW527 + binimetinib","X.4849.uned","control"
"X-4849.LJC049","X.4849.uned","control"
"X-4849.LKA136","X.4849.uned","control"
"X-4849.abraxane","X.4849.uned","control"
"X-4849.binimetinib-3.5mpk","X.4849.uned","control"
"X-4849.BKM120 + binimetinib","X.4849.uned","control"
"X-4849.BKM120 + LDE225","X.4849.uned","control"
"X-4849.figitumumab + binimetinib","X.4849.uned","control"
"X-4849.gemcitabine-50mpk","X.4849.uned","control"
"X-4849.INC424","X.4849.uned","control"
"X-4849.INC424 + binimetinib","X.4849.uned","control"
"X-4849.trametinib","X.4849.uned","control"
"X-4849.BYL719 + LEE011","X.4849.uned","control"
"X-4849.LFA102","X.4849.uned","control"
"X-4849.LFW527 + everolimus","X.4849.uned","control"
"X-4849.paclitaxel","X.4849.uned","control"
"X-4849.tamoxifen","X.4849.uned","control"
"X-4849.BYL719 + LGH447","X.4849.uned","control"
"X-4849.erlotinib","X.4849.uned","control"
"X-4849.LCL161 + paclitaxel","X.4849.uned","control"
"X-4849.LGH447","X.4849.uned","control"
"X-4849.WNT974","X.4849.uned","control"
"X-4849.WNT974","X.4849.WN74","treatment"
"X-4849.BKM120 + encorafenib","X.4849.uned","control"
"X-4849.BKM120 + encorafenib","X.4849.BK20.enib","treatment"
"X-4849.dacarbazine","X.4849.uned","control"
"X-4849.dacarbazine","X.4849.dane","treatment"
"X-4849.encorafenib + binimetinib","X.4849.uned","control"
"X-4849.encorafenib + binimetinib","X.4849.enib.biib","treatment"
"X-4849.LDE225","X.4849.uned","control"
"X-4849.LDE225","X.4849.LD25","treatment"
"X-4849.LDK378","X.4849.uned","control"
"X-4849.LDK378","X.4849.LD78","treatment"
"X-4849.LEE011 + binimetinib","X.4849.uned","control"
"X-4849.LEE011 + binimetinib","X.4849.LE11.biib","treatment"
"X-4849.LEE011 + encorafenib","X.4849.uned","control"
"X-4849.LEE011 + encorafenib","X.4849.LE11.enib","treatment"
"X-4849.LGW813","X.4849.uned","control"
"X-4849.LGW813","X.4849.LG13","treatment"
"X-4849.TAS266","X.4849.uned","control"
"X-4849.TAS266","X.4849.TA66","treatment"
"X-4888.BGJ398","X.4888.uned","control"
"X-4888.BGJ398","X.4888.BG98","treatment"
"X-4888.binimetinib","X.4888.uned","control"
"X-4888.binimetinib","X.4888.biib","treatment"
"X-4888.BKM120","X.4888.uned","control"
"X-4888.BKM120","X.4888.BK20","treatment"
"X-4888.BYL719","X.4888.uned","control"
"X-4888.BYL719","X.4888.BY19","treatment"
"X-4888.BYL719 + HSP990","X.4888.uned","control"
"X-4888.BYL719 + LJM716","X.4888.uned","control"
"X-4888.BYL719 + LJM716","X.4888.BY19.LJ16","treatment"
"X-4888.CLR457","X.4888.uned","control"
"X-4888.CLR457","X.4888.CL57","treatment"
"X-4888.everolimus","X.4888.uned","control"
"X-4888.figitumumab","X.4888.uned","control"
"X-4888.HDM201","X.4888.uned","control"
"X-4888.HDM201","X.4888.HD01","treatment"
"X-4888.HSP990","X.4888.uned","control"
"X-4888.INC280","X.4888.uned","control"
"X-4888.INC280 + trastuzumab","X.4888.uned","control"
"X-4888.LEE011","X.4888.uned","control"
"X-4888.LEE011","X.4888.LE11","treatment"
"X-4888.LEE011 + everolimus","X.4888.uned","control"
"X-4888.LEE011 + everolimus","X.4888.LE11.evus","treatment"
"X-4888.LJM716","X.4888.uned","control"
"X-4888.LJM716","X.4888.LJ16","treatment"
"X-4888.LJM716 + trastuzumab","X.4888.uned","control"
"X-4888.LJM716 + trastuzumab","X.4888.LJ16.trab","treatment"
"X-4888.LLM871","X.4888.uned","control"
"X-4888.LLM871","X.4888.LL71","treatment"
"X-4888.trastuzumab","X.4888.uned","control"
"X-4888.trastuzumab","X.4888.trab","treatment"
"X-4888.5FU","X.4888.uned","control"
"X-4888.BKM120 + LJC049","X.4888.uned","control"
"X-4888.BYL719 + binimetinib","X.4888.uned","control"
"X-4888.BYL719 + cetuximab","X.4888.uned","control"
"X-4888.BYL719 + cetuximab + encorafenib","X.4888.uned","control"
"X-4888.BYL719 + encorafenib","X.4888.uned","control"
"X-4888.cetuximab","X.4888.uned","control"
"X-4888.cetuximab + encorafenib","X.4888.uned","control"
"X-4888.CGM097","X.4888.uned","control"
"X-4888.CGM097","X.4888.CG97","treatment"
"X-4888.CKX620","X.4888.uned","control"
"X-4888.encorafenib","X.4888.uned","control"
"X-4888.LFW527 + binimetinib","X.4888.uned","control"
"X-4888.LJC049","X.4888.uned","control"
"X-4888.LKA136","X.4888.uned","control"
"X-4888.LKA136","X.4888.LK36","treatment"
"X-4888.abraxane","X.4888.uned","control"
"X-4888.binimetinib-3.5mpk","X.4888.uned","control"
"X-4888.BKM120 + binimetinib","X.4888.uned","control"
"X-4888.BKM120 + LDE225","X.4888.uned","control"
"X-4888.figitumumab + binimetinib","X.4888.uned","control"
"X-4888.gemcitabine-50mpk","X.4888.uned","control"
"X-4888.INC424","X.4888.uned","control"
"X-4888.INC424","X.4888.IN24","treatment"
"X-4888.INC424 + binimetinib","X.4888.uned","control"
"X-4888.trametinib","X.4888.uned","control"
"X-4888.BYL719 + LEE011","X.4888.uned","control"
"X-4888.BYL719 + LEE011","X.4888.BY19.LE11","treatment"
"X-4888.LFA102","X.4888.uned","control"
"X-4888.LFA102","X.4888.LF02","treatment"
"X-4888.LFW527 + everolimus","X.4888.uned","control"
"X-4888.LFW527 + everolimus","X.4888.LF27.evus","treatment"
"X-4888.paclitaxel","X.4888.uned","control"
"X-4888.paclitaxel","X.4888.pael","treatment"
"X-4888.tamoxifen","X.4888.uned","control"
"X-4888.tamoxifen","X.4888.taen","treatment"
"X-4888.BYL719 + LGH447","X.4888.uned","control"
"X-4888.erlotinib","X.4888.uned","control"
"X-4888.LCL161 + paclitaxel","X.4888.uned","control"
"X-4888.LGH447","X.4888.uned","control"
"X-4888.WNT974","X.4888.uned","control"
"X-4888.BKM120 + encorafenib","X.4888.uned","control"
"X-4888.dacarbazine","X.4888.uned","control"
"X-4888.encorafenib + binimetinib","X.4888.uned","control"
"X-4888.LDE225","X.4888.uned","control"
"X-4888.LDK378","X.4888.uned","control"
"X-4888.LEE011 + binimetinib","X.4888.uned","control"
"X-4888.LEE011 + encorafenib","X.4888.uned","control"
"X-4888.LGW813","X.4888.uned","control"
"X-4888.TAS266","X.4888.uned","control"
"X-4927.BGJ398","X.4927.uned","control"
"X-4927.binimetinib","X.4927.uned","control"
"X-4927.binimetinib","X.4927.biib","treatment"
"X-4927.BKM120","X.4927.uned","control"
"X-4927.BKM120","X.4927.BK20","treatment"
"X-4927.BYL719","X.4927.uned","control"
"X-4927.BYL719","X.4927.BY19","treatment"
"X-4927.BYL719 + HSP990","X.4927.uned","control"
"X-4927.BYL719 + LJM716","X.4927.uned","control"
"X-4927.BYL719 + LJM716","X.4927.BY19.LJ16","treatment"
"X-4927.CLR457","X.4927.uned","control"
"X-4927.everolimus","X.4927.uned","control"
"X-4927.figitumumab","X.4927.uned","control"
"X-4927.figitumumab","X.4927.fiab","treatment"
"X-4927.HDM201","X.4927.uned","control"
"X-4927.HDM201","X.4927.HD01","treatment"
"X-4927.HSP990","X.4927.uned","control"
"X-4927.INC280","X.4927.uned","control"
"X-4927.INC280 + trastuzumab","X.4927.uned","control"
"X-4927.LEE011","X.4927.uned","control"
"X-4927.LEE011","X.4927.LE11","treatment"
"X-4927.LEE011 + everolimus","X.4927.uned","control"
"X-4927.LJM716","X.4927.uned","control"
"X-4927.LJM716 + trastuzumab","X.4927.uned","control"
"X-4927.LLM871","X.4927.uned","control"
"X-4927.trastuzumab","X.4927.uned","control"
"X-4927.5FU","X.4927.uned","control"
"X-4927.BKM120 + LJC049","X.4927.uned","control"
"X-4927.BYL719 + binimetinib","X.4927.uned","control"
"X-4927.BYL719 + cetuximab","X.4927.uned","control"
"X-4927.BYL719 + cetuximab + encorafenib","X.4927.uned","control"
"X-4927.BYL719 + encorafenib","X.4927.uned","control"
"X-4927.cetuximab","X.4927.uned","control"
"X-4927.cetuximab + encorafenib","X.4927.uned","control"
"X-4927.CGM097","X.4927.uned","control"
"X-4927.CKX620","X.4927.uned","control"
"X-4927.encorafenib","X.4927.uned","control"
"X-4927.LFW527 + binimetinib","X.4927.uned","control"
"X-4927.LJC049","X.4927.uned","control"
"X-4927.LKA136","X.4927.uned","control"
"X-4927.LKA136","X.4927.LK36","treatment"
"X-4927.abraxane","X.4927.uned","control"
"X-4927.abraxane","X.4927.abne","treatment"
"X-4927.binimetinib-3.5mpk","X.4927.uned","control"
"X-4927.binimetinib-3.5mpk","X.4927.bipk","treatment"
"X-4927.BKM120 + binimetinib","X.4927.uned","control"
"X-4927.BKM120 + binimetinib","X.4927.BK20.biib","treatment"
"X-4927.BKM120 + LDE225","X.4927.uned","control"
"X-4927.BKM120 + LDE225","X.4927.BK20.LD25","treatment"
"X-4927.figitumumab + binimetinib","X.4927.uned","control"
"X-4927.figitumumab + binimetinib","X.4927.fiab.biib","treatment"
"X-4927.gemcitabine-50mpk","X.4927.uned","control"
"X-4927.gemcitabine-50mpk","X.4927.gepk","treatment"
"X-4927.INC424","X.4927.uned","control"
"X-4927.INC424","X.4927.IN24","treatment"
"X-4927.INC424 + binimetinib","X.4927.uned","control"
"X-4927.INC424 + binimetinib","X.4927.IN24.biib","treatment"
"X-4927.trametinib","X.4927.uned","control"
"X-4927.trametinib","X.4927.trib","treatment"
"X-4927.BYL719 + LEE011","X.4927.uned","control"
"X-4927.LFA102","X.4927.uned","control"
"X-4927.LFW527 + everolimus","X.4927.uned","control"
"X-4927.paclitaxel","X.4927.uned","control"
"X-4927.tamoxifen","X.4927.uned","control"
"X-4927.BYL719 + LGH447","X.4927.uned","control"
"X-4927.erlotinib","X.4927.uned","control"
"X-4927.LCL161 + paclitaxel","X.4927.uned","control"
"X-4927.LGH447","X.4927.uned","control"
"X-4927.WNT974","X.4927.uned","control"
"X-4927.WNT974","X.4927.WN74","treatment"
"X-4927.BKM120 + encorafenib","X.4927.uned","control"
"X-4927.dacarbazine","X.4927.uned","control"
"X-4927.encorafenib + binimetinib","X.4927.uned","control"
"X-4927.LDE225","X.4927.uned","control"
"X-4927.LDK378","X.4927.uned","control"
"X-4927.LEE011 + binimetinib","X.4927.uned","control"
"X-4927.LEE011 + encorafenib","X.4927.uned","control"
"X-4927.LGW813","X.4927.uned","control"
"X-4927.TAS266","X.4927.uned","control"
"X-4949.BGJ398","X.4949.uned","control"
"X-4949.BGJ398","X.4949.BG98","treatment"
"X-4949.binimetinib","X.4949.uned","control"
"X-4949.binimetinib","X.4949.biib","treatment"
"X-4949.BKM120","X.4949.uned","control"
"X-4949.BKM120","X.4949.BK20","treatment"
"X-4949.BYL719","X.4949.uned","control"
"X-4949.BYL719","X.4949.BY19","treatment"
"X-4949.BYL719 + HSP990","X.4949.uned","control"
"X-4949.BYL719 + LJM716","X.4949.uned","control"
"X-4949.BYL719 + LJM716","X.4949.BY19.LJ16","treatment"
"X-4949.CLR457","X.4949.uned","control"
"X-4949.CLR457","X.4949.CL57","treatment"
"X-4949.everolimus","X.4949.uned","control"
"X-4949.figitumumab","X.4949.uned","control"
"X-4949.HDM201","X.4949.uned","control"
"X-4949.HDM201","X.4949.HD01","treatment"
"X-4949.HSP990","X.4949.uned","control"
"X-4949.INC280","X.4949.uned","control"
"X-4949.INC280 + trastuzumab","X.4949.uned","control"
"X-4949.LEE011","X.4949.uned","control"
"X-4949.LEE011","X.4949.LE11","treatment"
"X-4949.LEE011 + everolimus","X.4949.uned","control"
"X-4949.LEE011 + everolimus","X.4949.LE11.evus","treatment"
"X-4949.LJM716","X.4949.uned","control"
"X-4949.LJM716","X.4949.LJ16","treatment"
"X-4949.LJM716 + trastuzumab","X.4949.uned","control"
"X-4949.LJM716 + trastuzumab","X.4949.LJ16.trab","treatment"
"X-4949.LLM871","X.4949.uned","control"
"X-4949.LLM871","X.4949.LL71","treatment"
"X-4949.trastuzumab","X.4949.uned","control"
"X-4949.trastuzumab","X.4949.trab","treatment"
"X-4949.5FU","X.4949.uned","control"
"X-4949.BKM120 + LJC049","X.4949.uned","control"
"X-4949.BYL719 + binimetinib","X.4949.uned","control"
"X-4949.BYL719 + cetuximab","X.4949.uned","control"
"X-4949.BYL719 + cetuximab + encorafenib","X.4949.uned","control"
"X-4949.BYL719 + encorafenib","X.4949.uned","control"
"X-4949.cetuximab","X.4949.uned","control"
"X-4949.cetuximab + encorafenib","X.4949.uned","control"
"X-4949.CGM097","X.4949.uned","control"
"X-4949.CGM097","X.4949.CG97","treatment"
"X-4949.CKX620","X.4949.uned","control"
"X-4949.encorafenib","X.4949.uned","control"
"X-4949.LFW527 + binimetinib","X.4949.uned","control"
"X-4949.LJC049","X.4949.uned","control"
"X-4949.LKA136","X.4949.uned","control"
"X-4949.LKA136","X.4949.LK36","treatment"
"X-4949.abraxane","X.4949.uned","control"
"X-4949.binimetinib-3.5mpk","X.4949.uned","control"
"X-4949.BKM120 + binimetinib","X.4949.uned","control"
"X-4949.BKM120 + LDE225","X.4949.uned","control"
"X-4949.figitumumab + binimetinib","X.4949.uned","control"
"X-4949.gemcitabine-50mpk","X.4949.uned","control"
"X-4949.INC424","X.4949.uned","control"
"X-4949.INC424","X.4949.IN24","treatment"
"X-4949.INC424 + binimetinib","X.4949.uned","control"
"X-4949.trametinib","X.4949.uned","control"
"X-4949.BYL719 + LEE011","X.4949.uned","control"
"X-4949.BYL719 + LEE011","X.4949.BY19.LE11","treatment"
"X-4949.LFA102","X.4949.uned","control"
"X-4949.LFA102","X.4949.LF02","treatment"
"X-4949.LFW527 + everolimus","X.4949.uned","control"
"X-4949.paclitaxel","X.4949.uned","control"
"X-4949.paclitaxel","X.4949.pael","treatment"
"X-4949.tamoxifen","X.4949.uned","control"
"X-4949.tamoxifen","X.4949.taen","treatment"
"X-4949.BYL719 + LGH447","X.4949.uned","control"
"X-4949.erlotinib","X.4949.uned","control"
"X-4949.LCL161 + paclitaxel","X.4949.uned","control"
"X-4949.LGH447","X.4949.uned","control"
"X-4949.WNT974","X.4949.uned","control"
"X-4949.BKM120 + encorafenib","X.4949.uned","control"
"X-4949.dacarbazine","X.4949.uned","control"
"X-4949.encorafenib + binimetinib","X.4949.uned","control"
"X-4949.LDE225","X.4949.uned","control"
"X-4949.LDK378","X.4949.uned","control"
"X-4949.LEE011 + binimetinib","X.4949.uned","control"
"X-4949.LEE011 + encorafenib","X.4949.uned","control"
"X-4949.LGW813","X.4949.uned","control"
"X-4949.TAS266","X.4949.uned","control"
"X-5189.BGJ398","X.5189.uned","control"
"X-5189.binimetinib","X.5189.uned","control"
"X-5189.binimetinib","X.5189.biib","treatment"
"X-5189.BKM120","X.5189.uned","control"
"X-5189.BKM120","X.5189.BK20","treatment"
"X-5189.BYL719","X.5189.uned","control"
"X-5189.BYL719 + HSP990","X.5189.uned","control"
"X-5189.BYL719 + LJM716","X.5189.uned","control"
"X-5189.CLR457","X.5189.uned","control"
"X-5189.CLR457","X.5189.CL57","treatment"
"X-5189.everolimus","X.5189.uned","control"
"X-5189.figitumumab","X.5189.uned","control"
"X-5189.HDM201","X.5189.uned","control"
"X-5189.HSP990","X.5189.uned","control"
"X-5189.INC280","X.5189.uned","control"
"X-5189.INC280 + trastuzumab","X.5189.uned","control"
"X-5189.LEE011","X.5189.uned","control"
"X-5189.LEE011","X.5189.LE11","treatment"
"X-5189.LEE011 + everolimus","X.5189.uned","control"
"X-5189.LJM716","X.5189.uned","control"
"X-5189.LJM716 + trastuzumab","X.5189.uned","control"
"X-5189.LLM871","X.5189.uned","control"
"X-5189.trastuzumab","X.5189.uned","control"
"X-5189.5FU","X.5189.uned","control"
"X-5189.BKM120 + LJC049","X.5189.uned","control"
"X-5189.BYL719 + binimetinib","X.5189.uned","control"
"X-5189.BYL719 + cetuximab","X.5189.uned","control"
"X-5189.BYL719 + cetuximab + encorafenib","X.5189.uned","control"
"X-5189.BYL719 + encorafenib","X.5189.uned","control"
"X-5189.cetuximab","X.5189.uned","control"
"X-5189.cetuximab + encorafenib","X.5189.uned","control"
"X-5189.CGM097","X.5189.uned","control"
"X-5189.CGM097","X.5189.CG97","treatment"
"X-5189.CKX620","X.5189.uned","control"
"X-5189.encorafenib","X.5189.uned","control"
"X-5189.encorafenib","X.5189.enib","treatment"
"X-5189.LFW527 + binimetinib","X.5189.uned","control"
"X-5189.LJC049","X.5189.uned","control"
"X-5189.LKA136","X.5189.uned","control"
"X-5189.abraxane","X.5189.uned","control"
"X-5189.binimetinib-3.5mpk","X.5189.uned","control"
"X-5189.BKM120 + binimetinib","X.5189.uned","control"
"X-5189.BKM120 + LDE225","X.5189.uned","control"
"X-5189.figitumumab + binimetinib","X.5189.uned","control"
"X-5189.gemcitabine-50mpk","X.5189.uned","control"
"X-5189.INC424","X.5189.uned","control"
"X-5189.INC424 + binimetinib","X.5189.uned","control"
"X-5189.trametinib","X.5189.uned","control"
"X-5189.BYL719 + LEE011","X.5189.uned","control"
"X-5189.LFA102","X.5189.uned","control"
"X-5189.LFW527 + everolimus","X.5189.uned","control"
"X-5189.paclitaxel","X.5189.uned","control"
"X-5189.tamoxifen","X.5189.uned","control"
"X-5189.BYL719 + LGH447","X.5189.uned","control"
"X-5189.erlotinib","X.5189.uned","control"
"X-5189.LCL161 + paclitaxel","X.5189.uned","control"
"X-5189.LGH447","X.5189.uned","control"
"X-5189.WNT974","X.5189.uned","control"
"X-5189.WNT974","X.5189.WN74","treatment"
"X-5189.BKM120 + encorafenib","X.5189.uned","control"
"X-5189.BKM120 + encorafenib","X.5189.BK20.enib","treatment"
"X-5189.dacarbazine","X.5189.uned","control"
"X-5189.dacarbazine","X.5189.dane","treatment"
"X-5189.encorafenib + binimetinib","X.5189.uned","control"
"X-5189.encorafenib + binimetinib","X.5189.enib.biib","treatment"
"X-5189.LDE225","X.5189.uned","control"
"X-5189.LDE225","X.5189.LD25","treatment"
"X-5189.LDK378","X.5189.uned","control"
"X-5189.LDK378","X.5189.LD78","treatment"
"X-5189.LEE011 + binimetinib","X.5189.uned","control"
"X-5189.LEE011 + binimetinib","X.5189.LE11.biib","treatment"
"X-5189.LEE011 + encorafenib","X.5189.uned","control"
"X-5189.LEE011 + encorafenib","X.5189.LE11.enib","treatment"
"X-5189.LGW813","X.5189.uned","control"
"X-5189.LGW813","X.5189.LG13","treatment"
"X-5189.TAS266","X.5189.uned","control"
"X-5189.TAS266","X.5189.TA66","treatment"
"X-5205.BGJ398","X.5205.uned","control"
"X-5205.binimetinib","X.5205.uned","control"
"X-5205.binimetinib","X.5205.biib","treatment"
"X-5205.BKM120","X.5205.uned","control"
"X-5205.BKM120","X.5205.BK20","treatment"
"X-5205.BYL719","X.5205.uned","control"
"X-5205.BYL719","X.5205.BY19","treatment"
"X-5205.BYL719 + HSP990","X.5205.uned","control"
"X-5205.BYL719 + LJM716","X.5205.uned","control"
"X-5205.BYL719 + LJM716","X.5205.BY19.LJ16","treatment"
"X-5205.CLR457","X.5205.uned","control"
"X-5205.CLR457","X.5205.CL57","treatment"
"X-5205.everolimus","X.5205.uned","control"
"X-5205.figitumumab","X.5205.uned","control"
"X-5205.figitumumab","X.5205.fiab","treatment"
"X-5205.HDM201","X.5205.uned","control"
"X-5205.HDM201","X.5205.HD01","treatment"
"X-5205.HSP990","X.5205.uned","control"
"X-5205.INC280","X.5205.uned","control"
"X-5205.INC280 + trastuzumab","X.5205.uned","control"
"X-5205.LEE011","X.5205.uned","control"
"X-5205.LEE011 + everolimus","X.5205.uned","control"
"X-5205.LJM716","X.5205.uned","control"
"X-5205.LJM716 + trastuzumab","X.5205.uned","control"
"X-5205.LLM871","X.5205.uned","control"
"X-5205.trastuzumab","X.5205.uned","control"
"X-5205.5FU","X.5205.uned","control"
"X-5205.BKM120 + LJC049","X.5205.uned","control"
"X-5205.BYL719 + binimetinib","X.5205.uned","control"
"X-5205.BYL719 + cetuximab","X.5205.uned","control"
"X-5205.BYL719 + cetuximab + encorafenib","X.5205.uned","control"
"X-5205.BYL719 + encorafenib","X.5205.uned","control"
"X-5205.cetuximab","X.5205.uned","control"
"X-5205.cetuximab + encorafenib","X.5205.uned","control"
"X-5205.CGM097","X.5205.uned","control"
"X-5205.CKX620","X.5205.uned","control"
"X-5205.encorafenib","X.5205.uned","control"
"X-5205.LFW527 + binimetinib","X.5205.uned","control"
"X-5205.LJC049","X.5205.uned","control"
"X-5205.LKA136","X.5205.uned","control"
"X-5205.LKA136","X.5205.LK36","treatment"
"X-5205.abraxane","X.5205.uned","control"
"X-5205.binimetinib-3.5mpk","X.5205.uned","control"
"X-5205.binimetinib-3.5mpk","X.5205.bipk","treatment"
"X-5205.BKM120 + binimetinib","X.5205.uned","control"
"X-5205.BKM120 + binimetinib","X.5205.BK20.biib","treatment"
"X-5205.BKM120 + LDE225","X.5205.uned","control"
"X-5205.BKM120 + LDE225","X.5205.BK20.LD25","treatment"
"X-5205.figitumumab + binimetinib","X.5205.uned","control"
"X-5205.gemcitabine-50mpk","X.5205.uned","control"
"X-5205.gemcitabine-50mpk","X.5205.gepk","treatment"
"X-5205.INC424","X.5205.uned","control"
"X-5205.INC424 + binimetinib","X.5205.uned","control"
"X-5205.INC424 + binimetinib","X.5205.IN24.biib","treatment"
"X-5205.trametinib","X.5205.uned","control"
"X-5205.trametinib","X.5205.trib","treatment"
"X-5205.BYL719 + LEE011","X.5205.uned","control"
"X-5205.LFA102","X.5205.uned","control"
"X-5205.LFW527 + everolimus","X.5205.uned","control"
"X-5205.paclitaxel","X.5205.uned","control"
"X-5205.tamoxifen","X.5205.uned","control"
"X-5205.BYL719 + LGH447","X.5205.uned","control"
"X-5205.erlotinib","X.5205.uned","control"
"X-5205.LCL161 + paclitaxel","X.5205.uned","control"
"X-5205.LGH447","X.5205.uned","control"
"X-5205.WNT974","X.5205.uned","control"
"X-5205.WNT974","X.5205.WN74","treatment"
"X-5205.BKM120 + encorafenib","X.5205.uned","control"
"X-5205.dacarbazine","X.5205.uned","control"
"X-5205.encorafenib + binimetinib","X.5205.uned","control"
"X-5205.LDE225","X.5205.uned","control"
"X-5205.LDK378","X.5205.uned","control"
"X-5205.LEE011 + binimetinib","X.5205.uned","control"
"X-5205.LEE011 + encorafenib","X.5205.uned","control"
"X-5205.LGW813","X.5205.uned","control"
"X-5205.TAS266","X.5205.uned","control"
"X-5238.LFW527 + binimetinib","X.5238.LF27.biib","treatment"
"X-5249.BGJ398","X.5249.uned","control"
"X-5249.BGJ398","X.5249.BG98","treatment"
"X-5249.binimetinib","X.5249.uned","control"
"X-5249.binimetinib","X.5249.biib","treatment"
"X-5249.BKM120","X.5249.uned","control"
"X-5249.BKM120","X.5249.BK20","treatment"
"X-5249.BYL719","X.5249.uned","control"
"X-5249.BYL719","X.5249.BY19","treatment"
"X-5249.BYL719 + HSP990","X.5249.uned","control"
"X-5249.BYL719 + LJM716","X.5249.uned","control"
"X-5249.BYL719 + LJM716","X.5249.BY19.LJ16","treatment"
"X-5249.CLR457","X.5249.uned","control"
"X-5249.CLR457","X.5249.CL57","treatment"
"X-5249.everolimus","X.5249.uned","control"
"X-5249.figitumumab","X.5249.uned","control"
"X-5249.HDM201","X.5249.uned","control"
"X-5249.HDM201","X.5249.HD01","treatment"
"X-5249.HSP990","X.5249.uned","control"
"X-5249.INC280","X.5249.uned","control"
"X-5249.INC280 + trastuzumab","X.5249.uned","control"
"X-5249.LEE011","X.5249.uned","control"
"X-5249.LEE011","X.5249.LE11","treatment"
"X-5249.LEE011 + everolimus","X.5249.uned","control"
"X-5249.LEE011 + everolimus","X.5249.LE11.evus","treatment"
"X-5249.LJM716","X.5249.uned","control"
"X-5249.LJM716","X.5249.LJ16","treatment"
"X-5249.LJM716 + trastuzumab","X.5249.uned","control"
"X-5249.LJM716 + trastuzumab","X.5249.LJ16.trab","treatment"
"X-5249.LLM871","X.5249.uned","control"
"X-5249.LLM871","X.5249.LL71","treatment"
"X-5249.trastuzumab","X.5249.uned","control"
"X-5249.trastuzumab","X.5249.trab","treatment"
"X-5249.5FU","X.5249.uned","control"
"X-5249.BKM120 + LJC049","X.5249.uned","control"
"X-5249.BYL719 + binimetinib","X.5249.uned","control"
"X-5249.BYL719 + cetuximab","X.5249.uned","control"
"X-5249.BYL719 + cetuximab + encorafenib","X.5249.uned","control"
"X-5249.BYL719 + encorafenib","X.5249.uned","control"
"X-5249.cetuximab","X.5249.uned","control"
"X-5249.cetuximab + encorafenib","X.5249.uned","control"
"X-5249.CGM097","X.5249.uned","control"
"X-5249.CGM097","X.5249.CG97","treatment"
"X-5249.CKX620","X.5249.uned","control"
"X-5249.encorafenib","X.5249.uned","control"
"X-5249.LFW527 + binimetinib","X.5249.uned","control"
"X-5249.LJC049","X.5249.uned","control"
"X-5249.LKA136","X.5249.uned","control"
"X-5249.LKA136","X.5249.LK36","treatment"
"X-5249.abraxane","X.5249.uned","control"
"X-5249.binimetinib-3.5mpk","X.5249.uned","control"
"X-5249.BKM120 + binimetinib","X.5249.uned","control"
"X-5249.BKM120 + LDE225","X.5249.uned","control"
"X-5249.figitumumab + binimetinib","X.5249.uned","control"
"X-5249.gemcitabine-50mpk","X.5249.uned","control"
"X-5249.INC424","X.5249.uned","control"
"X-5249.INC424","X.5249.IN24","treatment"
"X-5249.INC424 + binimetinib","X.5249.uned","control"
"X-5249.trametinib","X.5249.uned","control"
"X-5249.BYL719 + LEE011","X.5249.uned","control"
"X-5249.BYL719 + LEE011","X.5249.BY19.LE11","treatment"
"X-5249.LFA102","X.5249.uned","control"
"X-5249.LFA102","X.5249.LF02","treatment"
"X-5249.LFW527 + everolimus","X.5249.uned","control"
"X-5249.LFW527 + everolimus","X.5249.LF27.evus","treatment"
"X-5249.paclitaxel","X.5249.uned","control"
"X-5249.paclitaxel","X.5249.pael","treatment"
"X-5249.tamoxifen","X.5249.uned","control"
"X-5249.tamoxifen","X.5249.taen","treatment"
"X-5249.BYL719 + LGH447","X.5249.uned","control"
"X-5249.erlotinib","X.5249.uned","control"
"X-5249.LCL161 + paclitaxel","X.5249.uned","control"
"X-5249.LGH447","X.5249.uned","control"
"X-5249.WNT974","X.5249.uned","control"
"X-5249.BKM120 + encorafenib","X.5249.uned","control"
"X-5249.dacarbazine","X.5249.uned","control"
"X-5249.encorafenib + binimetinib","X.5249.uned","control"
"X-5249.LDE225","X.5249.uned","control"
"X-5249.LDK378","X.5249.uned","control"
"X-5249.LEE011 + binimetinib","X.5249.uned","control"
"X-5249.LEE011 + encorafenib","X.5249.uned","control"
"X-5249.LGW813","X.5249.uned","control"
"X-5249.TAS266","X.5249.uned","control"
"X-5254.BGJ398","X.5254.uned","control"
"X-5254.binimetinib","X.5254.uned","control"
"X-5254.binimetinib","X.5254.biib","treatment"
"X-5254.BKM120","X.5254.uned","control"
"X-5254.BKM120","X.5254.BK20","treatment"
"X-5254.BYL719","X.5254.uned","control"
"X-5254.BYL719","X.5254.BY19","treatment"
"X-5254.BYL719 + HSP990","X.5254.uned","control"
"X-5254.BYL719 + LJM716","X.5254.uned","control"
"X-5254.BYL719 + LJM716","X.5254.BY19.LJ16","treatment"
"X-5254.CLR457","X.5254.uned","control"
"X-5254.CLR457","X.5254.CL57","treatment"
"X-5254.everolimus","X.5254.uned","control"
"X-5254.figitumumab","X.5254.uned","control"
"X-5254.HDM201","X.5254.uned","control"
"X-5254.HDM201","X.5254.HD01","treatment"
"X-5254.HSP990","X.5254.uned","control"
"X-5254.INC280","X.5254.uned","control"
"X-5254.INC280 + trastuzumab","X.5254.uned","control"
"X-5254.LEE011","X.5254.uned","control"
"X-5254.LEE011","X.5254.LE11","treatment"
"X-5254.LEE011 + everolimus","X.5254.uned","control"
"X-5254.LJM716","X.5254.uned","control"
"X-5254.LJM716 + trastuzumab","X.5254.uned","control"
"X-5254.LLM871","X.5254.uned","control"
"X-5254.trastuzumab","X.5254.uned","control"
"X-5254.5FU","X.5254.uned","control"
"X-5254.5FU","X.5254.5FFU","treatment"
"X-5254.BKM120 + LJC049","X.5254.uned","control"
"X-5254.BKM120 + LJC049","X.5254.BK20.LJ49","treatment"
"X-5254.BYL719 + binimetinib","X.5254.uned","control"
"X-5254.BYL719 + binimetinib","X.5254.BY19.biib","treatment"
"X-5254.BYL719 + cetuximab","X.5254.uned","control"
"X-5254.BYL719 + cetuximab","X.5254.BY19.ceab","treatment"
"X-5254.BYL719 + cetuximab + encorafenib","X.5254.uned","control"
"X-5254.BYL719 + cetuximab + encorafenib","X.5254.BY19.ceab.enib","treatment"
"X-5254.BYL719 + encorafenib","X.5254.uned","control"
"X-5254.BYL719 + encorafenib","X.5254.BY19.enib","treatment"
"X-5254.cetuximab","X.5254.uned","control"
"X-5254.cetuximab","X.5254.ceab","treatment"
"X-5254.cetuximab + encorafenib","X.5254.uned","control"
"X-5254.cetuximab + encorafenib","X.5254.ceab.enib","treatment"
"X-5254.CGM097","X.5254.uned","control"
"X-5254.CGM097","X.5254.CG97","treatment"
"X-5254.CKX620","X.5254.uned","control"
"X-5254.CKX620","X.5254.CK20","treatment"
"X-5254.encorafenib","X.5254.uned","control"
"X-5254.encorafenib","X.5254.enib","treatment"
"X-5254.LFW527 + binimetinib","X.5254.uned","control"
"X-5254.LFW527 + binimetinib","X.5254.LF27.biib","treatment"
"X-5254.LJC049","X.5254.uned","control"
"X-5254.LJC049","X.5254.LJ49","treatment"
"X-5254.LKA136","X.5254.uned","control"
"X-5254.LKA136","X.5254.LK36","treatment"
"X-5254.abraxane","X.5254.uned","control"
"X-5254.binimetinib-3.5mpk","X.5254.uned","control"
"X-5254.BKM120 + binimetinib","X.5254.uned","control"
"X-5254.BKM120 + LDE225","X.5254.uned","control"
"X-5254.figitumumab + binimetinib","X.5254.uned","control"
"X-5254.gemcitabine-50mpk","X.5254.uned","control"
"X-5254.INC424","X.5254.uned","control"
"X-5254.INC424 + binimetinib","X.5254.uned","control"
"X-5254.trametinib","X.5254.uned","control"
"X-5254.BYL719 + LEE011","X.5254.uned","control"
"X-5254.LFA102","X.5254.uned","control"
"X-5254.LFW527 + everolimus","X.5254.uned","control"
"X-5254.paclitaxel","X.5254.uned","control"
"X-5254.tamoxifen","X.5254.uned","control"
"X-5254.BYL719 + LGH447","X.5254.uned","control"
"X-5254.erlotinib","X.5254.uned","control"
"X-5254.LCL161 + paclitaxel","X.5254.uned","control"
"X-5254.LGH447","X.5254.uned","control"
"X-5254.WNT974","X.5254.uned","control"
"X-5254.BKM120 + encorafenib","X.5254.uned","control"
"X-5254.dacarbazine","X.5254.uned","control"
"X-5254.encorafenib + binimetinib","X.5254.uned","control"
"X-5254.LDE225","X.5254.uned","control"
"X-5254.LDK378","X.5254.uned","control"
"X-5254.LEE011 + binimetinib","X.5254.uned","control"
"X-5254.LEE011 + encorafenib","X.5254.uned","control"
"X-5254.LGW813","X.5254.uned","control"
"X-5254.TAS266","X.5254.uned","control"
"X-5267.LFW527 + binimetinib","X.5267.LF27.biib","treatment"
"X-5355.BGJ398","X.5355.uned","control"
"X-5355.BGJ398","X.5355.BG98","treatment"
"X-5355.binimetinib","X.5355.uned","control"
"X-5355.binimetinib","X.5355.biib","treatment"
"X-5355.BKM120","X.5355.uned","control"
"X-5355.BKM120","X.5355.BK20","treatment"
"X-5355.BYL719","X.5355.uned","control"
"X-5355.BYL719","X.5355.BY19","treatment"
"X-5355.BYL719 + HSP990","X.5355.uned","control"
"X-5355.BYL719 + LJM716","X.5355.uned","control"
"X-5355.BYL719 + LJM716","X.5355.BY19.LJ16","treatment"
"X-5355.CLR457","X.5355.uned","control"
"X-5355.CLR457","X.5355.CL57","treatment"
"X-5355.everolimus","X.5355.uned","control"
"X-5355.figitumumab","X.5355.uned","control"
"X-5355.HDM201","X.5355.uned","control"
"X-5355.HDM201","X.5355.HD01","treatment"
"X-5355.HSP990","X.5355.uned","control"
"X-5355.INC280","X.5355.uned","control"
"X-5355.INC280 + trastuzumab","X.5355.uned","control"
"X-5355.LEE011","X.5355.uned","control"
"X-5355.LEE011","X.5355.LE11","treatment"
"X-5355.LEE011 + everolimus","X.5355.uned","control"
"X-5355.LEE011 + everolimus","X.5355.LE11.evus","treatment"
"X-5355.LJM716","X.5355.uned","control"
"X-5355.LJM716","X.5355.LJ16","treatment"
"X-5355.LJM716 + trastuzumab","X.5355.uned","control"
"X-5355.LJM716 + trastuzumab","X.5355.LJ16.trab","treatment"
"X-5355.LLM871","X.5355.uned","control"
"X-5355.LLM871","X.5355.LL71","treatment"
"X-5355.trastuzumab","X.5355.uned","control"
"X-5355.trastuzumab","X.5355.trab","treatment"
"X-5355.5FU","X.5355.uned","control"
"X-5355.BKM120 + LJC049","X.5355.uned","control"
"X-5355.BYL719 + binimetinib","X.5355.uned","control"
"X-5355.BYL719 + cetuximab","X.5355.uned","control"
"X-5355.BYL719 + cetuximab + encorafenib","X.5355.uned","control"
"X-5355.BYL719 + encorafenib","X.5355.uned","control"
"X-5355.cetuximab","X.5355.uned","control"
"X-5355.cetuximab + encorafenib","X.5355.uned","control"
"X-5355.CGM097","X.5355.uned","control"
"X-5355.CGM097","X.5355.CG97","treatment"
"X-5355.CKX620","X.5355.uned","control"
"X-5355.encorafenib","X.5355.uned","control"
"X-5355.LFW527 + binimetinib","X.5355.uned","control"
"X-5355.LJC049","X.5355.uned","control"
"X-5355.LKA136","X.5355.uned","control"
"X-5355.LKA136","X.5355.LK36","treatment"
"X-5355.abraxane","X.5355.uned","control"
"X-5355.binimetinib-3.5mpk","X.5355.uned","control"
"X-5355.BKM120 + binimetinib","X.5355.uned","control"
"X-5355.BKM120 + LDE225","X.5355.uned","control"
"X-5355.figitumumab + binimetinib","X.5355.uned","control"
"X-5355.gemcitabine-50mpk","X.5355.uned","control"
"X-5355.INC424","X.5355.uned","control"
"X-5355.INC424","X.5355.IN24","treatment"
"X-5355.INC424 + binimetinib","X.5355.uned","control"
"X-5355.trametinib","X.5355.uned","control"
"X-5355.BYL719 + LEE011","X.5355.uned","control"
"X-5355.BYL719 + LEE011","X.5355.BY19.LE11","treatment"
"X-5355.LFA102","X.5355.uned","control"
"X-5355.LFA102","X.5355.LF02","treatment"
"X-5355.LFW527 + everolimus","X.5355.uned","control"
"X-5355.LFW527 + everolimus","X.5355.LF27.evus","treatment"
"X-5355.paclitaxel","X.5355.uned","control"
"X-5355.paclitaxel","X.5355.pael","treatment"
"X-5355.tamoxifen","X.5355.uned","control"
"X-5355.tamoxifen","X.5355.taen","treatment"
"X-5355.BYL719 + LGH447","X.5355.uned","control"
"X-5355.erlotinib","X.5355.uned","control"
"X-5355.LCL161 + paclitaxel","X.5355.uned","control"
"X-5355.LGH447","X.5355.uned","control"
"X-5355.WNT974","X.5355.uned","control"
"X-5355.BKM120 + encorafenib","X.5355.uned","control"
"X-5355.dacarbazine","X.5355.uned","control"
"X-5355.encorafenib + binimetinib","X.5355.uned","control"
"X-5355.LDE225","X.5355.uned","control"
"X-5355.LDK378","X.5355.uned","control"
"X-5355.LEE011 + binimetinib","X.5355.uned","control"
"X-5355.LEE011 + encorafenib","X.5355.uned","control"
"X-5355.LGW813","X.5355.uned","control"
"X-5355.TAS266","X.5355.uned","control"
"X-5405.BGJ398","X.5405.uned","control"
"X-5405.binimetinib","X.5405.uned","control"
"X-5405.binimetinib","X.5405.biib","treatment"
"X-5405.BKM120","X.5405.uned","control"
"X-5405.BKM120","X.5405.BK20","treatment"
"X-5405.BYL719","X.5405.uned","control"
"X-5405.BYL719","X.5405.BY19","treatment"
"X-5405.BYL719 + HSP990","X.5405.uned","control"
"X-5405.BYL719 + LJM716","X.5405.uned","control"
"X-5405.BYL719 + LJM716","X.5405.BY19.LJ16","treatment"
"X-5405.CLR457","X.5405.uned","control"
"X-5405.CLR457","X.5405.CL57","treatment"
"X-5405.everolimus","X.5405.uned","control"
"X-5405.figitumumab","X.5405.uned","control"
"X-5405.HDM201","X.5405.uned","control"
"X-5405.HDM201","X.5405.HD01","treatment"
"X-5405.HSP990","X.5405.uned","control"
"X-5405.INC280","X.5405.uned","control"
"X-5405.INC280 + trastuzumab","X.5405.uned","control"
"X-5405.LEE011","X.5405.uned","control"
"X-5405.LEE011","X.5405.LE11","treatment"
"X-5405.LEE011 + everolimus","X.5405.uned","control"
"X-5405.LJM716","X.5405.uned","control"
"X-5405.LJM716 + trastuzumab","X.5405.uned","control"
"X-5405.LLM871","X.5405.uned","control"
"X-5405.trastuzumab","X.5405.uned","control"
"X-5405.5FU","X.5405.uned","control"
"X-5405.5FU","X.5405.5FFU","treatment"
"X-5405.BKM120 + LJC049","X.5405.uned","control"
"X-5405.BKM120 + LJC049","X.5405.BK20.LJ49","treatment"
"X-5405.BYL719 + binimetinib","X.5405.uned","control"
"X-5405.BYL719 + binimetinib","X.5405.BY19.biib","treatment"
"X-5405.BYL719 + cetuximab","X.5405.uned","control"
"X-5405.BYL719 + cetuximab","X.5405.BY19.ceab","treatment"
"X-5405.BYL719 + cetuximab + encorafenib","X.5405.uned","control"
"X-5405.BYL719 + cetuximab + encorafenib","X.5405.BY19.ceab.enib","treatment"
"X-5405.BYL719 + encorafenib","X.5405.uned","control"
"X-5405.BYL719 + encorafenib","X.5405.BY19.enib","treatment"
"X-5405.cetuximab","X.5405.uned","control"
"X-5405.cetuximab","X.5405.ceab","treatment"
"X-5405.cetuximab + encorafenib","X.5405.uned","control"
"X-5405.cetuximab + encorafenib","X.5405.ceab.enib","treatment"
"X-5405.CGM097","X.5405.uned","control"
"X-5405.CGM097","X.5405.CG97","treatment"
"X-5405.CKX620","X.5405.uned","control"
"X-5405.CKX620","X.5405.CK20","treatment"
"X-5405.encorafenib","X.5405.uned","control"
"X-5405.encorafenib","X.5405.enib","treatment"
"X-5405.LFW527 + binimetinib","X.5405.uned","control"
"X-5405.LJC049","X.5405.uned","control"
"X-5405.LJC049","X.5405.LJ49","treatment"
"X-5405.LKA136","X.5405.uned","control"
"X-5405.LKA136","X.5405.LK36","treatment"
"X-5405.abraxane","X.5405.uned","control"
"X-5405.binimetinib-3.5mpk","X.5405.uned","control"
"X-5405.BKM120 + binimetinib","X.5405.uned","control"
"X-5405.BKM120 + LDE225","X.5405.uned","control"
"X-5405.figitumumab + binimetinib","X.5405.uned","control"
"X-5405.gemcitabine-50mpk","X.5405.uned","control"
"X-5405.INC424","X.5405.uned","control"
"X-5405.INC424 + binimetinib","X.5405.uned","control"
"X-5405.trametinib","X.5405.uned","control"
"X-5405.BYL719 + LEE011","X.5405.uned","control"
"X-5405.LFA102","X.5405.uned","control"
"X-5405.LFW527 + everolimus","X.5405.uned","control"
"X-5405.paclitaxel","X.5405.uned","control"
"X-5405.tamoxifen","X.5405.uned","control"
"X-5405.BYL719 + LGH447","X.5405.uned","control"
"X-5405.erlotinib","X.5405.uned","control"
"X-5405.LCL161 + paclitaxel","X.5405.uned","control"
"X-5405.LGH447","X.5405.uned","control"
"X-5405.WNT974","X.5405.uned","control"
"X-5405.BKM120 + encorafenib","X.5405.uned","control"
"X-5405.dacarbazine","X.5405.uned","control"
"X-5405.encorafenib + binimetinib","X.5405.uned","control"
"X-5405.LDE225","X.5405.uned","control"
"X-5405.LDK378","X.5405.uned","control"
"X-5405.LEE011 + binimetinib","X.5405.uned","control"
"X-5405.LEE011 + encorafenib","X.5405.uned","control"
"X-5405.LGW813","X.5405.uned","control"
"X-5405.TAS266","X.5405.uned","control"
"X-5421.LFW527 + binimetinib","X.5421.LF27.biib","treatment"
"X-5438.BGJ398","X.5438.uned","control"
"X-5438.binimetinib","X.5438.uned","control"
"X-5438.binimetinib","X.5438.biib","treatment"
"X-5438.BKM120","X.5438.uned","control"
"X-5438.BKM120","X.5438.BK20","treatment"
"X-5438.BYL719","X.5438.uned","control"
"X-5438.BYL719","X.5438.BY19","treatment"
"X-5438.BYL719 + HSP990","X.5438.uned","control"
"X-5438.BYL719 + LJM716","X.5438.uned","control"
"X-5438.BYL719 + LJM716","X.5438.BY19.LJ16","treatment"
"X-5438.CLR457","X.5438.uned","control"
"X-5438.CLR457","X.5438.CL57","treatment"
"X-5438.everolimus","X.5438.uned","control"
"X-5438.figitumumab","X.5438.uned","control"
"X-5438.HDM201","X.5438.uned","control"
"X-5438.HDM201","X.5438.HD01","treatment"
"X-5438.HSP990","X.5438.uned","control"
"X-5438.INC280","X.5438.uned","control"
"X-5438.INC280 + trastuzumab","X.5438.uned","control"
"X-5438.LEE011","X.5438.uned","control"
"X-5438.LEE011","X.5438.LE11","treatment"
"X-5438.LEE011 + everolimus","X.5438.uned","control"
"X-5438.LJM716","X.5438.uned","control"
"X-5438.LJM716 + trastuzumab","X.5438.uned","control"
"X-5438.LLM871","X.5438.uned","control"
"X-5438.trastuzumab","X.5438.uned","control"
"X-5438.5FU","X.5438.uned","control"
"X-5438.5FU","X.5438.5FFU","treatment"
"X-5438.BKM120 + LJC049","X.5438.uned","control"
"X-5438.BKM120 + LJC049","X.5438.BK20.LJ49","treatment"
"X-5438.BYL719 + binimetinib","X.5438.uned","control"
"X-5438.BYL719 + binimetinib","X.5438.BY19.biib","treatment"
"X-5438.BYL719 + cetuximab","X.5438.uned","control"
"X-5438.BYL719 + cetuximab","X.5438.BY19.ceab","treatment"
"X-5438.BYL719 + cetuximab + encorafenib","X.5438.uned","control"
"X-5438.BYL719 + cetuximab + encorafenib","X.5438.BY19.ceab.enib","treatment"
"X-5438.BYL719 + encorafenib","X.5438.uned","control"
"X-5438.BYL719 + encorafenib","X.5438.BY19.enib","treatment"
"X-5438.cetuximab","X.5438.uned","control"
"X-5438.cetuximab","X.5438.ceab","treatment"
"X-5438.cetuximab + encorafenib","X.5438.uned","control"
"X-5438.cetuximab + encorafenib","X.5438.ceab.enib","treatment"
"X-5438.CGM097","X.5438.uned","control"
"X-5438.CGM097","X.5438.CG97","treatment"
"X-5438.CKX620","X.5438.uned","control"
"X-5438.CKX620","X.5438.CK20","treatment"
"X-5438.encorafenib","X.5438.uned","control"
"X-5438.encorafenib","X.5438.enib","treatment"
"X-5438.LFW527 + binimetinib","X.5438.uned","control"
"X-5438.LFW527 + binimetinib","X.5438.LF27.biib","treatment"
"X-5438.LJC049","X.5438.uned","control"
"X-5438.LJC049","X.5438.LJ49","treatment"
"X-5438.LKA136","X.5438.uned","control"
"X-5438.LKA136","X.5438.LK36","treatment"
"X-5438.abraxane","X.5438.uned","control"
"X-5438.binimetinib-3.5mpk","X.5438.uned","control"
"X-5438.BKM120 + binimetinib","X.5438.uned","control"
"X-5438.BKM120 + LDE225","X.5438.uned","control"
"X-5438.figitumumab + binimetinib","X.5438.uned","control"
"X-5438.gemcitabine-50mpk","X.5438.uned","control"
"X-5438.INC424","X.5438.uned","control"
"X-5438.INC424 + binimetinib","X.5438.uned","control"
"X-5438.trametinib","X.5438.uned","control"
"X-5438.BYL719 + LEE011","X.5438.uned","control"
"X-5438.LFA102","X.5438.uned","control"
"X-5438.LFW527 + everolimus","X.5438.uned","control"
"X-5438.paclitaxel","X.5438.uned","control"
"X-5438.tamoxifen","X.5438.uned","control"
"X-5438.BYL719 + LGH447","X.5438.uned","control"
"X-5438.erlotinib","X.5438.uned","control"
"X-5438.LCL161 + paclitaxel","X.5438.uned","control"
"X-5438.LGH447","X.5438.uned","control"
"X-5438.WNT974","X.5438.uned","control"
"X-5438.BKM120 + encorafenib","X.5438.uned","control"
"X-5438.dacarbazine","X.5438.uned","control"
"X-5438.encorafenib + binimetinib","X.5438.uned","control"
"X-5438.LDE225","X.5438.uned","control"
"X-5438.LDK378","X.5438.uned","control"
"X-5438.LEE011 + binimetinib","X.5438.uned","control"
"X-5438.LEE011 + encorafenib","X.5438.uned","control"
"X-5438.LGW813","X.5438.uned","control"
"X-5438.TAS266","X.5438.uned","control"
"X-5446.BGJ398","X.5446.uned","control"
"X-5446.binimetinib","X.5446.uned","control"
"X-5446.binimetinib","X.5446.biib","treatment"
"X-5446.BKM120","X.5446.uned","control"
"X-5446.BKM120","X.5446.BK20","treatment"
"X-5446.BYL719","X.5446.uned","control"
"X-5446.BYL719","X.5446.BY19","treatment"
"X-5446.BYL719 + HSP990","X.5446.uned","control"
"X-5446.BYL719 + LJM716","X.5446.uned","control"
"X-5446.BYL719 + LJM716","X.5446.BY19.LJ16","treatment"
"X-5446.CLR457","X.5446.uned","control"
"X-5446.CLR457","X.5446.CL57","treatment"
"X-5446.everolimus","X.5446.uned","control"
"X-5446.figitumumab","X.5446.uned","control"
"X-5446.HDM201","X.5446.uned","control"
"X-5446.HDM201","X.5446.HD01","treatment"
"X-5446.HSP990","X.5446.uned","control"
"X-5446.INC280","X.5446.uned","control"
"X-5446.INC280 + trastuzumab","X.5446.uned","control"
"X-5446.LEE011","X.5446.uned","control"
"X-5446.LEE011","X.5446.LE11","treatment"
"X-5446.LEE011 + everolimus","X.5446.uned","control"
"X-5446.LJM716","X.5446.uned","control"
"X-5446.LJM716 + trastuzumab","X.5446.uned","control"
"X-5446.LLM871","X.5446.uned","control"
"X-5446.trastuzumab","X.5446.uned","control"
"X-5446.5FU","X.5446.uned","control"
"X-5446.5FU","X.5446.5FFU","treatment"
"X-5446.BKM120 + LJC049","X.5446.uned","control"
"X-5446.BKM120 + LJC049","X.5446.BK20.LJ49","treatment"
"X-5446.BYL719 + binimetinib","X.5446.uned","control"
"X-5446.BYL719 + binimetinib","X.5446.BY19.biib","treatment"
"X-5446.BYL719 + cetuximab","X.5446.uned","control"
"X-5446.BYL719 + cetuximab","X.5446.BY19.ceab","treatment"
"X-5446.BYL719 + cetuximab + encorafenib","X.5446.uned","control"
"X-5446.BYL719 + cetuximab + encorafenib","X.5446.BY19.ceab.enib","treatment"
"X-5446.BYL719 + encorafenib","X.5446.uned","control"
"X-5446.BYL719 + encorafenib","X.5446.BY19.enib","treatment"
"X-5446.cetuximab","X.5446.uned","control"
"X-5446.cetuximab","X.5446.ceab","treatment"
"X-5446.cetuximab + encorafenib","X.5446.uned","control"
"X-5446.cetuximab + encorafenib","X.5446.ceab.enib","treatment"
"X-5446.CGM097","X.5446.uned","control"
"X-5446.CGM097","X.5446.CG97","treatment"
"X-5446.CKX620","X.5446.uned","control"
"X-5446.CKX620","X.5446.CK20","treatment"
"X-5446.encorafenib","X.5446.uned","control"
"X-5446.encorafenib","X.5446.enib","treatment"
"X-5446.LFW527 + binimetinib","X.5446.uned","control"
"X-5446.LFW527 + binimetinib","X.5446.LF27.biib","treatment"
"X-5446.LJC049","X.5446.uned","control"
"X-5446.LJC049","X.5446.LJ49","treatment"
"X-5446.LKA136","X.5446.uned","control"
"X-5446.LKA136","X.5446.LK36","treatment"
"X-5446.abraxane","X.5446.uned","control"
"X-5446.binimetinib-3.5mpk","X.5446.uned","control"
"X-5446.BKM120 + binimetinib","X.5446.uned","control"
"X-5446.BKM120 + LDE225","X.5446.uned","control"
"X-5446.figitumumab + binimetinib","X.5446.uned","control"
"X-5446.gemcitabine-50mpk","X.5446.uned","control"
"X-5446.INC424","X.5446.uned","control"
"X-5446.INC424 + binimetinib","X.5446.uned","control"
"X-5446.trametinib","X.5446.uned","control"
"X-5446.BYL719 + LEE011","X.5446.uned","control"
"X-5446.LFA102","X.5446.uned","control"
"X-5446.LFW527 + everolimus","X.5446.uned","control"
"X-5446.paclitaxel","X.5446.uned","control"
"X-5446.tamoxifen","X.5446.uned","control"
"X-5446.BYL719 + LGH447","X.5446.uned","control"
"X-5446.erlotinib","X.5446.uned","control"
"X-5446.LCL161 + paclitaxel","X.5446.uned","control"
"X-5446.LGH447","X.5446.uned","control"
"X-5446.WNT974","X.5446.uned","control"
"X-5446.BKM120 + encorafenib","X.5446.uned","control"
"X-5446.dacarbazine","X.5446.uned","control"
"X-5446.encorafenib + binimetinib","X.5446.uned","control"
"X-5446.LDE225","X.5446.uned","control"
"X-5446.LDK378","X.5446.uned","control"
"X-5446.LEE011 + binimetinib","X.5446.uned","control"
"X-5446.LEE011 + encorafenib","X.5446.uned","control"
"X-5446.LGW813","X.5446.uned","control"
"X-5446.TAS266","X.5446.uned","control"
"X-5494.BGJ398","X.5494.uned","control"
"X-5494.binimetinib","X.5494.uned","control"
"X-5494.binimetinib","X.5494.biib","treatment"
"X-5494.BKM120","X.5494.uned","control"
"X-5494.BKM120","X.5494.BK20","treatment"
"X-5494.BYL719","X.5494.uned","control"
"X-5494.BYL719","X.5494.BY19","treatment"
"X-5494.BYL719 + HSP990","X.5494.uned","control"
"X-5494.BYL719 + LJM716","X.5494.uned","control"
"X-5494.BYL719 + LJM716","X.5494.BY19.LJ16","treatment"
"X-5494.CLR457","X.5494.uned","control"
"X-5494.CLR457","X.5494.CL57","treatment"
"X-5494.everolimus","X.5494.uned","control"
"X-5494.figitumumab","X.5494.uned","control"
"X-5494.HDM201","X.5494.uned","control"
"X-5494.HDM201","X.5494.HD01","treatment"
"X-5494.HSP990","X.5494.uned","control"
"X-5494.INC280","X.5494.uned","control"
"X-5494.INC280 + trastuzumab","X.5494.uned","control"
"X-5494.LEE011","X.5494.uned","control"
"X-5494.LEE011","X.5494.LE11","treatment"
"X-5494.LEE011 + everolimus","X.5494.uned","control"
"X-5494.LJM716","X.5494.uned","control"
"X-5494.LJM716 + trastuzumab","X.5494.uned","control"
"X-5494.LLM871","X.5494.uned","control"
"X-5494.trastuzumab","X.5494.uned","control"
"X-5494.5FU","X.5494.uned","control"
"X-5494.5FU","X.5494.5FFU","treatment"
"X-5494.BKM120 + LJC049","X.5494.uned","control"
"X-5494.BKM120 + LJC049","X.5494.BK20.LJ49","treatment"
"X-5494.BYL719 + binimetinib","X.5494.uned","control"
"X-5494.BYL719 + binimetinib","X.5494.BY19.biib","treatment"
"X-5494.BYL719 + cetuximab","X.5494.uned","control"
"X-5494.BYL719 + cetuximab + encorafenib","X.5494.uned","control"
"X-5494.BYL719 + cetuximab + encorafenib","X.5494.BY19.ceab.enib","treatment"
"X-5494.BYL719 + encorafenib","X.5494.uned","control"
"X-5494.BYL719 + encorafenib","X.5494.BY19.enib","treatment"
"X-5494.cetuximab","X.5494.uned","control"
"X-5494.cetuximab + encorafenib","X.5494.uned","control"
"X-5494.cetuximab + encorafenib","X.5494.ceab.enib","treatment"
"X-5494.CGM097","X.5494.uned","control"
"X-5494.CGM097","X.5494.CG97","treatment"
"X-5494.CKX620","X.5494.uned","control"
"X-5494.CKX620","X.5494.CK20","treatment"
"X-5494.encorafenib","X.5494.uned","control"
"X-5494.encorafenib","X.5494.enib","treatment"
"X-5494.LFW527 + binimetinib","X.5494.uned","control"
"X-5494.LJC049","X.5494.uned","control"
"X-5494.LJC049","X.5494.LJ49","treatment"
"X-5494.LKA136","X.5494.uned","control"
"X-5494.LKA136","X.5494.LK36","treatment"
"X-5494.abraxane","X.5494.uned","control"
"X-5494.binimetinib-3.5mpk","X.5494.uned","control"
"X-5494.BKM120 + binimetinib","X.5494.uned","control"
"X-5494.BKM120 + LDE225","X.5494.uned","control"
"X-5494.figitumumab + binimetinib","X.5494.uned","control"
"X-5494.gemcitabine-50mpk","X.5494.uned","control"
"X-5494.INC424","X.5494.uned","control"
"X-5494.INC424 + binimetinib","X.5494.uned","control"
"X-5494.trametinib","X.5494.uned","control"
"X-5494.BYL719 + LEE011","X.5494.uned","control"
"X-5494.LFA102","X.5494.uned","control"
"X-5494.LFW527 + everolimus","X.5494.uned","control"
"X-5494.paclitaxel","X.5494.uned","control"
"X-5494.tamoxifen","X.5494.uned","control"
"X-5494.BYL719 + LGH447","X.5494.uned","control"
"X-5494.erlotinib","X.5494.uned","control"
"X-5494.LCL161 + paclitaxel","X.5494.uned","control"
"X-5494.LGH447","X.5494.uned","control"
"X-5494.WNT974","X.5494.uned","control"
"X-5494.BKM120 + encorafenib","X.5494.uned","control"
"X-5494.dacarbazine","X.5494.uned","control"
"X-5494.encorafenib + binimetinib","X.5494.uned","control"
"X-5494.LDE225","X.5494.uned","control"
"X-5494.LDK378","X.5494.uned","control"
"X-5494.LEE011 + binimetinib","X.5494.uned","control"
"X-5494.LEE011 + encorafenib","X.5494.uned","control"
"X-5494.LGW813","X.5494.uned","control"
"X-5494.TAS266","X.5494.uned","control"
"X-5495.BGJ398","X.5495.uned","control"
"X-5495.binimetinib","X.5495.uned","control"
"X-5495.binimetinib","X.5495.biib","treatment"
"X-5495.BKM120","X.5495.uned","control"
"X-5495.BKM120","X.5495.BK20","treatment"
"X-5495.BYL719","X.5495.uned","control"
"X-5495.BYL719","X.5495.BY19","treatment"
"X-5495.BYL719 + HSP990","X.5495.uned","control"
"X-5495.BYL719 + LJM716","X.5495.uned","control"
"X-5495.BYL719 + LJM716","X.5495.BY19.LJ16","treatment"
"X-5495.CLR457","X.5495.uned","control"
"X-5495.CLR457","X.5495.CL57","treatment"
"X-5495.everolimus","X.5495.uned","control"
"X-5495.figitumumab","X.5495.uned","control"
"X-5495.HDM201","X.5495.uned","control"
"X-5495.HDM201","X.5495.HD01","treatment"
"X-5495.HSP990","X.5495.uned","control"
"X-5495.INC280","X.5495.uned","control"
"X-5495.INC280 + trastuzumab","X.5495.uned","control"
"X-5495.LEE011","X.5495.uned","control"
"X-5495.LEE011","X.5495.LE11","treatment"
"X-5495.LEE011 + everolimus","X.5495.uned","control"
"X-5495.LJM716","X.5495.uned","control"
"X-5495.LJM716 + trastuzumab","X.5495.uned","control"
"X-5495.LLM871","X.5495.uned","control"
"X-5495.trastuzumab","X.5495.uned","control"
"X-5495.5FU","X.5495.uned","control"
"X-5495.5FU","X.5495.5FFU","treatment"
"X-5495.BKM120 + LJC049","X.5495.uned","control"
"X-5495.BKM120 + LJC049","X.5495.BK20.LJ49","treatment"
"X-5495.BYL719 + binimetinib","X.5495.uned","control"
"X-5495.BYL719 + binimetinib","X.5495.BY19.biib","treatment"
"X-5495.BYL719 + cetuximab","X.5495.uned","control"
"X-5495.BYL719 + cetuximab","X.5495.BY19.ceab","treatment"
"X-5495.BYL719 + cetuximab + encorafenib","X.5495.uned","control"
"X-5495.BYL719 + cetuximab + encorafenib","X.5495.BY19.ceab.enib","treatment"
"X-5495.BYL719 + encorafenib","X.5495.uned","control"
"X-5495.BYL719 + encorafenib","X.5495.BY19.enib","treatment"
"X-5495.cetuximab","X.5495.uned","control"
"X-5495.cetuximab","X.5495.ceab","treatment"
"X-5495.cetuximab + encorafenib","X.5495.uned","control"
"X-5495.cetuximab + encorafenib","X.5495.ceab.enib","treatment"
"X-5495.CGM097","X.5495.uned","control"
"X-5495.CGM097","X.5495.CG97","treatment"
"X-5495.CKX620","X.5495.uned","control"
"X-5495.CKX620","X.5495.CK20","treatment"
"X-5495.encorafenib","X.5495.uned","control"
"X-5495.encorafenib","X.5495.enib","treatment"
"X-5495.LFW527 + binimetinib","X.5495.uned","control"
"X-5495.LFW527 + binimetinib","X.5495.LF27.biib","treatment"
"X-5495.LJC049","X.5495.uned","control"
"X-5495.LJC049","X.5495.LJ49","treatment"
"X-5495.LKA136","X.5495.uned","control"
"X-5495.LKA136","X.5495.LK36","treatment"
"X-5495.abraxane","X.5495.uned","control"
"X-5495.binimetinib-3.5mpk","X.5495.uned","control"
"X-5495.BKM120 + binimetinib","X.5495.uned","control"
"X-5495.BKM120 + LDE225","X.5495.uned","control"
"X-5495.figitumumab + binimetinib","X.5495.uned","control"
"X-5495.gemcitabine-50mpk","X.5495.uned","control"
"X-5495.INC424","X.5495.uned","control"
"X-5495.INC424 + binimetinib","X.5495.uned","control"
"X-5495.trametinib","X.5495.uned","control"
"X-5495.BYL719 + LEE011","X.5495.uned","control"
"X-5495.LFA102","X.5495.uned","control"
"X-5495.LFW527 + everolimus","X.5495.uned","control"
"X-5495.paclitaxel","X.5495.uned","control"
"X-5495.tamoxifen","X.5495.uned","control"
"X-5495.BYL719 + LGH447","X.5495.uned","control"
"X-5495.erlotinib","X.5495.uned","control"
"X-5495.LCL161 + paclitaxel","X.5495.uned","control"
"X-5495.LGH447","X.5495.uned","control"
"X-5495.WNT974","X.5495.uned","control"
"X-5495.BKM120 + encorafenib","X.5495.uned","control"
"X-5495.dacarbazine","X.5495.uned","control"
"X-5495.encorafenib + binimetinib","X.5495.uned","control"
"X-5495.LDE225","X.5495.uned","control"
"X-5495.LDK378","X.5495.uned","control"
"X-5495.LEE011 + binimetinib","X.5495.uned","control"
"X-5495.LEE011 + encorafenib","X.5495.uned","control"
"X-5495.LGW813","X.5495.uned","control"
"X-5495.TAS266","X.5495.uned","control"
"X-5502.BGJ398","X.5502.uned","control"
"X-5502.BGJ398","X.5502.BG98","treatment"
"X-5502.binimetinib","X.5502.uned","control"
"X-5502.binimetinib","X.5502.biib","treatment"
"X-5502.BKM120","X.5502.uned","control"
"X-5502.BKM120","X.5502.BK20","treatment"
"X-5502.BYL719","X.5502.uned","control"
"X-5502.BYL719","X.5502.BY19","treatment"
"X-5502.BYL719 + HSP990","X.5502.uned","control"
"X-5502.BYL719 + LJM716","X.5502.uned","control"
"X-5502.BYL719 + LJM716","X.5502.BY19.LJ16","treatment"
"X-5502.CLR457","X.5502.uned","control"
"X-5502.CLR457","X.5502.CL57","treatment"
"X-5502.everolimus","X.5502.uned","control"
"X-5502.figitumumab","X.5502.uned","control"
"X-5502.HDM201","X.5502.uned","control"
"X-5502.HDM201","X.5502.HD01","treatment"
"X-5502.HSP990","X.5502.uned","control"
"X-5502.INC280","X.5502.uned","control"
"X-5502.INC280 + trastuzumab","X.5502.uned","control"
"X-5502.LEE011","X.5502.uned","control"
"X-5502.LEE011","X.5502.LE11","treatment"
"X-5502.LEE011 + everolimus","X.5502.uned","control"
"X-5502.LEE011 + everolimus","X.5502.LE11.evus","treatment"
"X-5502.LJM716","X.5502.uned","control"
"X-5502.LJM716","X.5502.LJ16","treatment"
"X-5502.LJM716 + trastuzumab","X.5502.uned","control"
"X-5502.LJM716 + trastuzumab","X.5502.LJ16.trab","treatment"
"X-5502.LLM871","X.5502.uned","control"
"X-5502.LLM871","X.5502.LL71","treatment"
"X-5502.trastuzumab","X.5502.uned","control"
"X-5502.trastuzumab","X.5502.trab","treatment"
"X-5502.5FU","X.5502.uned","control"
"X-5502.BKM120 + LJC049","X.5502.uned","control"
"X-5502.BYL719 + binimetinib","X.5502.uned","control"
"X-5502.BYL719 + cetuximab","X.5502.uned","control"
"X-5502.BYL719 + cetuximab + encorafenib","X.5502.uned","control"
"X-5502.BYL719 + encorafenib","X.5502.uned","control"
"X-5502.cetuximab","X.5502.uned","control"
"X-5502.cetuximab + encorafenib","X.5502.uned","control"
"X-5502.CGM097","X.5502.uned","control"
"X-5502.CGM097","X.5502.CG97","treatment"
"X-5502.CKX620","X.5502.uned","control"
"X-5502.encorafenib","X.5502.uned","control"
"X-5502.LFW527 + binimetinib","X.5502.uned","control"
"X-5502.LJC049","X.5502.uned","control"
"X-5502.LKA136","X.5502.uned","control"
"X-5502.LKA136","X.5502.LK36","treatment"
"X-5502.abraxane","X.5502.uned","control"
"X-5502.binimetinib-3.5mpk","X.5502.uned","control"
"X-5502.BKM120 + binimetinib","X.5502.uned","control"
"X-5502.BKM120 + LDE225","X.5502.uned","control"
"X-5502.figitumumab + binimetinib","X.5502.uned","control"
"X-5502.gemcitabine-50mpk","X.5502.uned","control"
"X-5502.INC424","X.5502.uned","control"
"X-5502.INC424","X.5502.IN24","treatment"
"X-5502.INC424 + binimetinib","X.5502.uned","control"
"X-5502.trametinib","X.5502.uned","control"
"X-5502.BYL719 + LEE011","X.5502.uned","control"
"X-5502.BYL719 + LEE011","X.5502.BY19.LE11","treatment"
"X-5502.LFA102","X.5502.uned","control"
"X-5502.LFA102","X.5502.LF02","treatment"
"X-5502.LFW527 + everolimus","X.5502.uned","control"
"X-5502.LFW527 + everolimus","X.5502.LF27.evus","treatment"
"X-5502.paclitaxel","X.5502.uned","control"
"X-5502.paclitaxel","X.5502.pael","treatment"
"X-5502.tamoxifen","X.5502.uned","control"
"X-5502.tamoxifen","X.5502.taen","treatment"
"X-5502.BYL719 + LGH447","X.5502.uned","control"
"X-5502.erlotinib","X.5502.uned","control"
"X-5502.LCL161 + paclitaxel","X.5502.uned","control"
"X-5502.LGH447","X.5502.uned","control"
"X-5502.WNT974","X.5502.uned","control"
"X-5502.BKM120 + encorafenib","X.5502.uned","control"
"X-5502.dacarbazine","X.5502.uned","control"
"X-5502.encorafenib + binimetinib","X.5502.uned","control"
"X-5502.LDE225","X.5502.uned","control"
"X-5502.LDK378","X.5502.uned","control"
"X-5502.LEE011 + binimetinib","X.5502.uned","control"
"X-5502.LEE011 + encorafenib","X.5502.uned","control"
"X-5502.LGW813","X.5502.uned","control"
"X-5502.TAS266","X.5502.uned","control"
"X-5536.LFW527 + binimetinib","X.5536.LF27.biib","treatment"
"X-5541.LFW527 + everolimus","X.5541.LF27.evus","treatment"
"X-5578.BGJ398","X.5578.uned","control"
"X-5578.binimetinib","X.5578.uned","control"
"X-5578.binimetinib","X.5578.biib","treatment"
"X-5578.BKM120","X.5578.uned","control"
"X-5578.BKM120","X.5578.BK20","treatment"
"X-5578.BYL719","X.5578.uned","control"
"X-5578.BYL719","X.5578.BY19","treatment"
"X-5578.BYL719 + HSP990","X.5578.uned","control"
"X-5578.BYL719 + LJM716","X.5578.uned","control"
"X-5578.BYL719 + LJM716","X.5578.BY19.LJ16","treatment"
"X-5578.CLR457","X.5578.uned","control"
"X-5578.CLR457","X.5578.CL57","treatment"
"X-5578.everolimus","X.5578.uned","control"
"X-5578.figitumumab","X.5578.uned","control"
"X-5578.HDM201","X.5578.uned","control"
"X-5578.HDM201","X.5578.HD01","treatment"
"X-5578.HSP990","X.5578.uned","control"
"X-5578.INC280","X.5578.uned","control"
"X-5578.INC280 + trastuzumab","X.5578.uned","control"
"X-5578.LEE011","X.5578.uned","control"
"X-5578.LEE011","X.5578.LE11","treatment"
"X-5578.LEE011 + everolimus","X.5578.uned","control"
"X-5578.LJM716","X.5578.uned","control"
"X-5578.LJM716 + trastuzumab","X.5578.uned","control"
"X-5578.LLM871","X.5578.uned","control"
"X-5578.trastuzumab","X.5578.uned","control"
"X-5578.5FU","X.5578.uned","control"
"X-5578.5FU","X.5578.5FFU","treatment"
"X-5578.BKM120 + LJC049","X.5578.uned","control"
"X-5578.BKM120 + LJC049","X.5578.BK20.LJ49","treatment"
"X-5578.BYL719 + binimetinib","X.5578.uned","control"
"X-5578.BYL719 + binimetinib","X.5578.BY19.biib","treatment"
"X-5578.BYL719 + cetuximab","X.5578.uned","control"
"X-5578.BYL719 + cetuximab","X.5578.BY19.ceab","treatment"
"X-5578.BYL719 + cetuximab + encorafenib","X.5578.uned","control"
"X-5578.BYL719 + cetuximab + encorafenib","X.5578.BY19.ceab.enib","treatment"
"X-5578.BYL719 + encorafenib","X.5578.uned","control"
"X-5578.BYL719 + encorafenib","X.5578.BY19.enib","treatment"
"X-5578.cetuximab","X.5578.uned","control"
"X-5578.cetuximab","X.5578.ceab","treatment"
"X-5578.cetuximab + encorafenib","X.5578.uned","control"
"X-5578.cetuximab + encorafenib","X.5578.ceab.enib","treatment"
"X-5578.CGM097","X.5578.uned","control"
"X-5578.CGM097","X.5578.CG97","treatment"
"X-5578.CKX620","X.5578.uned","control"
"X-5578.CKX620","X.5578.CK20","treatment"
"X-5578.encorafenib","X.5578.uned","control"
"X-5578.encorafenib","X.5578.enib","treatment"
"X-5578.LFW527 + binimetinib","X.5578.uned","control"
"X-5578.LJC049","X.5578.uned","control"
"X-5578.LJC049","X.5578.LJ49","treatment"
"X-5578.LKA136","X.5578.uned","control"
"X-5578.LKA136","X.5578.LK36","treatment"
"X-5578.abraxane","X.5578.uned","control"
"X-5578.binimetinib-3.5mpk","X.5578.uned","control"
"X-5578.BKM120 + binimetinib","X.5578.uned","control"
"X-5578.BKM120 + LDE225","X.5578.uned","control"
"X-5578.figitumumab + binimetinib","X.5578.uned","control"
"X-5578.gemcitabine-50mpk","X.5578.uned","control"
"X-5578.INC424","X.5578.uned","control"
"X-5578.INC424 + binimetinib","X.5578.uned","control"
"X-5578.trametinib","X.5578.uned","control"
"X-5578.BYL719 + LEE011","X.5578.uned","control"
"X-5578.LFA102","X.5578.uned","control"
"X-5578.LFW527 + everolimus","X.5578.uned","control"
"X-5578.paclitaxel","X.5578.uned","control"
"X-5578.tamoxifen","X.5578.uned","control"
"X-5578.BYL719 + LGH447","X.5578.uned","control"
"X-5578.erlotinib","X.5578.uned","control"
"X-5578.LCL161 + paclitaxel","X.5578.uned","control"
"X-5578.LGH447","X.5578.uned","control"
"X-5578.WNT974","X.5578.uned","control"
"X-5578.BKM120 + encorafenib","X.5578.uned","control"
"X-5578.dacarbazine","X.5578.uned","control"
"X-5578.encorafenib + binimetinib","X.5578.uned","control"
"X-5578.LDE225","X.5578.uned","control"
"X-5578.LDK378","X.5578.uned","control"
"X-5578.LEE011 + binimetinib","X.5578.uned","control"
"X-5578.LEE011 + encorafenib","X.5578.uned","control"
"X-5578.LGW813","X.5578.uned","control"
"X-5578.TAS266","X.5578.uned","control"
"X-5975.BGJ398","X.5975.uned","control"
"X-5975.BGJ398","X.5975.BG98","treatment"
"X-5975.binimetinib","X.5975.uned","control"
"X-5975.binimetinib","X.5975.biib","treatment"
"X-5975.BKM120","X.5975.uned","control"
"X-5975.BKM120","X.5975.BK20","treatment"
"X-5975.BYL719","X.5975.uned","control"
"X-5975.BYL719","X.5975.BY19","treatment"
"X-5975.BYL719 + HSP990","X.5975.uned","control"
"X-5975.BYL719 + LJM716","X.5975.uned","control"
"X-5975.BYL719 + LJM716","X.5975.BY19.LJ16","treatment"
"X-5975.CLR457","X.5975.uned","control"
"X-5975.CLR457","X.5975.CL57","treatment"
"X-5975.everolimus","X.5975.uned","control"
"X-5975.figitumumab","X.5975.uned","control"
"X-5975.HDM201","X.5975.uned","control"
"X-5975.HDM201","X.5975.HD01","treatment"
"X-5975.HSP990","X.5975.uned","control"
"X-5975.INC280","X.5975.uned","control"
"X-5975.INC280 + trastuzumab","X.5975.uned","control"
"X-5975.LEE011","X.5975.uned","control"
"X-5975.LEE011","X.5975.LE11","treatment"
"X-5975.LEE011 + everolimus","X.5975.uned","control"
"X-5975.LEE011 + everolimus","X.5975.LE11.evus","treatment"
"X-5975.LJM716","X.5975.uned","control"
"X-5975.LJM716","X.5975.LJ16","treatment"
"X-5975.LJM716 + trastuzumab","X.5975.uned","control"
"X-5975.LLM871","X.5975.uned","control"
"X-5975.LLM871","X.5975.LL71","treatment"
"X-5975.trastuzumab","X.5975.uned","control"
"X-5975.5FU","X.5975.uned","control"
"X-5975.BKM120 + LJC049","X.5975.uned","control"
"X-5975.BYL719 + binimetinib","X.5975.uned","control"
"X-5975.BYL719 + cetuximab","X.5975.uned","control"
"X-5975.BYL719 + cetuximab + encorafenib","X.5975.uned","control"
"X-5975.BYL719 + encorafenib","X.5975.uned","control"
"X-5975.cetuximab","X.5975.uned","control"
"X-5975.cetuximab + encorafenib","X.5975.uned","control"
"X-5975.CGM097","X.5975.uned","control"
"X-5975.CGM097","X.5975.CG97","treatment"
"X-5975.CKX620","X.5975.uned","control"
"X-5975.encorafenib","X.5975.uned","control"
"X-5975.LFW527 + binimetinib","X.5975.uned","control"
"X-5975.LJC049","X.5975.uned","control"
"X-5975.LKA136","X.5975.uned","control"
"X-5975.LKA136","X.5975.LK36","treatment"
"X-5975.abraxane","X.5975.uned","control"
"X-5975.binimetinib-3.5mpk","X.5975.uned","control"
"X-5975.BKM120 + binimetinib","X.5975.uned","control"
"X-5975.BKM120 + LDE225","X.5975.uned","control"
"X-5975.figitumumab + binimetinib","X.5975.uned","control"
"X-5975.gemcitabine-50mpk","X.5975.uned","control"
"X-5975.INC424","X.5975.uned","control"
"X-5975.INC424","X.5975.IN24","treatment"
"X-5975.INC424 + binimetinib","X.5975.uned","control"
"X-5975.trametinib","X.5975.uned","control"
"X-5975.BYL719 + LEE011","X.5975.uned","control"
"X-5975.BYL719 + LEE011","X.5975.BY19.LE11","treatment"
"X-5975.LFA102","X.5975.uned","control"
"X-5975.LFA102","X.5975.LF02","treatment"
"X-5975.LFW527 + everolimus","X.5975.uned","control"
"X-5975.paclitaxel","X.5975.uned","control"
"X-5975.paclitaxel","X.5975.pael","treatment"
"X-5975.tamoxifen","X.5975.uned","control"
"X-5975.tamoxifen","X.5975.taen","treatment"
"X-5975.BYL719 + LGH447","X.5975.uned","control"
"X-5975.erlotinib","X.5975.uned","control"
"X-5975.LCL161 + paclitaxel","X.5975.uned","control"
"X-5975.LGH447","X.5975.uned","control"
"X-5975.WNT974","X.5975.uned","control"
"X-5975.BKM120 + encorafenib","X.5975.uned","control"
"X-5975.dacarbazine","X.5975.uned","control"
"X-5975.encorafenib + binimetinib","X.5975.uned","control"
"X-5975.LDE225","X.5975.uned","control"
"X-5975.LDK378","X.5975.uned","control"
"X-5975.LEE011 + binimetinib","X.5975.uned","control"
"X-5975.LEE011 + encorafenib","X.5975.uned","control"
"X-5975.LGW813","X.5975.uned","control"
"X-5975.TAS266","X.5975.uned","control"
"X-6047.BGJ398","X.6047.uned","control"
"X-6047.BGJ398","X.6047.BG98","treatment"
"X-6047.binimetinib","X.6047.uned","control"
"X-6047.binimetinib","X.6047.biib","treatment"
"X-6047.BKM120","X.6047.uned","control"
"X-6047.BKM120","X.6047.BK20","treatment"
"X-6047.BYL719","X.6047.uned","control"
"X-6047.BYL719","X.6047.BY19","treatment"
"X-6047.BYL719 + HSP990","X.6047.uned","control"
"X-6047.BYL719 + LJM716","X.6047.uned","control"
"X-6047.BYL719 + LJM716","X.6047.BY19.LJ16","treatment"
"X-6047.CLR457","X.6047.uned","control"
"X-6047.CLR457","X.6047.CL57","treatment"
"X-6047.everolimus","X.6047.uned","control"
"X-6047.figitumumab","X.6047.uned","control"
"X-6047.HDM201","X.6047.uned","control"
"X-6047.HDM201","X.6047.HD01","treatment"
"X-6047.HSP990","X.6047.uned","control"
"X-6047.INC280","X.6047.uned","control"
"X-6047.INC280 + trastuzumab","X.6047.uned","control"
"X-6047.LEE011","X.6047.uned","control"
"X-6047.LEE011","X.6047.LE11","treatment"
"X-6047.LEE011 + everolimus","X.6047.uned","control"
"X-6047.LEE011 + everolimus","X.6047.LE11.evus","treatment"
"X-6047.LJM716","X.6047.uned","control"
"X-6047.LJM716","X.6047.LJ16","treatment"
"X-6047.LJM716 + trastuzumab","X.6047.uned","control"
"X-6047.LJM716 + trastuzumab","X.6047.LJ16.trab","treatment"
"X-6047.LLM871","X.6047.uned","control"
"X-6047.LLM871","X.6047.LL71","treatment"
"X-6047.trastuzumab","X.6047.uned","control"
"X-6047.trastuzumab","X.6047.trab","treatment"
"X-6047.5FU","X.6047.uned","control"
"X-6047.BKM120 + LJC049","X.6047.uned","control"
"X-6047.BYL719 + binimetinib","X.6047.uned","control"
"X-6047.BYL719 + cetuximab","X.6047.uned","control"
"X-6047.BYL719 + cetuximab + encorafenib","X.6047.uned","control"
"X-6047.BYL719 + encorafenib","X.6047.uned","control"
"X-6047.cetuximab","X.6047.uned","control"
"X-6047.cetuximab + encorafenib","X.6047.uned","control"
"X-6047.CGM097","X.6047.uned","control"
"X-6047.CGM097","X.6047.CG97","treatment"
"X-6047.CKX620","X.6047.uned","control"
"X-6047.encorafenib","X.6047.uned","control"
"X-6047.LFW527 + binimetinib","X.6047.uned","control"
"X-6047.LJC049","X.6047.uned","control"
"X-6047.LKA136","X.6047.uned","control"
"X-6047.LKA136","X.6047.LK36","treatment"
"X-6047.abraxane","X.6047.uned","control"
"X-6047.binimetinib-3.5mpk","X.6047.uned","control"
"X-6047.BKM120 + binimetinib","X.6047.uned","control"
"X-6047.BKM120 + LDE225","X.6047.uned","control"
"X-6047.figitumumab + binimetinib","X.6047.uned","control"
"X-6047.gemcitabine-50mpk","X.6047.uned","control"
"X-6047.INC424","X.6047.uned","control"
"X-6047.INC424","X.6047.IN24","treatment"
"X-6047.INC424 + binimetinib","X.6047.uned","control"
"X-6047.trametinib","X.6047.uned","control"
"X-6047.BYL719 + LEE011","X.6047.uned","control"
"X-6047.BYL719 + LEE011","X.6047.BY19.LE11","treatment"
"X-6047.LFA102","X.6047.uned","control"
"X-6047.LFA102","X.6047.LF02","treatment"
"X-6047.LFW527 + everolimus","X.6047.uned","control"
"X-6047.paclitaxel","X.6047.uned","control"
"X-6047.paclitaxel","X.6047.pael","treatment"
"X-6047.tamoxifen","X.6047.uned","control"
"X-6047.tamoxifen","X.6047.taen","treatment"
"X-6047.BYL719 + LGH447","X.6047.uned","control"
"X-6047.erlotinib","X.6047.uned","control"
"X-6047.LCL161 + paclitaxel","X.6047.uned","control"
"X-6047.LGH447","X.6047.uned","control"
"X-6047.WNT974","X.6047.uned","control"
"X-6047.BKM120 + encorafenib","X.6047.uned","control"
"X-6047.dacarbazine","X.6047.uned","control"
"X-6047.encorafenib + binimetinib","X.6047.uned","control"
"X-6047.LDE225","X.6047.uned","control"
"X-6047.LDK378","X.6047.uned","control"
"X-6047.LEE011 + binimetinib","X.6047.uned","control"
"X-6047.LEE011 + encorafenib","X.6047.uned","control"
"X-6047.LGW813","X.6047.uned","control"
"X-6047.TAS266","X.6047.uned","control"
