"Gene","ranking_statistic","unadjusted_p_value"
"A2M",0.929572901261598,0.364508945535322
"NAT1",1.50933526305428,0.148025674969903
"SERPINA3",0.21559298280567,0.831653246909972
"AADAC",-0.615920142373774,0.545416891256547
"AAMP",0.723334977374859,0.478479258970902
"ABAT",1.63260191742505,0.119379187299838
"ABCA1",-0.0745648066497353,0.941357657425132
"ABCA2",-0.775742146648641,0.447660205733208
"ABCA3",0.758981398026987,0.457381810945536
"ABCB7",-1.69761166187408,0.106261980742907
"ABCF1",0.972148008295085,0.343459623173533
"ABCA4",0.92978561645009,0.36440164999005
"ABL1",-0.52684529995228,0.604532682906128
"AOC1",0.425375722148009,0.67544731759014
"ABL2",-0.744533873945823,0.465863831936989
"ABO",1.10907457170937,0.281542866497851
"ABR",0.329030901996023,0.745810959171122
"ACAA1",2.18455465365026,0.0419508633294035
"ACACA",-0.271199192205903,0.789226950563121
"ACACB",0.649423491342336,0.524009897036473
"ACADL",0.439223931808525,0.665563126875216
"ACADM",-0.270663995407955,0.789632319846875
"ACADS",1.56378388392327,0.134734951941188
"ACADSB",-0.784413546594697,0.442680853687423
"ACADVL",-0.586569735857258,0.564549710191753
"ACAT1",-0.847084061070437,0.407723827306291
"ACAT2",-0.319829797591439,0.752664614196438
"ASIC1",0.426316610499626,0.6747738087793
"ACHE",2.7487420305184,0.0129444915262099
"ACLY",-0.958940420861149,0.349897901768154
"ACO1",-1.00031198524696,0.330005581214018
"ACO2",-1.23163708863697,0.23344094832764
"ACOX1",1.59445393944524,0.127697901129237
"ACP1",0.0221849369146092,0.982536875045636
"ACP2",1.542632734792,0.1397746364676
"ACP5",-0.492863503979336,0.627881222498017
"ACTA1",0.610232237665819,0.54909735578436
"ACTA2",-0.331802830438389,0.743750454271335
"ACTB",0.412110663905808,0.684972459146945
"ACTG1",0.628403028349347,0.537386298255699
"ACTG2",0.0577412458802632,0.954570995928542
"ACTN4",-0.675714677906659,0.507542801944608
"ACTL6A",-1.40328772411396,0.177017078187552
"ACTN1",-0.883649946715494,0.38817261933284
"ACVR1",-0.056610488543158,0.955459629454885
"ACVR1B",0.743460863935139,0.466497540571839
"ACVR2A",0.691350733247638,0.497890417765925
"ACVR2B",0.154690035623817,0.878733126212802
"ACVRL1",-1.07360923091074,0.296739429908805
"ACY1",0.474302408955088,0.64080892792994
"ACYP1",-1.11170346937341,0.280439552079298
"ACYP2",0.110279544289193,0.913369744832969
"ADA",-1.0760252137135,0.295685690901493
"ADAM8",0.347522104135442,0.732103536128119
"ADAM10",-1.30686844336639,0.207196651928405
"ADAR",0.566788009054337,0.577639547752976
"ADARB1",0.292211538285211,0.773361683363633
"ADCY1",1.47306228575301,0.157468018132479
"ADCY3",-0.872822333623052,0.393896637796167
"ADCY6",0.645442832631613,0.526528750749124
"ADCY7",-1.39554386702731,0.179302665672575
"ADCY9",0.422979219547759,0.677164057396191
"ADD1",-0.177829467838742,0.860780688312514
"ADD3",1.42928881420252,0.16951433320262
"PLIN2",0.462422221277956,0.649146115048918
"ADH1C",-0.101379931739027,0.920334547241458
"ADH4",0.512716464359288,0.614189333382889
"ADH5",-3.27569511987908,0.00406590129943831
"ADH6",0.201096421780666,0.842807515996584
"ADH7",-1.29349282744983,0.211685960822938
"ADK",-0.728797339232917,0.475209410209513
"ADM",-0.786010763762695,0.441767439725132
"ADORA1",-0.139559043410569,0.890509570015809
"ADORA2A",-0.107636793302959,0.915437226348157
"ADORA2B",-0.904941373215819,0.377077737029203
"ADPRH",2.11327709378921,0.0483411302559548
"PARP1",0.00750865903299932,0.994089021411724
"PARP4",-0.459529347221863,0.651183534418684
"ADRA1B",0.22010436392263,0.828189354025665
"ADRA2A",1.57770967965232,0.131500501007861
"ADRA2B",-1.31707888873351,0.203820260309413
"ADRB1",1.46896219761019,0.158565758462048
"ADRB2",1.18648934555591,0.250374551513235
"GRK2",0.768124147665084,0.452062979802121
"GRK3",1.81814383462089,0.0851968229672175
"ADSL",-2.09383896792505,0.0502312300608173
"AP2A1",-0.432678425747928,0.670227300943152
"AP2A2",1.31487214264328,0.204546294498109
"AP1B1",0.752899258525052,0.460941099569556
"AP2B1",-0.475019329565731,0.640307364130949
"AP1G1",-0.501590941901819,0.621844723115549
"AEBP1",0.230059383128414,0.820558653100677
"TLE5",0.258886765706074,0.798568045447119
"AFP",-1.45609018082246,0.162052836778581
"AGA",-0.972008423498567,0.343527235591734
"AGER",2.29723583311351,0.0334105333770047
"AGL",-0.143583242415405,0.887374865461512
"JAG1",-2.64332365577425,0.0162250101874852
"AGT",-0.14148843993936,0.8890064057952
"APLNR",0.406921584517193,0.688713458719527
"NR0B1",-3.41511944211147,0.0029759872396804
"AHCY",-1.10678553300315,0.282506139673508
"AHR",-0.161068350992523,0.873777408372148
"AHSG",-0.681505395676904,0.503955741676862
"AIF1",1.62465037021732,0.121074243283543
"CRYBG1",-0.744290048724865,0.466007787139135
"AK2",1.42237489642622,0.171483771694365
"AK4",-1.64952724837101,0.115838075916254
"AKT1",0.141026824772302,0.889366004237003
"AKT2",-0.297139008842938,0.76965572059625
"ALAD",-0.669169457771284,0.511614650763501
"ALAS1",0.95180009469056,0.353412898010974
"ALB",1.21335037408235,0.240191037720633
"ALCAM",0.380106959347306,0.708174831923121
"ABCD1",0.622015275226884,0.541487677102452
"ALDH1A1",1.64573463310634,0.116623708356032
"ALDH2",-1.35176403582083,0.192673587089897
"ALDH3A1",-1.62186070272831,0.121673733422425
"ALDH1B1",-1.26034123480268,0.223140450024755
"ALDH1A3",-1.89848526711409,0.0732711453830715
"ALDH3B1",-0.0771584540404465,0.939322043577035
"ALDH3B2",0.331461056473672,0.74400440399066
"ALDH9A1",0.488704398554915,0.630767492610726
"ALDH3A2",-1.14170572037813,0.268072672708804
"ALDOA",-1.01221680501087,0.324431036407251
"ALDOC",0.350272229829132,0.730072633045865
"AKR1B1",-0.479815912681737,0.636956217623692
"ALK",-1.84709564098205,0.0807161416689844
"ALOX12",-1.07769803931488,0.294957672631936
"ALOX5",0.07068505861962,0.944403432104279
"ALOX5AP",1.62954860185481,0.120027678635855
"ALOX12B",0.0615571417772734,0.951572638257892
"ALOX15",-0.39251804843601,0.699140519257043
"ALOX15B",1.01219823009703,0.324439682316273
"ALPL",0.991131502656827,0.334350029531765
"ALPP",0.315555882136118,0.755855372026615
"AMD1",-1.26358647354244,0.221998365913581
"AMFR",-1.7021590666788,0.105392498400323
"AMHR2",-0.154945441187683,0.87853458509574
"AMPH",-0.354072066019725,0.727269914564165
"BIN1",-0.0796457856231373,0.9373702741664
"AMT",0.624010022537009,0.540205096860964
"AMY1A",0.894647153933647,0.382415365488226
"AMY1B",1.95596016898759,0.0656701970603668
"AMY2B",1.25361215859508,0.225523076183254
"ANG",1.41886378771698,0.172490989369455
"ANGPT1",-1.68897593029692,0.107930110103721
"ANGPT2",0.974528514665024,0.342307964080838
"ANK2",0.0453580007813335,0.96430574620752
"ANK3",0.875285434006398,0.392589681189626
"ANPEP",1.2737103410472,0.218464621382093
"SLC25A4",1.40019517454601,0.177927007932658
"SLC25A5",0.0240928731076898,0.981035315482637
"SLC25A6",-0.186671043094621,0.853941010144974
"ANXA1",-1.08030787668411,0.293824461442987
"ANXA2",-1.31979348792598,0.202929924721034
"ANXA3",0.758755099817706,0.457513941622473
"ANXA4",-0.624008670005282,0.540205965952605
"ANXA5",-1.48339159449388,0.154730099091694
"ANXA6",-0.845545398227583,0.408560247468285
"ANXA7",-2.1470323416132,0.0452118209740761
"ANXA11",0.57115549111684,0.574736254165937
"AOAH",-1.34605867766663,0.194473100161939
"AOC2",-0.877201996911293,0.391574695828726
"AOX1",0.845260764155469,0.408715096236004
"APAF1",-0.225224892216969,0.824262132455613
"NUDT2",-0.489589540126036,0.630152722988917
"APBA1",-0.175469965332262,0.862607891952633
"APBA2",1.21265263122734,0.240451512052993
"APBB2",-0.218584746803096,0.829355734307887
"APC",-1.09782834784326,0.286298738971306
"AIRE",0.487821272755718,0.63138113799348
"APEH",0.97535820519948,0.341907198984827
"APEX1",0.153716239712812,0.879490188203031
"BIRC2",0.6774468409877,0.506468294446747
"BIRC3",0.613143953401886,0.547211619789974
"XIAP",-1.05899430950638,0.30317173232152
"BIRC5",-3.00425851253611,0.00742081384510391
"APLP1",0.281734950703069,0.781259660598191
"APLP2",1.78867840427146,0.0899788763197685
"APOA1",0.291460338503913,0.773927156773585
"APOC1",-0.420912024190175,0.678646357440394
"APOD",1.84197284504657,0.0814935740581477
"APOE",0.975388601927118,0.341892522636762
"APP",0.347221840649648,0.732325397007497
"APRT",-0.123984584587179,0.902658505544903
"FAS",-1.28058401699609,0.216090389875681
"SHROOM2",1.77293830130802,0.0926279467353222
"AQP1",0.14486025672771,0.886380513701317
"AQP3",0.687538168643171,0.5002341889596
"AQP4",1.50419247636937,0.149335279171068
"AQP5",1.15743436700969,0.261753513193329
"AQP7",-0.317309219136953,0.754545841995932
"AQP9",1.93379602597127,0.0685140469806223
"ABCC6",1.11659827397638,0.278393740428771
"ARAF",-0.743764555807412,0.466318130762605
"ARCN1",1.28161215302651,0.215736996633064
"TRIM23",-1.22939610711883,0.234260247222928
"ARF1",1.42498115031023,0.170739210721036
"ARF3",-0.757085813546072,0.458489318461467
"ARF4",0.167869161289847,0.868499330961315
"ARL4D",-3.78816795194831,0.00128376279238198
"ARF5",1.27557860193638,0.217817307870861
"ARF6",-2.26390689901106,0.0357527406110739
"ARG1",0.106304360803627,0.916479853076438
"ARG2",-0.863933247440938,0.398636987080494
"RHOA",0.19860559994937,0.844727572800489
"RHOB",0.33099251206398,0.744352597454134
"RHOC",0.976879709983929,0.341173111561401
"RND3",-0.194551547261335,0.847854781384759
"RHOG",-0.0519991270387367,0.959084189500402
"ARHGAP1",1.25301044122183,0.225737085883578
"ARHGAP4",0.266804540274354,0.792557370334896
"ARHGAP5",-0.759094507611695,0.457315777375571
"ARHGDIA",-1.04792502664936,0.308109870220421
"ARHGDIB",2.51141681905817,0.0214473861089717
"RHOH",-0.226044845617176,0.823633703215574
"ARL1",-0.629564989549993,0.536642058486984
"ARL2",-0.668956051525253,0.51174772309184
"ARL3",-0.284417988634145,0.779234634126467
"ARNT",-0.516779361292951,0.611404925364336
"ARRB1",0.424003215216169,0.676430293054952
"ARRB2",0.739245842964854,0.468991895534047
"ARSA",0.180564332401156,0.858663813200686
"ARSB",-0.397960058731237,0.695193555858237
"STS",0.843481093961196,0.409684142978071
"ARSD",1.08158571111191,0.293270769843613
"ART3",-1.11662796768896,0.278381363394482
"ARVCF",0.497048305261367,0.624983325352292
"ASAH1",1.45235794258154,0.163075549065132
"ASCL1",0.219739439809835,0.828469413783163
"ASCL2",0.792129641382158,0.438279007816782
"ASGR1",1.17557361627,0.254604973423154
"ASIP",-0.272221935585986,0.788452475123849
"ASL",0.926313474656471,0.36615570293644
"ASNS",0.702178123525521,0.491268900845767
"ASPH",-2.58514834550952,0.0183594277155412
"ASS1",1.56667410214774,0.134058240655157
"SERPINC1",1.74504178766588,0.0974895298368488
"ZFHX3",1.63598953538566,0.118663171796501
"ATF1",-3.92307045981243,0.000946270016869545
"ATF3",0.792994435211571,0.437787366216424
"ATF4",-0.670124524295479,0.511019345827332
"ATIC",-0.781094622334118,0.444582609223457
"ATM",0.952725112694425,0.352956177775221
"RERE",1.57486870743929,0.132155017575269
"ATOX1",-0.759454531266709,0.457105633525243
"ATP1A1",4.16958320960697,0.000542048935404812
"ATP12A",1.1133648975452,0.279743912988129
"ATP1B1",0.43439729154993,0.669001134535599
"ATP1B3",-2.09482765911036,0.0501334982204203
"ATP2A1",0.805552357204642,0.430686866715491
"ATP2A2",0.359104759759781,0.723563931063518
"ATP2A3",0.265927026764985,0.793222873811477
"ATP2B1",-1.96531913046031,0.064501294270585
"ATP2B4",-0.221411284611616,0.827186556446626
"ATP5F1A",-0.777225804470203,0.446805813118997
"ALDH7A1",1.18292392622329,0.251750462438067
"ATP5F1B",-0.900763335592431,0.379238060568985
"ATP5F1C",-0.64912350835753,0.524199485007594
"ATP5F1D",-0.813729594096471,0.426102391641949
"ATP5F1E",-2.65752545348606,0.0157409337457967
"ATP5PB",0.792051775003148,0.438323292276742
"ATP5MC1",-1.06145459625032,0.30208194306237
"ATP5MC2",-1.14994162179634,0.264749787917968
"ATP5MC3",-0.590670815865393,0.561855412766575
"ATP5ME",-1.69559731777296,0.106649093714039
"ATP5PF",-0.271529397322776,0.788976877076547
"ATP6V1A",-0.373829398330568,0.712761500502868
"ATP6V1B1",0.268383060488232,0.791360637625015
"ATP6V1B2",-0.436469629079615,0.667524085986428
"ATP6V0C",-1.08048048729887,0.293749624163042
"ATP6V1C1",-1.59706276608106,0.127113849005539
"ATP6V1E1",-1.09982421178469,0.285450453954217
"ATP6V0B",-0.0935331149699518,0.926480947380077
"ATP6V1G2",-2.03231760792626,0.0566626076038626
"ATP6V0A1",0.699197480790125,0.493086600110684
"ATP6AP1",-0.253310730327724,0.802808813274965
"ATP7A",-0.9960386419723,0.332022898194663
"ATP5PO",-0.66366419497653,0.515053776486948
"ATP7B",-0.100542141824038,0.920990548329126
"ATR",-2.14840761571342,0.0450883281370505
"ATRX",-0.420465410407941,0.678966782775212
"KIF1A",-0.509353780372093,0.61649843228705
"AUH",-0.0893071694756169,0.929793118794677
"AUP1",1.12111650878704,0.276515092970983
"AXL",-1.96444622345912,0.0646095268368783
"AZGP1",-0.243431512925304,0.810337675678474
"B2M",0.340137577735318,0.737566856127907
"BAAT",0.646779991768771,0.525681886372729
"BACH1",0.654967560684673,0.52051292890182
"BAD",0.181735464312419,0.857757653842583
"BAG1",0.298533680165374,0.768607813725496
"ADGRB2",-0.598867938915318,0.556490362120595
"BAK1",-1.19911079300028,0.245549541839614
"NKX3-2",-1.10071867137723,0.285070886686634
"BARD1",-0.248417607274066,0.806535392865925
"BAX",-0.974589996225342,0.342278255517354
"BBS1",1.76321908826832,0.0942973132983575
"BBS2",-0.615501849267769,0.545687103645995
"BBS4",0.359608031554381,0.723193714707053
"BCAT1",-1.98049846557464,0.0626449072544707
"BCAT2",1.25681906811935,0.22438513474862
"BCHE",0.31925632534329,0.753092484644309
"BCKDHA",-1.00914352334622,0.32586374004678
"BCKDHB",1.47468375624544,0.157035615089811
"CCND1",0.0740427693607612,0.941767426922076
"BCL2",0.285730435156082,0.778244652808408
"BCL2A1",0.709299629681236,0.486941768772512
"BCL2L1",0.10069195345352,0.920873239464778
"BCL2L2",0.575217217327067,0.572042934099323
"BCL3",-1.02502916070863,0.318506033192749
"BCL6",1.07916338748765,0.294321017744547
"BCL7A",0.396751375305885,0.696069418618262
"BCL9",0.30961574508532,0.760297558135447
"HCN2",-0.814250989530109,0.425811125507052
"BCR",0.290845804181454,0.77438985045195
"BCS1L",0.144190354272909,0.886902111606629
"BDH1",-1.43946480091265,0.166649115845747
"BDKRB2",-0.198115069900417,0.845105817354814
"BDNF",-1.99086212983506,0.0614050580881801
"CFB",1.54143086188676,0.140065660780727
"BFSP1",-1.17395908121503,0.255235234005149
"BGLAP",0.00323531235468967,0.997453071689351
"BGN",0.78270977101588,0.443656493644283
"CEACAM1",1.08050316139597,0.293739794580631
"BHMT",-0.0712704556156926,0.94394381187919
"BICD1",-1.551279435182,0.137695714828024
"BID",0.495761358622046,0.625873846989567
"BIK",1.75787160242608,0.095226875007489
"PRDM1",-1.62137143985029,0.121779132784476
"BLM",-1.78307964859789,0.090913498432773
"BLMH",-0.303741791428286,0.764698681900894
"BLVRA",-0.062209595351689,0.951060042884073
"BLVRB",-0.880578400384846,0.389790796233924
"BNC1",-1.36971486763139,0.187098050443704
"BMI1",-0.802110894249534,0.432625513615986
"BMP1",0.27040949657494,0.789825104235052
"BMP2",-1.56708141894676,0.133963101137851
"BMP3",2.6524760760663,0.0159114502848271
"BMP4",0.175956175885747,0.862231304032613
"BMP5",0.572075631974342,0.574125542543423
"BMP6",-0.510992171547817,0.615372861337762
"BMP7",-2.0904852436869,0.0505640324684007
"BMP8B",1.4234802119057,0.171167681883131
"BMPR1A",-0.866323165041644,0.397358856198512
"BMPR1B",-0.663755516555981,0.514996622244878
"BMPR2",-0.131842846072625,0.8965253473331
"POLR3D",-1.21888033730551,0.238134254540925
"BNIP1",1.36265563051522,0.189275089177533
"BNIP2",-1.37048058081047,0.186863115268043
"BNIP3",-1.46776708648734,0.158886909849536
"BNIP3L",-1.01925952438903,0.321164617929007
"BOK",-0.608126668427071,0.550463160337564
"DST",-2.956321759309,0.00824424568588886
"FOXL2",-3.31149346515407,0.00375343975522303
"BPGM",0.721188665651367,0.479767705576844
"BPHL",0.573582523691962,0.57312611434041
"BRCA1",-3.26554456476793,0.00415904898901695
"BRAF",0.940721918675026,0.358914068206709
"BRCA2",-1.3009431949293,0.209176063003081
"ZFP36L1",-0.534036984028415,0.599645841692809
"ZFP36L2",0.330662842852297,0.744597621301236
"BSG",-0.763082742450056,0.45499114562916
"BST1",1.14834218811176,0.265392686661824
"BST2",0.461819538534463,0.649570344323275
"BTC",0.659316995795015,0.517778621906595
"BTD",-0.263226977188617,0.795271603450926
"KLF9",0.924092554071725,0.367280650124007
"KLF5",0.064212916225167,0.949486286472942
"BTF3",-1.21824527732689,0.238369769145143
"BTG1",-0.54272724061309,0.593766656586457
"BTK",1.55904814138767,0.135849945262318
"BUB1",-2.36457973521023,0.0291052860707347
"BUB1B",-2.86561351545781,0.0100504149923903
"BYSL",-0.742447570494785,0.467096456377585
"TSPO",-0.384352305387086,0.705079460090836
"C1QBP",-2.18243089933978,0.0421295310099326
"SERPING1",2.43805933664852,0.025000080733567
"C1QB",0.962168512658862,0.348316701945448
"C1R",0.479932069322553,0.636875163657606
"C1S",-0.862121849222096,0.399607508169847
"C2",1.86572043472274,0.0779443029798122
"C3",2.16726749469445,0.0434255643138353
"C4BPA",3.92014780833063,0.000952544984386853
"C4BPB",3.82626195096338,0.00117783772373519
"CAPN5",1.64157005141847,0.117491603932451
"C5",1.33916040533504,0.19666665925253
"C5AR1",-0.591534805346818,0.561288654230056
"C7",1.24608027790384,0.228213220171488
"C8G",-0.667983967088536,0.512354126688701
"OSGIN2",-0.361843482261653,0.721550122942607
"VPS51",-0.621028560725385,0.54212272148176
"MRPL49",0.170099839355999,0.866769479959439
"ZNHIT2",-0.62557030819831,0.539203013943717
"MPPED2",-0.450436349152511,0.657605959257956
"MYRF",0.446190149424943,0.660614507130577
"TMEM258",-0.39249080417671,0.699160301159992
"DAGLA",-0.677267572418939,0.50657943948469
"FMNL1",-1.55623859968958,0.136515065840148
"LDLRAD4",2.42741114120336,0.0255594358354567
"PTTG1IP",0.422699384014133,0.67736463683286
"CFAP410",0.593519822994208,0.559987660331313
"TMEM50B",0.197384589924256,0.845669157366763
"CA2",-0.724546236550678,0.477753035359445
"CA3",0.677219014183742,0.506609547579955
"CA8",1.93369409281875,0.0685273750949239
"CA9",0.546340777110974,0.591330433945637
"CA11",0.97828481108114,0.340496156581605
"CA12",-0.88062573473154,0.38976582552936
"DDR1",1.53762446426966,0.14099068052697
"CACNA2D1",-1.38107341393423,0.183637177036617
"CACNB1",0.101729542326382,0.920060814642865
"CACNB3",1.85501292375456,0.0795274340098725
"CACNG1",-1.18528609856156,0.250838253243149
"SLC25A20",1.49635700164766,0.151348950742115
"CAD",-1.61375534692896,0.123429809339081
"CALB2",-2.07798226447455,0.0518224266715158
"CALCB",-0.277115135421184,0.784750229933918
"CALD1",0.403915037746293,0.690884774463071
"CALM1",-0.473348105892132,0.641476842049137
"CALM2",0.181102140091408,0.858247661209804
"CALM3",-0.143060123608656,0.887782249302421
"CALML3",-1.46037496351642,0.160885180298067
"CALR",0.0795206626425605,0.937468446550104
"CALU",0.665551294612464,0.513873446994744
"CAMK2D",-2.08041556614763,0.0515753215098865
"CAMK2G",1.40876040168722,0.175416032777126
"CAMLG",-0.558164948460514,0.583393600230232
"CAMP",2.05819491602214,0.0538719579131759
"CANX",-0.968259610808065,0.345346536147631
"CAPG",-0.975071587485786,0.342045607083927
"CAPN1",-1.38681239993576,0.181908156779124
"CAPN2",-0.347743628133735,0.731939870392886
"CAPN3",0.502184003795799,0.621435511371781
"CAPNS1",-1.10803357037522,0.281980641247105
"CAPS",1.3353556903311,0.197884872295135
"CAPZA2",-0.0255069012052354,0.979922511764647
"CAPZB",-0.82341142717225,0.420714385588439
"CASP1",2.07025483685101,0.0526142757808251
"CASP2",1.41093053826738,0.174784399000042
"CASP3",-0.684725077315208,0.501967588979934
"CASP4",1.90585686509136,0.0722545392393714
"CASP6",-1.38258849333788,0.183179444573835
"CASP7",-0.338571709941518,0.73872719593848
"CASP8",0.511099108879489,0.615299429644004
"CASP9",0.326565142808033,0.747645530014451
"CASP10",1.8057092805908,0.0871871058061313
"CAT",-1.47535589816548,0.156856658455265
"CAV1",-1.07253603579185,0.297208378520279
"CAV2",-1.80769671075123,0.0868662952662904
"RUNX2",-1.62089588594779,0.121881652897293
"RUNX1",-0.32813649949164,0.746476231702662
"RUNX3",-0.300348372819683,0.767245002813024
"CBFB",-1.1450413969617,0.266723130097861
"CBL",-0.018427378735561,0.985494290872446
"CBLB",-0.109899586158681,0.913666955633903
"SERPINH1",0.291959336255983,0.773551516548852
"CBR1",-0.773750455904868,0.448808737761728
"CBR3",-2.88297030185513,0.00967762582001587
"CBS",0.44175006865045,0.663766786835579
"KYAT1",-0.50189347801839,0.621635957862974
"KRIT1",-0.0215787397880434,0.983013970856846
"CCNA2",-2.28197413740662,0.034464878529974
"CCNB1",-2.91740795660589,0.0089770259788038
"CCNC",-0.834602411169835,0.41454072746929
"CCND2",4.54089318836188,0.000235042618484623
"CCND3",0.224712463093889,0.824654930692252
"CCNE1",-1.22364312779828,0.236373618072365
"CCNF",-2.11385813739447,0.0482856388127603
"CCNG1",-2.58384376239058,0.0184102123991953
"CCNG2",1.16663573215758,0.258108764414931
"CCNH",-1.7235848227325,0.101377557106687
"CCNT1",-1.96256553628802,0.0648432660438518
"CCNT2",0.388807966243018,0.701836418664731
"CCT6A",-1.01034098577509,0.325304977954813
"CD1D",0.812198036310212,0.426958690100891
"CD2",1.21841553312052,0.238306611634557
"CD3D",0.918263114817312,0.370244471050174
"CD3G",0.0636108659430238,0.949959219292113
"CD247",0.588760682276049,0.563109481147312
"CD6",1.72912451056038,0.100361167475907
"CD7",0.841422706663338,0.410806796442859
"CD8A",-0.40661143373917,0.688937320352098
"CD9",0.39578078403781,0.696773067664902
"CD14",-0.261855817085762,0.796312591626065
"CD19",0.617994017793626,0.544078254561148
"CD22",1.38466360370832,0.182554001858464
"CD27",2.23491004914637,0.0379127434839197
"CD86",0.745427828858989,0.465336266813706
"CD36",-0.456628527412674,0.653229385605852
"SCARB1",-0.554434236924968,0.585891988507485
"SCARB2",1.17207840348119,0.255970866904576
"CD38",0.282074773250062,0.781003089916208
"ENTPD1",2.60492315767501,0.0176056910526971
"ENTPD2",0.508785304249054,0.616889202405059
"ENTPD3",1.03083283618036,0.315847538404115
"ENTPD5",-0.111035880309338,0.912778162846427
"CD40",2.5897186702399,0.0181825583123629
"CD44",-2.36515412564278,0.0290708903624492
"CD47",0.210803024912395,0.835334911043837
"CD48",1.74303070956553,0.0978483849110258
"CD53",1.73308526132188,0.0996398701754941
"CD58",-0.852260321210883,0.404918118719239
"CD59",-1.20951835612305,0.241624224979933
"CD63",-0.825002113515117,0.419833314593417
"CD68",-1.72672036767156,0.100801181528738
"CD69",1.41266298022424,0.174281478998285
"CD70",-1.16649309059842,0.258164974117554
"CD72",1.64526667267219,0.1167209585111
"CD74",3.70304682721834,0.00155600037693129
"CD79A",0.61521122091343,0.545874888427607
"CD79B",1.51332748972842,0.147015616901778
"CD81",0.449318096524346,0.658397692138486
"ADGRE5",-0.170238955711343,0.866661620493229
"CD151",1.25711981403641,0.22427864605562
"CDA",-1.14289900609755,0.267589312917647
"CDK1",-3.55575110615771,0.00216923242861306
"CDK11B",-0.549936143061148,0.588911407406566
"LRBA",1.10068127084756,0.28508675033775
"CDC5L",-1.58016883697334,0.130936145848794
"CDC6",-2.74753439357504,0.012978203293356
"CDC20",-2.38582877589469,0.02785775161089
"CDC25A",-0.205371500099218,0.839514423614855
"CDC25B",-1.12559722839541,0.274661297278618
"CDC25C",-1.93645080596898,0.0681677359616055
"CDC34",-0.79300222484972,0.437782939311345
"CDC42",-1.35222556939578,0.192528596627139
"CDH1",1.69600020280604,0.106571571403627
"CDH3",1.89868006896039,0.0732441185505645
"CDH4",1.39806967319307,0.178554582114034
"CDH5",2.08434750841145,0.0511782805782983
"CDH6",-0.931156147338693,0.363710853629467
"CDH8",-0.0535994427385434,0.957826223095754
"CDH10",0.338096881355996,0.739079181017659
"CDH11",-1.51402834503285,0.146838885849546
"CDH12",0.9955606973302,0.332249056668943
"CDH13",0.236602684443134,0.81555303890113
"CDH15",-0.942194706912912,0.358179373584577
"CDH18",0.167728346562555,0.868608553234734
"CDK2",-0.689436484022204,0.499066409751552
"CDK3",2.35915074268031,0.0294322610110825
"CDK4",-0.403112438677439,0.691464875007844
"CDK5",0.521515238448152,0.608166966397962
"CDK6",-1.47908274072402,0.155867426397614
"CDK7",-2.16527275062869,0.0435987427801631
"CDK8",-0.594945696202971,0.559054110969086
"CDK9",-0.107655727207542,0.915422411722165
"CDKN1A",1.24950147890342,0.226988226310105
"CDKN1B",0.576248815409324,0.571359919209087
"CDKN1C",-0.246205880106041,0.80822140141657
"CDKN2A",-0.194337731380447,0.848019786826002
"CDKN2B",0.596282792188986,0.558179429646018
"CDKN2C",-0.584436610055186,0.565953771730154
"CDKN2D",-1.07625032567457,0.295587645808407
"CDKN3",-1.66083078280004,0.113523222700678
"CDO1",0.683539148548055,0.502699376744562
"CDR2",-0.0541579798697153,0.957387198224901
"CDS1",-0.341515907467548,0.736546021190155
"CDSN",0.793103115102759,0.437725605203258
"CD52",1.05506108872219,0.304919830753404
"CLGN",-1.14739885270411,0.265772409266146
"CEACAM5",0.780334130709517,0.445019083202171
"CEBPA",1.06358094255696,0.301142348546931
"CEBPB",0.843868164288602,0.409473253881853
"CEBPD",1.33554990087358,0.197822544610648
"CEBPG",-2.6238219013787,0.0169128214942559
"CEL",-3.27289960216362,0.00409134863050155
"CENPA",-2.58557327869932,0.0183429145988682
"CENPB",0.00160477427456114,0.998736675087506
"CENPC",-1.79404791787162,0.0890903927058211
"CENPE",-1.97952884068522,0.062762045599035
"CENPF",-2.11740303554566,0.0479483419161219
"CES1",-1.16744771485968,0.257788967327336
"CETN2",-0.941783020033137,0.358384638787336
"CETN3",-1.26955128723395,0.219911016570642
"CFL1",-0.62395553830607,0.540240107204128
"CFL2",-0.864179451144281,0.398505193358294
"CTSC",0.0262020102843945,0.97937549417012
"CGB3",0.434025727649611,0.669266111776471
"CEACAM7",0.59436276552207,0.559435669165187
"RCBTB2",0.235636643446824,0.816291551783671
"RCC1",0.648474662823811,0.524609682753483
"CHD1",-1.92110234537677,0.0701916185055135
"CHD2",-0.10889533723693,0.91445256190647
"CHD3",-0.601732831031123,0.554621672135386
"CHD4",-0.314325366280447,0.75677487196547
"CHEK1",-0.714617087425854,0.483725384224255
"FOXN3",-1.08303135482105,0.292645279723429
"CHGB",-0.482905309492198,0.634802043493881
"CHI3L1",-0.0529393775982045,0.958345069493243
"CHI3L2",1.86481272545205,0.0780774252129381
"CHKA",2.2225642764151,0.0388683232747007
"CHKB",1.35438112683914,0.191852578495004
"CHM",-2.0269932822314,0.0572526897767307
"CHML",-1.24690775978859,0.227916466067228
"CHN1",2.81995557738513,0.0110982016902244
"CHN2",1.28138603163031,0.215814680930305
"LYST",-1.27419222718995,0.218297514887809
"CHRM3",0.761326117882444,0.456014144856986
"CHRNA5",-0.497329425823443,0.624788878622071
"CHRNA7",-0.85759859109472,0.402037714407114
"CHRNB1",1.24348654194324,0.229145323630271
"CHRNB4",-0.904848730487009,0.377125550294224
"CHUK",-2.00304153063356,0.0599761074193108
"CKB",-0.809428945371272,0.4285096500993
"CIRBP",1.64054399553129,0.117706273341394
"CISH",3.90076923378302,0.000995216654629092
"TBCB",-1.03726492999224,0.312919649669745
"CKM",-0.912526143967425,0.373176935818633
"CKMT1B",0.400413277600371,0.693417204747984
"CKMT2",-0.785649622759526,0.441973866222355
"ERCC8",-2.23396726301036,0.0379849474866537
"CKS1B",-1.11157276205399,0.280494333073249
"CKS2",-1.88588282506904,0.0750384625360286
"AP2M1",-1.11813830545198,0.27775235373498
"AP1S1",0.417404518507191,0.681164523043532
"AP2S1",-1.57534478874658,0.132045145632657
"AP3S1",-0.016057486062966,0.987359647365311
"CLCN2",0.472217766416282,0.642268370058471
"CLCN3",0.438129193647039,0.666342243525744
"CLCN4",-0.45017905968535,0.657788085723708
"CLCN5",-0.309478052043224,0.760400630742516
"CLCN6",2.26931274189834,0.035362822309917
"CLCN7",-0.802305195128623,0.432515914483299
"CLCNKA",2.33703874428824,0.0307996138451447
"CLIC1",-0.182739326228845,0.856981080495633
"CLIC2",-1.31324099777697,0.205084259205309
"CLK1",0.13705885658105,0.892458061539709
"CLK2",-0.633877565492755,0.533884754259514
"CLK3",0.871899444926194,0.394387069245024
"TPP1",-0.795184422653838,0.436543879209825
"CLN3",0.616422061087012,0.545092752596562
"CLN5",1.69059950426749,0.107614789343448
"CLNS1A",-0.471028009457984,0.643101980927678
"CLPTM1",-0.835240464838365,0.414190491377259
"CLTA",0.169744748071924,0.867044800926572
"CLTB",0.999655127298307,0.330315104359948
"CLTC",-0.626727998930973,0.538460146861506
"CCR6",1.97085797137521,0.0638182924905834
"CCR7",1.46685189610405,0.159133200620539
"ACKR2",1.95422715542333,0.0658887058194931
"LTB4R",-0.312293926554139,0.75829367558459
"ABCC2",-2.56117164812089,0.0193142916017083
"CNGB1",0.0213675736767716,0.983180166644822
"CNGA1",1.0305908655148,0.3159580622426
"CNN1",-0.303734917324375,0.764703837253998
"CNN2",-0.766354479249649,0.45308952926849
"CNN3",-0.162047329831567,0.873017246482302
"CNP",0.183422589902655,0.856452603056571
"CNTF",-1.40634852655168,0.176120186791094
"CNTN1",-1.63957490706336,0.11790932980667
"COL1A1",0.921903686775533,0.368391639941464
"COL1A2",-0.0578300672646519,0.954501196028098
"COL2A1",0.675765750832037,0.507511101504086
"COL3A1",0.107394146907865,0.915627085171765
"COL4A1",0.165321892088032,0.870475525938805
"COL4A2",-0.446588410320761,0.660332074974178
"COL4A3",2.34512620026727,0.0302928018493414
"COL4A4",1.95380630873062,0.0659418664079097
"COL4A5",-0.485057778487282,0.633303144773084
"COL4A6",-0.433448395363089,0.669677919217292
"COL5A1",0.0576101775530536,0.954673996094898
"COL5A2",-0.183287961127523,0.856556727588534
"COL6A1",-0.638282792656875,0.531076228398867
"COL6A2",-1.96504515518431,0.0645352472847131
"COL6A3",-0.549336679477994,0.589314393632833
"COL7A1",-1.51850451489173,0.14571429628602
"COL8A1",0.372958946362297,0.713398385334184
"COL8A2",-1.37370357491873,0.185876824191635
"COL9A2",1.20338484895814,0.243931718094414
"COL9A3",1.05568890960819,0.304640314602417
"COL12A1",0.231029178253943,0.819816256193889
"COL13A1",0.236505465022594,0.815627352572395
"COL15A1",-1.43616985027542,0.167572521889669
"COL16A1",0.347748427541929,0.731936324653728
"COL17A1",-1.03271495976728,0.314988787370208
"COMT",0.0798927733728145,0.937176488841618
"COPA",-1.11296031526861,0.279913194363931
"COPB1",-0.143224865015271,0.887653951867847
"KLF6",-0.196938488753085,0.846013228869097
"SLC31A1",-0.0111342482712865,0.991234983297198
"SLC31A2",-0.960473236290695,0.349146476829513
"MAP3K8",1.32070956533415,0.202630161852582
"COX4I1",-0.721447470891782,0.479612234365308
"COX5B",0.353875003098894,0.727415169403216
"COX6A1",-0.543679111820599,0.593124429031356
"COX6B1",-1.12704864166662,0.274062781678358
"COX6C",-1.25218670985197,0.226030312494975
"COX7A2",-0.689792616627266,0.498847503824117
"COX7B",-2.52058337849777,0.0210384148949723
"COX7C",-0.715898095796616,0.482952405865007
"COX8A",-0.477259544528191,0.638741237344053
"COX10",-1.64944868957267,0.115854303455775
"COX11",-0.680462687823308,0.504600576577354
"COX15",0.472467014471947,0.642093794541904
"CP",0.653301023878171,0.521562741194204
"CPA3",1.12999401725389,0.272851170139992
"CPD",-0.167078852689949,0.869112365166574
"CPE",-0.239331827497411,0.813467641295103
"CLDN4",0.535260522886539,0.598816361640481
"CLDN3",1.5050236829675,0.149122967445721
"CLDN7",-0.164267638411875,0.87129368270021
"CPM",0.312155079184275,0.758397521620811
"CPN2",0.194794674828148,0.847667164375656
"CPOX",-2.99557819783658,0.00756376476391056
"CPS1",-0.716552987931721,0.482557515453695
"CPT1A",-3.10799607173496,0.005902823161437
"CPT1B",0.840124968176362,0.411515604163477
"CPT2",0.262779324438801,0.795611419267528
"CR2",2.76646288974917,0.0124593349055644
"CRABP1",0.0661227153936855,0.94798619674254
"CRABP2",-0.109502287985521,0.913977744138648
"CRAT",-0.652865293604733,0.52183741792223
"CREB1",-0.316182942644281,0.755386946445695
"ATF2",-0.244980164178637,0.809156185556642
"CREBBP",-0.192189516620023,0.849678000483483
"ATF6B",2.18231284268446,0.0421394833059368
"CREBL2",-1.27894336636923,0.216655251883276
"CREM",-2.42860138799262,0.0254963352672981
"CRIP1",0.716354103046479,0.482677420056588
"CRIP2",0.406252688649974,0.68919629332533
"CRK",0.384993569082536,0.704612358604066
"CRKL",-1.46105909444572,0.160699384325973
"CRY1",1.18602237086801,0.250554435079602
"CRY2",1.16888021486873,0.257225506582344
"CRYAB",0.232037691045582,0.819044405541749
"CRYBB2",2.40874078641358,0.0265685454168113
"CRYGS",0.0686675798292205,0.945987593498651
"CRYM",1.82942514702895,0.0834256246263335
"CRYZ",-0.415299555079628,0.682677603809037
"CS",-1.49842140882778,0.150816250002161
"MAPK14",0.740583808175847,0.468199253545375
"CSE1L",-1.53931667749584,0.140578818219749
"CSF1",0.45735602826604,0.65271603755677
"CSF1R",0.832475514467958,0.415709577628729
"CSF2",-1.40681144529306,0.17598485974155
"CSF2RA",0.585158768633166,0.565478230906796
"CSF3R",1.7642223141251,0.0941238002500967
"CSK",0.941275658385575,0.358637717127984
"CSNK1A1",-3.12013996154905,0.00574623756241921
"CSNK1D",0.0734807261879789,0.942208617406272
"CSNK1E",-1.79168140390518,0.0894810290718118
"CSNK1G2",-1.37254474472209,0.18623096548658
"CSNK1G3",-0.859622608853688,0.400949088276027
"CSNK2A1",-0.813654954794808,0.426144097544023
"CSNK2A2",-2.26746333501603,0.0354957745864013
"CSNK2B",1.40182589666596,0.17744672737584
"VCAN",-0.61890287447828,0.543492167169438
"CSPG4",-2.16379826033074,0.0437271594084633
"CSRP1",1.46415891188766,0.15985973444038
"CSRP2",-2.04059234970795,0.055756398262016
"SLC25A10",-0.881781800283635,0.38915628300415
"CST3",0.33940846732749,0.738107061393439
"CST6",3.54617411801653,0.00221653103987277
"CSTA",-1.39092484117343,0.180677230957117
"CSTB",0.107758401889588,0.915342075597207
"CSTF1",-1.93753459987789,0.068026805164984
"CSTF2",-1.60889258772299,0.1244935963377
"CSTF3",-0.757602044512909,0.458187546002398
"CTBS",-0.79528252304988,0.436488228845309
"CTBP1",0.410693845266372,0.68599307158464
"CTBP2",-1.34839639773382,0.193734157939632
"CTF1",2.04180184854541,0.055625039097768
"CCN2",0.671530948469216,0.510143417569321
"CTH",-0.648766908136475,0.524424904324304
"CTNNA1",-0.781873638998733,0.444135777246687
"CTNS",1.1409334737717,0.26838582960051
"CTNNB1",0.928560884716971,0.365019708851132
"CTNND1",0.807398200600128,0.429649316341782
"CTRL",0.806499599310556,0.430154224565114
"CTSB",-4.02099588542992,0.000758312882374371
"CTSD",0.242077552238086,0.811371016860897
"CTSE",1.90204881795644,0.0727781312687804
"CTSG",0.893410468880947,0.383059954136074
"CTSH",3.02826356907375,0.00703899141420803
"CTSK",2.32003653071344,0.0318908481155649
"CTSL",-1.06157008730044,0.302030855461323
"CTSV",-1.21096946738555,0.241080740123533
"CTSO",4.37953966703465,0.000337674112395741
"CTSS",1.06833366641982,0.2990498262182
"CTSZ",-0.12359570576326,0.902962181525819
"CUX1",1.40256894759307,0.177228230604667
"CXADR",0.300370077494369,0.76722870758508
"CYB5A",1.25040629750606,0.226665097160655
"CYB561",1.39654093905344,0.179007056001145
"CYBA",-1.50601542823512,0.148869976188445
"CYC1",-0.957131323322267,0.350786195175107
"CYP1A2",2.37655009577096,0.0283962487831884
"CYP1B1",2.70493048692742,0.0142226600476727
"CYP2A13",-0.79623740855996,0.4359467728295
"CYP2B6",-2.01063130257082,0.059100788647566
"CYP2C19",1.81334615117132,0.0859599877788476
"CYP2C18",0.871838064292294,0.394419701648422
"CYP2D6",1.08124631361585,0.293417758404603
"CYP2E1",2.82998787130434,0.0108593420939952
"CYP2J2",3.03041579927257,0.00700570455025837
"CYP3A5",0.391629953696828,0.699785473625859
"CYP4B1",1.79457850424597,0.089003013943042
"CYP11A1",1.25284133819362,0.225797258113048
"CYP24A1",-2.18144195520919,0.0422129664954154
"CYP27A1",0.101600647482002,0.920161733509288
"CYP27B1",0.250367082053456,0.805050106619405
"CYP51A1",0.37838737648176,0.709430106537734
"DAB2",-0.486418167707949,0.632356659808588
"DACH1",0.654857739927985,0.520582072710492
"DAD1",-0.0424730731651624,0.966574538678506
"CD55",-0.175942017177894,0.862242269992855
"DAG1",1.34339978477215,0.195316281766323
"DGKA",-0.0254621651283693,0.979957717270193
"DGKG",-1.94823315210643,0.0666494710736944
"DGKQ",-0.0250557110527826,0.980277582319152
"DAP",-0.0230707467111774,0.981839727659704
"DAPK1",2.75916566074767,0.0126569713106431
"DAPK3",-1.54202065181938,0.139922784700802
"DAXX",1.15562585938576,0.262474386175509
"BRINP1",-0.153228113223632,0.879869719227776
"DBI",1.20317107974365,0.24401244151261
"DBN1",0.446751101589509,0.660216715301761
"DBP",0.951868113568669,0.353379300465132
"DBT",-0.734814782983281,0.471622689541439
"ECI1",0.119147072762546,0.906437206605607
"DCK",-2.46185988989893,0.0237910020598095
"DCN",0.681824696858722,0.503758372535683
"DCTD",1.49939814381113,0.150564752097931
"ACE",1.13091322669793,0.272473856545683
"DCTN1",-0.0671431206868933,0.947184780550081
"DDB1",-0.85318461172799,0.404418439399656
"DDB2",0.422431215604302,0.677556876792089
"DDC",-0.156276300719446,0.877500167195243
"AKR1C2",-3.14941846859733,0.00538517443273483
"GADD45A",-0.78606018855997,0.441739193391976
"DDIT3",-0.597899813678297,0.557122593911135
"DDOST",0.152532853627322,0.880410353186305
"DDT",-0.216129737618666,0.831240933006777
"DDX1",-0.710917578325274,0.485961794107616
"DDX3X",-0.285881933140632,0.778130402583523
"DDX5",0.112899831769239,0.911320463353826
"DDX6",-0.175453602950307,0.862620565806467
"DMXL1",-2.06097226137534,0.0535799367757109
"DHX8",-0.499043978031755,0.623603561884062
"DHX9",-0.33935348966616,0.738147800578574
"DDX10",-0.903058429545418,0.378050325896413
"DDX11",-0.324972023947403,0.748831664261917
"DHX15",-1.32849976676414,0.200095107916485
"DECR1",-0.72208433549541,0.479229779516705
"DEFB1",-0.331807830514769,0.743746739267781
"DEFB4A",0.254837450387843,0.801647058588782
"CFD",-1.48927407371386,0.153188431897276
"DFFA",0.528596888993384,0.603340674481903
"DFFB",1.20464382774817,0.243456714929548
"TIMM8A",-3.46526303436129,0.00265906102883444
"GSDME",-3.15714284657012,0.00529366739155096
"COCH",-3.32728844194858,0.003623186860318
"DGUOK",-0.137919846389862,0.891786979147146
"DHCR7",1.73511808080512,0.0992714110022095
"DHCR24",1.29167129945408,0.212303171609509
"DHFR",-1.28606620025861,0.214211242062593
"DHODH",0.0691134202125407,0.945637491302458
"DHPS",0.424726559900753,0.675912166437954
"CYB5R3",-0.475926912619742,0.639672666305388
"NQO1",-2.05680917524138,0.0540181968709524
"DIAPH1",-0.158158352952817,0.876037718628142
"DIAPH2",-1.76822626526185,0.0934340518512636
"DIO2",-0.931610486764829,0.363482046150695
"DKC1",-0.73326757973928,0.472543360542075
"DLAT",-0.741946305192692,0.467392904112644
"DLD",-1.56342963203917,0.13481809214307
"DLG1",-2.81675776433895,0.0111753931880803
"DLG3",0.483076732507845,0.634682611403915
"DLST",0.824358350445298,0.420189749376747
"DLX1",-2.78168819478083,0.0120564458368184
"DLX3",2.45879386290383,0.0239436226069982
"DLX4",1.24866499354361,0.227287268362063
"DLX5",-0.595138448484738,0.558927974755072
"DLX6",-0.858396815204966,0.40160815734508
"DMBT1",0.54299665243664,0.59358484946684
"DNM1",-2.47417393895901,0.023187178753675
"DMPK",-0.165595321115349,0.870263354978481
"DMRT1",-1.38305302807933,0.183039283740673
"DMWD",-1.39852598814928,0.178419700833185
"DNA2",-2.57155100601934,0.0188953132889373
"DNAH5",-0.758130861950799,0.457878540956653
"DNAH6",0.942890298652916,0.357832736632863
"DNASE1",-0.605634576192422,0.552082024259044
"DNASE1L1",-0.420247888313536,0.679122867862157
"DNASE1L2",-0.445840822377775,0.6608622802635
"DNASE1L3",0.021849266177234,0.982801057431996
"DNASE2",1.1624903739583,0.259746041895866
"DYNC1H1",-1.6555365750508,0.114602473131571
"DYNC1I1",-1.26397767219258,0.22186099941367
"DYNC1I2",-0.189879260951985,0.8514620975159
"DYNC1LI2",-0.0283000403344072,0.977724509680361
"DNM2",0.255438169749228,0.801190072301887
"DNMT1",-0.618477377225492,0.543766511949845
"TRDMT1",-0.69025421439305,0.498563853277769
"DNMT3A",0.971330981629283,0.343855507183484
"DNMT3B",-0.922689276687522,0.367992642743136
"DOCK1",0.377363091602814,0.710178228322322
"DOCK2",0.399890867209445,0.693795324470366
"DOCK3",4.00424748752904,0.000787578506267472
"DXO",1.73552707267668,0.0991974213678429
"DPAGT1",0.619793353667088,0.54291826077189
"DPH1",2.32481008383614,0.0315809065831284
"DPH2",0.207090948794301,0.838190785901935
"DPP4",1.58637918293184,0.129519967220335
"DPYD",1.64331968798406,0.11712631514798
"DPYSL2",1.80465948964857,0.0873569799373865
"DPYSL3",-0.617354294436038,0.544490991930699
"DR1",-0.144414251697584,0.886727775197129
"DRD4",0.602715373318149,0.553981552632595
"DRG2",1.09129295185914,0.289089314857725
"ARID3A",0.840547913412449,0.411284510787118
"ATN1",-0.505206641669634,0.619351866733002
"DSC1",-1.1160387599399,0.278627034741894
"DSC2",-1.75363612782948,0.0959687588882673
"DSC3",-2.65898194626615,0.015692072011536
"RCAN1",-0.269251749295407,0.790702280325638
"DSG1",-1.01851778533586,0.321507538086093
"DSG2",-1.27654172235984,0.217484190029607
"DSG3",-1.80922517221225,0.0866202730431869
"TSC22D3",1.029471524325,0.316469696194606
"DSP",0.27298785939338,0.787872625209748
"SLC26A2",-1.61976496381601,0.122125750817996
"DTNA",-0.75429008657456,0.460125707169793
"DTNB",1.5082202192645,0.148308810699863
"HBEGF",-1.51905611728736,0.145576207082038
"DUSP1",-0.37810049906521,0.709639606818249
"DUSP2",1.98772345593788,0.061778211560526
"DUSP3",0.512614194254857,0.614259499711605
"DUSP4",-0.674095577524475,0.508548343984921
"DUSP5",-2.93367682394943,0.00866332233145689
"DUSP6",0.853535620572023,0.404228785674178
"DUSP7",0.129507791215837,0.898347113224421
"DUSP8",1.30207798179402,0.208795828251086
"DUSP9",1.04678531360347,0.308621562593733
"DUT",-1.45834105899004,0.161438584397134
"DVL1",0.160545198997188,0.874183679550172
"DVL2",0.327903222504808,0.74664978094578
"DVL3",-0.213372099455697,0.833359773813938
"DYRK1A",0.31334823126035,0.757505299372572
"TOR1A",-0.374134127733765,0.712538589901401
"E2F1",-1.64593652437724,0.116581773173942
"E2F2",0.0941333419549855,0.926010617562228
"E2F3",-1.33511400795226,0.197962456750116
"E2F4",-1.50791946275828,0.14838525641622
"E2F5",1.10769595874553,0.282122725108225
"E2F6",-0.706993928350471,0.488340302880077
"E4F1",-0.958486507994672,0.350120634346417
"EBF1",0.732395326359052,0.473062871139725
"GPR183",-0.411727393367941,0.685248488697508
"ECE1",0.0767250479743362,0.939662171132244
"TYMP",-0.651766443142233,0.522530471454864
"ECH1",-1.0853214589487,0.291656400147917
"ECHS1",-0.281104237955884,0.781735925666696
"ECM1",-1.45929465908287,0.161178926429819
"ECT2",-2.95099882620485,0.00834095601720108
"S1PR1",0.663148902043198,0.515376342954365
"LPAR1",-0.506463556856296,0.618486388838522
"S1PR3",0.33291925513105,0.742921122987622
"EDN1",1.3385459533966,0.196862994295245
"EDN2",-2.06955450341981,0.0526865786710769
"EDNRA",0.173473616015375,0.864154491126555
"PHC1",1.96236128900274,0.0648686960731422
"PHC2",0.311143578546757,0.759154180435324
"EEF1A1",-0.238803008585127,0.813871612071022
"EEF1A2",-1.23114530657289,0.233620554457023
"EEF1B2",-0.677934946584722,0.506165743345184
"EEF1D",0.78435152955466,0.442716343453915
"EEF1G",1.32740648614957,0.200449360091533
"EEF2",-1.34965989315627,0.193335702649855
"EIF2D",0.598735007503077,0.556577150220289
"EFNA1",3.04286991049247,0.00681606559709104
"EFNA3",-0.0812110123045718,0.936142273746197
"EFNA4",1.23952176977243,0.230575794995183
"EFNA5",1.09231986680771,0.288649519241353
"EFNB1",-0.210970218082595,0.835206336444458
"EFNB2",0.327617696355531,0.746862220517573
"EFNB3",0.453032322265601,0.655769590664331
"EGF",-1.92290004065011,0.069951843190494
"CELSR3",0.671735698402679,0.510015969169917
"CELSR2",-0.00110062399664083,0.999133556619539
"MEGF6",2.82373364580059,0.0110076630811593
"MEGF8",-1.24841997996128,0.227374917813771
"MEGF9",-0.601177015197519,0.55498395562442
"EGFR",0.144682500556334,0.886518912618755
"EGR1",1.38618889115187,0.182095370273629
"EGR3",-0.300499675730776,0.767131411380311
"EHHADH",-1.28958141297581,0.21301304549754
"EIF1AX",-1.75597118048745,0.0955591353604003
"EIF2S1",-2.74826503433448,0.0129577970881837
"EIF2B1",0.0012576660489405,0.999009928590163
"EIF2S3",-2.03463206177141,0.056407813433702
"EPHA2",0.742443080116564,0.467099111481129
"EIF4A1",-0.3838579779331,0.705439614245017
"EIF4A2",-1.00241669983145,0.32901517157466
"EIF4B",-1.2331960106827,0.232872306971347
"EIF4E",-3.07633125775104,0.00633090875739169
"EIF4EBP1",-2.1866029081872,0.0417792044881033
"EIF4EBP2",1.16624669795515,0.258262089875989
"EIF4G1",-0.71939903841435,0.480843596290238
"EIF4G2",-0.961305665790631,0.348738863835483
"EIF5",-1.88837143398383,0.0746865142137223
"EIF5A",-2.2765535366947,0.0348466975184248
"SERPINB1",0.952193840437159,0.353218439788188
"ELAVL1",-1.81369323555604,0.0859045774246117
"ELF1",0.119472067481133,0.906183272226181
"ELF2",1.3874781816184,0.181708421108369
"ELF3",2.10304966875835,0.0493274095655181
"ELF4",-0.550949135958976,0.58823074136014
"ELF5",2.1037262461233,0.0492616041340145
"ELK1",-0.255770791755271,0.800937067845614
"ELK3",-0.153349213244008,0.87977555802597
"ELK4",-1.31100447082494,0.205823692331877
"ELN",2.86854736655934,0.00998644529545299
"EML1",0.208890990355953,0.83680563840318
"EMD",-1.06865661638575,0.298908020191865
"MARK2",1.12160656698249,0.27631189400592
"EMP1",-0.0206514678121993,0.98374377512532
"EMP3",-0.493018672233616,0.627773660017887
"CTTN",0.225136634791178,0.824329782050298
"EN2",0.859090883603854,0.401234893133117
"ENDOG",-1.29141445681333,0.212390313823845
"ENG",-0.0712256955717284,0.943978954193373
"ENO1",-0.159500360128356,0.874995191483245
"ENO2",-0.866905155789385,0.39704801220327
"ENO3",-0.661661145766845,0.516308295147589
"ENPEP",0.137388087596648,0.89220143871342
"ENSA",-1.09781305825358,0.286305244480999
"SLC29A1",1.81904411993953,0.0850542772423111
"EP300",-0.282108581006551,0.780977566007421
"EPAS1",0.427091538442717,0.674219309779724
"EPB41",1.05097873829681,0.306741852817835
"EPB41L1",0.463160089269846,0.648626896382042
"EPB41L2",-1.11720618697973,0.278140428840642
"DMTN",1.52503615344339,0.144086101182169
"STOM",1.28913285254059,0.213165649934248
"EPHA1",2.28889868915172,0.0339827456684033
"EPHA3",-0.0467462599347254,0.963214088371267
"EPHA4",0.504847437796258,0.619599309873757
"EPHB1",-0.636736253576156,0.532061290297344
"EPHB2",-1.09330989152843,0.288225984804251
"EPHB3",0.577267363733853,0.570685956771667
"EPHB4",0.926485433221301,0.366068699114091
"EPHB6",1.03762250892394,0.312757449022518
"EPHX1",-1.07985337401129,0.294021582398913
"EPHX2",1.67988165026155,0.109711010022192
"STX2",-0.576613264873796,0.571118719840149
"CLN8",0.00663918882924774,0.994773475846118
"EPOR",1.33045704108532,0.199462134378311
"EPS8",-0.604840698120129,0.552598258707754
"EPS15",0.337971457635307,0.739172166093256
"NR2F6",0.599044331985069,0.556375209853989
"ERBB2",2.32255087620485,0.0317272446527728
"ERBB3",2.03752222251052,0.0560910892561977
"ERCC1",-1.60005624810158,0.126446454419956
"ERCC2",-1.12551341813601,0.27469588738101
"EREG",-1.75213566572604,0.0962327770959778
"EYA4",-0.358607947174898,0.723929464588583
"ERCC3",0.740898427665874,0.468012982246204
"ERCC4",-1.67244509019443,0.111185902487193
"ERCC5",-0.322783496350084,0.750462150573331
"ERCC6",1.73464942417756,0.0993562529946491
"ERF",-1.04997163739738,0.307192537042083
"ERG",-0.26613968567579,0.793061578976435
"ERH",-0.373884213500112,0.712721401058977
"ERN1",2.1046884000443,0.0491681600786947
"ERV3-1",3.16178899604835,0.00523935934621827
"FBL",-1.43102188942482,0.169023551293592
"ESD",-0.392027651779437,0.699496627317216
"ESR1",0.392394842587283,0.69922998008927
"ESRRA",-0.217018722457038,0.830558160519647
"ETF1",-2.50276408334898,0.0218402890968803
"ETFA",-0.491566509030919,0.628780632616903
"ETFB",0.671025817567095,0.510457917853358
"ETFDH",1.69977639376685,0.105847310684658
"ETS1",0.904578717853555,0.377264927921138
"ETS2",1.28461041201448,0.214709000185237
"ETV1",0.116119656825829,0.908803169542353
"ETV3",-0.443049495536214,0.662843575427323
"ETV4",0.982899311932912,0.338279520221165
"ETV5",-1.45800880278838,0.161529135454827
"ETV6",0.235450501809889,0.816433872478596
"EVC",1.14964664881649,0.264868266053677
"MECOM",-1.08751229794014,0.29071266067362
"EVI2A",-0.303661650661008,0.764758785556431
"EVPL",1.90385871168281,0.0725288603097472
"EWSR1",-0.782007796262766,0.444058854719393
"EXT1",-0.826862995197698,0.418804075025297
"EXT2",-0.579722219400818,0.569063291483728
"EXTL2",0.372842255450367,0.713483781191376
"EXTL3",-1.54744590007354,0.138614206664168
"EYA1",-1.73057534348742,0.100096433470527
"EYA2",0.809246462560929,0.428611982662
"EYA3",1.10991073694131,0.281191593547355
"EZH2",-0.0899947317898767,0.929254136399945
"F2R",0.540537839519928,0.595245151555715
"F2RL1",0.166234314601465,0.869767558763785
"F2RL2",-0.965921603229317,0.346484532630933
"F3",0.652452803864035,0.52209751840763
"F8",-0.31615763221169,0.755405851914255
"F12",0.117417800277724,0.907788545813469
"F13A1",-0.689165571068331,0.499232970252417
"FAAH",2.46961700268999,0.0234089335106367
"FABP3",-0.794945809091378,0.436679258311554
"FABP5",-0.922015605777233,0.368334779044068
"FABP6",-0.63340864937513,0.534184186484566
"FANCA",-1.38451211956731,0.18259960146546
"FANCC",-0.561277138057589,0.581313544402998
"FANCD2",-1.35581192008653,0.191404902257057
"FANCE",1.11546993053717,0.27886436071226
"ACSL1",1.66831868593414,0.11201157276651
"ACSL3",0.159577785423629,0.874935051430706
"ACSL4",-1.2666830285192,0.220912836448414
"FAH",-1.28394007203161,0.214938503704272
"PTK2B",1.89321418162876,0.0740058135503794
"BPTF",1.71123287292327,0.103675790655255
"FANCB",-2.8795676640171,0.00974964221681163
"FANCF",0.885257177849951,0.387327652439474
"FANCG",-0.387056439599354,0.703110566054518
"FAP",0.199599172485768,0.843961554253649
"FBLN1",0.919530844011126,0.369598563651451
"FARSA",-0.489366294371836,0.630307750833708
"FASN",0.12802876135186,0.899501325260752
"FAT1",-2.349224526726,0.0300389421946906
"FAT2",-2.13622575400808,0.0461929797227772
"FAU",-0.14308340082325,0.887764121262835
"FBLN2",0.554371474872148,0.585934065024477
"FBN1",-1.13467299148824,0.270934585063129
"FBN2",0.108115083777557,0.91506300296999
"EFEMP1",-0.00426291320954787,0.996644120117052
"FBP1",1.03277763356139,0.31496021997555
"FCER1G",0.137276513589333,0.892288404963691
"FCGR2A",1.47620928307004,0.15662968726363
"FCGR3A",1.01391462980238,0.323641449753028
"FCGRT",3.27227978179706,0.0040970119096323
"FKTN",-1.40945129864137,0.175214742634772
"FDFT1",1.46355204137862,0.160023834772155
"FDX1",0.448083581161639,0.659272221792312
"FECH",-0.578792385350292,0.569677633268678
"FEN1",-1.77265955316286,0.0926754645705177
"GPC4",0.485533811989384,0.63297187249041
"FER",-0.600957938081485,0.555126785555346
"FES",-0.076476592115669,0.939857159206959
"FGA",-0.493428778273719,0.627489416126963
"FGB",-0.219683067345636,0.828512678743107
"FGD1",0.336606849155172,0.740184109051557
"FGF2",-1.3501047380386,0.193195571706959
"FGF9",-0.229418989345431,0.821048982383567
"FGF11",-0.206825930090888,0.838394766042562
"FGF12",-0.188641736173804,0.852418116394946
"FGF13",-0.575988410419256,0.571532292155987
"FGFR1",-3.36696132730549,0.00331529710163849
"FGFR3",1.85621139788457,0.07934884189902
"FGFR2",1.07149980647129,0.2976616829726
"FGFR4",1.33399662427827,0.198321470344292
"FGG",-0.374433377573218,0.712319713486377
"FGL1",0.466974059858484,0.645946055292642
"FGR",1.18008704602777,0.252849297633744
"FH",-0.272286835937415,0.788403336768704
"FHIT",0.567376565531949,0.57724786811006
"FHL1",-1.3086923484343,0.206590320291349
"FHL2",-1.4995985688144,0.150513187785318
"FHL3",-0.0824839423877047,0.935143716052762
"FKBP1A",-0.143075925157592,0.887769943222382
"FKBP1B",-0.0115852305518378,0.990879980930272
"FKBP2",-0.211006266684407,0.835178615036408
"FKBP3",-1.90227446944543,0.0727470116709475
"FKBP4",-3.09000457192099,0.00614247247447953
"FKBP5",-0.648928443872657,0.524322785346212
"FOXF2",-0.429965535483302,0.672164497873597
"FOXC1",0.00522823989080241,0.995884195624673
"FOXD1",-0.56148734496704,0.581173186469701
"FOXD4",-0.301400469777664,0.766455247843936
"FOXJ1",1.5972480552307,0.127072452989692
"FOXE1",-0.408148311650358,0.68782831698413
"FOXM1",-1.93344162396404,0.0685603962010584
"FOXD2",-1.41990231662484,0.172192573275065
"FOXO1",-0.131608533414148,0.896708127184362
"FOXO3",1.59791463876458,0.126923623376145
"FLI1",2.02880361884489,0.0570514371008871
"FLII",3.53066668472653,0.00229529223485761
"FLNB",1.01562443704269,0.322847661082233
"FLNC",-1.85536925532707,0.0794742979269593
"FLOT2",0.629275860704079,0.536827193956625
"FLT3LG",1.98521960834166,0.0620773455120511
"FMO2",-0.846243403678587,0.40818067336504
"FMO3",-0.355368560508878,0.726314534775302
"FMO4",-0.696929112282715,0.494472539540043
"FMO5",0.665559084773226,0.513868577619989
"FMOD",2.40413905364383,0.0268229181645491
"FN1",0.394717701681476,0.69754409409298
"FNTA",-1.09412663268418,0.287876922914858
"FNTB",-0.280754059509988,0.782000391383231
"FOLH1",1.27977161286533,0.216369950121597
"FOLR1",2.0366251150442,0.0561892287872716
"FOS",1.77748698803944,0.091855523206755
"FOSB",-0.365829832025342,0.718622656611892
"FOSL2",-2.17466146781525,0.0427891075643983
"FPGS",-0.115549449414696,0.909248892391493
"FPR1",-1.51156802776951,0.147460066859245
"FXN",-0.370863148764165,0.714932707089519
"FRK",0.665390553222173,0.513973926981256
"MTOR",0.11889355994519,0.906635295845172
"FRG1",-0.366999238567578,0.71776472127714
"FRZB",1.85494033270625,0.0795382626002867
"CENPI",-3.3842021471943,0.00318965783104496
"FTH1",-2.04408117810856,0.0553782473259751
"FTL",0.848500339302187,0.406954912654968
"FUCA1",2.82178965242419,0.0110541605014995
"FUCA2",-1.38074777849073,0.183735676899442
"FUS",-0.44235935367571,0.663333835633733
"FUT2",1.56121604135274,0.135338576952645
"FUT3",1.81982255909852,0.0849311921284487
"FUT4",1.82280775871432,0.0844606223930471
"FUT6",0.869687784739172,0.395563992082598
"FUT8",0.0558817369937313,0.956032368659717
"KDSR",-2.37956259250546,0.0282203614424614
"FYB1",-0.959786029743263,0.349483225630087
"FYN",2.96986641178767,0.00800302312322027
"FZD2",0.216460622958764,0.830986784964765
"IFI6",1.57117584175142,0.1330098766587
"G6PD",-1.77451107523556,0.0923602343552508
"SLC37A4",1.56015674847657,0.135588243603266
"XRCC6",-0.755872972809369,0.459198781613632
"GAA",-0.124299136675278,0.90241288268487
"GAB1",1.86020717640584,0.0787559523027518
"GABBR1",0.745580890717393,0.465245973814825
"GABPA",0.590706179820838,0.56183220889599
"GABPB1",-1.94388163197082,0.0672066626431522
"GABRA3",-0.908995887234412,0.374989150486649
"GABRB3",-3.32892103813312,0.00360997959778684
"GABRE",-0.81095425074395,0.427654892420174
"GABRP",0.0479409022100273,0.962274740874499
"GABRR1",-1.02308883799358,0.319398366795691
"GAD1",0.875671984069776,0.392384830724584
"GAK",-0.472166196289019,0.642304492898204
"GALC",-0.0559705447570441,0.955962571688852
"GALE",0.42128373817028,0.678379717287162
"B4GALNT1",-2.2682332217352,0.0354403721570806
"GALK1",-0.249600582476974,0.8056340048372
"GALK2",-1.85753916368181,0.0791513952096529
"GALNS",-0.569896006315262,0.575572732526808
"GALNT1",-0.564772474417452,0.578981895022938
"GALNT2",-1.08649279378401,0.291151551762822
"GALNT3",1.45867305074756,0.161348146839508
"GALT",0.370177487966723,0.715434946767434
"GAMT",-1.41767796154865,0.172832242226815
"GANC",-1.83118263021098,0.0831526182066096
"GAP43",-0.715625759316325,0.483116676704684
"GAPDH",-0.565757413449841,0.5783257269195
"LRRC32",-1.16979268971863,0.256867075463785
"GART",-0.846674683758587,0.407946257712326
"GAS1",-1.50093793227817,0.150168977061641
"GAS6",-0.500785393375384,0.622400753012099
"GATA2",-0.0655143819471566,0.948464002957763
"GATA3",0.230764015554446,0.820019226033551
"GATM",1.37545992904766,0.185341105377145
"NIPSNAP2",0.376295708025822,0.710958150547182
"GBE1",-2.02303579582149,0.0576948635140542
"GBP1",1.48212078449893,0.15506481978576
"GBP2",0.579421322208792,0.569262056909503
"GBP3",-0.0954420954179535,0.924985193187719
"GBX2",-3.43505361349715,0.00284576627302217
"GCDH",-0.217349238080837,0.830304347851087
"GCGR",1.04137709286293,0.31105795780228
"GCH1",-0.0956398495656907,0.924830262076789
"GCHFR",1.64696488734893,0.116368368956976
"BLOC1S1",-0.414459468734621,0.683281857134444
"KAT2A",-0.334557537259485,0.741704716889976
"NR6A1",1.03605940835161,0.313466925569722
"GCNT1",0.666087740071326,0.513538193205012
"GCNT2",-0.19198467030413,0.849836159724438
"GCSH",-2.10085838349977,0.0495410867374564
"GDI1",-1.62661867574039,0.120652766898897
"GDI2",-1.41046211210388,0.174920582113484
"GEM",-1.54595399594959,0.138973035615814
"GFI1",-0.792909667142244,0.437835542296882
"GFPT1",0.173520643350774,0.864118051898713
"GFRA3",2.45475754901686,0.0241459420145877
"GGCX",0.146745290388095,0.88491307980111
"GGT1",-0.857615349136112,0.402028693154666
"B4GALT1",0.485499115821942,0.632996014903787
"GGT7",1.05232877250964,0.306138447644616
"GGT5",2.36421423981483,0.0291271924153447
"GHR",-0.0508853450106962,0.959959769784608
"GJA1",-0.352412972397663,0.728493161270991
"GJA4",-0.248848987668432,0.806206662955502
"GJB2",-0.394037936398013,0.698037287762823
"GJB3",0.334674331332663,0.741618025226847
"GJB5",-1.13679257706363,0.270069660522739
"GK",-0.455170247224498,0.654258930128966
"GLA",-1.0080046133918,0.326395806563838
"GPC3",1.65214880591791,0.115297659983518
"GLB1",0.380209888909726,0.708099721765141
"GCLC",-1.85804454712322,0.0790763553205765
"GCLM",-2.55807363289373,0.019441038817342
"GLDC",-0.890557935873819,0.384549505375539
"GLE1",-1.2368183161959,0.231555120565043
"GLG1",-1.45532527262523,0.162262010069264
"GLI1",0.230273253151453,0.820394916480275
"GLI2",-0.483975128773712,0.634056858330049
"GLI3",-0.558884548194763,0.582912316585098
"GLI4",-1.24810479345489,0.227487708778971
"GLO1",-0.0671514153071478,0.947178266273468
"GLRB",0.527240745312758,0.604263470620607
"GLS",-0.705414792735635,0.489299486267265
"GLRX",-0.77271202923476,0.449408276113705
"GLUD1",-0.980078456424497,0.339633361382298
"GLUD2",-2.51549953194948,0.0212643175658925
"GLUL",0.538516737109822,0.596611607489118
"GM2A",-1.68541412530837,0.108624635287038
"GMDS",1.87892062250669,0.0760308758465158
"GMFB",-0.942370907498407,0.358091545241852
"GMPR",1.5078502904684,0.148402843102266
"GNA11",-0.778148478885492,0.446274980269881
"GNA12",-0.371143897885156,0.71472709969863
"GNA15",-0.428308781537103,0.673348699286694
"GNAI1",-0.088335098034129,0.930555188268183
"GNAI2",0.821718748333118,0.421653238984221
"GNAI3",0.71412144692808,0.484024655473127
"GNAQ",1.63098536551604,0.119722154637958
"GNAS",0.71138168683888,0.485680901664744
"GNAT2",0.324504212158986,0.749180089326226
"GNB1",0.998185170632897,0.331008510703912
"GNB2",0.898372523563852,0.380477969653726
"GNB3",-0.343362223864161,0.735179369049891
"GNG4",-0.840907119959921,0.411088309128176
"GNG5",0.127518939310798,0.899899235967306
"GNG7",0.247427865151965,0.807289757517889
"GNG10",-0.706183946059506,0.488832157414333
"GNG11",-0.303755472704708,0.764688421424633
"GNGT1",0.0348510753985234,0.972570060426403
"GNGT2",0.442450442042674,0.663269119698773
"GNL1",1.01425681088055,0.323482479984235
"GNRH1",-1.36291406220982,0.189195035103765
"GNS",-0.3362581660562,0.740442757667409
"GOLGA1",-0.735793913336933,0.471040606574364
"GOLGA2",0.994709330253408,0.332652181547705
"GOLGA3",0.709754508379474,0.486666136755311
"GOLGA4",-0.265074237989279,0.793869782359374
"GOLGB1",-0.280791775943345,0.781971905441239
"GOT1",-0.58823285345427,0.563456276478234
"GOT2",-2.02465127617289,0.0575139947679866
"SFN",-0.73071799346179,0.474062839370076
"GPC1",-3.2005950651949,0.00480651426985276
"GPD2",-1.94366439263582,0.0672345874845166
"GPI",-1.71885461127359,0.102252435819646
"GPLD1",2.33254442231136,0.0310846487173634
"GPM6B",0.813530247903203,0.426213785262291
"CCR10",-1.36568077410354,0.188339685504137
"GPR3",-1.45212781995904,0.16313877952771
"CXCR3",0.0151343561277174,0.988086269231089
"GPR19",-1.06245815434994,0.301638225846053
"GPR21",1.22301453801144,0.236605413573034
"GPR27",1.14303246518737,0.267535293475978
"GPER1",0.300204481045375,0.767353035319336
"GPR35",1.89136302716196,0.0742653631378178
"GPR37",1.19493667265038,0.247137385207756
"GRK4",1.07373967669121,0.296682466205825
"GRK5",-1.55116652531991,0.137722694619911
"GRK6",1.82240616799774,0.0845237937242612
"MKNK2",-1.33925984005209,0.196634901596424
"GPS1",-0.931929824279408,0.363321284609307
"GPS2",0.28650245813004,0.777662495980367
"GPT",-0.030022482308454,0.976369160308955
"GPX1",0.689325362569215,0.499134724674218
"GPX2",-1.73506058826604,0.0992818156429996
"GPX3",-2.17764327112189,0.0425348622722836
"GPX4",-1.20676368570545,0.242658498254412
"GPX7",1.1206037141224,0.276727837457267
"GRB2",-0.103850309571623,0.918400550670889
"GRB7",2.72896164760725,0.0135073594073792
"GRB10",-2.1789741665825,0.0424218292117359
"GRB14",1.68023933787564,0.109640493434553
"RAPGEF1",0.729008908622885,0.475083029187117
"GRN",0.861534565711087,0.399922496179095
"GRIN1",-0.95718466299683,0.350759982492922
"GRIN2C",-0.831160096750224,0.416433527439167
"GRINA",-0.576272345344565,0.571344345080464
"NR3C1",-1.18264805431758,0.251857160034113
"ARHGAP35",0.19545557345488,0.847157208487211
"GRM2",-0.525535227047706,0.605424973548321
"GRM4",0.982565853845989,0.338439364349289
"CXCL1",0.758275629217447,0.457793970856945
"CXCL2",0.166745923942167,0.869370640074613
"PDIA3",-1.10967920196061,0.281288829130824
"GRSF1",-1.73324470922904,0.0996109268131898
"GSK3B",-0.178189718204743,0.860501780382558
"GSN",0.38707084011174,0.703100086719791
"GSPT1",-1.17943801777335,0.253101199375038
"GSR",-1.90292748472471,0.0726570206938173
"GSS",-0.323434560711167,0.749976971233719
"GSTA1",-0.404057138545841,0.690782087660605
"GSTA2",-0.939604362320343,0.359472240533952
"GSTA4",-0.645913335308019,0.526230680821644
"GSTM1",0.0505994966563763,0.960184492952122
"GSTM2",0.57929466156593,0.56934573660381
"GSTM3",1.41872555088962,0.172530742576056
"GSTM4",0.362170585410607,0.721309740225953
"GSTP1",1.28183293318193,0.215661168354629
"GSTT1",-0.693979303632868,0.496278196563398
"GSTT2",0.890443990037112,0.384609085779805
"GSTZ1",0.375895798216754,0.711250443468045
"MSH6",-0.34738126343844,0.732207598514908
"GTF2A1",-1.46521636262118,0.159574124316215
"GTF2A2",-1.93100328676661,0.0688800418352668
"GTF2B",0.930499991248982,0.364041468982608
"GTF2E1",-1.56498207660078,0.134454063017678
"GTF2E2",-1.96249967140155,0.0648514656508204
"GTF2F1",-0.366868855593899,0.717860357713492
"GTF2F2",-2.23982774407009,0.0375381605273529
"GTF2H1",-0.901595029410287,0.378807363715556
"GTF2H2",-1.44354122034262,0.165512436411409
"GTF2H3",-2.48910746915151,0.0224742110251485
"GTF2H4",1.44077472450236,0.166283162871837
"GTF2I",1.98217210558846,0.062443178304224
"GTF3A",-0.404794484003369,0.690249356040438
"BRF1",0.721909977338016,0.479334468508129
"GTF3C1",0.741985833298393,0.467369523135964
"GTF3C2",-0.0910492481490296,0.92842756584939
"GUCY1A2",0.461357590070693,0.649895593830489
"GUCA1B",-1.90575264011361,0.0722688252566516
"GUCY1A1",2.23958340115819,0.037556691547741
"GUCY1B1",1.9828799126251,0.0623580391484155
"GUCY2C",1.22059957387874,0.237497560768569
"GUK1",1.75011618889293,0.0965891124784278
"GUSB",1.83774505493918,0.0821401236139569
"GYG1",-1.11130777977689,0.280605414436191
"GYPC",0.186758544331576,0.853873379210456
"GYS1",-0.747800698945817,0.463937668277707
"GZMA",1.67457002068811,0.110762746774463
"GZMB",1.86388767657222,0.078213296385867
"GZMK",1.44114133141235,0.166180861186548
"HSD17B10",-0.0655826980971432,0.948410344077605
"HAGH",-0.884617131771531,0.387663997235626
"HADHA",-3.10234330222985,0.0059771209591144
"HADHB",-1.07016152847934,0.298247859941515
"HADH",0.395113350271123,0.697257100745982
"HAL",0.790656633247355,0.43911721431719
"HAS2",-1.19507211831516,0.247085739531671
"HAS3",0.188234769175468,0.852732559961029
"HBA2",-0.796852700770859,0.435598101150464
"HBQ1",-0.746886374314572,0.464476282125991
"HCCS",-3.34519537085124,0.0034808840104796
"SERPIND1",-0.218431771365391,0.829473173029115
"HCFC1",0.603784651567303,0.553285370347355
"HCK",-0.332799754480943,0.743009878119688
"HCLS1",0.474705725123985,0.64052674261795
"HTT",1.41894818541782,0.172466722497228
"HDAC1",0.374446188128549,0.712310344201026
"HDAC2",-1.11882573636771,0.277466406778601
"HDC",-0.627166202724494,0.53817910525032
"HDGF",-0.835052078091931,0.414293879635639
"HDLBP",-0.825122986864545,0.419766411631441
"HELLS",-1.64436309433973,0.116908932472555
"NCKAP1L",1.10384764837546,0.283746000322552
"HEXA",-0.398020599850877,0.695149696785952
"HEXB",-0.918542447364233,0.370102086108339
"CFH",0.118737320747281,0.906757380788592
"HFE",0.226515529206171,0.823273016849376
"HGD",-0.670153679340972,0.51100117928496
"NRG1",-2.02471666338879,0.057506684780692
"HHEX",-2.06232515509353,0.0534382065590776
"HIC1",-2.24347097853031,0.0372628530220797
"HIF1A",-2.36313536043505,0.0291919456820057
"HIP1",2.68675108003111,0.0147876328797335
"UBE2K",-1.98397455586853,0.0622265735793886
"HINT1",-1.06071469865863,0.30240938527252
"HIVEP1",0.924526865510105,0.367060478262106
"HIVEP2",-1.15530198762163,0.262603638303899
"HK1",-0.640152797639504,0.529886474863307
"HK2",-1.06844276110169,0.299001917750073
"ZBTB48",-0.63579311842221,0.532662507866724
"HLA-A",2.24137244847872,0.0374212044001746
"HLA-B",2.65198933911454,0.0159279797683062
"HLA-C",1.54614550901531,0.138926930128587
"HLA-DMA",3.14459422447367,0.00544310588998942
"HLA-DMB",2.73078559721231,0.0134544942559077
"MNX1",-0.219727800646832,0.828478346607498
"HLA-DOA",2.36362220170177,0.0291627093878289
"HLA-DOB",0.887877123918807,0.385952876848967
"HLA-DPA1",3.4247128196727,0.00291260087860181
"HLA-DQA1",2.39872639031881,0.0271250266745427
"HLA-DRA",2.99612585765374,0.00755466736656531
"HLA-DRB1",2.85308185214644,0.0103281223533709
"HLA-DRB3",1.75115635588128,0.0964054333328929
"HLA-DRB4",2.83886529504998,0.0106521037451583
"HLF",0.920070361884875,0.369323909641505
"HLA-E",2.85919569004933,0.0101917270411197
"HLA-F",4.19475727270643,0.000512103237645639
"HLA-G",0.507816552869056,0.617555392120954
"MR1",1.20912942724617,0.241770049014122
"HLCS",-0.748019918501043,0.463808585551598
"HLX",-0.041422895888339,0.967400502948207
"HMBS",0.825554230560143,0.419527775074046
"HMGB1",-0.457431129934274,0.652663053529418
"HMGB2",-0.838666247867679,0.412313275140877
"HMGB3",-0.32100279631821,0.751789690395601
"HMGN1",1.10084757943524,0.285016214538703
"HMGN2",-0.399391472017429,0.694156862999776
"HMGCL",2.22376434619059,0.0387744743246329
"HMGCR",-2.10142827459876,0.0494854347233327
"HMGCS1",-0.417859450391271,0.680837692984015
"HMGCS2",0.325190101348305,0.748669259714522
"HMGA1",-1.3267148947812,0.200673709884129
"HMMR",-2.33893884126099,0.0306798388818839
"HMOX1",-1.52938595554306,0.143010183220571
"HMOX2",-0.554860274364063,0.585606407454535
"NR4A1",1.04604214408756,0.308955547817985
"HMX2",-1.38787059667882,0.181590778397908
"FOXA1",0.181131030825504,0.858225306958758
"FOXA2",2.35727284026754,0.0295461555612222
"FOXA3",1.15890380293568,0.261168885630448
"HNF4G",-1.20642304464456,0.242786629652313
"ONECUT1",0.832934263795842,0.415457290860151
"HNMT",0.919741400034259,0.369491358909432
"SLC29A2",0.552178959079416,0.58740490863047
"HNRNPA1",-1.49775612223232,0.150987751828564
"HNRNPA2B1",0.275056006496712,0.786307551305665
"HNRNPAB",0.594666626926573,0.559236759137463
"HNRNPC",-0.851576534161452,0.405288036824294
"HNRNPD",0.189866639057174,0.851471847055726
"HNRNPF",-0.857023042034642,0.402347625927785
"HNRNPH1",0.392318734320564,0.699285245218649
"HNRNPH2",-0.81512581083956,0.425322708357384
"HNRNPH3",-0.923718306289056,0.367470444462685
"HNRNPK",-0.0590910361509207,0.953510310109852
"HNRNPL",0.771962667229116,0.44984122747883
"HNRNPU",0.972888052014522,0.343101312709191
"HOXA2",-1.05228430217148,0.306158310334359
"HOXA4",0.000565875035173054,0.99955452656254
"HOXA5",0.189569182062368,0.85170161909913
"HOXA6",0.740333154985047,0.468347685227911
"HOXA7",0.424819576129665,0.675845551627937
"HOXA9",0.687323187529008,0.500366536885221
"HOXA10",0.182349552865077,0.85728258589284
"HOXA11",-0.953087281362832,0.352777470009815
"HPCA",0.839715182998068,0.411739586535335
"HOXA13",-1.83871831367914,0.081990887192537
"HOXB2",2.39345194775908,0.0274224725108147
"HOXB3",2.6017368297907,0.017725127339832
"HOXB4",1.49357821559302,0.152068437911098
"HOXB5",2.38006446000352,0.0281911582737277
"HOXB7",1.45291599104293,0.16292229792708
"HOXB8",0.898096774849433,0.380621150051671
"HOXB9",3.26381524004578,0.00417512552152974
"HOXC4",1.52160559838369,0.144939372890078
"HOXC6",0.779919276580346,0.445257294622961
"HOXC8",1.70633817315733,0.104598828371127
"HOXC9",1.17181620079125,0.25607355479037
"HOXC11",0.681660996984114,0.503859554566517
"HOXC13",0.580953921456704,0.568250033041417
"HOXD1",1.64461244284292,0.116857034120631
"HOXD3",-0.103569216473325,0.918620585262552
"HOXD4",0.739149893075348,0.469048769363802
"HOXD8",0.230670150689352,0.820091078395079
"HOXD10",-0.265303761735764,0.793695655105343
"HOXD13",-1.08601350292187,0.291358050465148
"HP",0.903390511804382,0.37787867549265
"HPCAL1",-0.208283831154885,0.837272791678641
"HPGD",1.12374582600835,0.275426156612764
"HPRT1",-2.07208252206497,0.0524260066792861
"HPS1",0.568650419128176,0.576400592697131
"HPX",2.7907104702258,0.0118236207796953
"HRAS",-0.772368907889895,0.449606486135482
"AGFG1",-0.783799527505085,0.443032308801786
"AGFG2",3.77490347377767,0.00132283293102159
"HRH1",-1.51652851195591,0.146209863384772
"HRG",-1.09798923282798,0.286230291178619
"PRMT2",0.33577843672618,0.74079866659561
"PRMT1",0.180936996971899,0.858375443319981
"HES1",2.47244071423682,0.0232712895103151
"HSBP1",0.546993608942867,0.590890829830721
"HSD11B2",1.17375840981542,0.255313651364381
"HSD17B1",0.0711926692061048,0.944004884156833
"HSD17B3",-0.742576822320384,0.467020035300046
"HSD17B2",-0.63155779360326,0.535366968957652
"HSD17B4",1.10551669395429,0.283041133029352
"HSF1",0.742299072900031,0.467184265921008
"HSF2",-1.43948528001726,0.166643389567442
"HSF4",1.23947990865998,0.230590934856372
"DNAJB2",0.810102531022784,0.428132050495763
"DNAJA1",-1.33416592365083,0.198267041629808
"HSPA1A",0.0829500399038706,0.934778110573971
"HSPA1B",-1.36840909275671,0.187499231064507
"HSPA1L",-1.07407731392457,0.296535061885034
"HSPA2",0.854733011405426,0.403582256452926
"HSPA4",-3.40445433436385,0.00304805130660364
"HSPA5",-0.750723462842138,0.462218442350754
"HSPA8",-0.379776048136751,0.708416326546807
"HSPA9",-1.85487679267902,0.0795477420911515
"HSPB1",0.15951086225593,0.874987033916006
"HSP90AA1",1.15409342804524,0.263086375330355
"IGSF3",1.28732436497429,0.213781780559282
"HSP90AB1",-0.430375237264257,0.671871790084034
"HSPD1",-1.21747554750851,0.238655465079403
"HSPE1",-0.813069998890418,0.426471040245818
"DNAJB1",-0.73269665576376,0.472883362108364
"DNAJC4",-0.225001925108263,0.824433040169762
"HSPG2",2.93913010986377,0.00856055880669317
"NDST1",0.208117270473737,0.837400955698942
"FOXN2",-0.940141714631244,0.359203782051555
"HTR1D",-1.11498230213545,0.279067926583913
"HTR1E",-1.39519958676613,0.179404828281675
"HTR2B",2.56932989659939,0.0189842427076985
"HTR3A",2.51265520730243,0.0213917006879913
"HUS1",1.03844652193051,0.312383898362764
"TNC",-1.15239353289873,0.263766488777831
"HYAL1",1.13528765582524,0.270683552027549
"ICA1",1.70511284630599,0.104831001219893
"ICAM1",1.59229342810315,0.128183294364974
"ICAM2",0.230275689544979,0.820393051252042
"ICAM3",0.661150554219549,0.516628354992355
"ICAM4",2.07789484843555,0.0518313237930777
"IRF8",2.1885239912963,0.0416187881253056
"MRPL58",-0.665587608237445,0.51385074875698
"ID1",-0.0533348747664085,0.958034185320479
"ID2",0.0213404917882923,0.983201481181875
"ID3",0.453628274025313,0.65534833676536
"ID4",1.86704527643051,0.0777503640385835
"IDE",-0.916096420437796,0.371350156541767
"IDH1",-0.386046633895234,0.703845559562599
"IDH2",1.79199415218429,0.0894293188337996
"IDH3A",-0.206647852093049,0.838531836086434
"IDH3B",1.11367855505066,0.279612727297269
"IDH3G",0.868962661456458,0.395950361970492
"IDI1",0.246572449385729,0.807941897268906
"IDS",-1.07905093798317,0.294369838724732
"IDUA",2.63983520304792,0.0163460619015142
"CFI",0.490768519173646,0.629334300788926
"IFI16",-1.2185966881635,0.238239425013189
"IFI27",0.542409038447862,0.593981424403147
"IFI35",0.929040305061839,0.364777685797685
"SP110",2.3044819561348,0.0329204557688873
"IFIT2",1.1786502004618,0.253407222233703
"IFIT1",0.818221470571053,0.42359723109695
"IFIT3",1.01243893114274,0.324327657802795
"IFNAR1",0.484332628642066,0.633807930399127
"IFNAR2",0.349173661662842,0.730883655010527
"IFNGR1",1.34349812739585,0.195285044017002
"IFNGR2",1.80468682479804,0.0873525529818703
"IFRD1",-0.324488868909602,0.749191517879645
"IGBP1",-0.209278662672827,0.836507392709703
"IGF1R",1.16370285067481,0.259266350940728
"IGF2R",-0.222445051259303,0.826393565320208
"IGFBP1",-1.42450777289757,0.170874251283607
"IGFBP2",0.0854461903982688,0.932820393141799
"IGFBP3",-0.141095343835582,0.889312626293652
"IGFBP4",-0.375490348027852,0.71154683275279
"IGFBP5",0.0560645175898846,0.95588871571635
"IGFBP6",-0.902444247959912,0.37836792791618
"IGFBP7",-1.09396239015379,0.287947092703521
"CCN1",1.37255307137676,0.186228418917569
"IGHMBP2",0.653360952557343,0.52152496950451
"JCHAIN",2.098981843699,0.0497247394155377
"RBPJ",-2.23231989268516,0.0381114162258836
"IGSF1",-0.247309458997977,0.807380017690391
"IK",-2.85599176709296,0.0102629866968064
"IKBKB",-0.52098275558139,0.608530616453978
"IL1A",-2.5074700933977,0.0216257664781582
"IL1B",-0.859013482822101,0.401276507458209
"IL1R1",0.442974999194136,0.662896488318372
"IL1RAP",-0.770202932990675,0.45085893700336
"IL1RN",0.0352364236162441,0.972266899206623
"IL2RB",0.0233054795067803,0.981654991447163
"IL4R",0.903628483716121,0.377755701869056
"IL6",0.747032658979909,0.464390082895764
"IL6R",0.150785214153342,0.881769583781161
"IL6ST",-0.0590396129395465,0.953550717634766
"IL7",-0.761831368524773,0.455719760446249
"IL7R",-2.36462328735533,0.0291026767503636
"CXCL8",-0.0916344294829574,0.927968914176461
"CXCR1",0.657519164570057,0.518907866852535
"IL10",0.863838362657456,0.398687786826883
"IL10RA",3.00247275486933,0.00745000685621648
"IL10RB",0.562244433881305,0.580667810463198
"IL11",0.0403775011085857,0.968222743389015
"IL11RA",1.84209921684721,0.0814743171512911
"IL12A",-0.934008728418685,0.362275895746595
"IL12RB2",-0.247126665006655,0.807519365705947
"IL13RA1",0.316048880309495,0.755487085268424
"IL15",-2.14344007942223,0.0455358443526246
"TNFRSF9",-1.24389722952,0.228997540925547
"IL18",0.236598197496225,0.815556468644416
"FOXK2",-1.35000019567698,0.193228496421041
"ILF2",-1.34792465677008,0.193883093106419
"ILF3",0.414014837116981,0.6836017585999
"ILK",0.504002968385831,0.620181219395655
"IMPA1",-3.06233224581674,0.00652965385715728
"IMPA2",-1.75319474749122,0.0960463580759077
"IMPDH1",-0.692957349367685,0.496904649062897
"IMPDH2",-0.542809444156101,0.593711180264154
"INCENP",-1.50214871737044,0.149858369638138
"IDO1",-0.640008269032851,0.52997837601859
"ING1",-0.720011516859279,0.480475225580635
"ING2",-1.1678960962913,0.257612501074515
"INHA",-0.284940468409028,0.778840479921437
"INHBA",-2.12094984776675,0.0476130072589428
"INHBB",1.38290483734081,0.183083986956114
"CXCL10",2.19726939617272,0.0408956238025251
"INPP1",0.771364380947246,0.450187076989009
"INPP4A",0.672074948654481,0.509804839556633
"INPP5A",-0.336470706277857,0.740285094296222
"INPP5B",2.23043570202344,0.0382565402817616
"INPP5D",2.73649375853466,0.0132903236419386
"INPPL1",1.44111758030645,0.166187487382564
"INSIG1",1.01288465157691,0.324120287332873
"INSL4",0.256008847675553,0.80075600768588
"INSR",0.554275332040258,0.585998523403922
"EIF3E",-0.654355943867719,0.520898071692304
"PDX1",0.0824319439217456,0.93518450441145
"IPP",-0.507774911956862,0.617584035331357
"IRAK1",-0.0802094580274656,0.936928025577097
"IRAK2",-0.456333804968403,0.65343740186288
"IREB2",0.76139013247117,0.45597684033726
"IRF1",0.507857031737895,0.617527548839703
"IRF2",1.54794452152109,0.138494451805986
"IRF3",1.24965999685993,0.226931590651204
"IRF4",1.52336506882196,0.144501223242852
"IRF5",1.83566890151721,0.082459270901438
"IRF6",-0.515165827040289,0.612509997574706
"IRF7",2.21273929439255,0.0396445473590865
"IRS1",0.0113697651121632,0.991049589885026
"ISG20",0.0758368740173347,0.940359227688647
"ISL1",-0.122430539113549,0.903872153503333
"ITGA1",1.60266592231403,0.125867040167692
"ITGA2",-1.96010396507614,0.0651503398520262
"ITGA2B",0.641937320986004,0.528752475777698
"ITGA3",0.104917646680462,0.917565120256178
"ITGA4",-1.23165292105993,0.233435167851792
"ITGA5",-1.84838850294169,0.0805209701345489
"ITGA9",1.9976831925767,0.0606010618876958
"ITGAE",-1.19468240571811,0.247234359741316
"ITGAL",1.40798211007083,0.17564300855005
"ITGAM",0.252003555655641,0.803803880435012
"ITGAV",-0.517752365367013,0.610738999778009
"ITGAX",-0.0332308870220546,0.97384474170565
"ITGB1",-2.04422238369978,0.0553629909646191
"ITGB2",0.618030205786977,0.544054911787856
"ITGB3",-1.36819184141532,0.187566045054498
"ITGB4",-0.197120356131422,0.84587295329907
"EIF6",-0.525708131214283,0.605307171945802
"ITGB5",-1.29131116888139,0.212425365493449
"ITGB6",1.41233832901218,0.174375634640934
"ITGB7",1.30515628302836,0.207767106302688
"ITGB8",1.82405029058785,0.0842654303438069
"ITIH1",0.581091712130987,0.568159091141167
"ITIH4",1.77941560963158,0.0915297130092907
"ITK",-0.0632848406052298,0.950215332259463
"STT3A",2.01638624195751,0.0584447416053685
"ITPA",1.27831040085216,0.216873483643411
"ITPK1",0.0522499414103504,0.958887023493672
"ITPKA",-2.37898674863323,0.0282539039448805
"ITPKB",0.920468196691657,0.369121470662839
"ITPR1",-3.99239701737442,0.000808966790292088
"ITPR2",0.0837965100296797,0.934114180106434
"ITPR3",1.34732713482407,0.19407186962127
"IVD",0.305286189126555,0.763540720706234
"JAG2",-0.417558688115572,0.681053757964914
"JAK1",1.82016146093599,0.0848776544108297
"JAK2",-0.16586289327146,0.870055738522699
"JAK3",-0.507151070931263,0.618013227344088
"JARID2",-0.468899305875886,0.644594684433868
"JUN",1.3821335580308,0.183316792430547
"JUNB",0.730006791879388,0.474487212643507
"JUND",1.39246630293992,0.180217572359812
"JUP",1.18374376448523,0.251433579037037
"ANOS1",1.00523243943242,0.327693440217851
"CD82",0.823309044483723,0.420771134927176
"KCNA3",1.73823330463985,0.0987090428460244
"KCNB1",-0.204834091337476,0.839928223794289
"KCNC3",2.1313025028553,0.0466463720132022
"KCND1",-0.94099285152918,0.358778837508505
"KCND2",0.894492871284171,0.382495741835304
"KCNF1",-2.16105074460386,0.0439673685368982
"KCNG1",-0.588214738395832,0.563468180454228
"KCNJ2",-0.603468209623127,0.553491350005578
"KCNJ5",0.399069413388509,0.694390058205039
"KCNJ8",-0.409956415642474,0.686524528316378
"KCNJ14",-0.0597537244537995,0.952989592012148
"KCNJ15",2.50641375861383,0.0216737460247569
"KCNJ16",0.8830573150817,0.388484489041941
"KCNK1",0.986359300862146,0.336624060868538
"KCNK3",-1.09040168719561,0.289471411555907
"KCNMA1",-0.825745542592405,0.419421936723878
"KCNN4",-1.04083793869996,0.31130159674048
"KCNQ3",1.88017336017083,0.0758514567304133
"KCNS1",0.932235209704423,0.363167591905892
"KCNS3",0.399724326423277,0.693915883753749
"KDR",0.846006983478746,0.408309212773242
"KHK",-0.0929986857820962,0.926899742338624
"KIF2A",-1.78559965841086,0.0904917830380246
"KIF3C",-1.3387551130621,0.196796144346827
"KIF5A",-0.879984456953911,0.390104213933137
"KIF5B",-1.54302364200829,0.139680089849454
"KIF5C",-0.378810702750934,0.709121004096003
"KISS1",2.13082562601425,0.0466905030649307
"KIT",0.934159435537555,0.362200191155346
"KLKB1",2.21467999647993,0.0394901031912728
"KNG1",-0.654716905839365,0.520670750195503
"KLC1",-1.37642551846799,0.185047110480993
"KIF11",-3.73627708946538,0.00144348186512671
"KIFC1",-1.25379780160139,0.225457081149635
"KIF22",-0.31561603500197,0.755810432527952
"KPNA1",-1.4900948264474,0.152974338969557
"KPNB1",0.417581063529216,0.681037682688363
"KPNA2",-2.50970723207328,0.0215244837109051
"KPNA3",-1.91742535546609,0.0706843257094606
"KPNA4",-1.61715491001516,0.122690682407604
"KPNA5",1.8291430478909,0.083469518809457
"TNPO1",-3.47512904677335,0.00260074524993729
"IPO5",-2.09945764534764,0.0496781154474209
"KRAS",-2.32261677667467,0.0317229671235236
"KRTAP5-9",0.808529743200903,0.429014052824359
"KRT1",-1.03948059528091,0.31191557109096
"KRT3",-0.234260459628115,0.817343912946973
"KRT4",-0.223563401910884,0.825535906543884
"KRT5",-1.36333741336944,0.189063952487621
"KRT6A",-1.20136310642497,0.244695979560813
"KRT6B",-0.438445691124181,0.666116954630879
"KRT7",1.79002034716627,0.0897561072490949
"KRT8",1.2578789533779,0.22401002241029
"KRT9",-1.48496311722531,0.154316994606025
"KRT10",-0.636869446298594,0.531976414316903
"KRT13",-0.0949353524539256,0.925382216605137
"KRT14",-1.74140116355544,0.0981399965574739
"KRT15",0.481545085878197,0.635750089124217
"KRT16",-0.0855051915177125,0.932774124150985
"KRT17",-0.282297841533822,0.780834684331137
"KRT18",-0.985793717153487,0.336894282717981
"KRT19",1.54652967393935,0.138834483420991
"KRT31",-0.970527279895133,0.344245242240052
"KRT33B",0.122699891916724,0.903661782127707
"KRT34",0.118178932179921,0.907193723779103
"KRT81",-0.446431053885447,0.660443660184495
"KRT86",-1.39610925766724,0.179134991752866
"LAD1",1.29842274462447,0.210022535450727
"LAG3",1.35639554758906,0.191222531908664
"LAIR1",-0.431105519055159,0.671350180318866
"LAMA2",-0.679102571082359,0.505442411774927
"LAMA3",-1.85024331881216,0.0802416897103178
"LAMA4",0.485400081901819,0.633064927373959
"LAMA5",0.00213375476580267,0.998320246866343
"LAMB1",-2.42998979905999,0.0254229132198054
"LAMB2",1.80836546565008,0.0867585770220368
"LAMB3",-0.56508599564232,0.578772985575763
"LAMC1",-2.77978386926858,0.0121061463933963
"LAMP1",0.176170597976184,0.862065237017313
"LAMC2",0.222255979487436,0.826538585920933
"LAMP2",-2.64196535411348,0.016272042614562
"RPSA",-1.12658843468404,0.274252451564056
"STMN1",-0.391483345287761,0.699891966511469
"LASP1",0.33102156924898,0.744331002290462
"LBR",-0.19465401523856,0.847775707619212
"LCAT",0.883834664957496,0.388075445950103
"LCN2",1.25850543072589,0.22378852912228
"LCP1",2.82356499174685,0.0110116895828344
"LCP2",2.32637901780131,0.0314796488917042
"LCT",0.283163861954927,0.780180987028367
"LDHA",-0.895863273386909,0.381782198350248
"LDHB",-0.45393385409954,0.655132380743056
"LDHC",-1.10356107392368,0.28386715504028
"LDLR",0.995206405080336,0.332416773605984
"LEP",-0.09865859950578,0.922465599793756
"LEPR",0.90325528164904,0.377948568499439
"LETM1",-2.56703753758223,0.0190764396055209
"LFNG",0.609863085362953,0.549336680294624
"LGALS1",-0.669388672117141,0.511477977075366
"LGALS3",-1.1817582600242,0.252201533856715
"LGALS3BP",2.1376237372606,0.046064970070172
"LGALS7",-0.295909614267943,0.770579822190402
"LGALS8",1.38304004350001,0.183043200318731
"LGALS9",3.35493697021779,0.00340579177557532
"LHB",0.0260651702743763,0.97948317989105
"LHX1",-1.37085916064181,0.186747047004885
"LIF",0.572311906662138,0.573968777092819
"LIFR",0.801186730821122,0.433147043869438
"LIG1",0.690753193448041,0.498257336459895
"LIG3",-0.217239517292312,0.83038860354799
"LIG4",-0.829169668997829,0.417530503848418
"ABLIM1",1.11911772183206,0.277345016827398
"LIMK1",0.251584694069078,0.804122805469549
"LIMK2",0.944242411838413,0.357159586751566
"LIMS1",-0.854157272221197,0.403893042195884
"LIPA",0.971251266014658,0.343894149650985
"LIPE",1.26346420596976,0.222041312782044
"FADS1",-1.07762487277031,0.294989487709431
"LLGL2",4.06261369780647,0.000690224262307295
"FADS3",-1.31615734505526,0.204123207177627
"LLGL1",1.91430060159671,0.0711054436850161
"LMAN1",-1.15295395471926,0.263542123933841
"LMNA",-2.08670282444925,0.0509417722052186
"LMNB1",-2.04077502338169,0.0557365408531622
"LMO1",0.491702401582634,0.628686368981832
"PRICKLE3",-1.68007382843732,0.109673118095356
"LMO7",0.422567869176099,0.677458912087708
"LNPEP",-1.26156841306902,0.22270804017839
"VWA5A",0.938256451500328,0.360146250102785
"LOX",-0.332769073444442,0.743032666035389
"LOXL1",0.20955536966546,0.836294530880664
"LPL",1.67229999953711,0.111214845922107
"LPP",-1.90751473684655,0.0720276324640966
"LRCH4",1.50114812488718,0.150115017458916
"LRP1",1.68041454828212,0.109605965594674
"LRP2",0.421213475974572,0.678430114857089
"LRP3",-0.442878848072558,0.662964784750142
"LRP4",0.650403168195277,0.523391010548403
"LRP5",1.39085503537169,0.180698069085096
"LRPAP1",-0.924924537610495,0.366858958613751
"LSAMP",2.06518309588283,0.0531399191128033
"LSS",1.77775935855865,0.0918094494592942
"LTA4H",0.0439320436880588,0.965427123214856
"LTA",1.1521404923298,0.26386784026914
"LTB",0.149211159710881,0.882994131070595
"LTBP1",-1.00587707929804,0.327391366267163
"LTBP2",-1.67568637567433,0.110540989127444
"LTBP3",2.80508718158204,0.0114615028561545
"LTBR",-0.459344719709593,0.651313661556845
"BCAM",0.738141667422022,0.469646639836662
"LUM",0.110928896931039,0.912861838674664
"LY6E",2.11666111515787,0.0480187579337406
"LY75",2.20917096763996,0.0399299679707157
"LYL1",-0.148556260216636,0.883503704337622
"LYN",0.721750261449085,0.479430377770401
"SH2D1A",1.10395010932067,0.283702692235743
"LYZ",0.991733513953008,0.334063924391926
"TACSTD2",1.95800136126954,0.0654136601208857
"TM4SF1",-0.610845213630707,0.548700081387475
"EPCAM",0.71441396753526,0.483848016312076
"M6PR",0.0751893911936041,0.940867416270757
"CAPRIN1",-1.43386014522011,0.168222289961341
"NBR1",-0.982583717476425,0.338430800034568
"MARCKS",0.83039064837108,0.416857372028858
"MXD1",-1.45490193597504,0.162377871269562
"MAD2L1",-3.64167355121688,0.00178721922401272
"SMAD1",-0.540998134750486,0.594934164818301
"SMAD2",0.00603411800391927,0.995249795301735
"SMAD3",0.324889253231363,0.748893307647624
"SMAD4",-0.862133419331862,0.39960130419379
"SMAD5",-0.628836071579639,0.53710886711311
"SMAD6",1.38877038322692,0.181321260888039
"SMAD7",1.51205581649386,0.147336737492568
"SMAD9",-0.175364982098899,0.862689209760737
"MAF",0.159751582706958,0.874800057341367
"MAFG",-2.07524313675224,0.052101870174337
"MAGEA1",0.30707397419372,0.762200986995523
"MAGEA4",0.508438009272009,0.617127990564607
"MAGEA12",-0.531000217250057,0.601707002411891
"MAGEB2",-1.30120284190944,0.209089014842004
"MAGOH",0.271828236309166,0.78875057831575
"MAK",1.38080681049707,0.183717817456779
"MAL",1.11742358369064,0.278049882919123
"MAN1A1",0.163421609163649,0.871950354148711
"MAN2A2",0.299168433821583,0.768131033575829
"MAN2C1",1.67213240275745,0.111248287002457
"MAN2A1",-1.5554010064833,0.136713879956515
"MAN2B1",0.834492179096183,0.414601254509108
"MANBA",2.06579629774452,0.0530761146795212
"MAOA",-0.530775516536508,0.601859652079262
"MAOB",-1.03835574651493,0.312425034076195
"MAP1A",-1.16386542103031,0.259202083909725
"MAP1B",-1.36311594687637,0.18913251632592
"MAP2",0.570944401041246,0.574876404790448
"MAP4",0.69255302371073,0.497152624411594
"MAP6",-1.46228011018389,0.160368217386943
"MAPT",-0.0467416114787085,0.963217743562178
"MARK1",0.401974853524077,0.692287431834162
"MARK3",-0.234291509918861,0.817320164999904
"MAT1A",1.52036277989712,0.145249527179264
"MAT2A",0.302080603274081,0.765944846365526
"MATN1",-1.39956834726354,0.178111899584812
"MATN2",-0.696720682488825,0.494600000061109
"MATN3",-1.01397688274273,0.323612524313304
"MAX",-0.662634913009512,0.515698206259435
"MAZ",-0.607638527655074,0.55078005744691
"MB",0.674566870565714,0.508255530912357
"MBD1",1.41452727482039,0.173741589603518
"MBNL1",-0.692295615342235,0.497310531675433
"MBP",-2.34835379021655,0.0300927116352296
"MC1R",-1.06845337641177,0.298997256377514
"MCAM",0.068705672665613,0.945957680141001
"MCC",-1.52166627254716,0.144924245280037
"CHST6",-0.822663975890294,0.421128799573738
"MCL1",-2.00521309980219,0.0597244828874167
"MCM2",0.115567693269426,0.909234630955587
"MCM3",0.077582753464841,0.938989074320741
"MCM4",-0.187179043021119,0.853548386095238
"MCM5",-0.101095846260973,0.920556983547486
"MCM6",-1.14027927590021,0.268651328753183
"MCM7",1.30866485818936,0.206599448680075
"CD46",0.310837160337142,0.759383447632611
"DNAJB9",-1.46158304965281,0.160557207459142
"MDH1",-0.561382862740965,0.58124294848843
"MDH2",-0.00311608894222705,0.997546927365615
"MDK",0.381131712317507,0.70742718233481
"MDM2",-0.946001908265279,0.356284914200592
"MDM4",1.94134227675089,0.0675337277234662
"ME1",-1.9249686143012,0.0696768382810388
"ME2",-0.755268902737821,0.45955238657147
"MEA1",-0.739164147837932,0.469040319661525
"MECP2",-1.52390353948648,0.144367351026039
"MEF2A",-0.328917384738946,0.745895383978317
"BORCS8-MEF2B",0.114432566452794,0.910122033051795
"MEF2D",-0.972746776849168,0.343169694602669
"MEIS1",-0.0681036563231655,0.946430438230796
"MEIS2",-1.19570711376887,0.246843723685328
"MAP3K3",1.54187483237169,0.139958098035738
"MAP3K4",-1.02455171332712,0.318725442066032
"MAP3K5",0.906008016470676,0.376527529836429
"RAB8A",0.361836602138419,0.721555179351653
"MEST",0.426930711952639,0.674334373294535
"METTL1",-0.936990941784801,0.360779836913742
"MFAP1",-0.670261836452079,0.510933789655179
"MFAP2",-0.504954319280978,0.619525678034393
"MFAP3",-0.661599182107358,0.51634713059218
"MFAP4",-0.118380394416295,0.907036291130401
"MFGE8",0.0676271776861852,0.94680462716118
"MELTF",-0.728220115092475,0.475554316719827
"MFNG",-0.00586499000361068,0.995382935352012
"MGAT1",1.69808095240959,0.106171966634004
"SCGB2A1",1.4717337606417,0.15782302757815
"MGAT2",-2.04953769999176,0.0547914534537178
"MGAT5",-0.205144076352259,0.839689532113865
"MIA2",0.182463006644966,0.857194822496163
"KITLG",-0.378758434085376,0.709159166587777
"MGMT",1.67244592651483,0.111185735672321
"MGP",2.52612951222324,0.0207945494994571
"MGST1",-0.94562764102688,0.356470845702397
"MGST2",1.10986595807041,0.281210396985545
"MGST3",0.10801664187932,0.915140024082563
"CIITA",2.51882946134805,0.0211160942580931
"CD99",-2.52162141111427,0.0209925682697139
"MICB",-0.856710433320849,0.402516018923049
"MIF",-1.88434568209861,0.0752565821616092
"MIPEP",0.279223350026211,0.783156750974194
"MITF",0.464582822312441,0.647626277801957
"ATXN3",-0.978542072588878,0.340372313086047
"MKI67",-2.23243463947087,0.0381025945768016
"MKLN1",0.373876911819055,0.71272674247509
"MLF1",-0.432067889409932,0.670663061057161
"MLH1",1.40334020689168,0.177001668456368
"MAP3K9",-0.450378903098314,0.657646621459096
"MAP3K10",-2.938053774823,0.00858074789592514
"MAP3K11",1.69214661774256,0.107315052917361
"KMT2A",3.0649450773631,0.0064921046300646
"MLLT1",1.15273129200818,0.263631249871216
"AFF1",1.36945862129997,0.187176724318617
"MLLT6",1.74266748692328,0.0979133196403762
"FOXO4",2.10112461890013,0.0495150807843015
"MMP1",-0.965286136587008,0.346794284423307
"MMP2",-1.15359842809237,0.263284285250043
"MMP3",-1.23560651100615,0.231995133069484
"MMP7",2.53797984321135,0.0202823853614973
"MMP9",0.158698912234299,0.875617761513795
"MMP10",-0.408302609229209,0.687717016711906
"MMP11",0.371014146017113,0.714822121051783
"MMP13",-1.1894624410064,0.249231571982254
"MMP15",2.92218036332812,0.00888388320919927
"ALDH6A1",0.037706764572806,0.970323537183274
"MN1",-0.332110812752721,0.743521638741341
"MNAT1",-1.71026052688669,0.103858595398791
"MNDA",0.49544345410878,0.626093916776385
"MNT",0.666613396312842,0.513209801758735
"MOCS1",1.13722753852727,0.269892422501013
"MOCS2",-1.8146594769682,0.0857504860266826
"MOV10",3.84582771941527,0.00112686870909312
"MPG",-0.817975181851868,0.423734346462493
"MPI",-1.22116017482206,0.237290232104272
"MPL",-0.841211138673213,0.410922298533305
"MPP1",-0.155445288269313,0.878146049770843
"MPP2",-1.02414477534279,0.318912533180724
"MPP3",-3.54839059886584,0.00220549434913952
"MPST",-0.911944959683185,0.373474875560458
"MPV17",0.314979938226605,0.756285698191546
"MRE11",1.54930915582681,0.138167145916222
"ABCC1",-1.34139445364389,0.195954124169236
"MYO1B",-0.579443544958977,0.569247375869834
"CITED1",0.212413425845894,0.834096681912721
"MSH2",-2.20521268028853,0.0402487851343558
"MSH3",-0.200017781641133,0.843638865278871
"MSH4",-0.942091475757221,0.358230836647563
"MSH5",1.42612451311765,0.170413399917
"MSI1",-0.551792363325286,0.587664447125404
"MSMB",0.638928460647132,0.530665269223228
"MSN",-1.98443365929582,0.0621715095696247
"MSRA",-1.58601756891408,0.129602073807204
"MST1R",1.84656684167134,0.0807960893261861
"MSX1",-0.631285371169844,0.535541180045683
"MT1A",-2.08330815313012,0.0512829629711586
"MT1E",0.23705242330224,0.815209285848255
"MT1F",0.118338183311115,0.907069276668024
"MT1G",-0.51018277555953,0.615928792308371
"MT1M",-2.12385259780558,0.0473401537444928
"MT1X",-1.04492615362274,0.309457566752525
"MT2A",-1.26725146169655,0.220714014358275
"MTAP",0.0725286954900346,0.942955982514948
"MTCP1",-0.331091778490479,0.744278824009463
"MTF1",0.307908511473377,0.761575863575266
"NUDT1",-1.67118921736851,0.111436643729363
"MTHFD1",0.346884975867621,0.73257433094721
"MTHFR",0.854054715461258,0.403948418909552
"MTIF2",-0.702303322870004,0.491192635269642
"MTM1",-0.288878253906336,0.77587183635932
"MYO1F",-0.146025342045914,0.885473484703117
"MTTP",-1.33820564370985,0.196971799821026
"MTR",0.829807563755171,0.417178742940283
"MTRR",-0.603656499340432,0.553368782808832
"MTX1",-1.0754662413281,0.295929247205674
"MUC1",3.57613605487662,0.0020718576784504
"MUC4",-0.245838707500479,0.808501392155261
"TRIM37",-0.689177153666319,0.499225848479661
"MMUT",-2.55668625849636,0.0194980539463773
"MUTYH",-0.265666508887078,0.793420481159803
"MVD",3.16436428378608,0.00520949188835788
"MVK",1.94747250673401,0.0667465703931491
"MX1",1.68524010272555,0.108658666179673
"MX2",3.00267455830449,0.00744670226648471
"MXI1",-1.46619377314071,0.159310504014557
"MYB",-1.90575306390118,0.072268767163433
"MYBL1",-2.22437151123995,0.0387270716028925
"MYBPC2",-0.776317873766074,0.447328543023835
"MYBPH",-0.662890467734664,0.515538162102332
"MYC",-2.61078852337711,0.0173878250257281
"MYCL",0.245687884959962,0.80861641092044
"MYCN",2.71571337448111,0.0138973415175024
"MYD88",1.70234908770951,0.105356298904786
"GADD45B",-0.830866020589354,0.416595484478715
"MYH3",-0.993592150894652,0.333181687760507
"MYH9",0.112542684798097,0.911599744570582
"MYH10",-0.203328338326508,0.841087895539233
"MYH11",0.747935614106355,0.463858223821353
"MYL5",1.97972921920071,0.0627378222465316
"MYL6",0.214186069705722,0.832734219866757
"MYLK",-1.77231406793375,0.0927343883695096
"MYO1A",1.13104494836126,0.272419819604645
"MYO1C",0.262271677420709,0.79599682786559
"MYO1D",3.01199259450116,0.00729565444768704
"MYO1E",-1.32624272820004,0.200826992923974
"MYO5A",-2.62430560886677,0.0168954317841745
"MYO5B",0.0264546287978628,0.979176698070483
"MYO6",0.300814871951378,0.7668947936054
"MYO7A",3.03558266978217,0.00692641495866196
"MYO9A",0.556060111146644,0.584802510022697
"MYO9B",0.38188090548721,0.706880771574722
"MYO10",-1.34709016521333,0.194146776405943
"PPP1R12A",-3.38929106442697,0.0031534774904429
"PPP1R12B",0.550690150635596,0.588404725384097
"NAB1",-0.376571538031315,0.710756573997183
"NAB2",-0.392265402835825,0.699323972281404
"NACA",-0.626206873242203,0.538794474056799
"NAGA",0.892305329573139,0.383636587319503
"NAGLU",0.130064430636712,0.89791278056796
"HNRNPM",-1.0863782086879,0.291200910161457
"NAP1L1",-3.37824074015784,0.00323256122015667
"NAP1L3",-1.21553374743245,0.239377353004925
"NAP1L4",-0.403629065400479,0.691091446330825
"NASP",-0.178469360219771,0.860285292889566
"CEACAM6",0.963660006583822,0.347587793561011
"NBL1",-1.94578068496369,0.0669629898440965
"NUBP1",0.468636307780972,0.644779213549013
"NBN",-2.62096630568944,0.0170158291889419
"NCAM1",-1.50078742317732,0.150207624842169
"NCAM2",-1.62952231913203,0.120033273734171
"NCBP1",-1.48253507843826,0.154955632936093
"NCF2",1.03370603270183,0.314537261404865
"NCF4",3.3903637597151,0.00314590274032288
"NCK1",-1.55587625959879,0.1366010425327
"NCL",-0.543344699663883,0.593350017678166
"NDN",0.851443635071616,0.405359958519672
"NDP",0.451816301530458,0.65662951357581
"NDUFA1",-0.272891912863796,0.787945255479417
"NDUFA2",-0.839027579632371,0.412115595958258
"NDUFA3",0.857017605540517,0.402350554014407
"NDUFA5",-1.08072209721119,0.293644894699412
"NDUFA6",-1.60696063553451,0.124918376526939
"NDUFA7",-0.678219641037526,0.505989323688515
"NDUFA8",-1.06784267238109,0.299265512800267
"NEB",0.671363297383397,0.510247786890261
"NDUFA9",-0.633526950055912,0.534108635456327
"NDUFA10",-0.924643579156785,0.367001326083337
"NDUFAB1",0.0493293506968824,0.961183074828604
"NDUFB1",-0.791188388035875,0.43881450753418
"NDUFB2",1.13606218741624,0.270367473862167
"NDUFB3",-1.53493913051936,0.141646314743902
"NDUFB5",-1.51015772035787,0.147817120254934
"NDUFB6",-0.543313272750247,0.593371219915755
"NDUFB7",0.786726596783835,0.441358449551887
"NDUFB8",-0.779655808706538,0.445408620102272
"NDUFB9",-1.31336215465431,0.205044262461544
"NDUFB10",-2.00443131079883,0.0598149612072962
"NDUFC1",-0.227767164573881,0.8223140814123
"NDUFC2",0.0464175436778962,0.963472567796871
"NDUFS1",-1.00406591742032,0.328240562176176
"NDUFS2",-0.452084412415841,0.656439873542083
"NDUFS3",-0.0759561899327974,0.94026558330038
"NDUFV1",0.286228249024686,0.777869252488125
"NDUFS4",-2.73323984495401,0.0133836724028356
"NDUFS5",-0.934808591175402,0.361874223918808
"NDUFS8",-0.457282591265865,0.652767848999153
"NDUFV2",-0.802901660493875,0.432179575469883
"NDUFV3",-0.417313806250605,0.681229699873745
"DRG1",-1.1172130357428,0.278137575993466
"NEDD4",-2.04189254956154,0.0556151996469576
"RPL10A",-1.05472871137618,0.305067885146133
"NEDD8",-0.441211948037678,0.664149270472534
"NEDD9",0.200748062634971,0.843075989055519
"NEFH",1.09651693770834,0.286857118825197
"NELL1",-0.64800757088657,0.524905086680595
"NEFL",-0.311156786763206,0.759144298343247
"NEK1",-0.65176649479203,0.52253043886691
"NEK2",-2.16717719747239,0.0434333900833347
"NEK3",-0.0218457181693701,0.982803849825728
"NELL2",-1.27784094872525,0.217035450306942
"NEO1",0.892630628416907,0.383466795065061
"NEU1",1.41816781581366,0.172691207541695
"NF1",0.0225588463245742,0.98224260018211
"NF2",-0.100556996219879,0.920978916623556
"NFATC1",0.708587342673381,0.487373559704664
"NFIA",0.737882199084105,0.469800576410155
"NFATC3",-0.494329081374269,0.62686562724712
"NFATC4",3.15798751140166,0.00528375355789628
"NFE2",2.37540966858915,0.0284630997050098
"NFE2L1",1.37371988644262,0.185871843198009
"NFE2L2",-0.284379107708439,0.77926396801747
"NFIB",0.368212716945996,0.716874859823976
"NFIC",-0.80019726275671,0.433705863466631
"NFIL3",-1.45668262915352,0.161890976069157
"NFIX",2.52921944239374,0.020659842124544
"NFKB1",0.0707577236728929,0.944346378569742
"NFKB2",1.06664106891626,0.29979383360831
"NFKBIA",1.78566848211566,0.09048028953648
"NFKBIB",-1.20744244696256,0.242403337103477
"NFKBIE",1.68378035794652,0.108944485232407
"NFKBIL1",-0.169007984818516,0.867616107925617
"TONSL",-1.75137981852273,0.0963660123846542
"NFRKB",3.69387946989729,0.00158854817513549
"NFYA",0.143075812957529,0.887770030602507
"NFYB",1.13530017931412,0.270678439144708
"NFYC",0.320568430359978,0.752113637872213
"NHLH1",-0.255470617184654,0.801165390602324
"SNU13",0.250863812180374,0.80467177413916
"NHS",-2.45508206647367,0.0241296165871166
"NID1",-0.499879452703179,0.623026357273853
"NINJ1",0.247607163625716,0.80715308484896
"NINJ2",0.237839061028621,0.81460812038156
"NKG7",1.6900433057615,0.107722721890232
"NKTR",0.739547742887881,0.468812972763933
"NKX3-1",-1.52603102372319,0.143839430818018
"NMB",-1.02305282959325,0.319414943389615
"NME1",-1.4028598371487,0.177142752575589
"NME2",-0.865936055312301,0.397565701260591
"NME3",0.482885865855598,0.634815590715295
"NME4",0.259214735975719,0.79831881147035
"NQO2",0.524534455465714,0.606107029049708
"NMT1",-0.0174831112337072,0.986237519718548
"NNMT",0.118885286470901,0.906641760658758
"NOP2",-1.1306971584972,0.272562512643779
"NONO",-0.574301145384811,0.572649811722339
"NOS1",-1.0684725509455,0.298988836629772
"NOS2",0.228031625370619,0.822111502536778
"NOS3",-0.456570648261588,0.653270234636245
"CNOT2",-1.16349717908713,0.259347673789075
"CNOT3",1.43834885097468,0.166961394974665
"CNOT4",-0.477908377020102,0.638287965821548
"NOTCH1",-1.78741773191441,0.0901885924852925
"NPY",-0.746023402058851,0.464984990447483
"NOTCH2",3.06805366481201,0.00644770418302284
"NOTCH3",1.4567332729447,0.161877145986463
"CCN3",0.353807623033401,0.727464837600305
"NOVA1",-0.651939902015745,0.522421035579847
"PNP",-1.19211523600937,0.248215064939022
"NPAS1",-1.75276316553945,0.0961222871295484
"NPAS2",0.599787560986728,0.555890156051966
"NPAT",1.67537950765509,0.110601908899255
"NPC1",0.274776773163761,0.78651880720937
"NPHP1",-0.644011183127721,0.527436294222761
"NPM1",-2.92198431624626,0.00888769100708098
"NPR1",-2.29414284772708,0.0336217697927942
"NPR2",1.7000191217378,0.105800901067763
"NPR3",-2.63269547352911,0.0165964947008804
"NPTX1",0.672741912239933,0.509389904622125
"NPTX2",0.399284460949208,0.694234343764104
"NPY1R",0.49739508166448,0.624743469567508
"SLC11A2",0.762397671833202,0.455389941286336
"NRAS",-0.516391062933477,0.611670774561425
"NRCAM",-0.445622910256807,0.661016862878879
"NRDC",-0.511841055023239,0.614790065180564
"NRF1",0.266489826247538,0.792796029676073
"NRGN",1.69118471323266,0.107501327231318
"NRL",-0.229220833237896,0.821200719599564
"NRTN",0.521821046729737,0.607958167271229
"YBX1",-0.728715225831597,0.475258466046701
"NSF",0.259004269833832,0.798478748147952
"NT5E",0.137475737294257,0.892133121227033
"NTF3",-0.050747040623075,0.960068499035648
"NTF4",0.954912005071805,0.351878024665372
"NTHL1",0.790490923772597,0.439211572633297
"NTRK2",-0.96440713849001,0.347223057534353
"ROR1",0.558310337193656,0.58329634498642
"DDR2",0.896000540219037,0.381710774730342
"NTS",-0.583389974082617,0.566643349313303
"NTSR1",-1.33975971074453,0.196475313473551
"NUCB1",0.914180933525592,0.372329493119302
"NUCB2",-1.20226784385484,0.244353745100992
"NUMA1",2.025904938156,0.0573739866539262
"NUP88",0.0998998298175177,0.921493526952368
"NUP98",0.765116516172544,0.453808493103135
"NVL",-0.0142553388268675,0.988778178738679
"OAS1",0.851749877367247,0.40519424018077
"OAS2",1.65745810784744,0.114209753394615
"OAS3",1.33497996901928,0.198005496073249
"OAT",-0.699415766028739,0.492953349975233
"TBC1D25",0.093346200994814,0.926627416352367
"OAZ1",-0.0678043231747507,0.946665509507504
"OAZ2",1.30774003090422,0.206906730770254
"OCA2",-1.7923308413758,0.0893736792713802
"OCRL",-1.55806683305734,0.136081948303872
"ODC1",-1.34181577802872,0.1958199752155
"ODF2",-0.85225888340851,0.404918896318553
"OGDH",0.930680774002904,0.363950358240101
"OGG1",-0.501296469576995,0.622047955579155
"OLR1",-0.176979832445382,0.861438555359244
"OPA1",-2.51770628661186,0.0211659804241879
"TNFRSF11B",1.24446918626857,0.228791849104894
"OPHN1",0.146423787072091,0.885163329010039
"OPRK1",-0.489420053631639,0.630270417349498
"ORC1",-0.595476480538552,0.55870680425027
"ORC2",-0.227808390654471,0.822282501093509
"ORC4",0.661573972286961,0.516362931202716
"ORC5",-1.17875292131174,0.253367305141043
"ORM1",0.621912310183323,0.541553926084683
"ORM2",0.750862973587476,0.462136475773695
"OSBP",-1.49878917315927,0.150721514328316
"CLDN11",-0.156289137877925,0.877490190542504
"OTX1",-0.224334436674292,0.824944734142244
"OVGP1",0.793506998382749,0.437496132461405
"OVOL1",0.497849607450814,0.624429151623547
"OXA1L",-0.0674544503546724,0.946940276794649
"OXCT1",-1.22103870469314,0.237335144004689
"OXT",1.4347527826588,0.167970930241549
"OXTR",-0.88382328474836,0.388081432190266
"P2RX4",2.70887090964589,0.0141029445809396
"P2RX7",1.78557489207335,0.09049591930669
"P2RY1",-1.3809559014729,0.183672717920941
"P2RY2",-1.09278146417831,0.288451990560522
"P2RY6",0.859782676774752,0.400863076926519
"P2RY11",-0.0455309917784306,0.964169710709877
"P4HA1",-0.937175257667203,0.360687510737906
"PA2G4",-1.56042513241592,0.135524951330992
"PEBP1",-0.149596981595426,0.882693949954233
"FURIN",0.232920212092437,0.81836913650724
"PCSK6",0.292305076157681,0.773291280870799
"PAEP",-0.340101202121761,0.737593803864688
"PAFAH1B1",0.088585898120792,0.930358563282559
"PAFAH1B2",0.526849732412,0.604529665042264
"PAFAH1B3",-0.165104196361117,0.870644457106259
"PAFAH2",1.23469149086865,0.232327806858727
"PRDX1",-1.19238994906062,0.248109979058001
"PAH",1.03901802860139,0.312125003560647
"SERPINE1",-1.54664241020711,0.138807363926281
"SERPINB2",-1.65293099799023,0.115136832538088
"PAK1",2.0306944029222,0.056841920932232
"PAK2",-2.52597425444458,0.0208013398487213
"PALM",-0.978382479690296,0.340449136067392
"PAM",0.271619508991887,0.78890863709841
"PAPPA",-1.08755792458342,0.290693029913361
"PARN",-1.34226964050664,0.195675547686324
"PAWR",-0.852867011195887,0.404590091909406
"PAX6",-2.00998536889102,0.0591748344695311
"PDCL",-1.82723297704412,0.0837672554524975
"PAX9",-0.875536736475519,0.392456496598346
"PBX1",0.912501810723238,0.373189406877082
"PBX2",0.0683014992588231,0.946275071668063
"PBX3",-1.02825338391942,0.317027158049498
"PC",-0.41975493164466,0.679476648815024
"PCBD1",-1.14192214967792,0.267984956334856
"PCBP1",-1.1082643043519,0.281883567067263
"PCBP2",-0.595327684813581,0.55880415391981
"PCCA",-0.703919438954164,0.490208791171282
"PCCB",0.528403994949812,0.603471888544214
"PCDH1",3.47502712203984,0.00260134119989814
"PCDHGC3",-1.31731184316697,0.203743735316662
"PCDH7",0.421101776590836,0.678510237640498
"SERPINA5",1.1466044834964,0.266092482087187
"PCK2",2.77250015838143,0.0122980590885554
"PCM1",-0.266950657328404,0.792446571492475
"PCMT1",-0.778384558848114,0.446139221259654
"PCNA",-0.0658394804176105,0.94820865682118
"PCNT",0.678518467393254,0.505804184442076
"PCOLCE",1.30581400519549,0.207547822015402
"CHMP1A",-0.0354629593881633,0.972088680964478
"PCP4",1.18402082271357,0.251326558755597
"PCSK1",-0.785905345038742,0.441827690396373
"PCSK5",0.173539081719457,0.864103764976075
"CDK16",-0.555511918577918,0.585169733237936
"CDK17",-1.22422799704988,0.236158100826938
"CDK18",2.53770877582036,0.0202939666196427
"PDCD2",-0.92350135850807,0.367580496658918
"PDE3A",-0.129189488595026,0.898595492102299
"PDE3B",-0.458815457322992,0.651686754187164
"PDE4A",-0.704721331792737,0.48972104843215
"PDE4B",0.472349582353648,0.642176042357575
"PDE4C",1.38515187569282,0.18240708488307
"PDE4D",-3.33778819686088,0.00353906861436889
"PDE6D",-0.516628803433404,0.611507998508042
"PDE6G",0.189307849027269,0.851903498267724
"PDE7A",-2.64064345102324,0.0163179390273986
"PDE8A",0.00220373768911959,0.99826515438839
"PDE9A",0.657067982047958,0.519191477407426
"PDGFA",-1.26460494184716,0.221640875870704
"PDGFB",1.80425088538956,0.0874231771615525
"PDGFRA",0.749853129432583,0.462729986504692
"PDGFRL",0.879727203497965,0.390240015323158
"PDE6B",-0.758835590045272,0.457466942445159
"PDGFRB",0.415442431464535,0.682574858247529
"PDHA1",-2.62825098129381,0.016754224333788
"PDHB",0.138437165509294,0.891383804751608
"PDK1",-1.33431955803586,0.19821765934489
"PDK2",-0.799447933357326,0.434129360555019
"PDK3",-1.10850745302038,0.281781296339845
"PDK4",-0.734994581747354,0.471515768853129
"ENPP1",-1.93384637261082,0.0685074648326364
"ENPP2",-0.47991700248148,0.636885677015976
"ENPP3",1.88072441154827,0.0757726526664208
"PDPK1",1.14115538423886,0.268295813944294
"SLC26A4",0.364246422600197,0.719784937183651
"PECAM1",1.10055546525775,0.285140116248557
"SERPINF1",-1.65631886025584,0.114442452422149
"PENK",0.0115869841633637,0.990878600533367
"PEPD",-1.482098947648,0.155070576624306
"PER1",0.890446842624661,0.384607594134117
"GATB",-0.432694025398209,0.670216168526009
"PEX1",0.71706636222237,0.482248091073759
"PEX6",-0.848070615822916,0.407188115760746
"PEX7",0.467937720754348,0.645269482847896
"PEX10",0.888340804480224,0.385709904035687
"PEX12",-1.76183089127958,0.0945378664981161
"PEX13",0.258919601443191,0.79854309163106
"PEX14",-0.11445027447897,0.91010818860651
"PF4V1",-0.592278476519646,0.560801061770095
"PFAS",-0.525949867452192,0.605142492898047
"CFP",-0.80942698320917,0.428510750357153
"PFDN1",-1.1944411037145,0.247326416262978
"PFDN2",-1.60653860561814,0.125011331187852
"PFDN4",-1.78138102715755,0.091198720869954
"PFDN5",-0.552158568921594,0.58741859599311
"ATP8B1",0.186785620211129,0.853852452118499
"PFKFB1",-0.104051351867786,0.918243182547071
"PFKFB2",0.590562344573283,0.561926588753165
"PFKFB3",0.412408382663778,0.684758074980656
"PFKFB4",0.189421915658779,0.851815380764488
"PFKL",1.53533895013124,0.141548537004052
"PFKM",0.00230115399508008,0.998188465613666
"PFKP",-1.8751076977738,0.0765792755805027
"PFN1",0.261171368495628,0.796832373686822
"PFN2",-1.65329436112453,0.115062185968253
"CDK14",0.0796217593908011,0.937389125239893
"PGAM1",-1.93318458597078,0.0685940294486277
"PGAM2",1.39860613935051,0.178396017562329
"PGC",1.76251134401976,0.0944198880960113
"PGD",-0.46112416356873,0.650059972656491
"PGF",-1.21116816504465,0.241006394429936
"PGGT1B",-1.80859783805801,0.0867211754595886
"PGK1",-2.53351142027791,0.020474094984188
"PGM1",0.938347780091984,0.360100555033139
"PGM3",-0.366578277677355,0.718073515003206
"PGM5",-0.323141572752405,0.750195295404478
"ABCB4",0.715145108256464,0.483406681081248
"SLC25A3",-0.236673000022603,0.815499291408873
"PHEX",-1.56593373090377,0.134231318552919
"PHF1",0.916233281257006,0.371280249574635
"PHF2",1.09541335046525,0.287327626857633
"PHKA1",-1.07259908466884,0.297180813555648
"PHKA2",-1.34628511185004,0.194401427643454
"PHKB",-1.88432374668744,0.0752596988306043
"PHKG2",2.49870386801493,0.0220269803945109
"PHYH",-0.246828909410846,0.807746365721321
"SERPINA1",0.692393857542101,0.497250261548025
"PI3",-0.773403507614085,0.449008994589861
"SERPINB5",-2.50467439717406,0.0217529674912455
"SERPINB6",-0.883490038990506,0.388256753781992
"SERPINE2",-6.89124058601137,1.60759922722009e-06
"SERPINB8",-1.4236901212214,0.171107706962327
"SERPINB9",-0.484818823112313,0.633469464118157
"SERPINI1",-0.221207119412495,0.827343191933028
"SERPINB13",-1.34715996094891,0.194124711385251
"PIGA",-1.24279471599222,0.22939443784318
"PIGC",1.24744610046943,0.227723564469673
"PIGF",-0.304942011894112,0.763798729041511
"PIGH",0.264276345693413,0.794475186575139
"PIGR",2.14653296630325,0.0452567386755659
"PIK3C2A",-0.79438808566279,0.436995788746116
"PIK3C2B",2.81270906236919,0.0112738636565516
"PIK3C3",-1.63381042773215,0.119123334346355
"PIK3CA",-1.92954112952719,0.0690723530369
"PIK3CB",-3.95582675154954,0.000878708015477954
"PIM1",0.261129284981802,0.796864335819084
"PIK3CD",1.75052332322363,0.0965171821306987
"PIK3R1",-1.05671283329158,0.304184841996274
"PIK3R2",-0.0658088597724586,0.948232707330294
"PI4KA",1.15147444016626,0.264134756128099
"PI4KB",0.7720083115546,0.449814848698055
"PIN1",-0.625548406688975,0.539217073061347
"PIN4",-0.75727665831904,0.458377742531047
"PIP",0.43511016045703,0.668492883825039
"PIP4K2A",-1.47044115373686,0.158169068306444
"PITPNA",0.450864825210753,0.657302704458246
"PITX1",-2.32237000899951,0.0317389872983986
"PITX2",-0.635563290779255,0.532809071785143
"PKD1",0.581521561007801,0.567875439140165
"PKD2",0.0966677769800854,0.924024978960152
"PKM",-0.100650020474401,0.920906074579482
"PKNOX1",-0.300052938310129,0.767466817382027
"PKP1",-0.624368564706528,0.53997473636243
"PKP2",0.547706448764205,0.590411003426871
"PLA2G2A",-0.678033275972702,0.506104806562404
"PLA2G4A",1.11790034715128,0.277851386554771
"PLAG1",0.50752792952697,0.617753938152843
"PLAGL1",-0.31702658488194,0.754756883983162
"PLAGL2",0.465196670969844,0.647194766132796
"PLAT",-1.25919064179461,0.223546464411196
"PLAU",-1.84854158419588,0.0804978883330483
"PLAUR",-0.569255702876448,0.575998224319038
"PLCB2",2.26425138678507,0.0357277752161188
"PLCB3",-0.470215569041695,0.643671502199317
"PLCB4",-1.66844458192016,0.111986304514341
"PLCD1",2.01864958708244,0.058188524018815
"PLCL1",1.22478096981578,0.235954475398371
"PLCG1",0.0949169679567003,0.92539662088581
"PLCG2",0.708721834172065,0.487292013344549
"PLD1",-0.802874109801368,0.432195107332237
"PLD2",2.63475134880411,0.0165240119347736
"PLEC",-0.525830308918674,0.60522393757061
"PLEK",1.65742796253619,0.114215905584671
"PLGLB1",1.22413614306235,0.236191937951966
"SERPINF2",0.28099537271923,0.781818141174307
"PLK1",-1.90242724451513,0.0727259491485946
"FXYD3",-0.450416285413892,0.65762016090552
"PLOD1",-1.32593636239989,0.200926500235296
"PLOD2",0.223094928205057,0.825895149846874
"PLP2",-3.12707032996547,0.00565869764810306
"PLRG1",1.16695810044605,0.257981764961729
"PLS1",-0.240835364544286,0.812319366073981
"PLS3",-0.565075840730539,0.5787797515249
"PLSCR1",0.453070746349672,0.655742426675584
"PLTP",-2.27157220783064,0.0352010149051052
"PLXNA1",-1.29293650913979,0.21187431599013
"PLXNA2",0.243155572980358,0.810548243753809
"PLXNB1",3.59737813760351,0.00197499481596933
"PLXNB3",-0.689797626350322,0.498844424864953
"PMAIP1",-3.23971684048355,0.00440559222974424
"PML",0.977659388262435,0.340797360086057
"PMM1",-0.86981119418923,0.395498259968238
"PMM2",0.917327969418454,0.370721413239165
"PMP22",-1.27255811337369,0.218864589345642
"PMS1",-0.951460225472314,0.353580807263112
"EXOSC9",-2.00371884984045,0.0598975230909721
"EXOSC10",0.130637101970021,0.897465973138094
"PMS2",1.30232791301448,0.20871215628797
"PRRX1",0.282104112258898,0.780980939772026
"PNMT",1.75715277899859,0.0953524326542097
"PNN",0.713812733270316,0.484211113891319
"UBL3",-1.09452122955486,0.28770838922754
"PODXL",0.176377399917843,0.861905077956205
"POLA1",-3.46520843456753,0.00265938732108573
"POLB",-0.322114196630295,0.750961030465303
"POLD1",0.898304854797955,0.380513102823372
"POLD2",0.223337744372368,0.82570894432245
"POLE",1.43629561965547,0.167537198983038
"POLE2",-1.36784882511567,0.18767157581246
"POLG",0.295520520348476,0.77087236676611
"POLH",-0.632923201162478,0.534494272148411
"POLR2A",0.613399316586722,0.54704640261325
"POLR2B",-1.76370198131634,0.0942137598777457
"POLR2C",-1.4605608649378,0.160834675906021
"POLR2D",-0.75174646879442,0.461617600835207
"POLR2E",-0.214340821186256,0.832615302924149
"POLR2F",-0.826751850834332,0.418865502975497
"POLR2G",-0.110896060598197,0.912887521447399
"POLR2H",-0.158585820769465,0.875705618431372
"POLR2I",-0.315104580766315,0.756192562481163
"POLR2J",0.937942347422072,0.36030343805793
"POLR2K",-1.4876439535125,0.153614379098221
"POLR2L",0.669922829284259,0.511145032222738
"POLRMT",-0.757898922268612,0.458014055191082
"PON1",0.611490165079677,0.548282249309525
"PON2",0.692163347555504,0.497391682645519
"PON3",0.70141237512325,0.491735508676033
"POR",2.65769413517345,0.0157352674938625
"POU2AF1",-0.0280730755000582,0.977903108291681
"POU2F1",-0.812793894623267,0.426625415026647
"POU2F2",0.289755200779153,0.775211198408185
"POU3F2",-0.89890927673945,0.38019936741538
"POU4F1",-1.33629746795117,0.197582774123133
"POU5F1",0.280869110133761,0.781913498542034
"POU6F1",-1.0484813678362,0.307860312700339
"PPA1",-0.946779488460155,0.355898833190156
"PPARA",0.356853287270647,0.725221013509703
"PPARD",0.550134168529393,0.588778316091378
"PPARG",0.470971352731417,0.643141689973587
"MED1",-2.31426412232983,0.0322694100196328
"PPAT",-1.64547670875369,0.116677300913181
"PPBP",1.42551648684466,0.170586599290341
"PPEF1",-2.36135958659864,0.0292988175834462
"CTSA",-0.420315301047329,0.679074493608629
"PPIA",0.156969258639084,0.876961651345992
"PPIB",0.062958771052037,0.950471485529269
"PPIC",0.959629866596817,0.349559780676219
"PPID",-0.280345596744645,0.782308909714237
"PPL",2.33839551980216,0.0307140435977967
"PPM1A",-0.46286542537636,0.648834221606435
"PPM1B",0.119636870491466,0.906054507483184
"PPM1G",-1.78507657535985,0.0905791790064851
"PPOX",0.449855267803036,0.658017318239348
"PPP1CA",0.0268845772397217,0.978838356841547
"PPP1CB",-1.06024325301702,0.302618157116849
"PPP1CC",-2.52788647853733,0.0207178523089309
"PPP1R2",-1.56044255766041,0.135520842835524
"PPP1R3C",-0.278704429581672,0.783548882249574
"PPP1R3D",0.7177539096579,0.481833870832748
"PPP1R7",-0.843418380644571,0.409718317908333
"PPP1R8",-0.394662911892084,0.697583840895413
"PPP1R10",0.597627417153377,0.557300550031733
"PPP2CA",-3.18676792672506,0.00495657875835075
"PPP2CB",-1.95490608182047,0.0658030255975148
"PPP2R1A",1.33744963209835,0.197213686141488
"PPP2R1B",0.317180408009594,0.754642022344744
"PPP2R2A",-1.1130805923179,0.279862861344972
"PPP2R2B",0.734611346954475,0.471743684014849
"PPP2R2C",-2.45577855017105,0.0240946136623359
"PPP2R3A",-1.1744875229114,0.255028818908983
"PTPA",-0.684904260988738,0.501857075200917
"PPP2R5A",0.900170429898354,0.379545298776929
"PPP2R5B",0.831426409148597,0.4162868954815
"PPP2R5C",-1.45894548700624,0.161273963666652
"PPP2R5D",-1.27135350978666,0.21928334661366
"PPP2R5E",-0.743914570934954,0.466229522731227
"PPP3CA",-1.78644952707375,0.0903499446710603
"PPP4C",-0.0640705263505187,0.949598137266514
"PPP3CB",-0.00822158038699062,0.993527807069481
"PPP3CC",-0.406517321463626,0.689005254847712
"PPP3R1",-2.19489349452044,0.0410909414594716
"PPP6C",-1.02472314515856,0.31864664899011
"PPT1",-0.161633855270042,0.873338287632687
"PRB3",-0.671169884777474,0.51036820877479
"PRCC",-1.58035712291477,0.130893019743586
"PRCP",1.25843507036364,0.223813396826874
"PREP",-0.540117919917827,0.595528929562471
"SRGN",0.280527936896033,0.782171180754915
"PRG2",-0.0539274198122286,0.957568422804641
"PRH1",-1.97012256271689,0.0639086032469469
"PRIM1",-2.18423430892362,0.0419777688790108
"PRIM2",1.65439985964948,0.114835333926403
"PRKAA1",-1.48996941648777,0.153007036144253
"PRKAA2",-0.606874875111241,0.551276009441455
"PRKAB1",0.476793033939476,0.639067229911108
"PRKAB2",-1.30148805328171,0.208993428801159
"PRKACA",-0.834245907202149,0.414736499728721
"PRKACB",-1.93035346218975,0.0689654516245048
"PKIA",0.260475885091608,0.797360635711982
"PKIB",0.31837016947174,0.753753811294135
"PRKAG1",-0.891592374845025,0.38400889378339
"PRKAR1A",1.59382579159389,0.127838864823314
"PRKAR1B",2.47360127172739,0.0232149378045946
"PRKAR2A",-0.667532998629879,0.512635586514075
"PRKAR2B",-0.885639087141858,0.387127050528872
"PRKCA",-0.267454343354399,0.792064667096002
"PRKCB",-0.405367626613738,0.689835375573725
"PRKCD",2.32850362962481,0.0313430081553071
"PRKCH",1.35779516343871,0.190785747462391
"PRKCI",-0.913432222836628,0.37271275914857
"PKN1",-1.18029681089167,0.252767923836756
"PKN2",-0.902361234326312,0.378410869082801
"PRKD1",1.11924608309621,0.27729166434353
"PRKCQ",-0.11243480394947,0.911684107390341
"PRKCSH",-0.423924017251242,0.676487032069414
"PRKCZ",2.31576905432792,0.0321703153868937
"PRKDC",-1.14933005576789,0.264995472042018
"PRKG2",-0.258350384672505,0.798975704593604
"MAPK1",-1.62230776393305,0.121577492830684
"MAPK3",1.4361764504506,0.167570668049759
"MAPK6",-2.10583174134682,0.049057328339995
"MAPK7",0.956166939621454,0.351260353465544
"MAPK8",-1.55322519916686,0.137231467075203
"MAPK11",-0.1580565573198,0.87611680724845
"MAPK9",0.129290972501747,0.898516300699797
"MAPK10",0.387396102194576,0.702863407922232
"MAPK13",1.67571515244539,0.110535277802244
"MAP2K1",-1.30367085988257,0.208263014745743
"MAP2K3",-0.0402903960225042,0.968291256322992
"MAP2K5",0.523357319854596,0.606909757810759
"MAP2K6",-1.33140630632437,0.199155716875157
"MAP2K7",-1.04267634525678,0.310471396698108
"EIF2AK2",0.0204606455465213,0.983893962580633
"DNAJC3",-0.379614075819213,0.708534543372133
"THAP12",-0.658528089640929,0.518273976283524
"PRKX",-1.1424609282273,0.267766688118344
"PRLR",-0.00122831322944704,0.99903303597373
"PRNP",-1.44591687733609,0.164852918373903
"PSPN",-1.59335084486825,0.127945535299759
"PROC",-1.63010345785162,0.119909611769103
"PRODH",1.98361914284671,0.0622692311180444
"PROS1",0.36385316847255,0.720073708997136
"PROX1",0.458823628514243,0.651680993356205
"PRPH",-1.82590332769353,0.0839750663232066
"PRPS1",-0.901144912610365,0.37904041851354
"PRPS2",-2.03653156875587,0.0561994712291162
"PRPSAP1",-0.0665656362598647,0.94763832404017
"PRPSAP2",-0.666052448586134,0.513560244975838
"PRRG1",-0.364316183919373,0.719733715023859
"PRRG2",1.12327580523039,0.275620583761255
"LGMN",1.59495305366452,0.127585987357133
"PRSS2",0.880336589119232,0.389918377487907
"PRSS3",0.409242790823037,0.687038988993802
"KLK7",0.704190583736742,0.490043838620144
"PRSS8",1.33113973652256,0.199241726505161
"KLK6",0.184269119815669,0.855797942286906
"HTRA1",-3.27431319711161,0.00407846135477471
"KLK10",0.891924813352723,0.383835263922262
"PSAP",-1.08190553966762,0.293132305278956
"PSD",-0.396188230108548,0.696477647260068
"PSEN1",0.184754984109739,0.855422249420974
"PSEN2",0.374515089163226,0.71225995269898
"PSG4",-0.231721063586287,0.819286711379604
"PSG7",-0.92590534546082,0.366362255082581
"PSKH1",0.0244019034449091,0.980792113068493
"PSMA1",-0.896320036163352,0.381544566770683
"PSMA2",-1.60114981842972,0.126203380949462
"PSMA3",-1.93900219490973,0.0678363800057189
"PSMA4",-1.35675567725046,0.191110068605884
"PSMA5",0.502455231343486,0.621248407017402
"PSMA6",-0.715355105786668,0.483279964936431
"PSMB2",-0.951797839621912,0.353414011927001
"PSMB3",-0.524484060076706,0.606141384840667
"PSMB4",-0.831974495025016,0.415985222470887
"PSMB5",-1.16737322466891,0.25781829268239
"PSMB6",-0.990980848881734,0.334421654293476
"PSMB7",-1.73289853931527,0.09967377362202
"PSMB8",2.33118411272106,0.031171402474722
"PSMB9",1.7268558790375,0.100776335642732
"PSMB10",1.52217229127346,0.144798132922804
"PSMC1",-0.724416537728204,0.477830766494639
"PSMC2",-1.31451852082299,0.20466282743926
"PSMC3",-1.16224334787754,0.259843854070594
"PSMC4",-1.17899698743615,0.253272480596131
"PSMC5",-0.273814248064176,0.78724714250642
"PSMC6",-0.425852593087226,0.675105927567382
"PSMD1",0.479422995859628,0.637230429367163
"PSMD2",-0.92899655471287,0.364799767538035
"PSMD3",-1.13588992959609,0.270437746770091
"PSMD4",-0.272811185427594,0.78800636664043
"PSMD5",0.432726916235068,0.670192696813379
"PSMD7",-1.60790669245534,0.124710213551593
"PSMD8",-2.50784189673855,0.0216089026761974
"PSMD9",-1.59074692275253,0.128531693601493
"PSMD10",-3.04991717188313,0.00671097481351696
"PSMD11",-2.77034096691273,0.0123555074466971
"PSMD12",-0.986140116280823,0.336728763907593
"PSMD13",0.078642638627411,0.93815737931505
"PSME1",0.705805490609254,0.48906207012394
"PSME2",2.17579244474341,0.0426925109959836
"PSPH",-0.945836150512614,0.356367252512079
"PTAFR",0.408736181227372,0.687404305183757
"PTBP1",-0.0110817862473248,0.991276280259731
"PTCH1",0.621171775793214,0.542030524060767
"PTEN",-1.18973309979528,0.249127715978979
"PTGER2",-1.12228741190849,0.276029769662596
"PTGER4",-2.18261683753241,0.042113860592444
"PTGFRN",1.81602449042418,0.0855332122419561
"PTGIS",0.095639640262754,0.924830426054204
"PTGS1",-1.57720642945426,0.131616243654237
"PTGS2",2.43035935157126,0.0254034038756389
"PTHLH",-2.80939071338948,0.0113551912494255
"PTH2R",-0.233356715001371,0.818035196193204
"PTK2",-1.0167827353317,0.322310695171321
"PTK6",-0.864331612275827,0.398423755163183
"PTK7",1.87771425074032,0.0762040082171019
"TWF1",-3.04824451347284,0.00673577463369973
"PTMA",0.607131974799954,0.551109010237278
"PTMS",-0.087775947333206,0.930993573829307
"PTN",-0.92273802928105,0.367967891144333
"QSOX1",0.680698526538613,0.504454687210774
"PTPN1",-0.99770265950158,0.331236342318582
"PTPN2",-0.76463967924124,0.454085608321599
"PTPN4",-1.13850969833077,0.269370470661318
"PTPN6",1.38464331615719,0.182560108267278
"PTPN9",0.920880528478665,0.368911733702503
"PTPN11",-3.62599780837201,0.00185155428814836
"PTPN14",-1.06795476959804,0.299216260220523
"PTPRB",1.56628410109232,0.134149388604143
"PTPRD",-2.11155681300792,0.0485057621466913
"PTPRCAP",1.31345369478082,0.20501404697596
"PTPRE",0.34444783371203,0.734376218648166
"PTPRF",0.693093712845123,0.496821032616271
"PTPRG",-0.619347785334657,0.543205384989125
"PTPRH",-0.262039464346924,0.796173143360865
"PTPRJ",-1.35387433010516,0.192011348178424
"PTPRK",0.169987814273612,0.866856337016078
"PTPRM",0.532942429274548,0.600388355767691
"PTPRO",0.269792964474184,0.790292188700014
"PTPRR",0.486704983293067,0.632157192207665
"PTPRS",-0.486775775449206,0.632107963839893
"PTPRZ1",0.45628169103688,0.653474187114197
"PTS",-0.074516878521081,0.941395277573734
"PTX3",0.727890283168971,0.475751466621622
"RAD1",0.255855928589401,0.800872313289364
"PURA",0.566861694911323,0.577590502987631
"PURB",0.0613138966265633,0.951763747592732
"PVALB",0.138557453841815,0.891290061986456
"PVR",-1.38493484946839,0.182472374551255
"NECTIN1",-0.326034473494941,0.748040560728227
"NECTIN2",-0.0477339485530087,0.962437464562936
"PWP2",0.612732451771924,0.547477913049478
"PEX19",-1.70351869218397,0.105133721197096
"ABCD3",-0.20651046834306,0.838637586612939
"ABCD4",-0.717024962183175,0.48227303965318
"PXMP2",0.155806617866849,0.877865205025291
"PEX2",0.177253079404546,0.861226970675379
"PEX5",-1.26474785167657,0.22159074917103
"ALDH18A1",-0.35647488115285,0.725499657235401
"PCYT2",0.149991306585891,0.882387172006892
"PYGB",-0.992821628596475,0.333547232844504
"PYGL",-0.413511326752046,0.683964096117005
"PYGM",-0.191103154346918,0.850516841571983
"QDPR",-1.39666163014874,0.178971300400571
"RAB1A",0.261184081491372,0.796822718328659
"RAB2A",-0.704035681607792,0.490138070299221
"RGL2",2.84666323884479,0.0104732055175257
"RAB3A",-0.235300500754852,0.81654856547483
"RAB3IL1",-0.583758421219413,0.566400547662585
"RAB4A",1.36781125544037,0.187683137200417
"RAB5A",-0.562845434133891,0.580266786252133
"RAB5B",0.287046294818965,0.777252487907883
"RAB6A",-0.802683764745532,0.432302425018901
"MAP4K2",-0.342367242802069,0.73591574632944
"RAB13",-2.00427746112361,0.0598327810727201
"RAB27A",0.826530130777169,0.418988061719146
"RAB27B",-1.05572555342005,0.304624005863771
"RABGGTA",1.78437990714047,0.0906956913869432
"RABGGTB",-0.922771769527758,0.367950761942319
"RABIF",0.496856112270005,0.625116278526264
"RAB5C",-0.981927471212653,0.338745521355514
"RAC1",0.910332776215612,0.374302183195371
"RAC2",-2.10588905943872,0.0490517780863478
"RAC3",-0.0510283865587247,0.959847317220046
"RAD9A",2.83015675562935,0.0108553636867153
"RAD17",-1.8602837836259,0.0787446235884517
"RAD21",-1.80512311858185,0.0872819212565501
"RAD23A",-0.987153476611347,0.336244878152101
"RAD23B",-1.25593538958175,0.224698255606334
"RAD51",-1.53927230881709,0.140589604176932
"RAD51C",-0.243733280838159,0.810107415448759
"RAD51B",-1.56599699082409,0.134216522868198
"MOK",1.59471923784365,0.127638404376002
"RAD51D",-0.515674455221429,0.612161546775003
"RAD52",-0.294679650485835,0.771504704558455
"RAF1",1.17822194499558,0.253573692416742
"RAG1",-3.48826757857059,0.00252504303568308
"RALA",-0.520251454025102,0.609030217106198
"RALB",0.00650046487012207,0.994882680941051
"RALGDS",-0.689959146587281,0.498745160921988
"RAN",-0.872055921150628,0.394303888215532
"RANBP1",-1.41466286790405,0.173702375395362
"RANBP2",-0.387408368796688,0.702854482669558
"RANGAP1",-1.35000633201322,0.193226563711725
"RAP1A",1.49265699151764,0.152307583517323
"RAP1B",-2.58190146886678,0.0184860681250656
"RAP1GAP",1.1239494497752,0.275341957770684
"RAP1GDS1",-1.86634212661401,0.0778532426815765
"RAP2A",-4.26305189583002,0.000438980474145623
"RAP2B",-2.20985939841858,0.0398747559356373
"RARA",1.30750315855964,0.206985491429665
"RARB",-0.849408506522764,0.406462350599626
"RARG",-0.26834226540715,0.79139155915149
"RARRES2",2.18972732121613,0.0415185938141518
"PLAAT4",2.12229612224282,0.0474862824642341
"RASA1",-1.01031069396539,0.32531910445331
"RASA2",-0.353096143674353,0.72798936945992
"RB1",-0.509209777068351,0.616597408948479
"ARID4A",0.275572746241298,0.785916653214014
"KDM5A",-1.39892073610934,0.178303084214693
"RBBP4",-0.244076594697606,0.809845475737372
"RBBP5",0.464084815062171,0.647976451686598
"RBBP6",-0.216756394797922,0.830759623268206
"RBBP7",-1.02231497543826,0.31975475129669
"RBBP8",-0.955975456426887,0.351354552237643
"RBL1",-0.852067082873941,0.405022635484674
"RBL2",-1.16205077019599,0.259920126056774
"RBM3",-0.302840692003898,0.765374573149255
"RBM4",2.2902560161974,0.033888973444
"RBMS1",-0.334515962118003,0.741735577344513
"RBMS2",1.83011262507038,0.0833187388077926
"RBP1",-0.182576593444844,0.857106958114905
"RCN1",-0.647924739088163,0.524957481788733
"RCN2",-1.02428953573654,0.318845970185561
"RDH5",-0.0587312547486982,0.953793023204021
"RDX",-1.1511000307133,0.26428488660028
"RECQL",-2.29297018374196,0.0337021796729326
"REL",0.303931858947955,0.764556141949056
"RELA",0.797685277336588,0.435126576793072
"RELB",-0.0940277841566018,0.926093329214418
"RENBP",0.789777646700166,0.439617870839292
"UPF1",1.50502351831244,0.149123009478198
"DPF2",0.406606890423147,0.688940599860648
"REST",-1.36380609130127,0.188918919811323
"RET",1.1578288177334,0.261596481598551
"REV3L",0.157653627792586,0.876429870553073
"RFC1",-0.622128198637843,0.541415025819344
"RFC2",1.02447841920731,0.318759133541704
"RFC3",-2.38288070621178,0.0280278054004971
"RFC4",-1.61352620395342,0.1234797642172
"RFC5",-1.08763349458931,0.290660518211873
"RFNG",0.673294405709203,0.509046329452271
"TRIM27",-0.163492460482586,0.871895357060542
"RFX1",-0.0110920159566847,0.991268227653358
"RFX2",0.436465766508426,0.667526837721243
"RFX3",-0.267370746819615,0.792128047855347
"RFX5",-0.316590753103566,0.755082356855908
"RFXAP",-0.0527350344890918,0.958505697956844
"RGS1",1.65021312887762,0.115696478737399
"RGS2",1.06047945026991,0.302513548135733
"RGS4",0.737175803822792,0.470219817307011
"RGS10",-0.402884842086526,0.691629412404915
"RGS12",0.718563973554957,0.481346108143166
"RGS16",1.56672641432337,0.134046018611523
"RHCE",-0.287589133795337,0.776843298989057
"RHEB",-0.980755664749539,0.339307999512819
"RLN1",0.993317192280525,0.333312099323661
"RING1",0.716487038743557,0.482597273251482
"RIT1",-0.666462206517632,0.513304241919494
"RLF",-3.06432722993544,0.00650096477793551
"RLN2",1.65952679025006,0.113788241115811
"RNASE1",3.67471917961125,0.00165877632758503
"RNASE4",1.25980449810844,0.223329779361011
"RNASE6",3.99923246864937,0.000796559824053831
"RNASEL",1.27313264868486,0.218665082223623
"RNF2",-0.608827902497999,0.550008094844564
"BRD2",1.09025459035075,0.289534509251414
"RNF4",-1.70416641427576,0.105010632377832
"RNF5",0.224862985196916,0.824539544303925
"RNF6",-2.55033799372416,0.0197609604770192
"RNH1",0.595324039454133,0.558806539009779
"RNPEP",0.889066165068344,0.385330011405796
"ABCE1",-1.82280973089405,0.0844603122657099
"ROBO1",-0.243761595300838,0.810085811364898
"ROBO2",0.439468719338482,0.665388966902252
"ROCK1",-1.0995504033103,0.285566719490414
"ROM1",0.0962213995373071,0.924374662824182
"RORA",1.26310878407122,0.222166192404162
"ROS1",2.60423962336352,0.0176312482255545
"RP9",0.445006875280631,0.661453950745346
"RP2",-1.01073850588465,0.325119635613619
"RPGR",-0.444523735605749,0.66179683444783
"RPA1",-1.36367326214191,0.188960014860872
"RPA2",-0.290814921344157,0.774413104973255
"RPA3",-1.46796151928168,0.158834625435391
"RPE",-1.49271485756453,0.152292552641621
"RPL3",-0.767639656847197,0.452343881753221
"RPL4",-1.13122400962815,0.272346374991763
"RPL5",-1.14982173080109,0.264797938277391
"RPL6",-3.99724050882813,0.000800155600969945
"RPL7",-1.45017695651297,0.163675619341604
"RPL7A",-1.1798135527591,0.252955423165615
"RPL8",-0.468855129583391,0.644625678486155
"RPL9",-1.16167021192594,0.260070898628766
"RPL10",-0.721695680736335,0.479463156042754
"RPL11",-0.286767117334068,0.777462956358214
"RPL12",0.0942135987142761,0.925947731559317
"RPL13",-1.40546050592616,0.176380020701082
"RPL15",-0.697595995063894,0.494064850222977
"RPL17",-0.668633614697579,0.511948819985636
"RPL18",0.440241126153859,0.664839547645409
"RPL18A",-0.302076227612624,0.765948129699218
"RPL19",0.450051542138838,0.657878359210487
"RPL21",-2.10051210754103,0.0495749296139548
"RPL22",-1.63521087711818,0.118827427794082
"RPL23A",-1.52543381323511,0.143987462458412
"MRPL23",-0.0494928419783288,0.961054535135774
"RPL24",-0.915182819719948,0.371817039918729
"RPL26",-1.57988200254519,0.131001866986585
"RPL27",-0.032930707207531,0.974080915863624
"RPL30",-0.654656361093585,0.520708875342878
"RPL27A",0.341235256080059,0.736753839820737
"RPL28",-1.04681665863089,0.308607481614769
"RPL29",-1.76651600969368,0.0937281338968556
"RPL31",-0.222284097195278,0.826517018853981
"RPL32",0.363770632898476,0.720134321474076
"RPL34",-0.130786234522428,0.897349623279744
"RPL35A",-2.14983334310395,0.0449606296045765
"RPL36AL",-0.201651350292794,0.842379885131878
"RPL37",-2.65497312667888,0.0158269070519722
"RPL37A",0.184240270908306,0.855820250717313
"RPL38",0.0160471320928997,0.987367797208346
"RPL39",-0.101805402753417,0.920001419991528
"RPL41",-1.29457877430145,0.211318664332799
"RPL36A",-3.45428392045747,0.00272547435338909
"RPLP0",-0.489015237089948,0.630551570075154
"RPLP1",-0.563854648206314,0.579593692934629
"RPLP2",0.409715303225233,0.686698331576613
"MRPL12",-1.75348865645152,0.0959946798274213
"MRPS12",-2.53006765658125,0.0206230078426957
"RPN1",0.355474851386937,0.72623623001106
"RPN2",-1.06092580549533,0.302315933747414
"RPS2",-1.50330795928476,0.149561481823416
"RPS3",1.15927139111917,0.261022790440336
"RPS3A",-0.593435406976269,0.560042954925714
"RPS4X",-1.14873201897354,0.265235885438508
"RPS4Y1",1.24181606017986,0.229747190455862
"RPS5",-0.195327602886662,0.847255946436816
"RPS6",-0.513154967087506,0.61388852510712
"RPS6KA1",0.669745208975557,0.511255730920877
"RPS6KA2",3.23012928105181,0.0045007080168155
"RPS6KA3",-0.959899590760761,0.349427562438277
"RPS6KB1",-0.989369866930743,0.335188226653855
"RPS6KB2",0.00923503157352589,0.992730020563962
"RPS7",-1.29142797578125,0.212385726377589
"RPS8",-0.534921100936991,0.59904641127638
"RPS9",0.462263077515408,0.64925812461708
"RPS10",0.433151937218068,0.669889422712485
"RPS11",-0.0453738870096601,0.964293253655093
"RPS12",-0.117601045913788,0.907645334832233
"RPS13",0.0741710558052695,0.941666727829139
"RPS14",-0.00816212954742511,0.993574606863237
"RPS15",-2.51341375390043,0.0213576590965783
"RPS15A",0.363529341923449,0.720311531665836
"RPS16",0.070614206573036,0.944459062439717
"RPS17",-0.736299977988657,0.470739924571343
"RPS19",-0.0885982200760564,0.930348903100249
"RPS20",-1.05518451454822,0.304864865010535
"RPS21",-3.10546460843283,0.0059359838726019
"RPS23",-0.196762131510887,0.846149259478857
"RPS24",-3.01942539085462,0.00717730073048829
"RPS25",-0.522584598138958,0.607436982354513
"RPS26",-2.4204642307655,0.0259306475274662
"RPS27",-0.188173268434563,0.852780080791335
"RPS27A",-0.0245557322398882,0.980671052746462
"RPS28",-0.516075106756562,0.611887135418338
"RPS29",0.178776263624104,0.860047713818509
"RRAD",0.346580624703803,0.73279926439606
"RRAS",0.0966941250068683,0.924004338897451
"RRBP1",0.764820940456836,0.453980255655054
"RREB1",0.442634022603407,0.663138698711114
"RRM1",-0.897273166319618,0.381049015687425
"RRM2",-1.11040016777399,0.280986133114753
"RTKN",-0.165765757763004,0.870131107464543
"RSC1A1",2.13308135374648,0.0464820886498943
"CLIP1",-1.61845470572333,0.122409073356815
"RSU1",-0.416402416653952,0.681884676919114
"RTN1",0.706020269559573,0.488931583593837
"RTN2",0.31920608263578,0.75312997488785
"RXRA",0.845020487497608,0.408845842781158
"RXRB",1.65875799149852,0.11394473565224
"RYK",-0.922362479848403,0.368158585841647
"RYR1",-0.548399361556749,0.58994477646621
"RYR2",0.54372589676958,0.593092872107093
"RYR3",-0.861497218334723,0.399942532812171
"S100A1",-0.817719623375004,0.42387665225129
"SORT1",2.30238687656157,0.0330614643325458
"S100A2",-1.68913118170908,0.107899923931914
"S100A3",-2.45425307375369,0.0241713410974407
"S100A4",0.141765716715419,0.888790418930483
"S100A5",-1.34392992657153,0.19514793336614
"S100A6",-0.907534490497302,0.375741060928805
"S100A7",-1.24560209235299,0.228384844281651
"S100A8",-0.322657456480551,0.750556089031948
"S100A9",1.08586019063933,0.291424126346595
"S100A10",-0.963842810724331,0.34749852758576
"S100A11",0.133466366836357,0.895259054286213
"S100A12",-0.826851629222334,0.418810356579081
"S100A13",0.10766279852936,0.915416878852117
"S100P",0.879986680875315,0.390103040084026
"SAA1",-0.151213878195686,0.881436154280171
"SAA2",0.115820329567996,0.909037145445707
"VPS52",1.32079230969323,0.202603103078352
"SAFB",0.0118453517745164,0.99067522066566
"ACSM3",1.71116300896424,0.103688916114657
"SALL2",2.88529339091887,0.00962875259129283
"MAPK12",-2.12877951860442,0.0468802851609789
"TSPAN31",0.114803966900156,0.90983167186627
"SAT1",0.036903015446082,0.970955808330555
"SATB1",0.774164906557895,0.448569590836436
"SBF1",-1.06747875439524,0.299425449179678
"MSMO1",0.764907089466488,0.453930189347567
"SC5D",0.687388301304748,0.500326449041349
"ATXN1",-1.12447985616383,0.275122722908679
"ATXN2",-0.955856806967953,0.351412929672047
"SERPINB3",-1.09784052610492,0.286293557366122
"SERPINB4",-0.788696105098354,0.440234385869023
"SCD",1.2773428792524,0.21720739323279
"CLEC11A",-1.12998129794715,0.272856393824438
"SCML1",-0.902039760659506,0.378577191133239
"SCN1B",-1.6236296821366,0.121293295089854
"SCN4B",1.06912837076378,0.298700962060469
"SCN8A",-0.191122626296544,0.850501804575097
"SCN9A",-1.18881826294201,0.24947888488919
"SCNN1D",-0.147923793777538,0.883995872118353
"SCNN1G",0.466255921804317,0.646450455978455
"SCO1",-0.512427555151238,0.614387560481871
"SCP2",1.36349200595452,0.189016103902648
"SCTR",1.69808938963371,0.106170348897904
"CCL2",2.10784785711177,0.0488624450617328
"CCL3",1.73994269303702,0.0984016303380118
"CCL5",0.563810884762305,0.579622872651005
"CCL8",0.0162559722323638,0.987203414708129
"CCL20",0.0896353020949837,0.929535890173201
"CCL22",1.40857659545304,0.175469615434505
"CXCL6",0.203595045680597,0.840882460739489
"CXCL5",1.33742107592301,0.197222827314611
"CX3CL1",0.217590984315978,0.830118715940511
"SDC1",0.827860297987061,0.418253136337171
"SDC2",1.92580804858513,0.0695655144600768
"SDC4",0.381436549708922,0.707204834882516
"SDCBP",-0.324093727669623,0.74948586281911
"CXCL12",-1.13563575387127,0.270541462993284
"SDF2",1.01867639421359,0.321434188425438
"SDHA",-1.76178290668258,0.0945461909959481
"SDHB",0.415925579365095,0.68222746311225
"SDHC",-1.60829010627876,0.124625933544178
"SDHD",-0.596972605134538,0.557728459992431
"SEC13",-0.551001188164836,0.588195776259944
"SEC14L1",0.101024645659532,0.920612734016175
"TRAPPC2",-0.164813290297167,0.870870209226371
"SEL1L",-0.459580348538883,0.651147590257342
"SELL",1.56650011387632,0.134098897407646
"SELP",0.236495746246053,0.815634781618545
"SEMA3F",-0.263699900469913,0.794912650291184
"SELENOP",0.30860297720593,0.761055791327031
"SELENOW",0.28886755919543,0.775879894182915
"MAP2K4",-1.98496041853547,0.0621083847643709
"SET",-1.48647034598718,0.153921643278146
"SETMAR",-0.199154246059258,0.844304561236678
"SFPQ",-2.61583013232229,0.0172026017835398
"SFRP1",-0.126887761654705,0.900391901169997
"SRSF1",-1.63262075705985,0.119375195201099
"SRSF2",-0.914216819848067,0.37231112950304
"SRSF3",-2.3293396624776,0.0312893911501018
"SRSF4",1.40929057375897,0.175261552552035
"SRSF5",0.37683446732261,0.710564445671858
"SRSF6",-0.319734455163132,0.752735743952063
"SRSF7",-1.58757116774675,0.129249629448197
"SFSWAP",-1.11635105006668,0.278496804873817
"TRA2B",-2.44457724466727,0.0246633670600414
"SFTPB",0.989130695553927,0.335302138717606
"SFTPC",1.7298059312836,0.100236753284803
"SFTPD",3.4910057629772,0.00250954230020615
"SGCG",0.446906621664267,0.660106448687587
"SGK1",-0.65176928495424,0.522528678441949
"SCG5",-1.21619482234755,0.239131403439656
"SGSH",0.0667257903200125,0.947512540737852
"SGTA",-0.200651226313582,0.843150622277796
"SH3BGR",0.155230088455398,0.878313322500579
"SH3BGRL",-0.617593821144428,0.544336434121689
"SH3BP2",1.75401789794028,0.0959016835777398
"ITSN1",-1.29398253774914,0.211520265831964
"SH3GL1",-0.701607353225042,0.4916166745864
"SH3GL2",-0.484498039218896,0.633692769832179
"SH3GL3",0.0113986966840884,0.991026815656343
"SHB",-0.974756790184243,0.342197667837277
"SHBG",0.142995125895317,0.887832869145557
"SHC1",-0.367253277993027,0.71757839608847
"FBXW4",1.5632001615554,0.134871969998307
"SHMT1",1.98908025048084,0.0616166553428583
"SHMT2",0.0201705663866792,0.984122271767716
"SIAH1",-2.32329390470441,0.031679046427862
"SIAH2",-0.945794264536963,0.35638806095683
"ST6GAL1",0.156941983086888,0.876982846732268
"ST3GAL1",0.449104718548727,0.658548812809238
"ST3GAL2",-0.0192611684234119,0.984838029940381
"ST3GAL4",-0.152878754124116,0.880141373352161
"ST3GAL3",-1.2842701134386,0.214825483912873
"ST8SIA1",-0.240741884772511,0.812390745360657
"PMEL",0.778914077456478,0.445834811419468
"STIL",-2.4407010616138,0.0248630943947418
"SIM2",-1.97547819038247,0.0632535171467315
"SIPA1",0.99161317886569,0.334121099829373
"SIX1",-0.404233014894827,0.690655002042488
"SIX3",-0.528841283344231,0.603174447846288
"SKI",1.03922761344503,0.312030099150157
"SKIL",0.0265194894134439,0.979125656758041
"SKP1",-2.3927698706571,0.0274611588415357
"SKP2",-1.17685893053496,0.254104067763633
"SLC1A1",-0.751718871029323,0.461633803616426
"SLC1A3",1.00700276925656,0.326864344661824
"SLC4A3",0.0906449619561802,0.928744451115528
"SLC1A4",-0.382186620471591,0.706657850706129
"SLC1A5",-2.09531182692823,0.050085701274734
"SLC1A7",0.190606883986225,0.85090010069488
"SLC2A1",-1.80878878969754,0.0866904513291987
"SLC2A3",0.176529595272301,0.861787213234534
"SLC2A5",-1.58931796166934,0.128854319692052
"SLC3A2",-0.152943963437934,0.880090666831589
"SLC4A2",2.21056922735561,0.0398179011239247
"SLC5A1",1.64142889254503,0.117521117181576
"SMTN",-0.372634755602957,0.713635641753063
"SLC5A3",-0.185721664416887,0.85467487283921
"SLC6A2",-0.542626201435312,0.593834847943296
"SLC6A6",-3.19572386833861,0.00485886716756974
"SLC6A8",-1.19205692730684,0.248237374080117
"SLC6A9",1.29977447823142,0.20956823381243
"SLC6A11",2.36135907296686,0.0292988485480821
"SLC7A1",-1.7731265748438,0.0925958639639934
"SLC7A2",0.0938302902563796,0.926248081322726
"SLC8A2",0.604166797505068,0.55303667659774
"SLC8A1",0.38523751209072,0.704434700252452
"SLC9A1",0.242500139790269,0.811048460257199
"SLC9A2",-0.687727376522036,0.500117724334417
"SLC9A5",-0.730058052842447,0.474456617727125
"SLC11A1",1.2766567182719,0.217444442495821
"SLC12A2",0.886309723072224,0.386774957870805
"SLC12A4",1.11831337910012,0.277679508684369
"SLC15A1",1.30371383014042,0.208248656096038
"SLC15A2",0.882700476600756,0.388672353313805
"SLC16A1",-1.36114179908072,0.189744569669391
"SLC16A2",0.470140191069505,0.643724353700901
"SLC19A1",0.332655895768711,0.743116729297013
"SLC20A1",0.0266947943936744,0.978987702991797
"SLC20A2",1.30016579393687,0.209436861064194
"SLC25A1",-0.340195014674219,0.737524306477268
"SLCO2A1",1.87059895045853,0.0772322521367922
"SLCO1A2",-0.0118721301016247,0.990654141541341
"SLC22A3",0.643731620335195,0.52761361388748
"SLC22A4",-0.784938495863338,0.442380517651675
"SLC22A5",0.535902192917798,0.598381576173201
"SLPI",1.25274311668909,0.225832214132454
"SNAI2",-2.73431864791393,0.0133526543483489
"SMARCA1",-0.28619521222155,0.777894163729667
"SMARCA2",-2.76455382049402,0.0125107525111421
"HLTF",-0.0218015844513083,0.982838584468386
"SMARCA4",-1.39844648123845,0.178443196228462
"SMARCB1",-1.83211426036345,0.083008217069677
"SMARCC1",0.446573409027137,0.660342712397628
"SMARCC2",0.570483144681933,0.57518271107344
"SMARCD1",0.390035564460465,0.700943943038898
"SMARCD2",1.63318899920003,0.119254838463322
"SMARCD3",0.559011030967157,0.582827742929593
"SMARCE1",-0.83584164499982,0.4138606690534
"SMN2",-2.74166084558498,0.0131433665969977
"SMO",1.72017564336188,0.102007451811656
"SMPD1",2.35377488925622,0.0297593993294101
"SMPD2",2.89422179907486,0.00944312053147133
"SMS",-2.95929836442352,0.00819063850078655
"SUMO3",0.217465953902813,0.83021472291596
"SUMO2",-0.355472013263969,0.726238320823341
"SNAP25",0.279083961451027,0.783262076527397
"SNAPC1",-2.68128064887127,0.0149617841683589
"SNAPC2",-0.720350743505848,0.480271271824504
"SNAPC3",-1.51534265634483,0.146507936745133
"SNAPC4",0.88107026250967,0.389531371254173
"SNCA",-1.37091166140224,0.18673095542078
"SNCG",-1.68978970574028,0.107771964759849
"FSCN1",-2.68805765916187,0.0147463244785075
"SNRNP70",2.0159279940821,0.0584967398778159
"SNRPA",-0.249146326037298,0.805980100250274
"SNRPA1",-0.432784174433084,0.670151836782162
"SNRPB",0.760862192477451,0.456284553039997
"SNRPB2",1.29905443360984,0.209810136344342
"SNRPC",0.626645796707117,0.538512876058977
"SNRPD1",-2.87592342073391,0.00982734454923071
"SNRPD2",-1.90952717336702,0.0717530461164807
"SNRPD3",-1.16807705173451,0.25754130943236
"SNRPE",-0.29368248387158,0.772254791190009
"SNRPF",-2.21127787933591,0.0397612147894813
"SNRPG",-1.07692044547896,0.295295921791175
"SNRPN",0.68919328197318,0.499215931791754
"SNTA1",-1.63028285847606,0.119871458471883
"SNTB1",1.07611469087833,0.29564671726351
"SNX1",0.96628726097247,0.346306382906882
"SNX2",-0.272495518869084,0.788245341706526
"SNTB2",-0.406130608809578,0.689284430016967
"SOAT1",-0.854454132429798,0.403732776803531
"SOD1",-0.657327372363619,0.519028415667955
"SOD2",0.0657861418048027,0.948250550837372
"SOD3",0.0865288650216415,0.931971393247154
"SON",-0.0626722093384278,0.950696606859996
"SORD",-0.84545663974081,0.408608530470391
"SORL1",1.67126376567289,0.111421746324017
"SOS1",-0.555927035239124,0.58489164424583
"SOS2",0.807669149128305,0.429497148288932
"SOX2",1.01503340000311,0.323121898192525
"SOX4",0.648447844575454,0.524626640979877
"SOX9",-0.88637765420609,0.386739304933086
"SOX11",2.49732502077576,0.0220907213385979
"SOX15",-2.12529144134821,0.0472054327117948
"SOX12",-0.345333308662718,0.7337213638116
"SP1",-0.611468768957234,0.54829610806798
"SP2",0.556107013198787,0.58477109666446
"SP3",-0.155313360532441,0.878248595224155
"SP4",1.24765906413307,0.227647288761531
"SP100",3.24577457758308,0.00434651252422661
"SPAG1",1.25121641888506,0.226376087677662
"UAP1",-2.02670470088877,0.0572848299218575
"SPAG4",-0.426175850058735,0.674874550315512
"SPARC",0.861909217716175,0.399721533877491
"SPAST",-2.40535626540929,0.0267554133287681
"SPG7",1.59142375383069,0.128379118130934
"SPIB",0.849684764312169,0.406312593269457
"SPINK1",2.02216778847092,0.0577922564448662
"SPINK2",-1.18514450999991,0.250892860615337
"SPINT1",1.38029156391366,0.183873746211623
"SPOCK1",-0.197947863806206,0.845234757733444
"SPP1",-1.5386474094197,0.140741589405152
"SPR",-0.19561243010216,0.847036186516589
"SPRR1A",-0.832126169541028,0.41590176368899
"SPRR1B",-0.40965847047072,0.686739301460682
"SPRR2A",-1.09017753120481,0.289567568036884
"SPRR2B",-0.92082404145905,0.368940461683795
"SPRR2D",-0.0142343270962104,0.988794718022321
"SPRR2E",-1.589572377199,0.128796828835186
"SPRR2F",-0.516133115737459,0.611847409209932
"SPRR2G",-1.55654307699479,0.136442853871492
"SPRR3",-0.268854298203644,0.791003478438259
"SPTA1",-1.60181683000333,0.126055314265746
"SPTAN1",0.0794778881382067,0.937502007967648
"SPTB",-0.36148810709779,0.721811316042661
"SPTBN1",1.71905204829314,0.102215789169203
"SPTBN2",1.0263834326318,0.317884265979736
"SQLE",-0.724595293770776,0.477723636323502
"SRC",-0.566119845634905,0.578084369252718
"SRD5A1",0.499391971162765,0.623363113342832
"SRD5A2",0.072396016568192,0.943060142729376
"SRI",0.374408871515694,0.712337636669062
"AKR1D1",-0.171175293948813,0.865935730281897
"SREBF1",2.30551493817002,0.0328511363889571
"SREBF2",-0.132076994896902,0.896342701222109
"SRF",0.146344030357205,0.885225411331843
"SRM",-0.38213401086302,0.706696210575079
"SRP9",-0.913562347582708,0.372646129126135
"SRP14",-2.07864820236768,0.051754693494587
"SRP19",-0.773946957413106,0.448695342409478
"SRP54",-0.245076270868641,0.809082879753254
"SRP68",0.435393024247504,0.668291257345727
"SRP72",-2.05840847941184,0.0538494521143529
"SRPK1",-1.10122548617986,0.284855981948623
"SRPK2",-1.55891200759277,0.135882110554877
"SRPRA",0.931090675283342,0.363743833701411
"SRY",-0.20185765770409,0.842220916365606
"TRIM21",1.56686613208009,0.134013379987822
"RO60",-0.697708152686156,0.49399630337939
"SSB",-0.953509262378459,0.352569326723036
"SSBP1",-0.594297975550378,0.559478085988229
"ITPRID2",0.317100973978507,0.754701335988306
"SSR1",-1.60106887536131,0.126221359077738
"SSR2",-0.386664364522778,0.703395904772963
"SSR3",-3.27513680135244,0.00407097118673633
"SSR4",0.558767537457616,0.582990562210681
"SSRP1",-2.35954560107331,0.029408364913783
"SSTR2",-1.98107292150501,0.0625756007165987
"SSX1",0.52694560730673,0.604464389899301
"SS18",-1.31151998422157,0.205653069377471
"ST13",-2.76860175380777,0.0124019684169057
"ST14",3.08514817912469,0.00620876658988654
"STAC",-0.593570991591078,0.559954145020498
"STAT1",1.72610208264724,0.100914610544097
"STAT2",0.58460697322694,0.56584156899492
"STAT3",3.26326022344685,0.00418029808847792
"STAT4",0.0430317592237218,0.966135147935792
"STAT5A",0.126726058914928,0.900518124804463
"STAT5B",-0.736710636883587,0.470496012894607
"STAT6",-0.31284898317859,0.757878587557441
"STAU1",-1.11695590490992,0.278244698438782
"STC1",-0.281536971305869,0.781409149642544
"HSPA13",-1.03387047589019,0.314462386794483
"SULT1E1",1.90710738197769,0.0720833270448143
"ELOVL4",-0.940674375370399,0.358937802069547
"STIM1",-0.389755613203461,0.701147431012093
"NEK4",1.19693719465506,0.246375414197201
"STK3",0.112742500121993,0.911443491844309
"STK4",-2.58758280517493,0.0182650136108126
"AURKA",-3.69414093793188,0.00158761054837249
"CDKL5",-0.341150266543598,0.736816777557862
"STK10",-1.06782419366818,0.299273632424549
"STK11",-1.56512543677514,0.134420488328748
"AURKC",1.17403309600796,0.255206315451649
"STRN",-1.65395087726536,0.1149274206869
"STX1A",0.423827316997924,0.676556312771053
"STX3",-0.993226341753612,0.333355197131588
"STX4",0.71957386984717,0.480738428218049
"STX5",-0.243563399443085,0.81023703913433
"STXBP1",1.08081121162151,0.293606273556799
"STXBP2",0.0242988595566709,0.980873206907409
"STXBP3",0.686174603789036,0.501073975172943
"STYX",0.707336390269577,0.488132432833773
"SULT1A1",-0.576915789314324,0.570918543446118
"SULT1A3",0.297474753543435,0.769403412156158
"SULT2B1",1.40911065724128,0.175313963865183
"SUOX",0.97561814319239,0.341781708097037
"SUPT4H1",1.37581144812827,0.185234034431793
"SUPT5H",0.10420353761397,0.918124059743757
"SUPT6H",1.70900986182886,0.104094132500047
"SUPV3L1",-1.76335323027786,0.0942740966973096
"SURF1",-1.16111477456424,0.260291073743611
"SURF2",-0.7658535105043,0.453380389787933
"SURF4",0.12366386532968,0.90290895451934
"MED22",-0.240858425491311,0.812301757454998
"SURF6",-0.198493328893887,0.844814140870614
"SUV39H1",-2.36938599913081,0.0288186405289137
"SVIL",-1.02149362913659,0.32013331117981
"VAMP1",-1.02004557183228,0.320801495436502
"VAMP2",1.59587000972893,0.127380598203893
"VAMP7",0.525766992110857,0.605267071874761
"SYK",1.34214532810609,0.195715097813362
"SYN1",-0.382082980807743,0.706733419495968
"SYN2",-0.844091066063319,0.409351841120482
"SYP",1.48159187671359,0.155204304877695
"SYT1",-1.56469702230383,0.13452084305036
"TACR2",1.14298684055307,0.267553759775027
"TACC1",-0.356775303495217,0.725278434545298
"ADAM17",-1.90522652468225,0.072340977585909
"TADA2A",-3.15319620592696,0.00534023018105355
"TAF1",-0.501629081915847,0.62181840275805
"TAF2",-1.52303044633837,0.14458446746483
"TAF4",-0.431804622881186,0.67085100016502
"TAGLN",3.20357090741187,0.00477480335252281
"TAF5",-0.999789217464839,0.330251902173448
"TAF6",0.572428668796636,0.573891314906289
"TAF7",-1.48221832337216,0.155039107803079
"TAF9",-3.04131713683406,0.00683943493052699
"TAF10",-0.588932055060185,0.562996909367301
"TAF11",1.16862550811355,0.25732562549194
"TAF12",0.504120658164549,0.620100105917317
"TAF13",0.191866717373883,0.84992723265338
"MAP3K7",-1.88605110623462,0.0750146174872768
"TALDO1",0.243495653849133,0.810288732261462
"TAP1",2.13124978020219,0.0466512491963218
"TAP2",0.625245440578082,0.539411574854609
"TAPBP",2.03331987835261,0.0565521425025488
"TARBP1",2.01500996995034,0.0586010348883376
"TARBP2",0.183746917220857,0.856201773065109
"TBX1",-1.62594884204477,0.120796059798299
"TBCA",-1.47846383024616,0.156031350982083
"TBCC",0.345257805007169,0.733777194527484
"TBCD",1.35578920935992,0.191412001641643
"TBCE",0.0530177663070796,0.958283450783824
"TBL1X",-1.84308584143579,0.0813241096691223
"TBP",0.980762633544703,0.339304652509865
"TBX2",-2.00914656112616,0.0592711144604615
"TBX6",1.27300021327147,0.218711057818035
"TBX15",-0.927580012311025,0.365515215272559
"TBXAS1",0.924779107956476,0.366932646180063
"TCEA1",0.0201947366779518,0.984103248287261
"TCEA2",-0.990898359060687,0.334460876656005
"TCEA3",-0.134992972742391,0.89406861508484
"ELOC",-0.423887379936725,0.676513280450831
"ELOB",-1.06061212107952,0.302454801215359
"ELOA",0.665202619834661,0.514091418804629
"TCF4",-0.147616097583553,0.884235330271348
"TBX3",1.13990121481086,0.268804849736141
"HNF1B",0.434464076456653,0.668953512247468
"TCF3",-1.86544254322143,0.0779850365624069
"TCF7L2",-0.330921841038147,0.74440512073735
"ZEB1",-1.5795816376143,0.131070717974283
"TCF12",-0.603904505973237,0.553207364855903
"TCF15",-0.827648077022957,0.418370334589701
"TCF19",0.0406128404209459,0.968037637366383
"TCF20",0.915264092843309,0.371775490422429
"VPS72",1.54130124814666,0.140097075863555
"MLX",0.564341264415174,0.579269286957615
"TCN1",0.0206149890808446,0.983772485814026
"TCN2",-0.716196373249612,0.482772525353961
"TCOF1",-0.465690861779885,0.646847462509604
"TCP1",-2.08681264291332,0.0509307690076566
"TCTA",1.20387483118971,0.243746767844879
"DYNLT3",-1.94949205362474,0.0664890438506861
"PPP1R11",0.129894348101125,0.8980454884668
"DYNLT1",0.169359107043774,0.867343828496782
"TDO2",-0.710645526610513,0.486126492205719
"PRDX2",0.260236972380684,0.797542127676094
"TEAD1",-0.527427503044412,0.604136349479672
"TEAD4",-0.653482325325947,0.521448475663724
"TEAD3",2.03854809562205,0.0559790525652354
"TEC",-0.0821315311524406,0.935420156192005
"TEF",-0.314559300207862,0.75660003667008
"TMBIM6",0.0810289878772067,0.936285072834464
"TEK",0.708607455579537,0.487361364119755
"TEP1",-0.204616311019294,0.840095926432849
"TERF1",-1.6498514254901,0.11577113254238
"TERF2",-0.647744170893944,0.525071709925796
"TESK1",0.497553829474599,0.624633682388355
"TF",-0.368438013567413,0.716709692252766
"TFAM",-2.75765137702441,0.0126983579588924
"TFAP2A",-0.822096528959694,0.421443585719574
"TFAP2C",1.10186722996789,0.28458403345057
"TFAP4",-2.60666406725055,0.01754075735195
"TFCP2",-0.490729640109999,0.629361281960778
"NR2F1",0.972453693643115,0.343311586707166
"NR2F2",-1.36312915932267,0.189128425326809
"TFDP1",-0.223153247190179,0.82585042649786
"TFDP2",-2.37732679591773,0.0283508029992807
"TFE3",-1.37307479475723,0.186068914016762
"TFF1",0.455157253844793,0.654268106648405
"TFF2",-0.44272238516607,0.663075927307502
"TFF3",0.721906962642454,0.479336278725426
"TFPI",0.438756070977257,0.665896052042314
"TFR2",0.0731450089433662,0.942472156602253
"TFRC",-0.829881367277165,0.417138056908177
"TG",1.58080560804503,0.130790344110285
"TGFA",-0.184472014732956,0.855641050193979
"TGFB1I1",-0.239870828642258,0.813055947467506
"TGFB2",-0.391224601239057,0.700079927662659
"TGFB3",1.61316385360569,0.123558794147291
"TGFBI",-2.23438893135841,0.0379526380730475
"TGFBR1",-3.32936730792653,0.00360637763472571
"TGFBR2",-0.717851176316458,0.481775288420502
"TGFBR3",-0.410226027322374,0.68633020292046
"TGIF1",-0.367842004611701,0.717146664540325
"TGM1",0.0701468629262079,0.944826010249857
"TGM2",-0.534556478022668,0.599293589641947
"TGM3",-0.21014192331003,0.835843356869845
"TH",-1.66909571587329,0.11185569475205
"THBD",-1.44224177377324,0.165874090225264
"THBS1",0.0885283164691098,0.930403706366986
"THBS2",-0.252069202686248,0.803753899389964
"THBS3",1.45075132761798,0.163517414106095
"THBS4",-1.83641207440378,0.0823449052653541
"THOP1",-1.0869120473933,0.290971006984281
"THRA",2.78686700963345,0.0119222718392173
"THRSP",-0.553818750983971,0.586304684012545
"KLF10",0.604776739252095,0.552639860345008
"TIA1",-0.462911805388584,0.648801586721657
"TIAL1",-1.01406437006354,0.323571876957901
"TIAM1",0.172984865727164,0.864533218796624
"TIMP1",-1.07157224990808,0.297629975927994
"TIMP2",1.32150150605072,0.202371300966356
"TIMP3",1.55729010359189,0.136265818935499
"TIMP4",0.207756097818619,0.837678884505238
"NKX2-1",1.81540110833167,0.0856323782809683
"TJP1",-1.18205854761886,0.252085274957439
"TK1",-0.134435298132826,0.894503457005106
"TK2",0.530340070000394,0.602155525003626
"TKT",-0.505058644419036,0.619453811274499
"ICAM5",1.8369809582971,0.0822574546950474
"TLE1",1.14834788440586,0.265390394950597
"TLE2",2.87306461673046,0.00988871685846836
"TLE3",-0.0970254190734084,0.923744820198011
"TLE4",0.487515553091225,0.631593633304515
"TLL1",0.384117874034611,0.705250251776977
"TLN1",-1.04829618613474,0.307943363430222
"SEC62",-0.0426525301548819,0.966433399640219
"TLR2",2.92651900780187,0.00880001622838798
"TLR3",3.14220989843275,0.00547196184097485
"TLR5",1.86876569008854,0.0774991532158678
"NR2E1",0.385089293988354,0.704542642171002
"TSPAN7",-0.384892194170554,0.70468619286433
"TSPAN8",-0.00199056989452148,0.998432965953503
"TM4SF4",1.79836519734349,0.0883815744568717
"TSPAN6",0.105260855944916,0.917296503000226
"GPR137B",0.0124463726222238,0.990202116169329
"TM7SF2",1.09394057824094,0.287956412406121
"TRAPPC10",-0.467813555515115,0.645356639656132
"TMF1",1.020653089387,0.320521045596484
"TMOD1",-0.0282656664959268,0.977751558373876
"TMPO",-2.98391599865156,0.00776002841661385
"TMSB4X",-0.61726564223499,0.544548201932597
"CLDN5",-0.248430745429758,0.806525380494948
"CLEC3B",-1.07327444018583,0.296885664196457
"TNF",1.4531105116162,0.162868906362058
"TNNC2",-0.841651475190607,0.410681927484919
"TNFAIP1",2.84383210712216,0.0105378200009943
"TNFAIP2",-0.699542152261998,0.492876208255816
"TNFAIP3",-1.12179665286409,0.276233105982244
"TNFAIP6",0.311964405708261,0.758540136869821
"TNFRSF1A",-0.65113132845117,0.5229312765442
"TNFRSF1B",1.18196388643652,0.252121919475312
"TNNC1",4.15917484655035,0.000554939056690858
"TNNI2",1.97794973526198,0.0629532333055377
"TNNT2",1.93173161934608,0.0687844250710358
"TNS1",1.92522363672824,0.0696430010819108
"TOP1",-1.92567648741944,0.0695829513510422
"TOP2A",-1.40513476010723,0.176475411064262
"TOP2B",-0.64523957304569,0.526657547362191
"TOP3A",1.08792884747394,0.290533476989607
"TP53",0.0129052875205632,0.989840875458216
"TP53BP1",1.19528959064874,0.247002834050073
"TP53BP2",1.47932855100558,0.155802360345765
"TP73",0.617441575647034,0.54443466982955
"TPBG",0.465952123109836,0.64666388891211
"TPD52",0.0553885847585949,0.956419960005294
"TPD52L2",-0.586057687952122,0.564886583742548
"TPI1",-0.530766818442432,0.601865561479965
"TPM1",-0.0786351001584743,0.938163294517111
"TPM2",0.0160588742437812,0.987358554697034
"TPM3",-0.186361916440595,0.854179947775854
"TPM4",-0.516325189289272,0.611715880570777
"TPMT",-0.0753187856088525,0.940765856637162
"TPP2",-1.01878738370317,0.321382867680672
"TPR",0.66291504751511,0.515522770196435
"TPSAB1",0.661386284605033,0.516480575633778
"TPT1",1.01463447967504,0.323307087353086
"CRISP2",0.0541648146118041,0.957381826024277
"NR2C1",-0.695357608863497,0.495434025433878
"NR2C2",-0.451161053520644,0.657093083968798
"HSP90B1",-1.02364512236505,0.319142356728329
"TRAF1",-0.582418342950531,0.567283899994743
"TRAF2",-0.752771661892501,0.461015948639019
"TRAF3",-1.59278313843302,0.128073137342007
"TRAF5",-0.33079127094972,0.744502164877767
"TRAF6",-2.05194789203699,0.0545340516538158
"CCT3",-1.60779010340664,0.124735851074612
"TRIO",-3.56584130065373,0.00212048003518438
"TRIP6",1.33713986751083,0.197312863415421
"TRO",-0.0166336476663607,0.986906139867623
"TRPC1",-0.73230653805532,0.473115772166481
"TRPC6",0.739735939125311,0.468701457842638
"TRPM2",-0.629974076230999,0.536380170813901
"TRPS1",-2.01305114859104,0.0588241315055541
"TSN",-0.734582374453919,0.471760917043592
"TSC2",1.23181022367201,0.233377742055393
"TSG101",0.30723807451499,0.762078051759059
"TSNAX",-0.178516341176002,0.860248923255636
"TSPYL1",0.0305437531985152,0.975958998780272
"EIPR1",-0.993643091016924,0.333157531016532
"PHLDA2",-1.30546025057113,0.207665741065863
"TST",0.708808982713422,0.487239176743525
"TTC1",-1.31025823281132,0.20607087689438
"DNAJC7",-1.51174463069436,0.147415405854087
"TTC3",-1.83279045909028,0.0829035450834201
"TTC4",0.632250446152326,0.534924164693869
"TTF1",-1.64818355426492,0.116115903140718
"TTK",-2.51869169953128,0.0211222070297674
"TUB",-0.311414193562306,0.75895172083653
"TUBA4A",-1.54456105941936,0.139308759439887
"TUBB2A",-1.69869065149937,0.106055118607976
"TUBG1",-1.22502394213576,0.235865046339542
"TUFM",-0.143345422663395,0.887560065912384
"TUFT1",1.17662678870663,0.254194481854402
"TULP3",0.0963760210774996,0.924253533364013
"HIRA",-1.65290741058314,0.11514167958027
"TWIST1",-1.56947763661806,0.133404545026114
"TNFSF4",0.882360771459173,0.388851253035782
"TNFRSF4",-0.955738470175131,0.351471159893839
"TXN",-2.82547876779268,0.0109660823901821
"TXNRD1",-2.99176253462705,0.0076274434865755
"TYK2",0.29639459694655,0.77021523205094
"TYMS",-1.44318560158594,0.165611346131723
"TYRO3",-0.495343996843326,0.626162773594539
"U2AF1",-0.242575080866038,0.81099126215073
"UBA52",-0.89689523771276,0.38124545699983
"UBB",0.0307677723186774,0.975782731645319
"UBC",-0.472465799852552,0.642094645220048
"UBA1",-0.0537307465790967,0.957723013574239
"UBA7",2.26793377735758,0.0354619112240889
"UBE2A",0.217204467842356,0.83041551881801
"UBE2B",-0.208390604605515,0.83719063480281
"UBE2D1",-2.110166726142,0.0486391660897246
"UBE2D2",-2.40696713180444,0.0266663208155846
"UBE2D3",-1.21223488837458,0.240607562644134
"UBE2E1",-0.174672220026019,0.863225848161759
"UBE2E2",-0.741510059860181,0.467650990965508
"UBE2G1",-1.34024387300818,0.196320838291674
"UBE2G2",0.140764100542798,0.88957067755012
"UBE2H",-0.423313419528799,0.676924543288441
"UBE2I",0.355471807979855,0.726238472053853
"UBE2L3",-2.33466801255787,0.030949664538146
"UBE2N",-2.14062181904686,0.0457915323839783
"UBE2V1",-1.54583323934533,0.139002113512026
"UBE2V2",-2.45117190707211,0.0243270145554675
"UBE3A",-2.3455941342612,0.030263716483442
"SUMO1",-1.76222939472077,0.0944687575914205
"UBP1",-0.509769842888536,0.616212505696508
"UBTF",-0.483890437441427,0.634115835656136
"UCHL1",-1.69743105346731,0.106296640484937
"UCHL3",-0.706393174814838,0.488705077443277
"UCN",-0.52096231988482,0.608544574751579
"UCP2",0.746443943031933,0.464737046397903
"UCP3",1.09295379509037,0.288378271281315
"UFD1",-1.71228269533983,0.103478730697541
"SLC35A2",-0.874148469302622,0.393192617160632
"SCGB1A1",-0.367995702602525,0.717033969115354
"UGCG",-2.2262994251655,0.038576907831576
"UGDH",-4.17024805363525,0.000541235870089822
"UGP2",-0.838294827255777,0.412516537186463
"UGT2B7",1.22594138073141,0.235527605337601
"UGT8",-1.813754243011,0.0858948411041997
"UCK2",0.0655625351505889,0.948426181025881
"UMPS",-0.867542715033177,0.396707671086425
"UNG",-0.594076294186144,0.559623229545023
"USP4",1.75524991097683,0.0956855011788682
"NR1H2",1.2368931512001,0.23152796864217
"UPP1",-0.603647556846333,0.553374603599978
"UPK2",0.447836683526975,0.659447184441758
"UPK3A",0.980794544538843,0.33928932645295
"UQCRB",-1.22309658810889,0.236575147340845
"UQCRC1",-0.32660602407496,0.747615100936797
"UQCRC2",-1.05522479100207,0.304846930067866
"UQCRFS1",-1.56915852944861,0.133478815892615
"UQCRH",-1.92809118859265,0.0692635284480257
"UROD",-1.0269015279066,0.317646628206236
"UROS",0.333018724895482,0.742847247950241
"USF1",0.172365256210609,0.865013396379493
"USF2",-0.839613599062651,0.411795122881669
"USP1",0.529274992271845,0.602879512406486
"UTRN",0.768727022548553,0.451713589261551
"KDM6A",0.591511453740502,0.56130396844495
"UVRAG",0.87435148613468,0.393084912184911
"VASP",-0.507765522279632,0.617590494222582
"VAV1",-0.280727981101186,0.782020087705373
"VAV2",-0.229762136935127,0.820786235690521
"VBP1",-1.51066588990112,0.147688382562386
"VCAM1",-0.0651309386853442,0.948765182932224
"VCL",-2.47008592451038,0.0233860227744582
"VCP",-1.40445928654676,0.176673347166525
"VDAC1",-1.28784352334578,0.213604767242993
"VDAC2",-3.55429655457373,0.00217635124807372
"VDAC3",-1.70939846681236,0.10402089761115
"VDR",0.155517967572352,0.878089558182839
"VEGFA",-0.604314097908939,0.552940831968527
"VEGFB",0.44435632273745,0.661915665097256
"VEGFC",-2.5115129953933,0.0214430565570975
"VGF",0.171715840469547,0.865516730745435
"VHL",-0.757913153997286,0.458005739389048
"VIL1",0.957842576609938,0.350436774953773
"EZR",2.91805419355681,0.0089643584614532
"VIM",-0.0147674704654942,0.988375058393033
"VIPR1",2.32891127510437,0.0313168541304732
"VLDLR",-2.36138278277364,0.0292974192182253
"TRPV1",0.959254708847242,0.349743739385719
"VRK1",-2.57839037289774,0.0186239439173145
"VRK2",-1.07048773520784,0.298104901811497
"VSNL1",-0.706991073079317,0.488342036210639
"VWF",-0.894358581293029,0.382565711767176
"WAS",1.17403823403886,0.255204308046874
"WIPF1",-0.705160987263234,0.489453752725493
"EIF4H",1.42482640175538,0.170783346383346
"CLIP2",-1.20486910726786,0.243371792905285
"LAT2",3.19425290423913,0.00487478554475696
"CORO2A",0.871067023118835,0.394829768606029
"WEE1",-0.205703580407165,0.839258748594587
"WFS1",-1.00726521648548,0.326741558803211
"NSD2",-2.06705114793773,0.0529457616502092
"NELFA",-1.77216656563475,0.0927595553478792
"WNT3",0.769852798498667,0.451061598934975
"WNT5A",-0.23031876637075,0.820360073135695
"WNT7A",-0.497107189278624,0.624942593851342
"WNT7B",-0.134390160539101,0.89453865415404
"WNT10B",-0.501787911940884,0.621708800063732
"WNT2B",-0.481444816439099,0.635820000298165
"WRN",-1.26525851822813,0.22141170085053
"XBP1",0.634625183527518,0.533407543310171
"XDH",0.00103499115880033,0.99918522468782
"XG",-0.189780767895106,0.851538177235098
"XK",1.12808903330883,0.273634351803514
"XPA",-1.68293873256096,0.109109568266127
"XPC",0.814068037958816,0.42591331306908
"XPNPEP1",0.426053447272585,0.674962158497932
"XPO1",-1.22322074147974,0.236529355894629
"XRCC1",-0.64849357472894,0.524597724199584
"XRCC2",-1.33945890918851,0.196571334715587
"XRCC3",-1.05825001419478,0.303501976139256
"XRCC4",-3.09796480256678,0.00603529522156889
"XRCC5",-1.48103671544803,0.155350824470541
"YES1",-2.45518847664379,0.0241242656872772
"YY1",-1.25418823716728,0.225318332221171
"YWHAB",-2.16171776706163,0.0439089417716152
"YWHAE",-1.04245080318773,0.310573163316191
"YWHAG",-0.967305310437987,0.345810718320284
"YWHAH",0.122717854390838,0.903647753239728
"YWHAZ",0.79066576806435,0.439112013134728
"SF1",0.587478296210523,0.563952230910579
"ZFP36",-0.112903357854495,0.911317706090379
"ZFP37",-4.28666752023567,0.000416221560185733
"ZBTB14",0.167725694464761,0.868610610347823
"ZFPL1",-1.15292828883171,0.263552396155972
"ZFX",-0.866676953054191,0.397169877431934
"ZFY",0.152513835119768,0.880425142829594
"ZIC2",-2.27553848353747,0.0349186291047366
"ZNF2",1.91806499402314,0.070598395950252
"ZNF3",2.02331200841569,0.0576639026272364
"ZNF711",-1.70264466786717,0.105300011337923
"ZNF7",1.28415572212017,0.214864650968991
"ZNF8",-0.90027012627455,0.379493625459663
"CNBP",-1.21319126822541,0.240250414568975
"ZNF10",-0.649805830364901,0.52376831556044
"ZNF12",-1.82475481636381,0.0841549303728156
"ZNF14",-0.160985364488159,0.873841851916444
"ZNF708",-0.302369947177852,0.76572774355992
"ZNF16",0.422138562308122,0.677766694995626
"ZNF17",0.569194955547246,0.576038600229093
"ZNF18",-0.270314892836639,0.789896770683945
"ZNF20",0.34815590604234,0.731635307540214
"ZNF182",-0.688814454007082,0.499448888739028
"ZNF22",-0.319385811413686,0.752995867272773
"ZNF23",-0.870199160569619,0.395291662274952
"ZNF24",-0.704498250276203,0.489856706988609
"ZNF26",0.454643768647304,0.654630798667617
"ZNF28",0.728166681434079,0.475586252241335
"ZSCAN20",-0.734965646295232,0.471532974882561
"ZNF32",-0.697621010790465,0.494049561002431
"ZNF33A",0.173812694230341,0.863891762679529
"ZNF33B",-0.208512443960689,0.837096887808319
"ZNF35",-0.235092989409797,0.816707238689785
"ZKSCAN1",2.44130935816783,0.0248316509467741
"ZNF37A",-0.709231519825218,0.486983047536736
"ZNF41",-2.33686087040709,0.0308108485384755
"MZF1",1.85750871978852,0.0791559175522758
"ZNF43",-0.284911280612615,0.778862497319014
"ZNF45",-0.275230204687576,0.786175769087183
"ZBTB25",0.611429836214351,0.548321326177555
"ZNF69",0.039703124472237,0.968753184235141
"ZNF70",-1.77258969487036,0.0926873765403609
"ZNF74",-0.660353871212172,0.517127970988588
"ZNF75D",0.624531254492294,0.539870227018687
"ZNF75A",-3.8332287468939,0.00115943068365328
"ZNF76",3.27880776266082,0.00403774978855853
"ZNF79",-1.22795290589229,0.234789044956798
"ZNF84",-1.11901101413535,0.277389374913706
"ZNF85",-0.0227124080730592,0.982121744490913
"ZNF91",0.394769072194011,0.697506828592791
"ZNF222",-2.23005665135744,0.0382857968220434
"ZNF121",-1.2310475684325,0.233656262504764
"ZNF124",0.491929267182639,0.628529015309337
"MKRN3",-0.700626755177735,0.492214492671829
"ZNF131",-1.44270198367072,0.165745934001183
"ZNF132",0.466754599772691,0.64610017942159
"ZNF133",1.4296187152986,0.169420820967868
"ZNF134",0.871843425689879,0.394416851244261
"ZNF135",-1.18576013808583,0.250655492711771
"ZNF136",0.645517249741946,0.526481600271373
"ZNF140",-1.2376382416715,0.231257765513088
"ZNF141",-0.604610474437792,0.552748014012302
"ZNF142",0.881531369749097,0.389288270715222
"ZNF143",-1.08277345875753,0.292756793133416
"PCGF2",0.24453751680052,0.809493840198665
"ZBTB16",1.49493317165261,0.15171725955485
"ZNF146",-1.97256810628738,0.0636087226065795
"TRIM25",1.55524167593038,0.136751726577024
"ZNF148",-0.814744316772593,0.425535654870072
"ZBTB17",0.973936422609475,0.342594160800638
"ZNF154",1.66842248597397,0.111990738981622
"ZNF155",-0.828166332887818,0.418084166525248
"VEZF1",0.269762132339339,0.790315549255434
"ZNF165",-0.0163885310328386,0.987099075171268
"TRIM26",2.49767992485179,0.0220742983805827
"ZNF174",-1.08640251943385,0.291190437614528
"ZNF175",0.410188072102331,0.68635755817917
"ZNF177",-0.219537152578091,0.828624668596322
"RNF112",-1.76054057384932,0.0947619355819082
"RNF113A",-1.10490830580534,0.283297917196267
"ZNF184",-0.576897550146533,0.570930611036213
"ZNF185",-1.50192465090253,0.149915810269596
"ZSCAN26",-1.28071425244083,0.21604560012178
"ZNF189",-0.809371068902913,0.428542104352472
"ZSCAN9",0.292741400151749,0.772962902644426
"ZMYM2",0.0781126644645823,0.938573242532866
"ZNF202",0.0547736990705489,0.956903242963809
"ZNF205",-0.721938089645228,0.479317588263462
"ZNF207",-0.643724747731748,0.527617973421743
"ZNF213",-0.117768994004058,0.907514082114121
"ZNF215",-1.47715798991804,0.156377680064218
"ZFAND5",-1.70001702103603,0.105801302647276
"ZNF217",0.607010499691675,0.551187911085658
"ZNF223",-1.33261696729381,0.198765462521063
"ZNF224",-0.662136562676702,0.516010384282789
"ZNF225",-0.801487015344376,0.43297754208226
"ZNF226",-0.560777685496596,0.581647104303811
"ZNF227",-2.46769725880001,0.0235029487833283
"ZNF112",-1.16111535403343,0.260290843969572
"ZNF229",-2.05922322142843,0.053763670678568
"ZNF230",0.0793202712039044,0.937625677246328
"ZNF232",1.60791296760407,0.124708833794476
"ZNF236",0.135057907815703,0.894017984764224
"SLC30A1",-1.67575063469032,0.11052823598887
"SLC30A3",-0.113979011236852,0.910476640526523
"SLC30A4",-1.5000075976074,0.150408000160648
"ZP3",0.824465041375566,0.420130664098831
"MAP3K12",-0.951040492051329,0.353788247999085
"ZXDA",-0.272446840362008,0.788282195644526
"ZYX",-1.72150130364133,0.101762117732537
"LUZP1",-1.49124138654979,0.152675671742227
"PRDM2",1.48376743191023,0.154631220515268
"DNALI1",3.0223174184553,0.00713175549631993
"PTP4A1",-0.868046417744215,0.396438919879529
"LRP8",-3.13945062123472,0.00550554183044307
"LAPTM5",1.1356640732926,0.270529905813083
"CSDE1",0.392218587762009,0.69935796810076
"DAP3",-0.88828081670184,0.38574133247839
"BTG2",1.1312193345833,0.272348292343727
"PXDN",1.03916292897696,0.312059387437034
"ALMS1",-1.08191760712817,0.293127081798197
"MOGS",1.03454547097415,0.314155179529255
"RNF103",0.0511327452061042,0.959765275885463
"TUBA1A",0.240780276273123,0.812361430173327
"PAX8",-0.18239646978191,0.857246292573474
"IL1R2",-0.384610847486419,0.704891121512757
"MALL",1.59002143769343,0.128695406232297
"CXCR4",1.22705896720878,0.235117048028082
"FZD5",0.88341410398476,0.388296710720082
"SCG2",-0.550854807648118,0.588294107296052
"BRPF1",-0.220279736291272,0.828054773512222
"IFRD2",0.997037174804751,0.331550750243472
"MAPKAPK3",1.23887511748539,0.230809754329659
"SEMA3B",1.16122935407643,0.260245643053331
"SLMAP",0.311787416893565,0.75867252456196
"MANF",1.30136570656613,0.209034428012182
"USP7",-0.587633996964361,0.563849873480711
"RAB7A",-1.9137980357283,0.0711733809616702
"SLBP",-0.712739156690866,0.484859866142976
"ST8SIA4",-0.0990075127354864,0.922192334727419
"REEP5",-0.583369059075019,0.566657133639083
"DEK",-0.769377582899015,0.451336748524951
"ALDH5A1",1.30092096579001,0.209183516771302
"PRRC2A",1.20810054709434,0.242156137950663
"BAG6",1.54521828816353,0.139150270903382
"GPANK1",1.68902423983001,0.10792071630711
"DDX39B",0.989400092283586,0.33517383290373
"ABHD16A",2.42787056328193,0.0255350624252076
"SLC39A7",-0.963277463252379,0.347774646223695
"HSD17B8",0.95804687163044,0.350336454308192
"NELFE",-1.03814342329666,0.312521265374354
"PLA2G7",2.0772581622153,0.0518961668162107
"TFEB",3.06185493186744,0.00653653614019033
"EPM2A",-0.270809493789933,0.78952211021387
"AIMP2",0.316370897817995,0.755246559471992
"MAFK",0.6313016650793,0.535530759404271
"FZD3",1.07946940791546,0.294188185926409
"MTERF1",-1.16903660415341,0.257164048328909
"SEM1",-0.609160971719598,0.549792020033142
"TFPI2",-0.408588595801162,0.687510743903249
"ST7",0.600668067280622,0.555315800147805
"ARHGEF5",1.12296700219416,0.275748377294927
"ZNF212",0.724045706366049,0.478053054546659
"TUSC3",-1.26989143231067,0.219792445684176
"UBXN8",-2.13137154836409,0.0466399855632083
"KAT6A",-0.629002447046906,0.537002298626672
"PSCA",-0.647838640716341,0.525011946233704
"BRD3",0.536090285923996,0.598254156722111
"NUP214",-1.32440217799116,0.201425387479822
"STAM",-1.49258873779455,0.152325314192837
"MLLT10",-0.650566477829102,0.523287883238179
"CCDC6",0.429366156451017,0.672592815814305
"NCOA4",-1.06576416460194,0.30017981541841
"SLC25A16",-1.28249890324745,0.215432562746333
"SHOC2",-2.42332825107215,0.0257770005765916
"ADAM12",-0.884964285363028,0.387481543800811
"RASSF7",1.23676515097396,0.231574411661267
"PDHX",-3.61907575200417,0.00188068962937327
"FOSL1",-2.43032577332882,0.0254051759530053
"CUL5",0.285988086693615,0.778050351362151
"PTP4A2",1.06912972191168,0.298700369175811
"MFAP5",0.138301340058453,0.891489657835513
"MLF2",-0.00868634923710186,0.993161941149289
"SSPN",-1.0727494198305,0.297115094497386
"KMT2D",0.492371789003345,0.628222135346705
"AAAS",-2.05802187486519,0.0538901996137209
"FXR1",-2.24159200708932,0.0374046079326343
"YEATS4",-2.50272342998879,0.0218421509652941
"HMGA2",-1.79573606456532,0.0888126421647924
"ALX1",1.01448692722284,0.323375603992565
"CDK2AP1",-0.229399615070144,0.821063817834753
"IFT88",0.229808356402482,0.820750847297879
"PABPN1",-1.74589944764414,0.0973368361686478
"GPR68",-2.2287054277066,0.0383902567135685
"AP3B2",-0.564818603181646,0.578951155513471
"ANP32A",-0.627492794200116,0.537969697929974
"NPRL3",-1.65242070485749,0.115241732859147
"GAN",-0.56389977722428,0.57956360348938
"SLC7A5",-0.637014041337107,0.531884280708547
"TAF15",-0.436071194739337,0.66780796013336
"RND2",0.722147689100002,0.479191743776717
"COIL",-0.608296976253974,0.550352620715769
"AKAP1",2.01324261204014,0.0588022915185981
"SF3A2",-0.367582883503666,0.717336674069366
"ELL",1.22008554492751,0.237687787255699
"SYMPK",-1.08512825718494,0.291739731752954
"MIA",0.824363300366267,0.420187008001029
"CLPP",-1.1465899752303,0.26609833052861
"MKKS",-1.27339607691586,0.218573654173368
"GDF5",-0.413859184189892,0.683713761570837
"NCOA3",-2.23510966262442,0.0378974721337923
"NRIP1",-1.49340975856965,0.152112145470451
"CHAF1B",-1.29659763106882,0.210637157929874
"DGCR6",-0.397590510166358,0.695461299606286
"LZTR1",0.616827983312403,0.544830684116513
"CLTCL1",-0.637011479878875,0.531885912751962
"ESS2",-0.39353332281591,0.698403492005616
"GTPBP6",0.804399123916923,0.43133589826786
"PUDP",0.0896291689046205,0.929540698010208
"AKAP17A",-0.156370801775516,0.877426724315455
"PNPLA4",-0.385061067109463,0.704563199522936
"ZRSR2",-0.540799886607101,0.595068096276087
"USP11",-0.664187335698951,0.514726413551729
"USP9X",-1.6964898226327,0.106477424809752
"RBM10",-0.490251989462438,0.629692804169875
"KDM5C",2.30526188822483,0.0328681050725246
"SMC1A",1.46432368937996,0.159815201689684
"NAA10",0.0316206735649505,0.975111646889005
"F8A1",-0.558912350640385,0.582893725739727
"UBL4A",-0.831757601874868,0.416104586345582
"TMEM187",0.236166004526556,0.815886847267812
"LAGE3",-0.151227387009244,0.881425647033993
"SLC10A3",-0.851162330954104,0.405512220567864
"KDM5D",0.631701997963698,0.53527476440278
"USP9Y",1.33587140297578,0.197719399606309
"ARID1A",-0.0261734588490605,0.979397962579106
"DYSF",-0.0922794768291359,0.927463370922034
"SERF1A",-2.17981937273795,0.0423501884973677
"TRRAP",2.8179853924024,0.0111456989151372
"PICALM",-0.430853557768333,0.671530126391707
"SNN",-0.407903262779289,0.68800509440158
"ACOX2",0.298156450792499,0.768891205524089
"AXIN1",0.461947915385121,0.649479969351589
"AXIN2",0.041198634273033,0.967576889613161
"BAP1",0.333381862247826,0.742577571828221
"CDC7",-1.72780080914941,0.100603230274418
"CDC45",-1.97567921583846,0.0632290455267841
"EOMES",1.60256357435166,0.125889721797983
"FZD1",2.36367092889054,0.0291597846727633
"FZD4",0.76329818452589,0.454865775763206
"FZD6",-0.101011962984037,0.920622664666264
"FZD7",-1.26934992183317,0.219981233768228
"FZD8",0.85460460155832,0.403651559042345
"FZD9",-0.482031297526332,0.635411136091947
"HYAL3",-1.88932091539123,0.0745526198887206
"MAD1L1",0.539852507057849,0.595708327708085
"NME5",-0.279176450997114,0.783192188593508
"PIP5K1A",-0.329112886804206,0.745749987662687
"PIP5K1B",1.70495694974548,0.104860571950059
"PIP4K2B",0.155683229835162,0.877961106953291
"PLA2G6",0.469392730286974,0.644248543706497
"PLA2G10",1.27284352429222,0.218765462858842
"SLC25A11",-0.174221206895002,0.863575255879211
"SPARCL1",0.12305133965451,0.903387303534531
"SPOP",-0.0255221669727958,0.97991049822504
"SRPX",-0.705018301553012,0.489540491508115
"TAGLN2",-0.651845205263831,0.52248077854727
"ULK1",-0.390570069251078,0.700555492427103
"UXT",-1.53617429385339,0.141344430898649
"EEA1",-1.3775761761173,0.184697255131214
"BCAR3",-1.69236108971836,0.107273557812573
"ANXA9",1.36643433154378,0.188107253207484
"STX7",0.663891016122233,0.514911825475531
"BBOX1",0.239057771692979,0.813676988940373
"LTBP4",-1.3022754987387,0.208729701357739
"ZNF282",1.30832296871238,0.206713002704297
"STK24",-1.5606576228754,0.135470143682618
"RECK",-0.228353483954457,0.821864973863469
"CAVIN2",-0.741931533265231,0.467401641926061
"RASAL1",0.72457966647832,0.477733001339073
"RAD54L",-2.01428621516549,0.0586833770323706
"NSMAF",-1.59128903108929,0.128409476022104
"NCK2",0.934790723310855,0.361883193430776
"GNPAT",0.209789319299663,0.836114571040912
"DYRK3",-1.25398037736193,0.225392191060008
"DYRK2",0.31471955445905,0.75648027516723
"DUSP11",-1.43736365626997,0.167237479852849
"DOC2A",-0.291263254555327,0.774075535277121
"DHX16",0.889397650610665,0.385156485113603
"CUL4B",-2.25094188573696,0.0367041054936725
"CUL4A",-0.773962964843508,0.448686105758573
"CUL3",0.281229055309606,0.781641666298592
"CUL2",-2.35171160334128,0.0298858523762133
"CUL1",0.119335265572923,0.90629016103078
"ATRN",-1.24388173409525,0.229003115499647
"TTF2",1.62501147885877,0.120996825299717
"TPST2",-3.07159985972924,0.00639741371782546
"TPST1",-0.473225047758666,0.641562992984641
"KLF11",-0.357132786070187,0.725015226615537
"TEAD2",2.25736191783761,0.0362301290650178
"SUPT3H",-1.1345769059644,0.270973842634394
"SMARCA5",-0.975429171068744,0.341872935456441
"SORBS2",1.75389572081577,0.0959231451369981
"OGT",0.399699211198815,0.693934065454035
"CDC42BPA",0.395035680199153,0.697313436928568
"HIRIP3",0.156941421375927,0.876983283229687
"RAE1",-0.332269612539478,0.743403667982163
"OFD1",0.969635223726079,0.344678179734837
"SEMA7A",-0.559870443410001,0.582253254500219
"CILP",1.72073320447897,0.101904204454765
"GEMIN2",0.0700344420274548,0.944914282526865
"RGS5",-0.736005143171463,0.470915088883845
"MAP4K3",-1.84128202355554,0.0815989140967364
"PRSS12",0.296556538619352,0.770093503162389
"PPM1D",-1.51652068055829,0.14621183021492
"PPFIBP2",2.70782559105143,0.0141346087974311
"PPFIBP1",-1.49346705033492,0.152097279490008
"PPFIA4",-0.538803846719458,0.596417400120648
"RANBP3",0.843203715499316,0.409835311200116
"PPFIA2",0.65812052800387,0.518529988195996
"PPFIA1",-0.682803089461375,0.503153875320495
"PKP4",0.101571870459983,0.92018426481349
"PEX3",-1.37182968889219,0.186449757329312
"PARG",-2.34559975798649,0.0302633670874633
"CNTNAP1",-1.19127552426668,0.24853648848903
"ENC1",1.10001679280274,0.285368700259737
"NIPSNAP1",1.19995118403503,0.245230793774173
"NDST2",0.493770525674074,0.627252597203987
"ITGA10",0.789643985000576,0.439694033435696
"IKBKG",-0.480608340645805,0.636403355760189
"ELP1",-2.1433133551753,0.045547313478541
"IFITM1",1.30529898658182,0.207719513559705
"HAT1",-1.89907457884763,0.0731894112196533
"GCM1",0.326854341390847,0.747430280516957
"DGKE",-0.707697929685947,0.487913039051239
"DGKD",-0.100974501942363,0.920651997080328
"CST7",0.777376552645575,0.446719058143459
"YBX3",-0.655268020396311,0.520323783841631
"COPS3",-1.14487454681044,0.266790513683496
"CBX4",-0.184268948394993,0.855798074843593
"CAMK1",-0.134813210063198,0.894208779711273
"BCAS1",0.158440974636721,0.875818146893681
"BARX2",-0.0305714323681403,0.975937219642035
"API5",-0.889441360552478,0.385133607659822
"AGPS",-2.29436593925249,0.0336064924498215
"APOL1",0.144599127363126,0.886583827322346
"LMO4",-0.802000065566509,0.432688036450347
"PIR",-1.71546922463039,0.1028825654027
"CGGBP1",0.0761337098493374,0.940126259502288
"AP3B1",-1.5460416481364,0.138951932357293
"FCN3",1.31465611485469,0.204617478335782
"BLZF1",-1.33526472276387,0.19791407171925
"LGR5",1.08239348004186,0.292921150933534
"MAPKAPK5",-1.05177274165554,0.306386865474785
"BHLHE40",-0.477927947458819,0.638274296271295
"PIAS1",-0.0584375097061617,0.95402385017058
"CDC14B",-0.347823171708823,0.731881105453627
"CDC14A",-0.017790504188032,0.985995570607085
"TCAP",1.19618572333474,0.246661429996255
"CDK10",0.977568465923805,0.340841163638725
"PRPF18",-1.62275712029274,0.121480823059507
"DEGS1",0.321865044747133,0.75114677108119
"DENR",-1.53825295391241,0.140837597456553
"THOC5",-0.283294678431136,0.780082257571838
"KMO",0.842810899749929,0.410049452880936
"PDXK",1.56303435070259,0.134910912279359
"MADD",2.13085044109587,0.046688205695184
"RRP1",-0.192701652411659,0.849282615604019
"MKNK1",0.359824903947469,0.723034200838827
"KHSRP",-2.99639748468536,0.00755015919443736
"PDLIM4",-2.58807205791517,0.0182460947667452
"CASK",0.731673926715741,0.473492790777319
"AKR7A2",-0.908204373821944,0.375396270948334
"STK16",-0.430160219123707,0.672025401168355
"TMEFF1",-2.7419035037432,0.0131365034785971
"LY6D",-0.462864782907086,0.648834673679375
"RGS20",-2.16000833347653,0.0440588190247854
"NOP14",-1.92587719077018,0.0695563520293269
"FAM193A",-0.0179050550840142,0.985905407908535
"SLC25A12",1.00473601164188,0.327926196361174
"PLA2G4C",-0.620244973637228,0.542627320409615
"RUVBL1",-1.24461953290141,0.228737803836402
"RDH16",0.442081008065007,0.663531609859288
"KLF7",-0.29991026168231,0.767573947509412
"PLPP1",0.801537627602672,0.432948977041563
"PLPP2",0.634796538799922,0.533298198666985
"PLPP3",0.479345540212504,0.63728449104209
"STC2",-0.65576463428122,0.520011240114555
"USO1",-1.39153065348251,0.180496467557837
"NPFF",-1.00960563638834,0.325648028045008
"CDK13",-0.199345223801349,0.844157326909847
"PDE8B",0.137590868066068,0.892043385269826
"ASMTL",1.86817289048318,0.0775856315719023
"PSMG1",-0.65504000790722,0.52046731849921
"RFXANK",1.09188927774908,0.288833867645831
"TP63",-1.56101301907611,0.135386397853267
"JRK",1.20991315201517,0.241476269703829
"HSD17B6",-0.283440629843468,0.779972110048417
"SKAP1",1.43832948668357,0.1669668179312
"DNAH17",1.04014553704887,0.311614686593272
"RTCA",-0.53491265423767,0.59905213673928
"RNASET2",1.47870997589071,0.155966139922054
"SSNA1",-1.03492093879476,0.313984387158468
"OASL",0.804643847700081,0.431198118168226
"PCDHGB4",-2.51737351828079,0.0211807817367308
"AKR1C3",-0.959638824262669,0.34955538909489
"KCNK5",2.80663813067875,0.0114230796469488
"CHRD",-0.751727259831748,0.461628878473627
"NCOA1",0.236517106715436,0.815618453669996
"LAMTOR3",-0.144236129624807,0.886866468416687
"NUMB",0.507433014785379,0.617819237279019
"DDX3Y",0.737521658033548,0.470014527188403
"PDE5A",-0.226428947973125,0.823339361299365
"DYNLL1",-1.7830611465158,0.0909166010078312
"TNKS",0.40159846869493,0.6925596720299
"ALDH4A1",0.868835202080617,0.396018302065517
"IRS2",-2.22049718676787,0.0390304651001599
"EIF3A",-1.22468950355578,0.235988147445058
"EIF3B",-0.0816129458116802,0.935826962750636
"EIF3C",-1.29459904689124,0.21131181234035
"EIF3D",0.309994050140078,0.760014394792743
"EIF3F",-0.404065943341273,0.690775725222809
"EIF3G",-0.195210214302152,0.847346521952736
"EIF3H",-0.917474916502308,0.370646440064467
"EIF3I",0.594471556247638,0.55936444964362
"EIF3J",-1.56873710685075,0.133576953292147
"SLC4A4",1.28746594823347,0.213733494683766
"EIF4G3",-1.24059523967373,0.230187815509713
"VAMP8",-0.0514671443315046,0.959502391817122
"VAMP4",-0.800627491458167,0.433462828779502
"STX16",-0.315301524542474,0.756045409475905
"STX11",-0.0770060102775492,0.939441676729092
"STX10",-0.31085074228839,0.759373284905906
"BECN1",-0.966241582879384,0.34632863398113
"JMJD7-PLA2G4B",-0.0958743916397198,0.924646513350423
"PEA15",-0.0428030656234482,0.966315007630078
"SRSF9",-0.285918438825848,0.77810287307428
"MARCO",0.442073831384432,0.663536709475826
"JRKL",0.264151139820474,0.794570199246861
"HYAL2",1.8284775221806,0.0835731537455866
"GALNT4",-0.145521716324016,0.885865541828563
"DGAT1",0.556145917478217,0.58474504057976
"CDC23",-1.63349225788807,0.119190648755464
"S1PR4",1.49255435116498,0.152334247655991
"DNAH11",2.24092450666689,0.03745508540673
"B4GALT4",-0.775030158474677,0.448070574355461
"B4GALT3",-0.470449044188618,0.643507812747987
"B4GALT2",-0.160190453180408,0.874459189716251
"B3GALT4",2.03026562545682,0.0568893726016141
"B3GALNT1",-1.79011313796167,0.0897407212930886
"SERPINB7",-1.68401166544778,0.108899152212828
"TNK1",0.732645217262367,0.472914002363774
"ABCC3",0.741117122537545,0.467883529550478
"TRADD",1.73612796420725,0.099088802029784
"TNFRSF25",-0.437561127405302,0.66674668554988
"MBTPS1",1.19646382608369,0.246555552607352
"EDF1",-0.786756881104562,0.441341151825671
"CTSF",2.17471995170804,0.0427841075685342
"SNX4",-0.216257050258511,0.831143143824329
"SNX3",-2.00986262818377,0.0591889141132497
"URI1",-2.34347655087371,0.030395546346882
"EED",0.902383913149303,0.378399137493185
"CTNNAL1",-0.246865423393283,0.807718527603372
"ADAM19",-2.26066513803215,0.0359884637440978
"GBF1",1.19877020369574,0.245678811901713
"RNMT",-0.318535959599637,0.753630069382049
"RNGTT",-1.99204614029087,0.0612648175504249
"GPAA1",0.291510535067843,0.773889366737471
"MYOM1",0.746150870508748,0.46490982873517
"RIPK1",2.26979254689017,0.0353284046876447
"CRADD",-2.89165339105722,0.00949616437958446
"HRK",-0.293721705912161,0.772225283308342
"TNFSF14",2.12847678013232,0.0469084245225354
"TNFSF13",0.883906220808493,0.388037807394671
"TNFSF12",1.5770467079883,0.131652995890923
"TNFSF9",-1.88834808043941,0.0746898101682468
"ADAM23",-1.64876512077162,0.115995586811696
"ADAM15",-0.189119326877887,0.852049137717718
"ADAM9",-1.85417757302729,0.0796521238063776
"CDS2",0.95465321724272,0.352005490999722
"PABPC4",0.698921383554883,0.49325517093872
"CD164",0.417878833159675,0.68082376954531
"TNFRSF14",3.58283450859008,0.00204081553002587
"RAB11A",-0.938929624717874,0.359809529169794
"RIPK2",0.222356891909822,0.826461183933733
"TNFRSF6B",0.765408145930918,0.453639062482232
"FADD",-0.993278333412318,0.333330532774983
"SNAP23",-0.562598109915067,0.580431799121351
"NAPG",-1.2840390918581,0.214904590362937
"NAPA",-0.265826264894599,0.793299301741735
"MPDZ",-0.539124408049521,0.596200602089146
"RIOK3",-0.824914907862162,0.419881586818978
"TNFRSF18",-0.452315422717301,0.656276494685461
"FPGT",1.23170080088616,0.233417687419385
"TNFRSF11A",-0.872764258912568,0.393927487440148
"TNFRSF10D",-0.211447868001221,0.834839041218127
"TNFRSF10C",0.824119167391367,0.420322227793311
"TNFRSF10B",-1.8590727473238,0.0789238802087287
"SCEL",1.45265341968982,0.162994390565869
"TNFRSF10A",-1.170403990451,0.256627159128649
"DYRK4",-0.595920172106005,0.558416571799839
"PEX11B",-0.198390524384625,0.844893411415437
"PEX11A",0.729343522454406,0.474883188306706
"SUCLG2",-0.771467785658515,0.450127290491868
"SUCLG1",-0.079305116039262,0.937637568365927
"SUCLA2",-1.20458385457407,0.243479326389295
"CREG1",-0.34750656982031,0.732115013642064
"TRIM24",0.338991171162883,0.738416303358191
"IL18RAP",0.34105937781011,0.736884085972244
"IL1RL2",1.18026347800298,0.252780853298951
"IL18R1",-0.729297687044047,0.474910559562351
"GALR2",-0.126489930696378,0.900702449157279
"CCNK",-0.430336340318074,0.671899577348106
"DPM1",-1.33497960930163,0.198005611586998
"CDKL1",-0.529369281095739,0.602815402398449
"BANF1",-0.0135567831685668,0.989328046246958
"DCAF5",0.699932515622329,0.492637988384253
"DPM2",-0.0760284121110229,0.94020890058663
"SAP30",-1.97714733374029,0.0630505822008743
"HESX1",1.27844626811645,0.216826625356678
"INPP4B",0.487947818666861,0.63129318989454
"CES2",1.17878061919559,0.253356542616456
"LIN7A",-0.33936930930679,0.738136077930906
"IQGAP1",-0.235024925884826,0.816759285125947
"NRP2",-1.9372610787689,0.0680623479257023
"NRP1",-0.581995461440121,0.567562803097449
"SYNGAP1",-0.604369844700204,0.552904561248031
"GMPS",-1.79129430037949,0.0895450693794303
"TMEM11",-2.74363156215151,0.0130877276352459
"SOCS2",-0.964888412326231,0.346988248136128
"GGH",-2.5450352710968,0.0199831284946429
"CFLAR",0.516495208575249,0.611599465616685
"CCN5",-1.28035696886834,0.216168492137539
"CCN4",-0.49378446430607,0.627242939104523
"HDAC3",1.0886052913848,0.290242668034006
"PROM1",2.38103350597211,0.0281348501142202
"KSR1",0.651094173350075,0.522954729494044
"ALKBH1",0.167588512627618,0.868717017447338
"TSC22D1",-0.629702187009397,0.536554220141444
"KAT2B",-0.416471183342834,0.681835248157189
"CDK5R1",-0.951084229844174,0.353766628013746
"ASAP2",-2.10342633838533,0.0492907639974794
"ALDH1A2",1.59010244887248,0.128677116595307
"FCGBP",3.58420610425938,0.00203451631668524
"LDB1",0.766153011278443,0.453206487086055
"APLN",-0.0904105652112856,0.928928180222274
"PER2",1.43655341177691,0.167464815799128
"SYNJ1",0.89798476879043,0.38067931856477
"ST3GAL5",2.01176586331547,0.0589709309949112
"IER3",-0.519768958042025,0.60935995028485
"SYNJ2",0.263490723172989,0.795071412009426
"CDC123",-1.88202669817726,0.0755867040199222
"ARHGEF7",1.07910353000603,0.29434700468601
"VNN1",0.615340036429916,0.545791652098357
"SPHK1",-0.195049726646645,0.847470355687073
"SQSTM1",-0.98222194254053,0.338604274225318
"SGPL1",0.875810203650152,0.392311598910034
"FUBP1",0.488054126249839,0.631219311591265
"CDC16",-0.237023686891211,0.815231249063792
"ZPR1",2.02880410086259,0.0570513836004894
"NAE1",-1.95638113240847,0.065617217090907
"SLC5A6",-0.00405239351801431,0.99680984589703
"DDX18",0.182214008687854,0.857387440058838
"TAX1BP1",0.222551489548512,0.826311928535648
"MCM3AP",1.81988267198262,0.0849216936939435
"EIF2B3",-0.983355465417324,0.338060946672813
"EIF2B2",-0.439927522511774,0.665062592993372
"EIF2B5",-0.170547977132916,0.866422040126509
"EIF2S2",-1.19236515717531,0.248119461305511
"CPNE3",-1.3825964620366,0.183177039508598
"BUD31",1.44940816692361,0.163887570683569
"MTMR3",0.610610864111599,0.548851946961374
"MTMR2",-1.36688598305489,0.187968052596112
"CCNA1",-3.73671160191821,0.00144206554484118
"CPNE1",0.445846657049833,0.660858141475968
"AP1S2",-1.89354987844173,0.073958831643247
"AP1G2",2.43041172442125,0.0254006401517493
"AP1M1",-1.05429934132663,0.305259220442628
"GYG2",-0.997742232975428,0.331217652425297
"SGCE",1.16010590330975,0.260691346828014
"TIMELESS",-0.386645898639942,0.703409344721077
"BCL10",0.290296100828446,0.77480380527574
"HERC3",1.7837087249385,0.0908080647407609
"HERC2",-1.01928334125866,0.321153611220408
"HERC1",0.625113756695103,0.539496126700482
"SNURF",1.55860068464399,0.135955692938347
"BSN",1.51951608222972,0.145461141477751
"MBD4",0.452825322810683,0.655915937852168
"MBD2",0.330022745289468,0.74507344828344
"RTL8C",-0.33578836958722,0.740791296843716
"RAB29",1.00321609209216,0.328639550649319
"SKAP2",-1.87840024007242,0.0761055158872473
"WASF1",0.132305079478238,0.896164791197896
"FUBP3",-0.603714095450737,0.553331293494745
"TOP3B",-0.514229988780936,0.613151369115531
"KYNU",-2.81650697664073,0.0111814686580185
"AP3D1",-0.498048744861548,0.624291465545873
"BTRC",-0.465475632630827,0.646998709369536
"P4HA2",-1.2719245525967,0.219084757023071
"USP13",-1.17030654796878,0.256665390957911
"WASL",-0.169895015198166,0.866928288779261
"PLOD3",0.550868480790262,0.588284922021779
"RPS6KA4",-0.712961695264466,0.484725346308288
"STBD1",0.561302682834997,0.581296486901209
"HSPB3",-1.74716539042984,0.0971118317302489
"SELENBP1",0.0287525785424025,0.977368411015587
"ATP6V0E1",-0.514552429240289,0.612930350100268
"LIMD1",0.178724878271924,0.860087491126052
"NOL3",0.408527450655814,0.687554843791842
"CDKL2",0.753918526119401,0.460343454132407
"HAP1",-0.324087199979971,0.7494907256968
"TAF1C",1.47948094934194,0.15576203166296
"TAF1B",-1.53308083853025,0.142101505797068
"TAF1A",-0.708436460708659,0.487465053603182
"SLC25A14",-0.96572258043973,0.34658152376559
"MPZL1",0.972550401537028,0.34326476245946
"SOCS3",1.38537588061573,0.18233971541816
"CLIC3",0.315025819530798,0.756251414202792
"CH25H",0.949987140942671,0.354309201919055
"RNF8",-0.778132010440474,0.446284451484626
"HIP1R",0.362348627732714,0.721178912377729
"RHBDL1",-0.689139297524182,0.499249125239337
"BAZ1B",1.11479369344561,0.279146692694727
"TM4SF5",2.0923719573649,0.0503765618833777
"UBA3",-0.83801866571079,0.412667709826001
"UBE2M",-0.745063071647526,0.465551483896093
"SPAG9",-0.0332845317355667,0.973802535614039
"BTAF1",-2.6204630973948,0.0170340425965749
"RPL14",-0.894852593612876,0.382308355355983
"SH2D2A",-1.41551818189828,0.173455179143625
"ARTN",-4.62823578033958,0.000193309689287568
"AIP",0.526894399701561,0.60449925348812
"PSTPIP2",-0.608842531037205,0.549998603797983
"GPRC5A",1.02613860559289,0.317996606080015
"MAP7",1.02591661663569,0.318098491147091
"NFS1",-0.473892619008713,0.641095700273417
"PRC1",-1.67202039478164,0.111270641070852
"SLC7A7",0.144891280597023,0.886356359256647
"SLC7A6",0.194331526914457,0.848024575028218
"PAPSS2",-1.6621070245835,0.113264353721278
"PAPSS1",0.569347673556934,0.575937098459025
"PIAS2",-1.843951568356,0.0811925084124048
"MAP3K6",1.7753656243118,0.092215057857804
"SYT7",1.71230309423348,0.103474904856159
"CLDN12",-0.628470984841088,0.537342756461054
"ASH2L",-1.47095111983951,0.15803247230584
"CLDN10",-0.53939362660421,0.596018557592704
"CLDN8",0.629073846168135,0.536956568872501
"CLDN2",0.974369733378525,0.342384697193992
"CLDN1",1.86193485936534,0.0785008099935059
"DIRAS3",0.448700136275015,0.658835391536635
"LDB2",-0.403584531849542,0.691123632917183
"CLDN9",2.53673659463942,0.0203355540316345
"EIF1AY",0.966654178034802,0.346127683113025
"TMSB4Y",0.53493725429806,0.59903546204823
"PKMYT1",-1.01968269302647,0.320969094843938
"PIGQ",-0.629680843008536,0.536567884761592
"DNAJA3",-1.10529098167145,0.28313638015268
"UNC119",0.999838885448349,0.330228493769304
"TBX19",3.27222757093098,0.00409748930947413
"TBX18",-1.48091250313134,0.155383622454815
"USP14",-1.39153834367233,0.180494173879286
"USP2",0.971275524702053,0.343882389836252
"USP10",0.452187885293037,0.656366691574096
"USP8",-1.48285934418384,0.154870217026398
"RGN",1.03978629813703,0.311777215578906
"MTMR6",-1.36893971893199,0.187336120964758
"MTMR7",0.651365608362653,0.522783408430112
"MTMR4",0.856162396761588,0.402811340225422
"NMI",-0.222368481063011,0.8264522949221
"MTA1",0.771325754696808,0.450209411149249
"LATS1",0.224650918112777,0.824702110679776
"ATP6V0D1",0.543657958930472,0.593138697144378
"SEC22C",-0.43706106843318,0.667102795723287
"INA",-0.9408159602021,0.358867125336264
"KRT75",-1.5627041670036,0.134988487113192
"SLC16A5",1.06260995901907,0.301571147225986
"SLC16A4",-1.24046818730476,0.230233709262082
"SLC16A3",-1.22484512968572,0.235930858018825
"PDLIM1",-0.387615769013649,0.70270358375108
"CNOT9",-0.174177570075452,0.8636090636161
"SMC3",-1.24472629472673,0.228699432018869
"P2RX6",-1.65785717052406,0.114128337489563
"PRPF4",-0.580946448546039,0.56825496538087
"PRPF3",1.23385490637507,0.232632284301475
"FAM50A",-0.162844618457736,0.872398257943313
"AIFM1",-1.63453517803337,0.118970121042531
"CCNB2",-2.70349542146907,0.014266499578476
"CCNE2",-0.930431313416224,0.36407608522505
"RABEP1",0.594353617193711,0.559441658307945
"RRP9",0.670881014400969,0.510548094195331
"ARHGEF1",0.75913955968374,0.457289477512178
"CBFA2T2",-1.41664778529908,0.173129145882831
"ATG12",-0.887867526008449,0.385957907309411
"PDCD5",-1.30018610460169,0.209430044117562
"SYNGR2",-0.214199253030374,0.832724089135551
"SYNGR1",0.800575467719744,0.433492212275801
"HGS",-0.738990857781627,0.469143045853958
"NEMF",-0.0796307199204469,0.937382094769727
"DYRK1B",0.721064700856367,0.479842185073952
"CTDP1",-0.351660838071693,0.729047955438181
"EXO1",-1.51421496142379,0.146791857408778
"FIBP",-0.980156586581969,0.339595813033656
"PCSK7",2.68311488424585,0.0149031747248623
"DGKI",-0.562798765601139,0.580297921326694
"EBAG9",-0.348653773276457,0.731267578128749
"COX7A2L",-1.57593641311604,0.131908714912618
"TMSB10",0.0570213625465574,0.955136726996142
"SCAF11",-1.75696836193398,0.095384668086311
"LPAR2",0.946507072670498,0.356034059483574
"MYOM2",0.789691183393473,0.439667138092521
"IL1RL1",-1.02459043477698,0.318707643801714
"MAP3K13",1.05469094360952,0.30508471171168
"AP4M1",1.75930987591341,0.09497608027432
"OSMR",1.15341216247319,0.263358786393199
"ARHGEF2",0.0649008674478257,0.948945898871404
"RASSF9",-0.386505229655663,0.703511730546035
"ZW10",0.849406124137715,0.406463642228221
"BUB3",-2.33797788956761,0.0307403595064458
"REPS2",0.489327876136374,0.630334431265119
"SLC24A1",1.83748920190317,0.0821793948423842
"DDX21",-1.52026420935202,0.145274149689527
"ZBED1",0.312716024320037,0.757978011311296
"DEDD",-0.355203675439751,0.726436012157404
"SLC16A7",0.446580995594505,0.660337332750315
"SLC33A1",-1.83812704573243,0.0820815219672767
"HACD1",-1.69819883431644,0.106149366114204
"DCLK1",-0.512923733701802,0.614047140024539
"ZMYM4",0.0949923613824006,0.925337550194043
"ZMYM3",-0.258861888552584,0.798586951213712
"ZMYM6",0.0417162160386765,0.967169802842521
"ZMYM5",-0.765834151641479,0.453391631757331
"LRRFIP1",-0.728727763162326,0.47525097585363
"LRRFIP2",-1.04952415823509,0.307392939083527
"AURKB",-1.26069210937245,0.223016749173525
"XPR1",-1.46252001748285,0.160303214777263
"FCMR",-1.03401630860825,0.314395996553657
"LARGE1",1.59356272031973,0.12789793996667
"VAPB",-1.26329781815777,0.222099767366412
"VAPA",-0.0437428998968012,0.965575872081795
"MTA2",-1.4647965750995,0.159687455998973
"NOLC1",-0.240449342984821,0.812614135328113
"MAGI1",1.18017160938396,0.252816490710561
"LRAT",0.140203047143319,0.89000778859338
"RAB11B",0.804329824168378,0.431374919217693
"DLG5",-1.47252402971724,0.157611772332071
"PTTG1",-2.91353789031053,0.00905324915554111
"IL32",1.33558085354994,0.197812612452827
"CCPG1",-1.06892576095582,0.298789877011318
"TBRG4",-0.270250867858819,0.789945273482573
"PNMA1",-1.55690478105344,0.136357111060003
"NOG",0.152790534454597,0.880209973486704
"MSC",-1.37761226309899,0.184686291522142
"CRLF1",0.363033995080276,0.72067537787044
"GCNT3",-0.555988097718977,0.58485074375715
"UBE2L6",1.09837318333243,0.286066989511604
"DHRS3",1.17051915633826,0.256581978989499
"RPS6KA5",-0.873895869149074,0.393326654212947
"AIMP1",-1.68812202700196,0.108096267354079
"TSPOAP1",2.04904476950123,0.0548442318368227
"MFHAS1",0.326906739501775,0.747391283066208
"PDLIM7",-0.5301168627825,0.602307215149553
"MAPKAPK2",-0.31987274628693,0.752632573273324
"STK17B",1.68078170616544,0.10953364178104
"STK17A",-1.50530593371911,0.149050930000534
"CYTH3",0.818638519793221,0.423365112982742
"CYTH2",0.204137185142396,0.840464906952906
"CYTH1",3.52046737941485,0.00234859667527326
"ITGB1BP1",-0.209284390066302,0.836502986677897
"BCL7C",0.0817339324335659,0.935732052634928
"BCL7B",2.42992463183112,0.0254263549689132
"COPB2",-0.592144518405131,0.560888875816718
"WDR46",1.37731710156726,0.184775980038409
"MED14",-0.41308031357802,0.684274325593957
"GPR37L1",-0.646628293362805,0.525777923753612
"NPIPA1",0.544977827373214,0.592248741590468
"ADGRG1",1.57566180874714,0.131972024970979
"GPR52",-0.55352234707622,0.586503480741506
"S1PR2",1.71731135813012,0.102539271791409
"SRSF11",-0.431412888671353,0.671130690259385
"ATP6V1F",1.18706633519239,0.250152423837335
"SOCS6",-1.79587336547922,0.0887900852891558
"CD83",1.65667047642662,0.11437058940826
"ZNF235",0.233109642923764,0.818224210770734
"ASIC3",-0.0303759492520451,0.976091034418471
"KLF4",-1.51876696668696,0.145648580074489
"NREP",0.630811877290057,0.535844047618119
"PTER",-2.49374023783114,0.0222572502076341
"COPS2",-2.52265812938815,0.020946873645208
"TRIP13",-2.58816384842344,0.0182425473995755
"TRIP12",-0.492528327869987,0.628113595447974
"TRIP11",-1.08826734276714,0.290387928491156
"TRIP10",-1.85721445644107,0.07919964114611
"HMGN3",0.418577934880711,0.680321654802594
"TRIP4",0.317605009717288,0.75432499747114
"ZNHIT3",-1.64861244513559,0.116027162567748
"GTF3C5",-0.50839367770349,0.617158474591139
"GTF3C4",-1.61868783542634,0.122358622152013
"GTF3C3",0.131193214119545,0.897032119129352
"B4GALT6",-4.0932813203067,0.000644006289128181
"TGM5",-0.103413155984938,0.91874274950311
"B4GALT5",-1.12167468883311,0.276283656515092
"CNOT8",-1.36595574479788,0.188254845152949
"TCEAL1",-1.63170874208491,0.119568580113936
"VAMP3",-0.639639412100826,0.530212960167586
"SNAP29",-0.812238285797548,0.426936172613529
"EFTUD2",-0.434912052580372,0.668634111354461
"TAOK2",1.32092301663925,0.202560365548972
"RPL23",-1.92636085061143,0.0694922894316714
"TXNL1",-1.3208933711366,0.202570058179045
"SLIT2",1.80300805336844,0.0876247952673623
"UBE4A",1.2509792079125,0.226460682835136
"LHX2",-1.90858542180313,0.0718814274727067
"PPIG",0.109887405172812,0.913676484059595
"LONP1",-0.596041485659831,0.558337230642939
"RAB33A",0.291744638818743,0.773713131475987
"RAB28",-0.801208505313319,0.43313475141154
"KL",-0.0797497749760236,0.937288684161975
"RAB9A",-0.783768206351969,0.443050241176339
"KIF3B",-0.0868713044993158,0.931702880209048
"ZFYVE9",0.13191429338186,0.89646961474216
"PLAA",-0.767816740762249,0.452241198251311
"PPT2",0.579689714644778,0.569084761612691
"TM9SF2",-0.904668394114868,0.37721863418488
"COX5A",-1.0508329917962,0.306807045976032
"NRXN2",-1.13690788920568,0.270022664738117
"GRHPR",-0.130472174825686,0.897594648360272
"COG1",0.831809153036599,0.416076213958826
"LIPG",0.825437191364369,0.419592532309071
"CIAO1",1.03713550960331,0.312978370560341
"TGFBRAP1",1.29189532557781,0.212227186288011
"HS6ST1",0.389406447839785,0.701401261118667
"NMT2",-1.96853835176548,0.0641035378152005
"CD101",1.41669709386822,0.17311492543024
"STOML1",1.12084328817249,0.276628429711418
"RECQL5",1.72493248993811,0.10112948198943
"RECQL4",-0.192658307051752,0.849316077992025
"SELENOF",0.0828616416733728,0.934847448736339
"LPXN",1.05114940943509,0.306665523366536
"ZRANB2",0.400271196779194,0.693520034419842
"TMPRSS11D",-0.885411223160391,0.387246730250878
"PEX16",-0.0959582634186311,0.924580806227393
"SNRNP40",0.255378718572992,0.80123529541849
"ARHGAP29",-0.232383232918218,0.818779993685573
"MED21",-2.91412319167992,0.00904168135873915
"TJP2",0.748434341587697,0.463564620577444
"FADS2",1.42482505882086,0.170783729440665
"DDX23",1.20175621623122,0.24454723345797
"CRIPT",-2.0337807867672,0.0565014086445505
"CYP7B1",1.08652448902862,0.291137899870966
"HAND1",0.59023647667922,0.562140442992996
"ZNF264",0.512107227637801,0.614607380037644
"NTN1",0.688294724125205,0.499768593733134
"KCNK6",-0.251391574056861,0.804269860701545
"CDYL",-1.39412977964643,0.179722584441433
"ABCG2",-1.54228748686037,0.139858184026591
"MED23",0.458386810659584,0.651988989036441
"MED17",-0.434064208302236,0.669238667597142
"MED26",0.922447839844198,0.368115236304358
"MED27",-1.83504881592709,0.0825548014103507
"MED7",-2.53069813636866,0.0205956689423529
"QKI",-1.06770298409451,0.299326896365753
"ITM2B",-1.33654349659847,0.197503914616388
"GSTO1",-1.35161083128654,0.192721735382677
"AIM2",-0.860851678156009,0.400288964297334
"MAP4K4",-1.85004122105366,0.080272078280359
"LY86",1.52465378239365,0.144181000415609
"EIF2AK3",-0.459073485922419,0.651504850434858
"ITM2A",2.2217084122301,0.0389353817742362
"GGPS1",0.734391656185486,0.471874366863909
"HOMER3",-2.02605840709759,0.0573568684227502
"HOMER2",-0.478058294222648,0.638183255124439
"HOMER1",-0.88443976898723,0.387757235626606
"ARHGEF6",-0.133860813197642,0.894951442519004
"RASAL2",-0.737069517425593,0.470282916931487
"PICK1",0.925404953473386,0.366615608284311
"AKAP7",-0.308129210319311,0.761410573733286
"IL27RA",-0.396023441946825,0.696597121577708
"CHST3",-2.87751598425667,0.00979331491983601
"EIF4E2",0.357297173179605,0.724894203173677
"AKAP6",-1.65752770669622,0.114195550427943
"ATG5",-1.93916859410351,0.0678148191364818
"ROCK2",-0.7083458592379,0.487519998602097
"NAPSA",2.65419325955571,0.0158532652335873
"MED20",-0.134070096326157,0.894788238540099
"MAPK8IP1",0.437872078816145,0.666525286719064
"ONECUT2",1.3305148105212,0.199443476083231
"SLC25A27",0.989416651040566,0.335165947566891
"STX8",0.34352514600841,0.735058816792365
"CHST10",2.05476766707709,0.0542342926264403
"PIGL",-0.0184752678798821,0.985456597892334
"PIGB",-0.626887846330795,0.538357619643194
"PGS1",1.80094190172198,0.0879608741983605
"PSMF1",0.0234799425138966,0.981517688633221
"KIF23",-2.12515218038888,0.0472184566614465
"SLC4A7",-1.56073585079858,0.135451706280624
"SLC4A8",-3.01313621032985,0.00727732205089349
"MAGED1",0.0596955321549459,0.953035316689575
"RPH3AL",0.195710656814426,0.846960402170615
"ADAMTS1",-0.484332786311179,0.633807820623676
"PMPCB",-1.32028703633018,0.202768380247528
"FXR2",0.77010007552792,0.450918466315208
"GAL3ST1",0.768373598906561,0.451918392601645
"LITAF",1.85786008239538,0.0791037375898071
"SPTLC2",0.877802315293314,0.391257130275121
"GDF15",2.3175201015661,0.0320553698534977
"TBPL1",-1.93330842010344,0.0685778240055717
"NPEPPS",0.237486400142024,0.814877616825226
"EEF1E1",-2.80166903316171,0.0115466222358033
"SCAMP1",-2.73065819641498,0.0134581803975917
"TECR",-0.152728932436283,0.880257876155999
"VPS4B",-0.826203347907814,0.419168736967523
"MPDU1",-0.110261091443623,0.913384178712868
"GOSR1",0.529001872080471,0.603065234364681
"TMEM59",1.9779130245893,0.062957684179735
"BAG5",-0.901183619391409,0.379020373738939
"BAG4",-3.39082429217327,0.00314265622737538
"BAG3",-1.95883676397379,0.0653089247533908
"BAG2",-3.58858625278417,0.00201452869904398
"POLR1C",0.969758755327599,0.34461820429802
"ZNF254",-0.498270909498585,0.624137874916458
"GMFG",0.730766320823067,0.474034010676045
"PTGES",-0.796817418559769,0.435618090046246
"TP53I11",2.02648922032233,0.0573088392025916
"EI24",0.96576210547217,0.346562260272988
"TP53I3",0.861358561585416,0.40001692700308
"RAB3D",1.73323566001007,0.0996125692546677
"APBA3",-0.749604994734673,0.462875891879779
"CXCL14",0.0587165446776523,0.953804582384
"ATP6V1G1",-0.568677990850447,0.576382261001519
"ATP5MF",0.118041739071908,0.90730093558205
"SPAG7",0.85797849123272,0.401833237405182
"MRPL33",0.0026573263009715,0.997908077213847
"SEC22B",1.16368239199832,0.259274439475307
"CHD1L",-2.31335137513779,0.0323296490047221
"VPS26A",-3.16175767888492,0.00523972358046326
"MINPP1",-1.36689659432017,0.187964783155368
"H6PD",2.59796085238388,0.0178676598302738
"BCAR1",-1.6529067946885,0.115141806144506
"GTPBP1",0.289348293493578,0.775517715516265
"GABBR2",1.15364116413988,0.26326719422232
"GTF2IRD1",1.20373013507885,0.243801374203454
"GOSR2",-0.379424720893374,0.708672755256039
"NR1D1",-0.931755652722156,0.363408960438917
"CLOCK",-4.10273899131472,0.000630389592101172
"SPAG6",1.08161383993602,0.29325859002249
"BABAM2",-1.31228313271572,0.20540068916382
"CDC42BPB",0.48597552564929,0.632664554683791
"SOX13",0.802858801186301,0.432203737803816
"PREPL",-0.577347379483364,0.570633028582123
"APOBEC3B",0.132453359961822,0.896049132818362
"ENTPD4",0.648492550463606,0.524598371868812
"RBM39",-1.29715199496292,0.21045032245735
"KIF20B",-2.62417993008758,0.0168999484150461
"CREB5",0.332920690969986,0.742920056588509
"MAD2L1BP",-0.593384682938089,0.560076181812083
"PRDX6",-1.17288190533916,0.255656379847687
"WTAP",-0.59563423306284,0.558603604331406
"AKAP12",-2.10513539832774,0.0491248025109367
"IER2",-0.724804950204778,0.477598005378044
"PITPNM1",-1.6561151484876,0.114484104446473
"PDIA4",1.02161518406887,0.320077266321038
"NFE2L3",-0.941879055169763,0.35833674894581
"RNF14",-2.48619129514374,0.0226117983343635
"VPS9D1",1.63917208191014,0.117993822599562
"RAB36",1.44934887255233,0.163903927128517
"RIN1",-1.48342307286177,0.154721815495542
"NCOR1",0.746939834528485,0.464444779215394
"NCOR2",0.685023839716758,0.501783331275261
"GDA",-0.791599659100144,0.438580476347558
"RNF7",-2.29725283956346,0.0334093753172377
"MTRF1",-1.53613200771046,0.141354757121565
"TRAF4",1.32650312277756,0.200742447615535
"ABCG1",0.963699355200115,0.347568577714505
"CELSR1",1.15639253558814,0.262168607266994
"SNCAIP",1.39098367861577,0.180659668556398
"RGS6",-0.0774781875737049,0.939071131403821
"GNA14",0.785639089613565,0.441979887815728
"NUP155",-1.66676441619029,0.112323927129638
"SEC24C",1.0813273359788,0.293382663831954
"TESMIN",-1.10089879732096,0.284994494273658
"CLCA2",-0.974731289897954,0.342209987630283
"ISG15",1.34785762295462,0.193904263990582
"FEZ2",-0.245300746461451,0.808911667067031
"FEZ1",-0.322106560655132,0.750966722788045
"ARHGEF10",0.30948262397353,0.760397208267805
"ZNF592",0.855540732644911,0.403146507422474
"IKBKE",-0.611628308597917,0.548192775098307
"MORF4L2",-1.00412625222598,0.328212248238595
"SH3PXD2A",-0.273168592873554,0.787735817749386
"CTR9",0.42611029331703,0.674921471097087
"PPM1F",-1.97239663036004,0.0636297084934589
"GCC2",0.998729560502036,0.330751592984863
"RALGPS1",0.705601289828322,0.489186148833715
"MTFR1",-1.33342289965498,0.198506007237905
"PLCH2",-0.979673516473092,0.339828016477452
"HS2ST1",-0.636594422397766,0.53215167922539
"TTLL4",0.160531073601692,0.874194649596845
"MDC1",-0.768254332447022,0.45198751842608
"IQCB1",-0.290959494267183,0.774304244645026
"PDE4DIP",1.66003881533628,0.11368411632799
"CEP135",-1.85010869093262,0.0802619320006748
"LPIN2",0.0604830871760292,0.95241650852851
"MARF1",-0.301297530669811,0.76653250735192
"SAFB2",0.58589873113569,0.564991181854765
"ZNF432",-1.03480657679786,0.314036401010137
"EIF5B",-1.54591102874813,0.138983381432404
"IPO13",-0.00987805264232903,0.992223839843369
"SDC3",0.030451960792062,0.976031225056468
"SLC25A44",-1.08120640510193,0.293435045767949
"KIAA0040",1.32146306665837,0.202383859588824
"TTI1",-1.26453617823772,0.221664998357511
"PPIP5K1",0.727066289674592,0.476244202838459
"PHF14",0.122650608319241,0.903700273321461
"FAM53B",-0.39607812350366,0.696557475583159
"DEPDC5",-0.715554144098819,0.483159879792749
"KDM4A",-1.73098052502494,0.100022607531238
"N4BP1",1.73764003798761,0.0988159282882546
"LRRC14",0.0957773912066767,0.924722506463664
"CLINT1",0.620176381796619,0.54267150288521
"VGLL4",0.244163205384262,0.80977939763491
"NUP93",-1.47963841498647,0.155720371038568
"BZW1",-3.04528998768316,0.00677979780188152
"UBE3C",-0.760790352514479,0.456326435120776
"RAPGEF2",1.03659911844095,0.313221826797836
"EMC2",-1.4945765643791,0.151809620398886
"EDEM1",-0.529416953778011,0.602782989470795
"CROCC",0.835196101942051,0.414214836627146
"TRAM2",-2.01608243425808,0.0584792106113579
"PUM1",0.318295547204373,0.753809509860642
"RIMS2",-0.345666329318366,0.73347513191807
"ESPL1",-1.37311029824852,0.186058063614396
"PPP6R2",-0.236895254643113,0.81532941164707
"CEP57",-0.490484064278729,0.629531718286815
"DHX34",-0.220285063321286,0.828050685642238
"ULK2",-1.3678110988747,0.187683185381862
"PCDHGA8",-2.16765688556148,0.0433918318142762
"HERPUD1",0.340327414382905,0.737426227245784
"USP6NL",-1.03378353495297,0.314501971340351
"AQR",0.120987236557763,0.904999533483053
"ECE2",-0.260116465321929,0.797633676329363
"ADAMTSL2",0.541187303179091,0.594806381280957
"CCDC144A",-0.9043279851909,0.377394384206386
"GPRIN2",0.206824417942468,0.83839592994981
"NOS1AP",0.604994630604411,0.552498141124912
"SEMA3E",0.511443418267732,0.615063027715158
"UTP14C",0.772370672588774,0.449605466589197
"TMEM63A",2.77391045596551,0.0122606742906122
"ZNF646",1.44366477377253,0.165478083243121
"RAB11FIP3",0.932773961269586,0.362896559357711
"SECISBP2L",-0.576089209769506,0.57146556567705
"DCAF1",1.18869077902931,0.249527850517976
"CEP104",0.615447872132104,0.545721977471097
"SART3",-2.92748463733029,0.00878145465732499
"HDAC9",1.02955730631541,0.316430465735363
"KNTC1",-2.00075102467677,0.0602425433895635
"USP34",-0.186529009451217,0.854050792415633
"CCP110",-0.574476083662613,0.5725338933852
"SETD1A",0.529824521064837,0.602505916827625
"LAPTM4A",-1.5939485601379,0.127811303843027
"IFT140",1.73705931203121,0.0989206511331255
"ARHGAP32",2.13448542134897,0.0463527900137407
"ACAP1",2.09827955645751,0.0497936293062752
"CLSTN3",2.21684749386158,0.0393182633068872
"TCAF1",1.0192141607042,0.321185583002789
"SLK",-1.06026034374779,0.302610586959751
"PHACTR2",0.936452077255756,0.361049853061015
"RIPOR2",2.19751038799153,0.040875859989587
"SNPH",0.0254267005345004,0.979985626518994
"ZSCAN12",1.06562061891974,0.300243033211601
"STARD8",-1.53354355066034,0.141988050356458
"KMT2B",0.067614247002327,0.946814782083014
"HDAC4",-1.2255542336402,0.235669955915643
"TOX",1.50263971825342,0.149732562459831
"MLEC",0.0598360849661132,0.952924877414709
"LZTS3",2.66042428195118,0.0156438273646594
"KIAA0513",2.6133515276608,0.0172934280214526
"ZFYVE16",-1.52511558911755,0.144066392841831
"SUSD6",3.11892566130305,0.00576171107580192
"JADE3",-1.58841499632584,0.129058538999259
"PCLAF",-1.02701119552315,0.317596342487218
"RASSF2",0.38741559465976,0.702849225109349
"RAPGEF5",2.43445788451896,0.0251879720075955
"TMEM94",2.36524690858666,0.029065337874248
"BCLAF1",0.154322687625611,0.87901870095619
"EIF4A3",-0.424700547206298,0.675930796266713
"ATG13",-0.0941400602696926,0.926005353338969
"TM9SF4",-0.507034204242865,0.618093645340703
"KIAA0232",-2.6965263707105,0.0144812341204459
"TBC1D5",0.807439110336168,0.429626338754223
"PIEZO1",2.53247058920285,0.0205189946541815
"RNF144A",0.0791888569656672,0.937728788630891
"MATR3",-2.51168887052729,0.0214351413472859
"RIMS3",0.552930855802248,0.58690029226265
"SNX17",-0.276444106776445,0.785257627504352
"DHX38",-1.64940822143563,0.115862663532154
"KIAA0586",-1.57790424303555,0.131455776209605
"DLGAP5",-1.71420902719734,0.103117980644721
"MTSS1",-1.64783140312525,0.116188808849284
"SPCS2",-2.86457854353024,0.0100730754865662
"BMS1",-0.954830808808959,0.351918014600697
"PTDSS1",-1.52643177702071,0.143740166184304
"SERTAD2",-2.24746291909572,0.0369633297076683
"CKAP5",-2.38976450642855,0.0276322253680981
"MAML1",2.16814195776678,0.0433498440329734
"TATDN2",0.413198884164506,0.684188976530251
"IST1",-0.624190556573207,0.540089098524177
"MRPL19",-2.93411487042631,0.00865502381785867
"DAZAP2",-0.978180099359951,0.340546572856728
"TOMM20",-0.0244219711713033,0.980776320124084
"SCRN1",1.30190083659402,0.208855148839599
"SPOCK2",1.08569208756642,0.291496589423046
"IP6K1",1.22174646561111,0.23707355056424
"RNF40",1.55699234087653,0.13633636156063
"CTIF",0.496094845859438,0.625643028808854
"DELE1",1.08707739090377,0.290899826887763
"EFCAB14",-0.79963673918838,0.434022629151198
"SFI1",2.03780787388144,0.0560598726966912
"GIT2",-0.545477165997946,0.591912222557172
"URB2",1.3640982902508,0.188828543594801
"KEAP1",0.175844243440468,0.862317996820043
"NUP58",-2.01382611684467,0.0587357767884296
"TSC22D2",-2.11858933189577,0.047835944931029
"CUL7",0.0495715655806554,0.960992641659252
"RB1CC1",-0.899316085077744,0.379988303578366
"ARMCX2",-0.154349696240813,0.878997703994858
"ARHGAP11A",-3.49829100365922,0.00246875724817522
"SPATA2",-0.726710362454208,0.476457135762618
"ARHGEF11",-0.349069045451888,0.730960905313054
"RGP1",-0.28908356884022,0.775717148928231
"ARHGEF17",3.18133435242585,0.0050167934500182
"TRIM14",1.18919123366908,0.24933567131872
"ZNF623",0.325576503673164,0.748381531454473
"JAKMIP2",-0.544716951536062,0.592424591299095
"MELK",-1.68813125428528,0.108094470687944
"LCMT2",0.224824948114567,0.824568702169438
"GINS1",-0.910562243019676,0.374184355248875
"ZEB2",-1.08723099553858,0.290833711714349
"ZBTB24",-1.12316668755565,0.275665735487537
"PLEKHM1",-0.0295841881282004,0.976714036928023
"ELMO1",-0.25358508397554,0.802600009535957
"GAB2",1.0023568898848,0.329043287362775
"C2CD5",-0.601747069848822,0.554612392848896
"MFAP3L",0.110817874985584,0.912948674327824
"ZNF518A",-1.4512886736955,0.163369520012782
"KIAA0753",-1.03726336070634,0.312920361642412
"EPM2AIP1",-0.502960379783578,0.620900004702373
"RUSC2",-0.373627567183853,0.7129091553008
"C2CD2L",1.66917568200859,0.111839663458393
"FARP2",-0.848589526403125,0.40690652324711
"KIAA0319",-0.159357947327959,0.875105812582827
"CEP350",-0.229591005963192,0.820917267250368
"PPP1R26",1.11813401216433,0.277754140272975
"CEP170",-1.1449270987857,0.266769288838406
"LRIG2",2.65231012966937,0.0159170839565694
"PSMD6",0.753429667444897,0.460630036834852
"MED24",0.655025056905495,0.520476730978499
"MAGI2",1.64292291210113,0.117209069261333
"TRIL",2.19741807789277,0.0408834293346388
"TRIM66",1.07612723889513,0.295641252011731
"PJA2",-2.5882564510635,0.0182389693079239
"TOMM70",-2.57149762634363,0.0188974458936023
"SETDB1",0.964618551118062,0.347119897643633
"SEC24D",-0.259403054810395,0.798175712661194
"FCHSD2",0.0933935704589131,0.926590296579187
"TLK1",-0.339355248741537,0.738146497067775
"URB1",-1.07300021280988,0.297005483681889
"ZC3H11A",0.893892815063235,0.382808458576842
"TOX4",-1.20322033869934,0.243993838571784
"DDX46",-2.1968586185813,0.0409293319837307
"ZBTB39",-0.924810144731059,0.366916919358183
"TBC1D4",-0.426660802275676,0.674527499041433
"POM121",1.12668137932997,0.274214137502607
"OSBPL2",1.36399944567643,0.18885911204924
"RHOBTB1",0.529257322409297,0.602891527084679
"SMG7",0.115859597917068,0.909006449967569
"ZBED4",-1.17412161158269,0.255171734488826
"NUAK1",-1.7648803633065,0.0940101377230646
"SNAP91",-1.14887539300347,0.265178233640443
"TELO2",-1.04347442405442,0.310111487626224
"TECPR2",0.443304873452015,0.662662200695842
"FIG4",2.0152031747532,0.0585790713841026
"WASHC5",-0.803700728101239,0.431729248745437
"UBAP2L",0.231468552147176,0.81947996447236
"SV2B",1.42427148263544,0.170941690279492
"SRGAP3",-0.819582471124849,0.42284003331831
"MRC2",-1.13574431636541,0.270497160535306
"KLHL21",-0.0834734421763733,0.934367573170651
"RBM19",0.244743502548014,0.809336707990971
"SGSM2",1.43678200171391,0.167400653304376
"AP5Z1",1.40394610022781,0.176823847373388
"G3BP2",-1.61539030106352,0.123073872341828
"DENND4B",-0.487574471576744,0.631552678510764
"RABGAP1L",0.00955737410680047,0.992476274851483
"TMCC2",-1.10097435922483,0.284962452512238
"ARHGAP44",1.628736167083,0.120200732924601
"SUPT7L",-1.57021743331782,0.133232493504877
"ATP2C2",2.74837472700913,0.0129547361103893
"ARNT2",-0.473182842189043,0.641592541599292
"FAM20B",-2.04827641422323,0.0549265915647315
"NCAPD2",-0.443772672037558,0.662330015904357
"SEC16A",-0.956904090347999,0.350897879189407
"KBTBD11",0.509800139871531,0.616191687457088
"RNF10",0.16720597178188,0.869013754443172
"IQSEC1",-0.538992283949307,0.596289953900786
"ZBTB40",-0.0118608496897506,0.990663021154331
"PAN2",-0.625268307130315,0.539396893385997
"ZBTB5",0.794976543332902,0.436661819552473
"LPGAT1",-0.50076230817148,0.622416691014502
"MFN2",-0.670208815574775,0.510966824832693
"KIF14",-2.5675386536735,0.0190562490349862
"JOSD1",-1.35457411406218,0.191792146777628
"HELZ",-0.380896888691906,0.70759848038283
"PUM3",-1.65145497816752,0.115440478655325
"MAFB",-0.110659054307561,0.91307289764583
"CD302",1.57787633647185,0.131462190381243
"ARHGAP25",0.579493514684466,0.569214365030334
"RBM8A",-0.566156479617705,0.578059976115076
"DLEC1",0.278343761538223,0.78382146240686
"EXOG",0.440073154285614,0.664959010836049
"XYLB",-0.309495816486008,0.760387332590095
"OXSR1",-0.733451990114631,0.472433570025474
"GFPT2",-1.36883527411837,0.187368217473438
"CRYZL1",-0.00894009297149869,0.992962194797881
"WDR1",-0.965520480279387,0.346680033760415
"AMMECR1",-2.61161632243399,0.0173572834089837
"GOLGA5",-1.13772445889367,0.269690043159848
"HS3ST3B1",-0.215846595463704,0.831458425398532
"HS3ST3A1",-2.78166580249983,0.012057029110531
"HS3ST1",1.96568654767885,0.0644557862813559
"USP15",-1.69321882354725,0.107107744626852
"USP3",-0.585667894009276,0.565143097205381
"MVP",0.221722297154525,0.826947962011399
"SLC23A2",-0.525790966187447,0.605250739462355
"SLC23A1",0.4751236400046,0.640234402467242
"TNFSF15",1.26352453466515,0.222020121333837
"THRAP3",0.569539169998058,0.575809836093994
"MED12",1.25491381398789,0.225060659553279
"MED13",-0.256341632892345,0.800502917904713
"NUP153",-0.83651555342818,0.413491146250531
"CCS",0.461344318954282,0.649904938849639
"NR1D2",-1.69050510269506,0.107633101816408
"CLEC2B",-1.99558139157236,0.0608477890619381
"RBX1",-0.905849485109242,0.376609271224916
"DOP1B",-0.0993584454451159,0.921917498055231
"FGFBP1",-1.02846870485328,0.31692856929383
"THOC1",-1.37041412349137,0.186883496272847
"REC8",3.25627829219745,0.00424590616959034
"RCE1",1.36855266709622,0.187455086308223
"HNRNPDL",-0.490606752450608,0.629446566678369
"DMTF1",0.604450937813295,0.552851801620543
"PPP4R1",-0.219779625956811,0.828438571905355
"SLC12A6",-0.0390370065086028,0.969277143793752
"PTBP3",-0.458399231947968,0.651980230028492
"KCNE2",1.39747534399961,0.178730381833062
"DGCR2",1.36861833494656,0.187434898202628
"CASP8AP2",-0.342055361024681,0.736146621576931
"SCO2",-1.68500270138867,0.108705105784976
"MED6",-0.274397742065193,0.786805593017558
"NAALAD2",-0.254613004014716,0.801817820931785
"NAALADL1",0.834526770996619,0.414582259924411
"ACOT8",0.770664101377422,0.450592092513534
"ABI1",-0.43685311102026,0.667250913664838
"GNPDA1",-1.38918978160424,0.18119574623328
"KCNE3",0.844816674278825,0.408956768865579
"ZBTB33",-1.32380701246201,0.201619186840547
"TANK",-0.122712857517104,0.903651655849285
"SRA1",-1.54393495089485,0.139459883255992
"HDAC6",0.288348455054533,0.776271039417475
"HDAC5",1.39531820266885,0.179369624607794
"PDCD6IP",-1.5276012568056,0.143450816665355
"PDCD6",-1.00453494829338,0.328020500355753
"BCL2L11",-0.403168308900814,0.691424486913732
"SH2B3",-0.761060154363899,0.456169155068118
"GNE",-2.27382871833268,0.0350401013543747
"INSL5",-0.00830793509430174,0.993459828551999
"FRAT1",1.17578516691413,0.254522477994828
"TROAP",-1.45955041742531,0.161109343475247
"MED16",0.220538783726684,0.827855990866388
"PIGK",-1.37214996453113,0.186351734411809
"CHAF1A",-2.08786944804119,0.0508249930088437
"PARP2",-0.569292800322298,0.575973568092128
"PARP3",1.5002945244343,0.150334249004037
"TOM1L1",0.687439524595781,0.50029491428707
"HMGXB4",-1.84008374381701,0.0817819174376697
"TOM1",0.953742162642843,0.352454484059446
"SH2D3C",1.41206509442554,0.174454910233552
"SH2D3A",0.12289817845215,0.903506919988265
"MAMLD1",-2.30753135919816,0.032716211458564
"RANBP9",-0.990215538243647,0.334785668372336
"DNAJB6",0.287619992010932,0.776820040254375
"SMC4",-2.37373853691109,0.0285613249048349
"GJC1",-2.30363090002915,0.0329776685173588
"AP1M2",2.33829454956915,0.0307204040627752
"UBA2",-1.48208564543843,0.155074083565503
"SAE1",-0.745452346784558,0.465321802690613
"FARSB",-1.11154801140989,0.280504707248575
"ABCC5",-0.320493186608778,0.752169759007639
"ABCB6",-0.993144779334281,0.333393892148557
"DNM1L",-2.09919789966146,0.0497035631001967
"ABCF2",0.93757651920374,0.360486569210057
"NR1H3",0.789159432019575,0.439970208269334
"COX17",-0.15131469753545,0.881357736863575
"SCAMP2",1.05517632574634,0.304868511543734
"SCAMP3",-1.7932465161322,0.0892225119826353
"IL18BP",0.754479780679682,0.460014564080809
"RWDD2B",0.798553813926107,0.434635026645214
"DPP3",1.13519646992293,0.270720782058878
"SNUPN",1.55241894298824,0.13742367631916
"HUWE1",-0.464360875597253,0.64778232925357
"PTPRU",-0.040044891391458,0.968484360559915
"TSSC4",-1.43957298497157,0.166618867699334
"ATP9A",-0.309295849971746,0.760537028463314
"PDCD7",0.543503707995451,0.593242748108961
"GPC6",-0.30395361773203,0.76453982463524
"PQBP1",0.416891265898504,0.68153332939865
"EDIL3",-1.63359911261095,0.119168038169479
"UST",-2.25933225053771,0.0360857990921953
"ARPC5",0.352424349552514,0.728484770361742
"ARPC4",0.0771297752393649,0.93934454970035
"ARPC3",-0.180534680399779,0.858686758958611
"ARPC1B",1.2327737294917,0.233026235587445
"ACTR3",-1.33622003749449,0.197607598047478
"ACTR2",-0.200399726092424,0.8433444644358
"TSPAN5",-1.46114492363049,0.160676087263641
"TSPAN3",1.73656571491704,0.0990097372844597
"NUBP2",-0.176019633041889,0.862182156634485
"TSFM",-0.708868552770726,0.487203062410686
"TSPAN1",-2.17009202071568,0.043181421197064
"PPIF",-0.874445839092726,0.393034862413784
"CTDSP2",1.77398236765075,0.0924501541195409
"ARPC2",-0.678499983666569,0.505815635000351
"SGK2",0.282141248544375,0.780952903174434
"RAD50",-0.565767259738018,0.578319169216154
"KIF20A",-2.18635907235877,0.0417996059618467
"PREB",-0.943677478165744,0.357440734079961
"HIPK3",0.51788933200602,0.610645287548987
"FEM1B",0.0405704537646739,0.9680709764331
"ACTR1B",2.72415608692366,0.0136475947264488
"ACTR1A",-0.442743436094808,0.663060973429612
"ARL4C",-1.71934496309336,0.102161441542203
"ARL4A",-1.13887193830205,0.269223143023241
"RASGRP1",2.35926760797096,0.0294251866596056
"DNAL4",1.64892957391468,0.115961583453024
"ZNF263",0.602038614695165,0.554422414234536
"LRPPRC",-1.48317499525139,0.154787107502963
"FRY",2.20377794023459,0.0403649204477243
"PDIA6",0.0174474084680512,0.986265621468274
"TRAP1",-1.51105587703893,0.147589647626931
"OPTN",-0.183220155291481,0.856609170973929
"BCAP31",0.161689698087095,0.87329492731575
"NAMPT",-2.45708350760422,0.0240291589994958
"RBM12",-1.25733649744221,0.224201946609435
"YAF2",-2.08328815363078,0.0512849791921566
"ARFRP1",-0.155623328441468,0.87800766532154
"TOB1",0.84595013685253,0.408340123632853
"AKAP9",0.665736024822802,0.513757985179247
"FAM13A",0.93740782837711,0.36057103600152
"G3BP1",-3.43315723701413,0.00285790865451859
"SUGP2",0.650476889357654,0.523344455466178
"EBI3",1.38519124650086,0.182395242668901
"ADGRG2",-0.612327735771687,0.547739882811673
"MBNL2",0.144574338173028,0.886603128444367
"ABI2",0.428898982823814,0.67292673918021
"CEBPZ",-0.512314045144515,0.614465450593364
"TRIM28",0.929725139977079,0.364432152719055
"RASA4",0.76719009403979,0.452604628329534
"AASS",1.22080547460759,0.237421395822629
"PDZK1IP1",1.29015261281504,0.212818841548862
"ATP6AP2",0.0199392975028474,0.984304294853185
"FARP1",0.641500778180845,0.529029759119081
"LPAR6",0.292761014038459,0.772948142230692
"LPCAT3",0.952692392019902,0.352972326449861
"WASF2",-0.0138532326384128,0.989094695605485
"CHST4",-0.486375389187991,0.632386412866201
"SLC25A13",1.09121840823688,0.289121258574832
"SLC25A15",-1.22586870589224,0.235554322215089
"ZNF197",1.20453181461744,0.243498948111896
"SERF2",0.125597779245198,0.901398924886819
"DHRS9",-1.79237429534757,0.0893665004842874
"RCL1",-0.788363536458758,0.440424069015086
"ZNF256",0.86649132775334,0.397269023390741
"SORBS3",-0.938230032925424,0.360159469026838
"CNIH1",0.0685440449209212,0.946084602958689
"RBM7",0.934294609077659,0.362132298660314
"RBM6",1.1186854980524,0.277524723334817
"RBM5",2.24099828949056,0.0374495027487542
"LHFPL2",-1.78826026803062,0.0900483872784296
"LHFPL6",2.31561863652759,0.0321802071877345
"TNK2",0.00674006544866588,0.994694064678403
"ALYREF",-1.68070743534002,0.109548268567688
"TXNDC9",-0.97375489110417,0.342681939973638
"RNF41",0.175510754589269,0.862576297875711
"TSHZ1",-0.622658724828418,0.54107377289771
"ALG3",-0.803457922470331,0.431866054421119
"PRMT3",-1.38310517823887,0.183023554206776
"PSME3",-1.84220622385611,0.0814580142314695
"MPHOSPH9",-2.61179007537093,0.0173508792610603
"MPHOSPH10",-0.343269922001382,0.735247669823761
"MPHOSPH6",-2.1645588355945,0.0436608761478786
"NME6",0.52221291838961,0.607690656556322
"DHRS2",-0.733844390485552,0.472200001245441
"CALCRL",-0.185623193822496,0.854750997682856
"NUTF2",-2.09732276065285,0.0498876241508483
"MPZL2",2.78088874587067,0.0120772866207605
"TRIM13",0.378777823864937,0.709145009594988
"PATJ",3.31787853713449,0.00370024079346038
"USPL1",0.0665971576974414,0.947613567325234
"EIF1",0.328258328985156,0.74638560070556
"TOPORS",-1.38788124109209,0.181587588145096
"FLOT1",1.04662048716082,0.308695614365522
"DDX39A",-0.803012112762644,0.432117310877584
"PSMD14",-1.77056323728479,0.0930334995634872
"PRG4",0.182109265973659,0.857468468717531
"CTDSPL",0.542613250038734,0.593843589123318
"KLRG1",0.551672930414278,0.587744639226674
"GDF11",-0.560464887206287,0.581856056273133
"TRIB1",1.57988648940318,0.131000838719079
"ZNF443",0.82866623576942,0.417808250771565
"CD96",-1.12764966268534,0.273815222719528
"PLIN3",-1.52963916649645,0.142947757783354
"STX6",0.54110024335954,0.594865188625011
"COQ7",0.680127203279687,0.504808148137536
"RCAN2",1.213002692929,0.240320803636606
"MSLN",1.08482983764107,0.291868479821221
"LRRC23",1.27966872218904,0.216405376411344
"LRRC17",0.253903996269487,0.802357312493251
"HNRNPR",-1.28686199874769,0.213939526302741
"SLC35B1",-0.00478072203866789,0.996236490181336
"DCAF7",1.11804414613901,0.277791537584057
"AP3S2",0.781709655197801,0.444229812769518
"MRPS31",-0.52521104877491,0.605645869899221
"CALCOCO2",-0.0795056920697405,0.937480192637356
"GPHN",0.217394986277752,0.830269217974447
"RABEPK",-1.90491418733213,0.072383842213337
"TIMM17B",-0.232427866409348,0.818745841349077
"RIDA",-1.81892373587388,0.0850733260351063
"POP7",-0.030073186540394,0.976329263431028
"SRRM1",1.3955297893918,0.179306842188334
"SPRY3",-0.365076756066343,0.719175354319277
"SPRY1",1.26741658510968,0.220656284820474
"SPRY2",-0.22024302524142,0.828082945069098
"STAM2",-0.340832591318859,0.737052044138912
"CNKSR1",1.52240832476147,0.144739338672019
"ABCC4",-1.62017431939149,0.122037347927705
"DENND4A",-0.00619273711930383,0.99512492813033
"IGSF6",-0.000378747013519534,0.999701839224579
"SF3B4",-0.685090263461813,0.501742370587188
"CDK2AP2",-0.60880302963592,0.550024232643574
"IRX5",0.049673713338646,0.960912332199249
"RAMP2",0.746505864620327,0.46470054517097
"RAMP1",1.13895954622968,0.269187520745872
"ZMPSTE24",-1.82428986098306,0.0842278411483448
"AKAP8",1.61341409520564,0.12350421098092
"FSTL3",0.0733175309975131,0.942336725340643
"STUB1",-0.855510301591867,0.403162918818872
"STAG1",-0.79656545387445,0.435760855564784
"NET1",-0.76256776556402,0.45529090587024
"UBE4B",-0.460845584904877,0.65025617174128
"EFS",1.99920566202126,0.0604229019584558
"PRSS16",1.80203143829441,0.0877835109737041
"SIGMAR1",-0.488776897093954,0.630717128787058
"BET1",-0.0154051765395595,0.987873097633083
"CWC27",-2.76511287028991,0.0124956744443338
"SAP18",0.148456740720225,0.88358114441852
"SMNDC1",-1.96906881379552,0.064038206273567
"BCAS2",-0.0652731088731009,0.948653512776061
"RGS19",0.483676623767071,0.634264742352977
"EIF1B",-1.7148444060069,0.102999228803405
"SF3A1",0.356716903423082,0.725321436797944
"TRAIP",0.137805148482532,0.891876373452409
"DNAJA2",-2.30786207677444,0.0326941311692166
"BCKDK",0.298658317252686,0.768514188051785
"MAEA",0.621690332299747,0.541696764297507
"APC2",-0.645339820270872,0.526594022951477
"PAK4",-2.81417886472717,0.0112380199747985
"KATNB1",-0.843826759920364,0.409495809053182
"SNAPC5",-0.0738985607440138,0.941880625407534
"APBB3",-0.0141527370302976,0.988858941303189
"CCNO",0.456811705328129,0.653100112613618
"VPS26C",0.403779001029572,0.690983084924582
"TCIRG1",1.56627899547821,0.134150582191492
"RTN3",-1.07423758919248,0.296465108107655
"LANCL1",-1.4215264698124,0.171726718964659
"TNIP1",0.526353052014545,0.604867878062243
"LAMC3",-1.54055508595478,0.140278040733712
"IKZF1",-0.472039549408545,0.642393207928349
"CRISP3",-0.303789751324655,0.764662713861324
"SMYD5",-0.721518309587349,0.479569684857767
"RRAGB",-1.66539071676675,0.11260061137751
"SIRPB1",-0.351384164901712,0.729252075551162
"AKR1A1",-0.0857671474243049,0.932568699911237
"EMC8",-1.07160133978202,0.297617244558885
"RXYLT1",-2.15374317781509,0.0446121270081611
"CNPY2",-1.05586955602056,0.304559921970196
"B3GNT3",1.02298704437949,0.319445229417681
"TLR6",-1.63347186122729,0.119194965126434
"TFG",-1.28125851570504,0.215858498802791
"CCL26",-2.14823799248525,0.0451035428223789
"TRIM22",2.0021335232861,0.0600816018561363
"ABCA7",1.18537234857553,0.250804993045254
"ABCA10",0.547879466553563,0.590294571062162
"ABCA8",1.54363856678178,0.139531469089837
"WARS2",-0.13648383762249,0.89290629577135
"HMGB1P1",-1.45051653079231,0.163582071654124
"NPM3",-1.32846996925336,0.200104756546076
"NPM2",1.08714445376918,0.290870960052842
"HMG20B",-3.3375315833532,0.00354110139585773
"HMG20A",1.05540940453256,0.30476473210416
"KLF2",0.217213829264147,0.830408329948156
"MICU1",-0.517932898018958,0.610615481240216
"CITED2",1.07928548895933,0.294268012927364
"SEMA3A",0.269938247631371,0.79018211488855
"TUBA1B",-0.541591322125464,0.59453351136795
"IRF9",2.65774881270456,0.0157334312159644
"BPNT1",1.75877084636843,0.0950700048342186
"TUBB3",-0.572948317825247,0.573546635044412
"TUBB4A",-2.91291661508014,0.00906554355657978
"TUBB4B",-0.799625587534606,0.434028932693505
"BTN3A3",1.68309926613179,0.109078063439487
"BTN2A2",0.691994187257148,0.497495479600714
"SYCP2",0.623923573622542,0.540260647563684
"SCML2",-1.6853293571906,0.108641210931061
"CEPT1",1.52813657781815,0.143318530357581
"CORO2B",-0.226619424602151,0.823193406910952
"NOD1",2.1616564668408,0.0439143083068249
"ANAPC10",-1.04957964712561,0.307368083483627
"DLC1",0.0655348664674513,0.948447913376674
"ATP8A1",-0.64631443420013,0.525976652855266
"NDRG1",-0.0147757797407394,0.988368517839304
"MYL9",0.0673570767840516,0.947016748861155
"RACK1",0.20926651962908,0.836516734261386
"PEMT",0.895821895549967,0.381803730090768
"PIAS3",2.35244407445838,0.0298409041873949
"ST3GAL6",2.10267171126868,0.0493642052735232
"NDC80",-2.28888928677771,0.0339833960760249
"CPQ",2.72926875496523,0.0134984443744046
"WFDC2",2.37683507895153,0.0283795661534941
"BASP1",-3.82614889288551,0.00117813882721746
"IFITM3",0.94068633393855,0.358931832190151
"RAPGEF3",1.95679420114235,0.0655652677493993
"NSA2",-2.87822002734227,0.00977830724532563
"YAP1",1.78260242016398,0.090993553317275
"SPON2",0.592497708054141,0.560657363677098
"SPON1",1.38751706715972,0.181696760821961
"PRMT5",-0.149763676808527,0.882564261666319
"TESK2",-0.0405237327005936,0.968107724782134
"CD2BP2",0.666736399807414,0.513132975295551
"UBAC1",-1.7698825839126,0.0931500080297956
"CDIPT",0.688877911710847,0.499409861622274
"PGRMC2",-1.10182043510231,0.284603857044802
"ARIH2",1.03735892742773,0.312877005878343
"TUBGCP3",-1.36112849865123,0.189748698606777
"SEC24B",-0.939277858143698,0.359635426976679
"CFDP1",-1.93252139757859,0.0686808749514416
"TMEM147",-0.803860471619275,0.431639258163356
"RBM14",-1.84423516120314,0.081149439448562
"LYPLA1",-1.91741191427033,0.0706861324096501
"CDC42EP2",-1.59852338566939,0.126787835330484
"EMG1",-1.3653982548961,0.188426886683564
"IFI30",2.19377247842039,0.0411833941608342
"C1D",-0.665488385755533,0.513912770216305
"OLFM1",1.30859147468602,0.206623817899409
"TIMM17A",-1.67675919378332,0.110328237386097
"N4BP2L2",-0.44915207920862,0.658515269268119
"ZER1",1.15502697962939,0.26271342700573
"MCRS1",-0.684289199276976,0.50223648041686
"LRRN2",-0.798681885491423,0.434562573640817
"FAM3C",-1.57190211247237,0.132841387772973
"ACAA2",1.09772539959161,0.286342544119426
"PPIE",0.0951237948865836,0.925234573209069
"VAV3",0.442196240318792,0.663449730260651
"TOMM40",-3.60669021332261,0.00193396032739175
"TAB1",1.26844129588013,0.220298293033193
"ECI2",-0.711439372459003,0.485645995236757
"HAX1",-1.87355616572508,0.0768034238035646
"GPNMB",-1.11634487906165,0.278499377845255
"BAIAP2",0.122752592687441,0.903620622343999
"MAD2L2",-1.01518783299185,0.323050226493306
"TACC3",-2.20092135709896,0.040597062515812
"MERTK",0.738489084139879,0.469440572780809
"SLC30A9",-0.097664033009251,0.923244587767692
"PIBF1",0.289437029428582,0.775450868847863
"PPIH",-1.48960881176424,0.153101085891981
"COG5",-1.18254144514266,0.251898401871868
"ZNHIT1",0.598358959442612,0.556822702697989
"FST",-2.26954999022467,0.0353458000239027
"TIMM44",0.159760687565015,0.874792985406131
"PFDN6",-0.897011680605392,0.381184924655647
"ZBTB18",0.881292393822997,0.389414248837878
"HMGN4",-0.515945454524155,0.611975929440182
"TADA3",-0.531800816023768,0.601163272068193
"TRIM38",1.91757726369237,0.070663909791664
"ATP5PD",-0.733104583725421,0.472640414469548
"UBE2E3",-0.289764830309818,0.775203945087282
"SLC25A17",0.168112110902651,0.868310894637786
"SLC9A6",-1.30448787641548,0.207990139023049
"EIF3M",-2.52821170507424,0.020703684406245
"HOXB13",0.713275204001553,0.484535874088164
"NXF1",1.00440265231167,0.328082561033662
"SEC23B",0.252123307100603,0.803712707087983
"SEC23A",-1.54872139786283,0.138308039805014
"CAP2",-2.61859336345422,0.0171018789385622
"CAP1",0.11241157990677,0.911702268731897
"LRRC41",-1.35726347259305,0.19095158093933
"VTI1B",-1.32612242348179,0.200866063137649
"CRTAP",-2.01757999991862,0.0583094785114002
"SYNCRIP",0.357203999114323,0.724962797943686
"VAT1",-1.61284690878746,0.123627955985952
"STK25",-0.616941398960391,0.544757473660207
"ENOX2",-1.7221824276035,0.10163626287606
"UNC13B",1.17655455247858,0.254222621203848
"CARM1",-0.227781927755267,0.822302772370923
"NCOA2",1.62033476190706,0.122002714130365
"SEMA6C",0.561917328870387,0.580886134003085
"SEMA4F",2.65784014156624,0.0157303645024169
"SEMA4D",0.936288205259759,0.361131993817764
"SEMA4B",-2.18623289721177,0.0418101664765966
"SEMA3C",-2.16704320899659,0.043445004807478
"APPBP2",-1.31706858631766,0.203823645151801
"MYBBP1A",1.59449283278377,0.127689177312581
"FBLN5",1.09385631573243,0.287992417805361
"FBXW10",0.19693511799207,0.846015828810326
"CIB2",1.74474264667125,0.0975428361593117
"CIB1",-0.877127518302733,0.391614106459616
"DDX17",0.825045203286327,0.419809463782829
"DEAF1",3.76261977710187,0.00136006981662931
"CHERP",-0.82980150253,0.417182084454335
"KAT5",0.406180402215041,0.689248480647219
"HYOU1",2.52467310183608,0.0208583292046162
"IPO8",0.348980352367793,0.731026400034576
"IPO7",-0.940291077566344,0.359129185314065
"NOP56",-0.910208551636158,0.374365981114277
"NEBL",-0.868082671662781,0.396419581146073
"PITRM1",-1.71027300930379,0.103856246902495
"ATG7",-0.763044097213472,0.45501363625961
"RNASEH2A",-2.22916416007812,0.0383547638651631
"P3H3",-0.0368460138180449,0.971000649551257
"UBD",1.24497123629375,0.22861141505115
"BATF",0.855982533837319,0.402908293862323
"GLRX3",-1.67332496839513,0.111010517577507
"DCTN2",-0.861533593574864,0.399923017715798
"ANP32B",-0.86678426138111,0.397112569408102
"LAMTOR5",0.372416102572551,0.713795678158918
"PROCR",-2.10669477979599,0.0489738184719954
"TM9SF1",0.94294692051178,0.357804530100568
"PRDX4",-0.733500297700288,0.472404812146511
"ARL6IP5",0.0902015083312151,0.929092050437224
"AGR2",1.4939825380626,0.15196357533464
"ARPC1A",0.620585491927686,0.542408009044286
"HTATIP2",-1.72087758162322,0.101877483836698
"AGPAT1",0.664419156267546,0.514581385879858
"AGPAT2",0.204296161984943,0.840342472790186
"RPP30",-1.25188267992696,0.226138613412087
"RPP38",0.815102025710995,0.42533598303053
"SPTLC1",-1.63926992893921,0.117973294408724
"SLC35A1",-0.0544220311551646,0.957179651834044
"SLC19A2",-0.0050375730395501,0.996034292091033
"IFI44",1.37960892002035,0.184080497618716
"OLFM4",-0.315294350005937,0.756050769998248
"ARFGEF2",-1.77872761051613,0.091645824151385
"ARFGEF1",-1.5698565940524,0.133316389205585
"RABAC1",-0.13205453260992,0.896360222510252
"SLC34A2",2.76938512823634,0.0123810208551664
"SLU7",-0.44902070495039,0.658608317897718
"DPYSL4",-1.81015624871058,0.0864707047903387
"SIVA1",-0.220078046910278,0.82820955013586
"MRPL28",-1.16431217479971,0.259025535486118
"CCT7",-2.04274911655223,0.0555223546429293
"CCT4",-2.09578372998359,0.0500391548638911
"CCT2",-2.15807175218149,0.0442291759421858
"NPC2",0.222238873552208,0.82655170672015
"TACC2",-0.233855055861045,0.817653991334182
"SORBS1",0.773729205507871,0.448821001807646
"IFITM2",1.63663727269525,0.118526680023036
"POMT1",0.230829308375891,0.819969246172799
"TXNRD2",-0.188953566211528,0.852177197699198
"MTHFS",0.708862746104722,0.48720658263172
"DRAP1",-1.44022653424875,0.166436230992408
"DNPH1",-0.583864798289206,0.566330456672507
"SMC2",-1.62020720948402,0.122030247456322
"PRPF8",1.85811424681625,0.079066011146287
"ERN2",-0.0583851267315385,0.954065013527912
"TRAPPC2B",1.24825367987318,0.227434423701111
"AHSA1",-0.902408405740294,0.378386467926855
"CDC42EP3",-0.72572042214932,0.477049662832393
"SH2B2",1.90119321716504,0.0728962342576177
"PAIP1",-0.368858526926163,0.716401447396631
"PAICS",-2.07527629539875,0.0520984792221897
"TBL3",-0.486732317638821,0.632138183886578
"MXD4",1.26165001289276,0.222679310605825
"P3H4",0.618972285467943,0.543447420623816
"ST6GALNAC2",0.544106147439381,0.592836420051092
"PDLIM5",-0.585806404883424,0.565051939785889
"TRIM3",0.535223643563962,0.598841355197908
"ERLIN1",-1.50329219013825,0.149565517123115
"HEXIM1",0.0508489724082737,0.959988364358457
"SPAG5",-2.00360497610733,0.0599107285545816
"RBCK1",0.239124363806155,0.813626118770052
"STAMBP",-1.34617227535271,0.194437140812191
"TGOLN2",-0.295502225329478,0.770886122947771
"POLR3F",-1.34703141396563,0.194165351398361
"POLR3G",-2.65065746825242,0.0159732932905904
"POLR3C",-0.439853367853729,0.665115338946897
"IVNS1ABP",0.0535590720755815,0.957857956036693
"TRIM16",-0.422985183928153,0.677159782540218
"MYL12A",-0.379906161581378,0.708321367688756
"TXNIP",1.96289801143767,0.0648018898921457
"TAF6L",-0.495615072526755,0.62597510923821
"PDPN",0.941699506437681,0.358426288053598
"POSTN",1.56395628988151,0.134694505098047
"ATP5MG",-0.923114354105892,0.367776869503961
"RASL10A",-0.054638183518705,0.957009756711599
"GAS2L1",-0.286131606630319,0.777942125913824
"RAD51AP1",-2.3477860764542,0.0301278170642277
"RGS14",0.801854328512772,0.432770261090336
"LEFTY1",0.532493746699937,0.600692858952694
"EXOC5",-0.757433189984928,0.458286239799049
"NPRL2",1.19752134919467,0.246153254264575
"IGF2BP3",-1.42538894956629,0.170622947030722
"IGF2BP2",-0.658893567783883,0.518044459497817
"CAMKK2",0.683947866330206,0.502447104927308
"PRELID3A",-1.32419225232798,0.201493727236615
"MTX2",-0.141043811512743,0.889352771120632
"SPINT2",0.144707893822958,0.88649914148295
"PMVK",-0.0718015308530691,0.943526859463198
"DMRT2",-1.32827137728431,0.200169071318578
"KHDRBS3",-0.363312668808663,0.720470675740013
"KHDRBS1",-1.34857325478172,0.193678345147699
"CELF1",-0.0963036251080816,0.924310247636256
"CELF2",0.503179973766785,0.620748578798741
"CTCF",0.154786953111084,0.87865778582347
"CD226",1.01712891360199,0.322150335721383
"FARS2",-0.438862718305638,0.665820156577067
"CGRRF1",-0.37101427229522,0.714822028572048
"CGREF1",-1.28691322460301,0.213922045074794
"RRAGA",-1.53553491261799,0.141500633962798
"DCTN6",-2.4595571702259,0.0239055411346883
"GNA13",-1.53535279634796,0.141545151853004
"TNFSF13B",0.3388892994876,0.738491803456307
"CSPG5",0.37451114011552,0.71226284084014
"AVIL",1.96235434549527,0.0648695607384462
"B3GNT2",1.01383632650157,0.32367783548134
"GNB5",-0.707082696383446,0.488286416848914
"EBP",1.30887393722607,0.206530030021918
"DLL3",-1.27723220830954,0.217245613311586
"CLDN16",-0.577552982519739,0.570497039509133
"PNMA2",0.743639320365773,0.466392110157863
"GMEB1",1.80187273132087,0.0878093270967752
"CCT6B",0.84156920702997,0.410726829188812
"CCT8",-1.09310083510868,0.288315381745281
"CNPY3",0.392995569742189,0.698793829640928
"USP39",1.1425832460301,0.267717153548563
"POLD3",-0.913549654005568,0.372652628486204
"CERS1",-2.75777711933686,0.0126949163927056
"AP4B1",3.79469753055742,0.00126495465413276
"POLQ",-2.80022323580218,0.0115828079239462
"OGA",-1.33315634774919,0.198591789110271
"NFAT5",0.0129115596002082,0.98983593832622
"NUDC",-0.844863659906288,0.408931195047871
"PTGES3",-2.04148802525241,0.0556590954603127
"YME1L1",-1.21690259307377,0.238868294803014
"TCFL5",-0.674131197684272,0.508526209933635
"PLK4",-2.2180126934508,0.0392261698991398
"STAG3",1.49949871655361,0.150538875439694
"STAG2",-1.19971297746383,0.24532111013825
"SIX2",-0.617184849875705,0.544600342551657
"RBBP9",-1.34873324924107,0.19362786488178
"RAI1",1.696629709852,0.106450539685817
"PHTF1",-0.707616788745404,0.48796227297981
"MAP3K2",-1.36103552626104,0.189777562620884
"KIF1C",0.0813606526046515,0.936024881835578
"CHL1",1.11816453586724,0.277741438825999
"CAPN9",0.4784432747397,0.637914398637213
"GIPC1",2.43963539481818,0.0249182696400124
"TRAF3IP2",0.391711992340094,0.69972588548142
"PLAC1",-0.0280937280123278,0.977886856781568
"NUP50",-2.07102635822794,0.0525347272519936
"NES",-0.714876523454564,0.483568778245818
"KDM5B",0.719102385285463,0.48102207599521
"TOB2",-0.395782030138591,0.696772164098621
"AHCYL1",1.1586278790732,0.26127858971377
"PLK2",-1.35478029807547,0.191727599377361
"ZMYND11",-1.25352992393191,0.225552314908493
"SRSF10",-0.374200458375844,0.712490072331525
"ZBTB6",-1.93874953109341,0.067869130115112
"POP4",-1.67394547059704,0.110886975839927
"ARPP19",-1.84076547117875,0.0816777587475374
"ZNF234",-0.935527032705889,0.361513697468468
"ZNF266",0.249674983966944,0.805577322688578
"ZNF274",-0.204029787902628,0.8405476200503
"NEK6",0.204561076988962,0.840138460876789
"WDR4",-0.346756532751778,0.732669254949239
"NCKAP1",-0.706483119538495,0.488650453338254
"IQGAP2",0.05699786951033,0.955155189763432
"VAMP5",0.810506746730695,0.427905555338665
"ZNF273",-0.260392106627276,0.797424277347269
"ZNF460",0.225463631686519,0.824079144983915
"ZNF268",-0.462240639098044,0.64927391805633
"MTHFD2",-1.00083591267395,0.329758843045782
"RPP40",-1.8487185211564,0.0804712167782334
"SEC24A",-1.1205830512256,0.27673641245806
"GJB6",-1.07255023052742,0.29720217242152
"SDCCAG8",2.94902808822947,0.00837703905357986
"ENTR1",-0.668340736365942,0.512131520554657
"HSPH1",-1.80118935430693,0.0879205645298106
"STARD10",1.8025325063856,0.0877020480186927
"WASF3",1.36701297766798,0.187928927220535
"NOXA1",0.493101574481469,0.627716195769713
"UTP14A",-1.97304574588694,0.0635502998269337
"CPLX1",0.162144208396326,0.872942028666499
"FRS3",1.73576851750175,0.0991537645763244
"FRS2",-1.35824169369684,0.19064656407295
"NEU3",-1.32933636156052,0.199824363041088
"FAXDC2",-0.389061805276291,0.701651838699216
"FAM114A2",-0.151822337179267,0.880962913220521
"ZNF275",-0.858556964320739,0.401522010470069
"ALDH1L1",-0.835382902319609,0.414112331437212
"FTCD",0.192028161373828,0.849802580274201
"TUBGCP2",-0.316246507473969,0.755339467794892
"CLPX",-0.691353380869828,0.497888792342682
"PDE10A",-1.60052573858613,0.126342050095834
"SRCAP",0.613914687600992,0.546713044638069
"PPP1R13L",-0.304194343464829,0.764359307517648
"HPSE",2.05275458171982,0.0544481434092294
"RUVBL2",-1.20544719978182,0.243153976538078
"PGRMC1",-0.157851638737053,0.876276019788687
"LILRB1",1.66844745626089,0.111985727669772
"ADAM28",0.669164517033249,0.511617731405907
"ARID5A",1.20783935866806,0.242254223991399
"TSPAN9",1.72379928995104,0.101338043486458
"USP19",1.56407691406804,0.134666212418291
"HCST",1.13811233848406,0.269532150857655
"ME3",0.521875443887033,0.607921029720677
"NMU",-2.34841454888283,0.0300889567848544
"FGL2",1.45823619198275,0.161467159724634
"MRPS30",-1.52614088523095,0.143812213002443
"WDR3",-0.703295164832851,0.490588694924794
"GPR83",-0.104148145243195,0.918167417677274
"RAB10",-2.49929107485581,0.0219998877187785
"PPARGC1A",-0.374816164802168,0.71203977379733
"MALT1",-1.07480002010441,0.296219723927926
"MMP24",0.403195692547812,0.691404691862708
"YIF1A",0.387917576515535,0.702484019240385
"CPSF4",0.769933612177847,0.451014818080834
"JTB",-0.0367744828997342,0.971056920605396
"RUNDC3A",-0.25501847734111,0.801509337897505
"DHRS4",-0.665646782114765,0.513813762672373
"BRD8",-0.547558414341841,0.590510632312367
"MTMR11",-1.22113492186524,0.237299568500761
"BLCAP",-0.515610235974236,0.612205536836853
"MAN1A2",1.39878166945436,0.178344160343855
"TRAFD1",1.68239249869782,0.109216825362699
"TXNL4A",1.20635744920308,0.242811309145384
"PNPLA6",-0.793861829248165,0.437294591479143
"SUGT1",-0.405782502596611,0.689535773640057
"GADD45G",0.211325463650925,0.834933161950382
"EDAR",1.21088296859906,0.241113110394375
"PAPOLA",-1.48018181517423,0.155576674124378
"TCERG1",-1.60395199654805,0.125582322956399
"MAGED2",-0.66972093459071,0.511270860552038
"EHMT2",0.627287979060048,0.538101018256022
"COPS8",-2.38948085768016,0.027648421985311
"RNPS1",-0.466440681760202,0.646320668779064
"FASTK",0.673135911613148,0.509144877600826
"SUB1",-1.31143521978428,0.205681116794283
"SMPDL3A",-0.229867361513187,0.820705670024857
"SPIN1",-1.29104611818369,0.212515333470931
"RALBP1",-1.96019607479149,0.0651388261108105
"SRSF8",0.869843520576177,0.395481043004374
"MORF4L1",0.308502765989653,0.761130830402699
"PRDX3",-0.971830398127074,0.343613481297101
"GPR75",-1.70721360286776,0.104433224077692
"EHD1",0.945448803092594,0.356559713620536
"AFG3L2",0.00662971358564065,0.994780934863434
"POP1",0.255810297922746,0.80090701951167
"PRSS21",0.621072634852064,0.542094347023458
"MSL3",-1.24399259833751,0.228963233709824
"C11orf58",-0.0541836529244919,0.957367018864076
"KDELR1",-0.708053528259873,0.487697306546371
"SF3A3",0.0317937149168069,0.974975495789053
"AP3M2",-0.892806249779704,0.383375148838184
"HNRNPA0",-1.44464000607355,0.16520713043322
"BTG3",0.194815219705581,0.847651310704906
"CBX1",0.0663303112277088,0.947823148389691
"SEC61B",-1.41031960519058,0.1749620294064
"TOMM34",0.328380221238854,0.746294926820431
"PDIA5",-0.285271053155491,0.778591121452316
"SERINC3",-0.576999456451925,0.570863188398907
"OS9",-0.485742854972722,0.632826424398847
"PNRC1",0.857875612782868,0.401888603911566
"TMED2",-1.0378059720592,0.312674251949994
"LMAN2",0.24664279230437,0.807888264772453
"ERP29",1.08844853876577,0.290310038431573
"MLLT11",-0.575663346731599,0.571747502961587
"STIP1",-0.551987039515207,0.587533745379256
"IFI44L",2.65724729249227,0.0157502817971114
"ACOT2",-0.679493980540126,0.505200069485725
"RAB40B",0.485407796407611,0.633059559133343
"EBNA1BP2",-1.28290123386877,0.215294547444821
"CKAP4",-0.996346627743933,0.331877219556581
"YWHAQ",-0.333351441300429,0.74260016197667
"TMED10",1.12733551651744,0.273944598052009
"ASCC3",-0.601308277077268,0.55489838719587
"ADIRF",-1.98118626430985,0.0625619343206291
"UQCR11",-1.37264228882604,0.186201134990396
"CLP1",-1.10244638550202,0.284338770898893
"FERMT2",0.954293800933225,0.352182574526678
"COPS6",1.6140347209221,0.123368926818437
"RAB32",0.479683378500287,0.637048705561797
"MAPRE2",-1.32403003225156,0.201546549321846
"CCNI",-0.557761307631439,0.583663651562106
"GCN1",-0.824084759209664,0.42034128793935
"COPS5",-2.16024919510478,0.0440376728765926
"METAP2",-2.10125659628007,0.0495021937862569
"IMMT",-0.871225862468873,0.394745269409428
"SF3B2",0.174598743715676,0.863282769564753
"SLC27A5",0.537738595674884,0.597138116410359
"SLC27A3",-0.100370573772106,0.921124895681544
"SLC27A2",-1.05894622629568,0.303193059027617
"KIF2C",-2.47899384079475,0.0229547741436596
"SPINK5",1.832912187936,0.0828847143951811
"LILRB4",0.0907259924762291,0.92868093725992
"CCDC85B",-0.963044369858343,0.347888534199957
"IL24",-2.38854249926827,0.0277020662603411
"GLIPR1",-1.40852422319686,0.17548488526017
"TLK2",-0.536207057101867,0.598175059375437
"KLK11",0.986686669977989,0.336467720992214
"TMSB15A",-2.01676090434072,0.058402258797654
"KDELR2",0.459620710666664,0.651119144891969
"KDELR3",-0.115872702919635,0.908996206016799
"SNRNP27",-1.48662592164773,0.153880882711107
"TMED1",0.0589086101959497,0.95365365804835
"LIAS",-1.10851524658917,0.281778018738584
"IFT27",-1.02850099093276,0.316913788379197
"RAB35",-1.60102883736545,0.126230252647038
"LILRB3",-0.351511652623241,0.729158016837679
"RBPMS",1.12887072179448,0.273312781146449
"RAB31",-1.47796265971449,0.156164194648273
"ADAP1",0.910604470329145,0.374162674830347
"DSTN",1.59088030840498,0.128501612920526
"RIPK3",4.00045099433709,0.000794368192899141
"PIM2",-0.645037768602798,0.526785439140758
"B4GAT1",0.594256345410108,0.559505341379694
"MID2",-1.53256384270453,0.14222836050548
"TENT4A",-1.37586009616705,0.185219220384254
"UPK1A",-0.155450188488345,0.878142240946623
"SLC35D2",-1.61074637556026,0.124087148776225
"ADRM1",-0.301978652998152,0.766021347244716
"NUDT21",-1.51237327170031,0.14725651999652
"CPSF6",0.0037437232889027,0.997052838228788
"OGFR",2.1202192309797,0.0476819088379249
"DDX52",-0.995670859682595,0.332196919430516
"ABHD2",-0.397858600261153,0.695267060020006
"WWP1",-2.65540280846219,0.0158124023447544
"WWP2",1.60702841825037,0.124903452406062
"DUS4L",-1.01278530003564,0.324166502327102
"CNTRL",-0.505426782038283,0.619200242703361
"UBE2C",-2.36319768635214,0.0291882013001579
"SNRNP35",0.276513344274256,0.785205269072152
"DEPP1",0.508652574711103,0.616980457524516
"CYB561D2",0.874239604780079,0.393144265355592
"RAPGEF4",0.982802955385018,0.338325703629091
"TMEM115",-0.576065273494387,0.571481410489005
"DUSP14",-3.66418975017282,0.00169867444995021
"TOPBP1",-1.81123070707,0.0862983841026709
"TRIM31",1.3826120756819,0.18317232716448
"TPPP",0.990754981669677,0.334529057552264
"HSF2BP",-0.714238802608039,0.483953785461281
"TRIOBP",0.0238818797875757,0.981201365277232
"RER1",0.040805245452952,0.967886302665862
"DNAJB4",-3.35722994722279,0.00338834949337903
"ESM1",-0.623002169226514,0.540852919535377
"DIDO1",1.17424005277852,0.25512546780142
"WDR5",-1.27187276491498,0.219102761282527
"SPACA9",0.0879791822752897,0.93083423085755
"CACFD1",-0.765030282123628,0.45385860063182
"PRSS23",-1.81480342887767,0.0857275499805422
"PTPN21",1.11687957696743,0.278276503024884
"HNRNPUL1",-1.02741394980593,0.317411716656713
"ATE1",-1.57875884533314,0.131259477585785
"KRR1",-1.47408377912775,0.157195499391286
"KATNA1",-0.345290022092148,0.733753371614803
"PRDM7",0.719208338984801,0.480958325059156
"PRDM5",-0.036275282901147,0.971449629384096
"PRDM4",-0.903561488749252,0.377790319280017
"HIBADH",-1.17850765800405,0.253462621764958
"CIT",-1.54610342691658,0.138937060019172
"BTN3A2",0.852992661119323,0.404522176672523
"BTN3A1",0.718596263905356,0.481326671228264
"BTN2A1",2.05529144024637,0.0541787764145062
"RCAN3",0.299093405395306,0.768187384453731
"FAF1",-0.397296240027192,0.695674532353473
"KIF3A",-2.11163581777342,0.0484981902014272
"POLR3A",-0.845475428599482,0.408598309366287
"CLASRP",-0.569112221632602,0.57609359192047
"CAPN11",-0.631143328649978,0.53563202690388
"CAPN10",1.82696960522284,0.0838083820226157
"KPTN",-0.00734265685840434,0.994219699406604
"CDC42EP1",-0.173230400973818,0.864342951792905
"SLC7A9",-0.715804169939811,0.483009057361083
"PWP1",-0.528030927795146,0.603725702789027
"TBC1D8",0.039525289186983,0.968893065694116
"CDC37",-0.10548281630884,0.917122788234843
"PKIG",-1.00212944056096,0.329150223379766
"KAT7",-0.505864647828098,0.61889871009852
"DMC1",-0.35165864870223,0.729049570599384
"PLAAT3",1.91349428795864,0.0712144697394914
"GLMN",-0.522642411380076,0.607397528983816
"CORO1A",1.67022164700873,0.111630153045987
"WDR45",-0.217190641479047,0.830426136456197
"FICD",-0.224638246731563,0.8247118245644
"AP4S1",-0.064256838844879,0.949451784378345
"PTP4A3",2.52646128226687,0.0207800462157191
"LSM6",-1.00823211923994,0.326289473459514
"RABL2B",-0.474795646136909,0.640463835898814
"RABL2A",-0.398143148668306,0.69506091955765
"ERLIN2",-1.08623141902517,0.291264149817226
"NUDT6",-1.29879177890366,0.209898430916901
"NUDT5",-1.87374455172929,0.0767761770510359
"NUDT3",-0.979314722791364,0.34000055367672
"SOX21",-0.702798337611898,0.49089116289475
"FSTL1",1.49782981185428,0.1509687477317
"PSIP1",-1.44149040827719,0.166083498866309
"WDHD1",-0.798337275489442,0.434757544549537
"FAM107A",0.798519397083567,0.434654498324793
"STRAP",-1.83891203569701,0.0819612108721161
"ADAMTS6",0.296787475323883,0.769919922451706
"BAZ2A",-1.13281232062194,0.271695547773986
"BAZ1A",-1.21587852128506,0.239249057566608
"ZNF277",0.276232102583317,0.785417954788238
"WDR6",1.03298856874858,0.31486408696877
"SLC2A6",0.461666502761966,0.649678086021929
"MAP4K5",-0.389635153542122,0.7012349965841
"MAP4K1",0.805088179048757,0.430948029127318
"INMT",-0.30785482686368,0.761616071822372
"RASSF1",1.03798439952219,0.312593353593366
"PKP3",2.13554461537643,0.0462554670897421
"NISCH",0.29427681074562,0.771807700055271
"CEP250",-1.11697341559387,0.278237402405164
"WBP4",-0.0833970466715428,0.934427493807078
"ABCB8",0.867535612211464,0.396711461656423
"SEC23IP",-0.203543063080002,0.840922500092247
"WIF1",2.14594696414589,0.0453095001465773
"SUPT16H",0.0697613062382136,0.94512875030818
"ANXA10",-0.436605383284627,0.667427376390584
"CHEK2",-1.16966506137215,0.256917186835845
"POLI",-0.21083357770992,0.835311415029057
"KLK8",-0.164790493389138,0.870887900814928
"PLPBP",-0.522226600570925,0.607681317458701
"IRAK3",-1.16594527075457,0.25838093480009
"AKAP13",1.19591311083863,0.246765250628304
"AKAP11",0.512792324655782,0.614137288985692
"AKAP10",0.0278825720878566,0.978053016338669
"DDX20",1.19038753910507,0.248876732691181
"TREX2",0.745180407551685,0.465482245859458
"DUSP10",1.94149922963405,0.0675134714346176
"MRPL3",-2.5484148485709,0.0198412636276474
"RPL35",-0.578034593201217,0.57017856009542
"GALNT6",-2.27786844858593,0.0347537199037305
"GALNT5",-0.247197982770034,0.807464997766606
"PRAF2",-0.591241602199913,0.561480955632147
"SEC63",-0.957712544110578,0.350500638683816
"POLG2",0.000528335096153407,0.999584079101422
"HPS5",-0.250799156719216,0.804721015907268
"PDCD10",-2.18943430026107,0.0415429716080677
"CA5B",-1.03781728436619,0.312669122548482
"PMF1",0.638596347671148,0.530876632936732
"ZHX1",-2.18497157475745,0.0419158700280848
"GPR176",0.72245224404275,0.479008922368556
"NXPH4",0.227850051695813,0.82225058789937
"PACSIN2",1.0877717564927,0.290601042076857
"MAN1B1",-0.15875344055698,0.875575400904966
"SLC6A14",-0.907998196118262,0.375502368390662
"DCTN3",0.676849624200609,0.506838617836509
"FILIP1L",0.644537265678356,0.527102702489231
"XPOT",-1.25854163463467,0.223775734283557
"CHP1",-0.62827185507261,0.537470350396674
"SP140",1.14164989498303,0.26809530157998
"PXMP4",-0.380877146383193,0.707612882640744
"DUSP12",-0.508375417682409,0.617171031064796
"SNF8",-0.845609034826389,0.408525632579393
"DDX19B",-0.0772943516890408,0.939215396553618
"NRM",-0.178075633991124,0.860590103008612
"PRR4",0.503612932692519,0.620450073325619
"ATXN2L",0.817254057582777,0.424135976769868
"KLHL2",-0.391496006694994,0.699882769312238
"SYNRG",-1.45977081509848,0.16104940062572
"TREX1",0.263215811395432,0.795280078958824
"KLF12",-0.313612383664887,0.757307817166638
"KLF8",0.755989650289269,0.459130501043335
"POU6F2",0.483680814776838,0.634261823445415
"MGAT4B",0.993649444051993,0.333154518376129
"PNKP",0.126860692772201,0.900413030694594
"B4GALT7",-0.0579415166279114,0.954413614562838
"VPS45",-0.586540077846325,0.564569219181777
"LYPLA2",1.18270953379785,0.251833378968601
"PARK7",-0.987311100810023,0.336169655170964
"COPE",-0.812632819985158,0.426715490991604
"ECD",-0.887333023488374,0.386238119379622
"MGAT4A",2.18067502577957,0.0422777750394413
"GPN1",-0.49032099896394,0.629644901863913
"TMC6",2.16466577842143,0.0436515635654727
"DDX42",0.758130550197208,0.457878723087014
"FKBP9",-1.86940342947765,0.0774062138341302
"STK38",0.376211030432777,0.711020037317301
"CTRC",-0.917027282475669,0.370874857054727
"PHB2",-1.08820275155919,0.290415697755998
"ACOT7",-2.98220996327985,0.00778914969829933
"PDAP1",0.540740881773874,0.59510796133397
"TUSC2",0.758482063068523,0.457673392802888
"CBX3",-0.0132175141463064,0.989595103574268
"EXOC3",0.764359749017937,0.454248338712253
"U2AF2",0.199242574905991,0.844236463363095
"OIP5",-2.30533594840848,0.0328631380044526
"EXOSC8",-1.15777251782219,0.261618890390021
"RNF13",-0.67714957502543,0.506652604472238
"MGLL",0.826393589089556,0.419063548332947
"TWF2",1.61391523396148,0.123394962884867
"GABARAPL2",-2.16202098547659,0.0438824052844775
"CASC3",-2.08825929390148,0.0507860234692269
"NID2",0.645352277184361,0.526586129581581
"COG2",0.947328905939962,0.355626210832567
"RRAS2",0.875635723407168,0.39240404391731
"CLCA4",-0.37736460824607,0.710177120365846
"XRN2",0.179010789848314,0.859866172378071
"IKZF3",3.08259534308913,0.0062438936811807
"MRAS",0.555516401187117,0.585166729957622
"ATF5",-0.860646886563009,0.400398907226971
"COPZ1",-0.746001093443487,0.464998145464161
"COPG1",-0.301226023304373,0.766586177684306
"RASA3",-0.586713870629997,0.56445490357937
"PHLDA1",-3.00536445045724,0.00740278994162137
"MTF2",-0.92370940405585,0.36747495990632
"HSPA4L",-3.20914065820088,0.0047160002474801
"DNAJC8",-0.0317147520242207,0.975037624682914
"PUF60",0.75427277173032,0.460135852866802
"SCAF8",-0.198811163141247,0.844569075866107
"NLGN4Y",0.826639452351651,0.418927629895059
"CEP162",1.29306177658598,0.211831892203933
"ZNF652",-0.527956264233877,0.603776505979476
"ZFP30",-0.707517057773509,0.488022790764808
"RHOBTB3",-0.830212413610089,0.416955590513512
"COBLL1",0.773537684934708,0.448931541600616
"RNF44",1.98064249199264,0.0626275244149683
"DLGAP4",-0.209720483917086,0.836167519954516
"RAB11FIP2",-0.668035509938199,0.512321963161173
"PPM1E",-0.0175440694521739,0.986189539371884
"DOLK",-0.673556442339575,0.508883424557017
"VASH1",0.577705732314945,0.570396019221305
"ZNF507",-2.03880619995093,0.0559508964720454
"AAK1",-1.39592908617579,0.179188410241575
"CPEB3",1.01031284136093,0.325318103007346
"ADNP2",-0.993331844295369,0.333305149043528
"ANKRD26",-0.338013864807869,0.739140726329925
"LMTK2",1.00910218360589,0.325883042124374
"NTNG1",-0.332029715503298,0.74358188758404
"CHSY1",-2.29412244751774,0.0336231671228329
"ADGRL1",-0.1589983300385,0.87538516200779
"NLRP1",0.913129094490178,0.372868006171033
"FNDC3A",0.386390103056177,0.703595529694023
"ATG14",-0.141013993686518,0.889376000011516
"R3HDM2",-1.27266196825937,0.218828515312722
"SLITRK3",1.07507978171653,0.296097720931896
"FASTKD2",-1.26789215252044,0.220490085030911
"ZNF510",-0.771234598454877,0.45026212147306
"PPP6R1",0.535733612246493,0.598495788751379
"NLGN1",-0.936380061708005,0.36108594925638
"SEC31A",-0.853904154817098,0.404029724788736
"DZIP1",-2.4708644279804,0.0233480328577238
"PLEKHA6",0.58054957378161,0.568516946164291
"ENPP4",0.918555437288241,0.370095465614891
"INPP5F",-1.04745452807796,0.308321034404234
"MLXIP",2.39064798954269,0.0275818343079498
"TRAPPC8",-2.16900238696228,0.0432754567170995
"MON1B",0.875950896969108,0.392237065667092
"MORC2",1.21358564443931,0.240103257488903
"ANKRD6",1.2076881787244,0.242311011541925
"ZHX2",-0.00493724744801926,0.99611327031077
"CLSTN1",1.70722250848836,0.104431540567083
"WDR37",-0.0222087507835683,0.982518132934043
"ABLIM3",-1.1427716747295,0.267640859640977
"FOXJ3",-0.390458323269234,0.700636696659762
"UBOX5",1.12285695992104,0.275793927219833
"KHDC4",-0.270411811170366,0.789823350852401
"ZBTB1",-1.79443956630518,0.0890258874932029
"ZNF365",-1.19396495574633,0.247508142519227
"BAHD1",-1.21829665715667,0.238350708111191
"DIS3",1.44962881450442,0.163826716393842
"CEP164",1.44213354890482,0.165904239685214
"DENND3",0.753312533103723,0.460698720313302
"CARD8",-1.32882390606397,0.199990173229993
"ARSG",0.738081918116371,0.4696820850454
"RUFY3",1.37205135265492,0.186381910972764
"BTBD3",-1.41334127224139,0.174084892700087
"SBNO2",0.823592614917504,0.420613967593707
"EPN2",1.23846485294732,0.230958283009156
"TRAK1",1.90953940363544,0.0717513802004533
"DHX30",1.93193270787642,0.0687580466100585
"SACM1L",-1.39635760346229,0.179061381479923
"FAN1",-0.168143617982622,0.868286457742452
"WDR47",-0.672191767172216,0.509732149970535
"RALY",-0.19260346119386,0.849358419124679
"NCBP2",-1.70740134726126,0.104397737979473
"CD93",0.642382206189587,0.528469975917912
"MAPRE1",-1.85122429030418,0.0800943288436765
"KIFAP3",-0.753266528720085,0.460725697368992
"MSRB2",-1.1315502453769,0.272212602300495
"MAPRE3",0.0318980671235803,0.974893390548824
"ATF6",-0.143532892692824,0.887414074396965
"HABP4",0.00949100366273825,0.992528521118927
"SEPHS2",-0.57516313345495,0.572078754290425
"SEPHS1",-1.19720093878378,0.246275090791292
"RAB3GAP1",0.0399556631451088,0.968554544467208
"RAB18",-2.21238535350534,0.0396727742404157
"POMZP3",0.0663657517937085,0.947795313164053
"SIRT2",-0.978156347814762,0.34055800939726
"RPIA",-0.643981942978674,0.527454838974929
"ELL2",-3.0525234744822,0.00667250889509865
"SCAP",0.850292643635113,0.405983191874842
"SNW1",-0.94365756615291,0.357450646328827
"SHANK2",2.73248863182139,0.0134053121404906
"DKK1",-2.23915882335615,0.0375889116442244
"KIN",0.329981139690207,0.745104380132695
"CCT5",-2.98084363007329,0.00781254868774688
"PTGR1",-2.98705969401692,0.007706642777443
"SLC4A1AP",-2.30645160863896,0.0327883969432893
"TRIM32",-0.234242315896011,0.817357789757399
"SCMH1",0.925090206167877,0.366775028389091
"TPX2",-2.15490807268024,0.0445087717652318
"PAXIP1",0.0519746979907724,0.95910339340078
"AKR7A3",-0.202752561162528,0.841531435292667
"NT5C2",0.672920728120713,0.509278691282556
"TCF25",1.15941902370187,0.260964132185535
"NINL",0.631778808228286,0.535225655303561
"DIP2C",-1.33029088281592,0.199515807645998
"PDCD11",-0.995047549195791,0.332491992948122
"ACIN1",2.16171502495811,0.043909181816604
"PCNX1",-0.930025952752464,0.364280447803074
"KDM2A",1.61634927304965,0.122865503538568
"CEP131",-0.256432929775436,0.800433488769685
"CEP152",-2.8437028705066,0.0105407786761728
"LIMCH1",2.4098811594931,0.0265058575697225
"RIMS1",1.23366323349982,0.232702087341139
"WDFY3",-0.8913874595454,0.38411594524935
"DAAM1",0.777630169794039,0.446573125895
"MAPKBP1",0.104285170205096,0.918060162968903
"PLCH1",0.254144423046018,0.802174357749666
"KLHDC10",-0.100841280964026,0.92075631154087
"RAB21",-2.06600398234948,0.0530545205300648
"STK38L",-2.04143413929843,0.0556649450980791
"SPEN",0.727094803811758,0.476227146741166
"FBXO21",-0.237786375278502,0.814648380277104
"GOLGA8A",0.0878410028091819,0.930942567840614
"EXOSC7",1.86121532657966,0.0786069812583099
"CNOT1",-3.41814678098645,0.00295583925086682
"SNRNP200",1.22294952495368,0.236629397370222
"PALLD",-1.72693567286026,0.100761707987326
"TMCC1",0.383132689431015,0.705968169939932
"KDM1A",-1.23567596120757,0.231969898015034
"RBM34",1.61165581733779,0.123888161325893
"KDM4B",0.213518165355675,0.8332475105525
"USP33",-0.254075070057594,0.802227131275354
"DOP1A",1.57530131019519,0.132055176608035
"SAMD4A",0.385058631236845,0.704564973555409
"PHLPP2",-0.542032375311096,0.594235699653297
"PDZD2",1.58292050765038,0.130307072066882
"WDTC1",0.65599330532975,0.519867361333439
"MON2",-0.945897306250284,0.35633687257172
"PDXDC1",1.2685094534289,0.220274497588952
"TNIK",0.448312610589694,0.659109939389773
"KIF21B",0.320763122126666,0.751968432093073
"PDS5B",-1.7315748076177,0.0999144114792122
"FNBP1",0.183018895214077,0.856764836533519
"SMG1",0.382261157519898,0.706603504003216
"ZHX3",-0.801379998131211,0.433037945388711
"ZSWIM8",0.348116301684898,0.731664562557092
"NCOA6",-0.085442015801274,0.932823666892215
"NMNAT2",0.0126254589226999,0.990061145842334
"CLUAP1",1.16728940479726,0.257851293947157
"ZNF609",0.917931947139132,0.370413325759532
"TBC1D9B",1.5898789684914,0.128727576353765
"GGA2",0.553656553898403,0.586413464657046
"WAPL",-0.713372763455279,0.484476921896689
"SETX",-1.70759925455458,0.104360342179733
"EMC1",-0.819177439034799,0.423065284730697
"CAND2",1.40393862507483,0.176826040346721
"CMTR1",1.20135411552664,0.244699382368351
"ERP44",-2.71828433441845,0.0138208308171449
"SWAP70",-0.77511802876361,0.448019916048433
"RRP1B",-1.275462278359,0.217857567966008
"MYCBP2",-0.447827111104147,0.659453968292709
"VWA8",-0.890659068812618,0.384496629743088
"AVL9",-1.13019008729795,0.272770655617707
"KDM4C",0.324260131750709,0.749361901820494
"PPRC1",0.0546504052299143,0.957000150545578
"ERC1",-0.431617689682839,0.670984460433828
"EXPH5",1.64976602299123,0.115788765176126
"TRIM35",-0.948368478023266,0.355110762694759
"PEG10",1.04031678405014,0.311537231298115
"ZC3H13",0.79745907198269,0.435254655178875
"ARHGAP26",-0.783988194352549,0.442924300420984
"TTLL5",-0.593085225264783,0.560272363257916
"SIPA1L3",-0.265514828096,0.793535540296387
"KIF1B",0.160849947838665,0.87394701227167
"IQSEC2",0.367788423361947,0.717185953294443
"CDK19",0.726453353403408,0.4766109261347
"SARM1",4.29668525301428,0.000406929991192218
"ZBTB43",-0.927501915967496,0.365554686656077
"MCF2L2",-0.0710881152104545,0.944086972973408
"TBC1D2B",2.16779282520099,0.0433800611525788
"FSTL4",1.02866069203114,0.316840682694703
"MRPS27",-1.58005496374007,0.130962233820482
"RAP1GAP2",0.345245036441891,0.733786636315573
"DDN",-0.997703593983195,0.331235900969953
"SPART",-0.653337073055841,0.521540020031093
"TNRC6B",-1.68728773124897,0.108258820763964
"CUL9",2.24321847519898,0.0372818737831738
"NFASC",0.234618797134191,0.817069859565196
"TOGARAM1",-0.569494587304354,0.575839463032196
"TAB2",-1.25517620290936,0.224967533989049
"HIC2",-0.899285155368497,0.380004348060437
"CLASP2",0.352396357512533,0.728505415188158
"CAMTA2",1.17882212458669,0.253340415574761
"POGZ",1.0817112971915,0.293216393732674
"COLGALT2",0.278761679289989,0.783505617587157
"ATG2A",-0.234369846495807,0.817260252265129
"GPATCH8",1.09926447564894,0.285688168092188
"RAD54L2",-0.292762941849051,0.772946691463272
"PHF8",-1.02464832200151,0.318681037327381
"KDM6B",0.394387999544535,0.697783287356399
"EPB41L3",-0.0932497172548688,0.926703023706897
"SMC5",-2.03136938288675,0.0567672948464798
"N4BP3",1.14905024040238,0.265107938803571
"MAST2",-1.77472098003792,0.0923245559427374
"ZZEF1",0.862888935102325,0.399196326946645
"ANKLE2",0.87876276933223,0.390749406764132
"DCUN1D4",-1.19690624944761,0.246387187215146
"LRCH1",-1.07784796755451,0.294892486967052
"ZC3H3",-0.906659281619162,0.376191851085078
"FCHO1",0.408609424968643,0.687495721485779
"GRAMD4",0.102278263311696,0.919631206405588
"CIC",-0.752190620552862,0.46135688448273
"NCDN",0.265401457878498,0.793621541701983
"CLCC1",1.89738177461592,0.0734244106993853
"TBC1D9",0.0576831940518842,0.954616615910438
"SNX13",0.0806383750380132,0.936591518074731
"MAPK8IP3",-0.352141696094477,0.728693244114449
"GGA3",1.46392719778688,0.159922374649592
"MPRIP",0.584962797830511,0.56560725697138
"NUP205",-1.38487266040901,0.182491086819978
"EFR3A",-0.442660617518148,0.663119805823933
"RTF1",-0.616038425958701,0.545340494498942
"SLC35D1",-0.578955403270397,0.569569902495894
"TTLL12",-1.98012368179949,0.0626901608920886
"GPD1L",1.65750892328822,0.114199383390813
"ABRAXAS2",-2.60639303028999,0.0175508517465609
"METAP1",-1.48649878050046,0.153914192819397
"ZCCHC14",0.898541383463612,0.380390308132741
"LPIN1",0.896651944187334,0.381371952717921
"CEP68",1.18983172370922,0.249089880582802
"PASK",1.66834876948782,0.112005534333269
"RGL1",0.792452360278733,0.438095499596307
"RFTN1",0.46762802018502,0.645486884540793
"DIP2A",-0.388826775383472,0.70182274087725
"MESD",0.361386051847924,0.721886330947031
"LARP4B",-0.0139578728857282,0.989012328119077
"RCOR1",-1.86239507391133,0.0784329688578546
"PHLDB1",1.44464666379933,0.165205281932254
"KANK1",-1.1097529993066,0.281257834467668
"UBXN4",-0.848129009445505,0.407156421541899
"CYFIP1",0.103802783787873,0.918437752519858
"ATG4B",0.295295550787981,0.771041528724575
"GANAB",-1.32749661484562,0.200420137258135
"MDN1",2.20363637639233,0.0403763960000448
"FAM120A",-0.990115706334334,0.334833173013906
"FAF2",0.423190088053656,0.677012928250516
"PSME4",-0.322601737554196,0.750597618041206
"GSE1",0.763035047110435,0.45501890330739
"ATP11B",-1.52315413789382,0.144553692016456
"FAM168A",-0.325156310869894,0.748694423051363
"PMPCA",-0.244173826756531,0.809771294346483
"ARL6IP1",-0.776778257731848,0.44706343560841
"ACSBG1",1.0101497652595,0.325394160335226
"SYT11",-0.0100581245495508,0.992082089366132
"JMJD6",-0.0489866292922546,0.961452531906301
"ZC3H4",0.488694101229986,0.630774646183485
"RRS1",-2.4515348421409,0.0243086288564769
"SULF1",2.06439125962121,0.0532224132040612
"XPO6",-0.554825770174102,0.585629533670164
"PRRC2C",-0.407477395110759,0.688312357785062
"TBC1D1",-1.37045391659478,0.186871292385825
"FBXO28",0.0978010760195353,0.923137244936482
"RHOBTB2",0.269901543512301,0.790209923343603
"RRP12",0.402615715736015,0.69182399343057
"SYNE2",1.47821018244255,0.15609857299392
"NUP210",-1.63702025288742,0.118446040771939
"PLCL2",-0.0804684682545681,0.936724817240993
"ARHGEF9",0.789219463460266,0.4399359870258
"VPS13A",-2.39954345855603,0.0270792192961581
"SEL1L3",2.06364278136269,0.0533004965762648
"EXOC6B",-0.415299366089184,0.682677739720452
"DNAJC9",-1.32506454848778,0.20120987754299
"SIK2",2.31290996561559,0.032358818264146
"PLCB1",-0.214011355831394,0.832868481654033
"ARC",-0.153735486302563,0.879475224093102
"PHLPP1",-1.22989411109092,0.234077987574611
"TMEM131L",0.772647014135675,0.449445829098808
"PACS2",0.747760305777985,0.463961455289093
"COBL",0.853744804977419,0.404115788562868
"ANKRD28",-2.46262638769962,0.0237529901703247
"PDS5A",-0.923470025012898,0.367596393195435
"ASTN2",-0.906216547784413,0.376420025689308
"BOP1",-2.1928339578661,0.0412609425494024
"RPRD2",0.094039522641686,0.926084131277146
"ATP11A",2.11839446433992,0.047854391424711
"MINAR1",1.48679206551144,0.153837363094998
"ANKRD12",-0.433639069988963,0.669541900324576
"KAZN",0.162742496515863,0.87247753733025
"MTCL1",-1.16574087855723,0.258461544678942
"SCFD1",-2.12095656347367,0.0476123743472348
"DENND5A",0.229670706372275,0.820856241569116
"DDHD2",-3.21578590357862,0.00464676861636971
"CAMTA1",1.23955649055701,0.230563238148405
"PPIP5K2",-1.89644210372695,0.0735551461670234
"MCF2L",1.508169756945,0.148321634843396
"EXOC7",0.398404220008832,0.694871808467804
"ADGRL2",0.0317394075795273,0.975018225396488
"DNMBP",1.74545997565248,0.0974150517997259
"MGA",-1.4558166446999,0.162127613195372
"TSPYL4",2.33856262483723,0.0307035197585395
"CAMSAP2",-0.520221416784388,0.609050741763101
"TASOR",0.0838411803756592,0.934079144208492
"CLEC16A",1.20094661295212,0.2448536486093
"POFUT2",2.16629201250294,0.0435101744639524
"KLHL18",-0.684441440424454,0.502142554084235
"CLUH",0.974731762427694,0.342209759337168
"NUP160",1.3787509504118,0.184340613787567
"CSTF2T",-2.51406798075108,0.0213283400721373
"ADGRL3",-0.548074403721459,0.590163401758503
"WWC1",3.25713288700347,0.0042378218089092
"AGTPBP1",-2.52970282728412,0.0206388432117749
"IQCE",0.939851280799469,0.359348864379618
"FBXW11",0.870504177516304,0.395129285931533
"SMG6",0.13821506425817,0.891556896391652
"ANKS1A",2.74610479927269,0.0130182196114091
"MGRN1",2.16133711778736,0.043942275445865
"BICD2",-1.42439352944801,0.170906854519974
"ATMIN",-0.80133073769024,0.433065751039993
"EHBP1",-1.61891020017793,0.12231051695413
"WSCD1",0.355012897959067,0.726576574800853
"KIF13B",1.23825738290305,0.231033421672254
"UBR2",-0.440195419692214,0.664872053603477
"NEMP1",-1.92852031513366,0.0692068989907342
"ICOSLG",1.84190451891019,0.0815039874597208
"SIN3B",-0.274545019423384,0.786694155020026
"NCAPD3",0.130989007705901,0.897191428042557
"DMXL2",1.10202096851328,0.28451891268464
"KIAA0930",-1.58179329819933,0.13056446185712
"SATB2",-0.287083186533656,0.777224677024079
"SLC9A8",1.95984526138214,0.0651826876000051
"DNAJC13",-1.56103557910118,0.135381083252736
"TUT4",1.36749743927371,0.187779730670459
"TRIM2",1.23276673939791,0.233028784251411
"RPGRIP1L",-1.93697627797399,0.0680993739798625
"MAN2B2",-0.759713859671744,0.456954301325133
"WASHC4",-1.21380583979034,0.240021123964525
"NEDD4L",-0.0818466853391232,0.935643602495011
"SASH1",1.0850225312772,0.291785340683425
"CLASP1",-0.657700731844675,0.518793759227108
"SZT2",0.932279682561855,0.363145213523864
"WDR7",-0.315423376268951,0.755954368755625
"SYNM",-5.6766143411276,1.95002752170867e-05
"JADE2",-0.817239305184305,0.424144195635376
"VPS39",1.32367136460243,0.20166337743394
"DNAJC16",0.566335373567192,0.57794086515361
"ESYT1",-0.943172688807688,0.357692077273989
"DOCK9",-0.159039831406403,0.87535292303483
"U2SURP",-0.434554068868124,0.668889343672618
"KHNYN",1.63313247632635,0.119266805702368
"UBR4",1.36368559733055,0.188956198266016
"SUN1",1.36537074507736,0.1884353794689
"HAUS5",-1.0959355535836,0.287104918371998
"VPS8",-1.35031079109398,0.193130690133026
"ANGEL1",2.71958066274268,0.0137824052436081
"FNBP4",0.34742527107336,0.732175082201922
"ZNF629",1.80359713131535,0.0875291817196644
"PSD3",-1.1511354726349,0.264270672392618
"ARHGEF12",0.16022810991834,0.874429943165213
"LARP1",1.26464308833052,0.221627494844118
"PPP1R13B",1.35746462019417,0.190888829846878
"PUM2",-0.0305778011219074,0.975932208440669
"ARHGEF18",-0.131653563955568,0.896672999830484
"TNS2",1.02143129377168,0.320162054597061
"CRTC1",0.65069454189733,0.523207020811689
"UFL1",0.0934567282511842,0.926540804987452
"RRP8",0.0153664303340576,0.987903595980799
"SRGAP2",0.3141351187984,0.756917067241064
"SMG5",-0.448453378781458,0.659010204492763
"AHCYL2",-0.0250961405483671,0.980245765574725
"MAU2",1.84182028460693,0.0815168269894517
"SPECC1L",-2.31802567506827,0.032022252927895
"NCSTN",0.352156124972876,0.728682601431348
"NUDCD3",1.915854937179,0.0708956911023431
"SIK3",1.61575294762903,0.1229950401417
"MED13L",-2.64276045876225,0.0162444957025443
"ZDHHC17",-0.710951284489051,0.485941390919971
"ECPAS",-3.32310553076754,0.00365724247689192
"ADNP",0.295678098375111,0.770753885726682
"LARS2",-0.352646403911368,0.728321007298346
"PIP5K1C",-0.451921415590651,0.656555161506144
"PPWD1",-1.71709215262069,0.102580070429863
"CTDNEP1",-0.131852188357056,0.896518059837364
"ATP13A2",-0.24715666212976,0.807496497763384
"FRAT2",0.220117212742146,0.828179493673898
"FBXO46",-0.0231617254727953,0.981768126666297
"EXOSC2",-0.983719671757244,0.337886501626409
"DICER1",-0.216374215621125,0.831053151293578
"COTL1",1.07823327524443,0.294725011158806
"SIRT5",0.539115699840026,0.596206491002957
"SIRT4",0.648000884624695,0.524909315956239
"SIRT3",0.786440252473808,0.441522023787551
"SIRT1",-1.18205340444107,0.252087265842118
"COMMD3",-0.825146383914768,0.41975346223224
"NCS1",-1.55896060471952,0.13587062743857
"ZFPM2",-0.509216369002593,0.616592878001253
"KCNH3",-0.347493585730049,0.732124606974561
"MLYCD",0.576375663538858,0.571275962828605
"NOMO1",0.228260583908924,0.821936129014671
"ITGB3BP",-1.63627210637795,0.118603611803139
"TMED3",0.998564247473113,0.330829595552255
"TDRD7",-1.65086453710841,0.115562134534575
"GRIP1",0.962121887685685,0.348339504985277
"SLC7A8",0.692204893299911,0.497366192038158
"RYBP",-0.176290077470979,0.861972704623764
"AP4E1",-1.83182930901193,0.0830523607107405
"GPR161",1.05049703582791,0.306957358641654
"RHOQ",-1.33020297615254,0.199544208309701
"TARDBP",-1.67558259098142,0.110561589367986
"HARS2",-0.637699185684034,0.531447836862802
"OTP",-0.755836397831253,0.459220186843312
"SLC35A3",0.45797907267434,0.652276538800567
"SLC44A1",0.0168125496429301,0.986765323723988
"SF3B3",-0.951877135604592,0.353374844244939
"SF3B1",0.658635157278144,0.51820673293648
"ANGPTL2",2.10691175180441,0.0489528439988952
"ABCB10",0.489311723789819,0.630345648791265
"ABCB9",-0.928089573670436,0.36525774392462
"ABCA6",1.81187631795194,0.0861949859652908
"ABCA5",0.462311708533581,0.649223895915715
"HEY1",-1.91200221590389,0.0714166118787963
"ICMT",-0.114306652418894,0.910220475702374
"GCAT",-0.0484462088561971,0.96187743511924
"CBX6",0.304495227378054,0.764133698047701
"NPTXR",-1.35921946680864,0.190342074886391
"CBX5",-0.412852398762054,0.684438394696414
"PHF3",-0.680235861442469,0.504740913643368
"TRAM1",0.587649504047194,0.563839679679424
"CAPN7",-1.5423103523789,0.139852649447431
"ETHE1",-1.47820406103255,0.156100195590273
"QPRT",-0.508197155020447,0.617293619456929
"BRD4",-0.611795534292701,0.548084475092851
"SEC11A",-0.15204037100595,0.880793344269369
"ISCU",-1.32883560128165,0.199986387911444
"SEC61G",-0.070876242883577,0.944253322948362
"PES1",-0.953532696854469,0.352557770069397
"TGDS",-0.477991187845442,0.638230125067634
"LEPROTL1",-1.61229957487575,0.123747468957728
"CBX7",2.05527770705472,0.0541802313796765
"HEY2",1.22233800777748,0.236855081605416
"MACF1",-0.28506959876968,0.77874307458264
"DAAM2",0.915982203188091,0.37140850419378
"ZFYVE26",0.873520278808808,0.393526008845479
"BICRAL",-1.14643360678095,0.266161370445598
"LRRC8B",0.486176192253348,0.632524965596867
"TTC9",-0.156210841335918,0.877551040583107
"POFUT1",-1.28192325916748,0.215630151337561
"KCTD2",1.35278338321848,0.192353475622686
"NUP188",0.232205547427502,0.818915957492089
"SUZ12",-0.838703775238856,0.412292741648534
"SCRIB",1.28852796185608,0.213371574586817
"MORC3",-0.912958535729882,0.37295537680581
"SLC39A14",-1.93078658720302,0.0689085133219101
"MTREX",-2.48156518973394,0.0228316860917017
"R3HDM1",-2.0741973880213,0.0522089156211279
"RPL13A",-0.875991516420233,0.392215548965719
"KAT6B",-1.02678819723993,0.317698599471613
"SRRM2",-1.21994371691679,0.237740293984236
"ARHGAP45",0.836319982924721,0.413598361235935
"ACAP2",-1.42824612145052,0.169810165428708
"ZNF281",-0.750316277179371,0.462457725855777
"CLCF1",0.615225886064918,0.545865411947744
"NNT",-1.4600435978696,0.160975235537341
"MMD",0.673942079126884,0.508643732781375
"PRAME",-0.367261729032288,0.71757219798715
"TNPO3",-0.00919737818332724,0.992759661093043
"ADAT1",-0.618412199233326,0.543808542877343
"SLC16A8",-1.28508376873082,0.214547052780463
"SEC14L2",-0.53381690185186,0.59979510288281
"MAPK8IP2",-0.338284407697032,0.738940162778595
"RBFOX2",-1.93634806500255,0.0681811093156925
"ATP6V0A2",-0.777199983338533,0.44682067411837
"SYNGR4",-0.616161061924262,0.545261292704647
"TTC33",-2.79404093993584,0.0117387699421842
"DNPEP",1.17284040867213,0.255672614339907
"PSD4",2.16586764392867,0.0435470297982738
"RASD2",1.19359082741139,0.247651003000437
"CDK20",2.26601465120142,0.0356002411572608
"TSPAN12",2.32880879505367,0.0313234272167797
"TSPAN15",1.0528211694084,0.305918580207177
"PIGN",-1.25862315443461,0.223746926408956
"SNAPIN",-1.78102926776253,0.0912578833955447
"WBP2",0.831010059146734,0.416516152866399
"WBP1",-0.31182905326761,0.758641379851281
"GTPBP4",-2.27851338765952,0.0347081999532964
"CLDN14",-1.29127844142762,0.212436472786448
"DDAH2",1.65625393961666,0.114455725050808
"LPAR3",-1.431529501229,0.168880021524631
"ZNF346",0.393723030495614,0.69826580990371
"ARL2BP",-2.62723907926299,0.0167903338063988
"DDAH1",1.27610443252449,0.217635387834706
"CDC42EP4",-0.79870239220634,0.43455097322591
"CASP14",0.256618651317517,0.800292257167825
"CCNDBP1",-0.299026461430195,0.768237664532771
"SMUG1",-0.767244324485776,0.452573169779574
"VSIG2",2.62447761512027,0.0168892520976185
"TMEM50A",-0.112169367046477,0.911891683624442
"ELP5",1.34244678833898,0.195619198861873
"KLHDC2",-1.04174283473661,0.31089275984218
"CARHSP1",1.0034474241172,0.328530907796534
"PDSS1",-2.66173932879707,0.0155999633593671
"LEMD3",-1.21593908171522,0.239226527556763
"HEBP2",-0.504707097711452,0.61969599798561
"ORC6",-2.46174239398865,0.0237968339160629
"ORC3",-0.396543106166121,0.696220383552422
"OPN3",0.704131210514107,0.490079955911514
"ACOT9",-1.32485311861986,0.20127864892299
"PATZ1",0.728490319338824,0.475392844121428
"AMACR",-0.728670133481047,0.475285406205251
"CORO1C",-3.60691985245705,0.00193295915557785
"DAPK2",0.867333594564734,0.396819282521379
"CD2AP",-0.825089153196043,0.419785137761095
"MKRN1",0.27804361473438,0.784048324646287
"MKRN2",-0.714834969117424,0.483593860104923
"PHLDA3",-1.01834926125657,0.321585486053233
"ZMYND8",-0.0727841762104707,0.942755419144315
"SH3BP1",0.122877437460997,0.903523118553543
"BACE1",1.73326544466708,0.0996071634004421
"RUSC1",-2.13164794524262,0.0466144278596716
"CBLC",0.662097769118457,0.516034689903484
"FAM89B",1.26322842339267,0.222124150333207
"KCNE5",-1.00505510016059,0.327776574544433
"CA14",0.376368550657005,0.710904915030149
"KPNA6",-0.991882086220396,0.33399334189612
"SSBP2",0.25827285551139,0.799034633047585
"NUP62",0.22566302491955,0.823926323291248
"RABGAP1",0.666569285454553,0.513237354435405
"HSPBP1",0.822638228150348,0.421143079668802
"LDOC1",-0.780836842698903,0.444730528767086
"LY96",0.0733418250922654,0.942317654417065
"EDC4",-0.263340247538807,0.795185625928079
"PPP1R15A",1.46080513057505,0.160768335237451
"PLD3",-1.2408536262939,0.230094503022093
"SSBP3",0.574647314649508,0.572420443269548
"POLA2",0.244350207963241,0.809636732307695
"TRIM29",-0.273081772818522,0.787801535907235
"SLC7A11",-1.68377793683915,0.108944959820806
"PLA2G15",1.21542432077405,0.239418083254079
"ZKSCAN5",0.479586227234269,0.637116505697913
"CEMIP2",-1.03115385473346,0.31570095062939
"TMEFF2",-1.18698652136231,0.25018314143799
"STX12",0.133843312104124,0.894965090507652
"SH3BP4",-0.487085652248462,0.631892498468119
"SGK3",-1.96157022222689,0.0649672727003532
"RAB38",1.05409703925101,0.305349399872728
"PRKD3",-0.303784365492729,0.764666752996455
"CADM1",0.971189952717992,0.343923873561774
"GSPT2",0.167654916750757,0.868665509795902
"GABARAPL1",0.0733747004261386,0.942291847256867
"SHPK",1.20733383567287,0.242444152725503
"TMEM245",-1.30956758977972,0.206299853967301
"FRRS1L",-0.223502790091507,0.825582383747242
"EID1",-1.69881363319225,0.106031562704076
"BHMT2",-0.96450525688781,0.347175177526941
"SDF2L1",-0.80967321616251,0.428372692203631
"PPIL2",1.25599762007966,0.224676193925132
"PITPNB",-1.80214974350453,0.087764271125354
"PISD",2.2175662472959,0.03926143205202
"OSBP2",-0.147517716379742,0.884311895810257
"MAFF",-0.339719390045238,0.737876678471875
"IL17RA",1.17867544021312,0.253397413683616
"FLRT3",-0.225162825969582,0.824309706282175
"FLRT2",-1.64319328680839,0.117152672796598
"FKBP8",-0.700316251465349,0.492403878093118
"BRD1",-1.24514508321292,0.228548960975312
"ARHGAP8",2.24872799839833,0.0368688718641742
"APOL2",0.150191240856063,0.882231633933797
"BCL2L13",-1.22302117364949,0.236602965741748
"MTCH1",1.36629622527999,0.188149834479299
"MTCH2",-1.9543912651651,0.0658679861309051
"KIF4A",-1.85597183203122,0.0793845128681836
"IFIT5",0.320425724326332,0.752220077480173
"EML2",-1.57638541111001,0.131805253243143
"FTSJ1",-1.28477955491783,0.21465112113848
"LAMP5",1.56213565581345,0.135122143060192
"NAA80",0.605957986568564,0.551871793957437
"TFIP11",0.197670665566264,0.84544852804553
"PANX1",-0.387219468326911,0.70299193269045
"CLDN15",0.525763883441392,0.605269189680921
"FJX1",-2.74409051594838,0.0130748024159724
"PRPF6",2.18163699544619,0.0421964993336648
"ZNF318",-2.68996538019944,0.0146862079407213
"TP53TG3",-1.35557779768809,0.191478099095729
"KIAA1549L",0.291024073844385,0.774255619152431
"HYPK",-0.399288223183413,0.694231619680836
"PRPF40B",0.922239157108207,0.368221220593982
"TBC1D22A",-0.824321014018391,0.420210427482196
"CBY1",0.84738444020906,0.407560669562049
"SUN2",-0.00153822242691123,0.998789066590193
"DSTYK",-0.927335660489146,0.365638724940769
"RASGRP3",3.03489974580977,0.00693684478119273
"RAB3GAP2",-0.220703963861399,0.827729244465608
"RAD54B",-2.10776730157411,0.0488702182815492
"TMEM59L",0.869685845145278,0.395565025233988
"CFAP45",0.890749277662128,0.384449469645984
"NGEF",-2.4351078226621,0.0251539666615656
"CIZ1",-1.44656556581629,0.164673205267952
"FBXO7",-0.764165442493807,0.454361314839143
"FSCN2",0.207803848432169,0.837642138296989
"PGLS",0.280155812672094,0.782452269217809
"QPCT",1.02822620635156,0.317039603359215
"BRI3",0.695172263096938,0.49554749590731
"ZNF324",0.846239134396222,0.408182994301822
"SLC39A6",-0.875095600622235,0.392690308224588
"GCA",0.939621111562673,0.359463870638189
"SPDEF",0.41871324114863,0.68022449169998
"LSM4",-1.38720164298471,0.181791361795113
"BAMBI",-0.74686262617964,0.46449027678457
"VAX2",-0.0912317247309484,0.928284542131039
"RHBDD3",0.505125742738769,0.619407591140672
"TTLL1",0.307539609628855,0.761852174625999
"SAMM50",-0.272706562381203,0.788085569025628
"ATXN10",-0.390340406732761,0.70072238896348
"TNFAIP8",-0.388387882352688,0.702141926005874
"KLK5",0.63455468199417,0.533452535070144
"NOCT",-3.13028397747533,0.00561854732080681
"ARIH1",0.444341948843907,0.661925868202103
"MTO1",-1.49834595475104,0.150835692956093
"DNAJB5",-0.197944653592987,0.845237233321751
"PRDX5",0.0455877188275888,0.964125102319818
"BACE2",0.398300722820836,0.694946775809064
"FBXL2",-0.30953411818361,0.76035866086727
"TXN2",-1.89125002574045,0.0742812330472637
"TMEM184B",-0.14862237494417,0.883452258503007
"HECTD1",-2.15494418069779,0.0445055715767736
"NBPF14",1.57292414989011,0.132604586278899
"POU2F3",0.844501258694211,0.409128473155279
"NIPBL",-0.531461816136644,0.601393476090436
"RAB26",-0.588503353790357,0.563278537791047
"COG4",0.0648294967594835,0.949001959568712
"ABTB2",-1.9805640654178,0.0626369893417447
"ASF1A",-3.13500443527969,0.00556007444587562
"MOB4",-0.132608959016472,0.895927768544527
"YIPF3",0.290505698744578,0.77464595911178
"ANAPC13",-1.08631130683217,0.291229731458125
"PARM1",1.55814101977942,0.136064397361298
"ZNF345",0.299665906763737,0.767757434932327
"TECPR1",2.99788514143757,0.00752551486505382
"ARMC8",-0.535150431893641,0.598890973138427
"DCAF12",0.0464923243101444,0.963413765182613
"FAM149A",2.79379419618458,0.0117450361926678
"BRMS1",0.0552038646145344,0.956565143060133
"WHRN",0.614642807304892,0.546242259861849
"USP49",1.6529924069608,0.115124214251557
"ABHD14A",1.37759677432291,0.184690997113309
"PRKD2",0.758025724800727,0.457939965894113
"SUMF2",1.29387913355559,0.211555244508027
"RPL36",-0.384082259850287,0.705276199400522
"MPC2",-0.51598051267742,0.611951918798029
"LETMD1",-0.340055611824725,0.737627578504835
"MXRA5",0.749630753288319,0.462860744333229
"DCAF13",-2.32847435331671,0.0313448872663071
"TMEM186",0.608151975181316,0.550446734043218
"CHRDL2",0.803089727556448,0.432073560921959
"POLR1A",-0.212659067808777,0.833907848103191
"POC1A",-1.25944973718804,0.223454986527321
"ZNF473",-0.171913502315392,0.865363525240385
"ABI3BP",0.234868457288693,0.816878935974783
"PAMR1",-1.54937669487683,0.138150963519786
"PLEKHG4",-0.634272206953511,0.533632822173802
"EEF1AKMT3",-1.22936520705117,0.234271559623194
"INTS7",-0.299517538463108,0.767868852363586
"RNF19A",-0.0163144413717521,0.987157392514286
"RCHY1",0.348787679531869,0.731168685111708
"IFFO1",-0.0674275990181207,0.946961364365322
"CCDC28A",0.215750054284112,0.831532585591107
"MTHFD1L",-1.15791112238155,0.261563724846341
"OLFML2B",0.93864950254586,0.359949620147376
"CNOT10",0.245205667538937,0.808984184734839
"ANAPC15",-0.859203501148528,0.401174349617713
"TMEM158",-2.4204399938471,0.0259319514184309
"AHCTF1",-0.0775491556971525,0.939015439771213
"DPCD",0.285832074694571,0.778168002105936
"POT1",-0.515561796061066,0.612238719086265
"NDUFAF3",-0.5465234371506,0.591207417874652
"THUMPD3",-0.648303139915438,0.524718148634576
"NELFB",-0.129071513131741,0.898687553810766
"ZDHHC5",-1.42436016578309,0.170916376922425
"ATL3",-0.241522485574499,0.811794746028082
"MYRIP",-0.45296506275676,0.655817141104959
"ZNF521",0.843907098597598,0.409452045013419
"NOL11",-0.33720575235943,0.739739924618157
"SOSTDC1",-0.483287809595028,0.634535566074583
"GEMIN5",-0.0924816626497437,0.927304918249595
"PTPN23",0.232251936382847,0.818880460389975
"CLIC4",-1.17313935029314,0.255555678525957
"NSL1",0.365003112567336,0.719229411315276
"WWTR1",-1.48323648892967,0.154770920757114
"HEATR5A",-0.214035771361942,0.83284971881554
"SAMHD1",-0.59979245878081,0.555886960343945
"FAM98A",-1.28522984360751,0.214497096086032
"TPGS2",-0.754359827870062,0.460084843371718
"SIN3A",-0.0542924448857925,0.957281507271072
"NECTIN3",0.736028474534743,0.470901226069299
"ZNF385A",1.13191530458985,0.272062967790884
"KBTBD2",-0.038697925846087,0.969543865676769
"SYF2",-0.298758500584745,0.768438934353875
"RWDD3",0.657133784052278,0.519150109277751
"PNKD",1.87169355662091,0.0770732769492411
"SEC31B",1.10602308675614,0.282827528522298
"PNISR",1.28485788151658,0.214624322666183
"KANK2",-0.0910819371344195,0.92840194429402
"ADGRA2",-0.786043062835532,0.441748980638092
"NUDT13",-1.8095924933157,0.086561239563477
"VIRMA",-1.23529293021066,0.232109100372226
"TMEM87A",1.27737006665063,0.217198004897879
"C2CD2",0.100565896607843,0.92097194720096
"SH2B1",0.938718283192706,0.359915219051297
"UNC50",1.05092183231227,0.306767305975016
"PARS2",-0.0662618225051724,0.947876940024038
"MMACHC",0.0911133486534456,0.9283773240897
"EGFL6",-1.16419678593657,0.259071126288549
"TIPARP",-4.93406973367582,9.79319161756726e-05
"NECAP1",-0.379796445812074,0.708401439675091
"CHMP2B",0.591533497310385,0.56128951204753
"DHRS7B",0.623939373639569,0.540250494492101
"AAR2",-0.061160644541575,0.951884154018964
"DNAH1",2.14921995188264,0.0450155289148985
"NGDN",0.36653382428003,0.718106126478747
"KRT23",-0.543897119556697,0.592977387695064
"TSKU",-1.52441214187473,0.144240998995337
"HINFP",3.15419466862728,0.00532841261288152
"ULK3",1.98358396037,0.0622734552277095
"HIGD1A",-1.78312324443932,0.0909061883024225
"REXO2",0.638351198454754,0.531032680734217
"IBTK",-1.30351351284756,0.208315599391889
"CLIP3",-0.184269992951966,0.855797267105556
"TBC1D10B",-0.100741562946625,0.92083439353674
"RNF167",-0.636208075753786,0.532397940407369
"MOXD1",-1.11890998004273,0.277431379318865
"GORASP2",0.0713147449605892,0.943909039239753
"C2CD3",0.921367831994078,0.368663965032011
"TKFC",-2.36557359731566,0.0290457954182756
"ZZZ3",-0.37986411032088,0.708352056829691
"SPATS2L",-0.172765071434554,0.864703546165196
"TENM4",-0.161762222862032,0.873238614560603
"NSMF",-2.29626321375509,0.0334768260341755
"L3MBTL1",1.53538469277756,0.141537354005517
"RPAP1",-1.2598811842671,0.223302721353793
"FAM32A",-0.793613858306927,0.437435430824938
"LRIG1",0.136559758078157,0.892847112732707
"UPF2",-1.17331209305265,0.255488125762629
"LRP10",-0.210816872733119,0.835324261635958
"TMEM98",1.71224952994636,0.103484951173684
"PTCD1",1.28584173320967,0.21428793229476
"PCDHGA12",-0.98919181328617,0.335273027120217
"ACOT11",1.6929063464023,0.10716812582877
"PLEKHG3",0.452908945375924,0.655856815553221
"OSBPL3",-0.732061354076213,0.47326187371659
"IPCEF1",-0.908138123497406,0.37543036066437
"GLCE",-0.186347149192344,0.854191362396163
"ZNF451",-1.01613560668954,0.322610614391525
"SIPA1L1",-0.380657966092206,0.707772784974878
"SS18L1",-1.21628139947338,0.239099207150051
"SETBP1",1.01285483714241,0.324134155516931
"LRRTM2",-0.688127844477307,0.499871272484261
"LTN1",-0.191604432011337,0.850129754221388
"CNTNAP2",1.17002133012046,0.256777321570322
"ZNF500",1.92885859437841,0.0691622871458604
"SLITRK5",-0.7538440568741,0.460387103127062
"DNM3",0.500020459368088,0.622928964670574
"AUTS2",1.50150055729651,0.150024578662919
"SENP6",-0.479814166681568,0.636957436016413
"RAB11FIP5",-0.347081183202284,0.732429335341709
"ANKRD17",-0.253929336844287,0.802338028820182
"GIGYF2",-0.104018232078655,0.918269107197042
"ERC2",-0.789739512506383,0.439639599483473
"APPL1",-2.17805763928713,0.0424996404547702
"HACL1",-1.80542657259337,0.0872328244000773
"DECR2",0.109328664434132,0.914113566513703
"RAI14",0.108461399848213,0.914792051539191
"LSM14A",-1.33642209629224,0.197542823913605
"RTL8A",-0.760388088022601,0.456560995084073
"POLDIP2",0.254970615871992,0.801545749034055
"ARHGEF26",-0.389112537519125,0.701614950850703
"KLK13",1.07630503053715,0.295563823252484
"GGA1",0.249501744653449,0.805709305310576
"ABHD12",1.39864821129976,0.178383587054016
"HERC4",-1.28287632868981,0.215303088903337
"TOR1AIP1",-0.104782785560654,0.917670673879462
"CCDC9",-1.69787759466438,0.106210964429153
"DCAF4",0.0969288476195136,0.923820468392488
"CHTOP",-0.0949540014656026,0.925367605104055
"EDRF1",0.111731399671479,0.912234195883947
"SZRD1",0.842637363600002,0.410144078228208
"WIPI2",1.41756503296953,0.172864768879632
"PYGO1",-0.411887294267455,0.685133323326163
"CCDC69",0.116101602709103,0.908817281707492
"TANC2",0.969855696790141,0.344571143601917
"WSB1",0.362080290478545,0.721376093507885
"LDLRAP1",1.28266519877368,0.215375508449252
"PRPF31",0.502840201563449,0.620982883623256
"TCTN3",-0.384913181672317,0.704670906816702
"FGFR1OP2",-1.32748312231464,0.20042451178809
"GAPVD1",-1.66493053213406,0.112693429541416
"TRPC4AP",0.798406513621988,0.434718367120919
"SERBP1",-1.61869723837303,0.122356587645098
"TES",0.876304361855755,0.392049856250215
"ZBTB20",1.23491145961755,0.232247799407662
"TTLL3",-0.267481232762786,0.792044280548944
"IRF2BP1",-0.521737253488947,0.608015376000506
"TRAF3IP1",-1.09740723840678,0.286477954733786
"PHF19",-0.740568891615572,0.468208086037506
"ZNF658",-0.323501591168059,0.749927025576025
"RIBC2",0.334960474629354,0.741405647275129
"NAT9",0.908600660028256,0.375192401438033
"ZNF337",0.015257119872263,0.987989637760112
"ABCA12",0.371884408854223,0.714184891996356
"NOC2L",0.892689168660854,0.38343624481932
"RSL1D1",-1.37391882424685,0.185811102840762
"GIMAP2",0.524237509156956,0.606309478329735
"IFT172",1.87488797774741,0.076610983199277
"MTG2",-0.1559194129654,0.877777538030267
"PCDHB5",-1.17887432450542,0.253320134241261
"SENP3",-1.4490758490286,0.163979258268088
"INTS1",0.901094263624595,0.379066648769532
"FBXW2",-0.906821862242176,0.376108084054831
"PTPN22",0.977943047454711,0.340660726994878
"GMEB2",0.329093546156202,0.745764371007291
"SPAG8",-0.0514627692535252,0.959505831204195
"PITPNC1",-0.949848350415482,0.354377882377749
"OR2B6",0.974936811929464,0.342110703797124
"ARL5A",-1.3589001535703,0.190441469865246
"PHGDH",1.03268504357382,0.31500242414519
"B3GAT3",1.18428001797988,0.251226469605873
"TIAM2",-0.0332580113907512,0.973823401035765
"FBXO2",0.156570664651398,0.877271401717279
"FBXL6",0.166020189202051,0.869933692889892
"FBXL5",-0.892986885945012,0.383280900834296
"FBXL4",-1.74332587752948,0.0977956439995267
"FAM50B",0.493432170275329,0.627487065385054
"KLHL3",-0.43481204605381,0.668705409023911
"CABYR",-3.52812271606664,0.00230847463993879
"BLOC1S6",-1.78502041731038,0.0905885661778529
"FBXW8",-1.37968539797509,0.184057325586206
"FBXO25",-0.241164553790511,0.812068017184253
"TSPAN17",0.575371484341879,0.571940768132168
"FBXO22",-0.575782415068003,0.571668668053171
"SLC13A4",-1.23320454623644,0.232869196423001
"FBXO10",0.891685922526455,0.383960029349985
"FBXO9",0.471951035557937,0.642455214384103
"FBXO8",-1.25605847013433,0.224654623252172
"FBXO6",0.692749508613036,0.497032110131414
"FBXO5",-2.9487343658673,0.00838242983823132
"FBXO4",-0.0803960228109667,0.936781654385874
"FBXO3",-0.498834572769365,0.623748272996801
"HIBCH",0.511308379254903,0.615155739994949
"VPS33B",0.594279700027901,0.559490050947786
"TINF2",0.116411080992463,0.90857537949582
"SACS",-3.57257491978955,0.00208855076241428
"PLA2G2D",-0.28413248114065,0.779450044475652
"ERAL1",0.630421199459638,0.536094012677372
"ARFGAP3",-0.510621342652976,0.615627534307217
"MYCBP",-1.70595919534376,0.104670589218995
"SERGEF",3.22172511386428,0.00458573464718607
"EHF",1.03854171943471,0.312340762888081
"GBGT1",0.440818879530816,0.664428714306767
"HSPB8",-1.47649430237413,0.156553941932161
"GNL3",1.38433219358282,0.182653774479479
"FAM162A",-2.0731465036927,0.0523166871043482
"LHX6",-1.04688714803823,0.308575817670036
"PTPN18",0.657280185542989,0.519058076808031
"SEZ6L2",1.54940357780476,0.138144522794008
"NUPR1",0.266079632906397,0.793107126069058
"PPP1R14B",0.381652967472085,0.707046996840707
"PLEK2",-0.959299243323462,0.349721898414911
"NARF",0.831591521901211,0.416196000746185
"SLC17A5",0.0124351892815047,0.990210919305972
"CNNM4",1.58126291023944,0.130685719512012
"CNNM3",2.22045259849411,0.0390339694246001
"CNNM1",1.89027347816996,0.0744185042327885
"HEYL",0.467913138446662,0.64528673778578
"MYOF",-0.247506305749692,0.807229964335215
"CHIC2",0.331809989251841,0.7437451353511
"INTS6",-0.717784908966781,0.4818151999068
"TIMM10B",1.32925166032616,0.199851761490341
"TIMM10",-0.972871590215354,0.343109280284142
"TIMM9",-0.558684638696161,0.583046000207988
"TIMM8B",0.119385769094558,0.906250700394511
"AGO1",0.977219716644783,0.341009216377324
"LATS2",1.92524629015345,0.0696399960580987
"IL36RN",1.33480519763302,0.198061625535811
"DAZAP1",-1.34917606990541,0.193488203895908
"AATF",-1.39462946337164,0.17957411113442
"RGS17",-0.421069702420946,0.678533245403765
"SRPK3",-1.20806033807499,0.242171235974879
"PCOLCE2",-2.46353658682613,0.0237079258774125
"OSTF1",-1.56394707984794,0.134696665536812
"MYEOV",-1.46693083156058,0.159111945654978
"BSCL2",-1.52414468340554,0.144307432232968
"CKAP2",-2.72149030734385,0.0137259855418542
"MRPL46",0.0170406975784257,0.986585746074181
"TBL2",1.44684822006404,0.164594948484476
"ELP4",-0.500428586957164,0.622647113216571
"OR4F3",0.433209721520676,0.669848195168423
"NUFIP1",-1.69707344674658,0.10636529577928
"RPS6KC1",-1.58560841309676,0.129695027759562
"SH3YL1",1.62073650233586,0.121916029213036
"HAVCR1",-1.26445594241864,0.221693147904012
"OPLAH",0.67730950230723,0.506553442055347
"RANBP6",-1.39277795379052,0.180124753483034
"COPG2",-1.08985740206517,0.28970493460114
"HBP1",0.621846791805137,0.54159608369941
"NBEA",0.11790277624201,0.907409532226993
"CHORDC1",-2.47651096198398,0.0230742183442637
"ZNF285",-0.528197161418221,0.603612600217902
"SEC22A",-0.191094872932463,0.850523236820178
"AP3M1",-1.88191341873911,0.0756028627570532
"PABPC1",0.263794324458607,0.794840987233107
"AKAP8L",1.70808951805592,0.104267753444788
"RNF11",-1.06351991274701,0.301169287137616
"TRUB2",-1.24435681766531,0.228832248793276
"GPR160",0.826845417377155,0.418813789661289
"FETUB",-0.451772027854865,0.656660831509974
"CYFIP2",0.88517465282051,0.38737100859956
"DNAJC2",-0.540101168677147,0.595540251290357
"USP21",0.87323977830209,0.393674935195055
"TPK1",-1.11583458811786,0.278712201823477
"CNPPD1",1.28317668177298,0.215200097689265
"BEX3",-0.556487064312302,0.584516583014397
"DNAI1",0.641078237315129,0.529298224963185
"NPTN",0.910419402315935,0.374257699004697
"MLH3",1.82770216018877,0.0836940344062857
"NPHP3",-0.750838679027566,0.46215074889524
"ATP2C1",-0.864726589093365,0.398212410164246
"ZBTB32",0.992373903539921,0.333759767613358
"ACAD8",3.90926289081985,0.000976283275744616
"TRMT2A",0.189085792028934,0.852075045044077
"UTP25",0.344419828579213,0.73439693331711
"PELP1",0.0408184289624363,0.967875933323472
"SND1",0.141376389028915,0.889093691240249
"ANKRD1",-0.13351229299011,0.895223237574472
"NSG1",0.437474474351665,0.666808388520709
"STAU2",-0.556821975401826,0.58429234509857
"PPA2",-0.688764370218243,0.499479692003291
"GHITM",-1.19378570801411,0.247576580270294
"DAPP1",1.00503226015954,0.327787282714224
"VPS41",1.94371452007416,0.0672281429800095
"LAMP3",2.8162109031656,0.0111886452816809
"TSPAN13",0.629703227306749,0.536553554138622
"LYPD3",-1.37508784264774,0.185454494981849
"B9D1",0.711372706569875,0.485686335891477
"RPUSD2",-0.609017008371813,0.549885409036235
"MTBP",-1.64744196723446,0.116269478912788
"FOXP1",0.222644422196915,0.826240652063981
"UQCRQ",-1.62390567099639,0.121234031538748
"ST6GALNAC4",-1.02148269197607,0.320138354274282
"CACNG4",-1.32203212399859,0.202198004336747
"KCNMB3",-1.16398689001807,0.259154072795452
"TRAPPC3",-1.03123406078342,0.315664333423481
"TAF5L",1.29108861289222,0.212500907196109
"CACYBP",-1.77840939702948,0.091699571194825
"EIF2AK1",1.11412123924674,0.279427653853869
"ARRDC2",-0.342614479258195,0.735732744110021
"ZBTB11",-1.94436595639704,0.0671444427471323
"DMAC2L",0.491052943568268,0.629136933123208
"SDCBP2",-0.750670186076345,0.462249746300524
"BBC3",0.652455459167176,0.522095843842861
"PDE7B",1.432377659545,0.168640421326768
"DKK3",-2.65122580531481,0.0159539421000581
"INPP5J",2.74220826590906,0.0131278887202914
"AFF4",-0.309458666945486,0.760415142176461
"SMC1B",1.25361280765738,0.225522845419297
"CYTH4",0.443957111178854,0.662199065028992
"INVS",-1.42812252746572,0.169845259193476
"SNX5",-0.724144193831921,0.477994012076416
"CPNE7",-0.737427251504785,0.470070559144542
"TJP3",0.99884371579159,0.330697736594989
"CIDEB",2.08476595358629,0.0511361900302268
"PALD1",-0.946252938753964,0.356160242323804
"FILIP1",0.654242472978185,0.520969543203324
"FAM184B",-0.549101816777662,0.589472316372937
"DENND2A",-1.3036284924153,0.208277172731416
"STK36",0.61898599002968,0.543438586064427
"CPAMD8",1.17359405339667,0.255377891238438
"INTU",-0.62059022599944,0.542404960394734
"ZNF777",-1.04016149253366,0.311607469321284
"BRPF3",0.663425669356319,0.515203076215997
"RSPH14",0.663634689794496,0.515072243271369
"NDOR1",-2.93855300694661,0.00857137795915163
"AGO2",-1.43446129142288,0.168052978320422
"NAAA",-0.464330471701725,0.647803707635579
"GLS2",0.434412320057699,0.668990418037577
"PRELID1",-0.00554976905792948,0.995631082286734
"SLC39A1",0.340612373794526,0.73721515033767
"TUBG2",0.787851690410426,0.44071610354216
"IL37",0.0424596959767866,0.966585059593088
"VPS4A",-1.27310868795973,0.218673399748561
"DISC1",1.10880789634581,0.281654964543527
"IL17C",1.37683253134082,0.184923298371721
"HCAR1",0.629487959484151,0.53669137911134
"TUBGCP4",-0.110307711372255,0.913347712502411
"SERP1",-1.78768320802407,0.0901443945006579
"GNMT",0.749247592365188,0.463086096393805
"COQ2",-1.31014831176107,0.206107306951698
"ARFIP1",1.46550565264863,0.159496061871049
"ARHGEF16",1.63408757739864,0.119064724745381
"GPKOW",0.836658259863447,0.413412923462294
"GPR162",0.0574678998242767,0.954785806107361
"BBS9",1.60969927769556,0.124316589697472
"TNFRSF21",-0.760288192513011,0.456619255408863
"CHMP2A",0.713469690260119,0.484418356162943
"SESN1",0.971442052029792,0.343801670359481
"AHDC1",1.09180400076811,0.288870387525747
"RNF115",-0.787805739374596,0.440742326850351
"NFU1",-0.2522628768877,0.803606448597664
"ERLEC1",-0.417680337215272,0.680966362905677
"MMADHC",-1.11549552880568,0.278853677452386
"PDCD4",-0.0817232035247655,0.935740469079068
"KLHL20",-0.962441595392718,0.348183165030739
"PCDH17",-0.571697435677774,0.57437651696999
"LSM1",-3.27909566275495,0.00403515562657013
"LSM3",-1.30927554261011,0.206396739957735
"SULT1B1",-0.454190421772294,0.654951086308513
"TEKT2",1.58013997584572,0.130942757422726
"SRPX2",-0.714395706856468,0.483859041952173
"RND1",0.310186098560356,0.759870658849702
"R3HCC1L",-2.10140824134206,0.0494873900841732
"DIMT1",-1.65015737166812,0.115707984082135
"SMPDL3B",2.0524703524967,0.0544783983983062
"DHDH",1.96663962770729,0.0643378721714722
"PDLIM3",0.0329946836099711,0.97403058058325
"CRCP",1.4957921707417,0.151494969936336
"ZNF544",-0.60938819814575,0.549644635500397
"APEX2",-0.169599768371019,0.867157216343485
"RBMS3",-0.751963207231356,0.461490364603776
"MOCS3",-0.686898242721335,0.500628203009109
"ZNF330",-1.54171343387221,0.139997192825314
"RAB30",-1.1302039619361,0.272764958780145
"PGAP2",1.43858375007548,0.166895623047342
"RBMX",-0.94355376489061,0.357502321885186
"BHLHE22",0.979504108673067,0.339909473961715
"TOX3",-0.135981920040975,0.893297576872733
"TNRC6A",0.0410470805825912,0.967696090878044
"RPS6KA6",-1.53956513596796,0.140518431071364
"ZNF638",-0.68701687530558,0.500555145320062
"GOLIM4",-2.14601112659562,0.0453037204641053
"P2RY10",1.17618181021122,0.254367858825359
"EIF3K",-0.459557374042432,0.651163781867955
"HTATSF1",-1.88030554768474,0.0758325464325529
"PRPF19",-1.46860291568587,0.158662249099393
"UTP20",-1.83914167177064,0.0819260450759502
"RRP7A",-0.0545691719438921,0.957063999377231
"RABGEF1",-1.22145030278231,0.237182987599398
"POLL",1.28047593388832,0.216127566630439
"PCSK1N",-0.210586113804073,0.835501726744299
"KCNMB4",-3.90494456824382,0.000985863904966077
"TMEM97",1.39264063241602,0.180165647128356
"STK39",1.37064304788503,0.186813297653265
"TOR1B",0.645869727301047,0.526258303170399
"MCAT",0.213508264283082,0.833255120198007
"APOBEC3C",-0.506177498526512,0.618683310604541
"DESI1",-1.35798509898939,0.190726534701604
"SGSM3",0.85050408515177,0.405868655113977
"HTRA2",0.325412365468498,0.748503749690498
"MAT2B",-1.58138183470978,0.130658522702007
"TOR2A",1.00314042467918,0.328675092590678
"POLM",1.70481122083804,0.104888220539913
"EML4",1.03975743820571,0.311790275183188
"TMEM121B",-0.534254427664373,0.599498387858735
"HDHD5",-0.0531121390575058,0.958209267918638
"PCLO",2.59398728669509,0.018018822547569
"PPP2R3B",1.77475576497986,0.0923186445548305
"SLCO4A1",-1.10031189239242,0.285243459048574
"SLCO3A1",0.680428574611116,0.504621680936549
"SLCO1B3",-1.20481174208057,0.243393415315481
"NKIRAS2",-0.633048308625974,0.534414348904534
"NKIRAS1",-2.19764882176446,0.0408645109518093
"DLL1",0.259851145187685,0.7978352494223
"TRIB2",0.770044031285326,0.450950904249965
"CCDC22",-0.635939484969873,0.532569179628289
"DEXI",-0.0279970958931893,0.977962896907077
"LAMTOR2",-1.11495373538689,0.279079855479688
"MRPS28",-1.50388351715929,0.149414258968337
"COA3",-1.0810213966411,0.293515196436102
"TMEM176B",0.724937536191746,0.477518566910462
"DCPS",1.50975666062482,0.147918788660596
"OSTM1",-1.99654947233691,0.0607340359482244
"GIT1",0.0708750069954729,0.944254293304404
"SNX24",0.724886701211716,0.477549023600364
"SLC6A16",-0.209149266265762,0.836606937670417
"BZW2",0.738822470856796,0.46924287837624
"C11orf54",1.16138076593384,0.260185617474875
"AAMDC",-0.736950080343526,0.470353829834277
"SPCS1",0.685420330443236,0.501538860784258
"MRPS18B",0.821368512013021,0.421847665378675
"C19orf53",-0.874652336062846,0.39292534014384
"ACAD9",0.347989827296243,0.73175798970977
"MRPL42",-2.53752431351353,0.0203018512721539
"TMEM14A",-0.878203792526387,0.391044845200306
"IFT81",-0.935474909881636,0.361539845406083
"FLVCR1",-0.681207118385765,0.504140155248572
"RGCC",-1.82564399142462,0.084015650554648
"MCTS1",-2.68087381023239,0.0149748136180605
"MAGEH1",-0.466919686526482,0.645984239484615
"NOB1",-0.305226509547542,0.763585456750801
"DBNL",1.3653178128137,0.188451721488508
"NTMT1",-1.00471234124582,0.327937297410202
"ASTE1",-1.54632921439362,0.138882716266384
"COMMD5",1.5518705714832,0.13755453486281
"MACROD1",0.996903424911193,0.33161396550891
"HIPK2",-0.301164990460918,0.766631987252997
"MRPL13",-1.70937404216812,0.104025499274128
"KLF15",1.22097987438528,0.237356898033438
"SLC43A3",0.544906083210587,0.592297099905192
"ATAD2",-2.45938167250695,0.0239142917010289
"FAM156A",0.181219186641636,0.858157097017765
"TMEM230",-0.185947604053716,0.854500210804169
"WDR91",1.87797799880912,0.076166126746222
"ZC3H7A",-0.218360654716961,0.829527770441987
"ZBTB44",0.267510920425006,0.792021772648928
"C1GALT1C1",-1.59885694981381,0.126713481883364
"SETD2",0.930673529982852,0.3639540087785
"MRPL18",-1.35825388082275,0.190642766482565
"NDUFAF4",-1.46718517500745,0.159043474356158
"MED4",-0.0405858134054407,0.968058895357845
"CCDC59",-2.01537978843099,0.0585590004266503
"METTL5",-0.513193544107428,0.613862065040692
"CHMP4A",-1.12632694892529,0.27436026363375
"GTPBP8",-0.913712886442407,0.372569056078083
"PHPT1",0.287288579368089,0.777069846926213
"BABAM1",-1.72690883831916,0.100766627041296
"THYN1",2.34812040767606,0.0301071385898139
"MRPL15",-1.44754384690184,0.164402483516126
"UBE2T",-2.2841426872401,0.0343132143093363
"TIMM21",-2.62333436015664,0.0169303662126948
"MRPL22",-1.73273488257223,0.0997034972530236
"LGALSL",-0.720996152586896,0.479883372605591
"ORMDL2",-1.52872426112475,0.14317342110912
"CNIH4",0.243579265974359,0.810224932341869
"RANGRF",-0.571582185879467,0.574453008935296
"COMMD9",-1.05275900305078,0.305946332778158
"TMEM208",-0.243191043262294,0.810521175768137
"SSU72",0.155733670263771,0.877921902476117
"DROSHA",-0.511871967990104,0.614768847020389
"DNAJC15",-0.500673605086047,0.622477933320955
"CFAP20",-1.45121424596645,0.163389998290737
"SCG3",1.37450778950441,0.185631371084873
"NXT1",0.663893258621943,0.51491042216638
"PYCARD",0.0410092960114174,0.96772580963397
"FHOD1",-0.226676205947312,0.823149898987733
"TBK1",-1.34777034402399,0.193931831518927
"C6orf15",0.105781347920294,0.91688915260606
"TAGLN3",-1.94225669193344,0.0674157895886606
"SAP30BP",-0.503447404076047,0.620564189786095
"MYLIP",1.82093854983894,0.0847550059401347
"BRD7",-2.65129577739888,0.01595156117614
"CLEC2D",0.756775195851551,0.458670953952529
"PRSS50",1.85536583985703,0.0794748070928349
"ANKRD11",-1.14071630682144,0.268473942831802
"CD274",-1.74075694698024,0.0982554878136802
"RACGAP1",-2.76916913268665,0.012386793227421
"UHRF1",-0.79177575445609,0.438480294147766
"BLNK",0.991428497684854,0.334208861643998
"USP25",-0.209949995621976,0.835990980221276
"PACSIN3",1.17003459026484,0.256772116959568
"TMOD4",-1.08303157098009,0.292645186269921
"TMOD3",-0.606610449001508,0.551447795614141
"TMOD2",1.70652394779319,0.104563666696912
"CARD10",-0.90125060094918,0.378985688197169
"ABT1",0.716709082429017,0.482463420782409
"PARVB",-2.73911395224692,0.0132156076104324
"NCAPH2",-0.628498292508249,0.537325260147191
"CYP2S1",0.236051854599831,0.815974112114143
"OLA1",-1.27285807968242,0.218760408540157
"UQCR10",0.0422937000374107,0.966715612893926
"YPEL1",0.874145782220577,0.393194042847575
"ZDHHC1",0.471704587256989,0.642627872598439
"ZDHHC8",0.167416916031175,0.868850122481999
"VPREB3",-0.127159751792504,0.900179594384685
"REPIN1",0.426333235214393,0.674761910971473
"GRHL1",0.891417071088247,0.384100474421148
"TFCP2L1",1.99496099737384,0.0609207880439083
"SENP1",-2.7012075635873,0.014336657463591
"TFPT",0.833952181730558,0.414897841955465
"UBN1",-0.160721427676052,0.874046819259338
"ALG5",-0.546016743107001,0.591548692478843
"NPC1L1",0.586026637066033,0.56490701531763
"ANAPC2",-0.107334281260067,0.91567392788713
"CNOT7",-1.10755977013889,0.28218005495641
"SNX8",-0.235493592385843,0.816400925582013
"SNX10",-0.418045687636672,0.68070391599041
"STRN4",-0.192868526767595,0.849153792230912
"GNL2",-0.241705896374912,0.811654726497528
"RBM15B",2.02758185907658,0.0571871885310756
"PSMC3IP",-1.64109546726533,0.117590854148189
"CPSF1",0.0826042418243856,0.935049352118307
"TRA2A",1.53103832382024,0.14260322391582
"GPSM2",-0.871630133306356,0.394530259227468
"SAC3D1",-1.39006270370538,0.180934727910945
"FAM216A",-0.684042725018769,0.502388565907032
"CCDC106",0.473109059603062,0.641644199129721
"EEF2K",-0.379388482264845,0.70869920734481
"ST8SIA5",-1.13466227697946,0.270938962470862
"SNX15",0.0782191924892177,0.938489650040728
"HOOK2",2.47050576485751,0.0233655279327048
"UBIAD1",0.191864817497098,0.84992869958969
"HCFC2",-0.977491257570765,0.340878363283878
"SNX11",1.22599724744644,0.235507069075769
"RMC1",-0.463332287381009,0.64850575160567
"PYCR2",0.14948287262631,0.882782728292625
"NME7",-1.03489571635423,0.313995858241732
"HILPDA",0.0435527393883161,0.965725421835688
"EPN1",-0.307704646991824,0.761728555979124
"GMPPB",0.410982726358757,0.685784924228801
"GMPPA",-0.19602589815355,0.846717196007105
"SEC61A1",-1.08061142288088,0.293692864793483
"TIMM22",-0.354600309576438,0.726880599227491
"ALG6",-1.07373586306432,0.296684131446775
"SNX12",-0.987966578881823,0.335856967145492
"RPA4",0.21995942403437,0.828300584817034
"NENF",0.901443807948357,0.37888565027112
"DSE",-1.68085179383084,0.10951984035147
"PKN3",-0.431177803031331,0.671298560209145
"PNMA3",2.26589105123542,0.0356091672382249
"ANAPC4",-1.23737489162807,0.231353240306996
"SERTAD3",0.478327427248236,0.637995296920393
"OSGIN1",-1.64239831589787,0.117318558624665
"SERTAD1",0.455210264286427,0.654230668603648
"DPP7",-3.06335862597397,0.00651487855566203
"TRHDE",-1.18038570273035,0.252733446104864
"POMT2",1.19104468799692,0.248624902820581
"CERS2",-0.247343642365294,0.807353959666508
"SLC25A24",-0.373531173379892,0.712979678792176
"NRBP1",-0.601349756507795,0.554871348582979
"MRM2",-0.288513353248201,0.776146781882505
"PRICKLE4",-0.949708496762236,0.354447098129117
"CDIP1",1.17863459256401,0.253413287842622
"STRN3",-0.708447931159005,0.487458097639928
"PSAT1",-0.565102354943175,0.578762085890876
"SCHIP1",-1.33585995148232,0.197723072767929
"UBQLN2",-1.54629563991084,0.138890796033541
"UBQLN1",-1.9726539347966,0.0635982209043809
"DONSON",-1.46550693133828,0.159495716896949
"NRBF2",-1.44331085919755,0.165576502224164
"RHOD",0.827978437940837,0.418187903045498
"SLC39A3",-0.333195066564302,0.742716287344365
"SLC39A2",-0.320701189983865,0.752014621536962
"SLC2A8",-0.733093799278526,0.472646836351859
"PILRB",1.2187344856923,0.238188328479039
"PILRA",1.25078793419122,0.22652891343197
"BAZ2B",1.49342662984059,0.152107767614308
"LMCD1",-0.617954871100607,0.544103506426766
"NOP53",0.116216224083149,0.908727687393276
"BICRA",0.207083102049227,0.838196825231806
"TNPO2",-0.416900423353558,0.681526748432016
"ERO1A",-0.484434466663168,0.633737028571702
"EFEMP2",0.573069783597022,0.573466082896597
"SH3KBP1",0.51014037212988,0.615957923544973
"SPANXA1",-2.86900807573094,0.00997643566312026
"SLC40A1",0.949887175415244,0.354358668919267
"SOX8",0.89451283875633,0.38248533878681
"ST6GALNAC6",0.419682159346132,0.679528881895549
"ADGRE2",0.376565521229196,0.710760970842224
"KCNIP3",0.041253444032937,0.967533780379412
"KCNIP2",0.39814269405685,0.695061248880453
"CXXC1",-0.268467827051072,0.791296388085973
"ZNF354C",-1.26113697873905,0.222859986804541
"NT5C",-1.38316932871388,0.183004206623932
"DNTTIP2",-2.23982956989015,0.0375380220884312
"SOCS7",-0.697724721442659,0.493986177597778
"EHD4",-0.0199588011302827,0.98428894424347
"EHD2",-0.724537167276994,0.477758470515713
"PIK3R4",-1.15106023649488,0.264300847004031
"CDR2L",-0.123828203589077,0.902780621819782
"TAX1BP3",1.10521939447665,0.283166593759811
"STOML2",-0.486515456670435,0.632288996376102
"KLK14",1.37004012622239,0.186998226181694
"KLK12",1.1794675920154,0.25308971686726
"ZBTB21",0.508757569633429,0.616908270168341
"SCAPER",2.11973769083608,0.0477273705288575
"WRAP73",1.14269656343757,0.267671269916461
"CRNN",0.415316886169777,0.682665140300347
"CLDN20",0.0714792732200729,0.943779865124521
"RRM2B",-0.78690435874037,0.441256921908045
"SMARCAL1",-0.269104936895788,0.790813534397897
"G0S2",-0.534537413986813,0.599306514553397
"PLA2G3",0.110542361027387,0.913164172027593
"MINK1",1.89630426068875,0.0735743414391001
"COL5A3",-0.407687496559426,0.688160762694886
"PODXL2",2.30666274506245,0.0327742700718838
"UBQLN3",-0.359731279806679,0.723103061619987
"ATP6V0A4",-0.790510443824993,0.439200456867044
"DEF6",-0.809018355485661,0.428739921997261
"CUZD1",0.00675869404346484,0.994679400052952
"GEMIN4",-0.224065165679003,0.825151179023024
"CALY",0.145036569161556,0.88624324256698
"PNPLA8",-1.95154662240897,0.0662279601185739
"ARHGEF4",-1.03549495196366,0.313723408504395
"ARHGEF3",1.91770649447578,0.0706465457586088
"DCAF8",-1.04564659186089,0.309133416970154
"ASAP1",-1.03965970424002,0.311834504345068
"AK3",-1.17252027239363,0.255797885399053
"HP1BP3",0.978765985674226,0.340264548664925
"HDGFL3",-1.18611919853316,0.250517128021346
"COPS7A",-1.40601234696068,0.176218516244551
"NSDHL",-0.595285333277527,0.558831864061612
"TAS2R4",-0.824634347868756,0.420036913260295
"TAS2R13",-0.085913636751223,0.93245382598443
"TAS2R10",0.393855652749134,0.698169564459931
"TAS2R14",-0.325761156338961,0.748244046214642
"F11R",0.781295927129199,0.444467117296671
"PARD6A",1.58174716267374,0.130575005641097
"CLEC4A",1.15311361650069,0.263478229437204
"STMN3",-0.317758217196427,0.754210617544765
"RNF141",-0.469933726038682,0.643869127292466
"NTM",0.273384552196567,0.78757235513974
"HEBP1",0.301019840215463,0.76674093657015
"CDON",-1.29075777437927,0.212613241805745
"SOST",-1.73412269047954,0.0994516835073155
"TMED5",0.439185744575939,0.665590297861172
"SLC35B3",0.126190558622216,0.90093615070976
"MTERF3",-1.11921255011355,0.27730560136885
"TPRKB",-3.14602265802148,0.00542588963360513
"MED31",-0.960672747673886,0.349048752927963
"COQ6",0.114677279147327,0.909930714996171
"AMDHD2",-0.513291198310693,0.613795086231706
"ASCC1",-0.940231586859486,0.359158895657039
"DERL2",-0.688228523470294,0.499809324635079
"EXOSC3",-1.38479371778006,0.182514842342313
"FAHD2A",-0.642609986379352,0.528325368855899
"PRELID3B",-2.15922976197174,0.0441272361695181
"EXOSC1",-1.45635462410271,0.161980572844602
"TMED7",-1.8681908621595,0.0775830085918211
"ISOC1",0.0653802933176087,0.948569323529078
"EMC9",-2.07894068952663,0.0517249696746069
"RRP15",-1.06352343879106,0.301167730692618
"WASHC3",-0.0964172838248861,0.924221208730348
"HDDC2",-1.56115805284787,0.135352234419733
"MRPS16",-1.21461868068196,0.239718117441276
"GLRX2",-1.26336095831191,0.222077583860109
"MRPS18C",-1.18595617196046,0.250579943496162
"FIS1",0.441279321366347,0.664101377886035
"PAM16",-0.417399762603258,0.681167940100386
"GOLT1B",-2.80180256778974,0.0115432855807422
"BOLA1",-0.338383688098079,0.738866567329116
"VPS36",-0.546620255798355,0.591142218576675
"DESI2",0.0969188319461973,0.923828314103575
"TVP23B",-0.415476893434795,0.682550076837253
"GLOD4",0.892678790705007,0.383441660618661
"UBXN1",-1.65593532221843,0.114520883435538
"ZNF593",0.123046152174135,0.903391354835063
"ZBTB7B",0.270403170606421,0.789829896371478
"PI15",0.379801309075285,0.708397890328843
"GMNN",-1.48873679670122,0.153328713821748
"LAP3",-0.0782615370193697,0.938456422511062
"WDPCP",0.0580973164983073,0.954291181655203
"ZNF691",-0.116040643805953,0.908864931020702
"TXNDC12",0.863316588349408,0.398967211557757
"TXNDC11",3.54145333937664,0.00224022008641425
"ATL1",-0.0615854283706079,0.951550414651471
"CALHM2",-0.694296430018513,0.496083892518361
"RPS27L",-1.16243723416066,0.259767080742365
"SSUH2",-0.926075028589013,0.366276369748208
"YARS2",-1.72939342005102,0.100312053926962
"NMD3",-1.55369166022487,0.137120366520311
"MRPL2",-0.788138831864644,0.440552259764184
"NOSIP",-0.0389568233458154,0.969340215779444
"DERA",-0.988281128289193,0.335706987055098
"MEMO1",-2.06374574770408,0.0532897487003022
"MRPL4",-0.76455539692823,0.454134599979593
"APIP",-3.25480850894336,0.00425984549180269
"TMX2",-2.07443740444926,0.0521843293679201
"CUTC",-0.90383575764698,0.377648613386949
"FCF1",-0.264665678873736,0.794179761579817
"THAP4",-0.621886607507222,0.541570464187396
"NDUFA13",0.0122578236294874,0.99035053554678
"MRPS7",-1.47955194082026,0.155743248342361
"POLR1D",-1.58257420744383,0.130386101742719
"GAL",-2.78436239215894,0.0119869824436591
"CRYL1",0.183203175000698,0.856622304227083
"MLXIPL",1.08052581296334,0.293729975003633
"YBX2",-0.51695481796535,0.611284816801178
"KLHL5",-1.75500124658659,0.0957291005094922
"PLLP",-1.03304087210116,0.314840253120125
"SEPSECS",0.182656681626435,0.85704500753909
"SIDT2",2.69443551782933,0.0145462572439659
"ADIPOR1",0.0564880344000118,0.955555866679833
"TRNT1",-0.849836015967352,0.406230615956049
"UTP18",-2.27579108317387,0.0349007158684106
"SCCPDH",-0.32346340442938,0.749955479096162
"IFT52",-0.221718361937988,0.826950980819516
"ABHD5",-0.585465005643424,0.565276636851165
"SH3GLB1",0.428688690152197,0.673077073618896
"ZC2HC1A",0.453953299482846,0.655118639582599
"MECR",1.31724126885256,0.203766916426145
"NDUFAF1",-2.52623972738949,0.0207897304002426
"ABHD17B",-1.06502691062322,0.300504605496918
"PHF20L1",-1.50988272378438,0.147886825496098
"TFB1M",-1.35170892119973,0.192690907113306
"APH1A",-0.615557833581334,0.545650934277194
"METTL9",-1.60664678574278,0.124987498297055
"RDH11",-0.529886527579783,0.602463768962755
"LACTB2",-0.050406974384529,0.960335848613762
"KMT5B",0.487821642072881,0.631380881313653
"TRAPPC12",-0.798169720664894,0.434852362233356
"ZDHHC9",-1.05235358063148,0.306127367491326
"MRPS2",-2.14826155832487,0.0451014287586001
"COQ4",-1.29607345903342,0.210813937350145
"UTP11",-0.965814509976845,0.346536720791812
"SBDS",-0.0149643617683801,0.98822007781904
"RPL26L1",-0.35150336137414,0.729164133874783
"COMMD2",-0.920878422030244,0.368912804966029
"ZNF706",-0.566883187276106,0.577576198227184
"IER3IP1",-1.25780911984918,0.224034722805432
"GOLGA7",-1.17167610610796,0.256128433536324
"NAA20",-0.909670143137815,0.374642575267246
"TRIM17",2.73787454288501,0.0132508997762104
"SAR1B",-1.10254822648021,0.284295658979902
"ANGPTL4",-0.489399254385227,0.630284861406664
"ASB3",-0.138519725289814,0.891319464318571
"PHF11",0.23966944364713,0.813209760566081
"RLIM",-3.08469863336083,0.00621493837449232
"KCTD3",-0.0773182318025899,0.939196656520244
"CEP83",-1.54191014493165,0.139949545654426
"IRAK4",0.483805915872802,0.634174697270071
"RNFT1",0.938049442705868,0.360249838838912
"COPS4",-1.91372005768434,0.0711839272554699
"INSIG2",-0.0520068433242057,0.959078123662422
"CHCHD2",-0.256442280669862,0.80042637773048
"HSD17B12",-2.15019655826272,0.0449281501647442
"ING4",-0.152307411241855,0.880585670185868
"CERCAM",0.881060992977785,0.389536259272528
"SDF4",0.14060616330691,0.889693721188462
"MRTO4",-0.316819917554055,0.754911214284253
"JPT1",-1.07785645096171,0.294888798871202
"ZNF580",1.03055718439632,0.315973448792202
"VPS28",0.961988228683262,0.348404879755321
"C3orf18",1.23773607818027,0.231222303631044
"EGFL7",-0.121469908829974,0.904622489509783
"DBR1",-1.0935976707058,0.288102957438102
"DCTN4",-3.86816467457315,0.00107136672966332
"AADAT",-0.784497171451298,0.442633001456618
"CYB5R4",-1.61673858665254,0.122780997229809
"MYO15A",1.19207796887656,0.248229323316939
"HSD17B11",-0.199579711640191,0.843976556527546
"NAGPA",0.974912102481095,0.342122639412854
"TUBD1",0.0661534034117906,0.947962093842318
"TUBE1",-0.868103960141064,0.39640822563444
"LEF1",-1.24136000084861,0.229911717801634
"PLEKHO1",-0.950604162382567,0.354003979166807
"DCXR",-0.705776523018641,0.489079670610898
"HSPA14",-2.7896340332266,0.011851170801151
"GPN3",-2.22570037548179,0.0386235099671629
"CRBN",-1.33110527119557,0.199252849000984
"TCEAL9",-1.27999166575325,0.216294198871442
"RSL24D1",-1.75689146307053,0.0953981125167905
"SS18L2",0.27806465698429,0.784032419474762
"HERC5",0.576152519883637,0.571423658122595
"CKLF",0.340438094676748,0.737344240902747
"ZNF639",-2.54982173642632,0.0197824872216992
"IPO11",-3.39183201228402,0.00313556383040247
"RAPGEFL1",-1.71565582057578,0.102847747076727
"PLCE1",1.80286238446265,0.0876484529140525
"NIN",-0.509751285859878,0.616225257120145
"CPA4",-1.38663840433945,0.181960384799556
"ZDHHC2",-1.10087718840809,0.285003657942573
"DDX47",-0.142529616595228,0.888195419557255
"NUSAP1",-2.73070765197326,0.0134567493642717
"TACO1",-0.611847696303197,0.548050695867493
"ACP6",1.23248846655597,0.23313026292576
"RAB9B",0.587929573724694,0.563655588440269
"GLRX5",-1.56490326711408,0.134472523042266
"COPZ2",-0.765087676798727,0.453825250258288
"PIGP",-0.573973608045621,0.57286687831549
"GLTP",-1.24739140027605,0.227743159236725
"PHF20",-1.10623427103798,0.282738482588966
"VRK3",0.489900329542102,0.62993693182824
"CRIM1",-1.72402455414501,0.101296554911227
"EMC4",-1.62145075736166,0.121762040581208
"MZB1",1.36858328050634,0.187445674686778
"ANKRD39",0.171483042117073,0.865697177183267
"COX16",0.338433363451795,0.73882974451763
"CCDC174",0.927528016346537,0.36554149470565
"SHISA5",0.895484585632183,0.381979285765862
"PAIP2",-0.78490780162556,0.442398075085873
"TMEM69",-2.09172595960511,0.0504406794877642
"NT5C3A",-0.024906561589223,0.98039495856029
"FAM178B",1.23435372339283,0.232450701489998
"MRPL37",-1.29287798512809,0.211894138341977
"RNF181",-0.419517585207461,0.679647012850964
"TBC1D7",-0.187343620505508,0.853421195519812
"MRPL51",-1.2089401530171,0.241841039267031
"TMEM216",-0.109985815709899,0.913599504017098
"PBDC1",0.43096210313404,0.671452602807245
"MRPL30",-1.50470693892618,0.149203842675907
"MRPL27",0.368456728946567,0.716695972435926
"CDKL3",-1.07402217667453,0.296559129863391
"CLEC1A",-0.201744675378499,0.842307973262899
"PIPOX",-0.0534954693761944,0.957907950425573
"UBAP1",0.0526747251005005,0.958553105847253
"BET1L",1.84821393206716,0.0805472992667211
"KLF3",-0.0414872686000098,0.967349872721186
"ZNF571",-0.189849608721653,0.851485001849716
"DNAJC27",-0.862529025209819,0.399389215205002
"IER5",0.168845722811208,0.867741940530319
"C1RL",-0.0666916626114114,0.947539344160053
"GOLM1",-0.281668077440638,0.781310153864473
"ANKMY1",0.794855832587922,0.436730313916452
"SCAND1",0.411634332965516,0.685315517205191
"BFAR",-1.36499044334946,0.188552816892262
"RASL12",-1.0015665871779,0.329414955453963
"COA4",-0.043496196503088,0.965769889651609
"ERGIC2",-2.64597583818101,0.0161335479644429
"GMIP",1.5391551178299,0.140618096435744
"GMPR2",-0.591602088480739,0.561244530507355
"CD320",-0.55213795152903,0.587432436054753
"PCDH12",2.06745288807843,0.0529040903226832
"ECSIT",0.402178239478409,0.692140340111937
"SLC15A3",1.0554729422171,0.30473644604963
"BPIFA1",1.45686532915774,0.161841087894267
"TIMMDC1",-2.30116426017764,0.033144010162234
"FKBP11",-0.838819700740333,0.412229315946411
"ZDHHC3",0.350438694882366,0.729949768088508
"FAM13B",-1.39205888905593,0.180338970292954
"FAM53C",-0.488842549144931,0.630671522734622
"REEP2",-1.69314558530788,0.107121894126536
"ARMCX1",-0.983649580424648,0.337920068626745
"SLC22A17",3.64322076668187,0.0017809908564665
"SLC25A37",-1.70505338091267,0.10484227987391
"GASK1B",2.87906868174972,0.00976024641616769
"KRCC1",1.01937362338633,0.321111890733281
"PLAC8",1.15866091085609,0.261265454848868
"PHF21A",-0.371908947597831,0.714166927215444
"MRPL35",-1.63251324103993,0.11939797925226
"RSRC1",-2.82253882900623,0.0110362190239612
"MEX3C",-1.65045180200477,0.115647240198813
"AMZ2",-1.37765944295332,0.184671958566369
"WAC",-1.43721896744576,0.167278057794588
"SPG21",0.163531398302812,0.871865132548969
"ARL17A",0.142010164318417,0.888600012013038
"AHSP",0.504728458081663,0.619681281175815
"ARL6IP4",-0.495845217634949,0.625815801497348
"SPTBN5",1.62218553804381,0.121603798470902
"ZNF771",0.425910465877063,0.675064501586948
"PRR16",1.61773843932277,0.122564189388125
"NGRN",0.460535052092593,0.650474906622395
"THEM6",1.08102067490487,0.293515509142881
"CRNKL1",-0.363208050849469,0.720547521200036
"ZBTB7A",-0.855588377734598,0.403120813406071
"FZR1",-1.13123472141697,0.272341981858915
"TAOK3",-0.50534606950592,0.619255832286117
"KLRF1",0.760380545275043,0.456565393952009
"ZNF117",3.10690822784374,0.00591705112778226
"MBTPS2",-2.64296394481987,0.0162374529195065
"HOOK1",0.852693658061121,0.404683803400133
"CDC40",-0.411214900140482,0.685617654868273
"CHST15",-0.24038744312049,0.812661405251538
"ZMYND10",0.461621263442219,0.649709937356545
"UBR5",-0.400831060632816,0.693114873582314
"POP5",0.772918435221963,0.449289067942414
"TEX264",0.296312166566149,0.770277195964215
"POMP",-2.70189309101867,0.0143156011054157
"TMA7",-0.280173407757224,0.782438977867824
"MRPS17",-1.69391666049636,0.106973004078088
"ATRAID",-1.04263748763162,0.310488927910772
"SNX7",-0.0305990594809133,0.97591548148369
"UCHL5",-0.616969379587278,0.54473941281729
"CRLF3",-1.10955778340904,0.281339830016212
"CSAD",0.705647268308226,0.489158209286601
"ATP6V1D",-1.33167796783892,0.199068094596167
"ZNF589",1.92281479679836,0.0699631965123237
"EIF3L",-0.857113409271616,0.402298956311029
"NIP7",-2.54016196728826,0.0201893816967335
"RWDD1",0.261535628419141,0.796555736260146
"AIG1",0.917012936049638,0.370882179258216
"TRPV2",0.65754652130085,0.518890673365441
"COMMD10",-1.38116966152319,0.183608071681765
"WDR83OS",-0.599313327260082,0.556199629579248
"TRAPPC4",1.3454094436878,0.194678716523931
"PPME1",0.089130884340863,0.929931314926366
"NOL7",-0.00266527418895586,0.997901820426134
"HEMK1",1.56850018811705,0.133632151480689
"AMOTL2",-1.15791728906596,0.261561270666796
"PRKAG2",-0.959410207903437,0.349667482311698
"POLK",-1.92602200098635,0.0695371658630435
"ZNF107",0.169393844143501,0.867316892370179
"DDX41",0.896155994439529,0.381629898438402
"SUCO",-1.31327565781497,0.205072816482299
"ANAPC5",0.0978988047766752,0.923060697036461
"ANAPC7",-1.20741865964121,0.242412275821894
"SCARA3",-0.435713944889396,0.66806253514968
"MAGEC2",-0.957881693494078,0.350417564779977
"FAM8A1",-0.869813921427242,0.39549680742823
"HPCAL4",2.37163362784641,0.0286854957326355
"YTHDF2",0.364291808979864,0.719751612137354
"VGLL1",3.71494867020162,0.00151473148125961
"RNF138",-2.44807547298313,0.0244844055134341
"IP6K2",1.8497510410458,0.0803157290846892
"PCYOX1",0.208903723913117,0.836795841765971
"PRRX2",-0.871254500708895,0.394730035727101
"LCMT1",0.119302195628163,0.906316000177674
"GULP1",0.201401684900148,0.842572272393867
"REV1",0.784915145207229,0.442393874438896
"RHCG",-0.582054642748898,0.567523766963867
"SFMBT1",1.5916677624928,0.128324149546869
"GPR89B",-0.48789580791245,0.631329336146887
"UBE2J1",-1.22769738089431,0.234882766119861
"EVL",2.35531535261963,0.0296653131390157
"DCDC2",1.55471509638505,0.136876869997427
"LIMA1",0.284436018603781,0.779221031449488
"ISYNA1",-2.65247023813897,0.0159116484429589
"ANKFY1",1.50879623435236,0.148162491142985
"SPOUT1",-0.484717895942237,0.633539718157212
"NOP16",-0.345241732309457,0.733789079582159
"RTCB",-0.951636459282658,0.353493733762927
"HACD3",-0.725755447776566,0.477028690855065
"CTDSPL2",-1.43002940163643,0.169304468216413
"NELFCD",-0.455872361644946,0.653763148927841
"TRIAP1",-1.70524326478017,0.104806268719413
"HIKESHI",-1.12859607072493,0.273425735101023
"CWC15",0.465308370704072,0.647116259373044
"TRMT112",-0.772074654769303,0.449776509301971
"UFC1",-1.02667602995075,0.317750043173236
"RTF2",0.0413331762253348,0.96747106921862
"CHMP5",-1.07431788109827,0.296430068377948
"GTSE1",-2.67644852532591,0.0151172378278523
"ETV7",2.75391120160231,0.0128011355929026
"DTL",-1.79086513338152,0.0896161151015386
"NCKIPSD",0.505053924093411,0.619457062893861
"TMEM14C",-0.345664797051545,0.733476264791747
"CXXC5",0.286690090934343,0.777521028719979
"TMEM138",-1.65669033167834,0.11436653255517
"OSER1",-0.312557480144549,0.758096572875399
"GSKIP",-2.15783055483665,0.0442504356086875
"JKAMP",-2.3632086778804,0.0291875410035794
"ANAPC11",-0.982595380173775,0.338425208698614
"ZC3HC1",-0.151834897605738,0.880953144583434
"TRMO",-1.44167821498097,0.166031136211968
"PHF7",-0.180296272486917,0.858871252051729
"VTA1",-1.14263309271551,0.267696969283069
"PPHLN1",-2.04657273381777,0.0551096063927334
"MTFP1",0.0904283192249391,0.928914263805679
"ZCCHC17",-0.209477908478799,0.836354117984089
"SCLY",0.681045566217663,0.504240052931779
"VPS54",0.129009033454049,0.89873631018985
"ZNF581",0.00455852740009028,0.996411406322548
"SIRT6",-0.117049495672902,0.908076394749855
"CINP",-1.44549101572713,0.164970986221928
"RAB14",-2.02597982163485,0.057365633427714
"LGSN",0.17312141843428,0.864427402085406
"NT5DC3",-1.46865625987755,0.158647919664235
"RAB6B",-0.256877231775762,0.800095631910493
"IL23A",0.0281890733045642,0.977811829477488
"MBIP",1.03765305986418,0.312743593652275
"HDAC7",1.50103343001178,0.150144459374288
"ARMCX3",0.292006332810275,0.773516140996704
"TDP2",-1.56288482442527,0.134946038031994
"UFM1",-0.0320477543038632,0.97477561585311
"GDE1",0.661164960970274,0.516619322721115
"LARP7",-0.786937832494982,0.441237805200093
"ESF1",-1.59810796355635,0.126880486779335
"AZIN1",-0.697582620900502,0.494073024414717
"PCF11",-1.65450574473761,0.114813625937028
"MED15",0.036277402669807,0.971447961796538
"PIAS4",-0.863529079402556,0.398853401260959
"TRIM33",0.361813015663129,0.721572513860182
"SRRT",1.50746007274065,0.148502086147846
"NBAS",-0.830784266955849,0.416640515933168
"CUTA",1.39086202921524,0.180695981225929
"LSR",1.35833763561741,0.190616669555473
"LIPT1",0.683362268662065,0.502808574323751
"NOP58",-2.09151325709539,0.0504618071566122
"PIGT",0.195187122242949,0.847364339744387
"TRMT6",-1.90797551656993,0.0719646794558919
"ATP6V1H",-0.148453778367571,0.883583449561478
"GET4",1.92585930919578,0.0695587215173974
"DPH5",-1.87940663777568,0.0759612235375786
"ERGIC3",0.403744008792247,0.69100837388466
"UBE2D4",0.952347103930738,0.35314276773465
"KLF13",0.373167405529082,0.713245842005052
"CCZ1",0.42682187148357,0.674412248023337
"DYNC2LI1",0.940885064528398,0.358832633073937
"SLC25A39",0.229532835220939,0.820961808655587
"OTUD6B",-1.3384636537941,0.19688930317168
"RBMX2",-1.87792967996824,0.0761730654163209
"DHRS7",-0.471615318410044,0.642690418254771
"RTRAF",-0.745209030584927,0.465465356806061
"SF3B6",-1.69211377288767,0.107321408811301
"MRPL48",-0.958278162470543,0.350222900953176
"TMBIM4",-0.367856396430742,0.717136111795716
"PPIL1",-0.15506694939384,0.878440132831457
"YPEL5",-0.312568433522312,0.758088381587375
"CIAO2B",-0.218928893243205,0.829091549352649
"MRPS23",0.0713531522623084,0.943878884828825
"MRPS33",-0.537906428562135,0.597024537356647
"PTRH2",-0.1971056308767,0.845884310793455
"CHMP3",-0.818526486265628,0.423427459843057
"CDK5RAP1",-0.673528700955156,0.508900669629025
"RASD1",-0.178750242122896,0.860067856967169
"STYXL1",1.47297734985409,0.157490695158282
"GINS2",-0.603301782443603,0.553599697767772
"MPC1",0.860029477851312,0.400730483645312
"FKBP7",-1.44338592138348,0.165555624438157
"ZFR",-0.941945605465547,0.358303564865491
"ASB1",-1.17532943491464,0.254700218412979
"SARAF",-1.3928182367514,0.180112758826562
"OAZ3",1.07843435778525,0.294637637079969
"LSM7",0.496740568687023,0.625196214363014
"LSM8",-0.641145246897426,0.529255644706865
"CPSF3",-1.69177594357978,0.107386801769709
"TRAPPC2L",0.240540750504101,0.812544333191746
"HECA",0.140329162447674,0.889909530273297
"VPS29",-0.398266793489948,0.694971352945125
"CYB5R2",-0.0786347044904484,0.938163604985605
"NLK",-0.700628961362016,0.492213147205933
"PADI3",-0.783228479006145,0.44335932309926
"ACSL5",0.648806192027903,0.524400068985111
"GPRC5B",-0.113829145128172,0.910593816047244
"CYB5R1",0.655119067860556,0.520417547481445
"SELENOT",-2.24119610645032,0.0374345390270435
"RAB23",-1.25757888717943,0.224116171936004
"CAB39",-0.819031466651338,0.423146483320188
"UIMC1",-0.116276292924452,0.908680734814244
"DNAJB11",-1.19122651842965,0.248555256592221
"CMPK1",-2.08046010599022,0.0515708083821154
"POLR3K",-1.35301040571375,0.192282240087402
"WBP11",-1.31555752211419,0.204320582460464
"UPB1",0.46512940063936,0.647242048292682
"MSRB1",-2.57306668836708,0.018834854184891
"RAPGEF6",-1.45638635705712,0.161971903006641
"GHRL",1.32194646093286,0.202225973454222
"WWOX",-0.897412425815536,0.380976647765195
"ARID4B",1.41380285432728,0.17395121695531
"LUC7L3",0.223708733923955,0.825424468508305
"RTEL1",0.69684256470088,0.494525463445895
"ERAP1",-0.133040499447402,0.895591189102308
"TMEM8B",1.68909593447836,0.107906776561707
"CDK12",-1.43672989082251,0.167415278457257
"C9orf78",-1.20490196986385,0.243359406808206
"SYT17",1.42358224607672,0.171138526732071
"ATP8A2",0.85868476051147,0.401453275384245
"RAB8B",0.170850834224191,0.86618725177622
"INPP5K",0.37786471045444,0.70981181585975
"STK26",-1.38531664420116,0.182357528823686
"TM7SF3",-0.992632187243241,0.333637148985256
"RSF1",-1.25904267750217,0.223598718636391
"MAP3K20",-0.698400509059046,0.493573281173745
"KDM3B",1.06472791372119,0.300636397893933
"SIX4",-0.121498439359766,0.904600203346494
"COQ3",-2.47403362294121,0.0231939774459179
"CALML5",1.25197360189506,0.226106221175629
"TUBA8",-1.75494417464027,0.0957391095912516
"PHAX",-1.8628152233965,0.0783710788666133
"GALNT7",-1.45124362900677,0.163381913499077
"ADA2",0.0170620727007951,0.986568921527133
"BCL11A",0.232556854390795,0.818647145337889
"BTBD1",-0.924736707012672,0.366954132140255
"SPA17",-0.16132755943968,0.873576124722827
"IL17D",0.567685983665955,0.577042007131058
"NUDT9",-0.501109257994465,0.622177177392887
"CHIC1",-1.09547973016281,0.287299310335369
"TM6SF1",-1.38318043789843,0.183000856295195
"ZFYVE1",0.653902180571347,0.521183914759376
"PANK1",-1.01628828983329,0.322539833878414
"SHC3",1.02116503761476,0.320284848349282
"NUP54",-1.24957462141068,0.226962092432325
"TPCN1",1.18940042310932,0.249255373828989
"CLIC5",3.24740081898733,0.00433078472585875
"STX18",0.159817116125728,0.87474915639466
"MBD3",0.0318784007356243,0.974908864215
"BCO1",1.69664387098783,0.106447818361473
"PTOV1",-0.752984502878199,0.460891098737849
"S1PR5",-1.40692086090742,0.175952886060239
"RIPPLY3",-2.76560429596173,0.0124824346249939
"FXYD6",0.9929806928007,0.333471747934772
"FXYD5",-1.82669184178203,0.0838517750605724
"GPR84",-1.53465204629217,0.14171655714688
"IL20RA",0.618580574221264,0.543699967521118
"IL20RB",-0.614121946076855,0.546579014126299
"FGFRL1",0.273508019026567,0.787478905932429
"GPR87",-1.03430368950983,0.314265195800362
"C11orf24",-0.291701411570718,0.773745672359635
"DUOX1",-0.349011267431521,0.731003570804042
"RAB4B",-1.39130511770229,0.180563746352195
"RAB24",1.97042555976832,0.0638713803300814
"PELO",-2.33007316590586,0.0312424197191838
"PPIL3",-0.255206507631798,0.801366296314597
"CSNK1G1",-1.38003752777187,0.183950664036115
"A4GALT",-2.04331407868117,0.0554611937408606
"CPSF2",-3.41964865094474,0.00294589373731028
"BRWD1",0.702568180903193,0.491031318847289
"SLC37A1",2.16802840925472,0.0433596694470205
"RBM11",0.134599466566399,0.894375444527699
"C21orf58",0.275401968485881,0.78604583499728
"YBEY",0.348487528960201,0.731390360313744
"MIS18A",-1.48384019131932,0.154612084338446
"SETD4",-0.772009401314256,0.449814218915464
"FAM3B",2.74878594023569,0.0129432673441921
"RIPK4",-0.728727741915795,0.475250988546912
"CLIC6",2.66512338247866,0.0154876238451693
"GSAP",1.28894385571283,0.213229973980286
"POLE3",-1.99952958149866,0.0603850574134125
"CHRAC1",0.528008248256304,0.603741134366288
"MRPL39",1.09804100165848,0.286208268907067
"C21orf91",-0.547994202039748,0.590217366099385
"DCUN1D1",-1.73103001598285,0.100013593270837
"NANS",-0.744543325243948,0.465858252398193
"CYCS",1.35848826890557,0.190569741303816
"ERRFI1",-1.00172740885177,0.329339299467886
"TREM1",1.07973254966367,0.294074000899576
"GNG2",0.603174872586494,0.553682326438666
"GDAP1",1.26017046229009,0.223200675102093
"DPM3",0.916624251569448,0.371080595022547
"SOX18",-0.973935311675289,0.342594697943182
"WNT4",2.0167664583704,0.0584016292373295
"TERF2IP",-0.381581824781456,0.707098881202709
"SLC38A2",-1.20907240769535,0.241791433415918
"NLGN3",-1.06116217533546,0.3022113236216
"TAS2R5",0.173741052800465,0.863947271352434
"DNAJC10",-0.374718286644269,0.712111349987777
"YIPF1",0.0995251630678803,0.921786934915661
"GAR1",-0.691507084565068,0.497794436098494
"SSH1",-0.134877351778112,0.894158766697671
"SH3TC1",-0.0923781618762607,0.927386031234509
"GFOD1",-1.22274152167937,0.236706143809211
"RBM27",-3.05865725960303,0.00658282479632751
"SASH3",1.86002360135868,0.0787831053102279
"KCTD5",-1.78907045649463,0.0899137440107629
"ANLN",-1.52036786144644,0.145248257923216
"RIN2",0.891758006651036,0.383922379169861
"ATAD2B",-2.36259881474686,0.0292241984651037
"FBXO42",0.0196337282870008,0.984544798304746
"TAF7L",-0.852109743876969,0.404999559938484
"PRR13",0.431698033967793,0.670927097550402
"MRPS21",0.686989185795969,0.500572196846455
"FBXW5",-1.80896232614384,0.0866625375508838
"CCSER2",-1.28328672279203,0.215162374188229
"RETREG1",-1.0481365554943,0.308014967834624
"XRN1",-0.417907541366558,0.680803147477428
"ETAA1",-1.73665636542657,0.0989933711692304
"ANKIB1",0.119478769724566,0.90617803554247
"MIOS",1.52686831460494,0.143632102642301
"ZFAND6",-0.343077943343743,0.73538973587096
"ARMCX6",-0.0993508031692556,0.921923483077218
"MIEF1",-1.8386247181185,0.0820052284952187
"TOLLIP",1.09896273405977,0.285816374673952
"NLE1",-0.694869273309534,0.495733021529596
"RNF216",-0.756251489878629,0.458977292889278
"PLEKHA5",-1.22954802473336,0.234204636837982
"PIMREG",-1.42843549309683,0.169756405905182
"CHPF2",1.53797392589958,0.140905544056869
"TRMT13",0.81678111871045,0.424399510951104
"DGCR8",1.0014150945521,0.329486233883924
"OTULINL",2.87913153451771,0.00975891007952805
"NEURL1B",1.59971782844499,0.126521756551459
"C11orf71",0.0793910095669588,0.937570174364249
"TMX3",-0.448588240849364,0.65891466026732
"PRMT7",1.55465774090684,0.136890506493167
"HEATR5B",-0.222432675366973,0.826403057600644
"SMOX",-2.01878510660583,0.0581732148681213
"TMCO1",-0.126014886635362,0.901073291464272
"RBM47",0.799507063941771,0.434095932437051
"ZDHHC13",1.52512169499873,0.14406487803839
"CPVL",1.13256542839639,0.27179663875463
"DHX29",-1.57611801232365,0.131866861189582
"ADAMTSL4",-0.219225648236904,0.828863761367355
"RHOF",-0.385099846321759,0.704534957072731
"PCDH18",0.83549794165037,0.414049212621622
"EXOSC4",0.320946158385356,0.751831927937376
"MTRF1L",-1.97356358003433,0.0634870148010786
"PUS7",-0.0161272937125642,0.987304700229391
"APBB1IP",-0.692019398885204,0.497480008924876
"CCDC93",-0.514978066353067,0.612638652573863
"WDR44",-3.45696646073147,0.00270909792509168
"ANKRD16",-1.7373822096671,0.0988624108831524
"ASNSD1",0.688184233102543,0.499836575983497
"MIER2",-1.28917782102337,0.213150347387257
"USP53",-0.0635181913894705,0.950032020289363
"MRPL50",-1.94743849342096,0.0667509152653322
"CCHCR1",-0.266658229510064,0.792668320609117
"EXOC6",-0.10855198119425,0.91472118409909
"SHLD2",-0.842724402664387,0.410096616034404
"NDUFB11",0.118988422341808,0.906561171755489
"FAM193B",2.09970856886787,0.0496535433374117
"DDIT4",0.320647168832349,0.752054911690921
"RC3H2",-2.23197433747667,0.0381379936027439
"TOMM7",0.024840996842655,0.98044655623304
"CRCT1",0.262717595751426,0.795658281168913
"MTMR12",-0.350547845972912,0.729869209641807
"SDK2",0.764701035223143,0.454049945319687
"NECAB2",-1.00870162959983,0.326070107807438
"MAGEL2",-0.106594380790002,0.916252899497754
"GNL3L",-1.21950701102817,0.237902024332275
"WDR5B",-0.57903771703844,0.569515509248874
"DDX49",0.364792195854401,0.71938424023476
"ING3",0.967610670603171,0.345662140992278
"SGTB",-3.31181647300611,0.00375073058382538
"SPATA6",1.59555850824186,0.127450340244987
"EPB41L4B",-1.56197162875924,0.135160726080851
"UGT1A7",-0.753384053274021,0.46065678265151
"UGT1A6",-1.47473598661908,0.157021702844047
"EGLN1",0.10947932737409,0.913995705628762
"GNB1L",-0.888430378276082,0.385662978212752
"LZTFL1",-0.0517469255219222,0.959282448678496
"MXRA8",-0.417268608489999,0.68126217546306
"UGT1A9",0.601539967125313,0.554747367592291
"NDFIP2",-0.138205610052402,0.891564264524677
"DDX56",0.444884986554281,0.66154044779536
"INO80",0.46520694349577,0.647187546039113
"CCNJ",-0.516877441282091,0.611337783481766
"VSIG10",0.582587564722229,0.567172313047093
"ARL15",0.740291306720256,0.468372469659603
"PAF1",-2.25083507072612,0.0367120394969429
"PARP14",0.511363058062189,0.615118198953914
"HES2",-1.85920786355554,0.078903862631974
"MINDY2",-1.65879824183379,0.113936537860216
"UGT1A4",-1.30318837114032,0.208424293232661
"UGT1A1",-0.588862538049353,0.56304257245733
"UGT1A3",-1.26848386486991,0.220283430938173
"TBC1D13",-1.4209375783789,0.171895512061502
"WDR74",-1.71266015542509,0.103407957219707
"TMEM106B",-0.236215684444957,0.81584886894876
"RSBN1",0.241213693767227,0.812030498683748
"LRRN3",-0.075806334218587,0.940383196812019
"CRLS1",0.613368326640764,0.547066451343121
"GTPBP2",0.532214315558882,0.600882536024653
"CROT",2.04492008835568,0.0552876640271142
"ZNHIT6",0.00967322563541583,0.99238507756526
"P4HTM",1.66294086776539,0.11309549140513
"MANSC1",0.957549247649876,0.350580850879136
"RRN3",-0.598281936642139,0.55687300422217
"PDP1",-0.484791964662906,0.633488159572502
"GPN2",-0.736488808260268,0.47062775907062
"CNGB3",-0.278912494228601,0.783391647420256
"SLC6A20",-0.432387477145196,0.670434945680073
"OTUD4",-0.46649676741958,0.646281272932796
"TMED9",0.799062775823652,0.434347139915747
"SLC35F2",-0.47787269854334,0.638312886848655
"MPHOSPH8",0.00577604502973552,0.995452954200219
"XAF1",2.13714439678487,0.0461088255766772
"LEPROT",0.913141605512948,0.372861597799745
"LY6K",-1.67466999415618,0.110742872125502
"EPDR1",0.911754822199561,0.373572382696091
"FBLIM1",0.241745260664705,0.811624675848875
"IL17RD",0.864408210619084,0.398382763051516
"FAM20A",1.95993146160162,0.0651719077205279
"KLHDC4",1.27741046384835,0.217184055546817
"PCSK4",-0.73374120631377,0.472261412967399
"GRAMD1C",-0.196407685014648,0.846422671670585
"ZRANB1",-0.761038494250943,0.45618178053759
"TRIM44",-1.21656055982145,0.2389954155752
"HYDIN",-0.303097092634515,0.765182233990481
"DIRAS2",-1.21005190867375,0.241424285100698
"PPP1R12C",0.144280722289345,0.886831746369939
"RNF111",-1.67311133103635,0.111053079884678
"NSMCE4A",-0.843071271293338,0.409907504500917
"ALKBH4",1.69292069918937,0.107165351743546
"BORCS6",0.946175277754185,0.356198808731788
"DNAJB12",-0.442342395486468,0.663345884290005
"TET2",0.804656275390845,0.431191122084413
"KCTD9",-3.46447404562015,0.00266377992465143
"TRPM4",2.41564031611182,0.0261913743188801
"MBTD1",0.812255073643758,0.426926780911204
"KLHL24",-0.150302373760357,0.882145180656564
"HAUS6",-3.36389506538448,0.00333814640838115
"TRIT1",0.309044455072207,0.760725237639766
"CNNM2",1.34280383144057,0.195505666396937
"AHI1",-1.11729823553831,0.278102087883855
"ZNF586",4.03006466900285,0.000742923831403939
"DYM",-1.01139413499777,0.324814113345817
"SAMD9",0.793259746789922,0.437636603510245
"GIPC2",0.426738607761322,0.674471825286005
"ZNF562",-2.44355834087702,0.0247157218460955
"AFTPH",0.0940543079752247,0.9260725459328
"KLHL28",-0.202657531129027,0.841604645236736
"QPCTL",-1.05507660638806,0.304912919814771
"GATAD2A",0.727309069985826,0.476098992269202
"ZNF280D",-2.36303037555991,0.0291982539155179
"ZCCHC10",-2.49701186682616,0.0221052218774453
"NDE1",-0.936361400945767,0.361095302949
"ERCC6L",-2.78069977368031,0.0120822179656087
"TRPM7",-1.28966012351878,0.212986276242021
"SWT1",-2.21372218675706,0.0395662580633627
"GIN1",-0.477306650882701,0.638708324130365
"BCAS3",0.664660529898331,0.514430406215156
"NUP62CL",-1.29682238226144,0.210561395116232
"VPS13C",1.26558752894148,0.221296403573345
"GDAP2",2.20429640832252,0.0403229175357891
"BSPRY",1.55304273642773,0.137274946037824
"WBP1L",1.25294969918055,0.225758698405747
"LRRC49",-0.0951002206914189,0.925253043282178
"APTX",-0.620565727215763,0.542420737231813
"BIVM",-1.15884688755954,0.261191511692809
"MFSD6",0.318913941362297,0.753347978159649
"SYTL2",0.234912166482549,0.816845511280886
"ESRP1",2.02811421324251,0.0571280022351461
"SIDT1",2.01391340722037,0.0587258322185491
"ARHGEF38",3.08403093617046,0.00622411616233275
"DEF8",-0.935394588893146,0.361580141747874
"FBXL12",1.16426536675283,0.259044028889058
"ANKRD49",0.661904151449655,0.516156008250827
"WDR55",-0.780751874722789,0.444779291891814
"FAM83E",1.98031093329367,0.0626675473718417
"TENT5C",0.450647177036914,0.657456737766904
"GON4L",-0.0332946325402542,0.973794588605215
"PGPEP1",3.10865019620548,0.00589428387892445
"ELP6",0.196609093401285,0.846267307235754
"SNRK",-0.986021617386305,0.336785379492731
"CC2D1A",0.639035694441509,0.530597033246674
"TOR4A",0.800903373283921,0.433307028967824
"GPATCH4",-1.62384589842192,0.121246864524696
"PPP1R14D",0.632805675758755,0.534569357641113
"TMEM214",0.614679132133798,0.546218778793004
"EPS8L1",0.988629837157555,0.335540773964579
"QRICH1",1.00114241068437,0.329614560960439
"PIGG",2.24057813426938,0.037481303351929
"PALMD",1.01531303956495,0.322992126884932
"FNBP1L",0.954211958878325,0.352222906435001
"CNTLN",-2.80598257955099,0.0114393051682755
"DCAF16",-1.18151743649554,0.252294799960487
"ZCCHC2",-0.311893539073701,0.758593144216389
"DPP8",-0.527156935388596,0.604320522085988
"ST7L",2.53382057577581,0.0204607763992504
"BCOR",0.798674721567452,0.434566626236583
"ANKHD1",-0.894019492665293,0.382742426967867
"CWC25",-0.561210167566372,0.581358265090489
"RETSAT",-0.125997042552681,0.901087221871937
"TBC1D8B",-0.166200524467306,0.869793775204852
"NSUN2",-1.97734946451106,0.0630260466340017
"ALKBH5",-0.483242581393763,0.634567072660652
"INO80D",0.910995413278242,0.373961996157073
"NCAPG2",-0.705351271585351,0.489338092637365
"MTMR10",-0.821452763697363,0.421800889615551
"RNF43",1.96842602333878,0.0641173797842545
"CASZ1",1.2952217832281,0.211101416520104
"ELOVL2",-0.367145790827025,0.717657230319683
"PXK",-0.617739860325626,0.54424221197302
"LAX1",1.26904165163958,0.220088762964021
"CDKAL1",1.31670630157522,0.2039427013806
"TTC19",0.042738894256556,0.966365476548935
"NSD3",-2.03645363687718,0.0562080053231814
"SPDL1",-1.88557010695076,0.075082791745005
"SEMA4C",-0.558601281472712,0.583101747481919
"RPP25",-0.801469092199154,0.432987658005028
"FOCAD",0.734732483160912,0.471671635492356
"YTHDF1",-0.69300794038215,0.496873626313295
"TMEM260",0.317753617552685,0.754214051410385
"CMTM6",0.566119610952165,0.578084525520475
"DNAAF5",0.545568815636235,0.591850467484459
"DUS2",-2.26656292275797,0.0355606712327993
"CHTF8",-0.389898989615493,0.701043212200046
"RASIP1",1.27875596687061,0.21671984503684
"LIME1",-3.00963365396981,0.00733361028829331
"ZSCAN32",0.688330115929425,0.499746819200555
"UBE2R2",-1.18779446234563,0.24987232432957
"CHCHD3",-1.92842920560387,0.0692189187710705
"TMEM161A",0.713924827562062,0.484143405746618
"HAUS4",0.761661897449521,0.45581848990768
"TRMT10C",-2.308100866365,0.0326781970118502
"EXD3",-0.0740675405244375,0.941747982593407
"RHBDL2",0.467132934745427,0.64583448967159
"KANSL2",-0.551467077384154,0.587882870159982
"DUSP23",1.7601708987213,0.0948262160125845
"SOHLH2",-0.812520551973791,0.426778280469977
"SARS2",-1.6428837972365,0.117217229995834
"COMMD4",1.11314013114324,0.279837948258282
"OCIAD1",0.146641874003708,0.884993574874163
"RNF125",-1.00997530564432,0.32547554069672
"ABITRAM",-1.94462157154251,0.0671116252153606
"DNAJC28",0.235144705030237,0.816667693662948
"SLC41A3",0.78963330211056,0.439700121072804
"LPCAT2",0.378313315242225,0.709484189558816
"MRPL16",-1.81739921087149,0.0853148800191579
"SDHAF2",-0.920789808575904,0.368957872462993
"COMMD8",-2.53681299576104,0.0203322828803304
"TRNAU1AP",2.28658684473223,0.0341430139704253
"ODR4",-0.47383924058372,0.641133058939355
"PARP16",0.902379625738866,0.378401355320734
"TXNL4B",-1.08318060208572,0.29258075979861
"TMEM160",1.0390024119547,0.312132075929684
"ODAM",1.98741983698935,0.0618144159541136
"GEMIN8",-0.535004873050575,0.59898962911424
"SSH3",0.433862858685587,0.669382274276085
"TIPIN",-1.22814836272867,0.234717374870313
"UCKL1",1.40547082283364,0.176377000210458
"C1orf56",-1.09826130660538,0.286114565839495
"PIGX",-1.47190387482297,0.157777532951967
"TMEM70",-1.00528695272878,0.327667888075083
"HPF1",-0.161277980857043,0.873614623393252
"TTC12",2.84010194973008,0.0106235380953053
"BANP",0.536011216875797,0.598307718677623
"TMEM132A",0.389018092330957,0.701683623366776
"INTS11",0.352048766563212,0.728761789921947
"THG1L",-1.08311059647119,0.292611022094304
"SLC25A38",1.95426293566534,0.0658841878869663
"SLC35F6",-0.884838296343836,0.387547753269856
"NMRK1",-2.5207771719136,0.0210298484970689
"CLN6",1.52721741730843,0.143545731857414
"PINX1",-1.23648163789898,0.231677305744909
"HCFC1R1",-2.6594062759257,0.0156778639510272
"ULK4",-0.321732736116282,0.751245412389904
"CZIB",0.362728246097225,0.720899993287875
"ZNF770",-0.962268719815798,0.348267696753306
"C1orf159",2.56390230669662,0.0192032214764411
"ZSCAN2",0.850179877391932,0.406044285298782
"GID8",-0.11289468028863,0.911324491616184
"OXSM",-0.486674380388205,0.632178473799007
"TESC",0.232976671068585,0.81832594136403
"AURKAIP1",-1.16033268850497,0.260601328907486
"TUG1",-0.387052781995504,0.703113227723356
"TTC22",2.30483836606674,0.0328965232085883
"PAK1IP1",-1.03947216517551,0.311919387022675
"LAMTOR1",-0.0156913204346786,0.987647865439112
"RMND1",0.126370095964164,0.900795995719991
"TRMT61B",-0.632616291350324,0.534690365063012
"FAM118A",-0.869037996930678,0.395910209234894
"HERC6",2.35007712225493,0.0299863795151466
"PARPBP",-2.86060364066533,0.0101605630601711
"PIH1D1",0.339970579596716,0.737690574358936
"PPP2R3C",-0.518992436250886,0.609890798266553
"MCUB",-0.800047392895013,0.433790544448063
"STX17",-0.541373303205933,0.594680751235518
"PRPF39",-1.08304091754747,0.292641145425525
"C14orf119",0.2406878433457,0.812432011084636
"TTC38",-0.401219994971992,0.692833466481847
"PID1",4.54597410519298,0.000232381926104187
"PHIP",-0.0383663698316225,0.969804672214945
"BANK1",0.707932176534835,0.487770921251998
"TMEM255A",0.0285982280871832,0.977489867598698
"HEATR3",-0.661052883695831,0.516689591584199
"FBXO34",1.11259784689665,0.280064918820538
"USP47",0.54992156768033,0.588921203995983
"SLC35A5",-2.10018305396647,0.0496071087123921
"FKBP14",-0.699516068091009,0.492892128544529
"MOCOS",-0.202851068402073,0.841455548118324
"NOL8",-1.99833042192056,0.0605252654148422
"PTCD3",-0.387650049217212,0.702678643601654
"CDCA4",-2.44007174474053,0.0248956636352952
"EPN3",1.07996864753554,0.293971578391567
"PLEKHB2",-0.0917404639233465,0.927885809587879
"VPS37C",-0.265808894551278,0.793312477373234
"REX1BD",-0.532547768149367,0.600656192723466
"NRDE2",0.508816998913862,0.616867412419648
"MRPL20",0.916209535467735,0.37129237802304
"ATG16L1",0.118502162253334,0.90694113758034
"ZWILCH",-1.82345213034193,0.0843593472991723
"CRYBG2",1.2820691095009,0.215580075168923
"SUSD4",1.06072648119489,0.302404168901164
"WIPI1",0.973196333715496,0.342952126799318
"ZCWPW1",0.53855790955249,0.596583755613004
"SPATA6L",1.13245415944333,0.271842207369647
"SLC52A1",0.432135756835087,0.670614615887939
"PDPR",0.316812122856624,0.754917035237467
"TMEM248",1.40359036157755,0.176928234146604
"DET1",1.27780123728866,0.217049155551523
"C9orf40",-1.56758396867683,0.133845795342529
"RNF31",2.20992293182938,0.0398696640985345
"OXR1",-0.345767843589263,0.733400079258133
"UACA",0.55089876212845,0.588264580032925
"TMEM45A",-1.08924303921727,0.289968689064771
"TAPBPL",1.09065785918329,0.289361549631002
"IFT57",0.392462565463247,0.69918080536383
"ARGLU1",0.167269885057219,0.868964175514302
"KIF26B",2.64409411863328,0.0161983896402726
"SOBP",0.517871455564667,0.610657518173307
"RADX",0.615508720536828,0.545682664307036
"SLC38A4",-0.386124885840569,0.703788592669135
"MED9",-1.68659660072427,0.108393638449318
"TMEM51",0.879407065882465,0.390409056025551
"GPATCH1",-1.68400959356362,0.108899558201354
"SAMD4B",-0.912846392553465,0.373012830881147
"EBLN2",0.705227384741836,0.489413392687088
"WDR70",-1.0700217640866,0.298309126004922
"DMAC2",-0.526163168371464,0.604997203021752
"ATG2B",-0.925893596800158,0.366368202185529
"RALGPS2",-1.22671578111134,0.235243062733184
"GPATCH2",0.426378321146093,0.674729644770557
"SLFN12",0.459659763394009,0.651091622854975
"ANO1",-1.78975765130347,0.0897996781983764
"BSDC1",1.09766682872508,0.286367468589273
"AGGF1",-1.18830965252952,0.249674281732761
"MAGOHB",-2.12358487721843,0.0473652593658599
"PLEKHJ1",-1.09983580315902,0.285445532747487
"XKR8",1.39077329671542,0.180722471812058
"ARHGAP17",0.704101493847513,0.490098033422097
"TMEM39B",-0.6448935482497,0.526876848026686
"SLC6A15",-2.19555653482826,0.0410363485731201
"CRTAC1",1.35282066616261,0.192341775471561
"PRPF38B",1.23130336363318,0.233562818109695
"FANCL",-0.78065103227927,0.444837169657414
"AKIRIN2",0.218890555599469,0.829120978314734
"CEP192",-0.214837804797063,0.832233429807876
"HEATR1",0.873723647340824,0.393418057329769
"TRIM68",1.1158292826412,0.278714415175543
"ANO10",-0.822543944584218,0.421195373418785
"RBM28",0.45867818411,0.651783537537769
"LARP1B",-1.61762025633314,0.122589799286687
"SRBD1",-1.45221024345746,0.163116129842653
"WRAP53",-2.65677609468751,0.0157661292085099
"FIGN",-0.999246295535022,0.330507855809796
"FAM90A1",1.13693202597908,0.270012828497162
"ANKZF1",1.10483954404543,0.283326950412645
"ELP3",-1.90972296791065,0.0717263805602036
"HAUS2",-1.16635930920821,0.258217700705383
"CDCA8",-1.03950212520787,0.311905825606993
"LRRC8D",0.966269701992944,0.346314936259373
"THAP1",-2.10753438135507,0.0488927002724201
"ZDHHC4",0.950251020623378,0.354178646222057
"RBM23",1.15890535278569,0.261168269525665
"UBR7",-1.04878738668781,0.307723103797349
"MTPAP",-1.96784343607276,0.0641892134793621
"C19orf73",1.37400631266346,0.185784395611724
"TMEM38B",-2.36385646011541,0.0291486511706101
"DALRD3",0.697686446452803,0.49400956904554
"SDAD1",-1.4306836553643,0.169119243618997
"ARMC1",-2.23262825923838,0.0380877134874715
"DARS2",-2.30635510157366,0.0327948559863214
"RFWD3",-1.9727013996995,0.06359241391578
"ARHGEF10L",1.61261884623732,0.123677742681377
"TMEM33",-0.97989811538269,0.339720041967401
"PNPO",0.455860632190117,0.65377143004256
"SHQ1",0.324999771871621,0.74881099941941
"CEP55",-3.72400266958176,0.00148406805329516
"CENPQ",-2.00422232625861,0.0598391683087576
"MSL2",-2.01736223647284,0.0583341319982038
"MRPS18A",-1.18159142045836,0.252266144692979
"PRMT6",1.4569001499588,0.161831581129817
"TBCCD1",-1.32320655170766,0.201814859513719
"MRPS10",-2.52218541350114,0.0209676975411966
"INTS10",-0.715974980227426,0.482906035833549
"KLHL11",-1.91981296996434,0.0703640434242041
"SEC61A2",-0.560685298917775,0.581708815387873
"RMDN3",0.576426036615976,0.571242624397525
"MRM3",-0.0259672046480033,0.979560273813627
"FAIM",-0.904630097674301,0.377238403560925
"LINS1",0.577158073046074,0.570758253606806
"SMG8",-0.363648297837798,0.720224165401822
"RNF220",1.52229192461261,0.144768330641344
"RIF1",-0.684083118649341,0.50236363944894
"DZANK1",1.32809692018156,0.200225583395614
"SLC25A36",-0.30052266140414,0.767114155242555
"VPS13D",0.0232373006164306,0.981708648560982
"RIC8B",-1.45928269489838,0.161182182069775
"NUDT11",-2.1263729417712,0.0471043999041958
"NADSYN1",0.97833102506111,0.340473907263886
"DNAJC17",0.693173825096458,0.496771912531333
"PBRM1",0.165029526108405,0.87070240244858
"EVA1B",-0.30028955524529,0.767289161868613
"RESF1",-2.15034198771236,0.0449151515669006
"RPRD1A",-0.785792666794897,0.441892095779062
"APPL2",0.357706585120007,0.724592822331966
"PLEKHG6",1.60421254137861,0.125524708492952
"MAP1S",0.0828975553562893,0.934819278551594
"LGI2",0.822070665182115,0.421457936979543
"GOLPH3L",-0.138800072783079,0.891100989880909
"ZNF532",-2.35064032436185,0.0299517048925397
"SBNO1",-2.82765726376804,0.0109143874341844
"ARL8B",-3.10163286412109,0.00598652284421971
"DCUN1D2",0.471581054474757,0.642714425793859
"ATAD3A",0.350231446039122,0.730102735995142
"BBS7",-1.40433098211104,0.176710964835195
"RCBTB1",0.453550373712571,0.655403394566864
"P3H2",-1.04995365558816,0.30720058832901
"FANCI",-1.73940389297758,0.0984984375322759
"NKAPD1",1.11436076282709,0.279327553564992
"TMLHE",-2.13676038102381,0.0461439871262966
"EXD2",1.39623790483203,0.179096857394075
"MACO1",0.00762151171170494,0.994000183144547
"LRRC20",-0.697094852140624,0.494371198653018
"TRIM62",-0.250776569075921,0.804738218913076
"ETNK2",0.675927584831888,0.507410660233873
"RAVER2",1.2641889598109,0.221786834743685
"NAT10",-1.02282945667453,0.319517787511083
"LRRC1",0.453409216464041,0.655503165798676
"PNMA8A",-0.121724998930081,0.904423232880714
"PANK4",1.4617830107959,0.160502974508214
"USP40",0.698082527228316,0.493767538541238
"CCDC87",1.0925318878518,0.288558778059182
"MOB1A",-1.66608000447247,0.112461705629538
"SMU1",-0.637791035764137,0.531389342379554
"UBA6",-1.05773293069378,0.303731558333534
"SLC38A7",-1.68223894827355,0.10924699237073
"OGFOD1",-1.57109237302723,0.133029252184572
"STEAP3",-1.33651006833812,0.19751462790573
"KIRREL1",-0.100467520083456,0.921048981013704
"SLC47A1",-0.496326037350927,0.625483036398676
"UQCC1",-1.3034705751589,0.208329950776151
"CCDC25",-2.11901505941841,0.047795667322206
"NEIL3",-4.12947000263356,0.000593446667631385
"YY1AP1",0.0606691585702822,0.952270310568814
"ELP2",0.205748924566381,0.839223838677924
"PCMTD2",0.462440116358521,0.649133520557338
"ASXL2",-2.63820141400125,0.0164030499857351
"TYW1",1.67773408600123,0.110135209002615
"TMEM39A",-0.725480213673431,0.47719350500369
"WDR41",-1.79406086339901,0.0890882599030994
"ADI1",-0.880466919044813,0.389849611126629
"MRGBP",-1.30621988563663,0.207412592323687
"THNSL2",0.479981804879991,0.636840459682651
"TMEM143",0.153803405656638,0.879422417568621
"TMEM19",-2.22133169905242,0.0389649315994175
"ECHDC2",2.03956543091159,0.0558681473980673
"PSPC1",-0.244080615981903,0.809842407736647
"NUDT15",-2.69060245789485,0.0146661842635923
"IMP3",0.112221822561983,0.911850661990518
"PHF10",-2.16328890515807,0.0437716004933413
"VPS53",0.886155949351629,0.386855672400368
"PGM2",-2.13756914702316,0.0460699626870281
"FGGY",0.63934957677335,0.530397328518867
"QRSL1",-0.60597664257733,0.551859668068248
"ZNF654",-0.0523254686773294,0.958827651792148
"CWF19L1",-1.96027538663739,0.0651289135614596
"TMEM140",2.56734094854497,0.0190642123991735
"MCOLN3",0.252397538588212,0.803503930498825
"UBE2W",-0.367598056065173,0.717325547741014
"RBM41",-1.20014704622983,0.245156551253935
"TMEM40",0.252318143174139,0.803564373871172
"RHOT1",-0.208406316204445,0.837178545668689
"ACOXL",2.72575625077473,0.0136007452543657
"BRF2",-1.59799079336494,0.12690662951206
"PPP6R3",0.488497536859827,0.6309112070355
"UEVLD",-0.799325385684929,0.434198645192955
"FBXW7",-1.03937672098344,0.31196259266299
"KLHL26",-0.618098362541841,0.544010949286509
"TBC1D19",-0.925837105341619,0.3663967987397
"CCDC91",-4.32363891059492,0.00038295496315755
"RNF121",0.939681103484379,0.359433892689989
"BRIX1",-1.74148652579609,0.0981247021353923
"PI4K2B",-1.725182921068,0.101083440950706
"GIMAP4",1.50826381200476,0.148297733081231
"SPTLC3",-0.0831542927820327,0.93461789992286
"DDX19A",-0.292080517306369,0.773460301396494
"ZNF444",2.70313606067736,0.0142774977771158
"RFK",-1.60702181510492,0.124904906193469
"CPPED1",-1.63713286020109,0.11842233934358
"TMEM144",1.93830436606375,0.067926866323078
"RSAD1",0.397647674889904,0.695419880176394
"AP5S1",-0.554453465898146,0.585879097451236
"TMA16",-1.60271203294312,0.125856822582232
"MIS18BP1",-2.07117678058761,0.0525192304681268
"TMEM74B",0.00117904601452024,0.999071820543999
"C5orf22",-1.69052784442579,0.107628690021575
"LARP6",-0.868219431699903,0.396346635520553
"ABCF3",-0.380303559725207,0.708031370607054
"UFSP2",0.665933588737823,0.513634518093282
"AGPAT5",-0.199536842804879,0.844009604126257
"LIN7C",-1.62306406193525,0.121414828273794
"RNLS",-1.22453004139865,0.23604686004309
"MNS1",-0.590794873933317,0.561774014933252
"BLOC1S4",-0.984354587313456,0.337582543808411
"ACER3",-1.26640567177235,0.221009898537564
"SYNJ2BP",1.11657720439529,0.278402522969039
"SLC39A9",0.147432069476582,0.884378551784528
"FBXL8",2.24330458129976,0.0372753865140269
"WDR33",0.00446029850681022,0.996488734166376
"GIMAP5",1.59836955300535,0.126822137930998
"LSG1",-0.802849813909349,0.432208804572327
"SLC35C1",-0.119155348285931,0.906430740403034
"PLCXD1",1.5925624187703,0.128122776874814
"ZGRF1",-1.16985056595514,0.256844353640229
"TCP11L1",-1.67787086756617,0.110108149395437
"ABHD10",-1.77811303619731,0.0917496519116362
"CHDH",1.80420803858304,0.0874301212294293
"STK32B",1.54031768206944,0.140335658489294
"COPRS",-0.460424837099664,0.650552548328669
"LAPTM4B",-0.764360503689394,0.454247899955162
"HJURP",-1.71140194433985,0.103644032835192
"SLC22A15",0.75796253823836,0.457976884183779
"TBC1D2",0.45776099875197,0.652430354420194
"STYK1",0.0197198034541433,0.984477051224754
"PI4K2A",-1.84881783760612,0.0804562491756807
"TMEM63B",0.510374822822773,0.615796863675072
"IMPACT",-0.3765643465122,0.710761829280944
"LGR4",-1.12529620151757,0.274785551831781
"PIDD1",1.59022759201201,0.128648867720809
"TMCO6",-1.36796579354521,0.187635584536412
"LRRC59",-0.811366191276217,0.427424231698031
"MCM10",-2.70984745246002,0.0140734248220386
"NCBP3",0.375497431859186,0.711541653976073
"ZNF331",0.143755259246744,0.887240912718146
"GPALPP1",-1.30276262980872,0.208566684461538
"YOD1",-1.11812863939098,0.277756376022296
"AP1AR",-1.90994336117955,0.0716963753724683
"STRADB",0.323232538401208,0.750127508729878
"CAMK2N1",0.650110651047703,0.523575758462458
"CSGALNACT2",-0.532072370414402,0.600978899205123
"DNAJA4",-0.658072284486884,0.518560297288068
"NDUFAF7",-1.18942930454302,0.249244289210567
"PARL",-0.831873528632206,0.416040785080675
"ETNK1",0.0926407783798848,0.927180221725443
"CHST12",1.49244661342052,0.152362240141712
"HES6",0.591836277052024,0.561090965745489
"TRPV6",1.11938459713369,0.277234100416963
"TNFRSF19",1.07807609181663,0.294793323346561
"NOP10",-0.416102846404806,0.6821000220549
"SLC35E3",-1.92592553914634,0.0695499457431815
"BATF3",-1.12072178143408,0.276678843861634
"DDX43",0.210503477411705,0.835565280450573
"ELAC1",0.469309933926964,0.644306620113717
"TRIM36",-0.659437801859061,0.517702791161954
"DHTKD1",-0.602000049611452,0.55444754232262
"FEM1A",-1.38536855004581,0.18234191977052
"PIP4P2",-0.526785481052772,0.604573411638933
"MAML3",1.00588763079128,0.327386423535458
"CDCA7L",1.00940365061689,0.325742301602613
"IL17RB",1.25141694617502,0.226304593838466
"RBM38",0.767282621770302,0.452550954705808
"ZNF823",0.226505432486628,0.823280753574577
"SOX6",2.72325024631067,0.013674184115386
"ENOSF1",-1.03437882513097,0.314231004383657
"PLXNA3",1.05009520271696,0.307137215228367
"HAUS7",-0.0766444661979561,0.939725411254936
"CDC42BPG",2.25106206067629,0.0366951810300366
"ZNF821",2.2436485130811,0.037249484914328
"DNAH3",0.107081972133344,0.915871354181691
"GALNT10",0.29401580005086,0.772004039099417
"CNOT11",-0.723717967261492,0.478249562663999
"FOXRED1",1.91534828527487,0.0709640017849263
"CDV3",-0.718772368743836,0.481220674485315
"NAGK",-0.500012674955325,0.622934341139626
"SUPT20H",-0.70089223939278,0.492052599517749
"KIF27",0.0926669716419603,0.927159694658648
"CHRNA9",0.0710181848400229,0.944141877989989
"UBE2Q1",-0.57834931118367,0.569970493026085
"MED29",-0.739497989529946,0.46884245657112
"BMP2K",-0.718487474508748,0.481392157969875
"VEZT",-0.137587480716228,0.892046025438186
"OTUD5",0.341844565431006,0.736302680843355
"ZCCHC8",0.375617339365928,0.711453995378774
"RNPC3",1.56184315453251,0.135190952671827
"ITLN1",0.753155796370711,0.460790634943342
"DDX60",1.2878339437411,0.213608032488225
"CDKN2AIP",-0.603114451947872,0.553721667501071
"TENT5A",0.223484844538913,0.825596144541782
"CARMIL1",0.220564032192874,0.827836616840963
"KIF21A",-3.08061281123974,0.00627130665731929
"PPP1R9A",0.699510209079366,0.492895704591742
"ANKRD10",0.649477341840094,0.523975867779318
"ZNF280C",-1.59433720304348,0.127724088238426
"VPS50",0.769285661431757,0.451389982869189
"OTUB1",0.27992421720063,0.782627223142223
"FERMT1",-0.741551667314022,0.467626371916217
"KIF16B",-1.67819292489165,0.110044458976605
"PRR5",0.536454626273772,0.598007380330595
"ASAP3",1.19722529105901,0.246265829197306
"TASP1",0.710430836148147,0.486256487289522
"DOCK10",-0.167232040466889,0.868993532325365
"STAP2",2.41075027964708,0.0264581736580667
"TRMT1",-1.86701601549941,0.0777546428491293
"TTC27",-1.14582374155177,0.266407343820617
"THUMPD1",0.58913313058569,0.562864841361874
"POMGNT1",-0.807156657395321,0.429784998577269
"ZDHHC7",0.72386460873179,0.478161632433218
"AMBRA1",-0.32230346936049,0.750819939690243
"SMPD4",-1.71722042635228,0.102556194363852
"ZNF407",0.330323021591086,0.744850219862681
"PNRC2",-0.369098592024353,0.71622549721362
"SLC39A4",0.304380194981099,0.76421994934699
"LRRC40",-0.518667134752195,0.610113247854353
"G2E3",-1.7045846960131,0.104931210660546
"TBC1D22B",2.04063339001146,0.0557519364506128
"DEPDC1",-2.3368680757945,0.0308103933650333
"CHD7",-0.966706410349216,0.346102249553689
"SYBU",0.969466349408661,0.344760181029566
"FLVCR2",0.353127750725333,0.72796606451143
"BTBD2",-1.85468447375209,0.0795764400679314
"OSGEP",0.185555060523575,0.854803670474394
"LYAR",-1.96895833398867,0.0640518080280725
"RAB20",1.32410123774515,0.201523362050698
"PIGV",-1.34610111710984,0.194459665337561
"NHP2",0.363039157306485,0.720671585716726
"SLC48A1",-0.996572303987882,0.331770502076055
"BCAS4",-0.456123188400998,0.653586073726357
"TMEM127",0.637798047815811,0.531384876917963
"NLRP2",1.91689024653812,0.0707562841054577
"INTS8",-1.74120778279214,0.0981746523655373
"ZNF692",2.141552245824,0.0457069746823863
"RNF126",-2.68720639448089,0.0147732253014773
"ZNF416",1.1803906614456,0.252731522913999
"DDX27",-0.775906079104273,0.447565752739595
"HIF1AN",-0.606490456587998,0.551525758873331
"ZNF446",0.870648326885873,0.395052562932418
"CDC37L1",-2.70434497702203,0.0142405311370695
"URGCP",1.97830771466221,0.0629098459245123
"NPLOC4",-0.385631225602142,0.704148004143461
"DENND4C",-1.80181881538231,0.0878180988582729
"GPATCH2L",-0.959337046029421,0.349703359630412
"MFN1",-1.86991898798227,0.0773311519918119
"PEX26",-0.240273704648652,0.8127482637308
"PPP4R3A",-0.142239773130483,0.888421169772126
"NBPF1",1.84202132079368,0.0814861867088903
"SLC30A6",-2.01775358420695,0.0582898333515591
"IWS1",-1.49812086523343,0.150893706146296
"LIMS2",-0.648450723934909,0.524624820233816
"RUFY2",-2.17294917580035,0.0429357344904604
"SCYL2",-0.881732523978903,0.389182251416198
"KANSL3",1.00980075972146,0.325556975654689
"RABL6",0.252477724633723,0.80344288651341
"MREG",1.1438747270982,0.267194563283714
"TRMU",0.402788434114992,0.691699113793528
"YEATS2",-0.920911092556717,0.368896190152842
"PACS1",1.96953088597341,0.0639813460721542
"FRMD4A",0.0125439973113276,0.990125269466283
"LUC7L",1.02018668687158,0.320736336681593
"KDM4D",-0.626473672903489,0.538623295169017
"NSUN5",1.61301220044913,0.123591882931304
"RBM22",-0.421578764002582,0.678168118567532
"VAC14",-1.17146639797106,0.256210598211446
"RADIL",0.874431481727438,0.393042478045811
"IARS2",-0.0642073345009537,0.949490671036081
"MAP7D1",-1.65283053548751,0.115157478063534
"ARHGEF40",0.0869446863418499,0.931645341261945
"YJU2",-1.17877117387689,0.253360212730862
"POLR3B",-0.563722623492259,0.579681724009656
"CCDC88A",-3.38379489778895,0.00319257082283344
"IPO9",1.73951591924643,0.0984783027954154
"NDC1",-0.0719279469844024,0.94342761137293
"NECAP2",1.71378329906732,0.10319761480116
"KBTBD4",-0.423959849794721,0.6764613606685
"FAR2",-0.795031408472516,0.436630689883188
"ZNF334",1.68629454466743,0.108452605143255
"TENM3",0.11154858895492,0.912377168177624
"WDR11",-1.0999878227796,0.285380997398865
"POLR3E",-0.458747150436374,0.651734912602344
"TSR1",-0.656647672334111,0.519455759423526
"IQCC",0.293077276507371,0.772710151457411
"CEP72",-1.96998555166254,0.0639254412934783
"ASF1B",-0.938936148525492,0.359806267011495
"INTS13",-1.92589520885867,0.0695539645242747
"BTBD7",-1.33474017770532,0.198082510506579
"N4BP2",-0.919093891696511,0.369821104982624
"ATF7IP",-2.11575875171894,0.0481045283229008
"FAM222B",1.19949030701379,0.245405558791121
"HHAT",0.279726638557106,0.782776489178878
"ZFP64",-2.05421211362204,0.0542932334203344
"DNAJC11",1.30962069169341,0.206282241367643
"VPS35",-3.10989533220354,0.00587806245525185
"ARFGAP1",0.886425675519225,0.386714102763838
"NAXD",0.897906303829915,0.380720071577344
"ENAH",-0.496902117760184,0.625084452147199
"EDEM2",-0.194846182313676,0.847627418208793
"PARVA",-0.266917934828153,0.792471384185141
"CHFR",0.337986885596882,0.73916072808059
"COA1",-0.745855078141095,0.465084253772487
"AP5M1",-0.0851866753124868,0.933023909163562
"NUP133",1.00229190418728,0.329073838106544
"CNDP2",0.424643969306583,0.67597131709311
"CCAR1",-1.94832523130849,0.0666377253491808
"AGK",-0.573305310805078,0.573309905459967
"TMEM184C",-1.29011106428231,0.212832963092303
"OGDHL",-1.50044890668232,0.150294579214116
"TMEM30A",-2.32562932508583,0.0315279958123358
"CDK5RAP2",-1.35987758340053,0.190137348496375
"INTS9",0.170568116427387,0.866406426849226
"UGGT2",-0.575434546503507,0.571899006841139
"RCOR3",0.426230975802873,0.674835096347572
"WDR12",-0.879105217812906,0.390568483494548
"DHX32",-1.0842134285142,0.292134549927608
"TTC17",1.47979045560742,0.15568015439308
"ZNF701",1.06965612978751,0.298469445717662
"EXOC1",-1.48338082570492,0.154732933003951
"IFT122",-0.254604202544877,0.801824517437818
"INAVA",1.98863196794167,0.0616699913433616
"NGLY1",-1.05637870199028,0.304333420004636
"ZNF83",0.943138030247072,0.357709338776011
"EXOC2",1.47592051049003,0.156706460709734
"PRR11",-0.516910624521677,0.611315068280831
"TBC1D23",-0.863315090177775,0.398968014054213
"TDP1",-1.71738826393758,0.102524961353865
"SAYSD1",0.440829032526796,0.664421495611084
"ZNF839",0.666514120828108,0.513271812728309
"CFAP44",1.4339545069939,0.16819570398988
"ERMARD",-0.221843604062064,0.826854905650008
"RIOK2",-2.14711533729037,0.0452043596369353
"CMTR2",-1.54181930591346,0.139971546919556
"MCTP2",-0.587711866951394,0.563798685508468
"FGD6",-0.18081888257945,0.858466838670004
"ZNF415",1.50533529960488,0.149043436743568
"TXLNG",-1.79267107330118,0.0893174848924459
"LMBRD1",1.55622806260027,0.136517565461171
"DEPDC1B",-3.26368745212156,0.00417631590561498
"CSGALNACT1",-1.25260184430874,0.225882498843761
"LRIF1",-0.179717060716261,0.859319512558932
"MINDY1",-0.095710680855747,0.924774769829511
"DDX28",-1.04217915173747,0.310695766531629
"PCID2",-0.185132169077736,0.85513061691691
"MBNL3",0.293615802006955,0.772304958714113
"METTL2B",-1.71758353646007,0.102488633261078
"CACNA2D3",1.01687102693496,0.322269790679317
"SCN3B",1.77363983959727,0.092508450048075
"DCP1A",2.06094705653877,0.053582580472557
"ADAP2",-0.235464587859938,0.816423102297668
"LRP2BP",0.124942663553136,0.901910406307023
"ST6GALNAC1",1.1726819784638,0.255734603170718
"TRERF1",-1.34631635397684,0.19439154031554
"FOXJ2",-0.588723753524886,0.563133740536052
"ADCY10",-1.10200002637897,0.284527782738148
"SPATA7",-0.437092796735618,0.667080198432529
"UTP6",0.120655938336487,0.905258343620551
"BDP1",-0.755586834920976,0.459366257798535
"DOK5",0.893538781276268,0.3829930412908
"KDM3A",-0.704516288760135,0.48984573675602
"RNF130",0.971619046228392,0.343715891714184
"VPS11",0.594018515296917,0.559661062916972
"PAG1",0.704689042797066,0.48974068240455
"PECR",0.704966796373379,0.489571803757067
"DCAF6",-0.609976617895012,0.549263070280361
"SELENOS",0.138100384937367,0.891646272377133
"GLT8D1",0.447580875347605,0.659628482774545
"EMC3",-1.36588143744721,0.188277769175484
"CAND1",-0.971442464008744,0.343801470680415
"UBAP2",0.877544729383478,0.391393371255989
"EAPP",-0.882363340152702,0.388849900075093
"CENPN",-3.09116147682057,0.00612678155469565
"EAF2",0.0843971629573455,0.933643086890301
"WWC3",0.395815197678454,0.69674811399142
"ARHGAP15",1.90992524209317,0.0716988417548911
"PPP2R2D",0.0513199357201318,0.959618117606781
"BRK1",-0.0371409408417475,0.970768641678169
"ITFG2",0.0845932158733807,0.933489327657887
"CISD1",-1.65723982487383,0.114254307938255
"PLGRKT",-2.09826656238697,0.0497949047567371
"USE1",-0.225705636611017,0.823893665192005
"PSENEN",-1.46324748330506,0.160106240471141
"TEX2",-0.263056042976238,0.795401355652148
"ZC3H15",-0.920063190906626,0.369327559292442
"ACOT13",-1.33234405647347,0.198853381976297
"KIZ",-0.527977181089521,0.603762273351982
"TMEM165",-0.405510349017878,0.689732302908732
"BEX1",-0.176134442894962,0.862093238177422
"ACTR10",-0.679761231763946,0.50503463819192
"DBNDD2",0.93638292122308,0.361084515941197
"ECHDC1",-0.740263803157698,0.468388758939049
"TMEM126B",-0.616545735005379,0.54501289998859
"HDAC8",-1.8201814773351,0.0848744932615584
"ASH1L",-1.70320804515459,0.10519279844262
"PBK",-3.15811340510147,0.00528227749551167
"GSDMB",1.41237382029086,0.1743653394272
"WSB2",-2.30893991554238,0.0326222652253077
"LMO3",0.915770963691018,0.371516431684451
"ZKSCAN7",-0.033232388627451,0.973843560285363
"GOLGA6B",2.17665204346276,0.0426192262127284
"GPRC5C",0.399639706303487,0.693977143678962
"MYNN",-1.51502388470014,0.1465881480209
"ZNF395",0.651132096379311,0.522930791820688
"MESP1",0.5108240197142,0.615488336220362
"UNC45A",0.722189873311646,0.479166418539996
"ZNF302",-0.759755925629049,0.456929756427817
"THSD1",0.642587651626394,0.528339547188329
"ACSS2",1.6085850343853,0.124561136706286
"KMT2E",1.3456837682422,0.194591815218326
"RNF114",0.583718562650662,0.56642681131092
"ZC4H2",-1.04072435766843,0.311352940357365
"CMAS",-0.973423910763992,0.342842024858249
"BIN3",-0.815058296536273,0.425360389320823
"APOBR",1.29629640560183,0.210738733410992
"ERBIN",-1.58763356980259,0.12923548996167
"LANCL2",0.135829635713065,0.89341629909801
"NXT2",-1.09981106716306,0.285456034679087
"CTTNBP2NL",0.866990997799998,0.397002177020382
"RCC2",1.51183171086525,0.147393388321618
"NKRF",-2.17664616932524,0.0426197266196276
"INKA2",0.254361126811216,0.80200946528647
"DMAP1",-0.811702560937902,0.427235944080323
"MYO5C",0.386226632235105,0.703714524664534
"APOM",2.13552401624396,0.0462573580438605
"ZMAT5",0.0118080302407328,0.990704599108976
"LIN37",-1.07065009091995,0.29803376886605
"KLHL9",0.305267099270548,0.763555030443596
"SULF2",-0.210768050268101,0.835361807786283
"NDUFA12",-2.07670123449462,0.0519529470409431
"NSFL1C",0.776825538612226,0.447036214873104
"RAB5IF",-0.853627315248744,0.404179251577913
"GNG12",-0.621171519594877,0.542030688985755
"BAIAP2L1",1.19352091365163,0.247677706416163
"SLC25A40",0.729915684490213,0.474541592646847
"BCAP29",-0.454639627808903,0.654633723841121
"SLC50A1",0.544923664371378,0.592285249347743
"KLHL7",-1.02227325094215,0.319773974543488
"MYDGF",-0.700393784954167,0.492356584157695
"SMG9",0.246157453310226,0.80825832817964
"PDGFC",0.754914442144706,0.459759954250262
"ALG1",0.378044422560869,0.709680561035755
"UBFD1",0.757201362415591,0.458421761733936
"KLHL4",-1.55230539996122,0.137450762697282
"TMEM234",2.90183388948633,0.00928758476086213
"PCDHGB6",-1.1486787984372,0.265257288202569
"PCDHGB5",-2.41169455573284,0.026406457175951
"PCDHGB3",-2.4474524670408,0.0245161878146237
"PCDHGB2",-1.56157288030653,0.135254559503888
"PCDHGB1",-1.43391110624847,0.168207931515201
"PCDHGA11",-2.02957969768807,0.056965356540948
"PCDHGA9",-1.84656579875042,0.0807962470711188
"PCDHGA7",-1.3774789170054,0.184726806079523
"PCDHGA6",-1.95195621936507,0.0661760200504738
"PCDHGA5",-1.42360572050367,0.171131819740058
"PCDHGA3",-1.81452360665098,0.0857721393430206
"PCDHB14",-1.70506325952844,0.104840406149119
"PCDHB13",-1.62869378599967,0.12020976618906
"PCDHB12",-1.32036455722064,0.202743015918746
"PCDHB11",-0.44697902965938,0.660055112803518
"PCDHB10",-0.818347039386645,0.423527334472558
"PCDHB9",-0.948070552508644,0.355258430083117
"PCDHB6",-1.93445774633676,0.0684275807683963
"PCDHB4",-1.25833581821367,0.223848479490869
"PCDHB3",-0.632975512968248,0.53446085265081
"PCDHB2",-0.404336574323873,0.690580175963148
"PCDHAC1",-1.69324131053593,0.10710340050142
"PCDHA12",-0.503776012798663,0.620337654554534
"PCDHA11",-0.498178461608854,0.624201785413971
"PCDHA3",-0.582725215771944,0.567081552623954
"TEX15",-1.49416581444844,0.151916061529026
"NSMCE3",-2.53930355425043,0.0202259197664347
"STK31",-1.12143437720123,0.276383278651311
"TDRD1",1.84374423079992,0.0812240092600266
"GSDMC",1.85268676505432,0.0798750785316955
"DNAH7",0.786418140295811,0.441534656935752
"MOSPD1",-0.98695552716562,0.336339362149247
"MTFR1L",-0.502581848460094,0.621161070194223
"LMOD3",-1.6855088283634,0.108606119515252
"SUSD2",0.83702656043689,0.41321108782966
"ZNF253",0.167465297139545,0.868812593538186
"KIAA1217",-1.53697618528159,0.141148728716577
"YLPM1",1.19341578878433,0.247717862746837
"RNF20",-1.02541254834637,0.318329926578316
"TMX4",-0.221281445959305,0.827286167765063
"SERTAD4",1.52837537295748,0.143259552959527
"MEPCE",-1.02749301891396,0.317375479680524
"CTNNBL1",0.843078049115007,0.409903809815857
"GPCPD1",1.87307312037888,0.0768733268572065
"LRRC8A",-0.0718842421489937,0.943461923511907
"CPXM1",-2.15200048538644,0.0447671561499623
"KYAT3",-1.11833517898542,0.277670439123224
"WDR45B",3.59441398149768,0.00198823685178466
"BEX4",1.63700053671907,0.118450191017189
"PARD3",-1.45094477471856,0.163464158966247
"IL36G",-0.584655581775011,0.565809557082975
"SLC7A10",-0.0796174451906942,0.937392510181768
"ANKRD7",1.3024351737272,0.208676255615605
"METTL3",0.840429382227842,0.411349266723305
"PRMT8",2.46493886015726,0.0236386557252581
"PPAN",-0.357668420991958,0.724620914180156
"LTB4R2",-0.17730755395624,0.861184790411795
"CTPS2",-0.675117403388825,0.507913607621058
"RPRM",-2.26649244694277,0.0355657553488478
"CCL28",0.702866727430137,0.490849520797744
"EIF4ENIF1",-0.442110021546528,0.663510993587691
"KCNQ5",-1.8058703081736,0.0871610743143175
"DNAJC12",-0.0613753908087087,0.951715433448267
"CHST7",-2.27298705814658,0.035100041246039
"CYP26B1",-2.54154586040983,0.0201306078120272
"ERO1B",0.942823615518615,0.3578659571944
"SLC2A9",-1.28270851871875,0.215360647752579
"DIABLO",-0.25071256281987,0.804786967360886
"INPP5E",-2.24288343222202,0.0373071259493767
"BCCIP",-2.28744139138283,0.0340836914252673
"EIF5A2",-2.65271614442405,0.015903303619668
"TMPRSS4",3.11827940708599,0.00576996266962905
"CLDND1",-1.42914581313095,0.169554880631825
"TWNK",0.50298395912473,0.620883744211061
"NPDC1",-0.383514575721237,0.705689850251605
"POLE4",-1.00457447255249,0.328001960935967
"TRIM39",1.03369336555198,0.31454302956373
"KCNK12",-1.62871245855729,0.120205786178615
"PANX2",-1.21022276386822,0.241360286626999
"MUC13",-0.363481956782267,0.720346334422464
"AKIP1",-0.0485153755455916,0.961823052454256
"TMEM9B",0.293491092507138,0.772398785592783
"NRIP3",-2.99357207653186,0.00759717998169952
"SAR1A",-1.98447089848329,0.0621670450831769
"CFAP298",-0.327428723679636,0.747002833012337
"JPH1",0.176295353730083,0.861968618405976
"SLC2A4RG",-1.46380863057208,0.159954435169832
"ZC3HAV1",0.231685342778901,0.819314048653556
"GPR137",0.121991798897522,0.904214836380568
"SPHK2",-0.747241607262707,0.464266975417497
"GRIPAP1",0.338747306096128,0.738597043493902
"EMC7",-1.56652438010818,0.134093226370839
"RAD18",-2.93873585489677,0.00856794861508089
"CDC42SE1",0.328488143090209,0.746214648489353
"FSTL5",-0.628286052970625,0.537461252438546
"UGGT1",-1.48943520505077,0.153146381429286
"KCMF1",-0.905078942249982,0.377006744591307
"TM9SF3",-0.994250395797619,0.332869630146973
"MDM1",-1.7840729185579,0.0907470742353855
"TCIM",-0.374728749463249,0.712103698622349
"UBQLN4",-0.601725197077878,0.554626647135598
"AGPAT3",1.47985669365221,0.155662636269338
"AGPAT4",-2.00926080992615,0.0592579924942365
"WRNIP1",1.87838793949492,0.0761072809785441
"BDH2",-0.491007830500937,0.629168236052335
"TMEM167B",1.38859924054333,0.181372499346773
"PNO1",-1.47501818709226,0.156946552528496
"SH3GLB2",0.153569291552581,0.879604441065788
"C15orf39",-0.153062837709359,0.879998232008699
"THAP10",-0.922949795292341,0.367860390965146
"SPIRE1",-3.33147949822132,0.00358937743097054
"STARD7",0.408906470154135,0.687281501015261
"MAP3K7CL",3.4777618591726,0.00258539793259111
"IFT46",2.01690484278796,0.0583859450563829
"C1GALT1",-1.51417950342707,0.146800792075667
"EXOSC5",-0.345969724413428,0.733250830679478
"SMARCAD1",-0.803490962946288,0.431847436596657
"DHX33",0.332529534972736,0.743210588301712
"MCCC1",0.731174974893127,0.473790278187915
"PAK6",1.92562357957481,0.0695899647601824
"LXN",-0.281241144956445,0.781632536642974
"NCLN",-3.79919536536451,0.00125215887416825
"GPR108",-0.581742612085499,0.567729598811805
"SPPL2B",2.48085191990627,0.0228657673758298
"FEM1C",-1.84288154361665,0.0813551927740263
"DUS3L",-0.226322198020571,0.823421162280285
"SMCO4",1.66207095795238,0.113271662452495
"PMEPA1",-0.291224261826161,0.774104892774507
"DUSP22",2.33013338059891,0.0312385666520843
"HMCES",0.00427516458967954,0.996634475563076
"CMC2",-1.83407820553882,0.0827045286752089
"ENY2",0.0653480514609941,0.948594648198539
"OLFML3",1.30021540970653,0.209420208638842
"MRPS22",-1.57926076816996,0.131144302633743
"MFF",-1.58309347210289,0.130267614657898
"SDR39U1",0.864241494633263,0.398471985737863
"XAB2",-0.799170145042657,0.434286423345663
"SMYD2",-1.10660523946341,0.282582113401544
"C5orf15",-1.72790240975999,0.10058463294177
"PRTFDC1",-2.9017848708648,0.00928857839778093
"NT5M",0.671902874768234,0.509911922141446
"NIT2",-1.60549613796288,0.125241191108213
"RGMA",1.01228168524645,0.324400838423233
"PARP6",2.12406845407002,0.0473199205367303
"FAM20C",0.010411313887033,0.991804063683962
"STOX2",0.0461455974595244,0.963686410385465
"PRDM8",-1.9194179063594,0.070416949456218
"PRDM10",0.946159511301051,0.356206638691317
"POGLUT1",-1.04610693620564,0.308926419532595
"PSMG2",-0.0896648919732826,0.929512694566421
"ADPRM",0.398954070594513,0.694473582872351
"DTWD1",-1.945347730477,0.0670184741121323
"BBX",-1.14909051597307,0.265091748568921
"CDC42SE2",-0.521968229410582,0.607857686527808
"KIF15",-1.86147065764135,0.0785692912096893
"TOMM22",-1.0114579285926,0.324784396417383
"CHPT1",-0.222671154637157,0.826220149394811
"TULP4",0.998740324427356,0.330746514498386
"SLC12A9",3.55409182572041,0.0021773550804159
"COQ8A",2.08035915047568,0.0515810385034022
"CTNNBIP1",0.270328322618308,0.789886596922692
"SDHAF3",-1.07768645285408,0.294962710617798
"YAE1",0.95666667281533,0.351014594926333
"CCDC47",-0.590919373643552,0.56169233353027
"ACKR3",-0.649108524002663,0.524208956053904
"CABP4",1.48018600857853,0.155575565642796
"AKR1B10",-3.04146094776829,0.00683726730302903
"COQ9",-0.914560962572363,0.372135056910585
"CCNL1",0.69095535670463,0.498133180898688
"CIAPIN1",-1.95591423030928,0.065675980938617
"VPS35L",1.14821206623252,0.265445040815069
"PDXP",-1.05113774834001,0.306670738138139
"SLC17A7",0.872917391643319,0.393846145806202
"RSRP1",-0.337386597779135,0.739605816696063
"ANKMY2",0.505615026335792,0.619070601342037
"RARS2",0.10345598051894,0.918709226226276
"TWSG1",-2.58107570740527,0.0185184075036475
"PLSCR2",2.04866044504755,0.0548854135064527
"PLSCR3",0.610588839478654,0.548866220743703
"UTP3",-0.690154911412588,0.498624866846471
"CHRNA10",2.78921374701274,0.0118619441786071
"PCBP4",1.60715863092754,0.124874786931731
"DDX24",0.37445886040912,0.712301076092252
"KNL1",-2.27151614298587,0.0352050216030955
"AGTRAP",-0.659235179720188,0.517829981916372
"PLSCR4",0.241676719743554,0.811677000094537
"ENTPD7",-1.07753617378933,0.295028060107345
"PCNP",-0.568797695018215,0.576302676376279
"CPA6",1.81356490447581,0.0859250612263762
"PITHD1",0.226748911653784,0.823094190101329
"PARP11",0.110750272276223,0.913001550239819
"AVEN",-2.84729714270651,0.0104587903091246
"TIGAR",-1.51039594286659,0.147756758344601
"PNPLA2",0.53113567595411,0.601614988134336
"NAT14",2.19082713012069,0.0414272123331856
"PDSS2",1.39111231989304,0.180621275172478
"REXO4",-0.955314550842103,0.351679813022798
"PLAAT1",-0.795145264953582,0.436566093814283
"RAB25",2.16424550830604,0.0436881711383793
"PGLYRP4",2.36806431189479,0.0288972028865182
"ZNF695",-1.9958983970608,0.0608105187246161
"INTS12",0.441005562340242,0.664295989768756
"CAMK1D",-0.340038871442058,0.73763998041298
"GOPC",-0.316900256032494,0.75485121969374
"LPAR5",-0.330484710080348,0.744730028621138
"NUP107",-1.8536849492301,0.0797257365393514
"CD248",0.509460959768885,0.616424770410203
"RHBG",0.595384052961171,0.558767273984738
"LYRM4",0.122608678714697,0.903733021134547
"MRPL47",-2.88208375936451,0.00969633986158481
"ATP13A1",-0.19770274489807,0.845423788409479
"CHMP1B",-1.48871739728911,0.153333780944987
"APMAP",0.491937262631027,0.628523470010378
"RGL3",2.29422284858807,0.0336162905826609
"RNPEPL1",0.122844587128394,0.903548774516555
"RTN4",-1.22075996108493,0.237438230167759
"ADCK1",-0.138468104169213,0.891359693565097
"SCYL3",0.959503821508485,0.349621579505012
"RALGAPB",-1.6517123119506,0.115387491088546
"LYRM1",-0.775917791909767,0.447559004639622
"SMIM8",2.25950542965783,0.0360731388224995
"SLURP1",-0.447447426118834,0.659723070525198
"SLC44A2",-0.0571040969150353,0.955071707706965
"SMURF1",1.10646644357348,0.28264061068327
"TMEM63C",-0.365508430344855,0.718858520350312
"PHTF2",-0.0828809984410247,0.934832265550694
"JPH2",0.649397859431022,0.524026094808725
"PELI2",0.24142937306116,0.81186583250607
"PELI1",0.401313587087881,0.692765756278613
"GJC2",1.36579162460468,0.188305479659294
"SALL4",-0.208448531940993,0.837146063394635
"ASPHD2",-0.876812399717508,0.3917808814541
"ZNFX1",0.491164885228413,0.629059262472777
"DOLPP1",0.823962185133958,0.420409191365344
"CORO1B",1.10492962551789,0.28328891583608
"VARS2",-0.42745250470896,0.673961086042586
"ZMIZ1",-2.43708953042955,0.0250505469831778
"KIAA1191",-0.491637500927183,0.628731387347907
"ACTR3B",-1.84936522017663,0.0803737991252314
"SLC39A10",-1.28439677833765,0.214782120937048
"ANKRD50",-0.742743731621954,0.466921360072787
"FAM219B",0.736701482801534,0.470501449156898
"NIPAL3",0.207047616554684,0.838224137144717
"RALGAPA2",1.6362415739807,0.118610046164992
"THOC2",-1.04831468479666,0.307935066385092
"SELENON",1.92392553367105,0.0698153896039905
"VN1R1",-0.03986447872574,0.96862626730613
"MCOLN1",-0.563897080034125,0.579565401799054
"ATP10A",-0.693244343608837,0.496728677077315
"ATP8B2",-0.599860705271981,0.555842431948153
"ATP10D",-0.18952312878537,0.851737194386595
"ZNF248",-1.49427628593229,0.151887428069237
"SLC45A4",0.0166299979915846,0.986909012580169
"ADGRG6",0.664014969029616,0.514834261579252
"SPRYD7",-1.55309883386145,0.137261577382454
"CEMIP",-2.13846213837905,0.0459883549463606
"THAP11",-1.12992740136732,0.272878529399928
"VANGL2",-0.198285569936508,0.84497434148989
"TTC7A",0.400308515767652,0.693493024557556
"ARFGEF3",1.46982055718804,0.158335427497088
"ERGIC1",-0.0509447702844785,0.95991305231316
"PPP4R3B",-1.17149813853286,0.256198160831593
"LYRM2",-0.85724821763795,0.402226358874995
"SMAGP",-0.492641664986732,0.628035015929493
"SNX14",-1.14678468077074,0.266019850566541
"ZNF630",0.819495681175644,0.422888293608572
"KAT14",0.11049251867945,0.913203157765202
"PBXIP1",0.0825864341325333,0.935063320565907
"CBX8",0.455225870125971,0.654219647329495
"RCN3",0.481377804635638,0.635866725105366
"ZNF286A",-0.016329404997813,0.987145614361365
"ZNF287",1.33047450576291,0.199456493514599
"SENP7",-0.58441493572523,0.565968047470116
"ZNF304",-0.532434803221608,0.600732867182426
"TTYH1",1.18954027431806,0.249201702770987
"MRS2",-0.0610334548570587,0.951984084755715
"CLTRN",1.75762172886269,0.0952705044344864
"CLK4",0.954044283341456,0.352305547116344
"S100A14",0.556136782880099,0.584751158411101
"RAB22A",-0.677743372930605,0.50628447755188
"CYP20A1",-1.2610217079808,0.222900597539783
"SPC25",-2.24148247802739,0.0374128864035249
"ABHD6",0.590353397827181,0.562063707361825
"NMRAL1",0.994087727124167,0.332946728333935
"MIF4GD",-0.746827682370652,0.464510869460311
"SCYL1",0.821761608618213,0.421629449896974
"AS3MT",-3.05668399287683,0.00661154803659806
"RHBDD2",2.86357314074599,0.0100951356498127
"WDR18",-1.01841807804444,0.321553654397026
"SLC24A3",0.103611004355455,0.918587874037098
"NDRG3",-0.411852024348924,0.685158725087025
"NDRG2",1.74926608590288,0.0967394537578264
"BIRC6",-1.65227232681886,0.115272250002555
"TENM2",-0.156997396249533,0.8769397861684
"GALNT16",0.0272229234641256,0.97857210344506
"REXO1",-3.02393962320853,0.00710633099026458
"KIAA1143",-1.42692644808641,0.170185182717214
"TMCC3",-1.24456048149836,0.228759029935768
"GATAD2B",0.448667052674321,0.658858828122026
"ISY1",-1.03302922965656,0.314845558295435
"MYORG",-0.00389781378744189,0.996931534591774
"AMIGO1",0.179661708308431,0.859362353173534
"STRIP2",-1.1412118899174,0.268272896593228
"TBC1D24",0.41461395276967,0.683170724092005
"SCAF4",-0.19382582606677,0.848414862360325
"HHATL",-1.83234663891472,0.0829722330429478
"PNMA8B",0.0115638251940103,0.990896830667758
"LRRC47",-1.64627539849559,0.116511413854882
"CNOT6",-0.802357027248852,0.432486680523006
"ZNF512B",-0.978550294914857,0.340368355443645
"ZNF490",0.432409578960941,0.670419171058572
"PLEKHH1",-1.40441448287713,0.176686482452471
"GRAMD1B",-1.15420848197691,0.263040390610901
"SHROOM4",1.43299365880621,0.168466577910963
"USP31",-0.603920583908925,0.5531969012099
"PLEKHG1",1.76347511386856,0.0942530060180054
"RNF150",1.17576584090447,0.254530013451644
"NLN",-3.61456869018043,0.00189990410622975
"ESYT2",0.0328345132829823,0.974156599419264
"ODF2L",0.731184857500059,0.473784384853904
"AHRR",0.0108611571442143,0.991449954959486
"ARID1B",0.255944370037582,0.800805046832395
"RIMKLB",0.559705543510608,0.582363462364118
"MRTFB",-1.94436279909022,0.0671448481919872
"KIDINS220",-0.304578019358701,0.764071622575199
"MTA3",0.831764728992041,0.416100663696435
"AARS2",0.482750910275578,0.634909623744709
"MAVS",-0.3454506898068,0.733634570070103
"ZNF608",0.968608738926733,0.345176823854337
"INTS2",-0.836750134470363,0.413362568537939
"MTUS1",1.0764744432399,0.295490057218562
"XPO5",-0.429521693347117,0.672481657653818
"COG6",0.462501338186702,0.64909043368207
"SERINC1",-0.706540619510169,0.488615535040786
"HECW2",-0.45093445104146,0.657253432401468
"RPTOR",-0.399902455749296,0.693786935810087
"SRGAP1",-2.23735691594324,0.03772593688273
"NYNRIN",3.52839161931353,0.00230707769765067
"PCDH19",-0.473964983353525,0.641045055251255
"CGN",2.17668183661776,0.0426166882717479
"HACE1",-1.74913213883964,0.0967631608404965
"NUFIP2",-0.45520500507865,0.654234382819565
"TBC1D14",-0.348032548321996,0.731726431030227
"MIB1",-1.08597108934977,0.291376329150287
"KIAA1328",0.877587178837985,0.391370916969554
"SORCS2",-0.243823056625088,0.81003891659045
"WDR35",-1.10330290406574,0.283976333635052
"KLHL42",-1.77462617070703,0.0923406696051532
"TXNDC16",1.946926078278,0.0668164018388288
"CC2D2A",-0.518747716103058,0.610058140606496
"PDP2",-0.523202585092938,0.607015314921914
"ZNF624",0.391543918419467,0.699847966844683
"IGSF9",1.6860219942528,0.108505835378158
"TAOK1",-0.636759535708363,0.532046453412263
"NCEH1",-1.16935421776498,0.257039265677874
"NLGN2",-0.424251258608653,0.676252602649565
"SEMA6A",-0.0522933289513282,0.958852916680113
"STAMBPL1",-1.597165319014,0.127090935938284
"IFT80",-2.34395170881718,0.0303659191197468
"ARRDC3",0.848313927811702,0.40705606418431
"CEP126",-0.390741651609553,0.700430813152501
"KLHL8",-1.98272280674669,0.0623769277865302
"ZNF319",-0.230401279004866,0.82029690529909
"SIPA1L2",1.64380374234276,0.117025424886101
"ARHGAP20",-1.22596657510012,0.235518343872406
"TRMT5",-0.479991288696694,0.636833842258708
"CARNS1",0.939919164277284,0.359314950529936
"DOCK6",0.153222797644913,0.879873852392926
"ZNF471",-1.18319178959164,0.251646894910756
"KIF17",-1.344478000355,0.19497401167233
"CCDC191",1.30640713511227,0.207350228581639
"FAM135A",-0.737585376836511,0.469976711201731
"ARHGAP21",-2.88355584786234,0.00966528460362497
"CRAMP1",0.560338894335576,0.581940231329338
"SYT13",-0.651852314331348,0.522476293395748
"CFAP97",0.689334429555524,0.499129150297349
"RIC1",-1.51186552035474,0.147384840592637
"WDFY1",-0.379566769646919,0.708569071604571
"MRTFA",-0.223108870918719,0.82588445747813
"ZNF687",1.11996884187943,0.2769913958307
"EBF4",1.46823701371168,0.15876056707458
"PDZD4",1.22505083808936,0.235855148536441
"BEGAIN",-1.41912751810659,0.172415168139112
"BAHCC1",-0.103486212254095,0.918685560754674
"WDR48",-0.185374231584062,0.854943469905137
"PITPNM2",-0.829496004556187,0.417350525624334
"SLAIN2",-2.49148927285475,0.0223624198349891
"DIP2B",-1.34035263119847,0.19628615151533
"RANBP10",-0.385177740999436,0.704478228615532
"FAM234B",-0.0204176209542567,0.983927825349919
"RELCH",-0.356618315041449,0.725394033398962
"TSHZ3",-1.0322777164121,0.31518813890585
"VPS18",0.342055457285143,0.736146550314674
"SHROOM3",0.699508964875571,0.49289646399335
"STIM2",-1.59535712200012,0.127495445695932
"ZBTB2",-1.91281635458281,0.0713062514710273
"LRFN1",-1.05874048781963,0.303284323941319
"ZFAT",-0.412630913410872,0.684597850864227
"SH3RF1",1.56930136174724,0.133445567990554
"LRCH2",0.191228236879716,0.850420249000352
"LRRN1",0.653953929046683,0.521151311976453
"EP400",-0.098964310922565,0.922226169381255
"CCDC146",1.22723980832638,0.235050665679685
"POGK",0.702003515042822,0.491375275648086
"USP28",1.08469995508606,0.291924528357722
"DHX37",-0.54741973750251,0.590603971033837
"PHF12",1.25943239150678,0.223461109799833
"CIP2A",-2.87719002258868,0.00980027076440997
"UVSSA",-0.458549267076641,0.651874435214663
"GRAMD1A",0.0575617712255928,0.954712036459478
"HCN3",1.0247738372334,0.318623352668212
"CALCOCO1",1.81779945243871,0.0852514055833763
"ZBTB4",0.391862603409435,0.699616495486984
"PHRF1",2.02661381940409,0.0572949550173382
"CAMSAP3",2.74567652704672,0.0130302304860511
"PLEKHA4",1.38112695395045,0.183620986032661
"RDH14",-0.0773486919185154,0.939172752851422
"EPB41L5",0.270289880020939,0.789915719301975
"BEND3",-0.647780534059638,0.525048705339438
"RNF213",0.734329288067606,0.471911470416092
"ZFP14",0.876431658950014,0.391982448888477
"GPAM",-1.41790233827297,0.17276763002123
"ALS2",0.188870638098093,0.852241266186496
"CHD8",1.0120652777744,0.324501571256323
"ZDBF2",-1.09067515730855,0.289354132252175
"ZBTB26",-0.751349911275282,0.461850454689195
"CACHD1",1.40637855493182,0.176111405918581
"TNRC6C",0.136996947283615,0.892506318802049
"KIAA1586",-1.39125092578095,0.180579915158458
"MAGEE1",-0.0468069649815632,0.963166354633996
"ZNF317",-0.361269381962645,0.72197209177036
"USP37",-1.28742070393767,0.213748923975123
"DDX55",-0.308678807517562,0.760999010512887
"SHTN1",-2.52026377223439,0.0210525498748751
"CWC22",-0.721870681012481,0.479358064868578
"GBA2",0.899245421235781,0.380024960411849
"DENND1A",0.355468419171012,0.726240968553115
"MEAK7",-0.123936786875452,0.902695830010328
"MIER1",-1.35913967313205,0.190366908975647
"ZNF529",0.0799824342565713,0.937106142366859
"SFMBT2",-0.629809856207311,0.536485292247498
"SEMA4G",-0.367617762631836,0.717311096637243
"PCDHB16",-1.73552310661067,0.0991981386296763
"PPP4R4",-2.04574083324531,0.0551991714507726
"ANO8",-0.592848740623511,0.560427315124573
"GPR107",-1.02457220843838,0.31871602142693
"METTL14",-1.23187610415602,0.233353694567616
"IGDCC4",-1.75948029776899,0.094946401425735
"EPG5",-0.739447366020123,0.468872457169542
"NCOA5",1.44833847290728,0.164182852074136
"WDR19",-0.455184132077803,0.654249124072584
"ANKRD36B",1.22162306420605,0.237119144718836
"ZFYVE28",-1.8014380277287,0.0878800722243016
"SCUBE2",1.55184051115472,0.137561711199013
"TRIB3",-1.01982525469151,0.320903243851684
"ANKRA2",-0.237404261223381,0.81494038916122
"RBAK",0.781602965144108,0.444291000142306
"SUGP1",0.733909196858987,0.472161433123095
"GATAD1",1.14094306663724,0.268381937890896
"RAB40C",-0.0403548213452042,0.968240582244051
"HES4",0.333390454039622,0.742571191733366
"POLD4",-0.866449049270744,0.397291607380808
"CCAR2",-0.704605498861085,0.489791485100979
"LSM2",-0.534280256672095,0.599480873759659
"CCNB1IP1",-0.695155928362321,0.495557496910155
"GRHL3",0.074073304033062,0.941743458485297
"SLAMF7",-1.26003490205932,0.223248491084197
"RAP2C",-2.69575180951184,0.014505289714087
"C6orf47",1.47272838055953,0.157557182868494
"CATSPERG",-0.674128820857247,0.508527686855839
"CYP4F11",-1.83155016781609,0.083095624211603
"SLC4A5",2.19929715171707,0.0407295997563154
"ZNF410",0.317731478263175,0.754230579578191
"PTBP2",0.537887493385512,0.597037350995981
"NGB",-0.167369501897662,0.868886901659377
"CTDSP1",2.17399491929796,0.0428461309193919
"CXCL16",2.99159908894628,0.00763018276073194
"SQOR",-1.65221158069196,0.115284745737004
"PLEKHB1",2.62581979252006,0.0168411051524404
"MS4A7",0.75884089784671,0.457463843261466
"TP53INP2",-0.538741605510386,0.59645949882228
"SRPRB",-1.22869718782648,0.234516221391649
"ENOPH1",-1.01301501698848,0.324059652774933
"RHOU",1.00835338474799,0.32623280558459
"TRAPPC1",-0.355023801824833,0.726568540690001
"ZBED5",0.460744124292491,0.650327635562503
"CREBZF",0.558157893567579,0.583398319685273
"PCTP",1.1576200613181,0.261679579150532
"RPRD1B",-0.520053948246862,0.609165180293264
"ZNF71",1.53767868242316,0.140977468999693
"ZNF77",0.405693052495783,0.689600365413927
"INIP",-1.58160505772209,0.130607486708165
"JAM2",-0.718094968127821,0.481628474291757
"OVOL2",1.91632473404436,0.0708324016152041
"LY6G5B",1.33801413177304,0.19703305192833
"PRUNE1",0.721663002184401,0.479482781675979
"ZNF462",-1.71126965614141,0.103668880704281
"ZNF250",0.851662781727934,0.405241366194713
"ARHGAP22",-1.65317876020974,0.115085929676526
"OSTC",-1.64281321270666,0.117231957628877
"SCAF1",-0.202864072373018,0.841445530348252
"KMT2C",1.09128709687647,0.289091823764089
"CACTIN",-1.38924601285025,0.181178923040322
"DLGAP3",0.0297647856034875,0.976571931234131
"EPS15L1",0.188482974989012,0.852540780407745
"SELENOK",0.172036533720503,0.865268167727723
"SINHCAF",-1.15369764370958,0.263244608147484
"RBM25",-0.705026985310275,0.489535212387642
"DMRT3",0.627730924800115,0.537817038787703
"WIZ",1.01394934591761,0.323625318902155
"MID1IP1",-2.211237130579,0.0397644723474304
"RRAGD",-1.52314631767845,0.14455563758774
"MYOZ1",3.65840369206381,0.00172100330997275
"SNX6",-0.115744016643823,0.90909679853171
"MPP4",0.772706195141545,0.449411645830959
"CARD18",-0.323104370299718,0.750223018894787
"ENPP5",1.69363515473124,0.107027340601802
"HIVEP3",-1.98236241119763,0.0624202770211508
"EVA1C",0.655459653442837,0.520203167252274
"ACE2",0.0878634348715352,0.93092498031441
"NTN4",-0.443482809041894,0.662535839777696
"UBL5",-0.554345048620064,0.585951781990259
"SIGIRR",2.36359414596383,0.0291643934799101
"PLEKHA1",-0.789234790029764,0.439927250297868
"TRPV4",0.0345512675983385,0.972805928243177
"SCPEP1",0.873969395730088,0.393287635761449
"SENP2",-0.734949869486886,0.471542356481134
"ALOXE3",-0.103116893798557,0.918974669424001
"GNB4",-3.66648506645826,0.00168989656680729
"ZNF350",0.895416130254437,0.382014920460991
"KLHL12",-1.07761293162509,0.294994680325024
"AFAP1",0.222534566595211,0.826324908085043
"GPBP1L1",-0.39694329152177,0.69593031872274
"FAM3A",-0.657982109775662,0.518616952399169
"AVPI1",-0.899127337886985,0.38008622134124
"SLC25A19",1.72314305274425,0.101458991012916
"EXOC4",-0.64518061279231,0.526694911126026
"TGIF2",1.51286143722573,0.147133236343302
"CDH26",0.958988284190885,0.349874421164772
"BACH2",-0.295445283897217,0.77092893819813
"ELOVL5",0.333562571758367,0.742443384549363
"SAV1",0.627795100722909,0.537775901352213
"TRMT11",-0.430258334392634,0.671955304811327
"MRPS35",-2.47302998228584,0.0232426611493979
"APOBEC3G",1.30901813112502,0.206482165278994
"NIF3L1",-0.590893678774187,0.561709190835442
"CCDC90B",-1.24278219375695,0.229398948797956
"FASTKD5",0.679672889202452,0.505089319739949
"CCDC81",0.0130258664162449,0.989745960614435
"AASDHPPT",0.257849679549768,0.799356302948731
"AGBL5",0.28091650675332,0.781877702748675
"LDAH",-0.225869159836732,0.823768342141682
"ELAC2",1.11377571381043,0.279572100311311
"GUF1",-1.56762530382558,0.1338361506671
"SPCS3",-2.29560579876345,0.0335217036036676
"NAA35",-1.14698881880503,0.265937587166542
"RINT1",-0.00859890270670743,0.993230778919338
"SCOC",-0.497146693508422,0.624915268513718
"KCNK15",0.759341816974081,0.457171417931605
"DHX35",-0.833451165589964,0.415173140767864
"RIC8A",0.514337095684082,0.613077947732616
"MIIP",1.14008826161388,0.26872888664584
"ATG101",-0.115466962159021,0.909313374044929
"PROK2",-0.535251917568005,0.598822193521843
"CELF6",0.797726320141669,0.4351033407145
"EEFSEC",0.185069335073579,0.855179197531494
"FKBP10",0.138888943570994,0.891031734858511
"SMAP1",0.153921155564045,0.879330869732162
"TRAPPC11",0.342135734928276,0.736087121099703
"ZFAND3",0.11864904203307,0.906826362623835
"C14orf93",0.642361303134993,0.528483247389202
"SLC22A23",2.02252645873842,0.0577519947007572
"BCORL1",-0.411043523920355,0.685741121077258
"SRR",2.13806816707364,0.0460243425312005
"ABHD4",0.736699506315043,0.470502622922222
"MRPL17",0.00368322918541549,0.997100460619347
"FAM204A",-1.66800400712773,0.112074752399773
"RNF123",0.582980103349184,0.566913512015051
"THADA",0.0988769179851582,0.922294613960483
"UBE2O",-1.65718505012166,0.114265490537964
"VIPAS39",-0.700321657519099,0.492400580418901
"PIEZO2",0.212716630053062,0.83386359943547
"HEATR6",0.656855346337927,0.519325168932533
"SH2D4A",0.222866802963433,0.82607009917621
"NSUN3",-1.72349034786475,0.101394967446688
"FAM111A",0.55434714481931,0.585950376624495
"MANBAL",-1.46434916337688,0.15980831799549
"GPATCH3",-0.205096600644217,0.839726087867726
"NAPB",1.97993057904139,0.0627134886865108
"SLC17A9",-0.337531604007356,0.739498291913573
"BLOC1S5",-0.601626568248782,0.554690925058827
"ELMO2",-0.140295202533824,0.889935988770129
"GALNT11",-0.613098744673423,0.547240872125267
"CHTF18",-0.207333058948396,0.838004448348028
"ZNF335",0.321601976942463,0.751342902840698
"ANKEF1",0.370747853676919,0.7150171502515
"CHP2",-1.7462889303206,0.0972675628523484
"XPNPEP3",-0.831354068600928,0.416326723019632
"MRPS14",1.09593164258775,0.287106585859475
"MCUR1",-2.0150097207445,0.0586010632228107
"ZNF667",-0.360761621614179,0.722345376477491
"PCIF1",1.02947778581573,0.316466832526135
"FAM217B",0.412856637319131,0.684435343338
"GPSM3",1.75200291241282,0.0962561663417174
"NECAB3",-1.916247773638,0.0708427660343671
"FKBPL",1.67414761077947,0.110846755178917
"DMRTA1",0.106792701835606,0.91609770868415
"CLSPN",-2.46366190481375,0.0237017276220418
"TP53AIP1",-0.690605070819323,0.498348315080253
"KIF13A",-2.29585120983088,0.0335049444348254
"NEUROG2",-2.82764649970828,0.0109146422852766
"PRDM16",1.42020350302577,0.17210610708274
"PRDM15",-0.56548107365057,0.578509786776326
"FIGNL1",-1.45905769952357,0.161243416806053
"ANO3",-0.0863886766652942,0.932081319913116
"MYO1G",-0.275930701890421,0.785645904762393
"TSPYL2",1.46985803884846,0.158325375971704
"RBM26",-0.661199590557101,0.51659761216287
"PRSS22",3.14112113500521,0.00548518800364121
"OXCT2",-0.650419998329295,0.523380382077763
"PERP",-0.338612380326523,0.738697050194691
"CDH23",-0.837099967920485,0.413170866700484
"C19orf33",0.0471626950109559,0.962886639027013
"LHPP",-0.446598434919822,0.660324966568296
"SLC28A3",1.35284600867114,0.192333822796765
"RBKS",-0.893451804169204,0.38303839760345
"PBLD",1.37260364871203,0.186212951278029
"GOLPH3",-0.554197673456557,0.586050591730993
"CLSTN2",-0.696988047937773,0.494436502222648
"MCCC2",-1.24295907938924,0.229335234630192
"SNX16",-1.45472910187266,0.162425192909127
"POPDC2",0.902697330104668,0.378237034010656
"SAMSN1",2.0737498801603,0.0522547843854877
"SMOC1",-0.323078308266591,0.750242440685804
"SMOC2",0.776630411962206,0.447148560543251
"EPB41L4A",1.65163116752921,0.115404197292197
"PARVG",0.867462057945593,0.396750716826287
"TNMD",-0.571700170759118,0.5743747017439
"CENPK",-2.43593139871166,0.0251109381417928
"RTP4",1.09722002379125,0.286557655859159
"MAGEF1",0.0407578240623168,0.967923601480506
"MOAP1",1.15100877604744,0.264321487488613
"TMBIM1",0.418717836594557,0.680221191822304
"VSIR",-0.751024211865599,0.462041754585313
"SLC39A8",-0.183078330597269,0.856718865327147
"DUS1L",0.841935984665397,0.410526667436322
"RRAGC",-0.504376289643201,0.619923938282773
"FN3K",0.389136606117529,0.701597450632758
"NOD2",2.19423657759714,0.0411450957746929
"TINAGL1",0.0304010347794322,0.976071295960174
"LIN7B",1.30709605523002,0.207120909331895
"XYLT2",0.886997590381705,0.386414038269499
"IFIH1",1.40891169683494,0.17537193756796
"ABCG4",-0.494353487432135,0.626848721151097
"RBSN",0.757072893034627,0.458496872934928
"PDF",0.268873626214344,0.790988830419292
"C17orf75",0.560873947179602,0.581582808306686
"NCAPG",-3.10580535822719,0.00593150970416267
"ERAP2",1.34700281716277,0.194174393170582
"CARD9",1.51059964784104,0.147705158811281
"OSGEPL1",-0.943345923002514,0.357605807459894
"DPEP2",0.467887024267015,0.645305068209429
"P3H1",-0.349357658576107,0.73074779588097
"IRF2BPL",0.453163404752472,0.655676923646215
"POPDC3",-10.1089424983927,5.50320056869165e-09
"MMS19",-1.0210080940691,0.320357244205754
"DNAJC1",-0.565968441937711,0.578185188617034
"TFB2M",-0.667229349804085,0.512825149887815
"SEMA4A",3.10096018076515,0.00599543835497476
"PJA1",-0.376331126989617,0.710932265145925
"STRA6",-0.323148619459794,0.750190044195315
"ROBO3",1.34057471158497,0.196215337431231
"TOR3A",-1.26602771775979,0.221142218289302
"MLST8",-1.76893234400774,0.093312873868529
"HERPUD2",0.370731132121409,0.715029397583154
"ATL2",-0.241591685093746,0.811741916943789
"TENT4B",-2.38820459367238,0.0277214074739863
"ARHGEF28",1.67255205210273,0.111164569291338
"RAB17",2.64237234015596,0.0162579367826943
"RHBDF1",0.922713015349848,0.367980590529375
"ZSCAN31",-1.57496327103078,0.132133187715906
"NOC3L",-1.59480438737574,0.127619313387691
"FBRS",1.10196046849875,0.284544538054455
"RNF25",1.0587855396887,0.303264337390163
"NSD1",0.527607541625573,0.604013814196932
"COP1",-0.0104305401380939,0.991788929079952
"LMBR1",-1.09894004322035,0.285826017455388
"XPO4",-0.845861114188784,0.408388533530346
"NFKBIZ",2.36626676853977,0.0290043705424584
"ARHGAP9",1.56868702121777,0.133588620833901
"HS1BP3",-0.0258211127744254,0.979675241007656
"AZI2",-1.07745223839542,0.29506456433843
"NXN",0.247011451875933,0.8076071986923
"SIL1",-0.545717291661482,0.591750428630322
"IKZF4",0.45443501197372,0.654778275828103
"IKZF5",-0.460718910147934,0.650345395694905
"ZMAT3",-0.75629087872831,0.458954248282706
"GMCL1",0.4992345249227,0.623471896657758
"ZNF106",-2.34848112363779,0.0300848430034492
"HHIP",2.2431855455557,0.0372843549907813
"AKTIP",0.890834329829723,0.384405008907498
"CDH24",-1.06176797915604,0.301943332233847
"KLHL25",0.531772034345919,0.601182815115541
"ARAP3",0.108564465479396,0.914711416921215
"GZF1",2.77769726929672,0.0121608294068886
"TMEM267",-1.65239019812269,0.115248006665626
"TMEM168",0.591945137831986,0.561019589825661
"MTMR14",0.352170565229811,0.728671950412161
"SUSD1",-0.431010664384837,0.671417921370255
"DCLRE1C",-0.406500411326364,0.689017461637089
"ATG3",-1.49563662123666,0.151535202732322
"INF2",-0.93634384778574,0.361104101606991
"POLR1E",-0.694140461217862,0.496179449460673
"SUDS3",-2.49742035357833,0.0220863087461415
"TTC31",0.548693294512829,0.589747058904711
"CIAO3",1.18870070998546,0.249524035850095
"ZDHHC6",-0.572787609521362,0.573653220484049
"PCNX4",-1.5910192832658,0.128470278077279
"ACTR6",-1.44384429080342,0.165428180132054
"NOM1",-2.48069992627732,0.0228730360712826
"CPEB1",-3.04397124693066,0.00679953743552502
"CLEC7A",0.192474738381732,0.849457795288951
"GPR135",-0.958285276797855,0.350219408540431
"MOSPD3",2.62291267343418,0.0169455550072701
"GIGYF1",1.13994425156599,0.268787370318284
"VPS16",1.30321013275887,0.208417017003877
"CSRNP1",1.24642165410898,0.228090758713348
"ANAPC1",-0.793375594571038,0.437570783412738
"GORASP1",1.44106380346053,0.1662024910962
"TMPRSS3",1.46484312466052,0.159674885585484
"COPS7B",1.49579225014634,0.151494949400615
"NUCKS1",-1.04768252352636,0.308218694968265
"HS3ST6",-0.252137701822619,0.803701747790738
"UNKL",-0.974575144527827,0.342285431856813
"WDR13",1.89051756418145,0.074384172588398
"SMAP2",0.540603129470776,0.595201035177487
"ACBD3",0.279542664912751,0.782915484741115
"MFSD1",-0.944757189801589,0.356903531413831
"PLPPR2",2.31150292647639,0.032451961132837
"SMURF2",-1.20120283765318,0.244756642269493
"CCDC136",0.2477303372005,0.807059197830396
"SMYD3",0.247912532301598,0.806920328147957
"ATPAF1",-1.10519443162038,0.283177129969905
"TNS3",1.10893545279141,0.281601341598158
"PARP12",2.32092482026235,0.0318329597460341
"GAREM1",-0.177163254525873,0.861296524034027
"ZNF574",-1.1759902629596,0.25444251878818
"CREB3L2",2.12221883369543,0.0474935493281456
"S100PBP",-0.297425876412992,0.769440141137715
"IPPK",-0.87611612301051,0.392149547915484
"MEAF6",3.1149038966222,0.00581324979480599
"CCDC14",-0.914906703287058,0.37195822300827
"ILRUN",2.01836043336855,0.058221200772299
"ENGASE",1.97661565959909,0.0631151600401801
"PCED1A",1.61628341738847,0.12287980334882
"RMND5B",1.5238804242908,0.144373095711219
"FNDC3B",-0.383971203596539,0.705357114653122
"MTHFSD",2.19483706145861,0.041095591071387
"MICAL1",0.629986474553897,0.536372234786101
"CERK",-1.4397060205761,0.16658167721011
"AEN",-0.816056161094423,0.424803677787629
"RBM15",-0.392768302690319,0.698958821399449
"CRTC3",0.224227484316868,0.825026730884605
"GINS3",-1.95132020904338,0.0662566866755349
"TBC1D15",-1.60454163162699,0.125451968383807
"EPS8L2",2.8022705657179,0.0115315989261599
"LMF1",1.48830937383345,0.153440388533451
"EXO5",0.210253014967195,0.835757912325289
"IFT22",-1.69366235376797,0.10702208958435
"CEP85",-1.70430642396668,0.104984042134025
"DDX31",0.201773878080737,0.842285471342948
"RMND5A",0.677299100472614,0.506559891344916
"DEPTOR",2.06234434292651,0.0534361988641023
"IQCH",1.76654378230599,0.0937233519298823
"EFCAB6",-0.244136478935991,0.809799787952726
"ARV1",0.512543569154346,0.614307957002654
"NMNAT1",-0.411585283757901,0.685350846899964
"ELOVL1",0.0159025529631479,0.987481598846298
"KLC2",0.185572903230932,0.854789876487707
"FNDC4",-0.181882952320118,0.857643549851313
"FBXL17",-0.976248494276218,0.341477524463523
"PORCN",-0.86418377527092,0.398502878891672
"SPATA20",-0.170720410763776,0.866288360304968
"YTHDC2",0.146098670773818,0.885416403073752
"SLC13A3",-1.58758354694028,0.129246824382124
"TUT1",1.72879153011967,0.100422011658782
"AIDA",0.497496860501078,0.624673080086061
"USP46",-2.17208851109738,0.0430096082216089
"VWA1",3.13140798279547,0.00560456999480028
"PLEKHG2",-0.907987565196907,0.375507839523486
"DCLRE1B",0.849516477050027,0.406403816321041
"NABP1",-0.297403013883344,0.769457321500358
"ARMCX5",-0.800512041592739,0.433528037634788
"METTL4",-1.99511898297986,0.0609021911482212
"RFX7",-0.629920362432026,0.536414553154506
"CDCP1",-0.735481077557239,0.471226537587892
"PCDH20",0.963577037160499,0.347628313969679
"PAPOLG",0.0156080158723687,0.987713436777304
"C12orf43",0.105328464839217,0.917243589211574
"LPIN3",1.43281865756182,0.168515950849765
"BCL11B",-0.778168928537649,0.44626321958406
"CASD1",1.60760975016904,0.124775518878428
"SLC30A5",-3.1906897393095,0.00491355671875385
"CCDC71",1.68958741097753,0.107811259237051
"TTC23",-1.3075780319832,0.206960593280492
"MRPL14",-0.523429708776505,0.606860378512876
"NT5DC2",1.67749941343531,0.11018164770673
"CENPH",-2.77275858922935,0.012291200330256
"MRPS26",0.481275183940533,0.635938281692548
"MRPS24",-0.231071481969963,0.819783875854827
"MRPS15",-0.716357813756476,0.48267518276687
"MRPS11",-0.135536699415657,0.893644682125169
"MRPS9",0.298878996581912,0.768348425726471
"MRPS6",0.0822649886467634,0.935315467820139
"MRPS5",-0.620214697500925,0.542646822120485
"MRPL41",-2.00844359294159,0.0593519107884797
"MRPL40",-1.96285629623132,0.0648070800088623
"MRPL38",0.67243701685454,0.509579564007021
"MRPL36",-1.73622106632978,0.099071981742254
"MRPL34",-1.07663213212398,0.295421407984412
"MRPL32",-0.153614875167615,0.879568999307385
"MRPL11",-0.0242703450542187,0.980895647387935
"MRPL9",-0.657685786723529,0.518803151096153
"MRPL1",-1.20830225235265,0.242080410759769
"NDRG4",-1.66687152722093,0.112302377709864
"SLC26A6",0.369226182450208,0.716131989387324
"PINK1",0.786986564490831,0.441209975498481
"REEP1",0.648261279520748,0.524744621764602
"GPBP1",-0.90927447316149,0.374845928154467
"ACD",0.172132409792785,0.865193858874208
"RAPH1",0.341438365193862,0.736603438130736
"TMEM237",-0.602919742916898,0.553848456449698
"NBEAL1",-0.639470023647499,0.530320706279768
"MRPL44",0.352115152453727,0.728712822745744
"VPS33A",-0.955945117085165,0.351369479046915
"NOL6",0.236395074081062,0.815711736615146
"TMEM135",0.494270873013413,0.626905949082121
"JMJD4",2.41929512444696,0.0259936126530734
"KRI1",-0.86036765429069,0.400548845485049
"MARCKSL1",0.309186013583065,0.760619256631119
"UPF3B",-0.157631888784563,0.876446761659795
"UPF3A",0.555548294264065,0.5851453623026
"RSRC2",-1.52566107741058,0.143931115188459
"INTS3",-0.350729975617101,0.72973479690305
"SOWAHC",-2.58587802883351,0.0183310805112602
"WNK1",-0.502939777893606,0.620914212085032
"NADK",0.836495095687548,0.413502360688251
"ZFP69B",-3.92070698634903,0.000951341211979576
"SPATS2",-0.581297134142329,0.568023526524059
"ZSWIM4",1.44439200478814,0.165275999372683
"CPLANE1",-0.950357628020013,0.354125911047232
"ZNF649",0.235106103613502,0.816697210694265
"MPPE1",1.44642102341733,0.164713235567216
"COA7",-0.219669463328943,0.828523119691556
"PYCR3",0.0672460728747562,0.947103926121248
"UBE2Z",0.61616379679249,0.545259526519413
"C8orf33",0.611249439137375,0.548438183815129
"WNK4",-1.01571994603079,0.322803360991346
"WNK3",0.75102710287785,0.462040056335623
"WNK2",0.673039266409787,0.509204974774827
"STK33",-0.607080223400125,0.551142623214571
"PLEKHA3",-0.170710249435854,0.86629623779793
"PHACTR4",0.333495229668339,0.742493388961706
"BRD9",0.607636658976076,0.550781270765134
"CAPRIN2",-0.120508346042746,0.90537364621508
"ZSCAN18",-0.868292157314544,0.396307848408352
"GRAMD2B",1.60040727283428,0.126368387412134
"AACS",-0.841006227775564,0.411034186187789
"ZBTB10",-1.12447744830638,0.275123717865984
"KCTD14",1.19577888506344,0.246816380795491
"ZNF747",-0.833269046373214,0.415273240749908
"DLK2",-1.44359731126949,0.165496840001331
"FUNDC2",-0.42785547826127,0.673672860749316
"DDRGK1",0.516651613019674,0.611492382343069
"MRPS34",-1.7438451654245,0.0977029167529373
"RASL11B",-3.51620063132101,0.00237125743575802
"LRRC61",0.76763805122729,0.45234481284979
"TMEM108",1.02295294964364,0.319460926664794
"CYP4F12",0.544361148978287,0.59266447045886
"CHID1",-0.185239976518733,0.855047266113682
"TRAK2",1.26646097156815,0.220990543515593
"SLC2A11",-0.60496005657822,0.552520627209006
"MTMR9",-1.7981422372039,0.0884180596592658
"DUSP26",0.523018100048633,0.607141178708565
"CRELD1",0.0970798509864551,0.92370218188191
"MRPL57",0.711498020648968,0.485610507849987
"COLEC11",-2.3882210148412,0.0277204672597223
"OTUB2",-2.44614551047749,0.0245829870960918
"PCYOX1L",-0.515233470123933,0.612463651205692
"YIPF2",-0.436302044905099,0.667643479097966
"PRR14",-1.26851748098996,0.220271695105097
"CYREN",0.0960967611124192,0.924472305098175
"LRFN4",-1.49900409926011,0.150666172333591
"AUNIP",-3.39375415252605,0.00312207936349429
"VKORC1",-0.507852547383045,0.617530633361845
"TRIR",-0.306178224902912,0.762872149155801
"MIS12",-2.02061112934352,0.0579672883518779
"CUEDC2",-0.567271859693514,0.577317539107323
"SCNM1",0.578569123659433,0.569825193351555
"METRN",-0.153755544070759,0.879459629346307
"DBNDD1",0.411711297009217,0.685260082211253
"SLX1B",-1.37114767289493,0.186658631134042
"DDX50",-1.25939427503807,0.223474565912423
"DDA1",-1.3621537671459,0.189430627959907
"GGCT",0.993573584768576,0.333190492463588
"GID4",-0.0389046240926097,0.969381275764915
"CENPM",-1.24086106907434,0.23009181560392
"C7orf25",-0.932635040356237,0.362966433907188
"TMEM106C",-0.5167573405144,0.611420000449576
"NUP37",-2.20404361960146,0.0403433918242883
"FNDC11",0.473184450618033,0.641591415508016
"AHNAK",-1.79174006081892,0.0894713286716721
"ZNF655",2.78970970762716,0.011849232003208
"PDCL3",-0.458446654771845,0.651946789781269
"ERI3",-1.70493427909676,0.104864872754619
"NABP2",-0.569965249996677,0.575526728633617
"KXD1",-0.457626037571642,0.652525555558704
"ZFYVE21",0.572067332980979,0.574131049225971
"DDX54",0.0915257418787109,0.928054099067341
"TMEM38A",0.481661399415302,0.635668995875306
"TSEN34",-0.199639068272515,0.843930798971752
"KCTD15",-1.58318019067395,0.13024783581299
"SECISBP2",2.05975418069795,0.0537078341922082
"NOC4L",-0.333933537877944,0.742167947271481
"ALG8",-0.646318458698963,0.525974104363201
"TRPM8",-1.00516594984204,0.327724607930932
"PRRG4",-0.582565012256962,0.567187183766617
"ASPSCR1",-0.766291991526647,0.453125803174109
"TMEM223",-0.702532841959322,0.491052840868619
"ATG9A",1.25673562127138,0.224414688698636
"FTO",-1.92223604640101,0.0700403214581199
"POGLUT2",-1.29510001573071,0.211142543621677
"ELOVL6",-0.687513238899477,0.500249535323302
"FASTKD3",-1.22668150194034,0.235255652563527
"TMEM109",0.643108409954678,0.52800901899371
"C2orf49",-0.534037388051312,0.599645567698544
"DSCC1",-4.65123810717436,0.000183625683438507
"DCTPP1",0.155132350765472,0.878389295002222
"C1orf50",-1.86606263757516,0.0778941683294778
"CCDC86",-0.888835585856192,0.385450745668515
"LBHD1",-0.615743106174458,0.545531245771129
"MLPH",1.5779781840496,0.131438782539355
"WDR77",0.542604989531166,0.593849164353321
"SLC25A23",1.35391330854508,0.191999133271714
"SMIM7",-1.50753513913841,0.148482990449973
"ALG12",-0.649026745530119,0.524260646818812
"ZNF426",-1.9835020929972,0.0622832854531278
"TMUB2",1.1502366301438,0.264631335114356
"TRAPPC6A",0.262872265580866,0.795540863649236
"METTL22",-1.56957903096838,0.133380953157598
"CHAC1",1.36687394799002,0.187971760779213
"C1orf116",2.39359299623454,0.0274144788108687
"TAF1D",-0.0620427101847511,0.951191152916434
"RNF26",0.518272100683877,0.61038343480123
"MAPKAP1",-2.30801709401635,0.0326837862262077
"DHX58",2.51086146941557,0.0214724022773102
"NDUFAF5",-2.12426149709384,0.0473018323817689
"TMEM185B",-0.463492886366188,0.64839277611808
"APOO",-4.39400730948704,0.000326861886915211
"RETREG2",-0.410415413742392,0.686193714126747
"DERL1",-1.63165669432558,0.11957962439696
"CCDC28B",-0.00216845327532479,0.998292931246227
"PHF23",-0.60645937129509,0.551545957029343
"MBOAT7",1.47247873512148,0.157623874247542
"PPDPF",1.24051653881554,0.23021624293931
"CHCHD7",1.29781047309655,0.210228566328268
"FKRP",0.349734212156636,0.730469785800127
"MMP28",-0.625437044562923,0.539288562224773
"ZSCAN5A",-0.583289937529834,0.566709281365186
"FA2H",0.197590361339262,0.845510459527313
"GDPD3",0.732468623313618,0.473019202680348
"DHRS11",-0.987624442753464,0.336020153833888
"TNIP2",-0.0284627687156806,0.97759645947269
"PLEKHF1",0.196942460932018,0.846010165043485
"MFSD11",0.259462507972454,0.798130537202881
"GNPTAB",1.3708618029874,0.186746237094388
"NOL12",0.0316450345904631,0.975092479281859
"TMEM243",3.94310759616807,0.000904349184319354
"LENG1",0.815196402129473,0.425283312327811
"LILRA6",0.351109728050741,0.729454566307397
"C1orf35",1.9265078918525,0.0694728236465908
"PRR15L",2.61306025353822,0.0173041313042725
"RBM42",-2.1532873027171,0.0446526340819154
"CENPO",-1.660235040563,0.113644233731081
"CRELD2",-0.0215610774897014,0.983027871729185
"ZNF343",-0.481742691755024,0.635612322047023
"FBXL15",0.485674006191371,0.632874326361188
"ZNF576",-0.581986945775424,0.567568420164883
"THTPA",0.543884020277446,0.592986222354978
"EFHD2",-2.93963759031191,0.00855105579449649
"TTPAL",0.0684064579972331,0.946192648200252
"BRCC3",-1.61086805062672,0.124060510434791
"TMEM43",-0.514037723018557,0.613283177119686
"IRX6",-0.166160751554511,0.869824633647929
"IRX3",0.263036555728937,0.795416148359233
"IRX1",0.0126868494434998,0.990012821498332
"THOC6",-0.581746996412237,0.567726706411232
"ZNF557",-0.39437871920015,0.69779002055805
"DCAF10",-1.33446999098225,0.19816931552197
"OR13A1",0.182744592148349,0.856977007249332
"CPLANE2",1.47516982246663,0.156906184037785
"ZXDC",1.14020971352146,0.268679571371545
"BHLHE41",-1.00662346912358,0.327041857423356
"HMGN5",-1.78191179004816,0.0911095148285423
"B3GNT4",-0.159899418074625,0.874685231833545
"NOX5",-0.470252132521933,0.643645866303114
"GLB1L",0.313477912818666,0.757408346380318
"KREMEN2",-1.68535226953645,0.108636730414156
"ZBED2",-1.67888642602401,0.109907418324227
"LRFN3",0.401073610920866,0.69293937489379
"CYBC1",1.73650203124275,0.0990212361828178
"HAUS3",-0.819230799821854,0.423035604727045
"FYCO1",0.606275637366764,0.551665349063126
"WDR25",0.22065455863158,0.82776715369126
"PAGR1",0.400187153294092,0.693580862986129
"ULBP3",0.235603276955014,0.816317062747265
"OR2A4",1.80891762448396,0.0866697271757119
"RIPOR1",-1.98234819722984,0.0624219872633342
"MAIP1",-0.292742858799512,0.772961804937235
"GCC1",-0.857285037880127,0.402206531798067
"TTC13",0.86950638398251,0.395660625328357
"ABHD8",-1.85384574562212,0.0797017021747219
"NKAP",-1.98759202231461,0.0617938817517565
"SLC52A2",0.134521103163787,0.894436549041758
"SPAG16",-1.33718896652532,0.197297140758576
"TMEM231",-0.579799739791938,0.569012089196603
"CORO7",1.01214983855234,0.324462207484296
"CHPF",0.984252501504062,0.337631403269486
"CARS2",-0.672208237344722,0.509721901981837
"RNF128",-0.232598913221275,0.8186149644167
"MRPL24",-2.1240187163097,0.0473245819900264
"ARMH3",0.613415440342578,0.547035971617292
"MUL1",0.244797966741341,0.809295162434583
"SAP130",-0.87733216728159,0.391505821952424
"CEP97",-5.79697871310982,1.50996284603984e-05
"TCTN1",0.520896483258696,0.60858954452622
"ADIPOR2",0.201530602686724,0.842472929601386
"PGBD5",-0.348835903925101,0.73113307141201
"FAM118B",1.32786787698433,0.200299796741027
"VCPKMT",-0.00624262199527244,0.995085658089453
"NAA16",-1.06933892855978,0.298608579407707
"TANGO6",-2.48614426007511,0.0226140239566776
"CCNJL",0.891501241552125,0.384056501026873
"HMBOX1",0.472076090653262,0.642367610539665
"RNASEH2B",-0.377381905057585,0.710164484537944
"SNRNP25",-0.210340125128011,0.835690914270057
"GALNT14",0.288322746616412,0.776290412335944
"NDNF",-0.0317249043930534,0.975029636675498
"OGFRL1",0.430455312608372,0.671814587256756
"OCEL1",-1.04925508207381,0.307513489028304
"C1orf54",-0.443428690981417,0.66257427060577
"EFL1",-0.756159790604439,0.459030944640989
"FAM184A",1.28586575294229,0.214279724815625
"FAT4",-0.80659016534693,0.43010332021528
"SCRN3",-0.461228583089607,0.649986438202781
"CCDC121",0.021025026118586,0.983449766322432
"ARMC7",-0.866185343467644,0.3974324906036
"TMEM53",-0.0686822504222098,0.94597607303684
"ROGDI",1.05184026227787,0.306356691585562
"ARSJ",-1.27636301904733,0.217545968800649
"CHMP6",-0.0603323133381782,0.952534974153942
"SRD5A3",-0.121770199830857,0.904387926116987
"PANK3",-1.05209219184858,0.306244127090007
"AKIRIN1",-1.01989709336892,0.320870064300229
"MCPH1",-0.454032357605123,0.655062774135721
"USB1",-1.7939121307301,0.0891127666026382
"RHBDF2",0.745963291820564,0.465020436959168
"HECTD3",-0.697911821390987,0.49387184222331
"BEND5",2.96546967259466,0.008080568215195
"RPAP3",-2.13554518081068,0.0462554151851399
"ARHGAP10",0.567149368400395,0.577399049941506
"DYNC2H1",0.116873777878264,0.908213731824623
"PPP1R3B",0.0344869412532852,0.972856536050452
"NEIL1",3.49864661065803,0.00246678330332095
"HSPBAP1",-1.99923718882495,0.0604192176476796
"ICE2",-0.692666448898893,0.497083052863428
"DHX40",0.827362725167301,0.418527952091003
"PLEKHF2",-0.351325487458453,0.729295368456136
"PARP8",0.638965847077574,0.530641478604716
"C3orf52",1.18559088264757,0.250720735665409
"TUT7",-0.301139184172481,0.766651357006853
"NLRX1",1.51115813598592,0.147563767267912
"FN3KRP",-0.454810284031291,0.654513173528269
"ZNF329",-0.789170852393075,0.439963697897069
"VEPH1",1.43698058765369,0.167344928798822
"FASTKD1",-2.44721364206446,0.0245283815820843
"OGFOD2",-0.139529742956529,0.890532400864454
"SMC6",-3.05874190330199,0.00658159542264539
"VTCN1",2.05957518547339,0.0537266517497032
"RTL10",0.786987682093336,0.44120933727463
"CENPU",-0.0818740225879344,0.935622157647336
"ZDHHC14",1.49063329552323,0.152834013420667
"MSANTD2",2.53422780040738,0.0204432454098607
"SAP30L",-0.673026331784677,0.509213018256332
"STEAP4",1.50711637489668,0.148589543330213
"GAL3ST4",0.595961691124461,0.558389416977905
"QTRT2",-1.57362040166407,0.13244347047213
"ZNF322",0.159604047240703,0.874914652757327
"YRDC",-0.961107965909358,0.348835641243494
"MANEA",-0.142292336902675,0.888380228728868
"GALNT12",2.31369054377039,0.0323072525874546
"ZC2HC1C",1.04844723239176,0.307875620639611
"RIOX1",-1.20685759905354,0.242623182001802
"ZYG11B",-0.731633417187855,0.473516939411189
"OGFOD3",0.422569532541582,0.677457719684643
"LRRK1",-0.142161558681547,0.888482090295018
"PRKRIP1",0.5310200685856,0.601693517383252
"NOL9",0.385613692365969,0.704160770607944
"COLGALT1",0.0966968433773949,0.924002209430393
"MORC4",-1.45174364123515,0.163244384332919
"IPO4",0.45351398849471,0.65542911133421
"IGFLR1",-1.11844411097448,0.277625122644953
"CCDC51",-1.32891126843943,0.199961898559956
"NPEPL1",0.439905095492199,0.665078545066064
"PPCS",-0.748106418921508,0.46375765759435
"TBL1XR1",-2.30160111570849,0.0331144936701829
"AAGAB",-0.193070710200683,0.848997716860572
"VPS37B",2.09046023484126,0.050566521676055
"ZNF768",-0.399860804262946,0.693817086490666
"THAP9",-0.178131627263528,0.860546753454616
"WDR59",0.0343778270995581,0.972942380278862
"PALB2",1.38841216037041,0.181428522636882
"NSUN7",2.30617965611067,0.0328066012508284
"NARS2",0.568229427799594,0.576680535464787
"E2F8",1.31033579699249,0.206045173603107
"KCTD17",0.052395890568417,0.958772293630194
"TBC1D17",0.5998322772041,0.5558609800172
"TEFM",-1.56953451573447,0.133391310282267
"BBS10",-1.15831611433472,0.261402585190476
"TTLL7",-0.992782588447321,0.333565761414075
"ZBBX",0.79270442733325,0.437952199529399
"CCDC7",-1.00686313237918,0.326929686951767
"ZNF419",2.27707476852957,0.0348098136939297
"CLIP4",-2.27195799785002,0.0351734556670159
"ECHDC3",-0.401224370894205,0.692830300615574
"SLC25A22",0.822546243746515,0.421194098154724
"ZFAND1",-1.81702941268902,0.0853735631599921
"SNIP1",-1.14782354653806,0.26560140637034
"ASB13",-1.15357163004134,0.263295002766623
"ZNF750",1.59507896839866,0.127557767195879
"DHRS12",1.84217346590511,0.081463004724227
"ZNF668",-0.780290078325514,0.445044374579263
"C1orf115",0.0371649081487585,0.970749787626619
"ISOC2",0.576670639353857,0.571080753132152
"ELMO3",1.190795745483,0.24872027883729
"KATNBL1",-3.83457538132585,0.00115590596925905
"TXNDC15",-2.34275849277885,0.0304403699261053
"MCTP1",-0.448994363996595,0.658626975130638
"GRTP1",0.946251461824593,0.356160975739506
"ZFHX4",-0.271003618664103,0.78937507491288
"ACBD4",0.989027167454626,0.335351455240441
"MICALL2",0.34313868096464,0.73534478838932
"CCDC82",-1.58278896968681,0.130337085799911
"LRRC31",1.7234410903685,0.101404045906344
"SUGCT",0.44420335303289,0.662024251962631
"MYH14",2.81279826996622,0.0112716850506118
"RERGL",-1.30699929641556,0.207153105188935
"KLHL36",1.68101874955539,0.109486969977097
"CLMN",-0.351434634637668,0.72921483913629
"FBXO31",1.33554840867572,0.197823023440109
"GSDMD",1.4773394511331,0.156329516029397
"ALG9",1.27504927838589,0.218000555811544
"ZNF408",0.239931429487886,0.813009663501763
"ARMC5",-0.121399867090614,0.904677201829911
"SHCBP1",-2.58939230936666,0.0181951346632734
"HHIPL2",-1.35792100522039,0.190746514416493
"HPS6",0.48124192039016,0.635961476888735
"VASH2",0.516476133672701,0.611612525982016
"GSTCD",-0.464317953279034,0.647812510007643
"TTC21B",0.765124833308414,0.453803660490847
"PTCD2",-1.69326683529784,0.107098469709923
"SLTM",-0.981069859529923,0.33915711946937
"EHMT1",0.788779612779134,0.440186764572202
"AGMAT",-0.255248520861909,0.801334336284632
"NIPAL2",1.47437788319727,0.15711710868965
"TLE6",0.248521887546147,0.80645592354178
"MOB3B",-1.18439897343536,0.251180544622036
"ZNF552",2.29721060813575,0.0334122511484975
"CATSPERB",0.378675980321128,0.709219369484082
"ARHGAP28",1.21596572148424,0.239216617402608
"CAMKMT",1.2515664510473,0.226251302327383
"EFCC1",0.802166219543109,0.432594304552541
"CLMP",-1.67628769584882,0.110421697524674
"METTL8",-2.0457496439091,0.055198222179577
"NAA40",2.65412645282139,0.0158555251269384
"ZMYM1",-1.97734201815123,0.0630269503561015
"KDM8",0.973542250483009,0.342784781680402
"QSER1",-2.48609680681947,0.0226162695754919
"GEMIN6",-0.844911482750747,0.408905166599061
"LONRF3",0.0554898584308656,0.956340363388742
"PIP4K2C",-0.0540269345227202,0.957490202062233
"TMC5",1.78708050636002,0.0902447629290456
"CCDC102B",0.680335127181588,0.504679495372414
"NHEJ1",-0.529608436385736,0.602652807914085
"AGBL2",-0.848844668997078,0.406768113442754
"ZBTB3",-0.828483115885998,0.417909308246661
"FAM124B",1.31217318895052,0.205437033551513
"ZDHHC11",-0.615630876876272,0.545603745674637
"RNF122",-0.584558856480142,0.565873257950612
"CFAP69",0.617868162103914,0.544159440956164
"CSPP1",-1.27049966023119,0.219580547792118
"EPHX3",1.07925515974282,0.294281178334857
"TM4SF20",-0.119901306342091,0.905847902680134
"SNX22",0.415261043943517,0.68270529910614
"NEK11",0.722489786626782,0.478986388769942
"TUBAL3",0.627143928326928,0.538193388993003
"ZNF669",0.374537342028016,0.71224367812098
"RBFA",0.729449862727713,0.474819689337135
"JHY",0.253036801992133,0.803017308523865
"BORA",-2.24694845883332,0.0370018058657247
"TCTN2",0.263095089495231,0.795371715804077
"ALG13",-0.667200537677976,0.512843138916304
"BAALC",-1.22937667354341,0.234267361734006
"RPAP2",0.400056942973075,0.693675110171375
"CBLL1",-0.581523506194116,0.567874155702321
"NUDT18",0.129814288557504,0.898107956465356
"RABEP2",2.11578045076483,0.048102464178258
"THSD4",0.869612466239162,0.395604112814826
"UBA5",-1.79807809418111,0.0884285584573501
"DCAKD",1.59589401920015,0.127375224059041
"CCDC134",0.108996954474458,0.914373064400069
"ZC3H14",0.64473434662368,0.526977762429982
"MAP9",-0.891664996872965,0.383970959463166
"HDAC11",-0.434786597522497,0.668723552565783
"CAAP1",-0.750293740513177,0.462470971759003
"PLBD1",0.25909813876865,0.798407414471418
"LPCAT1",-0.961898791862303,0.348448629456841
"RIN3",1.64127973661636,0.117552309280494
"ZNF671",2.03376106307418,0.0565035788634213
"MCMBP",-0.0743372673874048,0.941536260709156
"GGNBP2",-1.92093090129309,0.0702145236535077
"ZNF672",1.32597960367309,0.200912453153191
"ATP8B4",-1.59512348309425,0.127547791765792
"THNSL1",-1.47382135241817,0.15726547386322
"RPP21",0.0660522931142216,0.948041507813664
"ZNF613",1.33998258677145,0.196404191435934
"PRR5L",-0.493646639455416,0.627338441192739
"CYBRD1",1.55456646476028,0.136912210102547
"NUP85",0.647520391509271,0.525213292734664
"NAA60",-1.3304721138312,0.199457266069977
"TMC7",-1.50070664103037,0.150228371494755
"PYROXD1",-0.766538070141559,0.452982965660268
"ACTR5",-0.845285922978356,0.408701407620655
"ATAD5",-2.83145904348257,0.0108247326882263
"MAGIX",0.560421341995577,0.581885147862095
"SETD6",-0.827832527378589,0.418268471364401
"MAB21L4",3.19802557241114,0.00483406064431168
"TCEAL4",-0.413538869442861,0.683944273732272
"MRM1",-1.37247599323285,0.186251993051722
"ADM2",-1.25792802561413,0.223992666626885
"SPEF2",-1.17290615169043,0.255646894451889
"MAP6D1",-1.75529311486478,0.0956779278207309
"DOK3",0.37285596193028,0.713473750417863
"TNIP3",0.967873175602479,0.345534450654445
"KIAA0319L",2.3231365895457,0.0316892453627201
"SYNPO2L",0.927959964445145,0.365323221294729
"COQ8B",0.650809341824684,0.523134539552079
"CNTNAP3",-2.67852189565393,0.0150503482576482
"SLC35E1",-0.171756433779632,0.865485266874254
"ZNF696",1.61689424081046,0.122747223927824
"L2HGDH",-0.201616446041257,0.842406781052421
"C10orf95",1.17258345547497,0.255773157862233
"DHDDS",1.0309703739551,0.31578472814915
"PLEKHS1",1.12100852658948,0.276559881800438
"NOL10",-1.27654904642585,0.217481658348781
"ERMP1",-0.275926915595571,0.785648768471692
"PAQR6",0.538608896186379,0.596549265630091
"DENND1C",1.67159881622124,0.111354812287404
"CEP76",-1.01402093132496,0.323592058516242
"JADE1",-1.6841011816843,0.108881612621019
"DENND2D",4.54163726711121,0.000234651052085714
"DNAJC22",1.14918665659027,0.265053104321426
"SCD5",1.09651591959464,0.286857552632499
"WDR76",0.107674447836726,0.915407764002437
"ATAT1",0.611879778448713,0.548029920572168
"WLS",1.44867914782017,0.164088764169552
"ZNF442",-0.945740172129585,0.356414934635146
"CPED1",0.610303056464702,0.549051449733729
"GRHL2",1.86580033671605,0.0779325943439803
"TRMT2B",-0.41442416665159,0.683307253862454
"DSN1",-0.711570805330169,0.485566468737399
"DNAJB14",-1.9674343720934,0.0642396944857917
"SVEP1",-0.467212296658623,0.645778763129866
"PLEKHH3",-0.270907391476986,0.789447958908523
"STN1",-0.617174416891009,0.544607075838071
"ELOVL7",1.7945117947379,0.089013995784651
"GREB1L",-0.287851529778212,0.776645530414729
"PCNX2",2.41186203616934,0.0263972944071622
"ESRP2",1.3665758007459,0.188063643043624
"DOCK5",-1.7395932264898,0.0984644102616549
"TRAPPC13",-1.44204227095656,0.165929671511684
"C10orf88",-1.43355831970683,0.16830735075496
"TMEM156",-3.0681707501926,0.00644603761522068
"RMI1",-1.58364021568996,0.130142955078126
"PHC3",-0.412735499761772,0.684522553068014
"MINDY3",-1.15027923928484,0.264614229807742
"WWC2",0.00155012841617699,0.998779693857223
"DGLUCY",-0.0394958596105578,0.96891621447402
"NAA25",-2.76942855009572,0.0123798607387693
"UBTD1",1.97754547554291,0.0630022620620683
"FOXRED2",-1.71117497437406,0.103686668051624
"TMEM62",0.786763635370279,0.441337293997582
"NRSN2",0.48964861131801,0.630111705316438
"SLC8B1",0.486766146933045,0.632114659338642
"PANK2",-1.05360064805828,0.305570755328608
"FBXL18",1.04215264429625,0.31070773186553
"CSRNP3",0.266383922818269,0.792876344908282
"GPR157",-0.840794526178291,0.411149802333036
"PGAP1",-0.397821361079844,0.695294039667188
"ATF7IP2",-1.14018004592964,0.268691617209763
"DCAF17",-1.52173985427953,0.144905901241156
"ADAMTS20",0.210517182726848,0.835554739934553
"CCDC15",0.00587353233420276,0.995376210700314
"ZNF606",0.856998943024764,0.402360605719331
"MZT2B",-0.901749999085616,0.378727147909425
"ZFP2",0.41628723884175,0.681967468811322
"ZNF614",-0.111900011555306,0.91210233091538
"BICC1",1.95299075883379,0.0660449940281642
"BAIAP2L2",-0.921559470803863,0.368566557300898
"ARL14",0.235562937252405,0.816347905488498
"PIF1",-1.24909854607714,0.227132236170839
"VCPIP1",-2.56469557122994,0.0191710685666204
"BBOF1",0.0518799371738668,0.959177885997732
"TRIM46",0.689093669348366,0.49927718165018
"LRRC8E",0.165020242198789,0.870709606967424
"RPF1",-1.64885037591047,0.115977957868751
"ZNF703",-1.90233675718984,0.0727384236427306
"PTGES2",0.0374748546342292,0.970505967630223
"SIKE1",0.465750429588807,0.646805605522793
"FRAS1",2.3479429117841,0.0301181151148266
"THOC7",-0.888996049532558,0.385366722161873
"ZC3H12A",0.22001800705119,0.828255626176122
"ASRGL1",1.23148412412574,0.23349680188944
"CENPT",2.32967394962628,0.0312679762516912
"EDC3",-0.566157194552985,0.578059500072823
"NAA15",-2.44443140842778,0.0246708542536602
"CWH43",-0.832762860807491,0.415551541571128
"PGGHG",2.7273320198634,0.0135547601053323
"PRR36",1.53595343535563,0.141398371183567
"ABHD18",0.339767889497483,0.737840744361423
"MOGAT2",-1.96631523114714,0.064377984553003
"CTC1",0.96107178002358,0.348853356840434
"IFT74",-0.4182194293656,0.680579124515932
"DBF4B",-1.80613702689164,0.0871179718696708
"SPSB1",-1.66305736891359,0.113071915749901
"TEDC2",-0.848341034679092,0.407041354312808
"MYO19",-1.09999874022919,0.285376363135553
"RUBCNL",0.843075692717474,0.409905094318566
"CEP290",-1.2807592217441,0.216030136242333
"TTI2",-2.60190349958631,0.0177188609113902
"TMEM134",1.69914178742191,0.105968730034899
"TMEM254",-0.880452352421564,0.389857296560607
"RNF34",-0.937138470828353,0.360705936452866
"MUS81",-0.00733311941938552,0.994227207345959
"FUZ",0.392778166466968,0.698951660156869
"HKDC1",-0.103155012786522,0.918944828704744
"FBXO11",-1.5100248469904,0.147850797173631
"CHD9",-2.40575463963419,0.0267333545341235
"FHOD3",-3.27625533227617,0.00406082043710522
"OPA3",-0.673077740846026,0.509181049619981
"SPG11",-0.441704110680607,0.66379944899201
"PROSER1",0.5105096810187,0.615704229628432
"ARMC9",1.12668703293223,0.274211807076855
"CCDC92",2.55663173543995,0.0195002978315789
"TM2D3",1.48764323931242,0.153614565930615
"ALPK1",1.00908915485276,0.325889125590164
"CFAP43",0.902222699083933,0.378482537615096
"NAA50",-1.55491854401058,0.136828508649832
"COQ10B",-0.626061704350034,0.538887626940886
"ACSF2",4.4635462127572,0.000279573919257469
"TARS2",-0.554328772883438,0.585962693874627
"RAB11FIP1",-0.729422752598613,0.474835877129864
"NUBPL",-0.930683655652011,0.363948906073937
"PAAF1",0.0913724392434009,0.92817425290867
"ORAI2",0.827321402682445,0.418550780193918
"RUFY1",1.34262903152808,0.195561242691485
"WDR26",0.316416654926779,0.755212384019297
"FAAP100",0.353961091647442,0.727351712334298
"PIGZ",0.611633425681011,0.548189460963411
"ELL3",1.33311854360479,0.198603957633904
"CEP63",-1.46043071225334,0.16087003351215
"SLC35F5",-0.502628929937677,0.621128596227012
"EFHC2",0.582437051147666,0.567271563016468
"TRIM45",2.83015331272716,0.0108554447771645
"ZNF430",-0.0646572297906876,0.949137274036474
"EDEM3",0.22621639652362,0.823502238522412
"HSD3B7",0.0592127996716768,0.953414630827461
"GRPEL1",-1.68990515939155,0.107749544117831
"CDK5RAP3",3.84335256560886,0.00113319287340634
"MTERF2",0.561662390737126,0.581056319192576
"PLEKHO2",0.547147510375107,0.590787219338468
"EFHD1",0.106400950873871,0.916404266217649
"WDCP",-2.26990953820474,0.0353200172941959
"TRABD",-2.3502356399021,0.0299766163001422
"MED28",-0.5559258755563,0.58489242103126
"FLAD1",-1.06704597076374,0.299615731278893
"PDGFD",2.32149715163535,0.0317957134684784
"KLHL15",-2.27173521356337,0.0351893680215404
"TET1",-1.9985998243763,0.0604937409794926
"EPC1",-0.473483922919366,0.641381764891902
"CPEB4",0.647924078375042,0.524957899733303
"ZKSCAN3",-1.23776644683973,0.231211297037995
"GKAP1",-0.707251422024429,0.488184002663427
"CXXC4",1.49616479087146,0.151398627742174
"SP6",0.609642896838786,0.549479456854995
"CEP70",-1.30632085407052,0.207378962793644
"CCDC68",0.44627353601793,0.660555368055963
"PUS1",-0.807540509725673,0.429569389546146
"ABTB1",-1.22239401019163,0.236834406718368
"WNT10A",2.04344906675438,0.0554465893753459
"ULBP2",0.499370295354448,0.623378089141354
"ULBP1",0.759532391003918,0.457060194942003
"DNAJC5",1.07140446297243,0.297703416639928
"WDR82",2.23884328010513,0.0376128738673487
"TRAF3IP3",1.78969373348159,0.0898102824459005
"DCAF11",1.33282239951837,0.198699301887161
"ZSCAN16",1.57624227350032,0.131838228753383
"REEP4",-1.20592447442019,0.242974258561695
"COASY",-2.35876185067606,0.0294558136851323
"RNF39",1.15147963025,0.264132675458823
"PDCD1LG2",-0.758600447684182,0.457604253031
"CD276",-0.0821447723067541,0.935409769348562
"UBXN6",0.00386859316335561,0.996954537743274
"SLC19A3",3.23237703618308,0.00447822979681835
"TSGA10",1.44587493890222,0.16486454252334
"AKNA",0.579013091400352,0.569531781681681
"PBX4",0.155153431428443,0.878372908685662
"SLC35G2",-2.58832163731457,0.0182364509618989
"ACAD10",-0.356691169112694,0.725340386272798
"IQCN",0.283603984944806,0.779848833870568
"TTYH3",-0.0023660603646577,0.998137369558128
"ARHGAP39",-0.376959353215043,0.710473195724253
"SLC44A4",1.84598694578914,0.0808838420778044
"VWA7",1.71294935683683,0.10335376034362
"LY6G6C",0.25785498406688,0.799352270583401
"LY6G5C",0.686287691321298,0.501004296594962
"PRR3",-1.46804694198272,0.158811659095501
"THUMPD2",-1.51763473128018,0.145932259993809
"TSEN2",-2.28559238944655,0.034212169089708
"AARSD1",0.417777163226814,0.680896804545054
"PRR7",-0.565941966822428,0.578202819253173
"KHDC1",0.137719045728224,0.891943481982984
"ITIH5",0.790308252638553,0.439315603863468
"NDFIP1",-1.34246626703491,0.195613003683238
"THAP7",0.0042100970718947,0.996685698140027
"STARD5",-0.0636105948370439,0.949959432260224
"CPTP",-0.394002560178055,0.698062958238717
"LIMD2",0.199652049096663,0.843920792233628
"TMEM177",0.262357533370432,0.795931641736018
"B9D2",-1.66382686538583,0.112916302455867
"CYB5B",-1.72033786352163,0.101977403122295
"COL18A1",-0.702424828144657,0.49111862652983
"INTS5",-0.0368930896053075,0.970963616641037
"CMIP",0.185832612092447,0.854589104069924
"CEP44",-1.38695886923981,0.18186420061711
"ZNF436",-1.28696785905818,0.213903401864004
"EEPD1",-1.26288812125497,0.222243750993181
"DDHD1",-0.945810299970601,0.356380094649947
"DUSP16",0.791194918418586,0.438810790854674
"ZFP91",-2.34264541067444,0.030447434481016
"APOL6",-0.696582231437866,0.494684677174497
"APOL3",-0.459940015248016,0.650894133138782
"SH3BP5L",1.54129328543731,0.140099006013521
"KDM7A",0.94392254627051,0.357318753914288
"SETD7",-0.769986158990425,0.450984401746332
"LNPK",0.200497193111196,0.843269341145768
"ILKAP",0.650090494233269,0.523588490432191
"NPL",-0.257773972153328,0.799413854507509
"TUBB1",-0.94664869622036,0.355963753648349
"WNT5B",-1.60734112414673,0.124834621575269
"ZBP1",1.45167917929877,0.163262109387503
"SLC2A10",1.709432280024,0.104014527407763
"KCNH6",-0.13761523839074,0.892024390588491
"SLC25A32",-3.12775355848604,0.00565013826178812
"CLPTM1L",-0.0346801603924613,0.972704524087216
"OR2AE1",2.99154738906817,0.00763104942518169
"POLR2M",-0.637490425262749,0.531580798532121
"PTDSS2",0.966913189188317,0.346001575070234
"GPR63",-0.486458132032393,0.632328864645263
"SYNC",-1.04758060844834,0.308264438189462
"HM13",-0.984670841942639,0.337431211861057
"MOB2",0.40167018270808,0.692507797767779
"ITFG1",-1.30359953782228,0.20828684895566
"SGPP1",-1.67121495961311,0.111431499320192
"SLC38A1",-1.78321673360412,0.0908905138068816
"TMX1",-2.07664717892389,0.0519584611377674
"LRRC3",-0.0800493809897144,0.937053617392672
"GDPD5",1.25718210517886,0.224256594775527
"FBXO38",0.817843143546345,0.423807867208309
"TDRD3",-1.33461922976245,0.198121364682942
"VOPP1",-0.178301205167316,0.860415470341838
"RCC1L",1.42869929594729,0.169681539589104
"YIPF5",-1.58497492833495,0.129839056290552
"INTS14",-0.788503156842683,0.44034442925093
"MAGED4B",1.04292245483183,0.310360377016715
"FAM117A",1.79038091677926,0.0896963328586424
"TRIM11",1.4178933709812,0.172770211894937
"LMAN2L",-0.0624244746181493,0.950891229348766
"C1orf21",1.46505520069418,0.159617626046584
"NDEL1",-0.0173097425396987,0.986373978889526
"CSRNP2",-0.902998927676883,0.378081087380403
"TXNDC5",-0.79036972689595,0.439280592557771
"ACTL8",-1.85945351862424,0.0788674800837001
"CLPB",-2.09681825629522,0.0499372510098702
"PDRG1",-0.740767884950662,0.468090265011627
"ANKRD13C",-0.165736693979876,0.870153658751171
"APOLD1",-0.153662617147303,0.879531879676937
"GFOD2",0.415902135329853,0.682244318264057
"COL21A1",2.92041001991796,0.00891832553948994
"PLA2G12A",-1.47202588967068,0.157744908431112
"CDADC1",-0.641605455595744,0.528963262800062
"TRIM8",0.561826983117254,0.580946441860183
"URM1",0.498519760356138,0.623965856109029
"LBH",1.22406081301196,0.236219690766738
"NECTIN4",1.59472387496306,0.127637364646734
"FIP1L1",-2.1979436755617,0.0408403479570623
"SNX27",0.566453765768935,0.577862044269239
"FAM83D",-3.03340145192892,0.00695978061610797
"NIPA2",-1.10294192648076,0.284129040620623
"TMEM163",0.788913422468791,0.440110464595773
"CAB39L",2.24344362208157,0.03726491331771
"ITM2C",0.109679614684299,0.91383902766948
"TSPAN14",-2.24839901637778,0.0368934140775072
"CDT1",-1.31757418563099,0.203657583516536
"KAZALD1",-0.195702663244782,0.846966569350696
"UNC93B1",1.7603283020287,0.0947988415448921
"DEFB126",0.0696307785252384,0.945231242935089
"DIAPH3",-2.34186284084826,0.0304963655520859
"TRMT1L",-1.71524318617819,0.102924757182724
"TSC22D4",3.37297516147928,0.00327092890014272
"MAP1LC3B",-2.04391862394431,0.0553958149560418
"CCNL2",0.571892059764085,0.57424735567438
"VMP1",-0.328715623028067,0.746045445909521
"C6orf62",-0.612866293204377,0.5473912932129
"ISCA1",-1.78745506160023,0.0901823764855966
"DOCK8",2.20758948093474,0.0400570686665572
"PPP1R14C",1.46378947564877,0.159959615145601
"TRIM7",-2.99789579405946,0.00752533867645492
"NUAK2",1.5896972301771,0.128768623411698
"TIGD6",-1.06954322293944,0.298518964576297
"RNF170",0.334375451581825,0.741839879030125
"SLCO5A1",0.353525296351925,0.727672963921835
"NETO2",-3.39896901403217,0.0030857823164243
"VANGL1",-1.64577888377202,0.116614515877683
"TRIM56",3.1858434048002,0.00496677419237981
"SBF2",0.0776894751764649,0.938905326201267
"RNF146",0.755136468443842,0.459629931786742
"SPRY4",1.92379305099363,0.0698330046375792
"ST6GALNAC5",0.291751492988479,0.773707971789888
"TMEM14B",-0.274405839569373,0.786799465886068
"SFXN3",0.695013500621252,0.495644703773813
"ZNF611",-0.206536147243966,0.838617820154162
"MED25",0.436350037382348,0.667609286566559
"SHARPIN",-0.316569095714888,0.755098531508958
"ARPC5L",0.339883355124524,0.737755196311776
"ISG20L2",0.155575899974777,0.878044529429214
"RAB1B",1.54207087625339,0.139910623484691
"LAS1L",-1.12098343567651,0.276570289769425
"HYI",2.16504354846309,0.0436186818678996
"FAHD1",-3.0320200103926,0.00698099288129122
"QTRT1",0.785042012861799,0.442321307996287
"SLIRP",-1.43270315603522,0.168548543624862
"SLC25A28",-0.325544276348884,0.748405527562674
"CABLES2",1.57548646783433,0.132012463155548
"SEH1L",-2.30565652583096,0.0328416455323916
"KIF18A",-2.81585980245938,0.0111971614590872
"ZNF93",0.314941301897239,0.756314568904496
"HDHD3",0.295277504211815,0.77105509904529
"TCF7L1",1.40717884133767,0.175877516982194
"ADPGK",1.42186260114648,0.1716304343147
"SH3BGRL3",-1.4306486624508,0.169129146235073
"SF3B5",-1.12320711861372,0.275649004911453
"INO80B",-2.05639119624878,0.0540623770068938
"PUS7L",-1.34358244183139,0.195258265365864
"DRC3",1.59305397529261,0.128012248630029
"ABHD11",5.60962576214153,2.25001933967614e-05
"RAB33B",-0.572911776446121,0.573570869234074
"EMC6",-0.785486240030725,0.442067274650214
"CDCA3",-2.48629929583961,0.0226066886973513
"GLT8D2",0.0424367312858595,0.966603120918178
"KATNAL2",-0.418055046595688,0.680697193597331
"DOHH",-1.67431173827833,0.110814107224696
"ARHGAP24",1.35482579606824,0.191713358229611
"DDX59",-0.0221199452452796,0.982588025171007
"PUS3",0.641848713031245,0.52880875131714
"PLVAP",0.548467001230633,0.589899274892311
"CHST9",-1.05688587066871,0.304107918040345
"NUF2",-2.60302112428938,0.0176768948001211
"FAM110A",0.715755456451755,0.483038440499651
"AIF1L",1.47143124465406,0.157903957751352
"DNAL1",-1.4730562278944,0.157469635430783
"RILP",-0.370940857362946,0.714875794741386
"COG3",0.663825442311001,0.514952861138248
"UCK1",0.596949879295286,0.557743314098685
"TMUB1",1.48748989598112,0.153654684370872
"THAP2",0.197103393537549,0.845886036441805
"AKR1E2",-0.665637641390477,0.51381947589961
"RASSF5",1.47622643069322,0.156625129345509
"NUDT12",-1.75964919153892,0.0949169966224629
"SOX7",-2.26689342948126,0.0355368374645786
"BCL2L12",0.46241440781078,0.649151614172301
"TMEM47",-0.776452963849706,0.447250742747453
"CCM2",-0.0544486328702614,0.957158742850365
"GUCD1",-0.694368140398918,0.496039961498954
"AMMECR1L",-0.740365236486986,0.468328685646345
"C19orf12",-0.864767045625295,0.398190766728702
"ZMIZ2",0.673431377578514,0.508961172065689
"C11orf68",-0.626728336247597,0.538459930493148
"TEX101",-0.620025215480253,0.542768881405983
"RAMAC",-0.983833718497691,0.337831889172176
"FAM107B",-0.509914337255385,0.616113220981593
"SELENOO",-0.00891138905096806,0.992984790419392
"CCDC3",-1.26111447969903,0.222867912931579
"FAM167A",0.631389183106824,0.535474789831554
"DYNLRB2",0.031404000391694,0.975282129158132
"DYNLRB1",-2.21034881810213,0.03983554716582
"TEKT1",0.24954336360429,0.805677597305608
"TLN2",1.09767401783995,0.286364409220538
"MS4A8",1.65215649272269,0.115296078560975
"PARP9",0.905018481454276,0.377037944258797
"SESN2",2.21940765087094,0.0391161777375943
"CRISPLD1",0.358921519241494,0.723698743687864
"CD99L2",-2.66973168773001,0.0153358802093412
"HSDL1",-0.565117650541484,0.578751895011794
"RPS6KL1",-2.34157105377576,0.0305146285559938
"RHNO1",-0.729670960190792,0.474687681556986
"TRAPPC9",1.79570318710892,0.0888180442734881
"SH3BGRL2",1.71678634366065,0.102637011084587
"JAM3",0.3087983982166,0.760909465285177
"FERMT3",-0.128024257784888,0.89950484012755
"TRPT1",0.178518549627131,0.860247213622742
"ESPN",-0.646970242023116,0.525561456274645
"CRISPLD2",1.58480711361013,0.129877232996074
"YPEL3",2.02228759746403,0.0577788047433781
"INHBE",-1.12361996037304,0.27547821181787
"RIOK1",-2.68772862974532,0.0147567166029642
"SLC25A18",0.307510788705942,0.761873763160854
"ATG10",-0.872212502472501,0.394220662819264
"ITCH",-3.1797788929821,0.00503416216861609
"TFAP2D",0.61569177755832,0.54556440331311
"GRWD1",-0.909131605330519,0.374919372604893
"ZNF484",-1.88677947883548,0.0749114859503208
"L3MBTL2",0.662415460153114,0.515835663465047
"LONP2",-1.03527045179292,0.313825460503921
"TAS1R3",0.850388543070621,0.405931241064764
"RBP5",-0.268579400194686,0.791211822610186
"RBM4B",1.22391414100208,0.236273734279058
"FRMD8",0.519577463113974,0.609490839918274
"ARMC10",-0.192577202371071,0.849378691164815
"SYT15",-2.36425844524138,0.0291245421020315
"ESYT3",0.940096526690188,0.359226352464427
"SETDB2",0.306988651280669,0.762264908952653
"ROPN1L",-1.52420574272185,0.144292263650732
"FSD1L",-1.78340198488917,0.090859461319256
"TMTC1",-1.04808693750522,0.308037227059004
"ATAD3B",-0.26777475854178,0.791821750259312
"RSPH3",0.628608227101573,0.537254827014346
"TMEM120A",1.41506063918429,0.173587379204122
"RAB34",1.54317969752002,0.139642360420823
"HMCN1",-0.91418817409154,0.372325787954739
"TBC1D10A",0.0446793301445641,0.964839445482874
"TM2D2",-2.91571694097053,0.00901025501383382
"CDCA7",-0.231864545765302,0.81917690630138
"MIXL1",-0.486784395801571,0.632101969428005
"TSPAN10",-0.235165582981879,0.816651729206803
"SLC25A2",-0.0530144664475601,0.958286044686205
"PRSS27",0.889116033581365,0.385303902896465
"FGFBP2",-0.183676373082286,0.856256329530199
"SNX25",1.12000870630303,0.27697484122528
"KCTD10",-0.925320348096855,0.366658456471062
"TTC29",0.709525612603341,0.486804823871549
"HASPIN",-1.89305813652393,0.0740276615745056
"STK40",0.496243521795864,0.625540137790974
"SPRTN",-1.1153941207974,0.278896001148961
"HDAC10",0.23596312626308,0.816041944478967
"RASSF4",1.83488959786506,0.0825793462292111
"LRMDA",2.27707228801978,0.0348099891363493
"EIF2A",-0.916563807750094,0.371111456805439
"TATDN1",-2.27687382820006,0.0348240285225348
"TM2D1",-0.473936737867087,0.641064822965847
"IMMP2L",1.05689604994649,0.30410339326673
"SLC4A11",0.978270433628948,0.340503078686212
"IFI27L2",-0.541179521541468,0.594811637520395
"SPNS1",-1.95120406407097,0.0662714270624283
"FAM234A",1.62083785743055,0.121894167705581
"CCDC8",0.00976800776170434,0.992310466003976
"NCALD",2.32900543032195,0.0313108161281673
"BRIP1",-1.51906396482446,0.145574243296877
"TMPRSS13",2.34997726019458,0.0299925316079225
"B3GNT5",-2.0410106447377,0.0557109372147907
"OBSCN",1.84963064004688,0.0803338467245885
"EMILIN2",-1.14120671636466,0.268274994801897
"KATNAL1",-2.76017613699731,0.0126294259688469
"MND1",-3.73842596578099,0.00143649095054687
"WDR54",-0.463061658450658,0.6486961489314
"ADGRV1",1.40148397303087,0.177547344137329
"RBM48",0.124974238366602,0.901885753265986
"MAGT1",0.259345241547079,0.798219642744754
"DTNBP1",2.9246853639162,0.00883536730276376
"HDHD2",-0.660095533149279,0.517290038134361
"TMEM222",1.44236915601374,0.165838609587057
"SLC10A7",0.0652174183016962,0.948697255816918
"PLEKHN1",1.54929604197594,0.138170288185888
"FAM186B",0.298989521130267,0.768265409998006
"ARMC2",2.31032452385842,0.0325301597924382
"HORMAD1",-0.354599249202634,0.726881380646235
"QRICH2",0.250492101334006,0.804954881535633
"KBTBD7",0.00558003239712316,0.99560725848522
"ANKRD27",-1.49272966680045,0.152288706095414
"ENKD1",-0.225446852108871,0.824092005747094
"NSRP1",-1.17437837305659,0.255071443737795
"ZRANB3",-2.39962677807631,0.0270745522039069
"FBXO30",-2.16762370568497,0.0433947052169309
"ARL6",-2.35694016659086,0.029566374865968
"USP44",2.87541797151435,0.00983816868800606
"SLC41A2",-0.0641150763017617,0.949563142054367
"PCBD2",-0.384676668366297,0.704843176506199
"PCGF6",-2.03253835870026,0.0566382609227516
"QRFPR",0.0862280392867004,0.932207283107209
"ZNF394",2.3672652785914,0.028944794834519
"LRRIQ1",0.330792177624964,0.744501490990678
"ATRIP",0.425313328198259,0.675491990521124
"WDR75",-0.884637932650548,0.387653063326274
"ACAD11",-0.575248334033025,0.572022325773179
"CEP78",-2.68316283237386,0.0149016455715201
"USP42",1.24835114413305,0.227399547354313
"TOMM40L",-0.688829071234059,0.499439898844171
"UTP15",-3.43287880957326,0.00285969570409244
"SLC7A6OS",-0.277933387557936,0.784131643479994
"FAM161A",-1.65968092667296,0.113756887579105
"EVA1A",0.918134465185545,0.370310060362717
"ABRAXAS1",-2.58946247449689,0.0181924301479238
"ZNF644",-0.340493621198249,0.737303110892995
"KAT8",1.97002364556898,0.0639207593248827
"PPP1R1B",2.84962441785905,0.0104060306274615
"RNASEH2C",0.911719837131981,0.373590325748843
"RPF2",-1.55402317016732,0.137041453929551
"ARID5B",0.858283761099134,0.401668978258915
"ASCC2",0.13428907519481,0.894617478752847
"NLRC5",0.739255398090449,0.468986232005975
"C19orf44",0.0130532306983224,0.989724420576993
"ANTXR1",1.52019416255615,0.14529164918851
"LOXL4",-0.313841137929817,0.757136812715173
"POLR1B",-0.126658782659733,0.900570640817562
"ELMOD3",1.35612032653363,0.191308514996794
"SLA2",1.08206842147293,0.293061806505785
"SLC49A3",1.19858493685264,0.245749151284563
"CHD6",0.145085144426731,0.886205424092273
"MINDY4",1.42846210445488,0.16974885248089
"ZCCHC7",0.00337838599956533,0.997340440559281
"TMEM164",0.761694235889809,0.455799649363964
"FAR1",-0.445704113337487,0.66095925716475
"SLITRK6",-0.682488256325273,0.503348348847648
"METTL25",-0.00404144591694534,0.996818464096044
"CIAO2A",-1.83544192971075,0.082494226969656
"SETD3",-1.07659455290634,0.295437766899502
"USP48",0.494341223561109,0.626857216317957
"POMK",-0.616767037802842,0.54487002697997
"MEX3B",-1.6847373475258,0.108757033467099
"ANKRD20A1",-1.00335279063735,0.328575348450187
"TMEM117",-3.13304278453181,0.00558430125241128
"ZMYND12",0.198752487744224,0.844614316104577
"WDR24",-0.240543503119245,0.812542231218806
"RGPD5",-0.840649883486145,0.411228807754963
"SPATC1L",1.14006917469457,0.268736637458125
"NBPF3",2.70512136041086,0.0142168387803154
"ZMYND15",2.9787426653805,0.00784866135036278
"LRRC8C",-0.904785640361728,0.377158113663753
"TRAF7",-0.122733701258815,0.903635376690226
"MAF1",-0.0751461268713021,0.940901373986554
"TMEM126A",-0.326443112782349,0.747736362928775
"RHBDD1",1.07602424192042,0.295686114206593
"ATP13A4",2.62069847789768,0.0170255207999242
"ZCCHC9",-0.654782108696843,0.520629693566785
"ZDHHC18",-0.297712981188706,0.769224402734904
"MRI1",-0.449999637796988,0.657915105393801
"MED10",-1.60759709776268,0.124778302112161
"RTL6",-1.13742901109009,0.26981035576078
"FYTTD1",-2.15684772366426,0.044337160983581
"SLF1",-1.77656135921013,0.0920122512792799
"CAMKK1",0.457774131343929,0.65242109106352
"SLC37A3",1.1031715241401,0.284031905283835
"FLYWCH1",-1.64733666619226,0.116291299771598
"DCUN1D5",-0.730649959540901,0.474103425374653
"TCHP",0.667566045708157,0.512614958108025
"FBXW9",-2.45154463253282,0.0243081330715935
"PSMG3",-0.148514755119753,0.883536000958912
"HSDL2",-3.26439524233899,0.00416972679908311
"HAGHL",-1.38907758608361,0.181229316496139
"POLR3GL",-0.65773320434556,0.518773353064094
"ALKBH7",-0.505990015728681,0.618812389326389
"RPAIN",0.792430827760271,0.438107742181384
"CHCHD5",0.562656361022241,0.580392932276064
"CARD19",-1.97830332831619,0.0629103773912137
"POLDIP3",0.150602235116258,0.881911918023872
"YIPF4",-2.18076279272552,0.0422703537786317
"NOA1",-1.16783513186661,0.257636489076335
"COQ5",-1.32973233750154,0.199696315419797
"SLC25A33",0.21459831830003,0.832417441507376
"NICN1",1.14650600513881,0.266132181675673
"DNAJC30",1.83514589356833,0.0825398392054251
"PRADC1",-0.71202447121717,0.485292026318288
"BTBD10",-0.17890234263985,0.859950117910944
"RNF135",-0.336500871095568,0.740262718844392
"TMEM79",-0.455504522132507,0.654022869338246
"NTPCR",1.20664681116018,0.242702454561954
"EIF1AD",0.871092120887404,0.394816416333047
"TMEM175",0.481997270797457,0.635434854477238
"ZDHHC16",1.05618260091113,0.304420644461
"CAPNS2",-0.558280085210694,0.583316580845951
"WDR83",-1.00028662230233,0.33001752891099
"PRXL2A",-1.4619542720942,0.160456537365766
"UTP23",-0.997589760457047,0.331289666715573
"PHF6",-2.18269599689381,0.042107190853241
"GINS4",-1.50395972798477,0.14939477385468
"LLPH",-2.19055507631714,0.0414497997167326
"MIEN1",-0.953690022011477,0.352480192276269
"UQCC2",0.714616299570618,0.483725859850591
"DDI2",2.16796587451685,0.0433650814804548
"CHCHD6",-2.73754832127043,0.01326020389347
"NUDT22",-0.705356006328418,0.489335214932348
"PYM1",-0.184826369065006,0.855367054240558
"PDCD2L",0.0179471329478676,0.985872288585257
"ZNF397",1.47099801380358,0.15801991646701
"NUDT16L1",1.9673606067549,0.0642488013531329
"MRPL45",-2.37299036556441,0.0286054028821284
"BRMS1L",-0.715123919862112,0.483419467609254
"VPS25",0.611921026088045,0.548003210636915
"TMEM107",0.554188891404995,0.586056480044509
"MON1A",0.593689639556718,0.559876434932264
"NAA38",1.02484950648062,0.31858857994869
"CCDC77",-4.90005030017041,0.000105587098948336
"CMSS1",-1.848641005485,0.0804829005686297
"ACBD6",-0.375729606731218,0.711371925863337
"THOC3",0.00510629202022417,0.995980195222599
"SARNP",-0.600482905787326,0.55543655527843
"METTL26",-0.999860992455892,0.330218075162343
"ZBED3",-0.213292002305417,0.833421336406071
"LZIC",-0.74935003560168,0.463025839000627
"HVCN1",0.545096934533043,0.592168463131285
"ZNF414",-0.0283486282441945,0.977686276014512
"MCRIP2",-0.78852322509696,0.440332983010791
"DYDC2",-0.164846370996159,0.870844537004542
"PCGF5",-1.22454899823626,0.236039879712584
"AKT1S1",-1.94925630495665,0.0665190601117924
"TMEM101",0.818976500539148,0.423177061325707
"ELOF1",-1.62714295979786,0.120540710864849
"GFM2",-4.14792435286572,0.000569218935282083
"COG8",0.582789772586651,0.567038989587858
"HPS3",-2.1278039240228,0.046971021142325
"ARFGAP2",-0.186637328251771,0.853967069130487
"NIFK",-0.951110678653512,0.353753554567321
"HOOK3",0.47167038387272,0.642651836660503
"CYSTM1",-0.179378817667212,0.859581306542181
"CARD11",-0.0491712764851013,0.961307356565568
"ZNF528",0.129551516578161,0.898312994157044
"MSANTD4",1.04337656276068,0.310155604025344
"RAB11FIP4",1.25784932517461,0.224020501765566
"MAML2",0.859197861468138,0.401177381384865
"DOT1L",-1.31529023357836,0.204408583708735
"LZTS2",0.229214134182293,0.821205849500155
"BRSK1",1.94145657835502,0.0675189754599425
"SYVN1",0.211611028712006,0.834713585561499
"ABLIM2",1.56327083258131,0.134855375081951
"ZNF333",-0.224773385827869,0.824608228390755
"ZNF512",0.606140738272238,0.551753016512924
"MAP3K21",1.30943760870762,0.206342970480736
"EFCAB7",-0.556963958635744,0.584197294069688
"L3MBTL3",-1.91899678102469,0.0704733844811316
"PHYHIPL",1.73850536021068,0.0986600615600721
"LCOR",-1.44480406062766,0.165161586001287
"ZMAT1",0.87716174890286,0.391595992887544
"NEURL4",1.86457777662606,0.0781119147883707
"SLX4",-1.39708588731428,0.178845656789841
"FBN3",0.176095305642785,0.862123549161997
"FAM120B",0.265416372106088,0.793610227777037
"SPIRE2",1.70299955860478,0.10523246331763
"PLPP5",-1.58533402671576,0.129757395519409
"GHDC",1.72869622715813,0.100439431841045
"MCM8",-2.18092939893364,0.0422562694285047
"DCTN5",1.10211951703755,0.284477175116654
"ACTRT3",-2.50556543319149,0.0217123501284569
"CNFN",-0.0772392378479416,0.939258647543222
"ACRBP",0.0143984956462602,0.988665493669941
"GON7",-1.1692091865657,0.25709623926021
"JAGN1",0.0239614543832233,0.981138740701279
"ZC3H8",-1.79606904143819,0.0887579467313318
"HOPX",1.90204716841547,0.072778358800365
"ZNF559",-0.0603906125340656,0.952489167327481
"ACSS1",2.64093645630894,0.0163077553037597
"KBTBD8",0.907953967999371,0.375525130447608
"MRPL43",-0.421173187541446,0.678459013590662
"PGBD1",-1.86335407942772,0.078291765779441
"TMEM185A",-0.170089981564987,0.866777122987838
"MAK16",-0.355011424252151,0.726577660649873
"PARD6G",-1.66307385301518,0.113068580297131
"FAXC",1.35075403271444,0.192991181801645
"MAP1LC3A",-0.451236069729218,0.657040004768102
"SLC12A8",-1.46494744302796,0.159646718013136
"GNPTG",0.166309958786039,0.869708869966762
"PARD6B",0.405344641836816,0.689851975527673
"ZBTB37",0.763717750308129,0.454621682862754
"TUBB6",-1.39154903494265,0.180490985136402
"ZGPAT",-0.0188516401358752,0.985160360963815
"AFAP1L2",-1.22074717948786,0.23744295793378
"KISS1R",-2.47166774710893,0.0233088926916729
"USP38",-1.74929634488214,0.0967340989640014
"C22orf23",-1.26870667040837,0.220205655623275
"PLA2G12B",0.0250751934495645,0.980262250279961
"LCE3D",-0.760903026227033,0.456260748357861
"SPINK7",0.137926052988819,0.891782141833666
"GLYR1",-0.434879150603645,0.668657567809112
"RNASE7",-0.350172155578462,0.73014649971779
"DPY30",-1.80987144594455,0.0865164315765398
"GLIS2",1.57525646108744,0.132065524454959
"USP32",0.232581005179023,0.818628666547481
"ZNF347",1.33395134678022,0.198336028787209
"CARD6",-0.933930897974999,0.362314996453945
"KDM2B",0.0151175380983642,0.988099507282229
"SLC9A7",-1.03790272397891,0.312630383132807
"ACCS",1.14643814627271,0.266159540193405
"HINT2",0.339426533924917,0.738093673975992
"INSM2",-0.755747973393263,0.459271939077104
"PPP1R9B",0.946779951975437,0.355898603132586
"MCEE",-0.209939362359037,0.835999159098585
"LOXL3",0.135895650297263,0.893364833219597
"CAPS2",-2.60269473412978,0.0176891408028234
"GTPBP3",-0.363076831014951,0.720643910964538
"GPT2",-0.101168426398893,0.920500153329046
"BEX2",2.48210154518448,0.0228060895214442
"LNX1",0.513181359279058,0.613870422583603
"MGARP",-0.743390690438058,0.466539002348518
"HDGFL2",-0.392848116350042,0.698900876375717
"PIGO",1.00871900844598,0.326061990016824
"PSRC1",-0.736876385237548,0.4703975877242
"PLEKHA8",-0.53867949678323,0.596501509375889
"PRRC2B",0.53101128879875,0.601699481481516
"SPSB2",-0.39670959097438,0.696099705156215
"CBX2",-0.599049943561427,0.556371546732058
"UNC119B",0.363959464070617,0.719995650439161
"USP30",-0.923528394893922,0.367566780563046
"B3GNT9",0.661669972271231,0.516302763309087
"PCGF1",-0.197208333140932,0.845805097919114
"ZNF577",0.884623675491403,0.387660557530212
"MPV17L2",-0.48222331868091,0.635277295032044
"ZNF607",-0.907728891342124,0.375640980722236
"TUBA1C",-0.637484993486079,0.531584258330412
"FAM220A",0.25841550629043,0.798926207837029
"PYROXD2",0.139629855437992,0.890454393847283
"GPAT3",-2.83393239597148,0.0107667856394206
"NFKBID",-0.064503803773713,0.949257790408823
"BUD13",2.22158673192158,0.03894492426949
"PLCD4",-1.36947977780747,0.187170227753721
"RTN4IP1",-1.61847508530276,0.122404662345122
"TXNDC17",-0.753468652419912,0.460607178784502
"IL17RC",0.686147657263421,0.501090579021891
"LMNB2",-3.04838052898987,0.00673375466726516
"FCRLA",1.91587589229458,0.0708928670298293
"SFT2D3",1.08219815227851,0.293005665015033
"ADTRP",-0.647618155052997,0.52515143619136
"ABHD14B",0.500738340677511,0.622433238351809
"ZNF496",0.7584426803205,0.457696394784497
"RAX2",0.470011672417223,0.643814469454854
"HPDL",-2.45818797641145,0.0239738908252752
"PHF5A",-1.15773220505672,0.261634936774411
"TRIM52",0.929932167681813,0.364327740599175
"ZNF503",0.772484472723468,0.449539722105117
"LRCH3",0.212947987910211,0.833685758104096
"KLHL22",-0.553544908515726,0.58648834769928
"RIOX2",-1.61956780943895,0.122168346852975
"CCDC142",0.418980770972319,0.680032396098034
"TMEM25",2.22240533379244,0.0388807686876177
"HAVCR2",1.22500380804544,0.235872455961904
"CBR4",-0.476271861164747,0.639431509105962
"RSPO3",-0.278762207484582,0.783505218424117
"AGBL4",2.68539144629699,0.0148307356588748
"ZC3H10",-0.19634551565347,0.846470629805842
"ZNF514",1.77822112185303,0.0917313842372431
"PARP10",2.42014149400559,0.0259480150560047
"ORAI1",-0.204753619644122,0.839990190440187
"ZBTB45",-1.33873127287006,0.196803763050978
"MFSD2A",5.01790017422437,8.13899326346855e-05
"RPUSD4",1.33981994538397,0.196456089966537
"AIFM2",-0.288026370441464,0.776513761224704
"ZDHHC12",0.932374247854482,0.363097632138434
"C1orf198",3.32477057068737,0.00364364887009459
"SPPL2A",-1.09126362590396,0.289101881420748
"ADO",-2.36848867457388,0.0288719566594693
"POMGNT2",2.25194229080328,0.0366298740593346
"FBH1",0.246703439696233,0.807842025351296
"MIGA2",-0.48368592694237,0.634258262989935
"ATAD1",-1.15967205984684,0.260863617307677
"TBRG1",-0.0490640172357863,0.961391686940003
"PLXDC2",-0.146289559890889,0.885267811372841
"TMTC4",-0.794332040002645,0.437027604813612
"RNFT2",-1.14092076984096,0.268390983496232
"NFATC2IP",1.81743057657346,0.0853099042304682
"CEP89",-1.37191870823707,0.186422508111839
"ARHGEF39",-0.478178115531198,0.638099570727557
"ZNF341",0.932615018066436,0.362976505485621
"FAM136A",-0.870906374535141,0.39491524231785
"AOPEP",-0.118013039996575,0.907323363176169
"TMEM87B",0.869100879028835,0.395876696009772
"SLC35B4",-4.92440241560178,0.000100047979599467
"ATOH8",-0.687586183655733,0.50020463242399
"ZNF587",0.312734112907168,0.757964484803015
"FAM222A",0.387908686081298,0.702490486634116
"UTP4",-1.27209658906087,0.219024955895767
"LRP11",-1.18740266996637,0.25002301145541
"PPP1R15B",-0.348539589010232,0.731351909796977
"ALG10",-1.34576937531699,0.194564702673499
"FIZ1",0.384194444666964,0.705194465543952
"ZNF566",-0.987445897172204,0.336105335613483
"SLC49A4",-0.164561630492498,0.871065514222321
"SPRYD3",-0.168690800120599,0.86786208495156
"TMEM209",0.494402358927552,0.626814868464472
"FIBCD1",-1.5898268528599,0.12873934596265
"MASTL",-1.735921703147,0.099126074949529
"RAB2B",0.838532497678882,0.41238646328799
"C8orf76",-1.19402528156565,0.24748511301984
"RITA1",-2.00526916277683,0.0597179993051623
"ZFYVE19",0.452260402742415,0.65631540519156
"ATG4C",-1.23508297343225,0.232185430761305
"PWWP3A",-0.909926108759512,0.374511062163402
"HSH2D",2.45945662303446,0.0239105541935441
"WDR73",0.840106692425841,0.411525591744391
"ABHD13",-1.7212393182905,0.101810561873345
"LTV1",-0.742865681668134,0.466849272253939
"SERAC1",-0.474802009897493,0.640459384060917
"TIGD5",-0.652663190167996,0.521964847719446
"PRPF38A",1.24287673370453,0.22936489383317
"TNS4",-0.935961012680901,0.361296036880514
"CGNL1",-0.188632824705484,0.852425001580517
"MPND",0.536154227139954,0.598210844194575
"NUDCD1",-0.407309382163751,0.688433594394985
"SYTL1",1.55763817020904,0.136183397515683
"UBASH3B",-1.92096919392569,0.0702094071337198
"CCDC183",1.61026063765516,0.124193539568459
"FBXL20",-1.22662343062504,0.235276981795195
"AJUBA",0.165503296982715,0.870334761223928
"LSM10",-2.06351854314972,0.0533134674684968
"PNMA6A",2.26179443369198,0.0359061853659022
"TOX2",-1.9777710060509,0.0629749054365562
"ATG4D",-0.407854020316902,0.688040619972861
"DISP1",0.987475335610483,0.3360912898813
"FRMD5",0.868045781518792,0.396439259263349
"CEP19",-1.64552496610234,0.116667272216484
"FAM83A",-1.05036907766031,0.307014623277115
"ARHGAP19",-0.300318507436575,0.767267425041646
"COX14",1.23465469352884,0.232341192923463
"PPP1R16A",0.209166861579469,0.83659340138772
"RBM17",-1.61107790225076,0.124014578928428
"PIGY",-0.997264088368298,0.331443521586435
"UBL7",0.209338899014208,0.836461053717015
"RERG",-0.106739889763652,0.916139035016298
"PHYKPL",2.18204411419642,0.0421621454123536
"TCEAL3",-0.273405725234703,0.787556329518336
"TMEM128",-0.358277659422207,0.724172513965395
"TMEM141",-0.147486106575685,0.884336496506503
"USP45",-2.05032780596166,0.054706951853206
"CFAP300",-0.0431402884749908,0.966049794043796
"REPS1",-0.65411593555177,0.521049251334058
"TMEM60",0.172891634420393,0.864605466625181
"SMIM3",2.73769131725012,0.0132561247586201
"KRTAP4-1",-0.799968539484883,0.433835103150588
"COL27A1",0.335129627532501,0.741280110599829
"FBF1",0.433946572462742,0.669322566302273
"PPIL4",-0.651008013622469,0.52300911727094
"PAQR8",-0.0735965506896486,0.9421176963601
"SHANK3",-0.158916508265481,0.875448723217343
"DGCR6L",-1.27966060562542,0.216408171217684
"SYDE1",-0.701699779940224,0.491560348733864
"TRIM5",1.29561688884461,0.210968012348308
"ZCCHC3",1.0476846196053,0.308217754222238
"ALG2",-1.43877866501571,0.166841062712341
"MYLK2",-2.67747235568926,0.0150841724613747
"STRIP1",1.41797622624824,0.172746357292542
"MICALL1",-0.549531915577513,0.589183132078413
"TUBGCP6",0.440596875028028,0.664586566083738
"EAF1",-1.22799700030025,0.234772874960492
"DNAJC14",-0.807885096132013,0.429375894048678
"NKD1",0.913064327060328,0.372901182396115
"NKD2",0.89320029238757,0.38316957453457
"SLC45A3",0.836909834354593,0.413275049077199
"RHPN2",-0.673336953331246,0.509019876116934
"ZIC5",-1.23160341196945,0.233453244168039
"CCNB3",-2.16819027022348,0.043345664146942
"ZCRB1",-2.71685310298741,0.0138633739258197
"STON2",-1.58447032095158,0.129953879475258
"DOCK7",-1.13012671996479,0.272796674958689
"HELZ2",2.43344136098402,0.0252412437048333
"LRRCC1",-0.737167784266631,0.470224578144059
"ZFHX2",0.624521242717099,0.539876658108185
"ITPRIP",-1.20157209020555,0.244616895078835
"UNK",2.90029853809381,0.00931875598014626
"CFAP74",0.0633211140224521,0.950186836982089
"TSPYL5",1.6239567616832,0.121223063438278
"DISP2",1.53114925766749,0.14257593667224
"TNKS1BP1",2.2818721198173,0.0344720286743959
"CIPC",0.816928307250288,0.424317482459806
"DIXDC1",0.394872337931647,0.697431919341888
"CEP295",0.570324606347289,0.575288010828431
"ZNF518B",-1.15178451914688,0.26401046903612
"TANC1",-0.569869475771105,0.575590359302187
"FHDC1",3.57773401050765,0.00206441016943756
"ZC3H12C",0.91342081508278,0.372718600838739
"SSH2",-1.40964271418274,0.17515900746282
"SELENOI",-1.04202084595094,0.310767229902947
"LBX2",-0.259844668099481,0.797840170477889
"GFM1",-1.84896015349723,0.0804348055555171
"SCIN",1.63700399710912,0.118449462597596
"TSLP",-2.10289569714272,0.049342396327183
"GTPBP10",-0.149552974884326,0.88272818758836
"PNPT1",0.350494112452429,0.729908867009535
"GGACT",-1.07893699241859,0.294419315225782
"ANKRD13A",-0.162246268612508,0.87286278909199
"RRP36",-0.297703592816068,0.769231457109829
"TRIM4",1.69186855470674,0.10736887181902
"RSPH1",1.56234479006183,0.135072963120836
"SERPINB11",-1.70611935520108,0.104640257200948
"WNT3A",-1.34501275940104,0.19480443377167
"HPS4",-0.598407194211263,0.556791203085341
"LMLN",-2.08361328187695,0.0512522107505001
"SIGLEC10",0.674201099736555,0.508482775007703
"NAV3",-1.39089389394873,0.180686468951371
"NAV1",0.104624942433625,0.917794217144269
"NAV2",1.11167857096932,0.280449986690526
"PPP1R3F",-1.28145445667007,0.215791171119766
"ARHGAP11B",-1.95800283973947,0.0654134746312179
"ABCC10",1.09995423672535,0.285395254427224
"FGD3",0.881552375727527,0.389277198524505
"FCHSD1",0.820930774480708,0.422090746224098
"ATG16L2",2.54745045744498,0.0198816487552275
"MVB12B",1.19131109909307,0.248522864824545
"KLHL6",0.564277704273688,0.57931165451581
"AQP10",-0.962665769757393,0.348073570538301
"SLC25A21",0.116157295707485,0.908773748867116
"LHX4",-0.859422602329336,0.401056577206228
"SLAMF9",-1.67468352511882,0.110740182414561
"ZNF628",-0.714291620426284,0.483921891256408
"KBTBD6",-0.951748181107032,0.353438541906972
"TMEM116",-0.045817224750557,0.96394462723052
"UBE3B",-0.252437595722327,0.80347343566519
"BMERB1",0.0308101065858258,0.975749421507244
"PAPLN",-2.23445715799311,0.0379474127328179
"RHOT2",0.979296657949173,0.340009242329549
"GLB1L2",4.08859798230939,0.000650858059976005
"KLC4",1.13085683800722,0.27249699163113
"SAPCD2",-2.25149165487759,0.0366632947318148
"RSPRY1",-0.760373559853116,0.456569467815248
"DPH6",-0.649555096937078,0.523926734869107
"MIDN",-0.865341630504032,0.397883458122278
"SYT8",1.9887473581552,0.0616562584354987
"UBE3D",0.863893714714175,0.398658151736982
"FAM181A",-0.355874107485681,0.725942124681535
"CCDC120",0.84392276052089,0.409443513620084
"ZNF30",0.949891903775833,0.354356329028171
"PHLDB2",-0.674929095362642,0.508030546707414
"TMEM250",0.417541259902295,0.681066279109031
"TSR2",0.835119893769587,0.414256659908267
"BTBD6",0.490966802290661,0.62919670521859
"EFCAB11",-2.16530079200063,0.0435963039360592
"HS6ST2",0.166430938794686,0.869615008831932
"EMILIN3",-0.385673484409893,0.704117234634602
"SYS1",0.185845490854248,0.854579148185958
"SNX21",-1.40703720912432,0.175918891660075
"ZSWIM1",-0.587322125313965,0.564054907142492
"UCN2",-1.18754260698992,0.249969182443287
"KIAA2013",-0.766765352693372,0.45285106285878
"ZNF551",1.43201775847254,0.168742057726895
"UNC5A",-0.614675548319392,0.546221095415567
"OTULIN",-1.05156113722788,0.306481441925004
"EFCAB12",0.510670433664496,0.615593817352014
"KLHL13",-0.910952799144565,0.373983867326152
"TP53I13",-0.594341891181781,0.559449335033923
"ZNF616",1.24102699638792,0.230031909308843
"ZNF766",0.138914918600275,0.891011493267591
"CCDC97",-0.521456838967479,0.608206844204673
"ZNF160",1.69837767963483,0.106115085465501
"CTU1",0.154974491919148,0.878512002850931
"FAM110B",1.41654558493038,0.173158623190181
"SAMD1",-1.35525371424095,0.191579458437883
"DCAF15",-0.220777173172104,0.827673070881973
"TICRR",-0.961716770433725,0.348537680328673
"MED30",-2.07388512420624,0.0522409182684627
"TMEM41A",0.0492544489274337,0.961241964269293
"MCFD2",-0.828632312410369,0.417826970713946
"CCDC32",0.455674040249969,0.65390317206038
"KNSTRN",-2.17568157248268,0.0427019717561161
"ATP6V1E2",-1.1323661306643,0.271878262313059
"BMF",0.806830074769512,0.429968492895107
"ZNF622",-1.80351198040929,0.0875429969757634
"ERI1",-2.43701150032336,0.0250546116136822
"GADD45GIP1",-1.23062672211652,0.233810064026177
"TMEM263",-1.49472955984549,0.151769989089184
"LRRC46",0.269700274217656,0.790362417856987
"SCRN2",-0.001646097823778,0.998704144020078
"YIF1B",-4.12518012084799,0.000599225477396478
"SHF",-1.05170810734123,0.306415751515623
"DUOXA1",-0.332362365133159,0.743334766032663
"MCU",-0.413638473274068,0.683872591147825
"CCDC74A",1.16323641977764,0.259450805887779
"ZNF799",1.1683605715708,0.257429796522861
"TIMM29",-1.10306174646298,0.284078345629559
"ZNF625",-0.221999446874348,0.826735360137166
"ZNF700",-0.146073734611405,0.885435814176687
"ZNF439",1.67302887497142,0.111069511077425
"LYRM7",-1.61929049939718,0.122228282119462
"STARD13",-0.0690320954633646,0.945701351817281
"N4BP2L1",1.81370867460407,0.0859021133801716
"ZFAND2A",-0.948752801471739,0.35492033392978
"COX19",-1.63881839831421,0.118068050285815
"CARMIL3",1.17853804670559,0.253450810344372
"LRSAM1",0.557541096023465,0.583811008219972
"CCDC126",-0.499385466634341,0.623367607298584
"SEC11C",-0.45857225200913,0.651858228435824
"PYGO2",-0.236435438271632,0.815680881518146
"CEP95",1.00991149650563,0.325505309391293
"ANGEL2",0.502304196670653,0.621352593919729
"PIP4P1",1.13239788583111,0.27186525558143
"PRMT9",0.493358335736553,0.627538235491123
"TCEAL8",-0.265113008720125,0.793840368321619
"ZNF598",0.537039737453217,0.597611175336256
"SPOCD1",0.447163802027098,0.659924120578321
"JPT2",0.255521004387716,0.801127063135982
"SPSB3",0.1992887892192,0.844200834548477
"IL33",-0.0575366817403834,0.954731753206068
"DMAC1",-0.188039312471722,0.852883588840162
"ZNF697",-0.727488414934646,0.475991740218492
"TRIM41",-0.150762631862627,0.881787149686018
"ESAM",2.5869031389582,0.0182913263377643
"ADCK2",1.06806014488618,0.299169966418051
"DHX57",-1.08922159123946,0.289977900137436
"KIFC2",1.13341607356503,0.271448456175414
"CREB3L1",-0.709032715129549,0.487103547118068
"FMNL3",-0.287450303824357,0.776947941854806
"CERS5",-0.356036219236318,0.725822720252701
"DPP9",-0.287857271863974,0.77664120276406
"CCDC149",-1.35363998139795,0.192084800468343
"AP5B1",0.381753183550414,0.706973911756953
"CCDC34",-2.61302227232647,0.0173055274408117
"TRIM47",-0.919473414456616,0.369627807579806
"ZNF682",0.45187442808314,0.656588397503319
"L3MBTL4",1.50453514847744,0.149247721606939
"SLC25A46",-1.85900731184756,0.0789335761323369
"TMEM67",-1.03259977727792,0.315041293602738
"TIGD7",-2.51861712256081,0.0211255168567311
"IGFN1",-1.27768711782833,0.217088544306049
"NUP210L",1.02833723404626,0.316988763097792
"BOD1",0.321467358066304,0.751443275468171
"MSANTD3",-2.10261883209651,0.0493693552627043
"LMF2",-0.0368991036459407,0.97095888560604
"R3HDM4",-0.305662468662374,0.763258679789671
"TMEM259",1.06661025473188,0.299807390831329
"DERL3",0.794097529158408,0.437160747868443
"DDX60L",-0.349262120294315,0.730818338031137
"CDKN2AIPNL",-1.16420353826475,0.2590684582392
"ANKRD40",-0.488024620513052,0.631239816161179
"UAP1L1",-1.11643820940253,0.278460466069507
"ZNF502",1.11708149650718,0.278192372333232
"SESTD1",-0.367180398747304,0.717631847503452
"BTF3L4",1.28483256307525,0.214632984770724
"CCDC74B",0.428180888417572,0.673440150219136
"ATP23",-2.12942975709947,0.046819897795276
"RCCD1",-0.596785597332607,0.557850698584396
"FAAP24",-1.83702683538019,0.0822504058803527
"RNF185",0.468188230109701,0.645093655841615
"ACBD5",-0.737294107019295,0.470149589556377
"PKDCC",0.623684812229512,0.540414087917921
"PCED1B",-0.641402564848318,0.529092153316409
"ANKRD44",0.237819628440211,0.814622969761663
"RSAD2",2.59174964015465,0.0181044794125314
"UBXN11",1.29365078157989,0.211632505467536
"RPS19BP1",0.584689087882483,0.565787491665208
"ZNF830",-1.166927035396,0.257994001233695
"SLFN11",1.09250951249455,0.288568353326183
"RASL10B",-0.107746667716525,0.91535125676156
"CHURC1",0.432205719068305,0.670564676953136
"DEPDC7",-3.07218420578494,0.00638916347708013
"NEXN",-0.355949355437083,0.725886699433149
"TDRD12",-0.400303846059764,0.693496404266146
"ATPAF2",0.62515490187369,0.539469707351832
"BOC",0.780246267704741,0.445069528034926
"ZNF765",-0.299224244988791,0.768089116880072
"MYADM",-0.584237122196644,0.566085170943381
"ZNF845",0.00534149631606066,0.995795038149476
"SYT12",-0.993776197082598,0.333094415444496
"CENPL",-2.94550551998642,0.00844191138657771
"SMDT1",-0.395581737662889,0.696917405140512
"LONRF1",-0.808875813832414,0.428819882112336
"ACY3",1.82441424277569,0.0842083311230223
"IDI2",-0.375092777596301,0.711837507663823
"YTHDC1",-0.665323997164935,0.514015534636197
"LIN52",-0.225858790825249,0.823776288734758
"NEK9",1.90626970177937,0.0721979766853633
"CABLES1",1.58637627418481,0.129520627494052
"NXPE3",-3.26722309887734,0.00414350266030446
"CHMP7",-1.14087800231745,0.268408334521701
"ALKBH8",0.695970491627506,0.495058919624548
"WDR20",0.164451164078149,0.87115124630527
"CALML4",0.624819173560588,0.539685299226671
"MARVELD3",1.31711082405614,0.203809768291114
"RFT1",-0.221485542857748,0.82712958738521
"TTC5",-1.0575853779074,0.303797093843536
"FDXACB1",0.69724398136871,0.494280024536798
"C11orf52",3.44028754291819,0.00281251710726216
"NDUFAF2",-1.68183284311629,0.109326811446046
"ARRDC4",0.86895836628833,0.395952651314186
"COG7",0.736215431116707,0.47079015073216
"ZNF300",-2.28320804049464,0.0343785059425875
"MYOZ3",0.700368813996725,0.492371815673119
"TPGS1",0.947216822126203,0.355681815528917
"CCNQ",-1.5329088180852,0.142143703828238
"SLC25A51",-2.3060453819228,0.0328155929190944
"SNX29",-0.248422119761817,0.806531953969836
"ZC3HAV1L",-1.18953845918449,0.249202399313464
"INTS4",1.21940073295268,0.237941396240121
"OXNAD1",-1.09599933012468,0.287077727681108
"DSEL",-1.23560708347999,0.231994925049823
"MTDH",-2.21808196021647,0.0392207015318919
"MTSS2",-0.375590640779601,0.711473513070773
"TMEM88",1.71394185046236,0.10316795094649
"MTG1",0.81254681646293,0.426763590691526
"UBTD2",0.097506928285091,0.923367646367849
"DAPL1",-1.13585326081885,0.270452707617306
"CDHR1",-1.498706394155,0.150742833824694
"RCSD1",-1.35510318987242,0.191626550499075
"LMBRD2",-1.02969131899442,0.316369184971047
"ZNF585B",-2.17753473502484,0.0425440923886893
"CAPN13",1.85560188610445,0.0794396249264742
"SCGB3A1",3.31796598667936,0.00369951734828168
"MEX3A",1.19669111525539,0.246469046212579
"STRADA",1.22217968834385,0.23691353720379
"PRR29",0.230406444989843,0.820292950503134
"METTL18",-1.10252088270161,0.284307233838128
"GORAB",-0.760692634411169,0.456383407690168
"NAF1",-1.08881035613242,0.290154550855441
"CRB3",2.08166500379409,0.0514488541929175
"PXYLP1",-1.41868439300097,0.172542579913972
"MRRF",-1.35827988764648,0.190634662782916
"RBM18",-2.20719772301958,0.0400886107109671
"CHMP4C",0.0759917199495825,0.940237697950224
"BBIP1",-1.90859834366084,0.0718796645643359
"SPECC1",-1.61628633754131,0.122879169240938
"BICDL1",0.671192369948815,0.510354208309245
"FANK1",0.174925576796247,0.863029580963193
"G6PC3",-0.60403049089164,0.55312537570034
"ZNF764",0.185631311915011,0.854744721758766
"MOB1B",-1.54874216495729,0.138303059598538
"TIFA",0.506251995849356,0.618632023997758
"MGME1",0.355817348329893,0.725983932698812
"DTD1",0.191939109201344,0.849871337763262
"FAM114A1",-0.644512779200837,0.527118226908107
"TMEM169",1.0293463052062,0.316526968536377
"TMEM183A",0.130567597889773,0.897520199471488
"ARRDC1",2.14941922460005,0.0449976870480607
"DPH7",0.753719036957077,0.4604603872492
"DNER",-0.124564291889623,0.902205839990612
"SLC38A5",0.379287380103776,0.708773008045998
"BPIFB1",0.770019771962007,0.450964945784978
"HELB",1.5345412199246,0.141743681360064
"SHKBP1",-0.95290379162703,0.352868003064657
"ZNF276",1.15553908721732,0.262509010919796
"REEP6",-0.605829606868808,0.551955241049262
"IMP4",-0.313544038060526,0.757358911179909
"HNRNPLL",-1.17721178805498,0.25396668397844
"UBE2Q2",-1.98941257479914,0.0615771425434119
"CCDC102A",-0.488270259395969,0.63106912246651
"MARS2",0.235111354814421,0.816693195284635
"PEX11G",1.06987711220872,0.298372544087842
"ZBTB47",0.170740614285133,0.866272697719872
"B3GNT7",1.35411409147186,0.19193622252102
"PKHD1L1",1.09726435434249,0.286538781964406
"COQ10A",-0.541335634368755,0.59470619284814
"TEX30",-2.85077243468175,0.0103800992658902
"NEURL3",1.19251944796081,0.24806045357665
"DMKN",2.18279818983095,0.0420985818007961
"NAPRT",-0.237805977848426,0.814633400881776
"TMEM44",-0.758350928635642,0.457749986216089
"ORAI3",-0.436064709322201,0.667812581250759
"ZNF561",-1.09593248555895,0.28710622645069
"OLFM2",1.38846579698874,0.181412459119424
"PIGM",1.31419950428357,0.204768001337921
"IGSF8",-1.02484668523934,0.318589876361471
"PGAP3",1.53408397133237,0.141855636354347
"LEMD1",2.52743289897123,0.0207376269368729
"HAUS8",-0.76277315698675,0.455171336210833
"MVB12A",-2.24838423644791,0.0368945170202831
"SP140L",1.57441398509448,0.132260031748666
"MMGT1",-1.7802534828348,0.0913884809001602
"ARMC6",-1.16811029815952,0.257528231202255
"ZNF670",-0.808205499165423,0.429196027426994
"MAPK1IP1L",-0.17760122102747,0.860957408052286
"SDR42E1",-0.364640844766848,0.719495351133797
"ZFAND4",-0.819954864675182,0.422633000342397
"TRMT10A",-3.18082123261924,0.00502251661712122
"CACNA2D4",-0.483276551561851,0.634543408508092
"TBC1D31",-3.06028287157362,0.00655925320450332
"FBXO44",1.86148216171378,0.0785675934397004
"MRFAP1",-1.13503137344424,0.270788198491624
"TADA2B",0.790526414400949,0.439191362493383
"TBCK",0.402768562448035,0.691713481035642
"TJAP1",0.201564612899635,0.842446722114456
"CGB5",0.244860953234131,0.809247116751493
"ARHGAP18",0.0390991928418553,0.969228228237146
"CADPS2",1.72940974542038,0.100309072933859
"GCNA",-0.0725736026990983,0.942920728137402
"ACTR8",0.0607052639869227,0.95224194242111
"ATP5IF1",0.111725479013458,0.912238826253922
"FOXP2",-0.238021796673954,0.814468486769955
"PIGS",1.41893751311397,0.172469790952312
"TTYH2",1.05116550963543,0.306658323558247
"MUC16",1.15396210952399,0.263138868013797
"CAMK2N2",-0.307455726619709,0.761915008399444
"ZNF101",-1.82485555674428,0.0841391403156594
"SYAP1",-1.48092797443187,0.155379536982473
"LENG9",-0.914406381485254,0.372214137803712
"SFXN1",-0.62602026956397,0.538914216676929
"SFXN5",-0.991264316408465,0.334286895263277
"ORMDL1",0.0895574281989262,0.929596936096249
"ORMDL3",2.34444527446749,0.030335172533955
"PAXBP1",-0.0263026767767561,0.979296275319767
"TMEM203",-1.57517028099662,0.132085410334486
"SYTL3",3.10209520156458,0.00598040267021983
"SYTL4",0.268702459226316,0.791118554633494
"ARHGAP12",-1.73315259901977,0.0996276459917285
"RP1L1",-0.932703241096264,0.362932129106797
"FOXQ1",-0.0355061398622132,0.972054710570307
"GNG8",-0.964158066567062,0.347344620559949
"EPSTI1",3.38199770085521,0.00320545720326029
"TP53INP1",1.24723394178159,0.227799571460205
"PPP1R14A",-3.09450460089403,0.00608165817746973
"CEP41",-0.183570481368636,0.856338224017217
"FNIP1",-0.410829757021881,0.685895139938659
"TGS1",-1.87910115751555,0.0760049962553331
"MYL12B",-1.27199938965306,0.219058741558523
"EGLN2",-0.827966616423681,0.418194430235988
"EGLN3",-2.90787229187993,0.00916596363901674
"CAVIN3",-1.13599294297026,0.270395720637965
"PRRT2",-0.395981640766882,0.696627429464578
"ERI2",-1.21164150235279,0.240829358602138
"SAT2",-0.0609091177027795,0.952081775098806
"DTD2",0.138821001820281,0.891084680268147
"SNX18",-0.13318729558855,0.895476700261725
"MRAP2",-0.53663959520213,0.597882115624969
"RWDD2A",0.623735375339491,0.54038159149346
"CMTM7",0.674679163552427,0.508185777710092
"RDH13",1.03767248361838,0.312734784877383
"IFT43",0.97303547410857,0.343029965544944
"GLMP",-1.73428771488442,0.0994217768500284
"FDX2",1.30317904103461,0.20842741291384
"HOGA1",-1.10799141823377,0.281998378106666
"WDR89",-0.251541842271068,0.804155435210848
"L3HYPDH",-2.73593583124393,0.0133062852347859
"TP53RK",-0.922078307973144,0.36830292552623
"SGF29",0.0397628699039224,0.968706189980612
"VPS26B",2.71104351645225,0.0140373494957098
"GLB1L3",2.03202093866887,0.0566953421976545
"NACC1",-2.19945585656288,0.0407166317762402
"CFAP36",-1.37431754686886,0.185689411320044
"MED8",0.376410440419536,0.71087430146255
"KTI12",1.02777733747973,0.317245202161502
"RPUSD1",-0.845030747880745,0.408840259042894
"PLCD3",-0.860336743919988,0.400565445550099
"MTFR2",-2.56403498591209,0.0191978401242383
"CDCA5",-1.38144757477477,0.183524051223516
"AHNAK2",-2.24240606658733,0.0373431321602257
"SAAL1",-0.76377879114452,0.454586177485159
"IZUMO4",0.64389261004602,0.527511498135316
"SCAMP4",-0.329606923397454,0.745382612724284
"ADAT3",0.44546745251587,0.661127151139621
"CHST14",0.10801499363727,0.915141313677357
"SLC46A1",0.814530995184459,0.425654758399241
"C12orf57",-1.6412664079174,0.117555096974739
"LARP4",-3.20862902682418,0.00472137216547015
"GLCCI1",1.79485482026555,0.0889575388663382
"TMEM106A",-0.289305531492489,0.775549929684745
"SLC52A3",2.64072780305522,0.0163150066600225
"SFT2D1",0.686597972138119,0.500813146451398
"TEX261",-0.417518030747726,0.68108296803548
"SMIM12",-0.470093952342217,0.643756775094813
"AZIN2",-0.389644053130491,0.701228527071871
"TMEM54",2.13887617444668,0.0459505621554018
"HELQ",0.753630861058094,0.460512078407058
"CMTM1",0.226031617060568,0.823643840884616
"CYP2U1",0.945738732120107,0.356415650065926
"ADPRHL1",-0.262843557897048,0.795562656693582
"SDSL",-1.18247898733831,0.251922566086737
"TUBA3FP",-0.972203004830674,0.343432986346338
"KLHDC7B",1.78559875402378,0.0904919340783739
"PIK3IP1",4.35197182678129,0.000359286555567736
"HENMT1",1.69425970496832,0.106906821257949
"FAM83F",-1.26247093832464,0.22239043981868
"SLC35A4",1.09674213057759,0.286761178342605
"DTX2",1.14687962921567,0.265981585951877
"BUD23",2.02457714287368,0.0575222835375161
"TRIM9",1.81976516406744,0.0849402619824512
"SLC2A13",-1.13433489814353,0.271072738231482
"LACTB",-0.76498887870201,0.453882659882751
"EFHC1",0.452273542766506,0.656306112384068
"CGB1",-0.0580233641489991,0.954349295814593
"MAL2",2.32823847608169,0.0313600309500355
"TIRAP",-0.41245271783883,0.68472615203531
"ERMAP",0.3898986827658,0.701043435239371
"LRRC37B",0.155118519317099,0.878400046425827
"CYGB",0.503008351320261,0.620866923380227
"CARD16",-0.04781517528549,0.962373597339836
"PGLYRP3",0.925385801483402,0.366625307467053
"LMTK3",0.614710922564643,0.546198229290687
"MBD6",0.152588416570581,0.880367145211726
"GPRIN1",-0.0203178746452409,0.984006331414813
"SLC25A25",0.251692229217996,0.804040923855826
"STK11IP",2.14551664414501,0.0453482802695615
"TUBGCP5",-0.99643947273943,0.331833312232571
"FMNL2",-1.27194856213519,0.219076410371006
"ELFN2",0.646260737999745,0.526010656336698
"ESCO1",-1.71860358613779,0.102299045390949
"CCDC85A",0.530884883270772,0.601785351798224
"TMEM200A",-0.83751401879602,0.41294404863698
"RNF157",-1.11046570141206,0.280958630820726
"GALNT13",0.0698729935983012,0.945041052234052
"RHPN1",2.33009723491545,0.0312408795187876
"LENG8",0.639631006492922,0.530218306597523
"SMYD4",0.237366755470737,0.814969052295294
"SLAMF6",2.05794255175841,0.0538985635827932
"OSBPL1A",-0.429805365025054,0.672278944863166
"OSBPL5",0.8963444627049,0.38153186159023
"OSBPL6",-0.634566568268284,0.533444949495399
"OSBPL7",2.76878411559542,0.0123970890049766
"OSBPL8",-3.65131494493973,0.00174875699774798
"OSBPL9",1.20804479852488,0.242177071089167
"OSBPL10",-0.598538060867906,0.556705745629692
"OSBPL11",-0.858786970501416,0.401398307319612
"C1QTNF1",0.802706687115223,0.432289500364532
"C1QTNF3",0.479610645785137,0.6370994641173
"C1QTNF5",2.25228053203341,0.0366048073954327
"C1QTNF6",-1.28804825046963,0.21353499452867
"FBXO32",-1.36265181551984,0.189276271146369
"TMEM123",1.99310082214738,0.0611401370436557
"SMIM19",0.0128613415789824,0.989875467969882
"GPRASP2",-0.777923746667427,0.446404237349381
"MRFAP1L1",0.253972564118397,0.802305134025682
"PTPMT1",-1.0813426544137,0.293376029044401
"FLYWCH2",-0.762665851984291,0.455233801975206
"WDR31",-0.11400424689381,0.910456909780135
"VASN",1.49368230861742,0.152041435291893
"ZNF618",0.332135534636458,0.743503272674938
"CGAS",-0.382665336739361,0.706308835693073
"SLC26A9",2.47080710207221,0.0233508283079891
"NT5C3B",0.481535138645074,0.635757024507639
"CCDC124",-2.03962839954152,0.0558612893596784
"HAUS1",-1.82939863364955,0.0834297492053634
"ZNF554",-0.0232496382136199,0.981698938806154
"ATG4A",-3.14763987069554,0.00540646221279271
"KCTD12",1.81629001740925,0.0854910033862153
"OMA1",0.0102838100820708,0.991904432764734
"DDIT4L",0.775860605861179,0.447591951837635
"RAB42",2.05244049460115,0.0544815775241902
"SLC25A26",1.61009241881982,0.124230402353008
"FBXO17",0.258967126482199,0.798506974941422
"PCMTD1",0.484874000162661,0.633431057631529
"GPR146",0.867056547681576,0.396967179108674
"LRRC42",0.873972248130837,0.393286122125171
"GBP4",1.29925366502998,0.209743181688802
"GBP5",0.900259718666158,0.379499019575736
"LRRC56",1.11336962481243,0.279741935496173
"MALSU1",-0.0832211841646214,0.934565432682944
"UHRF2",-1.25583023322547,0.224735538979764
"ZNF689",0.423115466985282,0.677066407450734
"FCHO2",-1.71782453309366,0.102443814024308
"ARHGEF25",-0.971952849343824,0.343554157294587
"ZNF501",-0.235591491849928,0.816326073315973
"TENT5B",1.00851032675697,0.326159476210387
"TNFRSF13C",0.227787211141842,0.822298725147464
"NOSTRIN",0.514142494446818,0.613211349273634
"ALPK2",0.830056583669638,0.417041474643775
"ARHGAP33",-1.35389001135025,0.192006433978577
"EVI5L",-0.255315623785374,0.801283290933543
"TRMT61A",1.19566925174344,0.246858149001159
"DIS3L",-0.55236089019115,0.587282790258448
"ARL11",-0.0269200889539892,0.978810411634525
"DHRS1",0.728556374572059,0.47535337482362
"WDFY2",-0.651879463713644,0.522459164891591
"CTHRC1",-1.03843158328397,0.31239066768218
"TSR3",-1.24307873410813,0.229292142752697
"ZNF653",-0.170761405245185,0.866256579787943
"RNF166",0.427462157538704,0.673954181287137
"RMI2",-0.0237829041944868,0.981279258459325
"OSR2",0.160390126797396,0.874304112958042
"LRRC58",-2.00913783924422,0.0592721163132707
"LYSMD3",-1.46618501693945,0.159312864092231
"BATF2",2.29023096572314,0.0338907019109006
"DNTTIP1",-1.21642868664805,0.239044441619273
"FOXP4",1.82231167766977,0.0845386633224962
"ZNF526",-1.1242052298541,0.275236219127909
"KLHDC3",0.224923466182457,0.82449318228548
"NUS1",-0.797826926734638,0.435046386319693
"FAM210B",0.676171717777639,0.507259162013271
"PHACTR3",2.74723442960253,0.0129865899377566
"CYYR1",-0.0948041564999574,0.925485009407915
"TM4SF19",-3.01591437479199,0.00723297336087486
"ZMYND19",-0.338782727570444,0.738570789963823
"COX20",0.277974638644483,0.78410046217688
"ABHD15",1.22968587239537,0.23415418560569
"TLCD1",1.62479126990719,0.121044030850538
"GINM1",0.0793812971999434,0.93757779488249
"MOGAT1",0.485136267039598,0.633248519013357
"C8orf34",0.366677597653201,0.7180006548428
"RBP7",-1.22251320890095,0.236790405714137
"LYPD1",-0.300281635689832,0.767295107774552
"ZNF837",0.675541452952363,0.507650329275868
"TM4SF18",-1.08177120979027,0.293190455427154
"RAB39B",0.183827311673636,0.856139599605114
"GRIN3B",-0.738090863839163,0.469676778053214
"TOP1MT",-0.1755616255309,0.862536895176085
"TSEN15",-2.20400202698959,0.040346761476083
"MRPL53",-0.462146989831232,0.649339835599605
"MRPL54",-0.291284801196013,0.774059313032332
"RPL39L",-1.24312902794704,0.229274032031678
"CNTROB",0.606912167320066,0.55125178460274
"SNAP47",0.615691095427895,0.545564843966763
"LEAP2",-0.409586930448724,0.686790875010501
"SLC18B1",-0.348286706108629,0.731538690916587
"LRG1",0.846956921296475,0.40779289884852
"MED12L",-1.7776890058534,0.0918213482822366
"WDR17",-1.10062606834998,0.285110165977142
"ACAP3",1.91300923139666,0.0712801282548658
"ARAP2",2.47355609450708,0.0232171290190239
"ARAP1",1.08693653113686,0.290960465975323
"AGAP1",0.0985926454530072,0.922517255408759
"AGAP3",0.288731374511064,0.775982503462578
"TADA1",-0.409952524712721,0.686527332908317
"CATSPER1",-0.0939734590936427,0.926135896901158
"THEM4",-1.26202319101929,0.222547959062156
"CATSPER2",-0.647385990709382,0.525298336837852
"SCGB3A2",3.12517002234397,0.00568257093090797
"WFIKKN1",0.384398045651035,0.705046138536155
"RAB3IP",-0.0274296513478443,0.978409425195419
"SSX2IP",-3.2849829697793,0.00398246430414998
"FTSJ3",0.0125642172938292,0.990109353023451
"SLC16A10",2.23098729592035,0.0382140029289116
"IP6K3",0.120667664459137,0.905249182988564
"TAGAP",2.6540017736298,0.0158597435099987
"RFFL",-1.87793448231629,0.0761723757657782
"ZNF354B",0.820118603625558,0.42254198967494
"TRIM6",-0.649264809103845,0.524110178796348
"UBE2J2",0.144787037868018,0.886437520612087
"BORCS5",-0.350601176393659,0.729829850550136
"ANTXR2",-0.456519747335793,0.653306159615019
"MUCL1",-1.09617689236905,0.287002035145666
"EXOSC6",-1.51879646743651,0.145641194814994
"ZNF511",-0.46565055919519,0.646875782933844
"CHCHD1",-1.5186078026012,0.145688430789432
"MSS51",0.148500073929052,0.883547424976061
"CFAP70",0.726587631583789,0.476530572408817
"C10orf90",-2.62525449621283,0.0168613677165147
"BTBD16",-2.2367274644729,0.0377739114364323
"PSTK",-0.756761215285631,0.458679130195883
"ZNF488",-2.3412699649515,0.030533484405853
"MORN4",-0.52316959865124,0.607037818792726
"ZFYVE27",0.89568331923147,0.3818758467723
"COMTD1",-0.5282979819415,0.603544008646133
"FRA10AC1",-0.903970453591857,0.377579033318532
"ANKRD22",0.0753995856153528,0.940702438516506
"SFXN2",-0.80635067805352,0.43023793679866
"PDZD8",-0.846374606245455,0.408109351038379
"AGAP4",1.22542417012763,0.23571779390536
"BORCS7",-0.59616035370251,0.55825949464639
"GSTO2",-0.614595299180522,0.54627297084539
"SFR1",-1.91857590379694,0.0705298263493939
"CLRN3",1.44381598739688,0.165436047251662
"ANAPC16",-0.721481571044738,0.479591751712207
"SFXN4",-1.05020268101025,0.307089101593746
"CPXM2",-0.21337122707225,0.833360444321054
"LARGE2",1.82853108240129,0.0835648092378999
"SLC36A4",-0.0148442506318918,0.988314621770009
"TMEM45B",1.65443770034627,0.114827575629844
"CYP2R1",0.595710720565238,0.558553570680876
"PIH1D2",0.30788402505874,0.76159420311757
"JAML",2.02383200414448,0.057605656427708
"DNAJC24",-1.27765159373667,0.217100806713456
"ARL14EP",-0.631325212434313,0.535515700074291
"DEPDC4",-0.336286779627873,0.740421531292964
"LRRK2",1.75469171920706,0.0957833952293897
"LRIG3",1.23088122964179,0.233717043017117
"SLC15A4",0.520194937423399,0.609068835572151
"RHEBL1",-1.0965457566487,0.286844839583317
"C12orf54",-1.17829957872009,0.253543508754456
"ZNF641",1.0282132279226,0.317045546639123
"KRT74",-0.905532449415508,0.376772775603721
"NEDD1",-1.59659437502592,0.127218544311767
"IKBIP",-2.70459309301223,0.0142329554617375
"ERP27",2.42386536099011,0.0257482810336731
"FGD4",0.280678693461818,0.782057313749578
"AEBP2",-2.80267316195118,0.0115215545370485
"ALKBH2",1.00674375426823,0.32698555654574
"FOXN4",-0.0997290389184934,0.921627274805297
"SPPL3",0.982922424436088,0.338268443118376
"TEX29",-0.0767742575376712,0.939623551947592
"SLAIN1",0.755467746679035,0.459435970924208
"TDRD9",0.716717177324877,0.482458541426474
"ANKRD9",-1.13557825892621,0.270564927856484
"IFI27L1",0.523709666439653,0.606669426796356
"TRAPPC6B",-0.135926233580319,0.893340990235941
"CLBA1",-0.144569609295998,0.886606810405627
"MRPL52",-1.75435515908387,0.0958424620694883
"LRR1",-2.08342777476625,0.0512709049848143
"KLHDC1",0.200147294530023,0.843539034749596
"FRMD6",-0.784955034653592,0.44237105746461
"SOCS4",-0.947647832096636,0.355468024273663
"NAA30",-0.988673228810925,0.335520095220246
"NOXRED1",0.65170571928626,0.522568785383221
"JDP2",-0.991333013835834,0.334254242557987
"ISCA2",-1.23555050450005,0.232015484830614
"ACOT4",-0.42249439027828,0.677511587170669
"TTC8",-1.5371944640528,0.141095496657463
"TC2N",1.03662761570299,0.313208889120023
"SLC25A29",1.59850455618799,0.126792033630102
"DEGS2",2.18184107578114,0.042179275212799
"LEO1",-1.22066147788189,0.237474659832989
"C15orf40",-1.54697931014829,0.138726346604011
"SENP8",-0.0440381720349332,0.965343660979998
"MTFMT",-1.29369222155292,0.211618482964266
"SLC51B",-1.61830839834472,0.122440744469974
"LRRC28",0.759013055443331,0.45736332870751
"NIPA1",-2.35634180350053,0.0296027746814649
"WHAMM",-0.0245208504547593,0.980698504002641
"NTAN1",-1.80366777252441,0.0875177220243934
"DNAAF1",0.509206436541337,0.616599705056242
"DCUN1D3",2.30136087931126,0.0331307224219985
"CMTM3",-0.338695269557115,0.738635612301757
"SPATA2L",1.47349790030297,0.157351755525681
"SPATA33",-1.7601468409183,0.0948304005787554
"CCDC78",-1.43460228143336,0.168013288810447
"IQCK",1.4174378977886,0.172901393364941
"ZG16B",-0.700568340275387,0.492250118423144
"PAQR4",-0.981846717877927,0.33878426292766
"CDYL2",-0.865715319269876,0.397683679009014
"ANKS3",2.6031786939527,0.017670985736841
"UBALD1",0.417093644265697,0.681387897151109
"TMEM219",0.794409044006147,0.436983891459523
"EARS2",0.9952467068033,0.332397692357909
"TMEM170A",-3.14514668566289,0.00543644101866123
"METTL23",0.115838880078908,0.909022644771879
"MSI2",0.57407463206368,0.572799922847429
"SLC38A10",1.01697882947531,0.322219851963445
"CANT1",0.410935098131792,0.685819239996287
"USH1G",0.705594218111832,0.48919044615611
"CYB5D1",0.173851482055031,0.863861709692881
"OVCA2",0.347811735987352,0.731889553793341
"USP43",1.44926239743222,0.163927783811403
"HEXIM2",-1.38777270910846,0.181620118535983
"LSM12",-2.22854268577922,0.0384028555670321
"CNTD1",1.0012012689799,0.329586858839627
"RSKR",1.4443319418051,0.165292682132917
"SEZ6",0.354900877917855,0.72665911451668
"ANKRD13B",-1.24502337358364,0.228592683478298
"SLC43A2",1.56247243277958,0.13504295405704
"CYB5D2",0.575580563930702,0.571802316586346
"ZFP3",0.888612660450434,0.385567496082184
"GGT6",1.54752357464234,0.138595545742656
"SPNS2",1.62291904681015,0.121446003846319
"MRPL10",-0.830811096011462,0.416625737637054
"WDR81",-0.400234680176089,0.69354646395852
"TBC1D16",0.409487040462764,0.686862888827564
"AFMID",-0.309148476702589,0.76064735899934
"GJD3",0.966960235746853,0.345978672316257
"ZSWIM7",-0.748872634803252,0.463306687809943
"MIEF2",3.5497355054196,0.00219882408822332
"FAM210A",-1.14459753823636,0.266902413492428
"INO80C",0.0441374586035789,0.965265579678788
"TTC39C",-1.2772766173167,0.217230276084919
"CLDND2",-1.03643706458748,0.313295406035967
"ZNF816",1.35912854305473,0.190370373181293
"ZNF543",1.08673506910871,0.291047209876165
"RAVER1",-1.51995223635241,0.145352102037625
"COX6B2",-0.358399434618525,0.724082899552345
"MICOS13",-0.445124750973013,0.661370306155524
"TRAPPC5",0.27298405505024,0.787875505009804
"OSCAR",-0.428117918698341,0.673485179108293
"ZNF813",0.804304629031126,0.431389106516438
"ZNF441",-0.573173393793224,0.573397376574005
"ZNF491",-0.682252057561778,0.503494277855891
"SWSAP1",1.55285143677501,0.137320543086848
"CCDC159",1.32032575867048,0.202755710238171
"JOSD2",-0.412056817082669,0.685011236615439
"CPT1C",0.184560269592903,0.855572807485741
"ALDH16A1",0.269574324937603,0.790457849521927
"NTN5",0.305023581824725,0.763737578552676
"NLRP8",0.609272921023799,0.549719404383561
"ZNF787",-0.835146043832936,0.414242308367803
"ZNF573",-0.813829336903768,0.426046662778639
"EID2B",-2.63365379821214,0.0165626701437221
"TNFAIP8L1",-2.57001507521677,0.0189567672169382
"ZNF57",-0.407593509792653,0.688228575555429
"IRGQ",1.15605792833734,0.262302028284934
"ZNF428",-0.750003115433474,0.462641806886518
"JSRP1",1.32966972358803,0.19971655870268
"MOB3A",-3.42584184814889,0.00290522913512914
"MFSD12",-1.64917851996683,0.115910125938852
"NDUFA11",-0.42573438243828,0.675190547362799
"MISP",0.234507402253373,0.817155050801713
"WTIP",0.810215657254374,0.428068654594018
"ZNF792",0.281508608646518,0.781430566258043
"NR2C2AP",-0.326431191102142,0.747745237021534
"HSPB6",-0.200729589257963,0.843090226649756
"CYP4F22",0.293158343103532,0.772649151731455
"RINL",0.713479576979995,0.484412382579313
"FBXO27",-1.85707179389034,0.0792208465372076
"C19orf47",-0.806586895181996,0.43010515820731
"ANKLE1",-1.54373711918098,0.139507662274158
"GABPB2",0.602760213909246,0.553952348640647
"TDRD10",2.16066523531155,0.0440011689651024
"SHE",1.62772882226713,0.120415597858287
"KDF1",1.898082057259,0.0733271148047363
"CCSAP",-0.802020885365055,0.432676290748436
"PUSL1",-0.21279048848991,0.833806824557275
"B3GALT6",1.48293356530912,0.154850671637237
"KLHDC9",1.1376544859738,0.269718534014053
"MAB21L3",0.184958647548371,0.855264777925202
"IFFO2",-0.121800606284605,0.904364175522279
"SLC44A3",2.09181311705671,0.0504320244830147
"ATXN7L2",2.63915585885776,0.0163697351852173
"LYPLAL1",-0.222411208936524,0.826419522367658
"TYW3",-0.844101019010268,0.409346420372884
"TPRG1L",0.260407437148497,0.797412631531385
"PRXL2B",0.920545420004217,0.369082184094433
"MYOM3",-1.23117915432082,0.233608189359735
"ZNF684",-0.536375087366071,0.598061249656532
"TCEANC2",0.154968160844328,0.878516924228445
"PODN",0.754364094426265,0.460082343522614
"RNF19B",-2.415540504179,0.026196794814636
"DCST2",0.582319628014665,0.567348999111847
"C1orf122",-0.0850520071922966,0.933129519999093
"OSCP1",1.10583212423222,0.282908065650685
"C1orf216",-0.525755341018228,0.605275009294148
"VWA5B1",-0.407754507818974,0.68811241472426
"GOLT1A",2.33548986913111,0.0308975701072938
"UHMK1",-1.23088623188975,0.233715215009289
"FCRLB",0.522478729152888,0.607509233517002
"LIX1L",-1.48049256252046,0.155494548953079
"SPATA17",0.0763456355977132,0.939959935410021
"EDARADD",0.295110609489733,0.771180600954147
"TMEM125",2.50598517649949,0.0216932411076089
"TSACC",-1.01129617251439,0.324859750873779
"IQGAP3",-1.3136577857512,0.204946693416508
"NAXE",-0.546191510286505,0.591430970139662
"ARHGEF19",2.39760256896875,0.027188149716954
"MRPL55",1.27128333158303,0.219307761892692
"DRAM2",1.15155439200112,0.264102705338243
"C1orf162",0.351446671441264,0.729205958521985
"TATDN3",0.318114162774468,0.753944902210215
"VSTM2L",-0.0787491793951381,0.938073780484185
"FITM2",0.521400713847751,0.608245170163436
"SPATA25",-1.16875694828017,0.257273955968276
"TSHZ2",0.111805454647149,0.912176279969716
"TBC1D20",-0.0820895981007749,0.935453050082667
"SLX4IP",-1.18006126590316,0.252859299845005
"CSTL1",-0.0392980288437116,0.969071825361509
"CHMP4B",-0.544905881734419,0.59229723571061
"PIGU",-0.219332915283891,0.828781427428517
"FAM83C",-1.04104778487147,0.311206752948411
"C22orf39",-0.486663671250984,0.632185921126868
"TANGO2",-0.00807611882224071,0.993642314682745
"ZNF280A",0.63834245168378,0.531038248887532
"EMID1",0.859456643810068,0.401038281068788
"ANKRD54",-0.615609711265712,0.545617419196825
"PPP1R21",0.0136235022407884,0.989275528142993
"TRABD2A",-0.341249665919925,0.736743169017658
"TMEM150A",1.12916356735862,0.27319238249962
"NUP35",-0.527743879465469,0.60392102992762
"TYW5",1.56306139804875,0.134904559307098
"LYG1",0.645002418237713,0.526807843887968
"MITD1",-0.0975989630641699,0.923295556180778
"DIS3L2",1.67975328906819,0.109736325337748
"CMPK2",2.43205513332783,0.025314059965194
"MBOAT2",-1.28021203831532,0.216218358281598
"TAF8",0.978476806906884,0.340403728471254
"TMEM18",0.91350634957374,0.372674801775289
"FBLN7",1.11480036991126,0.279143904212854
"NEU4",0.063628084997727,0.949945692820265
"RBM45",-0.551998142355979,0.587526291590287
"BBS5",-1.22542445323247,0.235717689769954
"ICA1L",-1.40250020480026,0.177248435561293
"FAM168B",-0.343155389857203,0.735332423529104
"RFTN2",-0.290300461580758,0.774800521132685
"CLHC1",0.912019500010598,0.373436654116788
"PLEKHH2",1.92413790424896,0.0697871608232864
"AP1S3",-0.981463227520681,0.33896828519517
"C2orf76",-1.4404767907765,0.166366339037034
"SGPP2",0.0521702539555478,0.958949665770885
"ACVR1C",-1.26658098284333,0.220948543889778
"OSR1",0.931087373838612,0.363745496783381
"TTC32",-1.33252574460218,0.198794846901988
"UBR3",0.297493341114263,0.769389444573463
"KCTD18",0.456445294161818,0.653358708923485
"ZNF513",0.357885519986384,0.724461117323489
"LYPD6",-0.829399658385083,0.417403656617308
"LYPD6B",0.348054916203187,0.731709907727911
"GALM",1.21713526983494,0.238781847195607
"TMEM198",1.36623426584754,0.188168940468384
"ZFAND2B",0.39729402535896,0.695676137235513
"TMEM178A",-1.0676918098683,0.299331807076
"MDH1B",0.668783573186638,0.51185528856007
"TMEM182",-0.752023983375552,0.461454689794161
"FBXO36",0.984862603556185,0.337339474421302
"CCDC148",0.21486878090866,0.832209629748207
"CPNE4",-0.221608430422635,0.82703531329523
"KCNH8",0.240148216953336,0.812844097614374
"DNAJC19",-1.89444443355364,0.073833764374424
"FAM3D",1.44279339430242,0.165720488166932
"FAM131A",-0.345306382376013,0.733741274114621
"CD200R1",1.76118134116372,0.0946506061467841
"CHCHD4",-1.74130433193806,0.0981573484507881
"ZDHHC19",0.441916491945574,0.663648516211675
"CRYBG3",-0.243619034458139,0.810194587627939
"DCBLD2",-2.07694956428131,0.0519276222357554
"FAM43A",-1.23796002373357,0.23114114792181
"TPRA1",-0.0873083559524344,0.931360192422499
"TMEM42",1.07246092522218,0.29724121927067
"NUDT16",0.183011617515797,0.856770465616739
"METTL6",-0.141058813520207,0.889341084191065
"TAMM41",-2.42867080965804,0.0254926594000831
"IL17RE",1.21758647983023,0.238614274883857
"GLYCTK",1.56382557147575,0.13472517101242
"PPM1M",3.33000863936851,0.00360120745947996
"OCIAD2",0.0397777184553791,0.968694510501582
"SCLT1",-0.591737380570562,0.561155812572891
"C4orf33",0.0173452922648311,0.986345997527782
"PABPC4L",-0.394965908503419,0.697364045747617
"LIN54",-2.59708407746941,0.0179009105562132
"SPATA18",1.58136219828757,0.130663013023486
"FAM241A",-1.64886793436905,0.11597432743721
"GNPDA2",-1.95109547324746,0.0662852113675515
"SPATA4",-1.51650333635989,0.146216186232152
"CPEB2",-2.14254944850736,0.0456165063195849
"ARL9",-1.2938541826716,0.211563685354784
"AASDH",-1.27352280290885,0.218529681964483
"C4orf36",2.10709308173908,0.048935321265809
"PACRGL",-1.01078296051817,0.325098913422001
"TRAM1L1",0.252264668108675,0.803605084915185
"SLC9B2",-1.84367788764194,0.0812340910586599
"SETD9",-2.60909477043675,0.0174504747964447
"EMB",-1.12849073133068,0.27346906650954
"SLCO6A1",-0.132692738722378,0.895862423074924
"PPARGC1B",-0.513674242898312,0.613532398295591
"EGFLAM",0.236470634175246,0.815653977403061
"PRRC1",0.173079069931916,0.864460218284424
"NADK2",-0.997288926176993,0.331431785882142
"JMY",0.765111710771968,0.453811285261077
"ZNF474",-0.100480317620955,0.921038959846777
"CCDC127",-0.201493207043536,0.842501746040951
"ATPSCKMT",-3.45287831297992,0.00273409430066026
"CMBL",0.167104880038667,0.869092174662847
"DNAJC21",-1.67603304639184,0.110472202171795
"AFAP1L1",-0.996562529700796,0.331775123630498
"GRPEL2",-2.79010811479827,0.011839029719476
"TMEM171",-2.03501429613799,0.0563658333038572
"LSM11",-0.57162088839119,0.574427321269868
"POC5",-1.55662998986549,0.136422246859524
"STARD4",0.165564066971821,0.870287606543446
"WDR36",-0.501509967036625,0.621900605465163
"NUDCD2",-1.23589148760627,0.231891598919661
"UBLCP1",-2.07013755261445,0.052626378026995
"SHROOM1",-0.469474708313824,0.644191043624075
"C5orf24",-0.736025638762487,0.470902910989326
"ADAT2",-1.13354070517031,0.271397470260121
"IRAK1BP1",-0.832986501808156,0.415428569050597
"NCOA7",3.87981416510664,0.00104351235824366
"HINT3",1.73223564128633,0.0997942176071749
"SDHAF4",-1.08524710954844,0.291688466412569
"CD109",-3.75362799859157,0.00138798765952762
"RAET1E",0.904098443390039,0.377512925376905
"PM20D2",-0.0695640119598385,0.945283669581179
"SRSF12",-0.766446686591988,0.453036006468347
"HUS1B",1.24163531843536,0.229812383757992
"MUCL3",-1.02016023117928,0.320748551675644
"TMEM270",0.741063028311147,0.467915547705509
"TMEM139",1.2690219817879,0.220095625483483
"ZNF786",0.14440344824889,0.886736187102579
"SVOPL",-0.170823731467103,0.866208262524174
"MTPN",-3.54564042109272,0.00221919667255801
"LRGUK",0.385055212426813,0.704567463458664
"MPLKIP",-0.796897193985748,0.435572894639783
"CLDN23",0.823237606822556,0.420810734736848
"ZNF572",-2.071298984757,0.0525066438162326
"VPS37A",-2.24238098567443,0.0373450248198812
"NDUFAF6",-1.60299018588674,0.125795201913446
"TMEM68",-0.865704771171999,0.397689317268344
"LYPD2",0.646760575027972,0.525694178200818
"TMEM71",0.55027940795102,0.588680711407436
"ADHFE1",0.0310919866435719,0.97552762921622
"UBXN2B",-0.171470524306258,0.865706880191715
"GPAT4",0.367175087870901,0.717635742688143
"LETM2",-2.34903764832702,0.0300504747191944
"RNF183",0.29308733039741,0.772702586180697
"NACC2",-1.22697856567389,0.235146566075587
"CARNMT1",-0.713821362032606,0.484205901675722
"C9orf85",-2.64549084936166,0.0161502364375038
"DIPK1B",1.68124100738712,0.109443224772763
"PTRH1",-0.380033859670287,0.708228176368035
"PIP5KL1",-0.492895345689447,0.62785914915823
"TAF1L",-0.0913860345267205,0.928163597276427
"PTPDC1",-2.73301024795683,0.0133902827198451
"RPP25L",-0.417378868491733,0.681182952339284
"SLITRK4",-0.472252579500884,0.642243985383956
"PWWP3B",0.847372839886806,0.407566969758188
"FAM199X",-2.84593143543724,0.0104898707541193
"AMER1",-0.143319200394185,0.887580486726174
"APOOL",-1.60553218600202,0.125233236715416
"FUNDC1",-0.451819480439076,0.656627264931732
"PTCHD1",0.560218830954415,0.58202045066097
"UPRT",-0.502754040462912,0.621042306405469
"PNCK",-0.59006824360223,0.562250864378397
"DOCK11",-1.008810385563,0.326019309412775
"SPIN4",-0.468254864025772,0.64504689057739
"TCP10L",-1.80048205149704,0.0880358259547441
"ASB6",-0.94575538187441,0.356407378133859
"ASB7",0.108658676090596,0.914637710964272
"ASB8",-0.140012369193445,0.890156352108848
"ASB9",-1.38700528708417,0.181850272171923
"MYL6B",-1.41758339970518,0.172859478398532
"ZNF358",0.0468376194826615,0.963142250367844
"MYO3B",1.16298721202735,0.259549397986447
"RNF32",-1.25919527359459,0.223544828823724
"APOBEC3D",-0.174866066325887,0.863075680955231
"S100A16",-1.53458013808508,0.14173415583847
"CHODL",-0.633487615660293,0.534133755154227
"TCEAL2",-0.500586797313497,0.622537869805266
"SELENOM",-0.825463995913241,0.419577700917107
"NEK7",0.876061392220374,0.392178536572742
"ZFP28",-1.83000083031691,0.0833361119510513
"C20orf96",1.54845419903943,0.138372130730014
"ZBTB46",-0.873539771905223,0.39351566073328
"WFDC3",-0.590519991605192,0.561954380928481
"MROH8",0.0973416890045218,0.923497078829153
"SAMD10",1.55152986816626,0.13763588964274
"CCM2L",-0.6447307782046,0.52698002449457
"BRI3BP",-1.18483122594118,0.251013718807777
"TLDC2",0.923543817256838,0.367558956646387
"RIMS4",-0.0305249392875372,0.975973802370124
"DYNLL2",1.40399043545962,0.176810841270055
"TMEM37",1.14256617566393,0.267724066059798
"UBE2F",-0.840126599932619,0.411514712426678
"SMCR8",0.491267660766449,0.628987955642082
"RPL10L",-0.480766087816134,0.636293324713561
"TRPM6",0.805059913055575,0.430963935747056
"SRXN1",-1.64855481031938,0.116039084266712
"ROMO1",-0.452690383685833,0.656011346582351
"NEURL2",-1.42214070267808,0.171550805327169
"ZSWIM3",-0.866126051719114,0.397464171348868
"NANP",0.53766541111502,0.59718764658395
"ISM1",-1.77215541788447,0.0927614576283749
"RIPOR3",-0.734506858534059,0.471805836161318
"ZNF280B",-0.456455606035288,0.653351430656383
"SIRPA",-0.912150031620235,0.373369728787152
"SREK1",-0.827142235718511,0.418649767974049
"RBBP8NL",1.89409377410186,0.0738827675794913
"STK35",1.54483179025852,0.139243455391411
"DCANP1",-0.213109469622486,0.833561634979534
"MIB2",1.49104993494312,0.152725509522286
"ITLN2",-0.301127862689347,0.766659854766139
"SAMD8",-2.69618860140608,0.014491719562994
"LIPJ",-0.504231806270313,0.62002350564693
"TRUB1",-1.32155623383773,0.202353421785208
"MPP7",0.000480123151017691,0.999622032956814
"HECTD2",-0.0441286652436218,0.965272494970083
"FGFBP3",-2.23536051354893,0.0378782889056471
"CACUL1",-0.543344698984733,0.593350018136352
"SYT9",-1.05118946795928,0.306647609919739
"LDLRAD3",-3.45250370474097,0.00273639613808159
"UBQLNL",1.63688525543186,0.118474460149956
"MUC15",1.9272970801189,0.0693684311324014
"FAM76B",0.502249399290235,0.621390396340129
"SESN3",-0.125582190104403,0.901411095591018
"PIWIL4",2.8395034548745,0.0106373536012474
"KBTBD3",2.29620617223532,0.0334807176955869
"CWF19L2",0.287809108058996,0.77667750271961
"POGLUT3",-0.487374909372242,0.631691401025263
"LAYN",1.39464412572957,0.179569755931394
"SPINDOC",-1.31091410137967,0.205853613979481
"PLEKHA7",-0.222851165972656,0.826082091532491
"SPTY2D1",0.861120441036799,0.400144708007324
"TMEM86A",1.21520189769968,0.23950088877012
"DNHD1",0.172862522061384,0.864628026945338
"PRICKLE1",0.610934831887097,0.548642011983415
"AMDHD1",-0.542623175033976,0.593836890521858
"SLC2A14",-0.918343831860278,0.370203323148715
"BCDIN3D",0.726402598245416,0.476641300741614
"ALG10B",-1.32406967033735,0.201533641363578
"ZNF664",0.102319196191835,0.91959915998236
"ETFRF1",-2.96954524080663,0.0080086631391558
"CPNE8",-2.39650161428524,0.0272501212668977
"TMEM120B",0.420953881643926,0.678616329818285
"E2F7",-3.73846900739607,0.00143635126854956
"KRT80",-1.18809916979047,0.249755178379762
"A2ML1",-0.131152645853995,0.897063767563832
"C12orf60",-1.45544113401459,0.162230312227471
"RAD9B",-2.00738547099185,0.0594737134376043
"PHETA1",1.75328573637307,0.0960303568541682
"LACC1",1.09960232694985,0.285544668826926
"HNRNPA1L2",-2.03259504165098,0.0566320108595224
"B3GLCT",-3.25745793192308,0.00423475088513584
"RDH12",-0.68078199372677,0.504403060340536
"MIPOL1",-0.533759916760985,0.599833753515654
"PPP1R36",-0.393752805479462,0.698244201409635
"SLC38A6",-2.9662450919073,0.00806683958609575
"ARMH4",-1.24198637327742,0.229685771780947
"PTGR2",-0.55912937913163,0.582748614152825
"FAM161B",1.80149081243493,0.0878714792117308
"ISM2",-2.13201001042598,0.0465809679158342
"CEP128",-2.26716486177208,0.035517274741403
"MDP1",-1.49592030729203,0.151461834099615
"LRFN5",-0.509379163924693,0.616480986391043
"C2CD4A",0.245966021551492,0.808404304683787
"LYSMD4",0.0244856615346887,0.98072619699285
"FAM81A",-1.94018969928753,0.0676826447612548
"GCOM1",1.42244606681112,0.171463404690752
"HAPLN3",-0.0231278129139827,0.981794816095443
"NRG4",-0.299429023274661,0.76793532547023
"ZSCAN29",-2.13859187376218,0.0459765097878729
"TTBK2",-2.76287195125092,0.0125562190710062
"CDAN1",-0.227163927044509,0.822776213669165
"VWA3A",1.11247111383611,0.280117981866124
"ZFP90",-0.765362172223899,0.453665769652885
"CARMIL2",1.88941856235357,0.0745388619090559
"CMTM4",0.217686919535653,0.830045052122885
"FBXL16",-0.236814895496667,0.815390832874984
"IL34",1.26654926412022,0.220959643698891
"ZNF597",0.884113501695451,0.387928790720548
"BICDL2",1.52548032890238,0.143975927999494
"TMED6",0.189164078977723,0.852014564780476
"ZNF785",-0.614283611640765,0.546474480002201
"ZNF688",1.26362678884018,0.221984206450281
"PRSS36",-0.328323317330414,0.746337256342015
"TOM1L2",0.591743070325151,0.561152081671113
"TEPSIN",0.375386075384669,0.711623065022875
"DNAH2",1.44909163103257,0.163974903016373
"RTN4RL1",1.31681235207239,0.203907844749764
"EFCAB3",0.221479534863054,0.827134196531237
"SLC47A2",-1.19002378343439,0.249016212594324
"SLFN13",1.82253622150267,0.0845033314220334
"KIF18B",-1.1543261280486,0.262993376074527
"RUNDC1",-0.807884170107487,0.429376413965468
"EME1",-1.48863866261504,0.153354347843308
"PROCA1",1.48834765626172,0.153430383582036
"DHRS13",1.23292092715194,0.232972570693712
"KCTD11",-0.56611884423614,0.578085036052384
"TMC8",2.34217430967044,0.0304768818659746
"CCBE1",-1.44334046113135,0.16556826849043
"SLC25A52",-1.02638736075951,0.317882463768312
"ANKRD29",-2.90481095608738,0.00922742960894802
"APCDD1",-0.073114365958012,0.942496211791562
"SPACA6",1.34282043496569,0.195500388084804
"ZNF480",0.877305060820276,0.391520163477732
"C19orf18",0.0602515630683596,0.952598421511748
"ZNF418",-0.265204069624673,0.793771284751886
"ZNF417",0.731420258453847,0.473644020168735
"ZNF548",2.27507677156424,0.0349513935924325
"KLC3",-0.555789488532937,0.584983780193149
"TMC4",2.1984095882841,0.0408021935322049
"ZNF524",0.428328994011171,0.673334246684127
"ZNF784",-0.35063338627738,0.729806079279492
"SPC24",-1.60662119926994,0.124993134842392
"DACT3",-0.190068375486866,0.851316022575109
"SIX5",-0.483162696225153,0.634622723516858
"IGFL2",1.24671154937884,0.227986804726924
"ZNF420",-1.40362080479919,0.17691929904492
"ZNF565",-0.421104487579124,0.678508292982222
"ZNF583",0.197279735872144,0.845750026947568
"FAM98C",-0.27284325611595,0.787982088764815
"CAPN12",-0.313065231263457,0.757716891184724
"DPY19L3",-0.423407141844918,0.676857380821108
"TICAM1",-0.746409409547782,0.464757403772493
"ZNF599",-0.161073614147589,0.873773321275903
"PROSER3",-0.819769814703365,0.422735871228093
"ZNF558",-2.03834013432402,0.0560017479373542
"CDC42EP5",0.0888945360024397,0.930116600309008
"ZNF681",0.107428594767921,0.915600131104495
"C19orf25",-0.0491144538964381,0.96135203209663
"ATP8B3",-2.18141878134563,0.0422149234453018
"DIRAS1",-1.24795647190305,0.227540801270056
"ZNF555",-1.05540026527945,0.304768800922075
"ZNF570",-1.51492622390777,0.14661272930052
"C1orf74",-0.441695877607549,0.66380530027912
"CREB3L4",0.845712699352783,0.408469248697064
"BROX",0.0184577660335617,0.985470373384874
"SAMD13",-1.03349785871603,0.314632065804423
"C1orf52",-0.79404999161096,0.437187740295236
"PHF13",-0.123707053863635,0.902875228076615
"CIART",0.2291470055669,0.821257254684074
"SLC35F3",0.390009188105259,0.700963114210925
"ANKRD35",1.70717431407369,0.104440651474777
"B3GALNT2",0.779230433729746,0.445653005541849
"SLC30A7",-0.171449598743469,0.865723100402106
"MOB3C",-1.10049374671487,0.285166299524901
"ZNF362",1.61839947795323,0.122421027681366
"DCST1",-0.243152513310267,0.810550578652468
"CNIH3",-1.8605746470949,0.0787016236110721
"MANEAL",0.423294006175401,0.676938455463866
"SHISA4",0.392114759988189,0.699433367303122
"EXOC8",-1.17512231696401,0.254781027529923
"PDIK1L",1.0999355760813,0.285403175955992
"BNIPL",1.49966502989389,0.150496092237314
"C1orf210",2.0830906453694,0.0513048945602348
"CCDC24",-0.121923518864279,0.90426816899089
"CCDC17",-0.654375820054829,0.520885552910662
"WFDC5",-0.981104648353239,0.339140416330578
"SHLD1",0.857191095488112,0.40225711944099
"COMMD7",-0.471446639480156,0.642808609572117
"BPIFB4",-0.619774856327972,0.542930178828248
"LSM14B",0.812390813612637,0.426850848060822
"LCA5L",0.530555261289395,0.602009300077044
"SIK1",-1.5131414142053,0.147062568156345
"YDJC",-0.590392923692313,0.562037767680365
"HSCB",-0.125768437748157,0.901265690567056
"CCDC117",-0.591887225924091,0.561057559893787
"DUSP18",1.34889513815574,0.193576797532571
"CHADL",1.77606226051709,0.0920968553913968
"PHETA2",0.48729599143926,0.631746263453955
"NFAM1",-1.48440384012428,0.154463907135321
"CDPF1",0.216540057985554,0.830925774965055
"TTL",-2.65862221783975,0.0157041265826796
"CKAP2L",-2.04847517438925,0.0549052758463199
"C2orf15",2.50189417334859,0.0218801623898187
"COMMD1",0.0458158953653019,0.963945672604863
"PROM2",1.98877324939409,0.0616531774238025
"ANKAR",0.386989416428859,0.703159340000099
"GPAT2",0.952670989372863,0.352982889598134
"FAM117B",-0.900559441245583,0.379343698034544
"PUS10",1.35316597419251,0.192233437643399
"KANSL1L",0.828450067847941,0.417927547965774
"ZNF385B",0.34101021573754,0.736920494268327
"ARL6IP6",-0.765282356222044,0.453712138861533
"METTL21A",-1.43945922844738,0.166650674021986
"CCNYL1",-2.45538156047643,0.0241145591899213
"KLHL23",1.06519925746137,0.300428657079789
"SGO2",-1.81903272415531,0.0850560802773146
"SLC38A11",-0.46144586664436,0.649833434317168
"SLC23A3",0.131656302100143,0.896670863870044
"GPBAR1",0.762269917700083,0.455464333515138
"FAHD2B",0.617132555214999,0.544634093164333
"SLC16A14",-1.17860630495813,0.253424281373526
"ASPRV1",-1.43893559673062,0.166797145133629
"WDSUB1",0.159618573930227,0.874903369296665
"TTC14",-0.438195065019798,0.666295352349895
"DTX3L",1.48350190021729,0.15470107351663
"SGO1",-2.13848254464077,0.0459864916204413
"EFHB",0.125139166801548,0.901756981804104
"PPM1L",1.63973833967691,0.117875064375143
"LRRC34",-1.5727522924821,0.132644380119253
"DPPA2",-1.6584410667297,0.114009301323098
"CCDC80",0.886750156512779,0.386543839617006
"CCDC12",-1.19401406532531,0.247489394718638
"MB21D2",0.00824631696154358,0.99350833440645
"PPP4R2",-0.6413836493631,0.529104170648433
"XXYLT1",-1.72816064036381,0.100537378844875
"RNF38",0.0162070487582145,0.987241923359116
"GLIPR2",1.26555506085789,0.221307779495297
"ZCWPW2",-0.50572853248179,0.61899243735675
"CMC1",-1.17616560881048,0.254374173056648
"CCDC50",-1.50717725969056,0.14857404751499
"SPICE1",1.38670477805897,0.181940460071051
"CMTM8",1.08904416062991,0.290054107862204
"FGD5",0.396910351702345,0.695954192549039
"IGSF11",-0.098773528101665,0.922375587864991
"ZNF827",0.703263477945458,0.490607982635672
"SH3D19",0.643488910112024,0.527767585570895
"NFXL1",-0.626790980733133,0.538419748636141
"NIPAL1",0.163618390300775,0.871797607912444
"PAQR3",-2.49693373744767,0.0221088410394837
"SCFD2",-0.0514467267192884,0.959518442754362
"ZNF595",0.656911416871186,0.519289913555446
"THAP6",-1.57097597490687,0.133056275530536
"ODAPH",0.812883349112876,0.426575395577441
"KLB",-0.140348350832533,0.889894580476035
"FAM53A",-2.37445773780758,0.0285190133316662
"PPM1K",0.0349543073705556,0.972488845327958
"TRMT44",0.132112887463231,0.896314704008566
"DAB2IP",0.507552900925773,0.617736758956707
"SLC38A9",-0.768127802277569,0.452060861307377
"CREBRF",0.607086402647844,0.5511386096829
"CEP120",-3.20468065957812,0.00476303014557032
"TMEM167A",-2.3446290158435,0.0303237337858757
"MBLAC2",-1.20756850484332,0.24235597169059
"TMEM161B",-1.3342931101963,0.198226159708774
"SRFBP1",-2.18487040886252,0.0419243586960792
"PLEKHG4B",0.364520280632892,0.719583865094579
"ZMAT2",-2.02284811055432,0.0577159098304977
"MARVELD2",0.510884007147993,0.615447139876383
"IRX2",-0.361122338290164,0.722080184917168
"BTNL9",1.28972393118665,0.212964577345322
"ARSK",-0.888944873719297,0.385393518009099
"TTC23L",0.328778463037833,0.745998707017258
"CCDC112",-1.87442257082577,0.0766781839329802
"PRELID2",-0.508463424939295,0.617110514133612
"SH3RF2",-1.84162139117505,0.0815471506398844
"PLAC8L1",-0.191485122244642,0.850221881856981
"RNF145",0.229065245835772,0.82131986508249
"SNRNP48",-0.667825918484839,0.512452758542541
"CNKSR3",-0.0959834439134465,0.924561079344573
"RAET1L",-0.109522263452879,0.913962117887912
"SLC2A12",-0.448496504602823,0.658979650967709
"MBOAT1",0.117370076579405,0.907825843592776
"PNLDC1",-1.7970851561044,0.0885912192264234
"RNF217",-0.670161054920987,0.510996583610453
"NKAIN2",-1.2494133845383,0.227019705581459
"CFAP206",0.0802663113195787,0.936883420536507
"CCDC167",-0.184409852974913,0.855689117219757
"RUNDC3B",-0.0665721614057374,0.947633199232093
"ABCA13",0.269396951833447,0.790592250743161
"FMC1",1.10634056672682,0.282693670751824
"AMOT",2.73812745424609,0.0132436908227253
"VKORC1L1",1.89093529661412,0.0743254493795874
"IQUB",1.40916843569534,0.175297131098478
"KCTD7",2.67732861494286,0.015088810518026
"GIMAP8",0.897332315344824,0.381018277047822
"ZNF425",1.22208942299165,0.236946870427353
"ZNF746",-0.0827016651623642,0.934972933120379
"ATP6V0E2",1.04378538903548,0.309971332699754
"METTL27",1.29332947744608,0.211741253374677
"VPS37D",0.295741953939936,0.770705875137207
"RBM33",1.0844387143691,0.29203728590501
"AGR3",0.808439284620557,0.429064815765016
"PRAG1",0.239884316485176,0.813045646050765
"CDCA2",-3.60237503736377,0.00195286936129222
"TMEM65",-1.41798548509811,0.172743691771398
"RDH10",0.324271090285264,0.749353738619496
"ANKRD46",-0.921236988313072,0.368730481279212
"ESCO2",-3.33956822776902,0.00352499951246726
"FBXO16",-0.362564023976833,0.721020648180206
"LRATD2",0.242869036592639,0.81076691361692
"VPS13B",-0.761021004940186,0.456191975042172
"TDRP",2.42041419118049,0.0259333396104374
"ERICH1",0.32862282996724,0.746114465012473
"FAM91A1",-2.59178192701774,0.0181032407384967
"C8orf48",-0.656183480916647,0.519747720650827
"MCMDC2",-0.586101331990597,0.564857866486239
"SBSPON",0.272723566930693,0.788072695975031
"CAMSAP1",-3.80999241575356,0.0012219668535037
"LINGO2",0.0876968996815672,0.93105555063332
"NXNL2",0.614122473845906,0.546578672849567
"MAMDC4",-0.710504210437097,0.486212056866181
"AK8",0.251675591933691,0.804053592005145
"TTLL11",-0.842602613336878,0.410163028450621
"RASEF",1.73647060494489,0.0990269110259725
"TTC39B",0.960772195845232,0.349000048627557
"TRMT10B",0.127850162704984,0.899640716507879
"FAM120AOS",-0.712540250254214,0.484980119378465
"FREM1",2.01220353208861,0.0589209055474366
"ZNF483",-0.383168718563399,0.705941909998031
"SHOC1",-1.71172666304791,0.103583062195903
"KIAA1958",0.0948172183746183,0.92547477529178
"TSTD2",0.730825021734734,0.47399899525648
"ZNF782",-0.533395525899944,0.600080933625929
"CSAG1",-0.71443592513105,0.483834758700782
"FAAH2",1.31183107588202,0.205550159085018
"ZXDB",-0.888752916232881,0.385494038646381
"MOSPD2",-2.35065617974546,0.0299507292648469
"ZDHHC15",-0.477728120984082,0.63841387722544
"USP51",-0.826231038504963,0.419153425167472
"CXorf38",0.325076834479064,0.748753609244497
"USP54",2.47982983359756,0.0229146877503072
"SLC35G1",-0.0522692722295331,0.958871827585636
"SLC5A12",0.0908902899897594,0.928552158051997
"DEUP1",0.814785897167068,0.425512441802
"C11orf65",0.315346604215975,0.756011728065392
"TMTC2",2.36066460686464,0.0293407427606026
"CLECL1",1.62339447044152,0.121343821840273
"TMTC3",-2.42917651159994,0.0254658975095902
"ALDH1L2",-1.83673597075998,0.0822951049366886
"DENND5B",-2.31727901684028,0.0320711729646515
"SLC5A8",0.710020928930396,0.486504742624637
"PPTC7",-1.10618572503799,0.282758950208028
"DGKH",-1.81540826048039,0.0856312399655521
"GPR180",-1.01162211996184,0.324707920067496
"TMEM229B",-0.530052164467825,0.602351187179032
"SYNE3",-1.10778383925901,0.282085735534812
"FITM1",0.497956224983167,0.624355433172354
"REM2",-1.30113792038955,0.209110777496433
"TMEM30B",1.97539001614,0.0632642536150436
"SAMD15",-1.33838643447657,0.196913990556404
"NOP9",0.748678709930986,0.463420800683916
"EML5",0.682244048566229,0.503499226420686
"STRC",1.31288746326199,0.205201004374178
"CFAP161",-0.959371779538672,0.349686326602446
"DNAAF4",-0.631165351467933,0.535617941107551
"SPRED1",-1.08943109551588,0.289887935323265
"PGBD4",-3.2794594983851,0.00403187957516102
"FSIP1",-2.12841877928531,0.0469138174207895
"ZFPM1",0.752982175201723,0.460892464013556
"ITPRIPL2",0.580062007810588,0.568838878600703
"ZFP1",-2.96026392381488,0.0081733217778063
"ANKFN1",0.0263011919674114,0.979297443779351
"MFSD6L",4.97410693187202,8.96422815752497e-05
"SLFN5",1.87582217965066,0.0764762492757369
"NAGS",-0.910967018664396,0.373976569240914
"RETREG3",-1.26882483973448,0.220164414597946
"TMEM92",-1.54921245604735,0.138190317991988
"RHBDL3",-0.497941469287836,0.62436563544502
"TRPV3",1.09780554162913,0.286308442740734
"ZNF519",0.143657234997966,0.887317245618097
"C18orf54",-1.20762655840089,0.242334160820509
"ZNF836",1.34610365096779,0.194458863231205
"ZNF610",-1.30987201506312,0.206198899612918
"ZNF600",0.572931044191788,0.573558090827603
"ZNF320",1.57881740584118,0.131246035484733
"ZNF550",1.7200782250758,0.102025500654313
"ZNF296",-0.758002308555086,0.457953647195761
"DEDD2",-1.90937957298158,0.0717731538441566
"ZNF579",0.937518942610428,0.360515397423891
"ZNF791",-0.163416708427242,0.871954158283794
"ZNF564",0.56163542939793,0.581074318842235
"ZNF433",1.95576505791911,0.0656947655197502
"ZNF114",-1.17737813928335,0.253901935143893
"ZNF567",-2.18067230426553,0.0422780051800415
"ZNF383",-2.11954454240801,0.0477456165347997
"EID2",-1.19390454843519,0.247531204755098
"ZNF780B",-1.13782034716208,0.269651003989493
"PRR22",-1.3735113178487,0.185935541114462
"SYNE4",1.13935762779964,0.269025700814285
"ZNF100",-0.865294287514497,0.397908773001959
"ZNF540",0.327869756707804,0.746674679372337
"GBP6",-1.53169423905244,0.142441946426839
"DENND1B",0.531341099694773,0.601475461176733
"TDRD5",-0.883477197607761,0.388263510716662
"TOR1AIP2",0.583684626082507,0.566449173327048
"CALML6",0.422521493584246,0.677492157327101
"IFNLR1",1.76448363001346,0.094078649812797
"CITED4",-0.613864122548942,0.546745746865667
"SPRR4",-0.639357473429061,0.53039230487757
"KANK4",1.62284504518484,0.121461915438387
"SASS6",-0.977228163279342,0.341005145496716
"SDE2",-0.420634140538896,0.678845719096594
"CNST",0.101993242371202,0.919854353711261
"PAQR7",1.95803734208484,0.0654091460808191
"CCDC185",0.859372338644418,0.401083593218285
"APCDD1L",-1.91557810347613,0.0709330087077497
"LRRN4",1.48583807583117,0.154087388398487
"CABP7",-0.806449984658409,0.430182113021737
"TMPRSS6",1.21037572969602,0.24130300006965
"APOBEC3H",0.874512498966436,0.392999505030464
"DAW1",-0.111748306089095,0.912220973896948
"LONRF2",0.930216078950407,0.364184586018609
"CCDC138",-1.31489451444557,0.204538923825416
"OXER1",1.00882757101951,0.326011282834991
"TOGARAM2",-0.0909000612164936,0.92854449926074
"FAM171B",0.8132667490363,0.426361055274664
"UBXN2A",-2.49951399790698,0.0219896106567167
"DQX1",-1.82584924239193,0.0839835288607443
"PARP15",0.438910786709751,0.665785949956253
"SPTSSB",-0.0405857578818388,0.968058939029738
"RNF168",-2.0834047022465,0.0512732305191726
"CHST13",0.748848484153539,0.463320898059637
"PRICKLE2",1.46823912969403,0.158759998366055
"KBTBD12",1.39426479758364,0.179682456214283
"BBS12",-2.2638145116808,0.0357594387545429
"ADGRA3",0.385441493059638,0.704286158777709
"MMAA",-0.359151598224073,0.723529472836744
"ZBTB49",1.62913652645553,0.120115427181921
"TIGD2",0.698381307466365,0.493585010307101
"RASSF6",-0.876027926674175,0.392196262594529
"SGMS2",0.482839892886075,0.634847622595316
"MIER3",-0.316646783674539,0.7550405113972
"TENT2",-1.90728714067667,0.0720587452827274
"DCP2",-1.09678835748626,0.28674148687248
"NIM1K",-0.00240389464935467,0.998107585386281
"LCA5",-1.01897122385554,0.321297874052589
"TXLNB",-1.22096849354737,0.23736110656875
"DACT2",2.23936809772995,0.0375730271832814
"C6orf118",-0.155118987331211,0.878399682629982
"ZNF92",-0.991165556383049,0.334333840979054
"RNF133",2.29791447553317,0.0333643498141937
"THAP5",-2.70341183261696,0.0142690570851249
"CCDC71L",-0.251078916337181,0.80450795629008
"PKD1L1",0.144923431730452,0.886331327271618
"ZNF467",2.21248637587212,0.0396647157990481
"BHLHA15",0.304524889244398,0.764111458091929
"BMPER",-0.10770977817276,0.915380120312207
"ZNF800",-2.31099664476558,0.0324855365703196
"COL22A1",0.413728049313658,0.683808127967845
"SNX31",-1.52778004920594,0.143406622962635
"TMEM64",-0.761991082634484,0.455626727062107
"ZNF596",0.279604389137247,0.782868850087553
"OLFML2A",0.0544929586394787,0.95712390280731
"QSOX2",-0.987719267855309,0.335974920122717
"GLIS3",-0.568968645028098,0.576189030979456
"ZNF883",-0.659276355111533,0.517804133723586
"ZNF169",-0.335476783151532,0.74102249271959
"ZCCHC12",-0.76836652642458,0.451922491571532
"ARX",0.116892496591433,0.908199101558147
"PWWP2B",0.524280533411468,0.606280143627625
"SSBP4",4.39006817028647,0.000329770647795005
"ACTL10",1.16006106898386,0.260709145686905
"DHX36",-1.13576087330485,0.270490404410507
"COMMD6",-0.632338973276886,0.534867584802994
"PSORS1C1",-1.07526420102085,0.296017316266857
"PSORS1C2",-0.550082076170052,0.588813325487623
"NUDT10",-1.27038721001493,0.219619711875893
"KCNG3",-0.319719901079614,0.752746602155338
"ZNF431",0.04675714713097,0.96320552751463
"ZNF721",0.0173354881068402,0.986353714426459
"ANKRD24",0.447924912373784,0.659384659238763
"ZNF384",-0.258505247946258,0.798857999648944
"ASXL1",-0.622550582288082,0.541143324506697
"RHOV",-0.270422233706942,0.789815455450219
"ZNF675",0.00537047751434779,0.995772223643079
"CLYBL",1.51305177017142,0.147085191893281
"SPTSSA",-0.11544557663803,0.909330091566341
"POLR3H",-0.205389740957885,0.839500379150567
"ABHD3",-2.5510693490335,0.0197305024876198
"PGAM5",-0.836704990743005,0.413387310563186
"HIGD2A",-0.257576254244663,0.799564162078446
"KRT24",0.410166991428994,0.686372751729999
"AGO3",-0.90326770626858,0.377942146539491
"AGO4",-0.974019188145811,0.342554144865712
"SCAMP5",1.17404609268391,0.255201237733786
"SDR16C5",-0.565571157234,0.578449782114292
"PRXL2C",-3.0615492908524,0.0065409468112817
"ZNF367",-1.74525660172531,0.0974512659440883
"PLPP4",-0.938841766652699,0.359853463588116
"METTL15",-0.934504882798983,0.362026703372353
"MPZL3",3.11548796854631,0.00580573716266562
"IMMP1L",-0.299321661581951,0.768015954398006
"KRT78",-0.509911474962584,0.616115187641383
"RILPL2",1.77772005242927,0.0918160971787783
"AMN1",-0.766625352320714,0.452932308911736
"DTX3",0.689418596571165,0.49907740618338
"ZFC3H1",-1.73213499499243,0.0998125153183128
"MYRFL",1.26980031291532,0.219824204048246
"PLBD2",-0.438613868334563,0.665997256173877
"EEF2KMT",-0.506394294443973,0.618534066172073
"DCP1B",1.24895631008653,0.227183088733704
"ANO6",-0.95676415864554,0.350966667145406
"ARID2",-0.742719858605404,0.46693547281102
"PAOX",0.557770459993566,0.583657527579325
"FAM24B",-0.838658535322301,0.412317495221769
"ADCY4",2.5991682657917,0.01782196573485
"GRAMD2A",1.99825794732076,0.0605337486259752
"UBR1",-0.232217015706791,0.818907181859778
"LDHD",-1.21239761335705,0.240546766478954
"FCSK",1.03000701149465,0.316224859726536
"MLKL",-2.08182525525407,0.0514326539644666
"ZNF778",0.552040441376591,0.587497894969853
"ACSF3",-0.448469708743984,0.658998635065705
"WDR90",0.985387035335515,0.337088678465361
"NSMCE1",-1.19563027347105,0.246873000271242
"ZNF48",0.535005627198931,0.598989117951664
"LKAAEAR1",-0.699320961190796,0.49301122011589
"DZIP1L",-1.25244155961563,0.225939561299201
"TTC21A",1.59570489265157,0.127417562250386
"ZNF627",-0.368487429976775,0.716673466426505
"DAND5",-0.837236295154092,0.413096177497072
"ZNF585A",-1.45698388361743,0.161808722059173
"CADM4",0.0942761431688021,0.925898724560807
"THAP8",-0.511335075941179,0.615137410611122
"U2AF1L4",-0.809964194965866,0.428209582012621
"ZNF626",0.729677589925083,0.474683723564826
"ALG14",-0.684704894668175,0.501980037754148
"FAM76A",0.527453432388655,0.604118701075685
"FYB2",1.2079496596965,0.242212798133774
"TMEM201",-0.290056331976711,0.77498438523469
"TMEM61",0.75441815916926,0.460050666766843
"FAAP20",-0.394495221788638,0.697705495883709
"CC2D1B",2.28530485190877,0.0342321887631459
"NBPF11",-0.881381141196725,0.389367461797659
"NUDT17",-0.294623475128954,0.771546954532955
"TXLNA",0.0620300386268878,0.951201108133844
"PLD5",-0.151071891078867,0.881546594182212
"SLFNL1",0.363461319778749,0.720361491787918
"KRTCAP2",-0.298033793702988,0.768983358291951
"CRTC2",-0.281769177260307,0.781233817910393
"IBA57",2.25651340619323,0.0362924476317012
"FAM209A",-0.786213759085141,0.441651434787224
"APOBEC3A",0.839181580529655,0.412031362870496
"APOBEC3F",0.758231528440723,0.457819732630861
"FOXD4L1",-0.564974298100134,0.578847408905806
"CREG2",-0.809827675147286,0.428286104274198
"GKN2",2.81734193636319,0.0111612535841773
"APLF",-0.305436286969297,0.763428210557484
"PIKFYVE",0.826879728312904,0.418794827361224
"KRTCAP3",1.27249917150058,0.218885064882881
"TMEM17",-1.39467400998516,0.179560879586667
"SPRED2",-0.23563434441171,0.816293309546395
"TIGD1",-0.0125926968544829,0.990086934945056
"KCTD6",-1.13394342631121,0.27123276839783
"LIPH",1.07027581562239,0.298197768652434
"ARL13B",-1.49131510034485,0.152656486484873
"DHFR2",-0.54566328923282,0.591786812933129
"SLC51A",0.234738251707062,0.816978507133745
"FBXO45",-2.53193552211504,0.0205421126437406
"KLHDC8B",0.945151708042034,0.356707379112823
"MUC20",0.879645201990971,0.390283309590958
"CEP112",-0.371433354073017,0.7145151391261
"TVP23C",-0.307054480629994,0.762215590968792
"CENPV",-2.36875587770822,0.0288560707190905
"FLCN",0.570213573493336,0.5753617637364
"PLD6",-0.47152844426635,0.642751288710103
"ARHGAP27",2.1037365096222,0.0492606064967705
"ZNF385C",2.80486511905073,0.0114670143689728
"SAMD14",-0.794485631035512,0.436940417515018
"LYRM9",2.60662451623346,0.0175422300316464
"SLC16A13",2.31047046443665,0.0325204657328676
"CENPX",-0.816041763353996,0.424811707051259
"LRRC45",-0.125630398459851,0.901373458598945
"SLC39A11",0.0672545874041954,0.947097239185188
"TRIM65",-0.0742758221938837,0.941584491671641
"UNC13D",0.921217329858999,0.368740475632327
"RDM1",0.167981280268701,0.868412368351181
"FBXO15",0.0348931821404297,0.972536933993135
"RAB12",-1.55566795314828,0.13665049031534
"ZBTB7C",1.09898609786879,0.285806446153532
"ZNF584",0.368608674114318,0.716584588569259
"HACD2",-1.11035913113063,0.281003355839736
"STT3B",-2.57715106668853,0.0186728415515278
"PDE12",-1.73139516594339,0.0999471066813026
"DENND6A",-1.35159864557785,0.192725565452063
"C4orf46",-1.73798184213934,0.0987543352014275
"SLC10A4",-1.51191228954592,0.147373017062417
"TMEM154",0.818130637285454,0.423647797089651
"SMIM14",-0.573414787472255,0.573237319219615
"TMEM192",0.0854917521770402,0.932784663331605
"RWDD4",-2.69575791155012,0.0145051000539624
"TAPT1",-0.506299753016492,0.618599147322815
"DNAJC18",-0.541736061930691,0.594435770776737
"CCDC125",-0.308763629170015,0.760935498743273
"CMYA5",-0.57328775921756,0.573321543115942
"STK32A",0.0577068540270197,0.95459802271887
"TMEM184A",1.61281704451276,0.123634474477837
"ADCK5",2.19224457823679,0.0413097103529987
"TUBB",-0.898040033543765,0.380650616981324
"HTRA4",-0.0641916429121268,0.949502997121864
"ADAM32",0.462304844524705,0.649228727065786
"ERICH5",0.364452640164631,0.719633526137686
"TMEM268",0.767431227213698,0.452464759584233
"C9orf72",0.126133268516047,0.900980874668174
"CCDC171",-0.497517083555768,0.62465909441421
"NAIF1",0.245010675865339,0.809132912436043
"FAM219A",-0.771767233929376,0.449954183074649
"CCDC107",1.02655705961687,0.317804613437229
"ANKS6",0.174607133838798,0.863276269776827
"CT83",-1.24637052065371,0.228109098527364
"SLC25A43",-1.64894039610044,0.115959346087576
"NRK",-1.24311838098026,0.229277865893363
"INTS6L",-1.08156317486116,0.293280528337536
"ZNF449",-0.0436607149718064,0.96564050540069
"VMA21",-2.92227462467824,0.00888205294347843
"TMEM31",-0.321241701768372,0.751611536343807
"PAGE2",-1.94284293778522,0.0673402740769236
"CERS3",-1.1309640387042,0.272453010701656
"HIPK1",2.6040148700089,0.0176396593725478
"SLC44A5",-0.0261240779663371,0.979436822659108
"MTLN",0.666538126200935,0.513256817738546
"C2orf69",-1.43367008723084,0.168275848238008
"DIPK2A",-1.04355281763908,0.310076150610383
"SENP5",-1.95386468477064,0.0659344901696887
"USF3",0.0763274427521106,0.939974213453173
"LVRN",-0.710663036088397,0.486115891113439
"SLC36A1",-0.816038113983053,0.424813742230394
"C6orf163",-0.986398396271324,0.336605387629529
"DHRSX",1.73747068694818,0.0988464576234577
"SAMD9L",1.43323130544059,0.168399549695223
"ATAD3C",3.91182702718079,0.000970638582925114
"MTIF3",-1.14362971848928,0.267293646198863
"MED19",-0.917075842187528,0.370850073617285
"CABCOCO1",0.776546767780202,0.447196724646177
"ZCCHC24",-2.05303533396357,0.0544182734131268
"ENKUR",0.636162110747756,0.532427243114364
"ARMC3",0.979329988847352,0.339993211277057
"UNC5B",-1.18938594986622,0.249260928761938
"STOX1",-1.54886655919773,0.138273231448582
"FAM241B",0.232347749443567,0.818807144943281
"TYSND1",-0.468181352995446,0.645098482450176
"ZNF25",-0.435919125564822,0.667916319049948
"CCNY",-0.611606034878948,0.54820720104111
"RTKN2",0.00997902795474345,0.992144353237751
"HYLS1",-1.23206900522471,0.233283293357797
"TMEM218",0.306014267413014,0.762995019247234
"SLC37A2",-2.12393404147283,0.0473325187281456
"OR8B12",-1.61725661489,0.122668627666339
"TBCEL",1.62814415595888,0.120326968510181
"MRPL21",0.571999190362478,0.574176265344111
"TPCN2",-0.157801791811236,0.876314749432292
"PATL1",-0.476641942083818,0.639172827458123
"MS4A15",1.47194232606424,0.157767251202162
"VWCE",-0.181319810127822,0.858079241705952
"CYB561A3",1.18236996857172,0.251964748400022
"DDIAS",-1.78232594647955,0.0910399597174135
"LTO1",0.183476987272711,0.856410531832054
"LRTOMT",0.795580609274538,0.436319157726108
"FAM124A",-0.0918522889540888,0.927798167541427
"SKA1",-2.81955334799079,0.0111078828238419
"CFAP53",-1.09412039991033,0.287879585532127
"OAF",0.527880971269865,0.603827739538871
"FAM181B",-0.151208633159045,0.881440233911089
"CCDC89",-0.454202382945305,0.654942634907453
"RNF152",-0.521219381260899,0.60836900405635
"ZNF438",-0.657506175671826,0.518916030382981
"SLC16A9",-0.0335943912399033,0.973558748776722
"HNRNPA3",0.363917232435625,0.720026663015227
"ZNF485",-0.169383187294859,0.867325155973373
"RASGEF1A",-1.42638430298782,0.170339440935848
"REEP3",-2.03846201528992,0.0559884457368233
"JMJD1C",-1.38646379064732,0.182012810452608
"FAM171A1",-1.14117962138915,0.268285983757877
"NSUN6",-1.596784034817,0.127176142594984
"ARL5B",-1.40704445036042,0.175916776104703
"HNRNPUL2",-0.384825613312162,0.704734687254696
"ALKBH3",-1.43301024068027,0.168461900291563
"EEF1AKMT1",-0.845460930433122,0.408606196327252
"SKA3",-3.26141075676642,0.00419757986506991
"MICU2",-0.713930412028443,0.484140032715203
"SPATA13",0.737302390235468,0.470144672666004
"CPNE2",-1.01982740372775,0.32090225125842
"ADGRG5",1.16627932093689,0.258249229940678
"AK9",1.16772287516029,0.25768066371594
"NT5DC1",-0.463668389078281,0.648269326423601
"ZUP1",-1.32754848042596,0.20040332217272
"TBC1D32",0.251538199309893,0.80415820918105
"BEND6",-1.67394846720362,0.110886379501813
"ADGRF4",1.00765257422615,0.326560392854596
"ADGRF5",2.80572897972832,0.0114455879369486
"TDRD6",1.4984784518355,0.150801552571501
"RSPH9",0.425580530581724,0.675300687181881
"LRRC73",0.805643700322936,0.430635485677946
"OARD1",0.833261143819347,0.415277584657925
"TMEM217",0.889327533613517,0.385193185698632
"FGD2",2.18540623910514,0.0418794159359164
"C6orf89",2.76945451409666,0.0123791670995549
"ARMC12",1.09693239699504,0.286680136095137
"SMIM29",0.741092519966361,0.467898091550523
"LEMD2",0.368420133736338,0.716722799640844
"ZBTB9",0.856058978935966,0.402867084908387
"ZBTB12",-1.07314100165578,0.296943963764144
"C6orf136",0.43989711506709,0.665084221487267
"KDM1B",-1.15547319997199,0.26253530422216
"RBM24",-2.25901468548223,0.0361090253470552
"RNF182",-0.690798332767925,0.498229613272223
"PHACTR1",1.3777788081356,0.184635700119961
"SYCP2L",2.42790920667682,0.025533013294709
"PXDC1",0.103768125432285,0.918464882229269
"ZSCAN25",1.46996644852806,0.158296306492413
"FAM200A",0.564614883073728,0.579086917765219
"VWDE",0.165557718125572,0.870292532929014
"SP8",1.02273644441626,0.319560618613199
"JAZF1",1.08376414545036,0.292328591930962
"PPP1R35",-0.571377606357831,0.574588802413303
"GPC2",1.54076982970925,0.140225939535483
"BRAT1",0.783089425761539,0.443438975357665
"SDK1",0.4903553183961,0.629621079975917
"FOXK1",0.0450877024125342,0.964518303872151
"DAGLB",-0.355787383159195,0.726006004989862
"CCZ1B",-0.403183583456648,0.691413445236807
"TMED4",0.833758988957813,0.415003983861921
"MTURN",0.486692636685799,0.63216577813233
"SRRM3",-0.596411786624377,0.558095084116322
"RSBN1L",0.938897001347653,0.359825842429149
"LRWD1",-0.1254896140579,0.90148337178304
"FAM185A",0.628946518533793,0.537038121236163
"FBXL13",-2.27265197883045,0.0351239306712349
"NAPEPLD",-0.118910732841414,0.90662187712988
"ATXN7L1",-0.119342968270058,0.906284142556472
"CDHR3",0.910702981010831,0.374112100574532
"BEND7",0.864924580575014,0.398106495989866
"FAM83B",-1.95930626843399,0.0652501281312523
"KCTD20",0.0651539866785584,0.948747079393289
"LHFPL5",0.19917960038129,0.844285013978134
"SCUBE3",1.37331968541794,0.185994082030663
"SLC29A4",0.594496397300017,0.559348188191275
"RSPH10B",-1.07973970098413,0.294070898178012
"ZNRF2",-0.444556407466528,0.661773644842016
"SEMA3D",-0.160114567231973,0.874518127999932
"MAPK15",0.355885238700294,0.725933925684871
"SPDYA",-1.82512095705862,0.0840975538620917
"CNPY4",-0.202816848962266,0.841481909620347
"ATP6V1C2",0.946661391893499,0.355957451628912
"CNOT6L",-0.328827468670769,0.745962258504832
"AKR7L",0.9441248654161,0.357218072989586
"CDC26",-0.730996892491452,0.473896482244628
"RNASEH1",-0.127717910947436,0.899743937464371
"AFG1L",-1.21654964460377,0.238999473197388
"PELI3",0.663883694884054,0.514916406967366
"POLR2J2",0.476952404149235,0.638955855234697
"TMEM9",2.32750143417767,0.0314073939281944
"ZNF396",0.970805339485563,0.344110369686469
"NEIL2",0.152226776565342,0.880648377899131
"FNDC5",0.00736986376469883,0.994198281940863
"PRR14L",-1.49022888888665,0.152939392260563
"EPHX4",-0.853001929586554,0.404517167251103
"SERHL2",1.32460636946543,0.201358931996818
"RICTOR",-1.52964902764009,0.142945327121174
"ZBTB38",-4.13387486629153,0.000587571222326214
"SLC25A30",-1.67895495959302,0.10989388353842
"LCLAT1",-1.49313907900084,0.152182397180459
"GPATCH11",-3.51770863735508,0.0023632237973395
"MMS22L",-1.14783014895795,0.265598748554582
"WASHC2C",-1.58982029631353,0.128740826733832
"WDR27",-0.927825252228267,0.365391285054941
"CERS6",-0.629834957662776,0.536469223438038
"MSRB3",-0.00554193694192983,0.995637247858769
"ZDHHC20",0.333083859404595,0.742798874696567
"YTHDF3",-1.46564052302353,0.159459678934849
"RALGAPA1",-0.166151993183584,0.869831428997287
"KCTD13",1.66923251469348,0.111828271059164
"ASPHD1",0.828608617246663,0.417840046743948
"ETFBKMT",1.01120879000262,0.32490046334877
"METAP1D",1.20793148233411,0.242219624651175
"UBN2",0.329574290938643,0.745406876904641
"BRWD3",-0.663605067366686,0.51509078381235
"EHBP1L1",-0.119696221434272,0.90600813575119
"FBXO33",-0.860973739303971,0.400223444776135
"TTLL10",0.961429966793615,0.348678025862683
"LCORL",-1.54996204271403,0.138010780018893
"CNIH2",1.65960322428696,0.11377269242749
"AKNAD1",-0.489884319038914,0.629948047604429
"PHYHD1",0.490472674646613,0.629539623520535
"ZDHHC24",-1.0059940751716,0.327336563760923
"MCM9",0.271042279545996,0.789345793110336
"PROSER2",0.651413302309983,0.522753308765054
"SLC41A1",0.233959539299591,0.817574072849493
"LPCAT4",-1.24127690672248,0.229941704489833
"VXN",-1.40775915160323,0.17570807432932
"NAALADL2",0.55410367484397,0.586113618786306
"TMEM256",-1.60229662379403,0.125948897699698
"ZDHHC23",0.044574208801079,0.964922113306302
"MPV17L",-0.885121999841346,0.387398672559429
"TMEM86B",0.963791350383681,0.347523654837707
"TMCO4",1.80390648348488,0.0874790070795546
"PLA2G4F",2.81417018843941,0.0112382312398748
"MCOLN2",0.165522929532802,0.870319527225095
"ANKK1",0.121774986328448,0.904384187359681
"LRRC57",0.076343826885447,0.939961354916092
"MBLAC1",0.803678872875744,0.431741561674736
"TCP11L2",0.291009181468188,0.774266832351217
"RNF144B",2.12214883573517,0.0475001315852519
"ELMOD2",-1.80756174730424,0.0868880483685495
"COL24A1",-0.166669730400918,0.869429750579974
"PCSK9",0.412340728110766,0.684806789904557
"NPNT",-0.295495124398899,0.770891462219375
"BCL6B",1.57926957776969,0.131142281874701
"CNEP1R1",-1.78479623829542,0.0906260475462905
"SYT14",-0.883115113225854,0.388454065764357
"PAN3",-0.771112483325132,0.450332739441268
"ZNF549",0.992094785763765,0.333892312457551
"SYCE2",-0.777655833098785,0.446558360770518
"NUDT14",1.38620768531838,0.182089724915502
"CCDC110",-0.949215309175305,0.354691258094799
"LMNTD2",1.1450415669041,0.266723061471911
"GK5",0.390859022687281,0.700345531206563
"EML3",-0.664717343243927,0.514394872983957
"ST6GALNAC3",0.283248224521185,0.780117316701404
"MFSD8",0.113934923175017,0.910511111354334
"LYSMD2",1.72964917468168,0.100265362210128
"BCLAF3",-0.310934507044475,0.759310608725991
"MAMDC2",0.0303935617729586,0.976077176067168
"MAP7D2",0.250401514272515,0.80502387986471
"WDR72",-1.43813019129633,0.167022638791652
"C10orf67",-0.737373313149963,0.470102574311598
"KANK3",0.49077316734992,0.629331075097833
"SERINC5",0.64272719785233,0.528250965238583
"TINCR",0.0182378040718334,0.985643503195277
"FRMD3",-2.2777175892666,0.0347643755428078
"ARHGAP30",3.28189435949826,0.00401002261882976
"GCSAM",-0.337218846827735,0.739730213982576
"RNF214",2.30023981576863,0.0332065512755945
"C9orf43",-1.26053201290313,0.22307318460522
"SHPRH",-0.154189976619741,0.879121874109384
"SNX33",2.83495958363186,0.0107428078202477
"TAB3",-2.17328178430851,0.0429072166759735
"FAM133B",-0.227551183639111,0.822479533877827
"SVIP",-0.765955909675627,0.453320927952248
"ALS2CL",2.27714586594373,0.0348047854366451
"HSPA12A",-2.31955236771219,0.0319224412961342
"ASPM",-1.88122739202992,0.0757007861556718
"BOD1L1",-0.787072313091344,0.441161009123432
"TAS2R43",0.00272123357302896,0.997857767722347
"TAS2R31",-0.143113713394653,0.887740514259754
"TAS2R45",-0.208347782401058,0.837223584134999
"TAS2R46",0.886159286293593,0.386853920749611
"TAS2R30",-1.10956132460076,0.281338342470989
"TAS2R19",0.298286768104517,0.768793301472543
"TAS2R20",0.306237032617876,0.762828080104857
"TAS2R50",-0.105220484886008,0.91732809941202
"CYP4X1",1.11455627952954,0.279245863934194
"MAGI3",1.22588117247922,0.235549739057215
"FDCSP",-0.712029392477125,0.48528904973048
"TIPRL",-1.66121775760131,0.113444676706922
"STEAP2",-0.254561299193982,0.801857160228076
"NPHP4",1.84797856860644,0.0805828092325604
"BRD3OS",0.121263954272326,0.904783370002784
"BEST4",1.64384536416827,0.117016753198898
"MDGA1",-0.864181469880563,0.398504112838955
"NPAS4",-2.28088005246087,0.0345416315550645
"RGL4",0.0454963071603228,0.964196985676401
"NAP1L5",-0.889511243793373,0.385097033166383
"ADGRF1",1.57748251489981,0.131552736116189
"SELENOH",1.6768306114001,0.110314086910436
"WFDC10B",-0.198160852822797,0.845070512801893
"AQP11",-0.739018636098138,0.469126577985991
"RAB40AL",0.644812129854483,0.52692845601961
"POC1B",-2.95529159132554,0.00826287740707989
"ZNF311",-1.00453376162139,0.328021056992625
"FUOM",0.228219891816962,0.821967296904152
"JAKMIP3",-2.02332468588064,0.0576624819588364
"STK32C",-0.294548940190389,0.771603014040712
"BLOC1S2",-0.292998415411258,0.772769493081915
"MKX",-1.39920945652592,0.178217829167272
"CSNK2A3",0.183205453906566,0.856620541625344
"MAJIN",1.27890196828605,0.216669519749367
"SLC25A45",0.757151931763249,0.458450661087759
"BCL9L",0.917016814928898,0.370880199526078
"PGM2L1",1.55531427546021,0.136734480546012
"KLHL35",-1.08640474938641,0.291189477012609
"KCTD21",0.105606581780497,0.917025926449491
"CRACR2B",1.29440492003453,0.211377432987275
"TMEM80",2.47423538596139,0.0231842020685161
"CCDC88B",1.38640407521308,0.182030742072538
"TTC9C",0.839096171478795,0.412078077259778
"RCOR2",0.506975797453158,0.618133837922789
"HARBI1",-0.020951168042088,0.983507896078084
"IGSF22",-0.15300348301219,0.880044385096008
"OTOGL",-1.63328436507058,0.119234649544139
"CD163L1",-2.20581375065457,0.0402002225174727
"ZNF740",1.18955841202129,0.249194742658449
"RASSF3",0.101812663982021,0.919995734863766
"B4GALNT3",0.293569007858889,0.772340164501886
"ANKRD52",0.224748676782223,0.82462716983164
"SPRYD4",0.0623513676711439,0.950948663390374
"MORN3",1.12786723008973,0.273725648068012
"DPY19L2",0.720204586453386,0.480359139789761
"GAS2L3",-1.31768432997003,0.203621421284029
"HECTD4",0.363307418314443,0.7204745323343
"GATC",-1.32397291841308,0.201565149324895
"CHAMP1",0.285900338603405,0.778116522697963
"KCNRG",-0.402300658394479,0.692051811005299
"SLC46A3",0.215644921930981,0.831613347126094
"TMED8",-0.153914938427773,0.879335703368525
"FAM177A1",-0.384056104812069,0.705295255557929
"CEP170B",-1.31634461973636,0.204061614097367
"TEDC1",-0.524101736393969,0.606402055120058
"PRTG",-0.386813273926018,0.703287528316563
"SAXO2",0.861089847984641,0.400161126873055
"FAM98B",-1.44128373824424,0.166141136362719
"PLA2G4D",0.0243806833447586,0.980808812919456
"NOMO2",-0.368921845693717,0.716355037781696
"CES4A",2.25721270578533,0.0362410807270427
"NPW",-0.372618391835291,0.713647618240833
"BRICD5",0.888932358983542,0.38540007095906
"PGP",-1.59783370419208,0.126941685989114
"INO80E",-0.400771201773551,0.693158187555242
"NUDT7",2.19467484423235,0.0411089590971977
"HID1",1.29190645590736,0.21222341165029
"TSEN54",2.56609334219862,0.0191145373200576
"UBALD2",1.4562593599586,0.162006602470741
"CCDC57",0.919278792129888,0.369726923552561
"HEXD",0.405036999012494,0.690074175383026
"VMO1",-0.168443469499531,0.868053899687308
"C17orf58",1.09960926200048,0.285541723779685
"CDRT4",-0.519847039294193,0.609306584470208
"KANSL1",0.621367539764784,0.541904510982025
"TTLL6",1.4170167189695,0.173022769359509
"NEK8",2.56472411755716,0.0191699124644358
"PIGW",-0.538703352278798,0.596485373265301
"CISD3",-1.1931379718237,0.247824008946288
"SLC13A5",-0.58613029744162,0.564838807984842
"CAVIN1",-1.04894639817529,0.307651825511754
"SLC26A11",0.573383678895725,0.57325794463816
"ENDOV",-0.15383501336639,0.879397843132106
"GDPD1",0.755390609699174,0.45948112960166
"NDUFAF8",-0.776166486939439,0.447415738719573
"LGALS9B",0.93159736436838,0.363488653284354
"METRNL",-0.150475326300966,0.882010639244139
"LAMA1",0.824554181993025,0.420081302209228
"KCTD1",-0.938999577592426,0.359774551051639
"DYNAP",-0.885368487630376,0.387269178713013
"SSC5D",0.839969260472546,0.411600702416184
"ZIK1",0.0618089397824077,0.9513748124159
"ZNF776",2.32731404921403,0.0314194460297002
"ZNF780A",-0.140312979655173,0.889922138426658
"PRR19",0.288544818015769,0.776123072597397
"TMEM145",0.15253606815227,0.880407853432192
"CXCL17",2.51707803543607,0.0211939327857524
"LYPD5",-2.0671204646171,0.0529385695173236
"MAMSTR",0.322903647765891,0.750372604551908
"EMC10",2.04359562323718,0.0554307373473919
"ZNF615",0.729713597135964,0.474662227380979
"ZNF841",0.830346994129648,0.416881426876525
"ZNF763",0.716894333213849,0.482351764538218
"ZNF844",-0.0970288923207417,0.923742099481521
"WDR62",-2.4946234755142,0.0222161107195438
"ZFP82",-0.64398104953909,0.52745540561983
"NWD1",0.305623526538354,0.763287867342674
"SLC25A42",1.51025197522624,0.147793235087635
"ZNF493",-0.0866826527984741,0.9318508044086
"ZNF875",-1.97674606573018,0.0630993152697621
"TAFA3",-0.536747239970458,0.597809222346083
"THEM5",-0.821303203535751,0.421883926311598
"NBPF15",-0.544488105991389,0.592578871552516
"CYB561D1",3.63204149353562,0.00182648252196404
"ANKRD34A",-2.00536388394954,0.0597070464064689
"ZNF326",-0.512394609316165,0.61441016729694
"BTBD8",0.696851405882558,0.494520056906884
"RIMKLA",0.190956357213098,0.850630205922369
"SLC25A34",0.281003932434596,0.781811676743842
"C20orf204",0.0022644508963011,0.998217359292635
"SEC14L4",0.871696324324001,0.394495063047634
"CCDC150",-1.01878656990248,0.321383243955205
"RNF149",-1.06514458878432,0.300452746532782
"ALKAL2",-1.03578151031655,0.313593180788964
"IAH1",-0.368787265762966,0.716453679762268
"DUSP28",-0.0939900087860716,0.926122928974349
"SLC9A9",-0.402958036885578,0.69157649564951
"EOGT",-1.52145597639292,0.144976683046008
"C3orf38",0.552896831000343,0.586923122447285
"ZNF619",0.751688776367784,0.461651472729447
"ZNF621",-0.269721464471325,0.790346362353735
"RABL3",-1.24456950283549,0.22875578710685
"IGSF10",0.203215597497282,0.84117473914896
"C3orf33",-0.819046940692629,0.423137875262986
"CCDC66",-0.188106745867488,0.852831482573247
"TCAIM",0.186805564516532,0.853837037129503
"ZNF660",-0.860012831054349,0.400739426199758
"SUMF1",-0.0299294886364018,0.976442333010115
"RPUSD3",-0.408074667055234,0.687881442002751
"PRRT3",-0.0504606914554992,0.960293617588966
"DPH3",-0.733065863021001,0.472663471972363
"C3orf70",-0.671294139854726,0.510290843662858
"TPRG1",-2.04381294711784,0.0554072384056924
"CYP4V2",0.896470257767633,0.381466435206538
"DOK7",2.95848200554016,0.00820530707947155
"RNF212",-0.526151655710946,0.605005044435851
"COX18",-0.979926909879177,0.339706200916613
"FRYL",-0.0182103565206002,0.985665106933673
"RNF175",0.843162262476419,0.409857905725973
"STPG2",-0.658362161106461,0.51837819659822
"SH3PXD2B",-1.45698002977261,0.161809774090865
"ARL10",0.0224420151627116,0.982334548576573
"KIAA0825",-1.94519779551891,0.0670376982157538
"DTWD2",0.149765578707529,0.882562782015257
"RELL2",2.02403018063199,0.0575834720421925
"KIF4B",-3.49437618965576,0.00249059150221547
"RNF180",0.95555979969964,0.351559091165732
"SREK1IP1",-1.54787226246699,0.138511801055103
"RGMB",-0.261109794483258,0.796879138840368
"CEP57L1",-2.98556308746051,0.00773201336229699
"PPIL6",1.79500358748828,0.0889330636897979
"DCBLD1",0.472977375595651,0.641736399949135
"RPL7L1",-0.83573258281519,0.413920490774414
"TCAF2",0.0699310180516826,0.944995491115659
"ZNF775",0.802910775843632,0.432174436715739
"ATG9B",-0.0196435735462181,0.984537049402098
"ZNF789",1.50991531044482,0.147878564115855
"LSMEM1",0.335800190196234,0.740782526498286
"XKR6",0.297979806227781,0.769023920420494
"NSMCE2",-0.758969942246208,0.457388499173205
"ZNF707",1.50859729511012,0.148213012266411
"FAM83H",1.32830825662792,0.200157126566757
"ZFP41",1.29434693050801,0.211397038262814
"SCARA5",0.0549061399974488,0.956799146642606
"TRIQK",0.18387485422958,0.85610283278181
"DPY19L4",-1.0883282624895,0.290361739455448
"FBXO43",-3.3768825028563,0.0032424154267777
"SCAI",-1.49964980657838,0.150500007935404
"PAXX",-0.801876461619204,0.432757772992561
"TPRN",-0.49073519304126,0.629357428322003
"TUSC1",-1.02676496273593,0.317709255113563
"LURAP1L",-0.949378160319246,0.354610623468614
"ATP11C",-2.60392427897774,0.0176430507171281
"YIPF6",-0.311926502951575,0.758568487499757
"FAM133A",-1.27446812409189,0.218201885248129
"TMSB15B",0.0166108034093837,0.98692412092037
"P2RY8",1.64160024398207,0.117485292141391
"ILDR1",1.80477193826022,0.0873387700233813
"STON1-GTF2A1L",-2.07558426758165,0.0520669941396139
"LIN9",-1.26330246642488,0.22209813419713
"TRIM59",-2.73338108299826,0.0133796075733141
"KRT6C",-0.87971714376807,0.3902453263804
"EIF4E3",1.97130576730051,0.0637633574437564
"FAM149B1",0.593030722442638,0.560308073157339
"RFESD",-0.651139725663555,0.522925976157819
"DHRS4L2",-0.332754526458973,0.743043470692913
"DDX51",-0.253481437671862,0.80267889036818
"RAB37",2.28333759377973,0.0343694488890033
"MMAB",1.87303815920801,0.0768783883775149
"PPM1J",0.157297303733526,0.876706740345342
"SNAI3",1.64732377143541,0.116293972108479
"UBAC2",-0.692055970018788,0.497457568179437
"CHSY3",1.20214748347474,0.244399252764176
"S100A7A",-0.269051921356446,0.790853710576148
"IFNE",-1.33624655452663,0.197599096504851
"RAB7B",0.666110270053237,0.513524115697417
"ANO9",3.03711360857114,0.00690308927384489
"LUZP2",-0.849388878327594,0.406472992257464
"ANKRD13D",0.419542354022226,0.679629233305747
"ANKRD42",-0.999781043356147,0.330255754723103
"B4GALNT4",0.221249746202231,0.827310488056943
"C1QL4",-0.530400180325056,0.602114677610866
"KRT79",-1.0605605826607,0.302477621562657
"PRSS53",-0.913479016907125,0.372688797452252
"RAB43",1.61517663015892,0.123120340159504
"JMJD8",-1.07682993738716,0.295335310587922
"METTL2A",0.00204345882067948,0.998391330325331
"OXLD1",0.277741795554346,0.784276470966247
"ARL16",1.18359565481656,0.251490804002922
"MSL1",-0.630370487050324,0.536126464353593
"ZNF181",-1.81301344961564,0.086013131303768
"ZNF260",-0.440002751174171,0.665009084937993
"ZNF546",-2.78617210783531,0.0119401920535938
"MYPOP",0.377575515978291,0.710023051971494
"ADAMTSL5",-1.38017900195159,0.183907824879479
"LINGO4",0.021176044886198,0.983330907795639
"C1orf174",0.157254708487271,0.876739838662293
"KLHL17",0.915266757794797,0.371774128064263
"TMEM52",0.813808688403869,0.426058199247047
"BRINP3",0.56566787900921,0.57838535927939
"ZBTB8OS",-2.00515282473048,0.0597314542955885
"TFAP2E",2.48855180246507,0.0225003669808186
"CCDC190",-0.331653327023537,0.743861536700335
"ARMH1",0.535696535342638,0.598520909608159
"ZFP69",-2.32842091075893,0.0313483177667727
"SLC35E4",-0.527911446256779,0.603807002392318
"SPOPL",-0.616457079514554,0.545070141590812
"CYP27C1",-0.634200901838426,0.533678337277015
"ESPNL",0.338536608171971,0.738753214457047
"NAT8L",-1.37710216578947,0.184841312899541
"ANKRD34B",0.658630632680884,0.518209574490588
"SLC35D3",-0.415721013756414,0.682374541886523
"ZC3H12D",0.59451289804551,0.559337386608778
"MYLK4",1.40709152266367,0.175903024248148
"ZNF680",0.848106754737661,0.407168500508456
"UNCX",-0.594689127180515,0.559222031774807
"COL28A1",0.757867975531882,0.458032138127168
"FAM221A",2.03708181009342,0.0561392490919688
"TSPAN33",1.54282525436312,0.139728066141293
"NRBP2",1.22071823608058,0.237453664033853
"WDR97",-0.837148917000844,0.413144048114687
"ZDHHC21",-0.920453530288427,0.36912893236313
"ACER2",-0.189257900162837,0.851942084846825
"RTL5",0.40338032017268,0.691271234472772
"BEX5",-3.01054709296427,0.00731889020775639
"VSIG1",-1.08741297758125,0.290755396370754
"ZC3H12B",-1.09222409610163,0.288690514199593
"VWA2",1.61244038700339,0.123716712640439
"NANOS1",-1.50188961178659,0.149924794376087
"FREM2",2.13671081709993,0.0461485271155911
"GLDN",0.730230535844431,0.474353680498049
"GOLGA6A",0.869519230701085,0.395653781298252
"ZNF774",0.112603614581717,0.911552097958543
"FMN1",0.747675754197325,0.464011248995242
"ZKSCAN2",1.68303669904605,0.109090341348596
"ATXN1L",-0.0680985446224411,0.946434452491687
"STAC2",-2.16349824755307,0.0437533304424815
"NCCRP1",-0.438557031559774,0.666037708153028
"ZNF404",-2.09891595215491,0.0497311992783723
"ZSCAN22",0.124483555281399,0.902268881266116
"CCDC18",-0.802454990516822,0.432431431403623
"MYBPHL",1.19254809983781,0.248049496981508
"FOXI3",0.0757467939408969,0.940429927093575
"AADACL2",-0.214212533072942,0.832713884111828
"ZNF860",1.16681458766314,0.258038297127861
"ATP13A5",-0.625966832645422,0.538948509531811
"SOWAHB",1.6583769171994,0.114022374012522
"LRIT3",-0.303100706242848,0.765179523350987
"HSD17B13",-2.41970542888371,0.0259714984288689
"FAM174A",-2.33324743813236,0.0310399017448554
"MTX3",-2.08425718821634,0.0511873698182208
"RSPH4A",0.875837039246616,0.392297381852834
"ZNF391",0.278780249243673,0.783491584085655
"MACC1",2.97301915701257,0.00794786208187951
"OR2A1",0.553051381895674,0.586819424456905
"KLRG2",-0.788144456183705,0.440549050888297
"SLC10A5",-0.0622576273871997,0.951022307730494
"KIF24",-0.453432284678001,0.655486860519459
"CAVIN4",-2.69106979959756,0.0146515120179983
"ZNF81",-1.36303023936056,0.189159055848637
"LANCL3",1.0256381476676,0.318226331264329
"ARSH",2.61873426523251,0.0170967579280187
"CATSPER3",-0.0785569929195164,0.938224583055047
"TUBB2B",-0.232816841171511,0.818448224180498
"SLC35B2",0.555210387878349,0.585371772040118
"SERINC2",0.976096181573505,0.341551007636261
"GATD1",0.766121964012153,0.453224512536568
"AMIGO2",-2.88948092174809,0.00954125520539297
"RBPMS2",-0.505030570147664,0.619473150492015
"ANKDD1A",1.13749183158857,0.269784770588901
"ARPIN",0.450375975956519,0.657648693415421
"CTU2",-0.503179525173262,0.62074888811863
"SKA2",-1.08465422571549,0.291944263927629
"MCRIP1",0.891647456380793,0.383980121561136
"ZNF530",0.95467889151862,0.351992843682825
"SHISAL2A",0.883617435947623,0.388189723696348
"GEN1",-2.76019402077298,0.0126289389783064
"WDR53",-2.25668676595743,0.0362797072749523
"NUP43",-0.789297157331174,0.4398916996738
"ZNF713",-0.311268844660379,0.759060460844391
"NMNAT3",-0.303875850124458,0.764598144520134
"RTN4RL2",0.142476321409788,0.88823692881208
"DNAAF3",0.931657361872641,0.363458445172813
"RAET1G",-0.192904852382505,0.8491257502241
"RILPL1",-1.24452382959723,0.228772205269887
"SLCO4C1",0.456346357837921,0.653428541403757
"ZNF445",-0.225116559590573,0.824345169951983
"ANKRD37",0.0345532557503301,0.972804364095683
"ZNF233",-2.95061674867465,0.00834793986780735
"TICAM2",-1.65003441180365,0.115733359946396
"POLN",1.62770859960618,0.120419914645953
"RFLNB",-1.64573899375719,0.116622802462343
"IRF2BP2",1.9443854311388,0.0671419419506732
"ZBTB41",-1.43357327002483,0.168303136617937
"GSTK1",1.40796220401503,0.175648816926651
"DND1",0.265332844355983,0.793673592488525
"NDUFS7",-3.67147852136626,0.00167095563270398
"NHLRC2",-1.52970468725832,0.142931608288097
"GALNT18",1.06142891889913,0.302093302314258
"NCR3LG1",-0.894568388265903,0.382456398492418
"FAM111B",-0.713444319958239,0.48443368516761
"TMEM179B",0.358708028181707,0.723855823764288
"KRT77",0.101249512748919,0.920436663269788
"ASPG",1.0602755607526,0.302603846864318
"TEX9",1.42462240244272,0.170841542927958
"KIF7",0.79689215019314,0.43557575202773
"ZNF710",1.69425724777134,0.106907295194754
"HDDC3",-0.574600323044411,0.572451576688268
"LRRC37A3",1.0461441981335,0.308909668754203
"ATP9B",0.326261377138879,0.74787164468091
"HSD11B1L",0.443407209386363,0.662589525585511
"ZNF699",-2.27797774386438,0.034746001939731
"TMEM205",0.623086180485194,0.540798903166711
"YJEFN3",-0.578437938296544,0.56991190674068
"SBSN",-0.701855484655684,0.491465469055189
"ZNF829",-2.78878315518242,0.0118729914583824
"ZNF568",-2.88774824156096,0.00957736579447481
"B3GNT8",0.87400002455082,0.393271382671966
"IGFL1",-1.40566155392902,0.176321167204518
"ZSWIM9",-0.741329425208755,0.467757881150294
"ZNF773",1.48395601221203,0.154581626739078
"SVBP",-0.637865327791328,0.531342032281297
"MIGA1",-1.32981443540728,0.199669775355815
"PEAR1",-1.4429713048497,0.165670972604455
"SFT2D2",0.620242432610349,0.542628957141957
"MIA3",0.989234172799808,0.335252851470993
"FAM89A",-0.581741178852474,0.567730544336974
"PFN4",-0.686869938936447,0.500645634277081
"ANKRD36",0.432924871902645,0.670051438127168
"RBM43",0.0658130957115367,0.948229380274835
"STIMATE",0.317727218557706,0.754233759690915
"NRROS",-0.0860951481470554,0.932311490582062
"C5orf34",-1.85847445368929,0.0790125715950181
"MAST4",-0.503230283381791,0.620713889136225
"SIMC1",0.065804490982868,0.948236138732239
"GJB7",0.0801120804915824,0.937004424974152
"VWC2",-0.969755741244944,0.34461966756998
"ENHO",1.81696453153279,0.0853838627664705
"PTAR1",-1.48522118770437,0.154249242648391
"ERCC6L2",-0.941467503312224,0.358542008180394
"PNPLA7",1.00753369485935,0.326615984832164
"AGRN",0.912211014702017,0.373338464687079
"CYSRT1",0.0467281748556925,0.963228309101365
"RAB15",0.289052354728489,0.775740665499727
"SLC27A1",0.952049182465125,0.353289873146205
"ZC3H6",0.0202552189362661,0.984055645136395
"CA13",-0.15567497214139,0.877967525220003
"TRIM74",0.35113023256038,0.729439436533575
"CENPS",0.607632842656296,0.550783748675256
"NHLRC1",0.707107616304479,0.488271290004128
"KCTD8",0.532293621779262,0.600828700209076
"AMIGO3",0.105650409705599,0.916991625998314
"ZKSCAN4",-0.0275814742210391,0.978289953400294
"SUMO4",-0.855908345168982,0.402948289065465
"CENPW",-1.48824824429682,0.153456365593291
"CEP85L",-3.61070673735814,0.00191652316494998
"NSUN4",-0.896976364159146,0.381203283085837
"RASL11A",-0.053699177886119,0.957747827627615
"GPR153",-1.27293289994529,0.218734428844832
"SKIDA1",-2.30946154837712,0.032587537406575
"WASHC2A",0.134702997206562,0.894294716691574
"SLC16A12",-0.494629033931207,0.626657864589328
"REP15",-0.703695829963203,0.490344849356053
"C12orf75",-0.268416992165437,0.791334918636773
"KMT5A",-3.40922092731155,0.00301563341320367
"SHISA2",1.42055345716784,0.172005684539084
"NHLRC3",1.07206200236603,0.297415685141724
"SERP2",0.384145062755111,0.705230442990082
"TOMM20L",1.99655271190843,0.0607336556065961
"CCDC9B",1.44991242841166,0.163748523143173
"TNFAIP8L3",-0.5424460268244,0.593956457440664
"C2CD4B",1.57751893531206,0.131544360300042
"INSYN1",-0.627592230154569,0.537905949342917
"SBK1",3.17880266131267,0.00504509304461822
"C16orf87",-1.92997517300166,0.0690152154482166
"C17orf100",0.69400101331641,0.496264893590957
"TMEM220",-1.62394861381213,0.12122481255927
"LRRC75A",1.64311590592448,0.117168811035568
"YPEL2",2.222830317745,0.0388475000834652
"RGS9BP",-0.877019549421927,0.391671243217838
"KRTDAP",-1.10532955739521,0.283120100123763
"ZNF790",-1.16556366064338,0.258531452608088
"IGFL3",-1.31711578739769,0.203808137675027
"ZNF808",0.0536538321152183,0.957783471004694
"ZNF761",1.31259252864442,0.205298438509243
"ZNF470",-0.0903734788646502,0.928957250291017
"ZNF749",-1.22298884774491,0.236614890679841
"ZNF324B",0.756896787915561,0.458599847090821
"C1QTNF12",-1.13461089297678,0.270959956110886
"HES5",0.11405583744237,0.910416573388785
"RNF207",-0.752262857047609,0.461314490198837
"CD164L2",2.56611540822445,0.0191136461492408
"DIPK1A",-1.82938700608566,0.083431558114731
"NOTCH2NLA",0.0626594462881184,0.950706633542448
"LYSMD1",-0.391895981187434,0.699592253859768
"C1orf53",1.37790820958713,0.18459639949004
"COA6",-0.262064888707756,0.796153838520457
"LRRC75B",0.120404487980725,0.905454783886846
"BOLA3",-0.711382453833844,0.485680437535027
"C2orf68",-0.278732493791853,0.78352767351685
"SLC9A4",-0.514458371330439,0.612994818802114
"SP5",-0.23836502697042,0.814206231787143
"PLEKHM3",1.59660784229562,0.127215533078921
"SNORC",-2.13706109948599,0.0461164504357087
"ZNF662",0.892934182026548,0.383308397833203
"INKA1",-1.65669958525961,0.114364641892227
"MUSTN1",1.60702847213728,0.124903440542061
"BEND4",-2.05147794865797,0.0545841545229707
"ANXA2R",1.36818349217068,0.18756861318032
"C5orf46",0.265072368920074,0.793871200366769
"ARHGEF37",0.787781233505436,0.440756312240134
"PSMG4",0.816041939250035,0.424811608957811
"SFTA2",2.40179230471895,0.0269535145352668
"CLPSL2",1.46569481592743,0.159445034676507
"LIN28B",1.36149087878254,0.189636228233891
"SAMD5",0.168340911569858,0.868133439908561
"IYD",1.93731799720689,0.0680549502860719
"GTF2IRD2B",0.358909222090929,0.723707791206657
"LAMTOR4",2.10258469695423,0.0493726799990262
"ALKAL1",0.189031276103256,0.852117161656737
"RBM12B",-1.04634621925636,0.308818863212253
"IER5L",1.37616714139143,0.185125742449803
"LRRC26",-0.543222387141922,0.593432538208101
"MAP3K15",-1.33370047035307,0.198416710454381
"UBE2NL",-0.789416163161431,0.439823868892769
"CSAG3",-1.22897993226233,0.234412642462582
"GDPGP1",-1.9058784931326,0.0722515750179939
"ZNF793",-2.1810218816992,0.0422484530877219
"ACP7",-0.088976602499822,0.93005226377744
"ZNF805",-0.462540329254146,0.649062993098382
"FRRS1",-0.00590282965059051,0.995353147412936
"VSIG8",-1.28927098628011,0.213118646452617
"PTRHD1",-0.788798516052477,0.440175985188679
"GLOD5",2.2989116243177,0.033296598116183
"AGMO",0.79622592010152,0.435953284725702
"MUC21",1.48951810024299,0.15312475195998
"TMEM200B",-1.46490477619983,0.159658238225034
"SLC25A35",1.50402308186876,0.149378577521498
"MEX3D",-0.824945786590128,0.419864493659569
"HEATR4",0.110418530735103,0.913261030146492
"MYO18A",-0.426980199475202,0.67429896650591
"CCDC187",0.386167249630867,0.703757752863549
"SHC4",0.253402055268471,0.802739306440636
"EEF1AKMT2",-2.02138996293354,0.0578796562512744
"PATE2",0.00454103328842612,0.996425178051307
"SNX19",2.54955372296031,0.0197936714951636
"C12orf76",-0.0456964801026139,0.964039576170286
"FAM174B",1.69490391026048,0.106782630985195
"KNOP1",0.0316325446786329,0.975102306523153
"MED11",1.48027190607853,0.155552860984368
"TEX19",-1.82141379038967,0.0846800748429206
"VMAC",0.762444615586226,0.455362607432633
"ZNF772",-1.18709323212013,0.250142072776274
"NBPF9",-1.80195357193397,0.0877961763037375
"FAM177B",0.0732708956043746,0.942373334338165
"LRRC74B",0.156820635188535,0.877077145359966
"CHCHD10",-2.09943901262602,0.0496799405280254
"RGPD1",-1.81300598734644,0.0860143236059922
"ANKRD36C",1.08477262585918,0.29189316759692
"FSIP2",1.63451047395715,0.118975340769238
"C2orf66",0.220999586717949,0.827502418581259
"AMTN",-0.77742866705278,0.446689068922757
"RGS7BP",1.67965204687695,0.109756295783477
"SAPCD1",0.580225994862014,0.568730589908924
"OR2A7",0.679358989533396,0.505283642069897
"HACD4",-0.273264235358764,0.787663423375441
"CENPP",-1.63659761448734,0.118535033006182
"C9orf152",1.39923664744088,0.178209801767009
"GOLGA7B",0.810170734498898,0.428093828582979
"FIGNL2",-0.464077514402412,0.64798158577405
"SRRD",-2.16814563512007,0.0433495258636176
"OR2A42",0.682103099971079,0.503586319700556
"XKRX",2.69521296270751,0.0145220471706211
"UFSP1",1.73586846655753,0.0991356971653443
"PLPP6",-0.526690181240031,0.604638300918073
"CUEDC1",0.631410902274228,0.535460900472906
"SPINK6",0.172904064286919,0.864595834265647
"CTXN1",-0.348455797836986,0.73141379664803
"YY2",-2.28410266647556,0.0343160076909769
"C16orf74",-0.488189621314305,0.631125155270272
"GTF2H5",-1.84238035269168,0.081431491170184
"ANKHD1-EIF4EBP3",2.14245382141937,0.0456251747352036
"NOMO3",0.446799188371258,0.660182620029455
"CCL3L3",1.92396052750891,0.0698107374458691
"ACBD7",-1.83186578218018,0.0830467092703863
"AGAP6",0.272841680793878,0.787983281296322
"IDNK",-0.310923374545278,0.759318938413752
"BLID",-0.73889941282472,0.46919725977252
"DENND6B",0.504045519328508,0.620151892100173
"C8orf82",0.582828353757643,0.567013553377784
"PIM3",0.0468098452150884,0.963164089845448
"STX19",1.74369953032778,0.097728914581491
"MXRA7",-0.505667536945241,0.619034440266646
"TMEM41B",-0.175820123915064,0.862336677866475
"PLEKHG7",0.320515758832461,0.752152923190596
"ALG11",0.11288111122745,0.911335102118943
"MZT1",-2.09555181493689,0.0500620250257988
"CCDC88C",0.0929985854826942,0.926899820938347
"GOLGA8B",-0.868631701405377,0.396126790501375
"EIF2AK4",-0.541238650626881,0.594771698350046
"GOLGA6L9",0.590869159488791,0.561725277137087
"NPIPB15",1.42384298602166,0.171064041415902
"NPIPB7",0.709423783775208,0.486866529015293
"NPIPB12",0.917299153070459,0.3707361166864
"CTRB2",0.228911206243688,0.821437829681708
"RNASEK",-0.122011763582138,0.904199242323852
"PLIN5",-0.871623158667199,0.394533968017389
"ZNF506",-0.793776141980673,0.437343255836406
"HNRNPCL2",-0.703548767413073,0.490434343711407
"ZYG11A",-0.0601614517261006,0.952669224465005
"BCL2L15",1.08290360410516,0.292700514854448
"NUDT4B",-0.282419172297412,0.780743090242583
"RHEX",1.52793915296682,0.143367305377927
"MAP1LC3C",-0.667067776627551,0.512926033694299
"MTHFD2L",-1.69865285962485,0.106062358162397
"SPDYE2",-0.258672232768684,0.798731087177912
"AKR1B15",-2.02897357610647,0.0570325759004437
"CTAGE15",3.22438545918932,0.00455865076915859
"OR4F21",-0.153918799879344,0.879332701205556
"NRARP",0.225823497003745,0.823803337326413
"RTL8B",-1.17131139023865,0.256271343733705
"PGAM4",-1.8602197484123,0.0787540930497274
"CDNF",-0.763369034719681,0.454824551282292
"PTCHD4",1.14312101751483,0.267499455154758
"ARHGEF35",1.21854837535733,0.238257341808642
"SULT1A4",1.11490066060333,0.279102019430993
"TRIM6-TRIM34",-0.997840178964298,0.331171397338542
"KPRP",-0.560183381669342,0.582044136869935
"LRRC37A2",0.882225782162924,0.388922357828772
"SPIN2B",-1.3691185687486,0.187281169560087
"F8A2",-0.373109779714758,0.713288009375273
"IGIP",0.500857672931093,0.622350852515886
"COA5",0.802607573140901,0.432345386984249
"CISD2",-2.44971810404974,0.0244007925650553
"EID3",-2.16712027288265,0.0434383242163561
"GPX8",-1.00219109045091,0.329121236081875
"PHOSPHO2",-0.624257532369499,0.540046068069888
"CHAC2",-1.88164604186829,0.0756410148050139
"PJVK",1.45437958553883,0.162520924202858
"C18orf32",-1.42055564854446,0.172005055853
"LURAP1",-0.236267383165358,0.815809347833163
"C8orf58",0.874180804728355,0.39317546119769
"SLX1A",0.241094090782196,0.81212181669011
"CKMT1A",-0.38317354314926,0.705938393612838
"POLR2J3",0.767876078613979,0.452206793920502
"DNAJC25",-2.5909727466335,0.0181343088603965
"CCDC157",0.413400510898128,0.68404385230777
"NBDY",-1.25252461569194,0.225909991373878
"ATXN7L3B",-0.422515425970558,0.677496507063553
"BOLA2",-1.27507131907612,0.217992923094015
"PEF1",1.17540840187166,0.254669413754017
"FBXO48",-0.428421194850934,0.673268321621657
"CYB5RL",1.82741908524992,0.08373820456618
"NPIPB13",0.991414071613852,0.334215717693128
"SERINC4",0.684348319941338,0.50220000427913
"FAM229B",0.205192618528602,0.839652155578615
"ZNF704",1.5023613113537,0.149803886833028
"ZNF674",-0.473099607698623,0.641650816843718
"ACOT1",0.21784104472106,0.829926710550783
"TMEM91",0.724746117486712,0.477633257317979
"ECSCR",-0.690710109123525,0.498283798360762
"FAM110C",0.018868058655652,0.98514743824452
"MROH6",1.74475032171739,0.0975414681666262
"SMIM15",-1.89755486798912,0.0734003508256123
"C15orf62",1.28848818911111,0.213385119976903
"ZFP62",1.30950750937093,0.206319782587111
"TMPPE",1.03807129132953,0.312553962569945
"CBLN3",2.04678280934982,0.0550870097241499
"FAM25C",-1.33838962137366,0.196912971641659
"SDHAF1",0.00606548336833645,0.995225104040997
"WIPF3",0.837459069144498,0.412974145592353
"MEIG1",-1.13915606263534,0.269107627904887
"RASSF10",-0.722829399143209,0.478782576923887
"ARRDC5",0.923185879585264,0.367740570890934
"HRCT1",-0.060723555640827,0.952227570631905
"CASTOR1",0.195463344451575,0.847151212721242
"ZBTB8A",-1.19799536239315,0.245973093913692
"ANXA8",-0.784973654459215,0.442360407086778
"ASAH2B",-0.653754946331338,0.52127668208491
"NCF1",1.18310347402231,0.251681037963549
"LGALS7B",-0.179468002972699,0.859512277110439
"PHLDB3",-0.594632599507218,0.559259031901882
"GSTT2B",0.47353955080521,0.641342825063972
"FAM72B",-1.4269113300026,0.170189482776417
"NME1-NME2",-1.11786266664527,0.277867070708245
"RNF208",0.152413879965601,0.880502873176429
"FAM156B",-1.0248030669921,0.31860992023215
"GXYLT2",1.48242740758032,0.15498400343092
"MROH1",1.54994860996986,0.1380139956632
"ANXA8L1",-1.26571006784927,0.221253473401804
"NUTM2D",-0.254420524701823,0.801964270393843
"RSPH10B2",-0.960910900314896,0.34893212653113
"MAGED4",0.31824790466823,0.753845071298015
"MAGEA9B",-0.260999696070409,0.796962760000334
"D2HGDH",1.71065446536098,0.103784500109177
"POTEF",-0.0499711127791092,0.960678516608172
"DNLZ",-1.36009856396022,0.190068645407377
"SERF1B",-1.46502069942974,0.159626940082278
"CCDC30",0.636428385745519,0.532257504982276
"SLC35E2B",0.818433665063309,0.423479119414858
"EIF3CL",-1.95647409249839,0.0656055228215816
"C1GALT1C1L",-1.70769013068501,0.104343174432412
"FAM72D",-2.49149726892234,0.0223620454172108
"TP53TG3D",-1.03247419705737,0.315098546760084
"GAGE12J",1.25161512120855,0.226233955776707
"GAGE12C",1.13933704688633,0.269034065171942
"GAGE12B",1.22778799864543,0.234849526166107
"GAGE12E",1.11000465044716,0.281152160608474
"CCDC61",-0.083636130623348,0.934239970207642
"RGPD6",0.536682350826449,0.597853162485757
"RGPD2",-1.23831316968681,0.231013215730648
"CRPPA",-1.82955682245267,0.0834051430607695
"GTF2H2C_2",-1.0069598174783,0.326884442726756
"CSKMT",-0.000725974073665712,0.999428491920913
"RELL1",-1.24153442581035,0.229848781783248
"UQCC3",-0.228360267276396,0.821859778359814
"DDTL",-0.737575758102335,0.469982419634353
"SIGLEC14",1.88018430024928,0.0758498915219035
"POM121C",0.110554859911066,0.913154395673716
"ZSCAN30",0.608568713316308,0.550176272158958
"TMEM170B",1.75466808338515,0.0957875423245227
"OST4",-0.341707746394246,0.736403979009967
"ZBTB42",0.957093312917154,0.350804875424344
"KHDC1L",-1.4547199478209,0.162427699584521
"FAM47E",1.06176487332132,0.301944705735308
"PRR32",1.37496800022726,0.18549102757646
"LRRC69",-0.0499664366551703,0.960682192950912
"SYCE1L",1.8194047556599,0.0849972349163913
"TSTD1",1.98874169688361,0.0616569321351843
"NEMP2",0.771603251678706,0.450048974168006
"NPIPB5",1.70475662409086,0.104898580584575
"FAM25G",-1.10699134738517,0.282419430060143
"CD24",1.70467121069277,0.104914790027583
"TEN1",2.11299003818326,0.0483685663189299
"UPK3BL1",1.07053001260812,0.298086377622628
"JMJD7",0.829259867840307,0.417480753086086
"KLLN",-1.2234112041466,0.236459120795149
"EPOP",-0.0519159264245789,0.959149594377361
"TOMM6",-1.10720708699022,0.282328559913407
